had_season_label,alt_title_script,Hours_Viewed_2023,Views_2023,Available_Globally_Ever,Available_Globally_Always,Release_Date_Earliest,n_rows_aggregated,n_distinct_seasons,base_title
FALSE,Korean,10700000,,TRUE,TRUE,2020-09-08,1,1,#Alive
FALSE,none,800000,,FALSE,FALSE,,1,1,#AnneFrank - Parallel Stories
FALSE,Latin,200000,,FALSE,FALSE,,1,1,#AtFirstSight
TRUE,none,2500000,200000,TRUE,TRUE,2020-04-17,2,1,#blackAF
FALSE,Latin,200000,,FALSE,FALSE,,1,1,#FriendButMarried 2
FALSE,Latin,200000,,FALSE,FALSE,,1,1,#FriendButMarried
FALSE,none,1800000,,FALSE,FALSE,,1,1,#LadyRancho
TRUE,Latin,27800000,600000,TRUE,TRUE,2023-02-15,2,1,#NoFilter
FALSE,none,3500000,,TRUE,TRUE,2017-09-08,1,1,#realityhigh
FALSE,none,100000,,TRUE,TRUE,,1,1,#Selfie (2014)
FALSE,none,200000,,TRUE,TRUE,,1,1,#Selfie 69
FALSE,none,1000000,,FALSE,FALSE,,1,1,'71
FALSE,none,400000,,TRUE,TRUE,2021-08-04,1,1,'76
FALSE,none,3100000,,FALSE,FALSE,,1,1,'83
FALSE,none,600000,,FALSE,FALSE,,1,1,(T)Raumschiff Surprise Periode 1
TRUE,none,4800000,400000,TRUE,TRUE,2020-08-12,2,1,(Un)Well
TRUE,none,500000,,FALSE,FALSE,,1,1,1 Kadın 1 Erkek
FALSE,none,1400000,,FALSE,FALSE,,1,1,10 Cloverfield Lane
FALSE,Latin,21700000,,TRUE,TRUE,2023-03-03,1,1,10 Days of a Good Man
FALSE,none,600000,,TRUE,TRUE,,1,1,10 Minute Workouts: Volume 1
FALSE,none,8400000,,FALSE,FALSE,,1,1,10 Minutes Gone
FALSE,Japanese,100000,,FALSE,FALSE,,1,1,10 Promises to My Dog
FALSE,Latin,100000,,FALSE,FALSE,,1,1,10 Rules for Falling in Love
FALSE,none,2600000,,FALSE,FALSE,,1,1,"10,000 B.C. (2008)"
FALSE,none,600000,,FALSE,FALSE,,1,1,100 (2008)
TRUE,Korean,21800000,500000,FALSE,FALSE,,2,1,100 Days My Prince
FALSE,Latin,300000,,FALSE,FALSE,,1,1,100 Days with Tata
TRUE,none,17700000,100000,FALSE,FALSE,,3,2,100 días para enamorarnos
TRUE,none,6200000,500000,TRUE,TRUE,2020-03-13,2,1,100 Humans
FALSE,Latin,1100000,,FALSE,FALSE,,1,1,100 Meters
FALSE,none,500000,300000,FALSE,FALSE,,2,1,100 Things to do Before High School
FALSE,Latin,300000,,FALSE,FALSE,,1,1,100 Things
FALSE,none,200000,,FALSE,FALSE,,1,1,100 Tula Para Kay Stella
FALSE,none,100000,,FALSE,FALSE,,1,1,100% Coco New York
FALSE,none,100000,,FALSE,FALSE,,1,1,100% Coco
FALSE,none,100000,,FALSE,FALSE,,1,1,100% Halal
FALSE,Latin,400000,,TRUE,TRUE,2021-12-24,1,1,1000 Miles from Christmas
FALSE,none,100000,,FALSE,FALSE,,1,1,10x10
FALSE,none,100000,,FALSE,FALSE,,1,1,11:11
FALSE,Latin,700000,,FALSE,FALSE,2022-02-23,1,1,11M: Terror in Madrid
FALSE,none,700000,,FALSE,FALSE,,1,1,12 Gifts of Christmas
FALSE,none,2300000,,FALSE,FALSE,,1,1,12 Mighty Orphans
FALSE,none,2400000,,FALSE,FALSE,,1,1,12 Monkeys (1995)
FALSE,none,13000000,,FALSE,FALSE,,1,1,12 Strong
FALSE,Japanese,100000,,FALSE,FALSE,,1,1,12 Suicidal Teens
FALSE,none,400000,,FALSE,FALSE,,1,1,12 Years a Slave
FALSE,none,100000,,FALSE,FALSE,,1,1,122
TRUE,Latin,9000000,400000,FALSE,FALSE,2019-08-30,2,1,13 Commandments
TRUE,none,2100000,200000,FALSE,FALSE,,2,1,13 DÍAS
FALSE,none,200000,,FALSE,FALSE,,1,1,13 Factors that Saved Apollo 13
FALSE,none,11300000,,FALSE,FALSE,,1,1,13 Going on 30
FALSE,none,300000,,FALSE,FALSE,,1,1,13 Hours that Saved Britain
FALSE,none,17600000,,FALSE,FALSE,,1,1,13 Hours: The Secret Soldiers of Benghazi
FALSE,none,600000,,FALSE,FALSE,,1,1,13 Minutes
TRUE,none,400000,500000,TRUE,TRUE,2017-03-31,4,2,13 Reasons Why: Beyond the Reasons
TRUE,none,149500000,5800000,TRUE,TRUE,2017-03-31,8,4,13 Reasons Why
FALSE,none,1600000,,TRUE,TRUE,2021-12-15,1,1,137 Shots
FALSE,Thai,100000,,FALSE,FALSE,,1,1,13: Game of Death
FALSE,none,3100000,,TRUE,TRUE,2022-08-12,1,1,13: The Musical
FALSE,none,400000,,TRUE,TRUE,2016-10-07,1,1,13TH
FALSE,Chinese_or_Kanji,700000,,FALSE,FALSE,,1,1,14 Blades
FALSE,none,3700000,,TRUE,TRUE,2021-11-29,1,1,14 Peaks: Nothing Is Impossible
FALSE,none,11000000,,FALSE,FALSE,,1,1,1408
FALSE,none,100000,,TRUE,TRUE,2019-03-29,1,1,15 August
FALSE,none,100000,,FALSE,FALSE,,1,1,15 Minutes (2001)
TRUE,none,13100000,2900000,TRUE,TRUE,2023-12-13,1,1,1670
TRUE,Japanese,300000,100000,FALSE,FALSE,,1,1,16bit Sensation: Another Layer
FALSE,none,3000000,,FALSE,FALSE,,1,1,17 Again
TRUE,none,1500000,300000,FALSE,FALSE,,1,1,17.3 About a Sex
TRUE,Korean,14900000,200000,FALSE,FALSE,,2,1,18 Again
FALSE,none,4200000,,FALSE,FALSE,,1,1,18 Pages
FALSE,Latin,900000,,FALSE,FALSE,2020-05-08,1,1,18 Presents
TRUE,Japanese,700000,200000,FALSE,FALSE,,1,1,"18-sai, Niizuma, Furin Shimasu"
TRUE,none,72400000,2800000,TRUE,TRUE,2022-11-17,2,1,1899
TRUE,none,6300000,300000,FALSE,FALSE,,6,3,19-2 (2011)
FALSE,none,3800000,,FALSE,FALSE,,1,1,1917
FALSE,none,8700000,,TRUE,TRUE,2017-10-20,1,1,1922
FALSE,none,400000,,FALSE,FALSE,,1,1,1939 (1989)
FALSE,none,1700000,,FALSE,FALSE,,1,1,1976
FALSE,none,100000,,FALSE,FALSE,,1,1,1981
TRUE,none,3100000,200000,TRUE,TRUE,2018-11-30,2,1,1983
FALSE,Latin,400000,,FALSE,FALSE,,1,1,1987: When the Day Comes
FALSE,none,100000,,FALSE,FALSE,,1,1,1987
TRUE,none,1600000,200000,TRUE,TRUE,2019-05-17,2,1,1994
FALSE,none,100000,,FALSE,FALSE,,1,1,2 Coelhos
FALSE,none,10800000,100000,FALSE,FALSE,,2,1,2 Good 2 Be True
FALSE,none,37100000,,FALSE,FALSE,,1,1,2 Guns
FALSE,none,50000000,,FALSE,FALSE,,1,1,2 Hearts
FALSE,Latin,300000,,FALSE,FALSE,,1,1,2 Soliti Idioti
FALSE,none,400000,,FALSE,FALSE,,1,1,2 Weeks in Lagos
TRUE,Japanese,100000,,FALSE,FALSE,,1,1,2.43: Seiin High School Boys Volleyball Team
FALSE,none,700000,100000,TRUE,TRUE,,2,1,20 Minute Workouts: Volume 1
FALSE,Arabic,100000,,FALSE,FALSE,,1,1,200 Meters
FALSE,Korean,700000,,FALSE,FALSE,,1,1,200 Pounds Beauty
FALSE,none,18200000,,FALSE,FALSE,,1,1,2012
FALSE,Korean,100000,,FALSE,FALSE,,1,1,2020 Trot Awards
TRUE,Arabic,1400000,,FALSE,FALSE,,1,1,2020
FALSE,none,100000,,FALSE,FALSE,,1,1,2067
FALSE,Korean,11900000,,TRUE,TRUE,2022-10-21,1,1,20th Century Girl
FALSE,none,2000000,,FALSE,FALSE,,1,1,21 & Over
FALSE,none,11100000,,FALSE,FALSE,,1,1,21 (2008)
FALSE,none,2400000,,FALSE,FALSE,2020-07-24,1,1,21 Bridges
FALSE,none,100000,,FALSE,FALSE,,1,1,21 Grams
FALSE,none,16200000,,FALSE,FALSE,,1,1,21 Jump Street (2012)
FALSE,none,2600000,,FALSE,FALSE,,1,1,211
FALSE,Latin,200000,,FALSE,FALSE,,1,1,212 Warrior
FALSE,Latin,200000,,FALSE,FALSE,,1,1,22 Bullets
FALSE,none,6900000,,TRUE,TRUE,2018-10-10,1,1,22 July
FALSE,none,800000,,FALSE,FALSE,,1,1,22 Jump Street
FALSE,none,1100000,,FALSE,FALSE,,1,1,23 Walks
TRUE,none,4700000,100000,FALSE,FALSE,,7,6,24 Hours in A&E
FALSE,none,1100000,,FALSE,FALSE,,1,1,24 Hours to Live
FALSE,none,300000,,FALSE,FALSE,,1,1,25 KM/H
FALSE,Korean,100000,,FALSE,FALSE,,1,1,26 Years
FALSE,none,300000,,FALSE,FALSE,,1,1,27: Gone Too Soon
TRUE,none,16100000,1400000,TRUE,TRUE,2022-10-21,2,1,28 Days Haunted
FALSE,none,4400000,,FALSE,FALSE,,1,1,28 Days
TRUE,Thai,2000000,,FALSE,FALSE,,1,1,2gether The Series
FALSE,Latin,100000,,FALSE,FALSE,,1,1,3 Days to Forever
FALSE,none,100000,,FALSE,FALSE,,1,1,3 Days to Kill
FALSE,none,700000,,FALSE,FALSE,,1,1,3 From Hell
FALSE,none,1800000,,FALSE,FALSE,,1,1,3 idiotas
FALSE,Devanagari,2700000,,TRUE,TRUE,,1,1,3 Idiots
FALSE,none,1100000,,FALSE,FALSE,,1,1,3 Ninjas: Kick Back
FALSE,none,100000,,FALSE,FALSE,,1,1,3 ½ Stunden
TRUE,none,30000000,2100000,TRUE,TRUE,2016-11-24,8,4,3%
FALSE,none,5100000,,FALSE,FALSE,,1,1,30 Days of Night
FALSE,none,100000,,FALSE,FALSE,,1,1,30 Jours Max
FALSE,none,400000,100000,TRUE,TRUE,,2,1,30 Minute Workouts: Volume 1
FALSE,none,100000,,FALSE,FALSE,,1,1,30 Minute Workouts: Volume 2
FALSE,none,5400000,,FALSE,FALSE,,1,1,30 Minutes or Less
FALSE,none,600000,,FALSE,FALSE,,1,1,3000 Miles to Graceland
FALSE,Arabic,200000,,FALSE,FALSE,,1,1,3000 Nights
FALSE,none,2200000,,FALSE,FALSE,,1,1,300: Rise of an Empire
FALSE,none,3700000,,FALSE,FALSE,,1,1,300
TRUE,none,400000,100000,FALSE,FALSE,,1,1,303 - Die Serie
FALSE,none,1900000,,FALSE,FALSE,,1,1,3096 Days
FALSE,Latin,300000,,FALSE,FALSE,,1,1,32 Malasana Street
FALSE,none,25000000,,TRUE,TRUE,,1,1,365 Days (2020)
FALSE,none,15000000,,TRUE,TRUE,2022-04-27,1,1,365 Days: This Day
FALSE,none,300000,,FALSE,FALSE,,1,1,366
FALSE,Japanese,500000,,FALSE,FALSE,2020-01-31,1,1,37 Seconds
FALSE,none,700000,,FALSE,FALSE,,1,1,3:10 to Yuma
TRUE,none,24700000,1900000,TRUE,TRUE,2018-12-21,4,2,3Below: Tales of Arcadia
FALSE,Latin,100000,,FALSE,FALSE,,1,1,3Grapes
TRUE,none,8200000,1600000,FALSE,FALSE,,3,3,4 Blocks
FALSE,none,1100000,,FALSE,FALSE,,1,1,4 Kings (2021)
FALSE,none,200000,,FALSE,FALSE,,1,1,40 Sticks
FALSE,Latin,2300000,,TRUE,TRUE,2022-05-04,1,1,40 Years Young
FALSE,none,100000,,FALSE,FALSE,,1,1,40-Love
TRUE,Latin,7500000,600000,TRUE,TRUE,2022-05-11,2,1,42 Days of Darkness
FALSE,none,1600000,,FALSE,FALSE,,1,1,42
FALSE,none,100000,,FALSE,FALSE,,1,1,438 dagar
FALSE,none,8000000,700000,TRUE,TRUE,,2,1,44 Cats: Season 1 (Part 2)
FALSE,none,4600000,400000,FALSE,FALSE,,2,1,44 Cats: Season 2 (Part 1)
FALSE,none,15200000,1300000,FALSE,FALSE,,2,1,44 Cats: Season 2 (Part 2)
TRUE,none,11100000,900000,TRUE,FALSE,,2,1,44 Cats
FALSE,Hebrew,100000,,FALSE,FALSE,,1,1,44 Hours
TRUE,Latin,500000,,FALSE,FALSE,2019-08-15,1,1,45 rpm
FALSE,none,200000,,FALSE,FALSE,,1,1,45 Years
FALSE,Japanese,300000,,FALSE,FALSE,,1,1,461 Days of Bento
TRUE,Latin,1600000,100000,FALSE,FALSE,,2,1,46
FALSE,none,16600000,,FALSE,FALSE,,1,1,47 Meters Down: Uncaged
FALSE,none,700000,,FALSE,FALSE,,1,1,47 Metres Down
FALSE,none,15100000,,FALSE,FALSE,,1,1,47 Ronin (2013)
FALSE,none,100000,,FALSE,FALSE,,1,1,48 Christmas Wishes
FALSE,Chinese_or_Kanji,100000,,FALSE,FALSE,,1,1,49 Days with a Merman
FALSE,Thai,200000,,FALSE,FALSE,,1,1,4bia
FALSE,none,200000,,FALSE,FALSE,,1,1,4EVE The 1st Concert Friends & Family
FALSE,Latin,900000,,FALSE,FALSE,2019-07-12,1,1,4L
FALSE,none,100000,,FALSE,FALSE,,1,1,4N1K (2017)
FALSE,none,100000,,FALSE,FALSE,,1,1,4N1K Düğün
FALSE,none,100000,,FALSE,FALSE,,1,1,4th Republic
FALSE,none,100000,,FALSE,FALSE,,1,1,5 Fingers for Marseilles
TRUE,none,200000,,FALSE,FALSE,,1,1,5 Senses for Love
FALSE,Latin,100000,,TRUE,TRUE,2018-12-07,1,1,5 Star Christmas
FALSE,none,1200000,,FALSE,FALSE,,1,1,50 First Dates
FALSE,Japanese,200000,,FALSE,FALSE,,1,1,50 First Kisses
FALSE,none,700000,,FALSE,FALSE,,1,1,50 to 1
TRUE,none,7900000,700000,TRUE,TRUE,2021-01-27,2,1,50M2
TRUE,Latin,100000,,FALSE,FALSE,,1,1,54 Hours
FALSE,none,200000,,FALSE,FALSE,,1,1,5CM
FALSE,Latin,100000,,FALSE,FALSE,,1,1,5Gang
FALSE,none,400000,,TRUE,TRUE,2018-04-06,1,1,6 Balloons
FALSE,none,100000,,FALSE,FALSE,,1,1,6 Below: Miracle on the Mountain
FALSE,none,3700000,,FALSE,FALSE,2017-11-03,1,1,6 Days
FALSE,none,38600000,,TRUE,TRUE,2019-12-13,1,1,6 Underground
FALSE,none,300000,,TRUE,TRUE,,1,1,6 Years
TRUE,none,16500000,800000,FALSE,FALSE,,4,3,60 Days In
FALSE,Latin,300000,,FALSE,FALSE,,1,1,61 Days
FALSE,none,1700000,,FALSE,FALSE,,1,1,65
TRUE,Thai,14600000,3100000,TRUE,TRUE,2023-09-06,1,1,6ixtynin9 The Series
FALSE,none,200000,,TRUE,TRUE,2016-10-27,1,1,7 años
FALSE,none,1000000,,FALSE,FALSE,,1,1,7 Days in Entebbe
TRUE,none,2500000,100000,TRUE,TRUE,2018-12-21,2,1,7 Days Out
FALSE,Latin,300000,,FALSE,FALSE,,1,1,7 Dwarves 2: The Wood Is Not Enough
FALSE,Latin,400000,,FALSE,FALSE,,1,1,7 Dwarves
FALSE,Latin,100000,,FALSE,FALSE,,1,1,7 Emotions
FALSE,Devanagari,500000,,FALSE,FALSE,,1,1,7 Khoon Maaf
FALSE,Latin,100000,,FALSE,FALSE,,1,1,7 Minutes
FALSE,Latin,4200000,,TRUE,TRUE,2021-11-11,1,1,7 Prisoners
FALSE,none,100000,,FALSE,FALSE,,1,1,"7 rzeczy, których nie wiecie o facetach"
TRUE,Japanese,1900000,200000,FALSE,FALSE,,2,1,7 Secretaries
TRUE,none,600000,,FALSE,FALSE,,4,4,7 Vidas
FALSE,Latin,11600000,,TRUE,TRUE,2022-12-28,1,1,7 Women and a Murder
FALSE,none,300000,,FALSE,FALSE,,1,1,7 Yards: The Chris Norton Story
FALSE,Japanese,100000,,FALSE,FALSE,,1,1,700 Days of Battle: Us vs. the Police
TRUE,none,4100000,300000,FALSE,FALSE,,2,1,72 Cutest Animals
TRUE,none,14000000,600000,FALSE,FALSE,2018-08-10,2,1,72 Dangerous Animals: Asia
TRUE,none,300000,,FALSE,FALSE,,1,1,72 Dangerous Animals: Australia
TRUE,none,19100000,800000,TRUE,TRUE,2017-12-22,2,1,72 Dangerous Animals: Latin America
TRUE,none,9600000,800000,TRUE,TRUE,,2,1,72 Dangerous Places to Live
TRUE,none,5000000,500000,TRUE,TRUE,2019-06-28,4,2,7SEEDS
FALSE,none,9600000,,FALSE,FALSE,,1,1,8 Mile
FALSE,none,300000,,FALSE,FALSE,,1,1,"8 rzeczy, których nie wiecie o facetach"
TRUE,Latin,2100000,300000,TRUE,TRUE,2022-03-25,2,1,800 Meters
FALSE,none,200000,,FALSE,FALSE,,1,1,84 Charing Cross Road
FALSE,none,5000000,1900000,TRUE,FALSE,2023-06-20,2,1,85 South: Ghetto Legends
TRUE,Japanese,1600000,100000,FALSE,FALSE,,2,1,86 EIGHTY-SIX
FALSE,none,100000,,FALSE,FALSE,,1,1,88 Minutes
FALSE,none,700000,,FALSE,FALSE,,1,1,8MM
FALSE,none,100000,,FALSE,FALSE,2020-06-19,1,1,8
FALSE,none,100000,,FALSE,FALSE,,1,1,9 (2009)
FALSE,none,300000,,FALSE,FALSE,,1,1,"9,75"
FALSE,none,5000000,,FALSE,FALSE,,1,1,90 Minutes in Heaven
FALSE,none,200000,,FALSE,FALSE,,1,1,90 ML (2019)
FALSE,none,100000,,FALSE,FALSE,,1,1,90ML (Telugu) (2019)
FALSE,none,300000,,FALSE,FALSE,,1,1,97% Owned
FALSE,none,100000,,FALSE,FALSE,,1,1,99 Homes
FALSE,none,100000,,FALSE,FALSE,,1,1,99 Nama Cinta
FALSE,none,100000,,FALSE,FALSE,,1,1,9to5: The Story of a Movement
FALSE,none,100000,,FALSE,FALSE,,1,1,[REC] (2007)
FALSE,Latin,100000,,FALSE,FALSE,,1,1,[Rec] 4: Apocalypse
FALSE,none,3300000,,FALSE,FALSE,,1,1,A 2nd Chance
FALSE,none,6200000,,TRUE,TRUE,2020-10-15,1,1,A Babysitter's Guide to Monster Hunting
FALSE,none,3700000,,FALSE,FALSE,2018-01-05,1,1,A Bad Moms Christmas
FALSE,Japanese,100000,,FALSE,FALSE,,1,1,A Banana? At This Time of Night?
FALSE,none,1500000,,FALSE,FALSE,,1,1,A Beautiful Day in the Neighborhood
FALSE,Chinese_or_Kanji,500000,,TRUE,TRUE,,1,1,A Beautiful Life
FALSE,none,45700000,,TRUE,TRUE,2023-06-01,1,1,A Beautiful Life
FALSE,none,200000,,FALSE,FALSE,,1,1,A Beautiful Mind
FALSE,Latin,100000,,FALSE,FALSE,,1,1,A Beautiful Wife
FALSE,none,500000,,FALSE,FALSE,,1,1,A Belle for Christmas
FALSE,Chinese_or_Kanji,200000,,FALSE,FALSE,,1,1,A Beloved Wife
FALSE,Latin,100000,,FALSE,FALSE,,1,1,A Better Life
FALSE,Chinese_or_Kanji,100000,,FALSE,FALSE,,1,1,A Better Tomorrow III
FALSE,Chinese_or_Kanji,100000,,FALSE,FALSE,,1,1,A Better Tomorrow II
FALSE,Chinese_or_Kanji,200000,,FALSE,FALSE,,1,1,A Better Tomorrow
FALSE,Korean,100000,,FALSE,FALSE,,1,1,A Bittersweet Life
FALSE,none,200000,,FALSE,FALSE,,1,1,A Bluebird in My Heart
FALSE,none,2600000,,FALSE,FALSE,2021-11-24,1,1,A Boy Called Christmas
TRUE,Chinese_or_Kanji,100000,,FALSE,FALSE,,1,1,A Boy Name Flora A
FALSE,Latin,200000,,FALSE,FALSE,,2,1,A Boyfriend For My Wife
FALSE,Latin,600000,,FALSE,FALSE,,1,1,A Breath of Fresh Air
FALSE,Japanese,300000,,FALSE,FALSE,,1,1,A Bride for Rip Van Winkle
FALSE,none,1600000,,TRUE,TRUE,2021-12-16,1,1,A California Christmas: City Lights
FALSE,none,2100000,,TRUE,TRUE,2020-12-14,1,1,A California Christmas
FALSE,none,1800000,,FALSE,FALSE,,1,1,A Call to Spy
FALSE,none,2400000,,TRUE,TRUE,2021-11-26,1,1,A Castle For Christmas
FALSE,Japanese,500000,,FALSE,FALSE,,1,1,A Certain Magical Index II
FALSE,Japanese,800000,,FALSE,FALSE,,1,1,A Certain Magical Index
FALSE,Japanese,600000,,FALSE,FALSE,,1,1,A Certain Scientific Railgun S
FALSE,Japanese,900000,,FALSE,FALSE,,1,1,A Certain Scientific Railgun
FALSE,Latin,200000,,FALSE,FALSE,,1,1,A Chaster Marriage
FALSE,Chinese_or_Kanji,200000,,FALSE,FALSE,,1,1,A Chinese Odyssey (Part I)
FALSE,Chinese_or_Kanji,300000,,TRUE,TRUE,,1,1,A Chinese Odyssey Part Two: Cinderella
FALSE,none,100000,,FALSE,FALSE,,1,1,A Christmas Catch
FALSE,none,3800000,,FALSE,FALSE,,1,1,A Christmas Miracle for Daisy
FALSE,none,2600000,,TRUE,TRUE,2019-12-05,1,1,A Christmas Prince: The Royal Baby
FALSE,none,2600000,,TRUE,TRUE,2018-11-30,1,1,A Christmas Prince: The Royal Wedding
FALSE,none,3100000,,TRUE,TRUE,2017-11-17,1,1,A Christmas Prince
FALSE,none,4400000,6800000,FALSE,FALSE,,2,1,A Christmas Special: Miraculous: Tales of Ladybug & Cat Noir
FALSE,Latin,100000,,FALSE,FALSE,,1,1,A Christmas Wedding
FALSE,none,2800000,,TRUE,TRUE,,1,1,A Cinderella Story: Christmas Wish
FALSE,none,3000000,,FALSE,FALSE,,1,1,A Cinderella Story
FALSE,none,400000,,FALSE,FALSE,,1,1,A Civil Action
FALSE,none,3700000,,TRUE,TRUE,2021-07-14,1,1,A Classic Horror Story
TRUE,Korean,40900000,300000,TRUE,TRUE,,3,2,A Clean Sweep
FALSE,Korean,100000,,FALSE,FALSE,,1,1,A Company Man
FALSE,Latin,200000,,TRUE,TRUE,2021-11-05,1,1,A Cop Movie
TRUE,Japanese,1900000,100000,FALSE,FALSE,,2,1,A Couple of Cuckoos
FALSE,none,1100000,,FALSE,FALSE,,1,1,A Cowgirl's Song
FALSE,none,600000,,FALSE,FALSE,,1,1,A Cure for Wellness
FALSE,Latin,800000,,TRUE,TRUE,2022-07-28,1,1,A Cut Above
FALSE,none,300000,,FALSE,FALSE,,1,1,A Dark Truth
FALSE,Latin,1600000,300000,FALSE,FALSE,,2,1,A Date With Destiny
FALSE,none,300000,,FALSE,FALSE,,1,1,A Day to Die
FALSE,Korean,200000,,FALSE,FALSE,,1,1,A Dirty Carnival
FALSE,none,100000,,FALSE,FALSE,,1,1,A Dirty Shame
FALSE,none,1300000,,FALSE,FALSE,,1,1,A Dog's Journey
FALSE,none,16300000,,FALSE,FALSE,,1,1,A Dog's Purpose
FALSE,none,4400000,,FALSE,FALSE,,1,1,A Dog's Way Home
TRUE,Chinese_or_Kanji,2000000,,FALSE,FALSE,,1,1,A Dream of Splendor
FALSE,Latin,100000,,FALSE,FALSE,,1,1,A E I O U: A Quick Alphabet of Love
FALSE,none,100000,,FALSE,FALSE,,1,1,A Esperança é a Ultima que Morre
FALSE,none,600000,,FALSE,FALSE,,1,1,A Fairly Odd Summer
FALSE,none,9400000,,TRUE,TRUE,2020-01-17,1,1,A Fall from Grace
TRUE,Latin,2200000,100000,FALSE,FALSE,,2,1,A Familiar Stranger
FALSE,none,4300000,100000,FALSE,FALSE,,2,1,A Family Affair (2022)
FALSE,none,700000,,FALSE,FALSE,,1,1,A Family Man (2016)
FALSE,none,600000,,TRUE,TRUE,2019-12-09,1,1,A Family Reunion Christmas
FALSE,Japanese,1300000,,TRUE,TRUE,2021-05-06,1,1,A Family
FALSE,Latin,400000,,FALSE,FALSE,,1,1,A Fantastic Woman
FALSE,none,100000,,TRUE,TRUE,,1,1,A Faraway Land
FALSE,none,200000,200000,TRUE,TRUE,2022-04-29,2,1,A Farewell to Ozark
TRUE,Chinese_or_Kanji,900000,,FALSE,FALSE,,1,1,A Female Student Arrives at the Imperial College
FALSE,none,200000,,FALSE,FALSE,,1,1,A Few Good Men
FALSE,Latin,100000,,FALSE,FALSE,,1,1,A Fine Line
FALSE,none,100000,,FALSE,FALSE,,1,1,A Fist Full of Lead
FALSE,none,100000,,FALSE,FALSE,,1,1,A Fistful of Dollars
FALSE,Latin,100000,,FALSE,FALSE,,1,1,A Flight Diverted
FALSE,Latin,2000000,,TRUE,TRUE,2019-04-19,1,1,A Fortunate Man
FALSE,Korean,300000,,FALSE,FALSE,,1,1,A Frozen Flower
FALSE,Korean,1000000,,FALSE,FALSE,,1,1,A Full Saturday night: 2021-2022
FALSE,Korean,1800000,,FALSE,FALSE,,1,1,A Full Saturday night: 2023
FALSE,none,900000,,TRUE,TRUE,2018-01-26,1,1,A Futile and Stupid Gesture
FALSE,Chinese_or_Kanji,100000,,FALSE,FALSE,,1,1,A Gambler's Odyssey 2020
FALSE,none,100000,,FALSE,FALSE,,1,1,A Game of Secrets
FALSE,none,500000,,FALSE,FALSE,,1,1,A Garota Invisível
FALSE,none,200000,,FALSE,FALSE,,1,1,A Girl and A Guy
TRUE,Latin,33500000,900000,TRUE,TRUE,2023-02-17,2,1,A Girl and an Astronaut
FALSE,Korean,200000,,FALSE,FALSE,,1,1,A Girl at My Door
FALSE,none,300000,,TRUE,TRUE,2020-11-27,1,1,A Go! Go! Cory Carson Christmas
FALSE,none,700000,,TRUE,TRUE,2020-10-02,1,1,A Go! Go! Cory Carson Halloween
FALSE,none,500000,,TRUE,TRUE,2020-08-04,1,1,A Go! Go! Cory Carson Summer Camp
TRUE,Korean,7600000,600000,FALSE,FALSE,,1,1,A Good Day to Be a Dog
FALSE,Korean,100000,,FALSE,FALSE,,1,1,A Good Lawyer's Wife
FALSE,none,200000,,FALSE,FALSE,,1,1,A Good Old Fashioned Orgy
FALSE,none,400000,,FALSE,FALSE,,1,1,A Hard Day (2021)
FALSE,Korean,600000,,FALSE,FALSE,,1,1,A Hard Day
FALSE,none,200000,,FALSE,FALSE,,1,1,A Haunting at the Rectory
FALSE,none,900000,,FALSE,FALSE,,1,1,A History of Violence
FALSE,none,100000,,FALSE,FALSE,,1,1,A Hologram for the King
TRUE,Chinese_or_Kanji,100000,,FALSE,FALSE,,1,1,A House of Blocks
FALSE,none,6500000,,TRUE,TRUE,2022-09-23,1,1,A Jazzman's Blues
FALSE,none,600000,,FALSE,FALSE,,1,1,A Journal for Jordan
FALSE,none,200000,,FALSE,FALSE,,1,1,A Kid from Coney Island
TRUE,Latin,2200000,200000,TRUE,TRUE,2022-08-25,2,1,A Kidnapping Scandal: The Florence Cassez Affair
TRUE,none,4900000,300000,FALSE,FALSE,,4,2,A Killer's Mistake
FALSE,none,1700000,,FALSE,FALSE,,1,1,A Kindhearted Christmas
FALSE,none,5600000,,FALSE,FALSE,,1,1,A Knight's Tale
TRUE,Korean,42700000,700000,TRUE,TRUE,2017-12-29,2,1,A Korean Odyssey
FALSE,none,9700000,,FALSE,FALSE,,1,1,A League of Their Own (1992)
FALSE,Latin,100000,,FALSE,FALSE,,1,1,A liberal passion
FALSE,Latin,300000,,FALSE,FALSE,2020-03-20,1,1,A Life of Speed: The Juan Manuel Fangio Story
TRUE,none,600000,,TRUE,TRUE,,1,1,A Lion in the House
FALSE,none,700000,,FALSE,FALSE,,1,1,A Little Chaos
TRUE,none,500000,,TRUE,TRUE,2018-05-04,1,1,A Little Help with Carol Burnett
FALSE,Korean,100000,,FALSE,FALSE,,1,1,A Little Princess
TRUE,Chinese_or_Kanji,100000,,FALSE,FALSE,,1,1,A Little Reunion
TRUE,Chinese_or_Kanji,10000000,200000,TRUE,TRUE,,2,1,A Little Thing Called First Love
TRUE,Latin,200000,,FALSE,FALSE,,1,1,A Long Lost Silence
FALSE,Latin,500000,,TRUE,TRUE,,1,1,A Long Way to Come Home
FALSE,none,100000,,FALSE,FALSE,,1,1,A Lot Like Love (2005)
FALSE,none,1000000,,FALSE,FALSE,,1,1,A Lot Like Love (2023)
TRUE,Chinese_or_Kanji,3900000,100000,FALSE,FALSE,,2,1,A Love So Beautiful
TRUE,Korean,41400000,2000000,TRUE,TRUE,2020-12-28,2,1,A Love So Beautiful
FALSE,none,300000,,TRUE,TRUE,,1,1,A Love Story (2007)
FALSE,none,500000,,FALSE,FALSE,,1,1,A Love You
FALSE,Chinese_or_Kanji,200000,,FALSE,FALSE,,1,1,A Loving Husband
FALSE,Japanese,700000,,FALSE,FALSE,,1,1,A Madder Red
FALSE,none,20400000,,TRUE,TRUE,2022-02-25,1,1,A Madea Homecoming
FALSE,Korean,200000,,FALSE,FALSE,,1,1,A Man and a Woman
FALSE,none,3100000,,FALSE,FALSE,,1,1,A Man Apart
FALSE,none,61300000,,FALSE,FALSE,,1,1,A Man Called Otto
FALSE,Japanese,100000,,FALSE,FALSE,,1,1,A Man Called Pirate
FALSE,none,300000,,FALSE,FALSE,,1,1,A Man for the Weekend
FALSE,Latin,12200000,,TRUE,TRUE,2022-11-30,1,1,A Man of Action
FALSE,Arabic,200000,,FALSE,FALSE,,1,1,A Man Wanted
FALSE,none,200000,,FALSE,FALSE,,1,1,A mano disarmata
FALSE,none,300000,,FALSE,FALSE,,1,1,A Menina Índigo
FALSE,Latin,300000,,FALSE,FALSE,,1,1,A Mighty Team
FALSE,none,100000,,FALSE,FALSE,,1,1,A Million Little Pieces
FALSE,none,700000,,FALSE,FALSE,,1,1,A Million Ways to Die in the West
FALSE,Korean,100000,,FALSE,FALSE,,1,1,A Millionaire's First Love
TRUE,Korean,14600000,500000,TRUE,TRUE,2022-08-12,2,1,A Model Family
FALSE,Korean,300000,,FALSE,FALSE,,1,1,A Moment to Remember
FALSE,none,800000,,FALSE,FALSE,,1,1,A Monster Calls
FALSE,Latin,1900000,,FALSE,FALSE,,1,1,A Monster in Paris
TRUE,none,800000,200000,FALSE,FALSE,,2,1,A Moody Christmas
FALSE,Japanese,100000,,FALSE,FALSE,,1,1,A Morning of Farewell
FALSE,none,400000,,FALSE,FALSE,,1,1,A Most Wanted Man
FALSE,none,400000,,TRUE,TRUE,2021-12-16,1,1,A Naija Christmas
TRUE,Korean,1300000,700000,TRUE,TRUE,,1,1,A Nation of Banchan
TRUE,Korean,1800000,300000,TRUE,TRUE,,2,1,A Nation of Broth
TRUE,Korean,1800000,1000000,TRUE,TRUE,,1,1,A Nation of Kimchi
FALSE,Arabic,200000,,FALSE,FALSE,,1,1,A Natural Born Fool
TRUE,Latin,127000000,28000000,TRUE,TRUE,2023-11-24,1,1,A Nearly Normal Family
FALSE,none,100000,,FALSE,FALSE,,1,1,A New York Christmas Wedding
FALSE,none,100000,,FALSE,FALSE,,1,1,A Nice Girl Like You
FALSE,Latin,2200000,,TRUE,TRUE,2022-12-28,1,1,A Night at the Kindergarten
FALSE,none,500000,,FALSE,FALSE,,1,1,A Nightmare on Elm Street (2010)
FALSE,Latin,2200000,,TRUE,TRUE,2022-12-20,1,1,A Not So Merry Christmas
FALSE,none,100000,,FALSE,FALSE,,1,1,A Pelada
TRUE,Latin,800000,100000,TRUE,TRUE,2020-09-25,2,1,A Perfect Crime
FALSE,none,600000,,FALSE,FALSE,,1,1,A Perfect Enemy
FALSE,none,1800000,,TRUE,TRUE,2021-07-15,1,1,A Perfect Fit
FALSE,none,200000,,FALSE,FALSE,,1,1,A Perfect Getaway
FALSE,none,20200000,,TRUE,TRUE,2022-05-19,1,1,A Perfect Pairing
FALSE,Latin,900000,,FALSE,FALSE,,1,1,A Perfect Plan
TRUE,Latin,89600000,24400000,TRUE,TRUE,2023-07-28,1,1,A Perfect Story
FALSE,none,100000,,FALSE,FALSE,,1,1,A Place Called Home (2013)
TRUE,Japanese,600000,100000,FALSE,FALSE,,2,1,A Place Further than the Universe
TRUE,Latin,10500000,1000000,FALSE,FALSE,,3,3,A Polish Family
FALSE,none,300000,,FALSE,FALSE,2018-09-07,1,1,A Prayer Before Dawn
FALSE,none,100000,,FALSE,FALSE,,1,1,A Princess for Christmas
TRUE,Latin,100000,,TRUE,TRUE,2020-11-11,1,1,A Queen Is Born
FALSE,none,6200000,,FALSE,FALSE,,1,1,A Quiet Place (2018)
FALSE,none,36000000,,FALSE,FALSE,,1,1,A Quiet Place Part II
FALSE,none,100000,,FALSE,FALSE,,1,1,A Rainy Day in New York
FALSE,Latin,700000,,FALSE,FALSE,,1,1,A Remarkable Tale
FALSE,Korean,100000,,FALSE,FALSE,,1,1,A Resistance
TRUE,Japanese,1500000,300000,FALSE,FALSE,,1,1,A Returner's Magic Should Be Special
FALSE,none,200000,,FALSE,FALSE,,1,1,A River Runs Through It
FALSE,Latin,300000,,TRUE,TRUE,,1,1,A Romantic Comedy
FALSE,none,100000,,FALSE,FALSE,,1,1,A Royal Winter
FALSE,Japanese,100000,,FALSE,FALSE,,1,1,A Samurai Chronicle
FALSE,none,2700000,,FALSE,FALSE,,1,1,A Score to Settle
FALSE,none,400000,,TRUE,TRUE,,1,1,A Second Chance (2015)
FALSE,none,5400000,,TRUE,TRUE,2021-07-23,1,1,A Second Chance:  Rivals!
FALSE,none,100000,,FALSE,FALSE,,1,1,A Secret Affair (2012)
FALSE,none,500000,,TRUE,TRUE,2020-04-29,1,1,A Secret Love
FALSE,Latin,100000,,FALSE,FALSE,,1,1,A Sense of Humour
TRUE,none,65300000,4400000,TRUE,TRUE,2017-01-13,6,3,A Series of Unfortunate Events
FALSE,Latin,100000,,FALSE,FALSE,,1,1,A Serious Game
FALSE,none,4100000,,FALSE,FALSE,2020-02-14,1,1,A Shaun the Sheep Movie: Farmageddon
FALSE,none,200000,,FALSE,FALSE,,1,1,A Short History of the Moors
FALSE,Japanese,3800000,,FALSE,FALSE,,1,1,A Silent Voice
FALSE,none,1700000,,FALSE,FALSE,,1,1,A Simple Favor
FALSE,none,2100000,,FALSE,FALSE,,1,1,A Simple Lie
TRUE,Latin,2000000,200000,TRUE,TRUE,2021-10-01,2,1,A Sinister Sect: Colonia Dignidad
FALSE,Chinese_or_Kanji,100000,,FALSE,FALSE,,1,1,A Song for You
FALSE,Latin,200000,,FALSE,FALSE,,1,1,A Sort of Family
FALSE,Korean,200000,,FALSE,FALSE,,1,1,A Special Lady
FALSE,Arabic,700000,,FALSE,FALSE,,1,1,A Stand Worthy of Men
FALSE,none,3900000,,FALSE,FALSE,,1,1,A Star Is Born (2018)
FALSE,Latin,200000,,FALSE,FALSE,,1,1,A Star Shoots Across the Sky
FALSE,none,100000,,FALSE,FALSE,,1,1,A Stoning in Fulham County
TRUE,Latin,12000000,2600000,TRUE,TRUE,2022-12-16,2,1,A Storm for Christmas
FALSE,none,300000,,TRUE,TRUE,2017-12-01,1,1,A StoryBots Christmas
FALSE,none,100000,,TRUE,TRUE,2021-09-14,1,1,A StoryBots Space Adventure
FALSE,none,100000,,FALSE,FALSE,,1,1,A Street Cat Named Bob
TRUE,none,3000000,300000,FALSE,FALSE,2020-10-23,2,1,A Suitable Boy
FALSE,none,9500000,,TRUE,TRUE,2023-02-14,1,1,A Sunday Affair
FALSE,Chinese_or_Kanji,500000,,TRUE,TRUE,2020-01-24,1,1,A Sun
TRUE,Chinese_or_Kanji,500000,,TRUE,TRUE,2018-09-01,1,1,A Taiwanese Tale of Two Cities
TRUE,none,35700000,3300000,TRUE,TRUE,2021-10-08,2,1,A Tale Dark & Grimm
FALSE,Korean,100000,,FALSE,FALSE,,1,1,A Tale of Legendary Libido
FALSE,Latin,100000,,FALSE,FALSE,,1,1,A Tale of Three Sisters
FALSE,Korean,100000,,FALSE,FALSE,,1,1,A Tale of Two Sisters
FALSE,Korean,1000000,,FALSE,FALSE,,1,1,A Taxi Driver
TRUE,Chinese_or_Kanji,900000,,FALSE,FALSE,2019-05-31,1,1,A Thousand Goodnights
FALSE,Korean,100000,,FALSE,FALSE,,1,1,A Tiger In Winter
TRUE,Korean,123200000,10100000,TRUE,TRUE,2023-09-08,1,1,A Time Called You
FALSE,none,6500000,,FALSE,FALSE,,1,1,A Time to Kill (1996)
TRUE,Chinese_or_Kanji,300000,,FALSE,FALSE,,1,1,A Touch of Green
FALSE,none,51800000,,TRUE,TRUE,2023-04-21,1,1,A Tourist's Guide to Love
FALSE,none,600000,,TRUE,TRUE,2020-12-11,1,1,A Trash Truck Christmas
FALSE,none,4100000,,TRUE,TRUE,2022-09-26,1,1,A Trip to Infinity
FALSE,none,200000,,FALSE,FALSE,,1,1,A Turtle's Tale: Sammy's Adventures
FALSE,Latin,800000,,FALSE,FALSE,2018-12-28,1,1,A Twelve Year Night
FALSE,none,100000,,FALSE,FALSE,,1,1,A Very Country Christmas
FALSE,none,100000,,FALSE,FALSE,,1,1,A Very Harold & Kumar Christmas
FALSE,none,300000,300000,TRUE,TRUE,2015-12-04,1,1,A Very Murray Christmas
FALSE,none,100000,,FALSE,FALSE,,1,1,A Very Royal Wedding
FALSE,none,300000,,FALSE,FALSE,,1,1,A Very Special Love
FALSE,none,300000,,FALSE,FALSE,,1,1,A Violent Man (2022)
FALSE,Korean,400000,,FALSE,FALSE,,1,1,A Violent Prosecutor
FALSE,none,8100000,,FALSE,FALSE,,1,1,A Walk Among the Tombstones
FALSE,none,300000,,FALSE,FALSE,,1,1,A Walk to Remember
FALSE,none,500000,,FALSE,FALSE,,1,1,A Wedding for Christmas
FALSE,Devanagari,700000,,FALSE,FALSE,,1,1,A Wednesday
FALSE,none,2500000,,TRUE,TRUE,2021-03-26,1,1,A Week Away
FALSE,Korean,100000,,FALSE,FALSE,,1,1,A Werewolf Boy
FALSE,Japanese,6000000,,TRUE,TRUE,2020-06-18,1,1,A Whisker Away
FALSE,none,200000,,TRUE,TRUE,2023-02-28,1,1,A Whole Lifetime with Jamie Demetriou
FALSE,none,1100000,,TRUE,TRUE,,1,1,A Witches' Ball
FALSE,Latin,400000,,FALSE,FALSE,,1,1,A Wolf at the Door
FALSE,Latin,100000,,FALSE,FALSE,,1,1,A Woman of Courage
FALSE,Latin,2600000,,FALSE,FALSE,,1,1,A Woman With No Filter
FALSE,Arabic,300000,,FALSE,FALSE,,1,1,A Woman's Life
FALSE,none,100000,,FALSE,FALSE,,1,1,A World Without Beethoven?
FALSE,none,100000,,TRUE,TRUE,2021-10-14,1,1,A World Without
FALSE,Chinese_or_Kanji,100000,,FALSE,FALSE,,1,1,A Writer's Odyssey
FALSE,none,100000,,FALSE,FALSE,,1,1,A.C.A.B.: All Cops Are Bastards
FALSE,none,300000,,FALSE,FALSE,,1,1,A.I. Artificial Intelligence
TRUE,Japanese,1900000,200000,TRUE,TRUE,2018-03-09,2,1,A.I.C.O.
FALSE,none,100000,,FALSE,FALSE,,1,1,A.K.A Nadia
FALSE,none,600000,,FALSE,FALSE,,1,1,A.R.O.G.
FALSE,none,2200000,,FALSE,FALSE,2018-10-26,1,1,A.X.L.
FALSE,none,700000,,FALSE,FALSE,,1,1,Aakasam (Telugu)
FALSE,Devanagari,100000,,FALSE,FALSE,,1,1,Aakhri Adaalat
FALSE,none,200000,,FALSE,FALSE,,1,1,Aapla Manus
FALSE,Devanagari,100000,,FALSE,FALSE,,1,1,Aashik Awara
FALSE,none,200000,,FALSE,FALSE,,1,1,Aaviri
FALSE,Arabic,100000,,FALSE,FALSE,,1,1,Abboud at Home
TRUE,none,38900000,1700000,FALSE,FALSE,,4,2,Abby Hatcher
FALSE,none,500000,,FALSE,FALSE,,1,1,ABCD 2
FALSE,none,400000,,FALSE,FALSE,,1,1,ABCD: Any Body Can Dance
FALSE,none,1400000,,TRUE,TRUE,,1,1,Abducted in Plain Sight
FALSE,none,15300000,,FALSE,FALSE,,1,1,Abduction (2011)
FALSE,none,500000,,FALSE,FALSE,,1,1,Abe (2019)
FALSE,none,400000,,FALSE,FALSE,,1,1,Abgeschnitten
TRUE,Latin,200000,,FALSE,FALSE,,1,1,Abo Omar El Masry
FALSE,none,2000000,,FALSE,FALSE,,1,1,Abominable (2019)
FALSE,none,100000,,FALSE,FALSE,,1,1,About a Girl (2015)
FALSE,none,2600000,,FALSE,FALSE,,1,1,About Last Night (2014)
FALSE,none,3000000,,FALSE,FALSE,,1,1,About Time (2013)
TRUE,Korean,2400000,,FALSE,FALSE,,1,1,About Time
FALSE,none,7800000,,FALSE,FALSE,,1,1,Above Suspicion (2019)
FALSE,none,200000,,FALSE,FALSE,,1,1,Abs & Core: Volume 1
FALSE,none,400000,,FALSE,FALSE,,1,1,Abschussfahrt - Vier ist einer zu voll
TRUE,Latin,8900000,1900000,TRUE,TRUE,2023-10-25,1,1,Absolute Beginners
FALSE,none,400000,,FALSE,FALSE,,1,1,Absolute Power (1997)
TRUE,none,2400000,200000,TRUE,TRUE,2017-02-10,4,2,Abstract: The Art of Design
TRUE,none,9900000,1000000,TRUE,TRUE,2020-04-22,2,1,Absurd Planet
FALSE,Arabic,100000,,FALSE,FALSE,,1,1,Abu Ali
FALSE,Arabic,200000,,FALSE,FALSE,,1,1,Abu Sadaam
TRUE,Korean,24000000,800000,TRUE,TRUE,2019-05-06,2,1,Abyss
FALSE,none,1700000,,FALSE,FALSE,,1,1,Acampamento Intergaláctico
FALSE,none,5800000,,FALSE,FALSE,,1,1,Accepted (2006)
FALSE,none,800000,,FALSE,FALSE,,1,1,Accident Man: Hitman's Holiday
TRUE,Chinese_or_Kanji,7300000,200000,FALSE,FALSE,2018-10-19,2,1,Accidentally in Love
FALSE,Chinese_or_Kanji,200000,,FALSE,FALSE,,1,1,Accident
FALSE,Japanese,400000,,FALSE,FALSE,,1,1,Ace of Diamond Act II
FALSE,Japanese,400000,,FALSE,FALSE,,1,1,Ace of Diamond: Second Season
FALSE,Japanese,700000,,FALSE,FALSE,,1,1,Ace of Diamond
FALSE,none,3200000,,FALSE,FALSE,,1,1,Ace Ventura: Pet Detective (1994)
FALSE,none,900000,,FALSE,FALSE,,1,1,Ace Ventura: When Nature Calls
FALSE,none,100000,,FALSE,FALSE,,1,1,Ach du Scheisse!
FALSE,none,100000,,FALSE,FALSE,,1,1,Achados e Perdidos
FALSE,none,100000,,FALSE,FALSE,,1,1,Achoura
FALSE,none,200000,,FALSE,FALSE,,1,1,Achtste-groepers huilen niet
TRUE,none,18700000,2000000,FALSE,FALSE,,9,5,Ackley Bridge
TRUE,Latin,3000000,200000,FALSE,FALSE,,4,2,Acquitted
FALSE,none,2600000,,FALSE,FALSE,,1,1,Acrimony (2018)
TRUE,none,44800000,5700000,TRUE,TRUE,2022-01-04,4,2,Action Pack
FALSE,none,1300000,,FALSE,FALSE,,1,1,Acts of Vengeance
FALSE,none,700000,,FALSE,FALSE,,1,1,Acts of Violence
FALSE,none,100000,,FALSE,FALSE,2019-04-12,1,1,Acusada
FALSE,none,18700000,,FALSE,FALSE,,1,1,Ad Astra
TRUE,none,100000,,FALSE,FALSE,,1,1,Ad Vitam
FALSE,none,100000,,FALSE,FALSE,,1,1,Ada Cinta Di SMA
TRUE,none,300000,,FALSE,FALSE,,1,1,Ada Dua Cinta
TRUE,none,19400000,1300000,TRUE,TRUE,2021-09-28,8,4,"Ada Twist, Scientist"
FALSE,none,200000,,FALSE,FALSE,,1,1,Adai Mazhai Kaalam
FALSE,none,500000,400000,TRUE,TRUE,2019-06-18,2,1,Adam Devine: Best Time of Our Lives
FALSE,none,900000,200000,TRUE,TRUE,2018-10-23,2,1,ADAM SANDLER 100% FRESH
FALSE,none,100000,,FALSE,FALSE,,1,1,Adam: His Song Continues
FALSE,none,1200000,,FALSE,FALSE,,1,1,Addams Family Values
FALSE,none,8000000,,FALSE,FALSE,,1,1,Addicted (2014)
TRUE,none,1400000,,FALSE,FALSE,,1,1,Adela
FALSE,none,800000,,FALSE,FALSE,,1,1,Adele: 30 Greatest Moments
FALSE,none,2300000,,FALSE,FALSE,,1,1,Adiós
FALSE,none,100000,,FALSE,FALSE,,1,1,Admission
FALSE,none,100000,,FALSE,FALSE,,1,1,Adnan Sempit 2
FALSE,Latin,100000,,FALSE,FALSE,,1,1,Adolescents
FALSE,none,100000,,FALSE,FALSE,,1,1,Adore
TRUE,none,300000,100000,FALSE,FALSE,,2,1,Adrian Dunbar’s Coastal Ireland
FALSE,none,600000,,FALSE,FALSE,,1,1,Adrift (2018)
TRUE,none,200000,,FALSE,FALSE,,2,2,Aduh Bibikku
TRUE,Korean,100000,100000,FALSE,FALSE,,1,1,Adult Kim Jang-ha
TRUE,none,600000,100000,FALSE,FALSE,,2,1,Adult Material
FALSE,none,100000,,TRUE,TRUE,,1,1,Advantageous
TRUE,none,1800000,200000,TRUE,TRUE,2021-10-22,2,1,Adventure Beast
TRUE,Korean,6100000,800000,FALSE,FALSE,,1,1,Adventure by Accident
TRUE,none,39800000,8100000,FALSE,FALSE,,4,4,Adventure Time
FALSE,none,100000,,FALSE,FALSE,,1,1,Adventures in Zambezia
FALSE,none,1800000,,FALSE,FALSE,2020-06-30,1,1,Adú
FALSE,Devanagari,3400000,,FALSE,FALSE,,1,1,Ae Dil Hai Mushkil
FALSE,none,200000,,FALSE,FALSE,,1,1,Aelay
TRUE,none,2000000,200000,TRUE,TRUE,2018-08-10,2,1,Afflicted
FALSE,Latin,100000,,FALSE,FALSE,,1,1,Affliction
FALSE,Latin,700000,200000,TRUE,TRUE,2020-09-03,2,1,Afonso Padilha: Classless
FALSE,none,100000,,FALSE,FALSE,,1,1,African America
FALSE,none,1400000,100000,FALSE,FALSE,,2,1,African Folktales Reimagined
TRUE,none,200000,,FALSE,FALSE,,1,1,African Knock Out Show
TRUE,none,10300000,400000,TRUE,TRUE,2023-02-15,2,1,African Queens: Njinga
FALSE,Arabic,100000,,FALSE,FALSE,,1,1,Africano
FALSE,Latin,100000,,FALSE,FALSE,,1,1,Afrikou na pionyru
TRUE,none,100000,,FALSE,FALSE,,1,1,Afro Samurai
TRUE,none,100000,,FALSE,FALSE,,1,1,Afrobeats: The Backstory
FALSE,none,4300000,,FALSE,FALSE,,1,1,After Earth
FALSE,none,5500000,,FALSE,FALSE,2022-09-29,1,1,After Ever Happy
TRUE,none,34200000,4600000,TRUE,TRUE,2019-03-08,6,3,After Life
FALSE,none,100000,,FALSE,FALSE,,1,1,After Met You
FALSE,Korean,100000,,FALSE,FALSE,,1,1,After My Death
FALSE,Japanese,300000,,FALSE,FALSE,,1,1,After the Rain
FALSE,none,100000,,FALSE,FALSE,,1,1,After the Sunset
FALSE,none,4200000,,FALSE,FALSE,2020-12-01,1,1,After We Collided
FALSE,none,2500000,,FALSE,FALSE,2021-10-21,1,1,After We Fell
FALSE,none,100000,,FALSE,FALSE,,1,1,Afterlife (2021)
FALSE,none,7700000,,TRUE,TRUE,2021-09-02,1,1,Afterlife of the Party
FALSE,none,200000,,FALSE,FALSE,,1,1,Aftermath (2017)
FALSE,none,8200000,,FALSE,FALSE,,1,1,Aftermath (2021)
FALSE,Latin,200000,,FALSE,FALSE,,2,1,Aftermath
TRUE,none,13200000,1900000,TRUE,TRUE,2022-10-06,2,1,Aftershock: Everest and the Nepal Earthquake
FALSE,Chinese_or_Kanji,100000,,FALSE,FALSE,,1,1,Aftershock
FALSE,none,100000,,FALSE,FALSE,,1,1,Aftersun
TRUE,none,2800000,200000,FALSE,FALSE,,2,1,Aftertaste
FALSE,none,3500000,,FALSE,FALSE,2019-07-12,1,1,After
FALSE,Devanagari,600000,,FALSE,FALSE,,1,1,Afwaah
FALSE,none,200000,,FALSE,FALSE,,1,1,Against All Odds (1984)
FALSE,none,9500000,,TRUE,TRUE,2022-03-02,1,1,Against The Ice
TRUE,Latin,41400000,800000,FALSE,FALSE,2023-01-25,2,1,Against the Ropes
FALSE,none,200000,,FALSE,FALSE,,1,1,Against the Sun
FALSE,none,100000,,FALSE,FALSE,,1,1,Agatha Christie's Endless Night
FALSE,none,300000,,FALSE,FALSE,,1,1,Age of Heroes
TRUE,Chinese_or_Kanji,400000,,FALSE,FALSE,,1,1,Age of Rebellion
TRUE,none,10100000,1100000,TRUE,TRUE,2021-02-24,2,1,Age of Samurai: Battle for Japan
TRUE,Latin,4000000,400000,TRUE,TRUE,,2,1,Age of Tanks
TRUE,Korean,56100000,900000,FALSE,FALSE,,2,1,Agency
TRUE,none,6600000,300000,TRUE,TRUE,2023-03-17,2,1,Agent Elvis
FALSE,none,300000,,FALSE,FALSE,,1,1,Agent Game
FALSE,none,200000,,FALSE,FALSE,,1,1,Agent Ranjid Rettet Die Welt
FALSE,Japanese,100000,,TRUE,TRUE,2018-12-20,1,1,Aggretsuko: We Wish You a Metal Christmas
TRUE,Japanese,15800000,1300000,TRUE,FALSE,2018-04-20,10,5,Aggretsuko
FALSE,Devanagari,5700000,,FALSE,FALSE,,1,1,Agneepath (2012)
FALSE,Devanagari,300000,,FALSE,FALSE,,1,1,Agneepath
FALSE,none,200000,,FALSE,FALSE,,1,1,Ah Boys to Men II
FALSE,none,100000,,FALSE,FALSE,,1,1,Ah Boys to Men
TRUE,Japanese,300000,,FALSE,FALSE,,1,1,Aharen Is Indecipherable
TRUE,Japanese,4100000,200000,FALSE,FALSE,,2,1,AHIRU NO SORA
FALSE,Arabic,200000,,FALSE,FALSE,,1,1,Ahmed Notre Dame
FALSE,Chinese_or_Kanji,100000,,FALSE,FALSE,,1,1,AI Amok
FALSE,Thai,1400000,,FALSE,FALSE,,1,1,Ai Khai Dek Wat Chedi
FALSE,Thai,700000,,TRUE,TRUE,,1,1,AI Love You
FALSE,Japanese,100000,,FALSE,FALSE,,1,1,Ai Uta: My Promise To Nakuhito
FALSE,none,100000,,FALSE,FALSE,,1,1,Aika jonka sain
FALSE,none,200000,,FALSE,FALSE,,1,1,Aileen Wuornos: American Boogeywoman
FALSE,Japanese,400000,100000,FALSE,FALSE,,2,1,Aimyon Tour 2020 “MEAT MEET” in Saitama Super Arena
FALSE,Japanese,900000,,FALSE,FALSE,2019-09-05,1,1,Ainori Love Wagon: African Journey: African Journey
TRUE,Japanese,3600000,200000,TRUE,FALSE,2017-10-26,4,2,Ainori Love Wagon: Asian Journey
FALSE,none,400000,,FALSE,FALSE,,1,1,Air Buddies
FALSE,none,1800000,,FALSE,FALSE,,1,1,Air Force One
FALSE,Latin,4700000,,FALSE,FALSE,,1,1,Air Force The Movie: Danger Close
FALSE,Latin,6100000,,TRUE,TRUE,2020-01-22,1,1,Airplane Mode
FALSE,none,300000,,FALSE,FALSE,,1,1,Airplane!
FALSE,none,3100000,,FALSE,FALSE,,1,1,Airport '77
FALSE,none,1900000,,FALSE,FALSE,,1,1,Airport (1970)
FALSE,none,900000,,FALSE,FALSE,,1,1,Airport 1975
TRUE,Japanese,5100000,400000,FALSE,FALSE,,8,4,Aiseki Shokudo
FALSE,Devanagari,1100000,,FALSE,FALSE,,1,1,Aiyaary
FALSE,Devanagari,200000,,FALSE,FALSE,,1,1,Aiyyaa
TRUE,none,18800000,800000,TRUE,TRUE,2020-01-10,2,1,AJ and the Queen
FALSE,Devanagari,400000,,FALSE,FALSE,,1,1,Ajab Prem Ki Ghazab Kahani
FALSE,Hebrew,100000,,FALSE,FALSE,,1,1,Ajami
FALSE,Devanagari,1200000,,TRUE,TRUE,2021-04-16,1,1,Ajeeb Daastaans
FALSE,Chinese_or_Kanji,300000,,FALSE,FALSE,,1,1,Ajin: Demi-Human
TRUE,Japanese,4800000,300000,TRUE,TRUE,2016-01-18,4,2,AJIN: Demi-Human
FALSE,none,200000,,TRUE,TRUE,2020-12-24,1,1,AK vs AK
TRUE,Japanese,7600000,800000,FALSE,FALSE,,2,1,Akame ga Kill!
FALSE,none,120000000,,TRUE,TRUE,2023-04-28,1,1,AKA
TRUE,none,300000,,FALSE,FALSE,,1,1,Akbar Birbal
TRUE,Japanese,300000,,FALSE,FALSE,,1,1,AKEBI’s Sailor Uniform
FALSE,none,100000,,FALSE,FALSE,,1,1,Akhirat: A Love Story
FALSE,none,900000,,FALSE,FALSE,,1,1,Aki and Paw Paw
FALSE,none,800000,,FALSE,FALSE,,1,1,Akira (1988)
TRUE,Japanese,100000,,FALSE,FALSE,,1,1,Akudama Drive
TRUE,Japanese,6800000,1400000,TRUE,TRUE,2023-11-09,1,1,Akuma Kun
FALSE,none,300000,,FALSE,FALSE,,1,1,Al acecho (2019)
FALSE,none,400000,,FALSE,FALSE,,1,1,Al bar dello sport
FALSE,Arabic,1100000,,FALSE,FALSE,,1,1,Al Hayba: The Harvest
FALSE,Arabic,1000000,,FALSE,FALSE,,1,1,Al Hayba: The Payback
FALSE,Arabic,2500000,100000,FALSE,FALSE,,2,1,Al Hayba: The Return
TRUE,Arabic,1800000,,FALSE,FALSE,,6,6,Al Kabeer
FALSE,none,200000,,FALSE,FALSE,,1,1,Al son que me toquen bailo
TRUE,Arabic,200000,,FALSE,FALSE,,1,1,Al-Mizan
FALSE,none,3900000,,FALSE,FALSE,,1,1,Ala Vaikunthapurramuloo
FALSE,none,400000,,FALSE,FALSE,,1,1,Alacrán enamorado
FALSE,none,100000,,FALSE,FALSE,,1,1,Alakada Reloaded
FALSE,none,100000,,FALSE,FALSE,,1,1,Alan Partridge
FALSE,Latin,100000,,TRUE,TRUE,2021-06-03,1,1,Alan Saldaña: Locked Up
FALSE,none,200000,100000,FALSE,FALSE,2017-08-04,2,1,Alan Saldaña: Mi vida de pobre
FALSE,none,100000,,FALSE,FALSE,,1,1,Alas Pati: Hutan Mati
TRUE,none,44900000,1300000,FALSE,FALSE,2022-07-15,2,1,Alba
FALSE,none,200000,,FALSE,FALSE,,1,1,Alberto Tomba: vincere in salita
FALSE,none,300000,,FALSE,FALSE,,1,1,Alcatraz (2018)
TRUE,Korean,402500000,5200000,TRUE,TRUE,2022-06-18,4,2,Alchemy of Souls
FALSE,none,100000,,FALSE,FALSE,2018-01-10,1,1,Alejandro Riaño: Especial de stand up
FALSE,none,100000,,FALSE,FALSE,,1,1,Alelí
FALSE,none,1600000,,FALSE,FALSE,,1,1,Alemão
TRUE,Latin,100000,,TRUE,TRUE,2022-03-18,1,1,Alessandro Cattelan: One Simple Question
FALSE,none,800000,,TRUE,TRUE,2018-06-08,1,1,Alex Strangelove
TRUE,none,106900000,11800000,TRUE,TRUE,2018-03-23,8,4,Alexa & Katie
FALSE,none,100000,,FALSE,FALSE,,1,1,Alexander (2004)
FALSE,none,200000,,FALSE,FALSE,,1,1,Alfie (2004)
TRUE,Latin,1100000,200000,FALSE,FALSE,,2,1,Alfie Atkins
FALSE,none,400000,,FALSE,FALSE,,1,1,Alfons Zitterbacke: Das Chaos ist Zurück
FALSE,none,300000,,TRUE,TRUE,2021-06-17,1,1,Ali & Ratu Ratu Queens
FALSE,none,2300000,,FALSE,FALSE,,1,1,Ali (2001)
FALSE,Latin,200000,,FALSE,FALSE,,1,1,Ali Baba and the Seven Dwarfs
FALSE,Arabic,200000,,FALSE,FALSE,,1,1,Ali Baba
FALSE,none,700000,,FALSE,FALSE,,1,1,Ali G Indahouse
FALSE,none,600000,200000,TRUE,TRUE,2016-05-06,2,1,Ali Wong: Baby Cobra
FALSE,none,1800000,400000,TRUE,TRUE,2022-02-14,2,1,Ali Wong: Don Wong
FALSE,none,900000,300000,TRUE,TRUE,2018-05-13,2,1,Ali Wong: Hard Knock Wife
FALSE,none,400000,,FALSE,FALSE,2018-06-08,1,1,Ali's Wedding
TRUE,none,19400000,2400000,TRUE,TRUE,2017-11-03,2,1,Alias Grace
FALSE,none,700000,,FALSE,FALSE,,1,1,"Alias JJ, la celebridad del mal"
FALSE,Devanagari,100000,,FALSE,FALSE,,1,1,Alibaba Aur 40 Chor
TRUE,Japanese,310700000,8200000,TRUE,TRUE,2020-12-10,4,2,Alice in Borderland
FALSE,none,800000,,FALSE,FALSE,,1,1,Alice no Mundo da Internet
TRUE,Korean,5000000,200000,FALSE,FALSE,,2,1,Alice
TRUE,none,41500000,3800000,TRUE,TRUE,2020-08-21,4,2,Alien TV
FALSE,none,800000,,TRUE,TRUE,,1,1,Alien Warfare
TRUE,none,6300000,900000,TRUE,TRUE,2020-12-02,2,1,Alien Worlds
FALSE,none,700000,,TRUE,TRUE,2020-11-20,1,1,Alien Xmas
FALSE,Korean,4700000,,FALSE,FALSE,,1,1,Alienoid Part 1
FALSE,none,1500000,,FALSE,FALSE,,1,1,Aliens in the Attic
FALSE,none,100000,,FALSE,FALSE,,1,1,Aline
FALSE,none,3100000,,FALSE,FALSE,,1,1,Alive (1993)
FALSE,Arabic,5200000,,TRUE,TRUE,2023-01-19,1,1,Alkhallat+
FALSE,Latin,100000,,FALSE,FALSE,2022-04-21,1,1,All About Gila
FALSE,Latin,100000,,FALSE,FALSE,,1,1,All About My Mother
FALSE,Korean,100000,,FALSE,FALSE,,1,1,All About My Wife
FALSE,none,200000,,FALSE,FALSE,,1,1,All About the Benjamins
TRUE,none,3400000,400000,TRUE,TRUE,2018-08-10,2,1,All About the Washingtons
TRUE,none,51400000,900000,FALSE,FALSE,,4,2,All American: Homecoming
TRUE,none,224500000,5500000,FALSE,FALSE,,10,5,All American
FALSE,Latin,200000,,FALSE,FALSE,2020-10-01,1,1,All Because of You
FALSE,none,6400000,,TRUE,TRUE,2020-05-01,1,1,All Day and a Night
FALSE,Arabic,100000,,FALSE,FALSE,,1,1,All Eyes on Him
FALSE,none,300000,,FALSE,FALSE,2017-10-19,1,1,All Eyez on Me
FALSE,Korean,200000,,FALSE,FALSE,,1,1,All for Love
TRUE,Latin,68200000,600000,FALSE,FALSE,2020-06-26,2,1,All For Love
FALSE,Latin,100000,,FALSE,FALSE,,1,1,All Good 2: Back to Square One
FALSE,Latin,100000,,FALSE,FALSE,,1,1,All Good
TRUE,none,12000000,900000,TRUE,TRUE,2017-05-12,2,1,All Hail King Julien: Exiled
TRUE,none,47500000,3900000,TRUE,TRUE,2014-12-19,10,5,All Hail King Julien
FALSE,Latin,2400000,,TRUE,TRUE,2022-03-30,1,1,All Hail
FALSE,none,200000,,FALSE,FALSE,,1,1,All Is True
FALSE,Latin,400000,,FALSE,FALSE,2019-06-06,1,1,All Is Well
FALSE,Latin,200000,,FALSE,FALSE,,1,1,All Mixed Up
FALSE,Latin,1400000,,TRUE,TRUE,2020-12-28,1,1,All My Friends Are Dead
FALSE,none,3500000,,FALSE,FALSE,,1,1,All My Life (2020)
FALSE,none,200000,,FALSE,FALSE,,1,1,All Na Vibes
TRUE,Korean,164300000,5700000,TRUE,TRUE,2022-01-28,2,1,All of Us Are Dead
FALSE,Latin,200000,,FALSE,FALSE,,1,1,All or Nothing
FALSE,none,400000,,FALSE,FALSE,,1,1,All Out!! (2016): オールアウト!!
FALSE,Latin,80000000,,TRUE,TRUE,2022-10-28,1,1,All Quiet on the Western Front
FALSE,none,500000,,FALSE,FALSE,,1,1,All Roads Lead to Rome
TRUE,none,4000000,300000,FALSE,FALSE,,4,2,All That (1995)
FALSE,none,5500000,,TRUE,TRUE,2020-02-28,1,1,All The Bright Places
FALSE,Latin,2100000,,FALSE,FALSE,2020-01-03,1,1,All the Freckles in the World
TRUE,none,129900000,33900000,TRUE,TRUE,2023-11-02,1,1,All the Light We Cannot See
FALSE,none,500000,,FALSE,FALSE,,1,1,All the Money in the World
FALSE,Latin,18400000,,TRUE,TRUE,2023-02-14,1,1,All the Places
FALSE,none,700000,600000,FALSE,FALSE,,1,1,All The Queens Men (2019)
FALSE,Japanese,100000,,FALSE,FALSE,,1,1,All the Things We Never Said
FALSE,none,100000,,FALSE,FALSE,,1,1,All This Mayhem
FALSE,Latin,300000,,FALSE,FALSE,,1,1,All Three of Us
FALSE,none,3100000,,TRUE,TRUE,2020-08-28,1,1,All Together Now
FALSE,none,3800000,,FALSE,FALSE,,1,1,All We Had
FALSE,Chinese_or_Kanji,100000,,FALSE,FALSE,,1,1,"All's Well, End's Well (2009)"
FALSE,none,300000,,FALSE,FALSE,,1,1,AllI Wish
FALSE,none,1900000,,FALSE,FALSE,,1,1,Allied
FALSE,none,500000,,FALSE,FALSE,,1,1,Almost Christmas
TRUE,none,500000,,FALSE,FALSE,,1,1,Almost Fly
TRUE,Latin,700000,,FALSE,FALSE,2020-05-01,2,2,Almost Happy
FALSE,Devanagari,1300000,,FALSE,FALSE,,1,1,Almost Pyaar With DJ Mohabbat
FALSE,none,100000,,FALSE,FALSE,,1,1,Aloevera
FALSE,none,1800000,,FALSE,FALSE,,1,1,Aloha
FALSE,none,700000,,FALSE,FALSE,,1,1,Alone (2020)
FALSE,none,400000,,FALSE,FALSE,,1,1,Alone/Together (2019)
FALSE,Korean,100000,,FALSE,FALSE,,1,1,Aloners
FALSE,Thai,100000,,FALSE,FALSE,,1,1,Alone
TRUE,none,67400000,5000000,FALSE,FALSE,,7,5,Alone
FALSE,none,6300000,,FALSE,FALSE,,1,1,Along Came a Spider
FALSE,none,9500000,,FALSE,FALSE,,1,1,Along Came Polly
FALSE,none,6100000,,TRUE,TRUE,2022-05-06,1,1,Along for the Ride
FALSE,Korean,800000,,FALSE,FALSE,,1,1,Along with the Gods: The Last 49 Days
FALSE,Korean,1400000,,FALSE,FALSE,,1,1,Along with the Gods: The Two Worlds
FALSE,none,3700000,,FALSE,FALSE,,1,1,Alpha (2018)
FALSE,none,700000,,FALSE,FALSE,,1,1,Alpha and Omega
TRUE,Latin,84500000,1100000,FALSE,FALSE,2022-12-30,2,1,Alpha Males
TRUE,Arabic,19800000,2000000,TRUE,TRUE,2021-08-12,2,1,AlRawabi School for Girls
TRUE,none,1200000,100000,FALSE,FALSE,,2,1,Als de dijken breken
FALSE,none,100000,,FALSE,FALSE,,1,1,Altas Expectativas
FALSE,none,200000,,FALSE,FALSE,,1,1,Alter Ego (2017)
FALSE,none,100000,,FALSE,FALSE,2020-11-14,1,1,Alter Me
FALSE,Japanese,700000,,TRUE,TRUE,2020-03-19,1,1,Altered Carbon: Resleeved
TRUE,none,49100000,2900000,TRUE,TRUE,2018-02-02,4,2,Altered Carbon
FALSE,none,300000,,FALSE,FALSE,,1,1,Altrimenti ci arrabbiamo!
FALSE,none,200000,,FALSE,FALSE,,1,1,Alucinados
TRUE,Korean,500000,100000,FALSE,FALSE,,1,1,Alumni Lovers
FALSE,none,100000,,FALSE,FALSE,,1,1,Alvin and the Chipmunks Meet Frankenstein
FALSE,none,400000,,FALSE,FALSE,,1,1,Alvin and the Chipmunks: Chipwrecked
FALSE,none,1900000,,FALSE,FALSE,,1,1,Alvin and the Chipmunks: The Road Chip
FALSE,none,400000,,FALSE,FALSE,,1,1,Alvin and the Chipmunks: The Squeakquel
FALSE,none,300000,,FALSE,FALSE,,1,1,Alvin and the Chipmunks
TRUE,none,195500000,11400000,FALSE,FALSE,,8,4,ALVINNN!!! And the Chipmunks
TRUE,Latin,18800000,1400000,TRUE,TRUE,2019-02-01,4,2,Always a Witch
FALSE,none,1100000,,FALSE,FALSE,,1,1,Always Amore
FALSE,none,300000,,TRUE,TRUE,,1,1,Always Be My Maybe (2016)
FALSE,none,7800000,,TRUE,TRUE,2019-05-31,1,1,Always Be My Maybe
FALSE,none,400000,,FALSE,FALSE,,1,1,Always Shine
FALSE,Korean,300000,,FALSE,FALSE,,1,1,Always
FALSE,Arabic,100000,,FALSE,FALSE,,1,1,Alzheimer's
FALSE,none,100000,,FALSE,FALSE,,1,1,Amadeus
FALSE,none,200000,,FALSE,FALSE,,1,1,Amalgama
FALSE,none,100000,,FALSE,FALSE,,1,1,"Amalia, la secretaria"
FALSE,none,200000,,FALSE,FALSE,,1,1,Amama
FALSE,none,800000,,TRUE,TRUE,2016-09-30,1,1,Amanda Knox
FALSE,none,800000,,TRUE,TRUE,2022-01-21,1,1,Amandla
FALSE,none,1500000,,TRUE,TRUE,,1,1,Amar (2017)
FALSE,none,200000,,FALSE,FALSE,,1,1,Amateur Night (2016)
FALSE,none,4100000,,TRUE,TRUE,2018-04-06,1,1,Amateur
TRUE,none,600000,100000,FALSE,FALSE,,2,1,Amazing Grace (2020)
TRUE,none,300000,,FALSE,FALSE,,2,2,Amazing Hotels: Life Beyond the Lobby
TRUE,none,4700000,300000,TRUE,TRUE,2018-07-20,2,1,Amazing Interiors
FALSE,none,100000,,FALSE,FALSE,,1,1,Amazones
FALSE,none,1500000,,FALSE,FALSE,,1,1,Ambulance (2022)
FALSE,none,900000,,FALSE,FALSE,,1,1,Ambush (2023)
TRUE,none,1100000,100000,TRUE,TRUE,2021-02-17,2,1,Amend: The Fight for America
TRUE,Chinese_or_Kanji,100000,,FALSE,FALSE,,1,1,Amensalism
FALSE,none,200000,,FALSE,FALSE,,1,1,America's Sweethearts
FALSE,Latin,100000,,FALSE,FALSE,,1,1,"America, Here We Come!"
FALSE,none,800000,,TRUE,TRUE,2021-06-30,1,1,America: The Motion Picture
FALSE,none,11400000,,FALSE,FALSE,,1,1,American Assassin
FALSE,none,100000,,FALSE,FALSE,,1,1,American Beauty
FALSE,none,800000,,TRUE,TRUE,2019-08-21,1,1,American Factory
FALSE,none,14100000,,FALSE,FALSE,,1,1,American Gangster (2007)
FALSE,Chinese_or_Kanji,200000,,FALSE,FALSE,,1,1,American Girl
FALSE,none,2700000,,FALSE,FALSE,,1,1,American Graffiti
FALSE,none,7400000,,FALSE,FALSE,,1,1,American Hustle
FALSE,none,7200000,,FALSE,FALSE,,1,1,American Made
TRUE,none,53900000,2000000,TRUE,TRUE,2023-04-12,2,1,American Manhunt: The Boston Marathon Bombing
FALSE,none,500000,100000,FALSE,FALSE,,2,1,American Masters: Inventing David Geffen
FALSE,none,7300000,,TRUE,TRUE,2020-09-30,1,1,American Murder: The Family Next Door
TRUE,none,5000000,300000,FALSE,FALSE,,2,2,American Ninja Warrior
FALSE,none,400000,,FALSE,FALSE,,1,1,American Outlaws
TRUE,none,13700000,600000,FALSE,FALSE,,2,1,American Pickers
FALSE,none,800000,,FALSE,FALSE,,1,1,American Pie 2
FALSE,none,400000,,FALSE,FALSE,,1,1,American Pie Presents: Band Camp
FALSE,none,400000,,FALSE,FALSE,,1,1,American Pie Presents: Beta House
FALSE,none,300000,,FALSE,FALSE,,1,1,American Pie Presents: The Book of Love
FALSE,none,6600000,,FALSE,FALSE,,1,1,American Pie Presents: The Naked Mile
FALSE,none,2100000,,FALSE,FALSE,,1,1,American Pie: Girls' Rules
FALSE,none,1500000,,FALSE,FALSE,,1,1,American Pie
FALSE,none,1300000,,FALSE,FALSE,,1,1,American Psycho
FALSE,none,100000,,FALSE,FALSE,,1,1,American Reunion
FALSE,none,5100000,,FALSE,FALSE,,1,1,American Sniper
FALSE,none,1200000,,TRUE,TRUE,2019-11-01,1,1,American Son
FALSE,none,900000,,FALSE,FALSE,,1,1,American Underdog: The Kurt Warner Story
TRUE,none,3600000,300000,TRUE,TRUE,2017-09-15,4,2,American Vandal
FALSE,none,400000,,FALSE,FALSE,,1,1,American Wedding
FALSE,none,200000,,FALSE,FALSE,,1,1,American Woman (2018)
FALSE,none,500000,,FALSE,FALSE,,1,1,American Woman (2019)
FALSE,none,100000,,FALSE,FALSE,,1,1,Amiche da morire
FALSE,none,200000,,FALSE,FALSE,,1,1,Amici come noi
FALSE,none,4000000,,FALSE,FALSE,,1,1,Amigos (2023)
FALSE,none,3200000,,TRUE,TRUE,2021-11-04,1,1,Amina
FALSE,none,3200000,,FALSE,FALSE,,1,1,Amistad
FALSE,none,200000,100000,TRUE,TRUE,2020-02-28,2,1,Amit Tandon: Family Tandoncies
FALSE,Arabic,100000,,FALSE,FALSE,,1,1,Ammar
FALSE,none,300000,,FALSE,FALSE,,1,1,Ammonite
FALSE,Latin,100000,,FALSE,FALSE,,1,1,Amnesty
FALSE,none,100000,,FALSE,FALSE,,1,1,Amok (2017)
FALSE,Latin,1000000,,TRUE,TRUE,,1,1,Among Family
FALSE,none,1700000,,FALSE,FALSE,,1,1,Amores perros
FALSE,none,100000,,FALSE,FALSE,,1,1,Amour
TRUE,none,700000,100000,TRUE,TRUE,2018-04-09,2,1,Amo
FALSE,Arabic,100000,,FALSE,FALSE,,1,1,Amr's in Trouble
FALSE,Arabic,100000,,FALSE,FALSE,,1,1,Amra & the Second Marriage
FALSE,Devanagari,100000,,FALSE,FALSE,,1,1,Amrapali
FALSE,none,100000,,FALSE,FALSE,,1,1,Amrutham Chandamamalo
FALSE,Latin,100000,,FALSE,FALSE,,1,1,Amsterdam Vice
FALSE,none,600000,100000,TRUE,TRUE,2019-03-19,2,1,Amy Schumer Growing
FALSE,none,300000,100000,TRUE,TRUE,2022-06-11,2,1,Amy Schumer Presents: Parental Advisory
FALSE,none,3900000,800000,TRUE,TRUE,2023-06-13,2,1,Amy Schumer: Emergency Contact
FALSE,none,300000,100000,TRUE,TRUE,2017-03-07,2,1,Amy Schumer: The Leather Special
FALSE,none,100000,,FALSE,FALSE,,1,1,Amy Tan: Unintended Memoir
FALSE,Latin,200000,,FALSE,FALSE,,1,1,Amélie
FALSE,Devanagari,15600000,,FALSE,FALSE,,1,1,An Action Hero
FALSE,Latin,500000,,FALSE,FALSE,,1,1,An Almost Perfect Scam
FALSE,none,1200000,,FALSE,FALSE,,1,1,An American Haunting
FALSE,none,100000,,FALSE,FALSE,,1,1,An Angel at My Table
FALSE,Latin,100000,,FALSE,FALSE,,1,1,An Anthology of Feelings
TRUE,Latin,12500000,1800000,TRUE,TRUE,2021-10-27,4,2,An Astrological Guide for Broken Hearts
FALSE,Latin,2300000,,FALSE,FALSE,2020-08-13,1,1,An Easy Girl
FALSE,none,800000,,FALSE,FALSE,,1,1,An Education
FALSE,none,400000,,FALSE,FALSE,,1,1,An Elf's Story: The Elf on the Shelf
FALSE,Korean,100000,,FALSE,FALSE,,1,1,An Ethics Lesson
FALSE,none,300000,,FALSE,FALSE,,1,1,An Evening with Beverly Luff Linn
FALSE,none,4900000,,TRUE,TRUE,,1,1,An Inconvenient Love
TRUE,Japanese,100000,,FALSE,FALSE,,1,1,An Incurable Case of Love
TRUE,Japanese,500000,,FALSE,FALSE,,1,1,An Invisible Cradle
FALSE,none,2100000,,FALSE,FALSE,,1,1,An Unfinished Life
FALSE,Latin,100000,,TRUE,TRUE,2020-12-17,1,1,An Unremarkable Christmas
FALSE,none,200000,,FALSE,FALSE,,1,1,Ana e Vitória
TRUE,none,4000000,200000,FALSE,FALSE,,2,1,Ana Tramel: El juego
FALSE,none,200000,,FALSE,FALSE,,1,1,Anaamika
FALSE,Latin,100000,,FALSE,FALSE,,1,1,Anaconda - Silent Killer
FALSE,none,3400000,,FALSE,FALSE,,1,1,Anacondas: The Hunt for the Blood Orchid
FALSE,none,700000,,FALSE,FALSE,,1,1,Anaconda
FALSE,none,100000,,FALSE,FALSE,,1,1,Anak Bulan
TRUE,Thai,4600000,600000,TRUE,TRUE,2023-12-07,1,1,Analog Squad
TRUE,none,39100000,3400000,TRUE,TRUE,2022-04-15,2,1,Anatomy of a Scandal
FALSE,Latin,300000,,FALSE,FALSE,,1,1,Anatomy of Evil
FALSE,none,300000,,FALSE,FALSE,,1,1,Anbe Sivam
FALSE,none,500000,,FALSE,FALSE,,1,1,Anchorman: The Legend of Ron Burgundy
FALSE,Korean,1300000,,FALSE,FALSE,,1,1,Anchor
TRUE,none,29100000,2800000,FALSE,FALSE,,5,4,Ancient Aliens
TRUE,none,51400000,3700000,TRUE,TRUE,2022-11-11,2,1,Ancient Apocalypse
FALSE,Latin,100000,,FALSE,FALSE,2019-01-04,1,1,And Breathe Normally
TRUE,Japanese,300000,,FALSE,FALSE,,1,1,And Life Gose On
FALSE,Japanese,1000000,,FALSE,FALSE,,1,1,And So The Baton Is Passed
FALSE,Latin,200000,,FALSE,FALSE,2021-05-06,1,1,And Tomorrow the Entire World
FALSE,none,200000,,FALSE,FALSE,,1,1,Andainya Takdir 2
FALSE,none,300000,,FALSE,FALSE,,1,1,Andainya Takdir
FALSE,none,200000,,FALSE,FALSE,,1,1,Andala Rakshasi
FALSE,Devanagari,1400000,,FALSE,FALSE,,1,1,Andhadhun
FALSE,none,200000,,FALSE,FALSE,,1,1,Andhaghaaram
FALSE,none,200000,,FALSE,FALSE,,1,1,Andhakaaram
FALSE,none,200000,,FALSE,FALSE,,1,1,Andiamo a quel paese
FALSE,none,200000,,FALSE,FALSE,,1,1,Andreaskorset
FALSE,none,4800000,1000000,TRUE,FALSE,2023-01-10,2,1,Andrew Santino: Cheeseburger
FALSE,none,100000,,TRUE,TRUE,,1,1,André & his olive tree
FALSE,Devanagari,1300000,,FALSE,FALSE,,1,1,Anek
FALSE,Latin,200000,,TRUE,TRUE,2020-08-05,1,1,Anelka: Misunderstood
FALSE,none,500000,,FALSE,FALSE,,1,1,Ang Pangarap Kong Holdap
FALSE,none,100000,,FALSE,FALSE,,1,1,Angamaly Diaries
TRUE,none,100000,,FALSE,FALSE,,1,1,Angel Beats!
FALSE,none,5300000,,FALSE,FALSE,,1,1,Angel Eyes (2001)
TRUE,Korean,1100000,,FALSE,FALSE,,1,1,Angel Eyes
FALSE,none,1600000,,FALSE,FALSE,,1,1,Angel Falls Christmas
FALSE,none,2500000,,FALSE,FALSE,,1,1,Angel Has Fallen
FALSE,none,500000,,FALSE,FALSE,,1,1,Angel of Death (2009)
FALSE,none,200000,,FALSE,FALSE,,1,1,Angel of Mine
FALSE,Latin,100000,,FALSE,FALSE,,1,1,Angel of the Lord
TRUE,Korean,17800000,400000,FALSE,FALSE,,2,1,Angel's Last Mission: Love
TRUE,none,6100000,600000,FALSE,FALSE,,2,1,Angela Black
FALSE,none,200000,,FALSE,FALSE,,1,1,Angela's Ashes
FALSE,none,700000,,TRUE,TRUE,2020-12-01,1,1,Angela's Christmas 2
FALSE,none,400000,,TRUE,TRUE,2018-11-30,1,1,Angela's Christmas
TRUE,none,1000000,100000,FALSE,FALSE,,3,2,Angelina Ballerina
TRUE,none,4100000,200000,FALSE,FALSE,,2,1,Angelo Rules
FALSE,none,8400000,,FALSE,FALSE,,1,1,Angels & Demons
TRUE,Japanese,300000,,FALSE,FALSE,,1,1,Angels of Death
FALSE,none,900000,,FALSE,FALSE,,1,1,Anger Management (2003)
TRUE,none,1200000,400000,FALSE,FALSE,,1,1,"Anglés, historia de una fuga"
FALSE,none,6100000,2300000,TRUE,TRUE,,2,1,Angry Birds: Season 4 - Slingshot Stories & Bubble Trouble
TRUE,none,8700000,1000000,TRUE,TRUE,2022-01-28,6,3,Angry Birds: Summer Madness
TRUE,none,8200000,1500000,TRUE,TRUE,,2,1,Angry Birds
FALSE,none,400000,,FALSE,FALSE,,1,1,Angu Vaikuntapurathu (Malayalam)
FALSE,none,100000,,TRUE,TRUE,2021-11-26,1,1,Angèle
FALSE,none,100000,,FALSE,FALSE,,1,1,Ani... Dr. Kashinath Ghanekar
FALSE,none,200000,,FALSE,FALSE,,1,1,Animal (2014)
FALSE,none,10100000,,FALSE,FALSE,2020-07-24,1,1,Animal Crackers
TRUE,none,28900000,1500000,FALSE,FALSE,,12,6,Animal Kingdom
TRUE,none,900000,,FALSE,FALSE,,2,2,Animal Park
FALSE,Chinese_or_Kanji,300000,,FALSE,FALSE,,1,1,Animal World
FALSE,none,4300000,,TRUE,TRUE,2021-02-16,1,1,Animals on the Loose: A You vs. Wild Movie
TRUE,Japanese,1600000,300000,FALSE,FALSE,,1,1,Animals
TRUE,none,26800000,3900000,TRUE,TRUE,2021-11-10,4,2,Animal
TRUE,none,2000000,600000,FALSE,FALSE,,2,1,Animanimals
FALSE,Latin,300000,,FALSE,FALSE,2019-01-25,1,1,Animas
FALSE,Japanese,600000,,FALSE,FALSE,,1,1,Anime Supremacy!
TRUE,none,600000,100000,TRUE,TRUE,2020-12-15,2,1,Anitta: Made In Honório
FALSE,none,300000,,FALSE,FALSE,,1,1,Anjaam (1994)
FALSE,none,500000,,FALSE,FALSE,,1,1,Anjaan
FALSE,none,600000,200000,TRUE,TRUE,2015-10-02,2,1,Anjelah Johnson: Not Fancy
FALSE,Devanagari,400000,,TRUE,TRUE,2021-09-17,1,1,Ankahi Kahaniya
FALSE,none,500000,,FALSE,FALSE,,1,1,Ankhon Dekhi
FALSE,none,100000,,FALSE,FALSE,,1,1,Anklaget
FALSE,none,7100000,,FALSE,FALSE,,1,1,Anna (2019)
FALSE,none,200000,,FALSE,FALSE,,1,1,Anna Karenina (2012)
FALSE,none,26100000,,TRUE,TRUE,2023-05-16,1,1,Anna Nicole Smith: You Don't Know Me
FALSE,none,800000,,FALSE,FALSE,,1,1,Annaatthe (Hindi)
FALSE,none,200000,,FALSE,FALSE,,1,1,Annaatthe (Telugu)
FALSE,none,600000,,FALSE,FALSE,,1,1,Annaatthe
FALSE,none,1100000,,FALSE,FALSE,,1,1,Annabelle Comes Home
FALSE,none,1700000,,FALSE,FALSE,,1,1,Annabelle: Creation
FALSE,none,1900000,,FALSE,FALSE,,1,1,Annabelle
TRUE,none,168000000,11700000,TRUE,TRUE,2017-05-12,6,3,Anne with an E
FALSE,Latin,800000,,TRUE,TRUE,2022-02-11,1,1,Anne+: The Film
FALSE,none,700000,,FALSE,FALSE,,1,1,Annie (1982)
FALSE,none,2700000,,FALSE,FALSE,,1,1,Annie (2014)
FALSE,none,9000000,,FALSE,FALSE,2018-03-12,1,1,Annihilation
FALSE,Japanese,200000,,FALSE,FALSE,,1,1,Anoko no Toriko
FALSE,Latin,5700000,,TRUE,TRUE,2021-12-10,1,1,Anonymously Yours
FALSE,none,2000000,,FALSE,FALSE,2018-05-04,1,1,Anon
TRUE,none,33200000,2000000,TRUE,TRUE,2019-07-25,4,2,Another Life
TRUE,Korean,13200000,300000,TRUE,TRUE,,2,1,Another Miss Oh
FALSE,Korean,300000,,FALSE,FALSE,,1,1,Another Public Enemy
FALSE,Latin,1300000,,FALSE,FALSE,,1,1,Another Round
TRUE,Latin,39100000,2100000,TRUE,TRUE,2022-07-28,2,1,Another Self
TRUE,none,100000,,FALSE,FALSE,,1,1,Another
TRUE,Thai,300000,,FALSE,FALSE,2019-06-27,1,1,Answer for Heaven
FALSE,none,100000,,FALSE,FALSE,,1,1,Ante Sundaraniki (Malayalam)
FALSE,none,600000,,FALSE,FALSE,,1,1,Ante Sundaraniki (Tamil)
FALSE,none,1200000,,FALSE,FALSE,,1,1,Ante Sundaraniki
FALSE,none,300000,,FALSE,FALSE,,1,1,Antebellum
FALSE,none,1200000,500000,TRUE,TRUE,2019-04-30,2,1,Anthony Jeselnik: Fire in the Maternity Ward
FALSE,none,700000,300000,TRUE,TRUE,2015-10-16,2,1,Anthony Jeselnik: Thoughts and Prayers
FALSE,none,100000,,FALSE,FALSE,,1,1,Anti-Life
FALSE,Latin,100000,,TRUE,TRUE,2019-03-21,1,1,Antoine Griezmann: The Making of a Legend
FALSE,none,800000,,FALSE,FALSE,,1,1,Antz
FALSE,none,100000,,FALSE,FALSE,,1,1,Anukokunda Oka Roju
TRUE,Latin,1200000,200000,TRUE,TRUE,2021-12-29,2,1,Anxious People
FALSE,Latin,1500000,,FALSE,FALSE,,1,1,Anything for a Pop Star
FALSE,none,3300000,,TRUE,TRUE,2022-09-30,1,1,Aníkúlápó
FALSE,Chinese_or_Kanji,100000,,FALSE,FALSE,,1,1,Ao Oni ver.2.0
TRUE,Japanese,2000000,100000,FALSE,FALSE,,2,1,Aoashi
TRUE,Latin,6000000,500000,FALSE,FALSE,2019-08-16,2,1,Apache: The Life of Carlos Tevez
TRUE,none,100000,,FALSE,FALSE,,1,1,Apaches
FALSE,none,200000,,FALSE,FALSE,,1,1,Apartment 1303 (2012)
FALSE,Latin,400000,100000,FALSE,FALSE,,2,1,Apocalypse - World War II: Apocalypse - La 2ème guerre mondiale
FALSE,none,1500000,,FALSE,FALSE,,1,1,Apocalypse Now Redux
FALSE,none,200000,,TRUE,TRUE,2022-04-01,1,1,Apollo 10 1/2: A Space Age Childhood
FALSE,none,500000,,FALSE,FALSE,,1,1,Apollo 11 (2019)
FALSE,none,100000,,FALSE,FALSE,,1,1,Apollo 17: The Untold Story of the Last Men on the Moon
FALSE,none,4600000,,TRUE,TRUE,2018-10-12,1,1,Apostle
FALSE,Thai,100000,,FALSE,FALSE,,1,1,App War
FALSE,none,300000,,FALSE,FALSE,,1,1,Appaloosa
FALSE,Arabic,100000,,FALSE,FALSE,,1,1,Apple of my Eyes
FALSE,none,500000,,FALSE,FALSE,,1,1,Appleseed Alpha
FALSE,none,100000,,FALSE,FALSE,,1,1,Appointment in London
FALSE,Korean,200000,,FALSE,FALSE,,1,1,April Snow
FALSE,Latin,500000,,FALSE,FALSE,,1,1,"April, May, June"
FALSE,none,6800000,,FALSE,FALSE,,1,1,Aquaman (2018)
TRUE,none,9900000,600000,FALSE,FALSE,,4,2,Aquarius (2015)
FALSE,none,11600000,400000,FALSE,FALSE,,2,1,Aquí no hay quien viva (2003): Temporada 1
FALSE,none,12100000,400000,FALSE,FALSE,,2,1,Aquí no hay quien viva (2003): Temporada 2
FALSE,none,12100000,500000,FALSE,FALSE,,2,1,Aquí no hay quien viva (2003): Temporada 3
FALSE,none,25100000,500000,FALSE,FALSE,,2,1,Aquí no hay quien viva (2003): Temporada 4
FALSE,none,15000000,500000,FALSE,FALSE,,2,1,Aquí no hay quien viva (2003): Temporada 5
FALSE,none,15900000,400000,FALSE,FALSE,,2,1,Aquí no hay quien viva (2003): Temporada 6
FALSE,Korean,400000,,FALSE,FALSE,,1,1,Arahan
TRUE,Devanagari,6300000,600000,TRUE,TRUE,2021-12-10,2,1,Aranyak
TRUE,none,300000,,TRUE,TRUE,2019-12-31,1,1,ARASHI's Diary -Voyage-
FALSE,none,200000,,FALSE,FALSE,,1,1,Arbitrage
TRUE,none,29600000,2300000,TRUE,TRUE,2021-11-06,2,1,Arcane
TRUE,none,53600000,7600000,FALSE,FALSE,,27,14,Archer (2009)
TRUE,none,15200000,1400000,TRUE,TRUE,2019-09-06,4,2,Archibald's Next Big Thing
FALSE,Korean,200000,,FALSE,FALSE,,1,1,Architecture 101
TRUE,none,16300000,1100000,TRUE,TRUE,2022-01-14,2,1,Archive 81
FALSE,none,2500000,,FALSE,FALSE,,1,1,Archive
FALSE,none,900000,,FALSE,FALSE,,1,1,Archiwista (2020)
FALSE,none,7200000,,FALSE,FALSE,,1,1,Arctic (2018)
FALSE,none,3400000,,FALSE,FALSE,2019-11-29,1,1,Arctic Dogs
FALSE,Korean,200000,,FALSE,FALSE,,1,1,Ardor
FALSE,none,2300000,,FALSE,FALSE,,1,1,Are We Done Yet? (2007)
FALSE,none,1800000,,FALSE,FALSE,,1,1,Are We There Yet? (2005)
TRUE,none,800000,100000,FALSE,FALSE,,2,1,Are You Afraid of the Dark? (2019)
TRUE,Korean,15300000,700000,FALSE,FALSE,,2,1,Are You Human
TRUE,none,3900000,,FALSE,FALSE,,2,2,Are You the One?
FALSE,none,100000,,FALSE,FALSE,,1,1,Area 51
TRUE,none,2200000,300000,TRUE,TRUE,2020-01-17,2,1,Ares
FALSE,none,600000,,FALSE,FALSE,,1,1,Argo (2012)
FALSE,none,300000,100000,TRUE,TRUE,2020-12-02,2,1,Ari Eldjárn: Pardon My Icelandic
FALSE,none,200000,100000,TRUE,TRUE,2017-07-18,2,1,Ari Shaffir: Double Negative: Collection
FALSE,none,700000,,TRUE,TRUE,2020-12-21,1,1,"ariana grande: excuse me, i love you"
FALSE,none,100000,,FALSE,FALSE,,1,1,Arianna
FALSE,none,400000,,FALSE,FALSE,,1,1,Arif V 216
FALSE,Japanese,2900000,200000,FALSE,FALSE,,2,1,Arifureta: From Commonplace to World's Strongest: 1st season
FALSE,Japanese,2500000,200000,FALSE,FALSE,,2,1,Arifureta: From Commonplace to World's Strongest: 2nd season
FALSE,none,100000,,TRUE,TRUE,,1,1,Arini by Love.inc
FALSE,none,500000,,FALSE,FALSE,,1,1,Arisaka
FALSE,Japanese,200000,,FALSE,FALSE,,1,1,Aristocrats
FALSE,none,200000,,FALSE,FALSE,,1,1,Ariyippu/Declaration
TRUE,Japanese,2500000,100000,TRUE,FALSE,2023-03-14,2,1,Ariyoshi Assists
FALSE,none,1100000,,TRUE,TRUE,2021-04-16,1,1,Arlo the Alligator Boy
FALSE,none,300000,,FALSE,FALSE,,1,1,Armageddon Time
FALSE,none,400000,100000,FALSE,FALSE,,2,1,Armed and Deadly: Gang Wars Season 2
FALSE,none,500000,100000,FALSE,FALSE,,2,1,Armed and Deadly: Police UK Season 1
FALSE,Latin,200000,,FALSE,FALSE,,1,1,Armed to the Teeth
TRUE,Korean,200000,,FALSE,FALSE,,2,2,Armored saurus
FALSE,Chinese_or_Kanji,200000,,FALSE,FALSE,,1,1,Armour of God 2: Operation Condor
FALSE,Chinese_or_Kanji,100000,,FALSE,FALSE,,1,1,Armour of God
FALSE,Latin,100000,,FALSE,FALSE,,1,1,Army of Crime
FALSE,none,26200000,,FALSE,FALSE,,1,1,Army of One (2020)
FALSE,none,27300000,,TRUE,TRUE,2021-05-21,1,1,Army of the Dead
FALSE,none,28100000,,TRUE,TRUE,2021-10-29,1,1,Army of Thieves
FALSE,none,100000,,FALSE,FALSE,,1,1,Arn: Riket vid vägens slut
FALSE,Latin,100000,,FALSE,FALSE,,1,1,Arn: The Knight Templar
TRUE,none,76700000,7600000,TRUE,TRUE,2023-06-07,2,1,Arnold
FALSE,none,8500000,,FALSE,FALSE,,1,1,Around the World in 80 Days (2004)
FALSE,none,500000,,FALSE,FALSE,,1,1,Around the World in 80 Days (2021)
TRUE,none,17400000,3300000,TRUE,TRUE,,2,1,Arpo
FALSE,none,800000,,TRUE,TRUE,2016-09-16,1,1,ARQ
FALSE,none,13900000,700000,FALSE,FALSE,2018-05-03,2,1,Arrested Development: Season 4 Remix: Fateful Consequences
TRUE,none,73900000,4800000,FALSE,FALSE,2010-04-01,8,4,Arrested Development
FALSE,Japanese,4500000,,FALSE,FALSE,,1,1,Arrietty
FALSE,none,7900000,,FALSE,FALSE,,1,1,Arrival (2016)
FALSE,none,500000,,FALSE,FALSE,,1,1,Arrivano i prof
TRUE,none,271800000,7300000,FALSE,FALSE,,16,8,Arrow
FALSE,none,200000,100000,TRUE,TRUE,2019-10-29,2,1,Arsenio Hall: Smart & Classy
FALSE,Thai,200000,,FALSE,FALSE,,1,1,Art of the Devil III
FALSE,Thai,200000,,FALSE,FALSE,,1,1,Art of the Devil II
FALSE,Thai,1000000,100000,FALSE,FALSE,,2,1,Art of the Devil Series
FALSE,Thai,100000,,FALSE,FALSE,,1,1,Art of the Devil
TRUE,Korean,25000000,600000,TRUE,TRUE,2019-06-01,2,1,Arthdal Chronicles
FALSE,none,400000,,FALSE,FALSE,,1,1,Arthur and the Invisibles
FALSE,none,2500000,,FALSE,FALSE,,1,1,Arthur Christmas
FALSE,Devanagari,1100000,,FALSE,FALSE,,1,1,Article 15
TRUE,Korean,2700000,100000,FALSE,FALSE,,2,1,Artificial City
FALSE,Latin,100000,,FALSE,FALSE,,1,1,Aruna & Her Palate
FALSE,none,5000000,,FALSE,FALSE,,1,1,"As Above, So Below (2014)"
TRUE,none,71300000,100000,FALSE,FALSE,,2,1,As Aventuras de Poliana
FALSE,none,300000,,FALSE,FALSE,,1,1,As Boas Maneiras
FALSE,none,1300000,,FALSE,FALSE,,1,1,As Good as It Gets (1997)
FALSE,none,200000,,FALSE,FALSE,,1,1,As Mães de Chico Xavier
TRUE,Latin,46700000,6500000,TRUE,TRUE,2022-06-03,3,2,As the Crow Flies
FALSE,Japanese,200000,,FALSE,FALSE,,1,1,As the Gods Will
FALSE,Chinese_or_Kanji,100000,,FALSE,FALSE,,1,1,As the Light Goes Out
FALSE,Japanese,400000,,TRUE,TRUE,2021-12-09,1,1,Asakusa Kid
TRUE,Japanese,100000,,FALSE,FALSE,,1,1,Ascendance of a Bookworm
FALSE,Devanagari,400000,,FALSE,FALSE,,1,1,Ascharyachakit!
TRUE,none,7800000,300000,FALSE,FALSE,,6,3,Ash vs. Evil Dead
FALSE,none,1100000,,FALSE,FALSE,,1,1,Ashes in the Snow
FALSE,Chinese_or_Kanji,19400000,200000,FALSE,FALSE,,2,1,Ashes of love
FALSE,Korean,2800000,,FALSE,FALSE,,1,1,Ashfall
FALSE,none,800000,800000,TRUE,TRUE,2020-12-09,2,1,Ashley Garcia: Genius in Love: Christmas
TRUE,none,15300000,2100000,TRUE,TRUE,2020-02-17,4,2,Ashley Garcia: Genius in Love
FALSE,none,100000,,FALSE,FALSE,,1,1,Ashman
FALSE,none,200000,,FALSE,FALSE,,1,1,Asih
TRUE,none,1200000,100000,FALSE,FALSE,2018-10-18,2,1,Ask the Doctor
TRUE,Korean,100000,,FALSE,FALSE,2021-05-04,1,1,Ask the Storybots Korea Edition
TRUE,none,28100000,4000000,TRUE,FALSE,2016-08-12,6,3,Ask the StoryBots
FALSE,Korean,400000,,FALSE,FALSE,,1,1,Ask Us Anything Fortune Teller: 2021-2022
FALSE,Korean,800000,,FALSE,FALSE,,1,1,Ask Us Anything Fortune Teller: 2022.11-
FALSE,Korean,3400000,100000,FALSE,FALSE,,2,1,Ask Us Anything Fortune Teller: 2023
FALSE,Japanese,200000,,FALSE,FALSE,,1,1,Asobi Asobase: Workshop Of Fun: 第一期
FALSE,Devanagari,800000,,FALSE,FALSE,,1,1,Asoka
FALSE,none,100000,,TRUE,TRUE,,1,1,Asperger's Are Us
FALSE,none,200000,,FALSE,FALSE,,1,1,Assassin's Bullet
FALSE,none,8200000,,FALSE,FALSE,,1,1,Assassin's Creed
FALSE,Chinese_or_Kanji,100000,,FALSE,FALSE,,1,1,Assassination Classroom: Graduation
FALSE,Chinese_or_Kanji,200000,,FALSE,FALSE,,1,1,Assassination Classroom
TRUE,Chinese_or_Kanji,18600000,1000000,FALSE,FALSE,,4,2,Assassination Classroom
FALSE,Korean,300000,,FALSE,FALSE,,1,1,Assassination
FALSE,none,100000,,FALSE,FALSE,,1,1,Assault on Precinct 13 (2005)
FALSE,Arabic,100000,,FALSE,FALSE,,1,1,Assembly Paper
FALSE,Chinese_or_Kanji,100000,,FALSE,FALSE,,1,1,Assembly
FALSE,Latin,800000,,FALSE,FALSE,,1,1,Asterix & Obelix at the Olympics
FALSE,Latin,1000000,,FALSE,FALSE,,1,1,Asterix: The 12 Tasks
FALSE,Latin,300000,,FALSE,FALSE,,1,1,Asterix: The Secret of the Magic Potion
FALSE,none,6200000,,FALSE,FALSE,,1,1,Astro Boy (2009)
TRUE,none,100000,,TRUE,TRUE,2019-12-06,1,1,Astronomy Club: The Sketch Show
FALSE,Latin,16600000,,FALSE,FALSE,2023-05-19,1,1,Astérix & Obélix: The Middle Kingdom
FALSE,Latin,1300000,,FALSE,FALSE,,1,1,Astérix: The Mansion of the Gods
TRUE,Japanese,400000,,FALSE,FALSE,,1,1,Asuka High School March!
FALSE,none,400000,,FALSE,FALSE,,1,1,Asura Guru
FALSE,Korean,700000,,FALSE,FALSE,,1,1,Asura: The City of Madness
FALSE,none,100000,,FALSE,FALSE,2019-02-14,1,1,At Eternity's Gate
TRUE,none,50500000,9900000,TRUE,TRUE,2023-08-16,1,1,At Home With The Furys
FALSE,Latin,100000,,FALSE,FALSE,,1,1,At Stake
FALSE,none,100000,,FALSE,FALSE,,1,1,At the Earth's Core
FALSE,Latin,400000,,FALSE,FALSE,,1,1,At the End of the Tunnel
TRUE,Chinese_or_Kanji,10500000,1200000,TRUE,TRUE,2023-11-10,1,1,At the Moment
FALSE,Latin,100000,,FALSE,FALSE,,1,1,At War for Love
FALSE,none,100000,,FALSE,FALSE,,1,1,Atak Paniki
FALSE,Chinese_or_Kanji,600000,,FALSE,FALSE,,1,1,Ataru: the First Love & the Last Kill
TRUE,Japanese,700000,100000,FALSE,FALSE,,1,1,Atelier Ryza: Ever Darkness & the Secret Hideout
TRUE,Japanese,1700000,100000,TRUE,TRUE,2015-08-31,2,1,Atelier
FALSE,none,4500000,,TRUE,TRUE,2022-09-23,1,1,ATHENA
FALSE,none,2300000,,TRUE,TRUE,2020-06-24,1,1,Athlete A
FALSE,none,200000,,FALSE,FALSE,,1,1,Athos
FALSE,none,500000,,FALSE,FALSE,,1,1,Atithi Devo Bhava
FALSE,none,1500000,100000,FALSE,FALSE,,2,1,Atlanta (2016): Robbin' Season
TRUE,none,5300000,500000,FALSE,FALSE,,5,3,Atlanta
FALSE,none,600000,,FALSE,FALSE,2019-11-29,1,1,Atlantics
FALSE,Thai,700000,,FALSE,FALSE,,1,1,ATM 2
FALSE,Thai,100000,,FALSE,FALSE,,1,1,ATM
FALSE,none,1500000,,FALSE,FALSE,,1,1,Atomic Blonde
FALSE,none,900000,,FALSE,FALSE,,1,1,Atonement
TRUE,Japanese,500000,,FALSE,FALSE,,2,2,Atsushi Tamura no Chijoha deha Dame! Zettai!
FALSE,none,700000,,TRUE,TRUE,2021-09-28,1,1,Attack of the Hollywood Clichés!
FALSE,none,1200000,,FALSE,FALSE,,1,1,Attack on Finland
TRUE,none,4000000,800000,FALSE,FALSE,,2,1,Attack on Pearl Harbor: Minute by Minute
FALSE,Japanese,800000,100000,FALSE,FALSE,,2,1,Attack on Titan OAD Series
FALSE,Japanese,12300000,1300000,FALSE,FALSE,,2,1,Attack on Titan: Season 3 Part 1
FALSE,Japanese,10900000,1300000,FALSE,FALSE,,2,1,Attack on Titan: Season 3 Part 2
FALSE,Japanese,16000000,1300000,FALSE,FALSE,,2,1,Attack on Titan: The Final Season Part 1
FALSE,Japanese,12200000,1400000,FALSE,FALSE,,2,1,Attack on Titan: The Final Season Part 2
FALSE,Japanese,14300000,3800000,FALSE,FALSE,,2,1,Attack on Titan: The Final Season Part 3
TRUE,Japanese,52100000,2900000,FALSE,FALSE,,6,2,Attack on Titan
FALSE,none,200000,,FALSE,FALSE,,1,1,Attack the Block
FALSE,none,300000,,FALSE,FALSE,,1,1,Attarintiki Daredi
FALSE,none,300000,,FALSE,FALSE,,1,1,Attenti al gorilla
FALSE,none,100000,,FALSE,FALSE,,1,1,Attention Please
TRUE,none,66500000,5400000,TRUE,TRUE,2017-08-11,8,4,Atypical
FALSE,none,100000,,FALSE,FALSE,,1,1,Atze Schröder - Turbo
FALSE,none,100000,,FALSE,FALSE,,1,1,Atze Schröder Live - Richtig Fremdgehen
FALSE,none,1000000,,FALSE,FALSE,,1,1,Até que a Sorte Nos Separe 2
FALSE,none,1400000,,FALSE,FALSE,,1,1,Até Que A Sorte Nos Separe 3
FALSE,none,1300000,,FALSE,FALSE,,1,1,Até que a Sorte Nos Separe
FALSE,none,1000000,,FALSE,FALSE,,1,1,Audrey (2020)
FALSE,none,1200000,,TRUE,TRUE,2016-09-23,1,1,Audrie & Daisy
FALSE,none,300000,,FALSE,FALSE,,1,1,August Rush
FALSE,none,2300000,,FALSE,FALSE,,1,1,August: Osage County
TRUE,none,600000,100000,TRUE,TRUE,2020-11-11,2,1,Aunty Donna's Big Ol' House of Fun
FALSE,none,200000,,FALSE,FALSE,2019-04-25,1,1,Aurora
FALSE,none,1100000,,FALSE,FALSE,,1,1,Austenland
FALSE,none,2000000,,FALSE,FALSE,,1,1,Austin Powers in Goldmember
FALSE,none,3200000,,FALSE,FALSE,,1,1,Austin Powers: International Man of Mystery
FALSE,none,2200000,,FALSE,FALSE,,1,1,Austin Powers: The Spy Who Shagged Me
TRUE,none,700000,100000,FALSE,FALSE,,2,1,Australia's Ocean Odyssey
FALSE,none,100000,,FALSE,FALSE,,1,1,Autsajder
FALSE,Latin,100000,,TRUE,TRUE,2022-03-08,1,1,Autumn Girl
FALSE,Chinese_or_Kanji,3500000,100000,TRUE,TRUE,,2,1,Autumn's Concerto
FALSE,none,900000,,FALSE,FALSE,,1,1,Av: The Hunt
FALSE,Latin,100000,,FALSE,FALSE,,1,1,Avalanche of Love
TRUE,Japanese,2300000,100000,FALSE,FALSE,,2,1,Avalanche
FALSE,none,37400000,4600000,FALSE,FALSE,,1,1,Avatar: The Last Airbender (2005): Book 1
FALSE,none,32000000,3900000,FALSE,FALSE,,1,1,Avatar: The Last Airbender (2005): Book 2
FALSE,none,32700000,3800000,FALSE,FALSE,,1,1,Avatar: The Last Airbender (2005): Book 3
FALSE,none,45500000,,FALSE,FALSE,,1,1,Avatar: The Last Airbender: Book 1
FALSE,none,38700000,,FALSE,FALSE,,1,1,Avatar: The Last Airbender: Book 2
FALSE,none,40100000,,FALSE,FALSE,,1,1,Avatar: The Last Airbender: Book 3
FALSE,none,11700000,,FALSE,FALSE,2020-11-30,1,1,Ava
FALSE,none,100000,,FALSE,FALSE,,1,1,Ave Maryam
FALSE,Latin,200000,,FALSE,FALSE,,1,1,Ave Mater
FALSE,none,5900000,,FALSE,FALSE,,1,1,Avengement (2019)
TRUE,none,2000000,100000,FALSE,FALSE,,2,1,Avengers Climate Conundrum
FALSE,none,200000,,FALSE,FALSE,,1,1,Avenging the Throne
FALSE,Latin,100000,,FALSE,FALSE,,1,1,Avenue Montaigne
FALSE,none,200000,,FALSE,FALSE,,1,1,Avvai Shanmughi
TRUE,none,4600000,400000,TRUE,TRUE,2019-06-14,2,1,Awake: The Million Dollar Game
FALSE,none,2500000,,FALSE,FALSE,,1,1,Awakenings
TRUE,Korean,36800000,400000,TRUE,TRUE,,2,1,Awaken
FALSE,none,14200000,,TRUE,TRUE,2021-06-09,1,1,Awake
FALSE,Devanagari,500000,,FALSE,FALSE,,1,1,Awara Paagal Deewana
FALSE,none,300000,,FALSE,FALSE,,1,1,Away Bus
TRUE,none,17100000,1000000,TRUE,TRUE,2020-09-04,2,1,Away
FALSE,none,200000,,FALSE,FALSE,,1,1,Awe
FALSE,Devanagari,100000,,FALSE,FALSE,,1,1,Axone
FALSE,none,100000,,FALSE,FALSE,,1,1,"Axé, Canto do Povo de um Lugar"
FALSE,none,100000,,FALSE,FALSE,,1,1,AY: Spotting the Difference
FALSE,none,100000,,FALSE,FALSE,,1,1,Ayaanle
TRUE,Japanese,200000,,FALSE,FALSE,,1,1,Ayakashi Triangle
FALSE,none,1200000,,FALSE,FALSE,,1,1,Ayalvaashi
FALSE,none,200000,,FALSE,FALSE,,1,1,Ayinla
FALSE,none,300000,,FALSE,FALSE,,1,1,Ayla (2017)
FALSE,none,100000,,FALSE,FALSE,,1,1,"Ayotzinapa, el paso de la tortuga"
FALSE,Arabic,300000,,FALSE,FALSE,,1,1,Ayyad in Riyadh
FALSE,none,300000,,TRUE,TRUE,,1,1,Azali
FALSE,none,100000,,TRUE,TRUE,2013-11-01,1,1,Aziz Ansari: Buried Alive
FALSE,none,100000,,TRUE,TRUE,2022-01-25,1,1,Aziz Ansari: Nightclub Comedian
FALSE,none,200000,100000,TRUE,TRUE,2019-07-09,2,1,Aziz Ansari: RIGHT NOW
FALSE,Latin,100000,,FALSE,FALSE,,1,1,Azzurri - Road to Wembley
TRUE,Latin,100000,,FALSE,FALSE,,1,1,Azzurri The Italian Dream at UEFA EURO 2020
FALSE,none,100000,,FALSE,FALSE,,1,1,Ağır Romantik
FALSE,none,200000,,FALSE,FALSE,,1,1,Aşk Tesadüfleri Sever 2
FALSE,none,100000,,FALSE,FALSE,,1,1,Aşk Tesadüfleri Sever
FALSE,Japanese,100000,,FALSE,FALSE,,1,1,A・RIGATO ーJARUJARU TOWER 2020ー
FALSE,Korean,900000,,FALSE,FALSE,,1,1,B Cut
FALSE,Devanagari,100000,,FALSE,FALSE,,1,1,B.A. Pass 2
FALSE,none,1300000,300000,TRUE,TRUE,2021-03-18,2,1,B: The Beginning: Season 2 Succession
TRUE,none,5300000,400000,TRUE,TRUE,2018-03-02,2,1,B: The Beginning
FALSE,Devanagari,400000,,FALSE,FALSE,,1,1,Baadshaho
FALSE,Devanagari,1400000,,FALSE,FALSE,,1,1,Baaghi
FALSE,Devanagari,4200000,,FALSE,FALSE,,1,1,Baahubali 2: The Conclusion (Hindi Version)
FALSE,none,100000,,FALSE,FALSE,,1,1,Baahubali 2: The Conclusion (Malayalam Version)
FALSE,none,500000,,FALSE,FALSE,,1,1,Baahubali 2: The Conclusion (Tamil Version)
FALSE,none,400000,,FALSE,FALSE,,1,1,Baahubali: The Beginning (English Version)
FALSE,Devanagari,3000000,,FALSE,FALSE,,1,1,Baahubali: The Beginning (Hindi Version)
FALSE,none,100000,,FALSE,FALSE,,1,1,Baahubali: The Beginning (Malayalam Version)
FALSE,none,300000,,FALSE,FALSE,,1,1,Baahubali: The Beginning (Tamil Version)
FALSE,none,100000,,FALSE,FALSE,,1,1,Baarìa
FALSE,Devanagari,1400000,,FALSE,FALSE,,1,1,Baazaar
FALSE,none,500000,,FALSE,FALSE,,1,1,Baba Parasi
FALSE,none,100000,,FALSE,FALSE,,1,1,Babamın Ceketi
FALSE,Thai,100000,,FALSE,FALSE,,1,1,Babb Bird Bird Show #11/2018: Dream Journey
FALSE,none,1300000,,FALSE,FALSE,,1,1,Babel (2006)
TRUE,Korean,900000,,FALSE,FALSE,,1,1,Babel
FALSE,none,1200000,,FALSE,FALSE,,1,1,Babe
FALSE,none,200000,,FALSE,FALSE,,1,1,Babies (2010)
TRUE,none,3300000,300000,TRUE,TRUE,2020-02-21,4,2,Babies
TRUE,none,1400000,200000,TRUE,TRUE,2023-10-12,1,1,Baby Animal Cam
TRUE,none,1200000,,TRUE,TRUE,2018-01-31,2,2,Baby Ballroom
FALSE,Korean,100000,,FALSE,FALSE,,1,1,Baby Beside Me
FALSE,none,2000000,,FALSE,FALSE,,1,1,Baby Boy
FALSE,none,800000,,FALSE,FALSE,,1,1,Baby Dolls
FALSE,none,14000000,,FALSE,FALSE,,1,1,Baby Driver
TRUE,Latin,5400000,500000,TRUE,TRUE,2022-06-08,2,1,Baby Fever
FALSE,none,2100000,,FALSE,FALSE,,1,1,Baby Geniuses
TRUE,none,900000,100000,TRUE,TRUE,2023-09-07,1,1,Baby Gorilla Cam
FALSE,none,200000,,FALSE,FALSE,,1,1,Baby Mamas
FALSE,none,300000,,FALSE,FALSE,,1,1,Baby Mama
TRUE,Korean,2600000,400000,FALSE,FALSE,,1,1,Baby Shark Best Sing-Along Songs
TRUE,none,20600000,1900000,FALSE,FALSE,,2,1,Baby Shark's Big Show!
TRUE,none,3100000,200000,FALSE,FALSE,2018-01-30,5,3,Babylon Berlin
FALSE,none,2600000,,FALSE,FALSE,,1,1,Babysitting 2
FALSE,none,1700000,,FALSE,FALSE,,1,1,Babysitting
FALSE,none,1200000,,FALSE,FALSE,,1,1,Babyteeth
TRUE,none,22900000,2700000,TRUE,TRUE,2018-11-30,6,3,Baby
FALSE,none,700000,,FALSE,FALSE,,1,1,Bachelorette
FALSE,Latin,400000,,FALSE,FALSE,,1,1,Back and Forth
FALSE,Latin,400000,,FALSE,FALSE,,1,1,"back number dome tour 2018 ""stay with you"" at TOKYO DOME"
FALSE,none,3600000,,FALSE,FALSE,,1,1,Back of the Net
TRUE,Japanese,1800000,200000,TRUE,TRUE,2018-07-03,2,1,Back Street Girls -GOKUDOLS-
TRUE,Latin,37900000,8400000,TRUE,TRUE,2022-02-25,3,2,Back to 15
TRUE,Chinese_or_Kanji,500000,,TRUE,TRUE,,1,1,Back to 1989
TRUE,none,4300000,400000,FALSE,FALSE,,4,2,Back to Life
FALSE,Arabic,100000,,FALSE,FALSE,,1,1,Back to Q82
FALSE,Latin,800000,,TRUE,TRUE,2019-08-30,1,1,Back to School
FALSE,Thai,100000,,FALSE,FALSE,,1,1,Back to the 90s
FALSE,none,7400000,,FALSE,FALSE,,1,1,Back to the Future (1985)
FALSE,none,4800000,,FALSE,FALSE,,1,1,Back to the Future Part III
FALSE,none,2500000,,FALSE,FALSE,,1,1,Back to the Future Part II
FALSE,none,37600000,,TRUE,TRUE,2021-12-10,1,1,Back to the Outback
FALSE,none,100000,,FALSE,FALSE,,1,1,Backcountry
FALSE,none,600000,,FALSE,FALSE,,1,1,Backdraft
FALSE,Korean,13800000,,FALSE,FALSE,,1,1,Backstreet Rookie
TRUE,Korean,12100000,700000,FALSE,FALSE,,1,1,Backstreet Rookie
FALSE,none,5900000,,FALSE,FALSE,,1,1,Backtrace
FALSE,none,100000,,FALSE,FALSE,,1,1,Backyard Ashes
FALSE,Korean,7600000,,FALSE,FALSE,,1,1,Bad And Crazy
TRUE,Korean,3900000,300000,FALSE,FALSE,,1,1,Bad And Crazy
TRUE,none,700000,,FALSE,FALSE,,2,2,Bad Banks
FALSE,Latin,100000,,FALSE,FALSE,,1,1,Bad Blood
FALSE,none,300000,,FALSE,FALSE,,1,1,Bad Boy (2020)
TRUE,none,2300000,500000,TRUE,TRUE,2020-10-04,2,1,Bad Boy Billionaires: India
FALSE,none,16200000,,FALSE,FALSE,,1,1,Bad Boys (1995)
FALSE,none,34900000,,FALSE,FALSE,,1,1,Bad Boys for Life
FALSE,none,31100000,,FALSE,FALSE,,1,1,Bad Boys II
FALSE,none,500000,,FALSE,FALSE,,1,1,Bad Country
FALSE,none,500000,,FALSE,FALSE,,1,1,Bad Day for the Cut
FALSE,none,200000,,FALSE,FALSE,,1,1,Bad Day
FALSE,Latin,300000,,FALSE,FALSE,,1,1,Bad Education
TRUE,Latin,8200000,1800000,TRUE,FALSE,2020-12-03,7,4,Bad Exorcist
FALSE,Latin,100000,,FALSE,FALSE,,1,1,Bad Faith
FALSE,none,100000,,FALSE,FALSE,,1,1,Bad Frank
TRUE,Thai,1400000,100000,FALSE,FALSE,,2,1,Bad Genius: The Series
FALSE,Thai,500000,,FALSE,FALSE,,1,1,Bad Genius
FALSE,none,100000,,FALSE,FALSE,,1,1,Bad Grandpa .5
TRUE,Korean,1400000,,FALSE,FALSE,2018-03-08,1,1,Bad Guys: Vile City
TRUE,Thai,3900000,100000,TRUE,TRUE,,2,1,Bad Guys
FALSE,Latin,100000,,FALSE,FALSE,,1,1,Bad Joke 2
FALSE,Latin,100000,,FALSE,FALSE,,1,1,Bad Joke
FALSE,Latin,200000,,FALSE,FALSE,,1,1,Bad Luck Good Love
FALSE,none,1300000,,FALSE,FALSE,2016-12-12,1,1,Bad Moms
FALSE,none,3300000,,FALSE,FALSE,,1,1,Bad Neighbours 2
TRUE,Thai,5900000,100000,FALSE,FALSE,,2,1,Bad Romeo
FALSE,none,100000,,FALSE,FALSE,,1,1,Bad Samaritan
FALSE,none,100000,,FALSE,FALSE,,1,1,Bad Santa 2
FALSE,Latin,1900000,,FALSE,FALSE,2018-12-21,1,1,Bad Seeds
FALSE,none,7400000,400000,TRUE,TRUE,2021-10-06,2,1,Bad Sport: Volume 1
TRUE,none,45400000,17000000,FALSE,FALSE,2023-11-29,1,1,Bad Surgeon: Love Under the Knife
FALSE,none,500000,,FALSE,FALSE,,1,1,Bad Teacher (2011)
FALSE,none,4400000,,TRUE,TRUE,2021-03-26,1,1,Bad Trip
TRUE,none,6800000,900000,TRUE,TRUE,2022-03-16,2,1,Bad Vegan: Fame. Fraud. Fugitives.
FALSE,none,3700000,,FALSE,FALSE,,1,1,Bad Words
TRUE,none,2900000,600000,TRUE,TRUE,,2,1,Badanamu ABC TV
TRUE,none,8400000,900000,TRUE,TRUE,,2,1,Badanamu Pop
TRUE,none,3200000,400000,TRUE,TRUE,,2,1,Badanamu Stories
FALSE,none,300000,,FALSE,FALSE,,1,1,Badem Sekeri
FALSE,none,2100000,,FALSE,FALSE,,1,1,Badhaai Do
FALSE,Devanagari,1300000,,FALSE,FALSE,,1,1,Badla
FALSE,Devanagari,1800000,,FALSE,FALSE,,1,1,Badrinath Ki Dulhania
FALSE,Latin,1100000,,FALSE,FALSE,2021-05-26,1,1,Baggio: The Divine Ponytail
TRUE,none,800000,,FALSE,FALSE,,2,2,Bagman
FALSE,none,400000,,FALSE,FALSE,,1,1,Bait (2012)
TRUE,none,79000000,3500000,TRUE,TRUE,2021-08-11,4,2,Bake Squad
FALSE,Japanese,400000,,FALSE,FALSE,,1,1,Bakemonogatari
TRUE,Japanese,204300000,20100000,TRUE,TRUE,2021-09-30,3,2,Baki Hanma
TRUE,Japanese,63400000,6100000,TRUE,TRUE,2018-06-24,4,2,BAKI: Season 1
FALSE,Japanese,26300000,2400000,TRUE,TRUE,2020-06-04,2,1,BAKI: The Great Raitai Tournament Saga
TRUE,none,18900000,1200000,TRUE,TRUE,2021-10-06,2,1,Baking Impossible
FALSE,none,200000,,FALSE,FALSE,,1,1,Bakit Lahat Ng Gwapo May Boyfriend?
TRUE,none,1800000,100000,FALSE,FALSE,,2,1,Bakugan Legends
FALSE,none,1600000,,FALSE,FALSE,,1,1,Bakugan: Armored Alliance
FALSE,none,600000,,FALSE,FALSE,,1,1,Bakugan: Battle Planet
TRUE,none,1500000,,FALSE,FALSE,,1,1,Bakugan: Evolutions
FALSE,none,1500000,,FALSE,FALSE,,1,1,Bakugan: Geogan Rising
TRUE,Chinese_or_Kanji,1700000,300000,FALSE,FALSE,,1,1,Bakugan
TRUE,none,100000,,FALSE,FALSE,,1,1,Bal Ganesh
FALSE,none,4000000,,FALSE,FALSE,,1,1,Ballerina (2016)
FALSE,none,200000,,FALSE,FALSE,,1,1,Ballermann 6
TRUE,none,153700000,33500000,FALSE,FALSE,,5,5,Ballers
FALSE,none,2100000,,FALSE,FALSE,,1,1,Balto
FALSE,none,100000,,FALSE,FALSE,,1,1,Bambanti
FALSE,none,500000,,FALSE,FALSE,,1,1,Bamse Och Tjuvstaden
FALSE,Japanese,100000,,FALSE,FALSE,,1,1,bananaman live / bananaman live: 2005-1999
FALSE,Japanese,100000,,FALSE,FALSE,,1,1,bananaman live / bananaman live: 2012-2006
FALSE,Japanese,200000,,FALSE,FALSE,,1,1,bananaman live / bananaman live: 2019-2013
TRUE,none,3600000,100000,FALSE,FALSE,,2,1,Bananas in Pyjamas (2011)
FALSE,none,91700000,8800000,FALSE,FALSE,,1,1,Band of Brothers
FALSE,Thai,100000,,FALSE,FALSE,,1,1,Bang Rajan 2
FALSE,none,600000,,FALSE,FALSE,,1,1,BANGER.
FALSE,Devanagari,200000,,FALSE,FALSE,,1,1,Bangistan
TRUE,Thai,2600000,200000,TRUE,TRUE,2021-09-23,2,1,Bangkok Breaking
TRUE,Thai,100000,,TRUE,TRUE,,1,1,Bangkok Buddies
FALSE,Thai,100000,,FALSE,FALSE,,1,1,Bangkok Dark Tales
TRUE,Thai,500000,,FALSE,FALSE,2018-11-14,1,1,Bangkok Love Stories: Innocence
TRUE,Thai,200000,,FALSE,FALSE,2019-07-02,1,1,Bangkok Love Stories: Objects of Affection
TRUE,Thai,600000,,FALSE,FALSE,2019-07-02,1,1,Bangkok Love Stories: Plead
FALSE,Thai,100000,,FALSE,FALSE,,1,1,Bangkok Traffic (Love) Story
FALSE,Japanese,700000,100000,FALSE,FALSE,,1,1,"Banished from the Hero's Party, I Decided to Live a Quiet Life in the Countryside: Banished from the brave man's group,I decided to lead a slow life in the back country"
TRUE,Japanese,700000,,FALSE,FALSE,,1,1,"Banished from the Hero's Party, I Decided to Live a Quiet Life in the Countryside"
FALSE,none,7000000,,FALSE,FALSE,2023-01-16,1,1,Bank of Dave
TRUE,none,200000,,FALSE,FALSE,,1,1,Bank of Dave
FALSE,Latin,2200000,,TRUE,TRUE,2022-08-10,1,1,Bank Robbers: The Last Great Heist
FALSE,Latin,300000,,TRUE,TRUE,2021-07-23,1,1,Bankrolled
FALSE,none,200000,,FALSE,FALSE,,1,1,Bantú Mama
TRUE,none,3500000,100000,FALSE,FALSE,,3,2,Baptiste
FALSE,none,100000,,FALSE,FALSE,,1,1,Barakah Meets Barakah
TRUE,none,600000,,FALSE,FALSE,,1,1,Baraki
TRUE,Latin,200000,,FALSE,FALSE,,2,2,Barangay 143
FALSE,none,900000,,FALSE,FALSE,,1,1,Barb Wire
TRUE,none,400000,,FALSE,FALSE,,2,2,Barbapapa
FALSE,none,100000,,FALSE,FALSE,,1,1,Barbara (1997)
FALSE,Latin,22900000,1700000,TRUE,TRUE,2022-10-21,2,1,Barbarians II
FALSE,Latin,24600000,2200000,TRUE,TRUE,2020-10-23,2,1,Barbarians
FALSE,none,700000,,FALSE,FALSE,,1,1,Barbecue (2014)
TRUE,none,61700000,2600000,TRUE,TRUE,2020-09-18,4,2,Barbecue Showdown
FALSE,none,8900000,,FALSE,FALSE,,1,1,Barbershop 2: Back in Business
FALSE,none,6300000,,FALSE,FALSE,,1,1,Barbie & Chelsea: The Lost Birthday
FALSE,none,3100000,,FALSE,FALSE,,1,1,Barbie & Her Sisters in a Pony Tale
FALSE,none,1200000,,FALSE,FALSE,,1,1,Barbie & Her Sisters in a Puppy Chase
FALSE,none,300000,,FALSE,FALSE,,1,1,Barbie & Her Sisters in the Great Puppy Adventure
FALSE,none,4000000,,FALSE,FALSE,,1,1,Barbie & The Diamond Castle
FALSE,none,3100000,,FALSE,FALSE,,1,1,Barbie and the Magic of Pegasus
FALSE,none,200000,,FALSE,FALSE,,1,1,Barbie and the Secret Door
FALSE,none,800000,,FALSE,FALSE,,1,1,Barbie as Rapunzel
FALSE,none,1200000,,FALSE,FALSE,,1,1,Barbie as the Princess and the Pauper
FALSE,none,2600000,,FALSE,FALSE,,1,1,Barbie Big City Big Dreams
FALSE,none,11700000,,FALSE,FALSE,,1,1,Barbie Dolphin Magic
TRUE,none,65400000,6500000,TRUE,TRUE,,4,2,Barbie Dreamhouse Adventures: Go Team Roberts
TRUE,none,76500000,11800000,TRUE,FALSE,,6,3,Barbie Dreamhouse Adventures
FALSE,none,6000000,,TRUE,TRUE,2022-10-25,1,1,Barbie Epic Road Trip
FALSE,none,200000,,FALSE,FALSE,,1,1,Barbie Fairytopia: Magic of the Rainbow
FALSE,none,400000,,FALSE,FALSE,,1,1,Barbie Fairytopia
FALSE,none,5300000,,FALSE,FALSE,,1,1,Barbie in a Mermaid Tale
FALSE,none,2100000,,FALSE,FALSE,,1,1,Barbie in Princess Power
FALSE,none,800000,,FALSE,FALSE,,1,1,Barbie in Rock 'N Royals
FALSE,none,1900000,,FALSE,FALSE,,1,1,Barbie in the 12 Dancing Princesses
FALSE,none,400000,,FALSE,FALSE,,1,1,Barbie in The Nutcracker
FALSE,none,1100000,,FALSE,FALSE,,1,1,Barbie in the Pink Shoes
TRUE,none,134000000,16000000,TRUE,TRUE,,2,1,Barbie Life in the Dreamhouse
FALSE,none,300000,,FALSE,FALSE,,1,1,Barbie Mariposa & the Fairy Princess
FALSE,none,15800000,,FALSE,FALSE,,1,1,Barbie Mermaid Power
FALSE,none,1000000,,FALSE,FALSE,,1,1,Barbie Mermaidia
FALSE,none,5500000,,FALSE,FALSE,,1,1,Barbie of Swan Lake
FALSE,none,7100000,,FALSE,FALSE,,1,1,Barbie Princess Adventure
FALSE,none,500000,,FALSE,FALSE,,1,1,Barbie Star Light Adventure
FALSE,none,100000,,FALSE,FALSE,,1,1,Barbie: A Christmas Carol
FALSE,none,2000000,,FALSE,FALSE,,1,1,Barbie: A Fairy Secret
FALSE,none,2300000,,FALSE,FALSE,,1,1,Barbie: A Mermaid Tale 2
FALSE,none,500000,,FALSE,FALSE,,1,1,Barbie: A Perfect Christmas
TRUE,none,20900000,4200000,FALSE,FALSE,,1,1,Barbie: A Touch of Magic
TRUE,none,18500000,1600000,TRUE,FALSE,,4,2,Barbie: It Takes Two
FALSE,none,500000,,FALSE,FALSE,,1,1,Barbie: Mariposa and Her Butterfly Fairy Friends
FALSE,none,9800000,,FALSE,FALSE,,1,1,Barbie: Princess Charm School
FALSE,none,4000000,,FALSE,FALSE,,1,1,Barbie: Skipper and the Big Babysitting Adventure
FALSE,none,3600000,,FALSE,FALSE,,1,1,Barbie: Spy Squad
FALSE,none,2500000,,FALSE,FALSE,,1,1,Barbie: The Pearl Princess
FALSE,none,2200000,,FALSE,FALSE,,1,1,Barbie: The Princess & the Popstar
FALSE,none,1100000,,FALSE,FALSE,,1,1,Barbie: Video Game Hero
FALSE,none,1100000,400000,TRUE,TRUE,2017-11-22,2,1,Barbra: The Music ... The Mem'ries ... The Magic!
FALSE,Latin,200000,,FALSE,FALSE,,1,1,Barcelona Christmas Night
FALSE,Latin,100000,,FALSE,FALSE,,1,1,Barcelona Summer Night
FALSE,none,500000,,TRUE,TRUE,,1,1,Barcelona: A Love Untold
TRUE,Devanagari,6000000,700000,TRUE,TRUE,2019-09-27,2,1,Bard of Blood
FALSE,Latin,1700000,,TRUE,TRUE,2022-12-16,1,1,"BARDO, False Chronicle of a Handful of Truths"
TRUE,none,5800000,1100000,FALSE,FALSE,,1,1,Bardot
FALSE,none,1300000,,FALSE,FALSE,,1,1,Barefoot (2014)
FALSE,Devanagari,1100000,,FALSE,FALSE,,1,1,Bareilly Ki Barfi
FALSE,Devanagari,1000000,,FALSE,FALSE,,1,1,Barfi!
FALSE,Latin,2400000,,FALSE,FALSE,,1,1,Baris Akarsu Merhaba
TRUE,none,12800000,800000,FALSE,FALSE,,4,2,Barney and Friends
FALSE,none,2700000,,FALSE,FALSE,,1,1,Barnyard
TRUE,none,20500000,2300000,TRUE,TRUE,2023-06-05,2,1,Barracuda Queens
TRUE,none,600000,200000,FALSE,FALSE,,1,1,Barrumbi Kids
FALSE,none,600000,,TRUE,TRUE,2016-12-16,1,1,Barry
FALSE,none,3700000,,TRUE,TRUE,2021-07-28,1,1,Bartkowiak
FALSE,none,100000,,FALSE,FALSE,,1,1,Basic Instinct 2
FALSE,none,100000,,FALSE,FALSE,,1,1,Basic Instinct
TRUE,none,600000,100000,TRUE,TRUE,2019-08-02,2,1,Basketball or Nothing
TRUE,none,2900000,200000,FALSE,FALSE,,4,2,Basketball Wives
TRUE,Japanese,39900000,3700000,TRUE,TRUE,2022-06-30,3,2,"BASTARD‼ -Heavy Metal, Dark Fantasy-"
FALSE,none,6400000,,FALSE,FALSE,,1,1,Bastille Day
FALSE,none,200000,,FALSE,FALSE,,1,1,Batman and Superman: Battle of the Super Sons
FALSE,none,4500000,,FALSE,FALSE,,1,1,Batman Begins
FALSE,Japanese,600000,,FALSE,FALSE,,1,1,Batman Ninja
FALSE,none,2800000,,FALSE,FALSE,,1,1,Batman v Superman: Dawn of Justice
TRUE,none,11100000,400000,FALSE,FALSE,,2,1,Batman: The Animated Series
FALSE,none,100000,,FALSE,FALSE,,1,1,Batman: The Killing Joke
TRUE,Korean,7400000,500000,FALSE,FALSE,,1,1,Battle for Happiness
FALSE,none,100000,,FALSE,FALSE,,1,1,Battle Ground (2013)
TRUE,none,29600000,2800000,TRUE,TRUE,2022-04-19,2,1,Battle Kitty
FALSE,none,100000,,FALSE,FALSE,,1,1,Battle of Dunkirk: From Disaster to Triumph
FALSE,Latin,100000,,FALSE,FALSE,,1,1,Battle of the Fists
FALSE,Latin,100000,,FALSE,FALSE,,1,1,Battle of the Sexes
FALSE,none,1700000,,FALSE,FALSE,,1,1,Battle of the Year
FALSE,Japanese,200000,,FALSE,FALSE,,1,1,Battle Royale
FALSE,none,1500000,,TRUE,TRUE,2022-04-01,1,1,Battle: Freestyle
FALSE,none,6300000,,FALSE,FALSE,,1,1,Battle: Los Angeles
TRUE,none,15100000,200000,FALSE,FALSE,,2,1,Battlebots (2015)
FALSE,Latin,200000,,FALSE,FALSE,,1,1,Battlefield Behemoths: A History of the Tank – The World Wars.: Konfrontation und Revolution
FALSE,none,300000,,FALSE,FALSE,,1,1,Battlefield Earth
TRUE,none,7200000,500000,TRUE,TRUE,2018-09-21,2,1,Battlefish
FALSE,Japanese,100000,,FALSE,FALSE,,1,1,Battles Without Honor and Humanity Dairi Senso
FALSE,Japanese,100000,,FALSE,FALSE,,1,1,Battles Without Honor and Humanity Hiroshima Shito Hen /Tarnished Loyalty In Hiroshima
FALSE,Japanese,100000,,FALSE,FALSE,,1,1,Battles Without Honor and Humanity: Final Episode
FALSE,Japanese,100000,,FALSE,FALSE,,1,1,Battles Without Honor and Humanity: Police Tactics
FALSE,Japanese,100000,,FALSE,FALSE,,1,1,Battles Without Honor and Humanity
FALSE,none,11800000,,FALSE,FALSE,,1,1,Battleship
FALSE,none,2100000,,TRUE,TRUE,2018-12-01,1,1,Battle
FALSE,none,1400000,,TRUE,TRUE,,1,1,Bayi Ajaib
FALSE,none,200000,,FALSE,FALSE,2019-03-29,1,1,Bayonet
FALSE,none,16500000,,FALSE,FALSE,,1,1,Baywatch (2017)
FALSE,Devanagari,200000,,FALSE,FALSE,,1,1,Bbuddah Hoga Terra Baap
FALSE,Korean,11200000,,TRUE,TRUE,,1,1,Be Melodramatic
TRUE,Korean,4000000,200000,FALSE,FALSE,,1,1,Be Melodramatic
FALSE,Latin,500000,,FALSE,FALSE,,1,1,Be My Dad!
FALSE,Chinese_or_Kanji,600000,,FALSE,FALSE,,1,1,Be Reborn
TRUE,Chinese_or_Kanji,500000,,FALSE,FALSE,,1,1,Be Together
FALSE,Korean,300000,,FALSE,FALSE,,1,1,Be with You
TRUE,Chinese_or_Kanji,100000,,FALSE,FALSE,,1,1,Be Yourself
FALSE,Japanese,100000,,FALSE,FALSE,,1,1,Be-Bop High School
FALSE,Japanese,100000,,FALSE,FALSE,,1,1,Be-Bop Highschool: A Delinquent Student March
FALSE,Japanese,100000,,FALSE,FALSE,,1,1,Be-Bop Highschool: A Dunce Rhapsody
FALSE,Japanese,100000,,FALSE,FALSE,,1,1,Be-Bop Highschool: Koko Yotaro Elegy
FALSE,Japanese,100000,,FALSE,FALSE,,1,1,Be-Bop Highschool: Koko Yotaro Ondo
FALSE,Japanese,100000,,FALSE,FALSE,,1,1,Be-Bop Highschool: The Power
FALSE,none,2200000,,FALSE,FALSE,,1,1,Bean: The Ultimate Disaster Movie
FALSE,none,2200000,,FALSE,FALSE,,1,1,Beast (English) (2022)
FALSE,none,100000,,FALSE,FALSE,,1,1,Beast (Malayalam) (2022)
FALSE,none,2000000,,FALSE,FALSE,,1,1,Beast (Tamil) (2022)
FALSE,none,1100000,,FALSE,FALSE,,1,1,Beast (Telugu) (2022)
TRUE,none,3000000,500000,TRUE,TRUE,2022-12-16,2,1,Beast of Bangalore: Indian Predator
TRUE,none,12800000,1400000,TRUE,TRUE,2019-10-07,4,2,BEASTARS
FALSE,Korean,100000,,FALSE,FALSE,,1,1,Beastie Boys
FALSE,Korean,300000,,FALSE,FALSE,,1,1,Beasts Clawing at Straws
FALSE,none,5500000,,TRUE,TRUE,2015-10-16,1,1,Beasts of No Nation
FALSE,none,300000,,TRUE,TRUE,2017-11-21,1,1,Beat Bugs: All Together Now
TRUE,none,5800000,400000,TRUE,TRUE,2016-08-03,6,3,Beat Bugs
FALSE,none,100000,,FALSE,FALSE,,1,1,Beata Ignoranza
FALSE,none,3400000,,TRUE,TRUE,2019-06-19,1,1,Beats
FALSE,none,700000,,FALSE,FALSE,,1,1,Beautiful Creatures (2013)
TRUE,Korean,12400000,400000,FALSE,FALSE,,2,1,Beautiful Gong Shim
TRUE,Korean,2100000,100000,FALSE,FALSE,,2,1,Beautiful World
FALSE,Latin,5000000,,FALSE,FALSE,,1,1,Beauty and the Beast
FALSE,none,400000,,TRUE,TRUE,,1,1,Beauty and the Bestie
TRUE,Korean,25800000,700000,FALSE,FALSE,,2,1,Beauty Inside
FALSE,none,300000,,TRUE,TRUE,2022-06-29,1,1,BEAUTY
FALSE,none,2200000,2200000,TRUE,TRUE,,1,1,Bebefinn Playtime
TRUE,none,139700000,28800000,TRUE,TRUE,,3,2,Bebefinn
FALSE,Korean,100000,,FALSE,FALSE,,1,1,Because I Love You
TRUE,Korean,34400000,1000000,TRUE,TRUE,,2,1,Because This Is My First Life
FALSE,none,6000000,,TRUE,TRUE,2021-08-13,1,1,Beckett
TRUE,none,208500000,43900000,TRUE,TRUE,2023-10-04,1,1,Beckham
FALSE,none,800000,,FALSE,FALSE,,1,1,Becky
TRUE,none,100000,,FALSE,FALSE,,1,1,Beck
TRUE,none,300000,,FALSE,FALSE,,1,1,Becoming Abi
FALSE,Latin,200000,,FALSE,FALSE,,1,1,Becoming Astrid
TRUE,none,700000,100000,TRUE,TRUE,,2,1,Becoming Champions
FALSE,none,100000,,FALSE,FALSE,,1,1,Becoming Jane
FALSE,Korean,200000,,FALSE,FALSE,,1,1,Becoming Witch
FALSE,none,1000000,,TRUE,TRUE,2020-05-06,1,1,Becoming
FALSE,none,600000,,FALSE,FALSE,,1,1,Bedrag: Sæson 1
FALSE,none,400000,,FALSE,FALSE,,1,1,Bedrag: Sæson 2
FALSE,none,400000,,FALSE,FALSE,,1,1,Bedrag: Sæson 3
TRUE,none,10700000,700000,TRUE,TRUE,2022-09-06,2,1,Bee and PuppyCat
FALSE,none,9200000,,FALSE,FALSE,,1,1,Bee Movie
TRUE,none,100000,,FALSE,FALSE,,1,1,Beecham House
TRUE,none,256500000,6000000,TRUE,TRUE,2023-04-06,2,1,BEEF
FALSE,none,100000,,FALSE,FALSE,,1,1,Beer Is Cheaper Than Therapy
FALSE,none,700000,,FALSE,FALSE,,1,1,Beethoven (1992)
FALSE,none,500000,,FALSE,FALSE,,1,1,Beethoven's 3rd
FALSE,none,600000,,FALSE,FALSE,,1,1,Beethoven's Big Break
FALSE,none,100000,,FALSE,FALSE,,1,1,Beethoven's Christmas Adventure
FALSE,none,100000,,FALSE,FALSE,,1,1,Beethoven’s Ninth - Symphony for the World
FALSE,none,300000,,FALSE,FALSE,2017-07-07,1,1,Before I Fall
FALSE,none,500000,,FALSE,FALSE,,1,1,Before I Go to Sleep
FALSE,none,4500000,,FALSE,FALSE,2017-04-10,1,1,Before I Wake
FALSE,none,200000,,FALSE,FALSE,,1,1,Before Life After Death
FALSE,Latin,200000,,FALSE,FALSE,,1,1,Before Monday
FALSE,none,200000,,FALSE,FALSE,,1,1,Before Sunrise
FALSE,none,100000,,FALSE,FALSE,,1,1,Before Sunset
FALSE,none,100000,,FALSE,FALSE,,1,1,Before the Devil Knows You're Dead
FALSE,Latin,100000,,FALSE,FALSE,,1,1,Before the Night
FALSE,none,3200000,,FALSE,FALSE,,1,1,Before Valentine's
TRUE,Chinese_or_Kanji,300000,,FALSE,FALSE,,1,1,Before We Get Married
FALSE,none,900000,,FALSE,FALSE,,1,1,Begin Again (2013)
FALSE,Latin,1900000,,FALSE,FALSE,,1,1,Behave
FALSE,Latin,100000,,FALSE,FALSE,,1,1,Behind 98
TRUE,Korean,13500000,200000,TRUE,TRUE,2022-11-07,2,1,Behind Every Star
TRUE,none,43200000,4100000,TRUE,TRUE,2021-02-17,2,1,Behind Her Eyes
FALSE,Latin,100000,,FALSE,FALSE,,1,1,Behind The Clouds
FALSE,none,300000,,FALSE,FALSE,,1,1,Behind the Curve
TRUE,Korean,131100000,7500000,TRUE,TRUE,2023-08-12,1,1,Behind Your Touch
FALSE,none,1600000,,FALSE,FALSE,2018-06-15,1,1,Beirut
TRUE,Latin,4100000,400000,TRUE,TRUE,2022-10-12,2,1,"Belascoarán, PI"
FALSE,none,100000,,FALSE,FALSE,,1,1,Belfast
FALSE,none,900000,,FALSE,FALSE,,1,1,Believe Me: The Abduction of Lisa McVey
FALSE,Korean,3000000,,FALSE,FALSE,,1,1,Believer: Extended Cut
FALSE,Korean,1100000,,FALSE,FALSE,,1,1,Believer
TRUE,none,37100000,2300000,FALSE,FALSE,,4,2,Bella and the Bulldogs
FALSE,Latin,100000,,FALSE,FALSE,,1,1,Belle Epoque
FALSE,none,4300000,,FALSE,FALSE,,1,1,Belleville Cop
FALSE,Japanese,600000,,FALSE,FALSE,,1,1,Belle
FALSE,none,1600000,,FALSE,FALSE,,1,1,Belli ciao
FALSE,none,100000,,FALSE,FALSE,,1,1,Belly
TRUE,none,20200000,300000,FALSE,FALSE,,2,1,Below Deck Sailing Yacht
TRUE,none,37000000,900000,FALSE,FALSE,,4,2,Below Deck
TRUE,Latin,200000,,FALSE,FALSE,,2,2,Below the Surface
FALSE,Latin,7400000,,TRUE,TRUE,2021-01-29,1,1,Below Zero
FALSE,none,1400000,,FALSE,FALSE,,1,1,Belzebuth
TRUE,none,54900000,2700000,FALSE,FALSE,,4,2,Ben & Holly's Little Kingdom
FALSE,none,800000,,FALSE,FALSE,,1,1,Ben & Jody
TRUE,none,75900000,13000000,FALSE,FALSE,,8,4,Ben 10
FALSE,none,100000,,FALSE,FALSE,,1,1,Ben Is Back
TRUE,none,200000,,FALSE,FALSE,,2,2,Ben X Jim
FALSE,none,100000,,FALSE,FALSE,,1,1,Bending All the Rules
FALSE,none,1000000,,FALSE,FALSE,,1,1,Beneath (2013)
FALSE,none,100000,,FALSE,FALSE,,1,1,Benedetta
FALSE,none,100000,,FALSE,FALSE,,1,1,Benediction
TRUE,none,82500000,8100000,FALSE,FALSE,,18,9,Benidorm (2007)
TRUE,none,1500000,300000,FALSE,FALSE,,4,2,Benjamin Blümchen (2002)
FALSE,Latin,500000,,FALSE,FALSE,,1,1,Benjamin the Elephant
FALSE,none,5700000,,TRUE,TRUE,2018-03-16,1,1,Benji
FALSE,none,1200000,,FALSE,FALSE,,1,1,Bennett's War
FALSE,Japanese,200000,,FALSE,FALSE,,1,1,Bento Harassment
FALSE,none,300000,,FALSE,FALSE,,1,1,Benvenuti al nord
FALSE,none,600000,,FALSE,FALSE,,1,1,Benvenuti al sud
TRUE,none,600000,,FALSE,FALSE,2017-07-18,3,3,Berlin Station
FALSE,none,1400000,,FALSE,FALSE,,1,1,Berlin Syndrome
FALSE,Latin,100000,,TRUE,TRUE,2020-05-08,1,1,"Berlin, Berlin: Lolle on the Run"
FALSE,none,600000,,FALSE,FALSE,,1,1,"Berlin, Berlin: Staffel 1"
FALSE,none,300000,,FALSE,FALSE,,1,1,"Berlin, Berlin: Staffel 2"
FALSE,none,300000,,FALSE,FALSE,,1,1,"Berlin, Berlin: Staffel 3"
FALSE,none,200000,,FALSE,FALSE,,1,1,"Berlin, Berlin: Staffel 4"
TRUE,Latin,74300000,11300000,TRUE,TRUE,2023-12-29,1,1,Berlin
TRUE,Japanese,400000,,FALSE,FALSE,,1,1,Berserk: The Golden Age Arc - Memorial Edition (Original Ver.)
FALSE,Japanese,9000000,400000,FALSE,FALSE,,2,1,Berserk
TRUE,Japanese,800000,,FALSE,FALSE,,2,2,Berserk
FALSE,none,3000000,900000,TRUE,TRUE,2020-03-17,2,1,Bert Kreischer: Hey Big Boy
FALSE,none,10200000,1800000,TRUE,TRUE,2023-03-14,2,1,Bert Kreischer: Razzle Dazzle
FALSE,none,2300000,700000,TRUE,TRUE,2018-08-24,2,1,Bert Kreischer: Secret Time
FALSE,none,2300000,700000,FALSE,FALSE,,2,1,Bert Kreischer: The Machine
FALSE,Korean,800000,,FALSE,FALSE,,1,1,Best Friend
TRUE,Chinese_or_Kanji,9800000,400000,FALSE,FALSE,,6,3,Best Interest
TRUE,none,5700000,400000,TRUE,TRUE,2020-12-30,2,1,Best Leftovers Ever!
TRUE,Chinese_or_Kanji,400000,,FALSE,FALSE,,1,1,Best Lover
FALSE,none,100000,,FALSE,FALSE,,1,1,Best of Incredible Tales
TRUE,none,100000,,FALSE,FALSE,,1,1,Best of Phua Chu Kang Pte Ltd
TRUE,Latin,100000,,FALSE,FALSE,,1,1,Best of Pi Mai Pi Mai Tang Tu
TRUE,none,100000,,FALSE,FALSE,,1,1,Best of Senario Series
FALSE,none,400000,100000,TRUE,TRUE,2020-12-31,2,1,Best of Stand-Up 2020
FALSE,none,5900000,600000,TRUE,TRUE,2022-12-31,2,1,Best of Stand-Up 2022
FALSE,none,400000,,FALSE,FALSE,,1,1,Best Sellers (2021)
FALSE,none,200000,,FALSE,FALSE,,1,1,"Best Wishes, Warmest Regards: A Schitt's Creek Farewell"
TRUE,none,1600000,200000,TRUE,TRUE,2018-10-19,2,1,Best.Worst.Weekend.Ever.
FALSE,Latin,200000,,FALSE,FALSE,,1,1,Bet on Friendship
TRUE,Devanagari,5000000,600000,TRUE,TRUE,2020-05-24,2,1,Betaal
FALSE,none,1300000,1300000,TRUE,TRUE,2023-10-03,1,1,Beth Stelling: If You Didn't Want Me Then
TRUE,none,455900000,18200000,FALSE,FALSE,2015-02-08,12,6,Better Call Saul
FALSE,Chinese_or_Kanji,500000,,FALSE,FALSE,2019-12-19,1,1,Better Days
TRUE,Cyrillic,46400000,1400000,TRUE,TRUE,2019-08-16,2,1,Better Than Us
FALSE,none,500000,,FALSE,FALSE,,1,1,Better Watch Out
FALSE,none,100000,,FALSE,FALSE,,1,1,Betty Blue
TRUE,none,53100000,200000,FALSE,FALSE,,2,1,Betty en NY
FALSE,none,100000,,FALSE,FALSE,,1,1,Between a Frock and a Hard Place
FALSE,Japanese,100000,,FALSE,FALSE,,1,1,Between Calmness and Passion
TRUE,Korean,100000,100000,FALSE,FALSE,,1,1,Between Him and Her
FALSE,none,300000,,FALSE,FALSE,,1,1,Between Maybes
FALSE,Latin,100000,,FALSE,FALSE,,1,1,Between Pain and Amen
FALSE,none,3300000,,TRUE,TRUE,2019-09-20,1,1,Between Two Ferns: The Movie
FALSE,none,100000,,FALSE,FALSE,,1,1,Between Two Women
TRUE,none,15200000,1300000,FALSE,FALSE,2015-05-21,4,2,Between
FALSE,none,200000,,FALSE,FALSE,,1,1,Beverly Hills Cop III
FALSE,none,100000,,FALSE,FALSE,,1,1,Beverly Hills Cop II
FALSE,none,2500000,,FALSE,FALSE,,1,1,Beverly Hills Cop
FALSE,none,400000,,FALSE,FALSE,,1,1,Beverly Hills Ninja
FALSE,none,100000,,FALSE,FALSE,,1,1,Bewitched (2005)
TRUE,none,800000,,FALSE,FALSE,,1,1,Beyblade Burst Evolution
TRUE,Japanese,17400000,600000,FALSE,FALSE,,2,1,Beyblade Burst QuadDrive
TRUE,Japanese,10900000,500000,FALSE,FALSE,,2,1,Beyblade Burst Rise
TRUE,Japanese,14100000,600000,FALSE,FALSE,,2,1,Beyblade Burst Surge
TRUE,none,20900000,300000,FALSE,FALSE,,2,1,Beyblade Burst Turbo
TRUE,Japanese,500000,,FALSE,FALSE,,3,3,Beyblade
FALSE,Latin,100000,,FALSE,FALSE,,1,1,Beyond Dreams
FALSE,Korean,9500000,,FALSE,FALSE,,1,1,Beyond Evil
TRUE,Korean,5100000,300000,FALSE,FALSE,,1,1,Beyond Evil
FALSE,none,100000,,FALSE,FALSE,,1,1,Beyond Men and Masculinity
FALSE,none,3700000,,FALSE,FALSE,,1,1,Beyond Skyline
FALSE,none,700000,100000,TRUE,TRUE,2017-10-27,2,1,Beyond Stranger Things: Beyond 2
FALSE,none,3300000,,FALSE,FALSE,,1,1,Beyond the Lights
FALSE,Latin,12200000,,TRUE,TRUE,2022-10-27,1,1,Beyond the Universe
FALSE,Latin,100000,,FALSE,FALSE,,1,1,Beyond
TRUE,Devanagari,400000,100000,TRUE,TRUE,2020-12-04,2,1,Bhaag Beanie Bhaag
FALSE,none,100000,,FALSE,FALSE,,1,1,Bhai: Vyakti Ki Valli - Poorvardha
FALSE,none,100000,,FALSE,FALSE,,1,1,Bhai: Vyakti Ki Valli - Uttarardh
FALSE,none,500000,,FALSE,FALSE,,1,1,Bhaji In Problem
FALSE,Devanagari,300000,,FALSE,FALSE,,1,1,Bhangra Paa Le
FALSE,Devanagari,100000,,FALSE,FALSE,,1,1,Bhavesh Joshi Superhero
FALSE,Devanagari,3100000,,FALSE,FALSE,,1,1,Bheed
FALSE,none,800000,,FALSE,FALSE,,1,1,Bheeshma
FALSE,none,4500000,,FALSE,FALSE,,1,1,Bhool Bhulaiyaa 2
TRUE,none,3000000,500000,FALSE,FALSE,,4,2,Bibi & Tina (2004)
FALSE,none,800000,,FALSE,FALSE,,1,1,Bibi & Tina (2014)
FALSE,Latin,1000000,,FALSE,FALSE,,1,1,Bibi & Tina II
FALSE,Latin,1200000,,FALSE,FALSE,,1,1,Bibi & Tina: Girls Versus Boys
FALSE,none,600000,,FALSE,FALSE,,1,1,Bibi & Tina: Tohuwabohu Total
FALSE,Latin,1000000,,FALSE,FALSE,,1,1,Bibi Blocksberg and the Secret of Blue Owls
TRUE,none,2300000,400000,FALSE,FALSE,,4,2,Bibi Blocksberg
TRUE,none,200000,,FALSE,FALSE,,1,1,Bibik-Bibikku
FALSE,none,100000,,FALSE,FALSE,,1,1,Bicentennial Man
FALSE,none,100000,,FALSE,FALSE,,1,1,Bicho de Sete Cabeças
TRUE,Japanese,900000,100000,FALSE,FALSE,,2,1,Bicycling Mellow Love
FALSE,none,100000,,FALSE,FALSE,,1,1,Big Bang in Tunguska
FALSE,none,2100000,,FALSE,FALSE,,1,1,Big Boys Don't Cry
TRUE,none,8500000,200000,FALSE,FALSE,,4,2,Big Brother (2000)
FALSE,Latin,200000,,FALSE,FALSE,,1,1,Big Brother Fadil
FALSE,Chinese_or_Kanji,100000,,FALSE,FALSE,,1,1,Big Brother
FALSE,none,100000,,FALSE,FALSE,,1,1,Big Cats
FALSE,none,4800000,,FALSE,FALSE,,1,1,Big Daddy (1999)
FALSE,Latin,500000,,FALSE,FALSE,,1,1,Big Dreams
FALSE,none,700000,,FALSE,FALSE,,1,1,Big Eyes (2014)
FALSE,none,100000,,FALSE,FALSE,,1,1,Big Fat Liar
FALSE,Chinese_or_Kanji,600000,,FALSE,FALSE,2018-08-17,1,1,Big Fish & Begonia
FALSE,none,400000,,FALSE,FALSE,,1,1,Big Fish
FALSE,Latin,100000,,FALSE,FALSE,,1,1,Big Girls Don't Cry
FALSE,Latin,100000,,FALSE,FALSE,,1,1,Big Guns - No Way Out
FALSE,Latin,400000,,FALSE,FALSE,,1,1,Big Liar
FALSE,none,100000,,FALSE,FALSE,,1,1,Big Love (2011)
FALSE,none,5800000,,FALSE,FALSE,,1,1,Big Momma's House 2
FALSE,none,5600000,,FALSE,FALSE,,1,1,Big Momma's House
FALSE,none,8400000,,FALSE,FALSE,,1,1,"Big Mommas: Like Father, Like Son"
TRUE,none,193200000,24800000,TRUE,TRUE,2017-09-29,13,7,Big Mouth
FALSE,Latin,2700000,,TRUE,TRUE,2023-01-20,1,1,Big Mäck: Gangsters and Gold
FALSE,none,800000,,FALSE,FALSE,,1,1,Big Sky River
FALSE,none,800000,,FALSE,FALSE,,1,1,Big Stan
TRUE,none,19500000,1300000,TRUE,TRUE,2021-07-02,4,2,Big Timber
FALSE,none,100000,,FALSE,FALSE,,1,1,Big Time Adolescence
FALSE,none,400000,,FALSE,FALSE,,1,1,Big Time Movie
TRUE,none,10100000,100000,FALSE,FALSE,,5,4,Big Time Rush
TRUE,none,10300000,700000,TRUE,TRUE,2022-08-01,2,1,Big Tree City
FALSE,Latin,100000,,FALSE,FALSE,,1,1,Big Trip 2: Special Delivery
TRUE,none,17200000,5500000,TRUE,TRUE,2023-10-11,1,1,Big Vape: The Rise and Fall of Juul
FALSE,none,2700000,,TRUE,TRUE,2022-02-11,1,1,Bigbug
FALSE,Latin,100000,,TRUE,TRUE,2020-10-08,1,1,Bigflo & Oli: Hip Hop Frenzy
FALSE,none,8900000,,FALSE,FALSE,2021-02-26,1,1,Bigfoot Family
FALSE,none,1400000,,FALSE,FALSE,,1,1,Bigfoot Junior
FALSE,none,200000,,FALSE,FALSE,,1,1,Bigger Than Africa
FALSE,none,1100000,,TRUE,TRUE,2021-03-01,1,1,Biggie: I Got a Story to Tell
FALSE,none,100000,,FALSE,FALSE,,1,1,Bigman Wahala
FALSE,Latin,600000,,FALSE,FALSE,,1,1,Bigman
FALSE,Thai,200000,,FALSE,FALSE,,1,1,Bikeman 2
FALSE,none,300000,,FALSE,FALSE,,1,1,Bikers Kental 2
FALSE,Latin,200000,,FALSE,FALSE,,1,1,Bikers
FALSE,none,100000,,FALSE,FALSE,,1,1,Biking Borders
FALSE,none,500000,,TRUE,TRUE,,1,1,Biko
FALSE,none,900000,,TRUE,TRUE,2019-11-20,1,1,"Bikram: Yogi, Guru, Predator"
FALSE,none,600000,,FALSE,FALSE,,1,1,Bill & Ted Face the Music
FALSE,none,100000,,FALSE,FALSE,,1,1,Bill & Ted's Excellent Adventure
FALSE,none,1100000,300000,TRUE,TRUE,2022-06-06,2,1,Bill Burr Presents: Friends Who Kill
FALSE,none,2500000,800000,FALSE,FALSE,2014-12-05,2,1,Bill Burr: I'm Sorry You Feel That Way
FALSE,none,5300000,1600000,TRUE,TRUE,2022-07-12,2,1,Bill Burr: Live at Red Rocks
FALSE,none,2900000,1200000,TRUE,TRUE,2019-09-10,2,1,Bill Burr: Paper Tiger
FALSE,none,1900000,600000,TRUE,TRUE,2017-01-31,2,1,Bill Burr: Walk Your Way Out
TRUE,none,900000,,TRUE,TRUE,2017-04-21,3,3,Bill Nye Saves the World
FALSE,none,100000,,TRUE,TRUE,,1,1,Bill Nye: Science Guy
FALSE,none,9900000,,TRUE,TRUE,2023-02-08,1,1,Bill Russell: Legend
FALSE,none,200000,,FALSE,FALSE,,1,1,Billi Pig
FALSE,none,100000,,FALSE,FALSE,,1,1,Billionaire Boys Club (2018)
TRUE,none,22500000,900000,FALSE,FALSE,,10,5,Billions
FALSE,Devanagari,700000,,FALSE,FALSE,,1,1,Billu
FALSE,none,400000,,FALSE,FALSE,,1,1,Billy Madison
FALSE,none,100000,,FALSE,FALSE,,1,1,Bingo (1991)
FALSE,none,100000,,FALSE,FALSE,,1,1,Binti (2021)
TRUE,none,18100000,1800000,TRUE,TRUE,2020-08-20,4,2,Biohackers
FALSE,none,19300000,,TRUE,TRUE,2018-12-21,1,1,Bird Box
FALSE,none,400000,,FALSE,FALSE,,1,1,Bird on a Wire (1990)
FALSE,Latin,100000,,TRUE,TRUE,2019-09-25,1,1,Birders
FALSE,none,6700000,,FALSE,FALSE,,1,1,Birds of Prey (And the Fantabulous Emancipation of One Harley Quinn) (2020)
FALSE,none,100000,,FALSE,FALSE,,1,1,Birdshot
TRUE,Korean,20100000,600000,FALSE,FALSE,,2,1,Birth of a Beauty
FALSE,none,1400000,,FALSE,FALSE,,1,1,Birth of the Dragon
FALSE,Korean,6100000,,FALSE,FALSE,,1,1,Birthcare Center
TRUE,Korean,2400000,300000,FALSE,FALSE,,1,1,Birthcare Center
FALSE,Korean,100000,,FALSE,FALSE,,1,1,Birthday
FALSE,none,1700000,,FALSE,FALSE,,1,1,Bis
FALSE,none,5600000,,FALSE,FALSE,,1,1,Bita e os Animais
TRUE,Korean,7400000,500000,FALSE,FALSE,,2,1,Bitch and Rich
FALSE,none,100000,,FALSE,FALSE,,1,1,Bitch
TRUE,Latin,9700000,800000,TRUE,FALSE,2019-03-29,4,2,Bitter Daisies
FALSE,none,100000,,FALSE,FALSE,,1,1,Bittersweet Sixteen
TRUE,none,400000,,FALSE,FALSE,,1,1,Bizarre ER
FALSE,none,200000,,FALSE,FALSE,,1,1,Bize Müsaade
FALSE,none,300000,,FALSE,FALSE,,1,1,Bizim Aile
FALSE,none,1300000,,FALSE,FALSE,,1,1,Bizim Köyün Şarkısı
FALSE,none,100000,,FALSE,FALSE,,1,1,Bi̇z Si̇ze Döneri̇z
TRUE,Chinese_or_Kanji,300000,,FALSE,FALSE,,1,1,Black & White
FALSE,none,200000,,FALSE,FALSE,,1,1,Black (2015)
FALSE,none,7700000,,FALSE,FALSE,,1,1,Black and Blue (2019)
FALSE,none,100000,,FALSE,FALSE,,1,1,Black and White (2002)
FALSE,none,3200000,,FALSE,FALSE,2021-02-03,1,1,Black Beach
FALSE,none,100000,,FALSE,FALSE,,1,1,Black Bear
TRUE,none,400000,200000,FALSE,FALSE,,1,1,Black Beauty Effect
FALSE,Latin,100000,,FALSE,FALSE,,1,1,Black Book
TRUE,Japanese,300000,,FALSE,FALSE,,1,1,Black Bullet
FALSE,Chinese_or_Kanji,100000,,FALSE,FALSE,,1,1,Black Butler II: OVA
FALSE,Chinese_or_Kanji,1100000,100000,FALSE,FALSE,,2,1,Black Butler II
TRUE,Latin,13700000,800000,TRUE,TRUE,2022-10-14,2,1,Black Butterflies
FALSE,none,600000,,FALSE,FALSE,,1,1,Black Christmas (2019)
FALSE,Japanese,15000000,300000,FALSE,FALSE,,2,1,Black Clover III
FALSE,Japanese,14400000,300000,FALSE,FALSE,,2,1,Black Clover II
FALSE,Japanese,4500000,400000,FALSE,FALSE,,2,1,Black Clover IV
FALSE,Japanese,21500000,,FALSE,FALSE,2023-06-16,1,1,Black Clover: Sword of the Wizard King
FALSE,Japanese,21600000,400000,FALSE,FALSE,,2,1,Black Clover
FALSE,Latin,23300000,,TRUE,TRUE,2022-03-18,1,1,Black Crab
FALSE,Japanese,100000,,FALSE,FALSE,,1,1,Black Crow 1
TRUE,Arabic,800000,,TRUE,TRUE,,1,1,Black Crows
FALSE,Korean,5100000,,TRUE,TRUE,,1,1,Black Dog
TRUE,Korean,2400000,100000,TRUE,TRUE,,1,1,Black Dog
TRUE,none,4200000,300000,TRUE,TRUE,2019-01-25,2,1,Black Earth Rising
FALSE,none,10600000,,FALSE,FALSE,,1,1,Black Hawk Down
FALSE,none,2700000,,TRUE,TRUE,,1,1,Black Holes | The Edge of All We Know
TRUE,none,100000,,FALSE,FALSE,,1,1,Black Ink Crew New York
FALSE,Latin,4000000,,TRUE,TRUE,2021-08-18,1,1,Black Island
FALSE,none,2900000,,FALSE,FALSE,,1,1,Black Knight (2001)
TRUE,Korean,17300000,700000,FALSE,FALSE,,2,1,Black Knight: The Man Who Guards Me
TRUE,Korean,110300000,3300000,TRUE,TRUE,2023-05-12,2,1,Black Knight
FALSE,none,700000,100000,FALSE,FALSE,,2,1,BLACK LAGOON Roberta's Blood Trail
FALSE,none,1400000,100000,FALSE,FALSE,,2,1,BLACK LAGOON The Second Barrage
FALSE,none,2000000,100000,FALSE,FALSE,,2,1,BLACK LAGOON
FALSE,Cyrillic,500000,,FALSE,FALSE,,1,1,Black Lightning
TRUE,none,62900000,2800000,FALSE,FALSE,2018-01-23,8,4,Black Lightning
FALSE,none,400000,,FALSE,FALSE,,1,1,Black Mass
FALSE,Latin,300000,,FALSE,FALSE,,1,1,Black Mercedes
FALSE,none,2900000,,TRUE,TRUE,2018-12-28,1,1,Black Mirror: Bandersnatch
TRUE,none,438700000,41400000,TRUE,FALSE,2013-02-28,12,6,Black Mirror
TRUE,Latin,80900000,300000,FALSE,FALSE,,2,1,Black Money Love
FALSE,Korean,100000,,FALSE,FALSE,,1,1,Black Money
FALSE,none,500000,,FALSE,FALSE,,1,1,Black Rose (2018)
TRUE,none,1400000,,FALSE,FALSE,,4,4,Black Sails
FALSE,none,2900000,,FALSE,FALSE,,1,1,Black Sea
FALSE,Latin,100000,,FALSE,FALSE,,1,1,Black Souls
TRUE,Hebrew,7200000,500000,FALSE,FALSE,2021-05-27,2,1,Black Space
TRUE,Latin,28400000,1900000,FALSE,FALSE,2019-04-11,4,2,Black Spot
TRUE,none,49300000,3700000,TRUE,TRUE,2019-04-11,4,2,Black Summer
FALSE,none,300000,,FALSE,FALSE,,1,1,Black Sunshine Baby
TRUE,Korean,2500000,,FALSE,FALSE,,1,1,BLACK2: Soul destroyers
FALSE,none,900000,,FALSE,FALSE,,1,1,Blackfish
FALSE,none,8800000,,FALSE,FALSE,,1,1,Blackhat
FALSE,none,1800000,,FALSE,FALSE,,1,1,Blacklight (2022)
FALSE,none,300000,,FALSE,FALSE,,1,1,Blackout (2007)
FALSE,none,6700000,,FALSE,FALSE,,1,1,Blackout (2022)
FALSE,none,2400000,,TRUE,TRUE,2020-10-14,1,1,BLACKPINK: Light Up the Sky
TRUE,Korean,1200000,,FALSE,FALSE,2017-10-25,1,1,Black
FALSE,none,900000,,FALSE,FALSE,,1,1,Blade (1998)
FALSE,none,700000,,FALSE,FALSE,,1,1,Blade II
FALSE,none,2500000,,FALSE,FALSE,,1,1,Blade of the 47 Ronin
FALSE,Japanese,1500000,,FALSE,FALSE,2017-12-29,1,1,Blade of the Immortal
FALSE,none,11700000,,FALSE,FALSE,,1,1,Blade Runner 2049
FALSE,none,100000,,FALSE,FALSE,,1,1,Blade Runner: The Final Cut
FALSE,none,300000,,FALSE,FALSE,,1,1,Blade: Trinity
FALSE,none,800000,,FALSE,FALSE,,1,1,Blades of Glory
FALSE,none,200000,,FALSE,FALSE,,1,1,Blair Witch
FALSE,none,700000,,TRUE,TRUE,2017-05-19,1,1,BLAME!
TRUE,none,3300000,200000,FALSE,FALSE,,3,2,Blanca
FALSE,Latin,100000,,FALSE,FALSE,,1,1,Blanche and Marie
FALSE,Latin,1800000,,TRUE,TRUE,2022-06-28,1,1,Blasted
FALSE,none,1100000,100000,FALSE,FALSE,,2,1,Bleach (2004): Arrancar vs Soul Reaper
FALSE,none,1100000,100000,FALSE,FALSE,,2,1,Bleach (2004): Arrancar: Battle in Karakura
FALSE,none,3100000,100000,FALSE,FALSE,,2,1,Bleach (2004): Arrancar: Fall of the Espada
FALSE,none,2300000,200000,FALSE,FALSE,,2,1,Bleach (2004): Arrancar: The Appearance
FALSE,none,1300000,100000,FALSE,FALSE,,2,1,Bleach (2004): Arrancar: The Fierce Fight
FALSE,none,1800000,100000,FALSE,FALSE,,2,1,Bleach (2004): Arrancar: The Hueco Mundo Sneak Entry
FALSE,none,1100000,100000,FALSE,FALSE,,2,1,Bleach (2004): Gotei 13 Invading Army
FALSE,none,1700000,100000,FALSE,FALSE,,2,1,Bleach (2004): The Assault
FALSE,none,3300000,100000,FALSE,FALSE,,2,1,Bleach (2004): The Bount
FALSE,none,3600000,200000,FALSE,FALSE,,2,1,Bleach (2004): The Entry
FALSE,none,1400000,100000,FALSE,FALSE,,2,1,Bleach (2004): The Lost Agent
FALSE,none,1400000,100000,FALSE,FALSE,,2,1,Bleach (2004): The New Captain Shusuke Amagai
FALSE,none,3700000,200000,FALSE,FALSE,,2,1,Bleach (2004): The Rescue
FALSE,none,4900000,400000,FALSE,FALSE,,2,1,Bleach (2004): The Substitute
FALSE,none,14600000,1100000,FALSE,FALSE,,2,1,Bleach (2004): Thousand-Year Blood War
FALSE,none,500000,100000,FALSE,FALSE,,2,1,Bleach (2004): Turn Back The Pendulum
FALSE,none,1900000,100000,FALSE,FALSE,,2,1,Bleach (2004): Zanpakutō: The Alternate Tale
FALSE,none,2600000,,TRUE,TRUE,2018-09-14,1,1,Bleach
FALSE,Korean,100000,,FALSE,FALSE,,1,1,Bleak Night
FALSE,none,100000,,FALSE,FALSE,,1,1,Bleeding Steel
FALSE,none,4300000,,FALSE,FALSE,,1,1,Blended (2014)
FALSE,Latin,700000,,FALSE,FALSE,,1,1,Blended
FALSE,none,2800000,,FALSE,FALSE,,1,1,"Bless Me, Ultima"
FALSE,Latin,100000,,FALSE,FALSE,,1,1,Blessed Boys
FALSE,none,100000,,FALSE,FALSE,,1,1,Blind (2007)
FALSE,Latin,100000,,FALSE,FALSE,,1,1,Blind Date
FALSE,Chinese_or_Kanji,200000,,FALSE,FALSE,,1,1,Blind Detective
TRUE,Latin,100000,,FALSE,FALSE,,1,1,Blind Donna
FALSE,Latin,100000,,FALSE,FALSE,,1,1,Blind Love
FALSE,none,100000,,FALSE,FALSE,,1,1,Blind Revenge
FALSE,Japanese,300000,,FALSE,FALSE,,1,1,Blind Witness
FALSE,none,200000,,FALSE,FALSE,,1,1,Blindness (2008)
FALSE,Latin,200000,,FALSE,FALSE,,1,1,Blindness
TRUE,none,119400000,3400000,FALSE,FALSE,,10,5,Blindspot
TRUE,none,38700000,600000,TRUE,TRUE,2023-01-20,2,1,Bling Empire: New York
TRUE,none,14300000,700000,TRUE,TRUE,2021-01-15,6,3,Bling Empire
FALSE,none,200000,,FALSE,FALSE,,1,1,Blinky Bill: The Movie
TRUE,none,2000000,1300000,TRUE,TRUE,,1,1,Blippi & Meekah's Game Show!
FALSE,none,1600000,,TRUE,TRUE,,1,1,Blippi The Musical
TRUE,none,20400000,6300000,TRUE,TRUE,,4,2,Blippi Wonders
TRUE,none,123900000,9800000,TRUE,TRUE,,4,2,Blippi's Adventures
FALSE,none,2700000,,TRUE,TRUE,,1,1,Blippi's School Supply Scavenger Hunt
FALSE,none,2800000,,TRUE,TRUE,,1,1,Blippi's Spooky Spell Halloween
FALSE,none,1400000,,FALSE,FALSE,,1,1,Bliss (1997)
FALSE,none,100000,,FALSE,FALSE,,1,1,Bliss (2017)
FALSE,none,100000,,FALSE,FALSE,,1,1,Blitz Patrollie
FALSE,none,100000,,FALSE,FALSE,,1,1,Blitzed!
FALSE,none,300000,,FALSE,FALSE,,1,1,Blitz
FALSE,Latin,300000,,FALSE,FALSE,,1,1,Blockade
TRUE,none,7800000,500000,TRUE,TRUE,2022-11-03,2,1,BLOCKBUSTER
FALSE,none,8600000,,TRUE,TRUE,2022-09-28,1,1,Blonde
FALSE,none,51600000,,TRUE,TRUE,2023-05-26,1,1,Blood & Gold
TRUE,none,41300000,2700000,TRUE,TRUE,2020-05-20,6,3,Blood & Water
FALSE,none,500000,,FALSE,FALSE,,1,1,Blood (2022)
FALSE,none,900000,,FALSE,FALSE,,1,1,Blood and Bone
FALSE,none,2600000,,FALSE,FALSE,,1,1,Blood and Money
FALSE,Korean,200000,,FALSE,FALSE,,1,1,Blood and Ties
FALSE,Chinese_or_Kanji,200000,,FALSE,FALSE,,1,1,Blood Blockade Battlefront & Beyond
FALSE,Chinese_or_Kanji,300000,,FALSE,FALSE,,1,1,Blood Blockade Battlefront
FALSE,none,600000,,FALSE,FALSE,,1,1,Blood Brother (2018)
FALSE,none,300000,,TRUE,TRUE,2021-09-09,1,1,Blood Brothers: Malcolm X & Muhammad Ali
TRUE,Latin,66100000,12500000,TRUE,TRUE,2023-12-06,1,1,Blood Coast
FALSE,none,2300000,,FALSE,FALSE,,1,1,Blood Diamond
FALSE,none,2200000,,FALSE,FALSE,,1,1,Blood Father
FALSE,Latin,100000,,FALSE,FALSE,,1,1,Blood Karma
FALSE,Arabic,300000,,FALSE,FALSE,,1,1,Blood Line
FALSE,Devanagari,200000,,FALSE,FALSE,,1,1,Blood Money
TRUE,none,8200000,900000,TRUE,TRUE,2020-10-27,2,1,Blood of Zeus
TRUE,Latin,1300000,100000,FALSE,FALSE,2018-10-10,2,1,Blood Pact
FALSE,none,100000,,FALSE,FALSE,,1,1,Blood Quantum
FALSE,Korean,200000,,FALSE,FALSE,,1,1,Blood Rain
FALSE,none,16200000,,TRUE,TRUE,2021-07-23,1,1,Blood Red Sky
TRUE,none,6700000,700000,TRUE,TRUE,2022-05-05,2,1,Blood Sisters
TRUE,Latin,99700000,500000,FALSE,FALSE,,2,1,Blood Ties
FALSE,Latin,400000,,FALSE,FALSE,2019-06-21,1,1,Blood Will Tell
FALSE,none,300000,,FALSE,FALSE,,1,1,Blood Work
TRUE,none,11900000,1700000,TRUE,TRUE,2022-11-23,2,1,"Blood, Sex & Royalty"
TRUE,none,500000,100000,FALSE,FALSE,,1,1,"Blood, Sweat & Heels"
TRUE,Korean,243900000,12000000,TRUE,TRUE,2023-06-09,2,1,Bloodhounds
TRUE,none,82400000,3400000,FALSE,FALSE,2015-03-20,6,3,Bloodline
TRUE,Latin,2200000,300000,TRUE,TRUE,2020-03-13,2,1,Bloodride
FALSE,none,40900000,,FALSE,FALSE,,1,1,Bloodshot (2020)
FALSE,Korean,100000,,FALSE,FALSE,,1,1,Bloody Ties
TRUE,Korean,10400000,200000,FALSE,FALSE,,2,1,Blood
TRUE,none,1800000,700000,TRUE,TRUE,2021-11-19,2,1,Blown Away: Christmas
TRUE,none,10400000,1000000,TRUE,TRUE,2019-07-12,6,3,Blown Away
FALSE,none,1900000,,FALSE,FALSE,,1,1,Blow
FALSE,Latin,100000,,FALSE,FALSE,,1,1,Blud Bruvas
FALSE,none,300000,,FALSE,FALSE,,1,1,Blue Bayou
FALSE,Japanese,2700000,300000,FALSE,FALSE,,2,1,Blue Exorcist: Kyoto Saga
FALSE,Japanese,4400000,300000,FALSE,FALSE,,2,1,Blue Exorcist
TRUE,none,73500000,11600000,TRUE,TRUE,2023-11-03,1,1,BLUE EYE SAMURAI
FALSE,Latin,100000,,FALSE,FALSE,,1,1,Blue Is the Warmest Color
FALSE,none,500000,,FALSE,FALSE,,1,1,Blue Jasmine
FALSE,none,1200000,,TRUE,TRUE,,1,1,Blue Jay (2016)
FALSE,none,5500000,,FALSE,FALSE,,1,1,Blue Lagoon: The Awakening
FALSE,Japanese,29900000,700000,FALSE,FALSE,,2,1,Blue Lock
FALSE,none,5500000,,TRUE,TRUE,2021-05-27,1,1,Blue Miracle
FALSE,none,300000,100000,FALSE,FALSE,,2,1,Blue Murder (1995)
TRUE,Japanese,9000000,800000,TRUE,TRUE,2021-09-24,2,1,Blue Period
FALSE,none,200000,,FALSE,FALSE,,1,1,Blue Story
FALSE,none,17900000,,FALSE,FALSE,,1,1,Blue Streak
FALSE,Japanese,100000,,FALSE,FALSE,,1,1,Blue Thermal
FALSE,none,3800000,,FALSE,FALSE,,1,1,Blue Thunder (1983)
FALSE,none,1000000,,FALSE,FALSE,,1,1,Blue Valentine
TRUE,none,43600000,2700000,FALSE,FALSE,,4,2,Blue's Clues & You!
FALSE,Japanese,100000,,TRUE,TRUE,,1,1,"Blue, Painful, Fragile"
FALSE,Korean,100000,,FALSE,FALSE,,1,1,Bluebeard
FALSE,Japanese,100000,,FALSE,FALSE,,1,1,BLUE
FALSE,none,4800000,,FALSE,FALSE,,1,1,Blumhouse's Fantasy Island
TRUE,none,3500000,300000,TRUE,TRUE,2020-03-20,2,1,BNA
FALSE,none,1800000,500000,TRUE,TRUE,2021-05-30,2,1,Bo Burnham: Inside
FALSE,none,600000,200000,TRUE,TRUE,2016-06-03,2,1,Bo Burnham: Make Happy
FALSE,none,400000,100000,FALSE,FALSE,2022-08-11,2,1,Bo Burnham: The Inside Outtakes
FALSE,none,300000,100000,FALSE,FALSE,,2,1,Bo Burnham: what.
TRUE,none,6300000,400000,FALSE,FALSE,,2,1,Bo on the Go!
FALSE,none,100000,,FALSE,FALSE,,1,1,Boa Sorte
FALSE,none,1000000,,TRUE,TRUE,2021-08-25,1,1,"Bob Ross: Happy Accidents, Betrayal & Greed"
TRUE,none,800000,100000,FALSE,FALSE,,2,1,Bob the Builder (1999)
FALSE,none,10200000,1600000,FALSE,FALSE,,2,1,Bob Zoom: Volume 1
FALSE,none,1000000,,FALSE,FALSE,,1,1,Bobbleheads The Movie
TRUE,Latin,800000,,FALSE,FALSE,,1,1,Bobby & Bill
FALSE,none,2300000,300000,TRUE,TRUE,2018-04-27,2,1,Bobby Kennedy for President: Chapters 1-4
FALSE,Latin,2500000,1300000,FALSE,FALSE,,2,1,Bobo Dormouse: Volume 1
FALSE,Latin,1200000,1100000,FALSE,FALSE,,1,1,Bobo Dormouse: Volume 2
FALSE,Latin,900000,1100000,FALSE,FALSE,,1,1,Bobo Dormouse: Volume 3
FALSE,Latin,2000000,1000000,FALSE,FALSE,,2,1,Bobo Dormouse: Volume 4
FALSE,Latin,2300000,1300000,FALSE,FALSE,,2,1,Bobo Dormouse: Volume 5
FALSE,none,1600000,700000,FALSE,FALSE,,1,1,BoBoiBoy Galaxy: Sori: Sori
TRUE,none,3700000,200000,FALSE,FALSE,,2,1,BoBoiBoy Galaxy
FALSE,none,1100000,,FALSE,FALSE,,1,1,BoBoiBoy Movie 2
FALSE,none,300000,,FALSE,FALSE,,1,1,BoBoiBoy: The Movie
TRUE,none,5100000,400000,FALSE,FALSE,,6,3,BoBoiBoy
TRUE,Latin,400000,100000,TRUE,TRUE,2018-09-14,2,1,Boca Juniors Confidential
TRUE,Japanese,6700000,400000,FALSE,FALSE,,2,1,Bocchi the Rock!
TRUE,none,2700000,200000,FALSE,FALSE,,4,2,Bodies (2004)
FALSE,none,2000000,,FALSE,FALSE,,1,1,Bodies Bodies Bodies
FALSE,none,200000,100000,FALSE,FALSE,,2,1,Bodies Special (2004)
TRUE,none,199400000,26100000,TRUE,TRUE,2023-10-19,1,1,Bodies
FALSE,none,100000,,FALSE,FALSE,,1,1,Bodo (2016)
FALSE,none,200000,,FALSE,FALSE,,1,1,Body Cam (2020)
FALSE,none,1600000,,FALSE,FALSE,,1,1,Body of Lies
FALSE,Chinese_or_Kanji,500000,,FALSE,FALSE,,1,1,Bodyguards and Assassins
TRUE,none,92100000,6600000,TRUE,TRUE,2018-10-24,2,1,Bodyguard
FALSE,none,300000,,TRUE,TRUE,,1,1,Bodyweight Burn: Volume 1
FALSE,Latin,100000,,FALSE,FALSE,,1,1,Body
FALSE,Thai,100000,,FALSE,FALSE,,1,1,Body
TRUE,Japanese,8500000,700000,FALSE,FALSE,,4,2,"BOFURI: I Don't Want to Get Hurt, so I'll Max Out My Defense."
FALSE,none,4700000,,FALSE,FALSE,,1,1,Bohemian Rhapsody
FALSE,none,400000,,FALSE,FALSE,,1,1,Boiling Point (2021)
FALSE,none,100000,,FALSE,FALSE,2019-07-26,1,1,Boi
FALSE,none,200000,200000,TRUE,TRUE,2014-12-19,2,1,BoJack Horseman Christmas Special: Sabrina's Christmas Wish
TRUE,none,111300000,9600000,TRUE,TRUE,2014-08-22,12,6,BoJack Horseman
TRUE,Korean,100000,,FALSE,FALSE,,1,1,Bok guys GO
TRUE,none,21700000,200000,TRUE,FALSE,2019-06-21,2,1,Bolívar
FALSE,Latin,200000,,TRUE,TRUE,2017-10-12,1,1,Bomb Scared
FALSE,none,100000,,FALSE,FALSE,,1,1,Bombairiya
TRUE,Devanagari,2000000,200000,TRUE,TRUE,2021-03-08,2,1,Bombay Begums
FALSE,none,100000,,FALSE,FALSE,2021-03-08,1,1,Bombay Rose
FALSE,Devanagari,100000,,FALSE,FALSE,,1,1,Bombay Talkies
FALSE,none,200000,,FALSE,FALSE,,1,1,Bombay
FALSE,none,1700000,,FALSE,FALSE,,1,1,Bombshell (2019)
FALSE,none,100000,,FALSE,FALSE,,1,1,Bon Bini Holland
FALSE,none,400000,,TRUE,TRUE,,1,1,Bon Cop Bad Cop 2
FALSE,none,300000,,TRUE,TRUE,,1,1,"Bon Cop, Bad Cop"
TRUE,none,5100000,1100000,TRUE,TRUE,2019-04-24,4,2,BONDING
FALSE,none,200000,,FALSE,FALSE,,1,1,Bone Tomahawk
TRUE,Japanese,400000,,FALSE,FALSE,,1,1,Bones of Steel
TRUE,none,1500000,300000,FALSE,FALSE,,1,1,Bonn
TRUE,Latin,16400000,900000,FALSE,FALSE,2017-10-05,8,4,Bonus Family
TRUE,none,21000000,2300000,TRUE,TRUE,2022-07-08,2,1,"Boo, Bitch"
TRUE,none,4900000,,TRUE,TRUE,,1,1,Booba: Food Puzzle
FALSE,none,8100000,6800000,TRUE,TRUE,,2,1,Booba: Season 2 (Part 1)
FALSE,none,12000000,6500000,TRUE,TRUE,,2,1,Booba: Season 2 (Part 2)
TRUE,none,130000000,22200000,TRUE,TRUE,,6,3,Booba
FALSE,none,1000000,,FALSE,FALSE,,1,1,Boogie (2021)
FALSE,Arabic,100000,,FALSE,FALSE,,1,1,Booha
FALSE,none,1700000,,FALSE,FALSE,,1,1,Book Club
FALSE,none,200000,,FALSE,FALSE,2019-05-23,1,1,Booksmart
FALSE,Korean,800000,,FALSE,FALSE,,1,1,Boomerang Family
FALSE,none,600000,,FALSE,FALSE,,1,1,Boomika (Hindi)
FALSE,none,100000,,FALSE,FALSE,,1,1,Boomika (Malayalam)
FALSE,none,300000,,FALSE,FALSE,,1,1,Boomika (Telugu)
FALSE,none,300000,,FALSE,FALSE,,1,1,Boomika
FALSE,none,100000,,FALSE,FALSE,,1,1,Booty Call
FALSE,Latin,200000,,FALSE,FALSE,,1,1,Borderless Love
TRUE,Latin,1300000,,FALSE,FALSE,2018-03-05,1,1,Borderliner
FALSE,Latin,500000,,FALSE,FALSE,,1,1,Borders of Love
FALSE,Latin,3400000,,FALSE,FALSE,,1,1,Bordertown: Mural Murders
TRUE,Latin,11000000,,FALSE,FALSE,2017-03-31,3,3,Bordertown
TRUE,none,1400000,100000,FALSE,FALSE,,2,1,BORDER
TRUE,Latin,7700000,400000,TRUE,TRUE,2022-04-14,2,1,Borgen - Power & Glory
TRUE,none,26000000,1000000,TRUE,TRUE,,6,3,Borgen
TRUE,none,200000,,FALSE,FALSE,,1,1,Borges
FALSE,Latin,100000,,FALSE,FALSE,,1,1,Boris: The Film
FALSE,none,100000,,FALSE,FALSE,,1,1,Born Beautiful
FALSE,Arabic,100000,,FALSE,FALSE,,1,1,Born in Gaza
FALSE,Arabic,100000,,FALSE,FALSE,,1,1,Born in Syria
FALSE,none,3500000,,FALSE,FALSE,,1,1,Born on the Fourth of July
FALSE,none,100000,,FALSE,FALSE,,1,1,Born Racer
TRUE,Japanese,100000,,FALSE,FALSE,,1,1,Born to be a Flower
TRUE,none,200000,,FALSE,FALSE,,1,1,Born to Be Wild
FALSE,none,300000,,FALSE,FALSE,,1,1,Born to Raise Hell
FALSE,Latin,100000,,FALSE,FALSE,,1,1,Borning 2
FALSE,Latin,100000,,FALSE,FALSE,,1,1,Borning
FALSE,none,1000000,,FALSE,FALSE,,1,1,Borrego
FALSE,none,100000,,FALSE,FALSE,,1,1,Bortom Tingri
FALSE,Japanese,6000000,1000000,FALSE,FALSE,,1,1,Boruto: Naruto Next Generations: Academy Entrance
FALSE,Japanese,2000000,700000,FALSE,FALSE,,1,1,Boruto: Naruto Next Generations: Academy Graduation
FALSE,Japanese,2800000,600000,FALSE,FALSE,,1,1,Boruto: Naruto Next Generations: Byakuya Gang
FALSE,Japanese,2800000,700000,FALSE,FALSE,,1,1,Boruto: Naruto Next Generations: Chunin Exam
FALSE,Japanese,200000,100000,FALSE,FALSE,,1,1,Boruto: Naruto Next Generations: Chunin Re-Examination
FALSE,Japanese,2400000,800000,FALSE,FALSE,,1,1,Boruto: Naruto Next Generations: Field Trip
FALSE,Japanese,2900000,400000,FALSE,FALSE,,1,1,Boruto: Naruto Next Generations: Kara Actuation
FALSE,Japanese,2100000,400000,FALSE,FALSE,,1,1,Boruto: Naruto Next Generations: Kawaki: Kara Clash
FALSE,Japanese,600000,100000,FALSE,FALSE,,1,1,Boruto: Naruto Next Generations: Kawaki: Otsutsuki Awakening
FALSE,Japanese,900000,200000,FALSE,FALSE,,1,1,Boruto: Naruto Next Generations: Konoha Shinden: The Steam Ninja Scrolls
FALSE,Japanese,2400000,300000,FALSE,FALSE,,1,1,Boruto: Naruto Next Generations: Mitsuki's Disappearance
FALSE,Japanese,1900000,200000,FALSE,FALSE,,1,1,Boruto: Naruto Next Generations: Mujina Gang
FALSE,Japanese,1400000,300000,FALSE,FALSE,,1,1,Boruto: Naruto Next Generations: Naruto Shinden
FALSE,Japanese,3100000,900000,FALSE,FALSE,,1,1,Boruto: Naruto Next Generations: Sarada Uchiha
FALSE,Japanese,2300000,300000,FALSE,FALSE,,1,1,Boruto: Naruto Next Generations: Time Slip
FALSE,Japanese,2300000,400000,FALSE,FALSE,,1,1,Boruto: Naruto Next Generations: Vessel
TRUE,Japanese,26500000,,FALSE,FALSE,,4,4,Boruto: Naruto Next Generations
FALSE,none,300000,,FALSE,FALSE,,1,1,Boruto: Naruto the Movie
FALSE,none,1200000,,FALSE,FALSE,,1,1,Bosch & Rockit
TRUE,Chinese_or_Kanji,8100000,200000,FALSE,FALSE,,2,1,Boss & Me
FALSE,none,700000,,FALSE,FALSE,,1,1,Boss Level
FALSE,Devanagari,500000,,FALSE,FALSE,,1,1,Boss
TRUE,none,20800000,3000000,FALSE,FALSE,,1,1,Botched
FALSE,none,400000,,FALSE,FALSE,,1,1,Botoks (2017)
TRUE,none,800000,100000,FALSE,FALSE,,2,1,Botoks
TRUE,none,1700000,200000,FALSE,FALSE,2016-08-19,4,2,Bottersnikes & Gumbles
TRUE,Japanese,200000,,FALSE,FALSE,,1,1,Bottom-Tier Character Tomozaki
FALSE,none,200000,,FALSE,FALSE,,1,1,Bowie: The Man Who Changed the World
FALSE,none,300000,,FALSE,FALSE,,1,1,Boy (2010)
FALSE,none,200000,,FALSE,FALSE,,1,1,Boy Erased
TRUE,Thai,300000,,FALSE,FALSE,,1,1,Boy For Rent
TRUE,none,9000000,500000,FALSE,FALSE,,2,1,Boy Girl Dog Cat Mouse Cheese
FALSE,Latin,100000,,FALSE,FALSE,,1,1,Boy Missing
FALSE,none,500000,,FALSE,FALSE,,1,1,Boyhood
FALSE,none,300000,,FALSE,FALSE,,1,1,Boyka: Undisputed
FALSE,Japanese,500000,,FALSE,FALSE,,1,1,Boys Over Flowers Final: Theatrical Cut
FALSE,Korean,45300000,,FALSE,FALSE,,1,1,Boys Over Flowers: Volume 1
TRUE,Korean,38900000,1400000,FALSE,FALSE,,1,1,Boys Over Flowers
FALSE,Latin,100000,,FALSE,FALSE,,1,1,Boystown
FALSE,none,9000000,,FALSE,FALSE,,1,1,Boyz n the Hood
TRUE,none,4600000,400000,FALSE,FALSE,,3,3,Braccialetti Rossi
FALSE,none,200000,100000,TRUE,TRUE,2017-08-15,2,1,Brad Paisley's Comedy Rodeo
FALSE,none,1500000,,FALSE,FALSE,2020-07-17,1,1,Brahms: The Boy II
FALSE,none,2800000,,FALSE,FALSE,2018-06-22,1,1,Brain on Fire
TRUE,none,14300000,1300000,TRUE,TRUE,2018-11-02,2,1,Brainchild
FALSE,none,1000000,,FALSE,FALSE,,1,1,Bram Stoker's Dracula
FALSE,none,100000,,FALSE,FALSE,,1,1,Brammetje Baas
TRUE,none,5300000,500000,TRUE,TRUE,2021-08-13,2,1,Brand New Cherry Flavor
FALSE,Latin,100000,,FALSE,FALSE,,1,1,Brasserie Valentine
FALSE,none,900000,,FALSE,FALSE,,1,1,Bratz: The Movie
FALSE,none,100000,,FALSE,FALSE,,1,1,Braunschlag: Staffel 1
FALSE,none,200000,,TRUE,TRUE,,1,1,Brave Blue World: Racing to Solve Our Water Crisis
TRUE,Korean,33800000,500000,FALSE,FALSE,,3,2,Brave Detectives
TRUE,none,900000,100000,FALSE,FALSE,2021-03-01,2,1,Brave New World
FALSE,none,100000,,FALSE,FALSE,,1,1,Brave ragazze
FALSE,none,200000,,FALSE,FALSE,,1,1,Braven
TRUE,Korean,500000,,FALSE,FALSE,,1,1,Bravo! Wonder Cards
FALSE,none,13300000,,FALSE,FALSE,,1,1,Brawl in Cell Block 99
FALSE,none,10400000,,TRUE,TRUE,2022-01-13,1,1,Brazen
FALSE,Latin,800000,,FALSE,FALSE,2022-10-03,1,1,Brazil 2002 - Behind the Scenes of Brazil's Fifth FIFA World Cup Victory
FALSE,Japanese,100000,,FALSE,FALSE,,1,1,Bread and Soup and Cat Weather
TRUE,none,45600000,3200000,TRUE,FALSE,,6,3,Bread Barbershop
FALSE,none,300000,,FALSE,FALSE,,1,1,Breaded Life
TRUE,Latin,1600000,100000,TRUE,TRUE,2020-12-16,2,1,BREAK IT ALL: The History of Rock in Latin America
TRUE,none,41500000,1400000,TRUE,TRUE,2023-01-13,2,1,Break Point
FALSE,none,300000,,FALSE,FALSE,,1,1,Break Up (1998)
FALSE,none,100000,,FALSE,FALSE,,1,1,Breakdown (1997)
TRUE,none,1100000,100000,TRUE,TRUE,2019-10-23,2,1,"Breakfast, Lunch & Dinner"
FALSE,none,900000,,FALSE,FALSE,,1,1,Breaking (2022)
TRUE,none,850500000,36400000,FALSE,FALSE,,10,5,Breaking Bad
FALSE,none,900000,,TRUE,TRUE,2021-06-04,1,1,Breaking Boundaries: The Science Of Our Planet
FALSE,Arabic,100000,,FALSE,FALSE,,1,1,Breaking News
TRUE,Chinese_or_Kanji,100000,,FALSE,FALSE,,1,1,Breakout
FALSE,none,100000,,FALSE,FALSE,,1,1,Breath (2018)
FALSE,none,900000,,TRUE,TRUE,2019-04-19,1,1,Brené Brown: The Call to Courage
TRUE,none,400000,100000,TRUE,TRUE,2020-04-10,2,1,Brews Brothers
FALSE,none,2500000,,FALSE,FALSE,,1,1,Brian Banks
FALSE,none,300000,100000,TRUE,TRUE,2017-11-21,2,1,Brian Regan: Nunchucks and Flamethrowers
FALSE,none,500000,200000,TRUE,TRUE,2021-02-23,2,1,Brian Regan: On the Rocks
FALSE,none,200000,,FALSE,FALSE,,1,1,Brick Mansions
FALSE,none,400000,,TRUE,TRUE,,1,1,Bride For Rent (2014)
FALSE,Latin,500000,,FALSE,FALSE,,1,1,Bridesmaid Forever
FALSE,none,2200000,,FALSE,FALSE,,1,1,Bridesmaids (2011)
FALSE,none,12400000,,FALSE,FALSE,,1,1,Bridge to Terabithia (2007)
FALSE,none,200000,200000,TRUE,TRUE,2021-01-23,2,1,Bridgerton - The Afterparty
TRUE,none,387600000,14100000,TRUE,TRUE,2020-12-25,4,2,Bridgerton
FALSE,none,400000,,FALSE,FALSE,,1,1,Bridget Jones's Baby
FALSE,none,100000,,FALSE,FALSE,,1,1,Bridget Jones's Diary
FALSE,Japanese,300000,,TRUE,TRUE,2021-10-12,1,1,Bright: Samurai Soul
FALSE,none,1700000,,FALSE,FALSE,,1,1,Brightburn
FALSE,none,14000000,,TRUE,TRUE,2017-12-22,1,1,Bright
FALSE,Devanagari,400000,,TRUE,TRUE,2018-08-03,1,1,Brij Mohan Amar Rahe
TRUE,none,100000,,FALSE,FALSE,,1,1,Briko
FALSE,none,900000,,FALSE,FALSE,,1,1,Brillantissime
FALSE,none,200000,,FALSE,FALSE,,1,1,Bring It On Again
FALSE,none,6500000,,FALSE,FALSE,,1,1,Bring it On: All or Nothing
FALSE,none,1700000,,FALSE,FALSE,,1,1,Bring It On: Fight to the Finish
FALSE,none,300000,,FALSE,FALSE,,1,1,Bring It On: In It to Win It
FALSE,none,300000,,FALSE,FALSE,,1,1,Bring It On: Worldwide Showdown
FALSE,Korean,100000,,FALSE,FALSE,,1,1,Bring Me Home
FALSE,none,100000,,FALSE,FALSE,,1,1,British Garden: Life and Death on Your Lawn
FALSE,none,1900000,,TRUE,TRUE,2021-09-28,1,1,Britney Vs Spears
FALSE,Latin,100000,,FALSE,FALSE,,1,1,Britt-Marie Was Here
FALSE,none,2900000,,TRUE,TRUE,2022-09-14,1,1,Broad Peak
FALSE,none,2400000,,FALSE,FALSE,,1,1,Brokeback Mountain
FALSE,none,100000,,FALSE,FALSE,,1,1,Broken (2019)
FALSE,none,3300000,,FALSE,FALSE,,1,1,Broken City
FALSE,none,700000,,FALSE,FALSE,,1,1,Broken Hearts Gallery
FALSE,Latin,600000,,TRUE,TRUE,2022-03-30,1,1,Broken Idol: The Undoing of Diomedes Díaz
FALSE,Latin,700000,,TRUE,TRUE,,1,1,Broken Wings
FALSE,Korean,200000,,FALSE,FALSE,,1,1,Broken
TRUE,none,6200000,700000,TRUE,TRUE,2019-11-27,2,1,Broken
FALSE,Korean,2200000,,FALSE,FALSE,,1,1,Broker
FALSE,none,900000,,FALSE,FALSE,,1,1,Bronson
FALSE,none,200000,,FALSE,FALSE,,1,1,Brooklyn (2015)
TRUE,none,702000000,48600000,FALSE,FALSE,,16,8,Brooklyn Nine-Nine
FALSE,none,100000,,FALSE,FALSE,,1,1,Bros (2022)
FALSE,Latin,1200000,,FALSE,FALSE,,1,1,Brother in Love 2
FALSE,Latin,700000,,FALSE,FALSE,,1,1,Brother in Love
FALSE,none,100000,,FALSE,FALSE,,1,1,Brother Jekwu
FALSE,none,100000,,FALSE,FALSE,,1,1,Brother's Shadow
FALSE,Chinese_or_Kanji,100000,,FALSE,FALSE,,1,1,Brotherhood of Blades
TRUE,Latin,30000000,2000000,TRUE,TRUE,2019-10-25,4,2,Brotherhood
FALSE,none,1400000,,FALSE,FALSE,,1,1,Brothers (2009)
FALSE,none,100000,,FALSE,FALSE,,1,1,Brothers by Blood
FALSE,Japanese,100000,,FALSE,FALSE,,1,1,Brothers in Brothel
FALSE,none,100000,,FALSE,FALSE,,1,1,Brothers of the Wind
FALSE,Devanagari,600000,,FALSE,FALSE,,1,1,Brothers
FALSE,Latin,800000,,TRUE,TRUE,2019-07-31,1,1,Brother
TRUE,none,22900000,1800000,TRUE,TRUE,2022-12-29,2,1,Brown and Friends
FALSE,Latin,100000,,FALSE,FALSE,,1,1,"Bruc, the Manhunt"
FALSE,none,4800000,,FALSE,FALSE,,1,1,Bruce Almighty
TRUE,none,100000,,FALSE,FALSE,,1,1,Bruder: Schwarze Macht
FALSE,none,7200000,,TRUE,TRUE,2021-11-24,1,1,Bruised
FALSE,Latin,300000,100000,TRUE,TRUE,2022-06-22,2,1,Bruna Louise: Demolition
FALSE,none,600000,,FALSE,FALSE,,1,1,Brüno
TRUE,none,100000,,FALSE,FALSE,,1,1,BTOOOM!
FALSE,Thai,2800000,,FALSE,FALSE,,1,1,"Bua Pun, Beauty and the Blade"
FALSE,none,1200000,,TRUE,TRUE,2022-08-03,1,1,Buba
FALSE,Japanese,2900000,,TRUE,TRUE,2022-04-28,1,1,Bubble
FALSE,Latin,100000,,FALSE,FALSE,,1,1,Bucharest Nonstop
FALSE,Latin,100000,,FALSE,FALSE,,1,1,Budapest Heist
FALSE,none,3100000,,FALSE,FALSE,2019-03-01,1,1,Budapest
FALSE,Latin,3100000,,FALSE,FALSE,,1,1,Buddies from the Neighborhood
TRUE,none,2500000,700000,FALSE,FALSE,2020-03-20,4,2,Buddi
TRUE,none,2600000,100000,FALSE,FALSE,,2,1,Buddy Daddies
FALSE,none,1500000,,FALSE,FALSE,,1,1,Buddy Games
FALSE,none,100000,,TRUE,TRUE,2017-07-14,1,1,Buddy Thunderstruck: The Maybe Pile
TRUE,none,900000,100000,TRUE,TRUE,2017-03-10,2,1,Buddy Thunderstruck
FALSE,Devanagari,100000,,FALSE,FALSE,,1,1,Budhia Singh: Born to Run
FALSE,none,200000,,FALSE,FALSE,,1,1,Buffoon
FALSE,none,100000,,FALSE,FALSE,,1,1,Bugsy
FALSE,none,100000,,FALSE,FALSE,,1,1,Bukit Kepong
FALSE,none,200000,,FALSE,FALSE,,1,1,Bulan & Pria Terhebat
FALSE,Devanagari,1200000,,TRUE,TRUE,2020-06-24,1,1,Bulbbul
TRUE,Korean,21400000,500000,TRUE,TRUE,2021-12-18,2,1,Bulgasal: Immortal Souls
FALSE,none,700000,,FALSE,FALSE,,1,1,Bull (2021)
FALSE,none,700000,,FALSE,FALSE,,1,1,Bullet Head (2017)
FALSE,none,5100000,,FALSE,FALSE,,1,1,Bullet to the Head
TRUE,Japanese,300000,,FALSE,FALSE,,1,1,Bullet Train Bistro
FALSE,none,34400000,,FALSE,FALSE,,1,1,Bullet Train
FALSE,none,300000,,FALSE,FALSE,,1,1,Bulletproof (1996)
TRUE,none,7400000,500000,TRUE,TRUE,2022-04-27,2,1,Bullsh*t The Gameshow
FALSE,Latin,100000,,FALSE,FALSE,,1,1,Bully
FALSE,none,16300000,,FALSE,FALSE,,1,1,Bumblebee
FALSE,none,100000,,FALSE,FALSE,,1,1,BUMP OF CHICKEN TOUR 2019 aurora ark TOKYO DOME
TRUE,none,300000,100000,TRUE,TRUE,2018-11-27,2,1,Bumping Mics with Jeff Ross & Dave Attell
FALSE,none,200000,,FALSE,FALSE,,1,1,Bundy and the Green River Killer
FALSE,Japanese,3400000,300000,FALSE,FALSE,,2,1,Bungo Stray Dogs 2
FALSE,Japanese,2600000,200000,FALSE,FALSE,,2,1,Bungo Stray Dogs 3
FALSE,Japanese,2900000,200000,FALSE,FALSE,,2,1,Bungo Stray Dogs 4
FALSE,Japanese,1700000,400000,FALSE,FALSE,,1,1,Bungo Stray Dogs 5
FALSE,Japanese,4500000,400000,FALSE,FALSE,,2,1,Bungo Stray Dogs
TRUE,none,145000000,7400000,FALSE,FALSE,,12,6,Bunk'd
FALSE,none,200000,,FALSE,FALSE,,1,1,Bunker: Project 12
TRUE,none,400000,100000,TRUE,TRUE,2021-02-12,2,1,Buried by the Bernards
FALSE,none,17100000,,FALSE,FALSE,,1,1,Burlesque (2010)
FALSE,none,400000,,FALSE,FALSE,,1,1,Burn After Reading
FALSE,none,3500000,,FALSE,FALSE,2019-03-15,1,1,Burn Out
TRUE,Japanese,78500000,12200000,TRUE,TRUE,2023-07-13,1,1,Burn the House Down
TRUE,Latin,144800000,22100000,TRUE,TRUE,2023-09-08,1,1,Burning Body
FALSE,Latin,2400000,,FALSE,FALSE,,1,1,Burning Days
FALSE,Latin,1300000,,FALSE,FALSE,2022-12-07,1,1,Burning Patience
FALSE,none,500000,,TRUE,TRUE,2017-03-10,1,1,Burning Sands
FALSE,Korean,200000,,FALSE,FALSE,,1,1,Burning
FALSE,none,9100000,,FALSE,FALSE,,1,1,Burnt
FALSE,none,600000,,FALSE,FALSE,,1,1,Busco novio para mi mujer
FALSE,none,3100000,,FALSE,FALSE,2017-08-25,1,1,Bushwick
TRUE,Korean,225200000,8700000,TRUE,TRUE,2022-02-28,2,1,Business Proposal
TRUE,Korean,8300000,300000,TRUE,TRUE,2018-05-04,6,3,Busted!
TRUE,Japanese,300000,,FALSE,FALSE,,3,3,Butt Detective
FALSE,none,3300000,,FALSE,FALSE,,1,1,Butta Bomma
FALSE,none,400000,,FALSE,FALSE,,1,1,Buurman & Buurman: Bakken en Grillen
FALSE,none,1600000,500000,FALSE,FALSE,,2,1,"Buurman & Buurman: Season 1 ""In the Countryside"""
FALSE,none,1200000,300000,FALSE,FALSE,,2,1,"Buurman & Buurman: Season 2 ""Entertain Us"""
FALSE,none,1200000,300000,FALSE,FALSE,,2,1,"Buurman & Buurman: Season 3 ""Winter Fun"""
FALSE,none,1600000,500000,FALSE,FALSE,,2,1,"Buurman & Buurman: Season 4 ""Pat and Mat Adventures"""
TRUE,none,9700000,800000,TRUE,TRUE,2022-09-02,2,1,Buy My House
FALSE,none,500000,,TRUE,TRUE,,1,1,BuyBust
TRUE,none,15600000,700000,TRUE,TRUE,2022-11-04,2,1,Buying Beverly Hills
FALSE,Latin,100000,,FALSE,FALSE,,1,1,Buzz Off
FALSE,none,100000,,FALSE,FALSE,,1,1,Bwakaw
TRUE,Japanese,1700000,300000,FALSE,FALSE,,1,1,By the age of 30
TRUE,Japanese,2800000,400000,FALSE,FALSE,,3,2,By the Grace of the Gods
FALSE,none,800000,,FALSE,FALSE,,1,1,By the Sea (2015)
FALSE,Latin,600000,,FALSE,FALSE,,1,1,Bygones Be Bygones
FALSE,Devanagari,400000,,FALSE,FALSE,,1,1,Bypass Road
TRUE,none,1200000,100000,TRUE,TRUE,2022-03-09,2,1,Byron Baes
FALSE,none,300000,,FALSE,FALSE,,1,1,Bölük
FALSE,Latin,2800000,,TRUE,TRUE,2020-12-25,1,1,Børning 3: Asphalt Burning
FALSE,none,100000,,FALSE,FALSE,,1,1,BÚÉK
FALSE,none,800000,,FALSE,FALSE,,1,1,Bücür (2018)
FALSE,none,200000,,FALSE,FALSE,,1,1,C Kkompany
FALSE,Korean,100000,,FALSE,FALSE,,1,1,C'est Si Bon
FALSE,none,1100000,,FALSE,FALSE,,1,1,C'est tout pour moi
FALSE,none,100000,,FALSE,FALSE,,1,1,C/O Kaadhal
TRUE,none,100000,,FALSE,FALSE,,1,1,Cabins in the Wild with Dick Strawbridge
TRUE,Latin,9400000,1200000,TRUE,TRUE,2020-02-14,4,2,Cable Girls: Final Season
TRUE,Latin,50100000,3400000,TRUE,TRUE,2017-04-28,8,4,Cable Girls
FALSE,Latin,2000000,,TRUE,TRUE,2020-10-22,1,1,Cadaver
FALSE,Latin,200000,,FALSE,FALSE,,1,1,Cadet 1947
FALSE,none,600000,,FALSE,FALSE,,1,1,Cado dalle Nubi
FALSE,Japanese,100000,,FALSE,FALSE,,1,1,Cafe Funiculi Funicula
TRUE,none,177100000,1100000,FALSE,FALSE,2021-12-29,2,1,Café con aroma de mujer
TRUE,Korean,35700000,900000,TRUE,TRUE,2022-06-27,2,1,Café Minamdang
TRUE,Japanese,2300000,200000,TRUE,TRUE,2020-02-06,2,1,Cagaster of an Insect Cage
TRUE,Arabic,200000,,FALSE,FALSE,,1,1,Cairo Class
FALSE,none,900000,,FALSE,FALSE,,1,1,Cake (2014)
FALSE,none,2100000,,TRUE,TRUE,2018-06-29,1,1,Calibre
TRUE,none,700000,,FALSE,FALSE,,1,1,Calimero
TRUE,Latin,11200000,1000000,TRUE,TRUE,2020-03-18,2,1,Caliphate
FALSE,Chinese_or_Kanji,300000,,FALSE,FALSE,,1,1,Call Boy
FALSE,none,3400000,,FALSE,FALSE,,1,1,Call Me by Your Name
FALSE,Japanese,17600000,,TRUE,TRUE,2023-02-23,1,1,Call Me Chihiro
FALSE,Thai,400000,,FALSE,FALSE,,1,1,Call Me Daddy
FALSE,none,2500000,,FALSE,FALSE,,1,1,Call Me Kate
FALSE,none,2000000,100000,FALSE,FALSE,,2,1,Call Me Tita
FALSE,Arabic,100000,,FALSE,FALSE,,1,1,"Call Me, Thanks"
TRUE,Devanagari,800000,100000,FALSE,FALSE,2021-10-29,2,1,Call My Agent Bollywood
TRUE,Latin,15100000,1300000,FALSE,FALSE,2016-12-20,8,4,Call My Agent!
TRUE,Japanese,1000000,100000,FALSE,FALSE,,2,1,Call of the Night
TRUE,none,115400000,9100000,FALSE,FALSE,,23,12,Call the Midwife
TRUE,Latin,100000,,TRUE,TRUE,,1,1,Camarón Revolution
FALSE,Latin,100000,,TRUE,TRUE,,1,1,Camarón: The Film
FALSE,Latin,200000,,TRUE,TRUE,,1,1,Camellia Sisters
FALSE,Latin,100000,,FALSE,FALSE,,1,1,Camila Jam
FALSE,none,100000,,FALSE,FALSE,,1,1,Camino a Marte
FALSE,Latin,100000,,FALSE,FALSE,,1,1,"Camino, a Feature Length Selfie"
TRUE,none,100000,,FALSE,FALSE,,1,1,Camokakis: Whole Lot Fall In!
FALSE,none,200000,,TRUE,TRUE,2021-11-02,1,1,Camp Confidential: America's Secret Nazis
FALSE,none,200000,,FALSE,FALSE,,1,1,Camp Sawi
FALSE,Japanese,8500000,400000,FALSE,FALSE,,2,1,Campfire Cooking in Another World with My Absurd Skill
FALSE,none,100000,,FALSE,FALSE,,1,1,Campo Grande
FALSE,none,1700000,,TRUE,TRUE,2018-11-16,1,1,Cam
FALSE,Latin,100000,,FALSE,FALSE,,1,1,"Can Go Up, Can Go Down"
TRUE,Latin,800000,100000,TRUE,TRUE,2019-10-15,3,2,Can You Hear Me?
FALSE,none,5000000,,FALSE,FALSE,,1,1,Can You Keep a Secret?
TRUE,none,24300000,1100000,FALSE,FALSE,,1,1,Can't Buy Me Love
FALSE,none,900000,,TRUE,TRUE,,1,1,Can't Help Falling in Love
FALSE,none,400000,,FALSE,FALSE,,1,1,"Can't Stop, Won't Stop: A Bad Boy Story"
FALSE,none,400000,,TRUE,TRUE,2018-04-27,1,1,Candy Jar
TRUE,none,4000000,400000,TRUE,TRUE,2021-02-24,2,1,Canine Intervention
TRUE,Japanese,1800000,100000,FALSE,FALSE,2019-08-15,2,1,Cannon Busters
FALSE,none,1200000,,FALSE,FALSE,,1,1,Canta Comigo: Temporada 3
FALSE,Chinese_or_Kanji,100000,,FALSE,FALSE,,1,1,Canton God Father
FALSE,none,200000,,TRUE,TRUE,2020-12-11,1,1,Canvas
TRUE,Japanese,200000,,FALSE,FALSE,,1,1,Can’t Write!? ～A Life Without Scenario～
FALSE,none,500000,,FALSE,FALSE,,1,1,Cape Fear (1991)
FALSE,Chinese_or_Kanji,100000,,FALSE,FALSE,,1,1,Cape No. 7
FALSE,Arabic,500000,,FALSE,FALSE,,1,1,Capernaum
FALSE,none,300000,,FALSE,FALSE,,1,1,CAPITALISM: A LOVE STORY
TRUE,none,21400000,1600000,TRUE,TRUE,2021-02-11,4,2,Capitani
FALSE,none,200000,,FALSE,FALSE,,1,1,Capone (2020)
FALSE,Latin,300000,,FALSE,FALSE,,1,1,Capt'n Sharky
TRUE,none,22600000,5000000,TRUE,TRUE,2023-07-28,1,1,Captain Fall
FALSE,none,400000,,FALSE,FALSE,,1,1,Captain Fantastic
TRUE,none,5200000,2200000,TRUE,TRUE,2023-10-19,1,1,Captain Laserhawk: A Blood Dragon Remix
FALSE,none,2300000,,FALSE,FALSE,2022-04-01,1,1,Captain Nova
FALSE,none,7800000,,FALSE,FALSE,,1,1,Captain Phillips
TRUE,Japanese,4800000,,FALSE,FALSE,,1,1,Captain Tsubasa
FALSE,none,2800000,,TRUE,TRUE,2020-02-11,1,1,Captain Underpants Epic Choice-o-Rama
FALSE,none,1200000,,TRUE,TRUE,2020-12-04,1,1,Captain Underpants Mega Blissmas
FALSE,none,13400000,,FALSE,FALSE,,1,1,Captain Underpants: The First Epic Movie
TRUE,none,5300000,1100000,TRUE,TRUE,2023-12-30,1,1,Captains of the World
TRUE,none,2100000,200000,TRUE,TRUE,,2,1,Captains
FALSE,none,2300000,,FALSE,FALSE,,1,1,Captive (2015)
FALSE,none,400000,,FALSE,FALSE,,1,1,Captive State
TRUE,none,5500000,200000,TRUE,TRUE,2016-12-09,2,1,Captive
FALSE,Latin,2600000,,FALSE,FALSE,,1,1,Capture the Flag
FALSE,none,100000,,FALSE,FALSE,,1,1,Capturing Cricket: Steve Waugh in India
FALSE,none,7200000,,TRUE,TRUE,2022-11-11,1,1,Capturing the Killer Nurse
TRUE,none,90200000,12100000,TRUE,FALSE,2018-09-14,9,5,Car Masters: Rust to Riches
TRUE,Arabic,500000,,FALSE,FALSE,,1,1,Caramel
FALSE,none,6500000,,FALSE,FALSE,,1,1,Carandiru
FALSE,Latin,400000,,FALSE,FALSE,,1,1,Carbon
FALSE,Japanese,200000,,FALSE,FALSE,,1,1,Cardcaptor Sakura: Clear Card
FALSE,Japanese,4300000,100000,FALSE,FALSE,,2,1,Cardcaptor Sakura: Clow Card
FALSE,Japanese,1500000,100000,FALSE,FALSE,,2,1,Cardcaptor Sakura: Sakura Card
TRUE,none,8000000,1300000,TRUE,TRUE,2015-11-06,4,2,Care Bears & Cousins
FALSE,none,200000,,FALSE,FALSE,,1,1,Care of Kancharapalem
FALSE,Latin,300000,,FALSE,FALSE,,1,1,Career Girl
FALSE,Devanagari,100000,,FALSE,FALSE,,1,1,Cargo
FALSE,Latin,200000,,FALSE,FALSE,,1,1,Cargo
FALSE,none,7400000,,TRUE,TRUE,2018-05-18,1,1,Cargo
TRUE,none,107600000,200000,FALSE,FALSE,,2,1,Carinha de Anjo
FALSE,none,400000,,FALSE,FALSE,,1,1,Carlito's Way
FALSE,none,300000,100000,FALSE,FALSE,2016-11-21,2,1,Carlos Ballarta: El amor es de putos
FALSE,Latin,600000,200000,TRUE,TRUE,2021-11-18,2,1,Carlos Ballarta: False Prophet
FALSE,none,300000,100000,FALSE,FALSE,2018-05-11,2,1,Carlos Ballarta: Furia ñera
TRUE,Latin,1700000,200000,TRUE,TRUE,2020-11-05,2,1,Carmel: Who Killed Maria Marta?
FALSE,none,1300000,,TRUE,TRUE,2020-03-10,1,1,Carmen Sandiego: To Steal or Not to Steal
TRUE,none,27700000,3800000,TRUE,TRUE,2019-01-18,8,4,Carmen Sandiego
FALSE,none,100000,,FALSE,FALSE,,1,1,Carmina y amén
FALSE,none,2200000,,TRUE,TRUE,2021-06-02,1,1,Carnaval
FALSE,none,1400000,,FALSE,FALSE,,1,1,Carol (2015)
TRUE,Japanese,1800000,200000,TRUE,FALSE,2019-04-09,4,2,CAROLE & TUESDAY
FALSE,none,100000,,FALSE,FALSE,,1,1,Carolin Kebekus - AlphaPussy
FALSE,none,1600000,,FALSE,FALSE,,1,1,Carrie (2013)
FALSE,none,2000000,,FALSE,FALSE,,1,1,Carrie Pilby
FALSE,none,700000,,FALSE,FALSE,,1,1,Carriers
FALSE,none,2400000,,FALSE,FALSE,,1,1,Carrossel 2: O Sumiço de Maria Joaquina
FALSE,none,2500000,,FALSE,FALSE,,1,1,"Carrossel, O Filme"
FALSE,none,130900000,300000,FALSE,FALSE,,2,1,Carrossel
FALSE,none,100000,,FALSE,FALSE,,1,1,Carta Para Além dos Muros
FALSE,Korean,11900000,,TRUE,TRUE,2022-08-05,1,1,Carter
FALSE,Korean,100000,,FALSE,FALSE,,1,1,Casa Amor Exclusive For Ladies
FALSE,none,200000,,FALSE,FALSE,,1,1,Casa da Mãe Joana 2
FALSE,none,500000,,FALSE,FALSE,,1,1,Casa da Mãe Joana
FALSE,none,500000,,FALSE,FALSE,,1,1,Casa Grande (2014)
TRUE,none,77500000,2200000,FALSE,FALSE,,10,5,Casados con hijos (2005)
FALSE,none,5500000,,FALSE,FALSE,,1,1,Case 39
FALSE,Latin,100000,,FALSE,FALSE,,1,1,Case Unknown
FALSE,none,1100000,,FALSE,FALSE,,1,1,Casino (1995)
FALSE,Chinese_or_Kanji,100000,,FALSE,FALSE,,1,1,Casino Tycoon 2
FALSE,Chinese_or_Kanji,200000,,FALSE,FALSE,,1,1,Casino Tycoon
FALSE,none,3000000,,FALSE,FALSE,,1,1,Casper
FALSE,none,2100000,,FALSE,FALSE,,1,1,Cast Away (2000)
TRUE,Korean,107900000,7200000,TRUE,TRUE,2023-10-28,1,1,Castaway Diva
FALSE,none,100000,,TRUE,TRUE,2017-04-28,1,1,Casting JonBenet
TRUE,none,3000000,200000,TRUE,TRUE,2020-02-13,4,2,Castle and Castle
FALSE,Japanese,3000000,,FALSE,FALSE,,1,1,Castle in the Sky
FALSE,Latin,700000,,FALSE,FALSE,,1,1,Castle of Stories
TRUE,none,400000,,FALSE,FALSE,,2,2,Castle Rock
TRUE,none,28000000,7600000,TRUE,TRUE,2023-09-28,1,1,Castlevania: Nocturne
TRUE,none,53500000,10000000,TRUE,TRUE,2017-07-07,8,4,Castlevania
TRUE,none,1400000,,FALSE,FALSE,,4,4,Casual
FALSE,Latin,300000,,FALSE,FALSE,,1,1,Cat and Dog
FALSE,none,800000,,TRUE,TRUE,2022-02-22,1,1,Cat Burglar
TRUE,none,700000,100000,TRUE,TRUE,2021-07-07,2,1,Cat People
TRUE,none,7900000,1200000,FALSE,FALSE,,8,4,Catastrophe
FALSE,none,100000,,FALSE,FALSE,,1,1,Catatan Harian Si Boy
FALSE,none,800000,,FALSE,FALSE,,1,1,Catch and Release (2006)
FALSE,none,16200000,,FALSE,FALSE,,1,1,Catch Me If You Can (2002)
FALSE,none,200000,,FALSE,FALSE,,1,1,Catch the Fair One
FALSE,Korean,3000000,200000,FALSE,FALSE,,2,1,Catch! Teenieping: Secret Catch! Teenieping
FALSE,Korean,6600000,700000,TRUE,TRUE,,2,1,Catch! Teenieping: Twinkle Catch! Teenieping
FALSE,Korean,20200000,800000,TRUE,TRUE,,2,1,Catch! Teenieping
FALSE,none,100000,,TRUE,TRUE,2018-05-18,1,1,Catching Feelings
TRUE,none,87300000,14300000,TRUE,TRUE,2021-11-04,6,3,Catching Killers
FALSE,none,400000,,TRUE,TRUE,,1,1,Catfight
TRUE,Latin,14900000,1000000,TRUE,TRUE,2018-08-31,2,1,Cathedral of the Sea
FALSE,none,200000,,FALSE,FALSE,,1,1,Cats (2019)
FALSE,none,600000,,FALSE,FALSE,,1,1,Catwoman (2004)
TRUE,none,11800000,700000,TRUE,TRUE,2022-12-09,2,1,CAT
FALSE,Latin,1400000,,TRUE,TRUE,2021-03-25,1,1,Caught by a Wave
FALSE,Chinese_or_Kanji,100000,,FALSE,FALSE,,1,1,Caught in Time
FALSE,none,1200000,,TRUE,TRUE,2023-03-17,1,1,Caught Out: Crime. Corruption. Cricket.
FALSE,none,200000,,FALSE,FALSE,,1,1,Causa justa
FALSE,Japanese,200000,,FALSE,FALSE,,1,1,"Caution, Hazardous Wife: シーズン1"
TRUE,Japanese,1700000,200000,FALSE,FALSE,,2,1,Cautious Hero: The Hero Is Overpowered but Overly Cautious
FALSE,none,3300000,,FALSE,FALSE,,1,1,CBI 5: The Brain
FALSE,none,600000,200000,TRUE,TRUE,2016-09-16,2,1,Cedric the Entertainer: Live from the Ville
TRUE,none,300000,,FALSE,FALSE,,1,1,Celebrity Ex on the Beach
TRUE,none,1000000,100000,FALSE,FALSE,,2,1,Celebrity Gogglebox
TRUE,Korean,166600000,18300000,TRUE,TRUE,2023-06-30,2,1,Celebrity
FALSE,none,1400000,200000,TRUE,TRUE,2023-04-12,2,1,"Celeste Barber: Fine, thanks"
FALSE,Latin,200000,,FALSE,FALSE,,1,1,Cell 211
FALSE,Japanese,2200000,200000,FALSE,FALSE,,2,1,Cells At Work! (2018)
FALSE,Japanese,200000,,FALSE,FALSE,,1,1,Cells at Work! CODE BLACK
FALSE,Japanese,300000,,FALSE,FALSE,,1,1,Cells at Work!! (2018)
FALSE,none,600000,,FALSE,FALSE,,1,1,Cellular
FALSE,none,2500000,800000,TRUE,TRUE,2021-12-31,2,1,Cem Yılmaz: Diamond Elite Platinum Plus
FALSE,Latin,300000,,FALSE,FALSE,,1,1,Cemara's Family 2
FALSE,Latin,100000,,FALSE,FALSE,,1,1,Cemara's Family
FALSE,Latin,200000,,FALSE,FALSE,,1,1,Cemetery Without Crosses
FALSE,none,2200000,,TRUE,TRUE,2022-06-15,1,1,Centauro
TRUE,none,8800000,800000,TRUE,TRUE,2021-07-30,4,2,Centaurworld
FALSE,Latin,500000,,FALSE,FALSE,,1,1,Center of My World
FALSE,none,300000,,FALSE,FALSE,,1,1,Center Stage
FALSE,none,19200000,,FALSE,FALSE,,1,1,Central Intelligence
FALSE,none,200000,,FALSE,FALSE,,1,1,Centurion
FALSE,none,100000,,FALSE,FALSE,,1,1,Certain Women (2016)
FALSE,none,900000,,FALSE,FALSE,,1,1,Cetto c'è senzadubbiamente
FALSE,Devanagari,200000,,FALSE,FALSE,,1,1,Chaahat
TRUE,none,200000,,TRUE,TRUE,2022-08-23,1,1,Chad and JT Go Deep
FALSE,none,200000,,FALSE,FALSE,,1,1,Chaguo
TRUE,Japanese,22100000,900000,FALSE,FALSE,,2,1,Chainsaw Man
FALSE,none,400000,,FALSE,FALSE,,1,1,Chalet Girl
FALSE,Latin,100000,,FALSE,FALSE,,1,1,Challenge To White Fang
TRUE,none,4600000,600000,TRUE,TRUE,2020-09-16,2,1,Challenger
FALSE,Devanagari,700000,,FALSE,FALSE,,1,1,Chalte Chalte
FALSE,Devanagari,500000,,FALSE,FALSE,,1,1,Chaman Bahaar
FALSE,Devanagari,300000,,FALSE,FALSE,,1,1,Chamatkar
TRUE,none,15100000,1000000,TRUE,TRUE,2019-04-26,2,1,Chambers
TRUE,none,2000000,300000,FALSE,FALSE,2018-06-11,2,1,Champions
FALSE,none,1100000,,FALSE,FALSE,,1,1,Chandigarh Kare Aashiqui
TRUE,Korean,6000000,200000,TRUE,FALSE,,3,2,Change Days
FALSE,none,900000,,FALSE,FALSE,,1,1,Changeling
FALSE,none,100000,,FALSE,FALSE,,1,1,Changing Saddles
FALSE,none,300000,,FALSE,FALSE,,1,1,Chaos (2005)
FALSE,none,3700000,,FALSE,FALSE,,1,1,Chaos Walking
FALSE,none,900000,500000,TRUE,TRUE,2022-02-28,2,1,Chappelle's Home Team - Earthquake: Legendary
FALSE,none,1100000,2000000,TRUE,TRUE,2023-09-26,1,1,Chappelle's Home Team - Luenell: Town Business
TRUE,none,12500000,1400000,FALSE,FALSE,,4,2,Chappelle's Show
FALSE,none,5000000,,FALSE,FALSE,,1,1,Chappie
TRUE,Japanese,200000,,FALSE,FALSE,,1,1,Charge it !
TRUE,none,3000000,300000,FALSE,FALSE,,6,3,Charité
TRUE,none,100000,,FALSE,FALSE,,1,1,Charley Goes to School
FALSE,none,6300000,,FALSE,FALSE,,1,1,Charlie and the Chocolate Factory
FALSE,none,800000,,FALSE,FALSE,,1,1,Charlie St. Cloud
FALSE,none,4500000,,FALSE,FALSE,,1,1,Charlie Wilson's War
FALSE,none,2900000,,FALSE,FALSE,,1,1,Charlie's Angels (2000)
FALSE,none,8000000,,FALSE,FALSE,,1,1,Charlie's Angels (2019)
FALSE,none,1200000,,FALSE,FALSE,,1,1,Charlie's Angels: Full Throttle
FALSE,none,2200000,500000,TRUE,TRUE,2021-11-30,2,1,Charlie's Colorforms City: Classic Tales with a Twist
FALSE,none,18600000,1500000,TRUE,TRUE,2019-03-22,2,1,Charlie's Colorforms City: Colorforms City
FALSE,none,2300000,1100000,TRUE,TRUE,2022-06-13,2,1,Charlie's Colorforms City: Mighty Movie Adventures
FALSE,none,1600000,400000,TRUE,TRUE,2022-06-13,2,1,Charlie's Colorforms City: Miss Weather and Friends
FALSE,none,900000,900000,TRUE,TRUE,2021-11-30,2,1,Charlie's Colorforms City: Snowy Stories
FALSE,none,1000000,1000000,TRUE,TRUE,2021-11-30,2,1,Charlie's Colorforms City: The Lost Valentines Musical
FALSE,none,100000,,FALSE,FALSE,,1,1,Charlie's Country
FALSE,none,300000,,FALSE,FALSE,,1,1,Charlotte M. - Il Film: Flamingo Party
FALSE,none,6500000,,FALSE,FALSE,,1,1,Charlotte's Web (2006)
FALSE,Latin,1000000,,FALSE,FALSE,,1,1,Charm School
TRUE,none,22700000,900000,FALSE,FALSE,,8,4,Charmed (2018)
FALSE,none,2200000,,FALSE,FALSE,2019-12-11,1,1,Charming
FALSE,Devanagari,100000,,FALSE,FALSE,,1,1,Chashme Baddoor
FALSE,none,900000,,TRUE,TRUE,2017-07-14,1,1,Chasing Coral
FALSE,none,100000,,FALSE,FALSE,,1,1,Chavela
FALSE,none,600000,,FALSE,FALSE,,1,1,Che bella giornata
TRUE,none,7500000,100000,TRUE,TRUE,2023-03-01,2,1,Cheat
FALSE,Latin,1600000,,FALSE,FALSE,,1,1,Check the Store Next Door 2
FALSE,Latin,400000,,FALSE,FALSE,,1,1,Check The Store Next Door: The Next Chapter: The Next Chapter 2
FALSE,Latin,1100000,100000,FALSE,FALSE,,2,1,Check The Store Next Door: The Next Chapter: The Next Chapter
FALSE,Latin,300000,,FALSE,FALSE,,1,1,Check the Store Next Door
TRUE,Hebrew,9800000,700000,FALSE,FALSE,,7,4,Checkout
FALSE,Latin,200000,,FALSE,FALSE,,1,1,Cheeky Girls 2
FALSE,Latin,300000,,FALSE,FALSE,,1,1,Cheeky Girls
TRUE,none,700000,,FALSE,FALSE,,1,1,Cheer Squad
FALSE,Korean,100000,,FALSE,FALSE,,1,1,"Cheer Up, Mr. Lee"
TRUE,Korean,5200000,300000,FALSE,FALSE,,1,1,Cheer Up
TRUE,none,10100000,600000,TRUE,TRUE,2020-01-08,4,2,Cheer
FALSE,none,1600000,,FALSE,FALSE,,1,1,Chef (2014)
TRUE,Japanese,1800000,200000,FALSE,FALSE,,2,1,Chef is a Great Detective
FALSE,Latin,100000,,FALSE,FALSE,,1,1,Chef's Special
TRUE,none,2500000,300000,TRUE,TRUE,2020-09-02,2,1,Chef's Table: BBQ
TRUE,none,700000,100000,TRUE,TRUE,2016-09-02,2,1,Chef's Table: France
TRUE,none,6100000,400000,TRUE,TRUE,2022-09-07,2,1,Chef's Table: Pizza
FALSE,none,1200000,100000,TRUE,TRUE,2015-04-26,2,1,Chef's Table: Volume 1
FALSE,none,1000000,100000,TRUE,TRUE,2016-05-27,2,1,Chef's Table: Volume 2
FALSE,none,1200000,100000,TRUE,TRUE,2017-02-17,2,1,Chef's Table: Volume 3
FALSE,none,800000,100000,TRUE,TRUE,2018-04-13,2,1,Chef's Table: Volume 4: Pastry
FALSE,none,1000000,100000,TRUE,TRUE,2018-09-28,2,1,Chef's Table: Volume 5
FALSE,none,2100000,300000,TRUE,TRUE,2019-02-22,2,1,Chef's Table: Volume 6
TRUE,none,900000,,TRUE,TRUE,2016-01-23,1,1,Chelsea Does
FALSE,none,2500000,200000,TRUE,TRUE,2022-12-27,2,1,Chelsea Handler: Revolution
FALSE,none,300000,100000,FALSE,FALSE,2014-10-10,2,1,Chelsea Handler: Uganda Be Kidding Me Live
FALSE,none,100000,,TRUE,TRUE,2016-05-11,1,1,Chelsea: Best of 2016
FALSE,none,500000,,FALSE,FALSE,2017-04-14,1,1,Chelsea: Season 2 (2017)
FALSE,Devanagari,4200000,,TRUE,TRUE,,1,1,Chennai Express
FALSE,Cyrillic,4900000,,FALSE,FALSE,2021-06-02,1,1,Chernobyl 1986
TRUE,Japanese,900000,100000,FALSE,FALSE,,2,1,Cherry Magic! Thirty Years of Virginity Can Make You a Wizard?!
TRUE,none,67500000,5700000,FALSE,FALSE,,12,6,Chesapeake Shores
FALSE,none,800000,,FALSE,FALSE,,1,1,Chestnut: Hero of Central Park
TRUE,none,700000,,FALSE,FALSE,,2,2,Chewing Gum
FALSE,Devanagari,100000,,FALSE,FALSE,,1,1,Chhota Bheem & Krishna: Mayanagari
FALSE,Devanagari,100000,,FALSE,FALSE,,1,1,Chhota Bheem & Krishna: Pataliputra- City of the Dead
FALSE,Devanagari,200000,,FALSE,FALSE,,1,1,Chhota Bheem - Dinosaur World
FALSE,Devanagari,100000,,FALSE,FALSE,,1,1,Chhota Bheem and the Legend of El Magnifico
FALSE,Devanagari,100000,,FALSE,FALSE,,1,1,Chhota Bheem and the Return of Dragar
FALSE,Devanagari,100000,,FALSE,FALSE,,1,1,Chhota Bheem aur Chand Pari ki Dastaan
FALSE,Devanagari,100000,,FALSE,FALSE,,1,1,Chhota Bheem Aur Hanuman
FALSE,Devanagari,100000,,FALSE,FALSE,,1,1,Chhota Bheem aur Krishna vs Zimbara
FALSE,Devanagari,100000,,FALSE,FALSE,,1,1,Chhota Bheem aur Krishna
FALSE,Devanagari,100000,,FALSE,FALSE,,1,1,Chhota Bheem Aur Mahavinashini ka Vinaash
TRUE,Devanagari,200000,100000,FALSE,FALSE,,1,1,Chhota Bheem Damyan
FALSE,Devanagari,100000,,FALSE,FALSE,,1,1,Chhota Bheem ki Citi Pitti Gul
TRUE,Devanagari,300000,100000,FALSE,FALSE,,1,1,Chhota Bheem Kirmada
TRUE,Devanagari,200000,100000,FALSE,FALSE,,1,1,Chhota Bheem Rangda
FALSE,Devanagari,100000,,FALSE,FALSE,,1,1,Chhota Bheem: Dholakpur to Kathmandu
FALSE,Devanagari,100000,,FALSE,FALSE,,1,1,Chhota Bheem: Journey to Petra
FALSE,Devanagari,100000,,FALSE,FALSE,,1,1,Chhota Bheem: Master of Shaolin
FALSE,Devanagari,100000,,FALSE,FALSE,,1,1,Chhota Bheem: The Rise of Kirmada
TRUE,Devanagari,1100000,,FALSE,FALSE,,8,8,Chhota Bheem
TRUE,none,4500000,200000,FALSE,FALSE,,2,1,Chi mon chaton
FALSE,Japanese,2200000,,FALSE,FALSE,,1,1,Chibi Maruko-chan II: Chibi Maruko ChanⅡ
FALSE,Japanese,100000,,FALSE,FALSE,,1,1,Chibi Maruko-chan: My Favorite Song
TRUE,none,15700000,1000000,TRUE,TRUE,2021-09-17,4,2,Chicago Party Aunt
FALSE,none,8000000,,FALSE,FALSE,,1,1,Chicken Run
FALSE,none,13000000,,FALSE,FALSE,2022-06-10,1,1,Chickenhare and the Hamster of Darkness
FALSE,none,700000,,TRUE,TRUE,2020-12-03,1,1,Chico Bon Bon and the Very Berry Holiday
TRUE,none,19100000,4400000,TRUE,TRUE,2020-05-08,8,4,Chico Bon Bon: Monkey with a Tool Belt
FALSE,none,100000,,FALSE,FALSE,,1,1,Chico: Artista Brasileiro
FALSE,none,1900000,,FALSE,FALSE,,1,1,Chicuarotes
FALSE,none,400000,,FALSE,FALSE,,1,1,Chiedimi se sono felice
FALSE,none,600000,,TRUE,TRUE,2022-01-01,1,1,Chief Daddy 2 - Going for Broke
FALSE,none,200000,,TRUE,TRUE,,1,1,Chief Daddy
TRUE,Korean,5100000,200000,TRUE,TRUE,2019-06-14,4,2,Chief of Staff
FALSE,Japanese,400000,,FALSE,FALSE,,1,1,Chihayafuru 2
FALSE,Japanese,400000,,FALSE,FALSE,,1,1,Chihayafuru 3
FALSE,Japanese,500000,,FALSE,FALSE,,1,1,Chihayafuru
FALSE,none,1100000,,FALSE,FALSE,,1,1,Child 44
FALSE,Japanese,1600000,,TRUE,TRUE,2022-02-08,1,1,Child of Kamiari Month
FALSE,none,300000,,FALSE,FALSE,,1,1,Child's Play (2019)
FALSE,none,3700000,,FALSE,FALSE,,1,1,Child's Play 2
FALSE,none,200000,,FALSE,FALSE,,1,1,Child's Play 3
TRUE,Arabic,500000,,FALSE,FALSE,,1,1,Children of Adam
FALSE,none,600000,,FALSE,FALSE,,1,1,Children of Men
FALSE,Japanese,300000,,FALSE,FALSE,,1,1,Children of the Sea
TRUE,Japanese,1700000,100000,TRUE,TRUE,2017-10-07,2,1,Children of the Whales
TRUE,none,200000,100000,FALSE,FALSE,,1,1,Children Ruin Everything
FALSE,Devanagari,700000,,FALSE,FALSE,,1,1,Chillar Party
FALSE,Chinese_or_Kanji,200000,,FALSE,FALSE,,1,1,Chilli Laugh Story
TRUE,none,123600000,7000000,TRUE,TRUE,2018-10-26,8,4,Chilling Adventures of Sabrina
TRUE,none,30000000,1900000,TRUE,TRUE,2023-04-19,2,1,Chimp Empire
FALSE,Chinese_or_Kanji,100000,,FALSE,FALSE,,1,1,Chinese Paladin 3
FALSE,Chinese_or_Kanji,700000,,FALSE,FALSE,,1,1,Chinese Zodiac
FALSE,none,3000000,,FALSE,FALSE,2022-06-27,1,1,Chip and Potato: Chip’s Holiday
TRUE,none,116000000,16900000,TRUE,FALSE,2019-05-17,8,4,Chip and Potato
FALSE,Devanagari,100000,,FALSE,FALSE,,1,1,Chippa
FALSE,none,700000,,FALSE,FALSE,,1,1,CHIPS (2017)
FALSE,none,279300000,400000,FALSE,FALSE,,2,1,Chiquititas (2013)
FALSE,none,3500000,,FALSE,FALSE,,1,1,Chloe (2009)
TRUE,none,3200000,200000,FALSE,FALSE,,2,1,Chloe's Closet
FALSE,none,100000,,FALSE,FALSE,,1,1,Chocolat (2000)
TRUE,Korean,17300000,400000,TRUE,TRUE,2019-11-29,2,1,Chocolate
FALSE,Devanagari,1000000,,TRUE,TRUE,2020-06-05,1,1,Choked: Paisa Bolta Hai
FALSE,Latin,21000000,,TRUE,TRUE,2023-04-21,1,1,Chokehold
TRUE,Devanagari,14700000,2600000,TRUE,TRUE,2023-09-29,1,1,Choona
FALSE,none,5900000,,TRUE,TRUE,2022-04-15,1,1,Choose or Die
FALSE,Devanagari,400000,,TRUE,TRUE,2019-05-31,1,1,Chopsticks
FALSE,Devanagari,41700000,,TRUE,TRUE,2023-03-24,1,1,Chor Nikal Ke Bhaga
FALSE,none,300000,,FALSE,FALSE,,1,1,Chorão: Marginal Alado
TRUE,none,4200000,300000,TRUE,TRUE,2022-01-27,2,1,Chosen
TRUE,Korean,2300000,,FALSE,FALSE,,1,1,Chosun's Real Romantic
FALSE,none,400000,,FALSE,FALSE,,1,1,Chouf
FALSE,none,300000,100000,TRUE,TRUE,2015-04-17,2,1,Chris D'Elia: Incorrigible
FALSE,none,300000,100000,TRUE,TRUE,2017-06-27,2,1,Chris D'Elia: Man on Fire
FALSE,none,400000,100000,TRUE,TRUE,2020-04-14,2,1,Chris D'Elia: No Pain
FALSE,none,400000,200000,FALSE,FALSE,2022-05-03,2,1,Chris Distefano: Speshy Weshy
FALSE,none,1800000,200000,TRUE,TRUE,2021-01-12,2,1,Chris Rock Total Blackout: The Tamborine Extended Cut
FALSE,none,38000000,1500000,TRUE,TRUE,2023-03-04,2,1,Chris Rock: Selective Outrage
FALSE,none,300000,100000,TRUE,TRUE,2018-02-14,2,1,Chris Rock: Tamborine
FALSE,none,1400000,300000,TRUE,TRUE,2015-07-10,2,1,Chris Tucker Live
FALSE,none,500000,200000,TRUE,TRUE,2022-05-08,2,1,Christina P: Mom Genes
FALSE,none,400000,200000,TRUE,TRUE,2017-10-10,2,1,Christina P: Mother Inferior
FALSE,none,100000,,FALSE,FALSE,,1,1,Christine (1983)
FALSE,none,300000,,FALSE,FALSE,,1,1,Christine (2016)
FALSE,none,500000,,FALSE,FALSE,,1,1,Christmas at the Palace
FALSE,Korean,1700000,,FALSE,FALSE,,1,1,Christmas Carol
FALSE,Latin,1500000,,TRUE,TRUE,2020-12-04,1,1,Christmas Crossfire
FALSE,none,100000,,FALSE,FALSE,,1,1,Christmas Encore
FALSE,Latin,100000,,FALSE,FALSE,,1,1,Christmas Flame
TRUE,none,2100000,700000,TRUE,TRUE,2021-11-17,2,1,Christmas Flow
FALSE,Latin,2800000,,TRUE,TRUE,2022-11-30,1,1,Christmas Full of Grace
FALSE,Korean,100000,,FALSE,FALSE,,1,1,Christmas in August
FALSE,none,100000,,FALSE,FALSE,,1,1,Christmas in Love (2018)
FALSE,none,1800000,,TRUE,TRUE,2017-12-15,1,1,Christmas Inheritance
FALSE,none,400000,,FALSE,FALSE,,1,1,Christmas Land
FALSE,none,500000,,FALSE,FALSE,,1,1,Christmas Made to Order
FALSE,none,4000000,,TRUE,TRUE,2022-11-23,1,1,Christmas on Mistletoe Farm
FALSE,none,900000,,FALSE,FALSE,,1,1,Christmas Time Is Here
FALSE,none,1100000,,FALSE,FALSE,,1,1,Christmas Under Wraps
FALSE,none,700000,,TRUE,TRUE,,1,1,Christmas Wedding Planner
FALSE,none,100000,,FALSE,FALSE,,1,1,Christmas with a Prince
FALSE,none,1300000,,TRUE,TRUE,,1,1,Christmas With A View
FALSE,none,1800000,,FALSE,FALSE,,1,1,Christmas with the Kranks
FALSE,none,2800000,,TRUE,TRUE,2022-11-17,1,1,Christmas with You
FALSE,none,400000,,FALSE,FALSE,,1,1,Christmas Wonderland
FALSE,none,100000,,FALSE,FALSE,,1,1,Chrisye
TRUE,Latin,20900000,100000,FALSE,FALSE,,2,1,Chromosome 21
FALSE,Chinese_or_Kanji,100000,,FALSE,FALSE,,1,1,Chungking Express
FALSE,Devanagari,2200000,,FALSE,FALSE,,1,1,Chup Chup Ke
FALSE,none,77800000,,TRUE,TRUE,2023-04-07,1,1,Chupa
TRUE,none,900000,100000,TRUE,TRUE,2018-06-29,2,1,Churchill’s Secret Agents: The New Recruits
FALSE,none,100000,,FALSE,FALSE,,1,1,CIA: Comrade in America
FALSE,none,100000,,FALSE,FALSE,,1,1,Cicakman 3
FALSE,none,1100000,,TRUE,TRUE,2022-10-27,1,1,Cici
TRUE,Latin,29300000,5400000,TRUE,TRUE,2023-11-02,1,1,Cigarette Girl
TRUE,Japanese,300000,100000,FALSE,FALSE,,1,1,Ciguatera
FALSE,none,200000,,FALSE,FALSE,,1,1,Cilada.com
FALSE,none,300000,,FALSE,FALSE,,1,1,Cinayet Süsü
TRUE,Korean,37000000,1100000,TRUE,TRUE,,2,1,Cinderella and the Four Knights
TRUE,Chinese_or_Kanji,5400000,400000,FALSE,FALSE,,6,3,Cinderella Chef
TRUE,Latin,5500000,1700000,TRUE,TRUE,2023-12-20,1,1,Cindy la Regia: The High School Years
FALSE,none,19600000,700000,FALSE,FALSE,,2,1,Cine Gibi: Turma da Mônica CineGibi
FALSE,none,400000,,FALSE,FALSE,,1,1,Cine Holliúdy (2012)
FALSE,none,100000,,FALSE,FALSE,,1,1,Cinema Bandi
FALSE,Latin,100000,,FALSE,FALSE,,1,1,Cinema Paradiso
FALSE,none,100000,,FALSE,FALSE,,1,1,Cinta Laki-Laki Biasa
TRUE,none,300000,,FALSE,FALSE,,1,1,Cinta Si Wedding Planner
FALSE,none,1700000,,TRUE,TRUE,,1,1,Circle (2015)
FALSE,Chinese_or_Kanji,1900000,,FALSE,FALSE,,1,1,Circle Line
FALSE,none,100000,,FALSE,FALSE,,1,1,Circle of Eight
FALSE,none,100000,,TRUE,TRUE,2020-04-22,1,1,Circus of Books
FALSE,Devanagari,12200000,,FALSE,FALSE,,1,1,Cirkus
FALSE,none,500000,,FALSE,FALSE,,1,1,Cirque du Freak: The Vampire's Assistant
FALSE,none,800000,,TRUE,TRUE,2020-11-06,1,1,Citation
FALSE,Chinese_or_Kanji,100000,,FALSE,FALSE,2019-07-11,1,1,Cities of Last Things
FALSE,Korean,100000,,FALSE,FALSE,,1,1,Citizen Roh
FALSE,Japanese,300000,,FALSE,FALSE,,1,1,City Hunter: Shinjuku Private Eyes
FALSE,Chinese_or_Kanji,100000,,FALSE,FALSE,,1,1,City Hunter
FALSE,Latin,100000,,FALSE,FALSE,,1,1,City Hunter
TRUE,Japanese,1100000,100000,FALSE,FALSE,,1,1,City Hunter
FALSE,none,300000,,FALSE,FALSE,,1,1,City of Ember
TRUE,none,600000,200000,TRUE,TRUE,2021-03-05,2,1,City of Ghosts
FALSE,Latin,600000,,TRUE,TRUE,,1,1,City of God: 10 Years Later
FALSE,Latin,8100000,,FALSE,FALSE,,1,1,City of God
FALSE,none,1300000,,FALSE,FALSE,,1,1,City of Lies
FALSE,Chinese_or_Kanji,100000,,FALSE,FALSE,,1,1,City on Fire
FALSE,none,200000,,TRUE,TRUE,2022-06-19,1,1,Civil: Ben Crump
FALSE,none,100000,,FALSE,FALSE,,1,1,Clair Obscur
FALSE,Latin,100000,,FALSE,FALSE,,1,1,Clandestine Childhood
FALSE,none,900000,,FALSE,FALSE,,1,1,Clarita
TRUE,none,11500000,700000,TRUE,TRUE,2022-05-05,2,1,Clark
FALSE,none,100000,,FALSE,FALSE,,1,1,Clash (2020)
TRUE,Latin,400000,,FALSE,FALSE,,1,1,Clash of Shepherds
FALSE,none,1200000,,FALSE,FALSE,,1,1,Clash of the Titans (2010)
TRUE,Latin,34900000,5500000,TRUE,TRUE,2023-09-13,1,1,Class Act
FALSE,Devanagari,800000,,TRUE,TRUE,2020-08-21,1,1,Class of '83
TRUE,none,100000,,FALSE,FALSE,,1,1,Classic Mary Berry
TRUE,none,2800000,500000,FALSE,FALSE,,1,1,Classified
FALSE,Chinese_or_Kanji,100000,,TRUE,TRUE,2021-02-20,1,1,Classmates Minus
TRUE,Japanese,3000000,200000,FALSE,FALSE,,4,2,Classroom of the Elite
TRUE,Devanagari,31300000,500000,TRUE,TRUE,2023-02-03,2,1,Class
FALSE,none,600000,,FALSE,FALSE,,1,1,Claymore
FALSE,none,3700000,,FALSE,FALSE,,1,1,Clean (2022)
FALSE,Latin,100000,,FALSE,FALSE,,1,1,Clean Hands
TRUE,Korean,25300000,600000,FALSE,FALSE,,2,1,Clean With Passion For Now
FALSE,none,2100000,,FALSE,FALSE,,1,1,Cleaner
FALSE,Korean,1600000,,FALSE,FALSE,,1,1,Cleaning Up
TRUE,Korean,1000000,100000,FALSE,FALSE,,1,1,Cleaning Up
FALSE,none,200000,,FALSE,FALSE,,1,1,Cleanskin
FALSE,none,400000,,FALSE,FALSE,,1,1,Clear and Present Danger
FALSE,none,1500000,,FALSE,FALSE,,1,1,Clemency
TRUE,none,45000000,3200000,TRUE,FALSE,,4,2,Cleo & Cuquin
FALSE,Latin,300000,,FALSE,FALSE,,1,1,Clergy
FALSE,none,800000,,FALSE,FALSE,,1,1,Clerks III
FALSE,none,3200000,,FALSE,FALSE,,1,1,Cleveland Abduction
FALSE,none,6700000,,FALSE,FALSE,,1,1,Click (2006)
FALSE,none,300000,100000,TRUE,TRUE,,1,1,Click Click Bang
TRUE,none,30600000,2500000,TRUE,TRUE,2021-08-25,2,1,Clickbait
FALSE,none,1800000,,FALSE,FALSE,,1,1,Cliffhanger
FALSE,none,8900000,,FALSE,FALSE,,1,1,Clifford the Big Red Dog (2021)
FALSE,none,1600000,,TRUE,TRUE,2017-01-13,1,1,Clinical
TRUE,none,300000,,FALSE,FALSE,,2,2,Clique
FALSE,none,800000,,FALSE,FALSE,,1,1,Clive Davis: The Soundtrack of Our Lives
FALSE,none,100000,,FALSE,FALSE,,1,1,Clockstoppers
FALSE,Latin,3100000,,FALSE,FALSE,2020-01-29,1,1,Close Enemies
TRUE,none,4700000,200000,FALSE,FALSE,2020-09-14,4,2,Close Enough
TRUE,Latin,35600000,1400000,TRUE,TRUE,,2,1,Close to Home: Murder in the Coalfield
TRUE,Chinese_or_Kanji,300000,,FALSE,FALSE,,1,1,Close Your Eyes Before It’s Dark
FALSE,Japanese,100000,,FALSE,FALSE,,1,1,Close-Knit
FALSE,Japanese,100000,,FALSE,FALSE,,1,1,Closed Ward
FALSE,none,7600000,,FALSE,FALSE,,1,1,Closer (2004)
FALSE,none,100000,,FALSE,FALSE,,1,1,Closet Monster
FALSE,none,9700000,,FALSE,FALSE,2019-01-18,1,1,Close
FALSE,none,600000,,FALSE,FALSE,,1,1,Cloud Atlas
FALSE,none,15800000,,FALSE,FALSE,,1,1,Cloudy with a Chance of Meatballs (2009)
FALSE,none,19600000,,FALSE,FALSE,,1,1,Cloudy with a Chance of Meatballs 2
TRUE,none,7700000,300000,FALSE,FALSE,,2,1,Cloudy with a Chance of Meatballs
FALSE,none,500000,,FALSE,FALSE,,1,1,Cloverfield
FALSE,Japanese,100000,,FALSE,FALSE,,1,1,Clover
TRUE,Latin,1000000,100000,TRUE,TRUE,2022-08-31,2,1,Club América vs. Club América
FALSE,Latin,200000,100000,TRUE,TRUE,2018-10-19,2,1,"Club de Cuervos Presents: I, Potro"
TRUE,Latin,800000,100000,TRUE,TRUE,2018-06-17,2,1,Club de Cuervos Presents: The Ballad of Hugo Sánchez
TRUE,none,25200000,1300000,TRUE,TRUE,2015-08-07,8,4,Club de Cuervos
FALSE,none,7900000,,FALSE,FALSE,,1,1,Clueless (1995)
FALSE,none,21000000,,FALSE,FALSE,,1,1,Coach Carter
TRUE,none,1300000,200000,TRUE,TRUE,2018-02-02,2,1,Coach Snoop
FALSE,Devanagari,400000,,TRUE,TRUE,2022-04-02,1,1,Cobalt Blue
FALSE,none,100000,,FALSE,FALSE,,1,1,Cobardes
TRUE,none,337700000,29200000,TRUE,TRUE,2020-08-28,10,5,Cobra Kai
TRUE,Latin,3300000,200000,FALSE,FALSE,,2,1,Cocaine Coast
TRUE,none,6400000,600000,TRUE,TRUE,2021-08-04,2,1,Cocaine Cowboys: The Kings of Miami
FALSE,Latin,1000000,,FALSE,FALSE,,1,1,Coco Before Chanel
TRUE,none,60300000,15400000,TRUE,TRUE,2023-11-17,1,1,CoComelon Lane
TRUE,none,1038000000,190500000,TRUE,FALSE,2020-05-31,16,8,CoComelon
FALSE,none,400000,,FALSE,FALSE,,1,1,Coda (2019)
FALSE,none,200000,,FALSE,FALSE,,1,1,CODA (2021)
FALSE,none,12900000,,FALSE,FALSE,,1,1,Code 8 (2019)
FALSE,Japanese,200000,,FALSE,FALSE,,1,1,CODE BLUE the Movie
FALSE,Japanese,100000,,FALSE,FALSE,,1,1,Code Geass: Lelouch of the Rebellion - Movie Trilogy: Collection
TRUE,Japanese,3700000,100000,FALSE,FALSE,,3,2,Code Geass: Lelouch of the Rebellion
TRUE,none,1600000,,TRUE,FALSE,,4,4,Code Lyoko
FALSE,Latin,3500000,,FALSE,FALSE,2022-08-12,1,1,Code Name: Emperor
FALSE,none,700000,,FALSE,FALSE,,1,1,Code Name: The Cleaner
FALSE,Latin,100000,,FALSE,FALSE,,1,1,Code: Karim
FALSE,none,500000,,TRUE,TRUE,,1,1,Coded Bias
FALSE,Devanagari,6100000,,FALSE,FALSE,,1,1,Codename: Tiranga
FALSE,none,3300000,,TRUE,TRUE,2020-04-03,1,1,Coffee & Kareem
FALSE,Latin,100000,,TRUE,TRUE,,1,1,Coffee for All
TRUE,Korean,6700000,200000,FALSE,FALSE,,2,1,Coffee Prince
FALSE,none,1100000,,TRUE,TRUE,2017-01-06,1,1,Coin Heist
FALSE,Korean,100000,,FALSE,FALSE,,1,1,Coin Locker Girl
TRUE,none,54800000,1900000,FALSE,FALSE,,3,2,Cold Case Files
FALSE,none,100000,,FALSE,FALSE,,1,1,Cold Comes the Night
FALSE,Korean,100000,,FALSE,FALSE,,1,1,Cold Eyes
FALSE,Latin,600000,,FALSE,FALSE,,1,1,Cold Feet
FALSE,Japanese,200000,,FALSE,FALSE,,1,1,Cold Fish
FALSE,none,200000,,FALSE,FALSE,,1,1,Cold Mountain
FALSE,none,1800000,,FALSE,FALSE,,1,1,Cold Pursuit
FALSE,Chinese_or_Kanji,100000,,FALSE,FALSE,,1,1,Cold War 2
FALSE,Chinese_or_Kanji,200000,,FALSE,FALSE,,1,1,Cold War
FALSE,none,100000,,FALSE,FALSE,,1,1,Colette (2013)
FALSE,none,800000,,FALSE,FALSE,,1,1,Colette (2018)
TRUE,none,11500000,1800000,TRUE,TRUE,2021-10-29,2,1,Colin in Black & White
FALSE,none,200000,100000,TRUE,TRUE,,2,1,Colin Quinn: Red State Blue State
FALSE,none,200000,100000,TRUE,TRUE,2016-11-18,2,1,Colin Quinn: The New York Story
FALSE,none,100000,,FALSE,FALSE,,1,1,Colin Quinn: Unconstitutional
FALSE,none,5300000,,FALSE,FALSE,,1,1,Collateral (2004)
FALSE,none,1200000,,FALSE,FALSE,,1,1,Collateral Beauty
FALSE,none,700000,,FALSE,FALSE,,1,1,Collateral Damage
TRUE,none,14500000,1700000,TRUE,TRUE,2018-03-09,2,1,Collateral
FALSE,Korean,1600000,,FALSE,FALSE,,1,1,Collectors
TRUE,none,5200000,1000000,FALSE,FALSE,,1,1,College Hill: Celebrity Edition
FALSE,none,800000,,FALSE,FALSE,,1,1,Collide (2016)
FALSE,none,100000,,FALSE,FALSE,,1,1,Collision Course (2022)
FALSE,none,4300000,,TRUE,TRUE,2022-06-16,1,1,Collision
FALSE,none,20000000,,FALSE,FALSE,,1,1,Colombiana
FALSE,Latin,100000,,FALSE,FALSE,,1,1,Colonel Chabert
FALSE,none,200000,,FALSE,FALSE,,1,1,Colonia
TRUE,none,11000000,400000,FALSE,FALSE,,6,3,Colony
FALSE,none,11400000,,FALSE,FALSE,,1,1,Colors of Love
FALSE,none,100000,,FALSE,FALSE,,1,1,Colossal (2016)
FALSE,Latin,100000,,FALSE,FALSE,,1,1,Combat Girls
FALSE,none,200000,,FALSE,FALSE,,1,1,Come and Find Me
TRUE,Korean,1500000,,FALSE,FALSE,,1,1,Come and Hug Me
FALSE,none,100000,,FALSE,FALSE,,1,1,Come As You Are (2019)
FALSE,none,1700000,,FALSE,FALSE,,1,1,Come Away
TRUE,none,500000,,FALSE,FALSE,,1,1,Come Dine Champion of Champions
TRUE,none,20000000,300000,FALSE,FALSE,,7,4,Come Dine with Me
TRUE,none,3400000,700000,FALSE,FALSE,,2,1,Come Home
FALSE,none,5100000,,FALSE,FALSE,,1,1,Come Play
FALSE,none,1300000,,TRUE,TRUE,2018-04-13,1,1,Come Sunday
FALSE,none,200000,,FALSE,FALSE,,1,1,Come tu mi vuoi
FALSE,none,600000,,FALSE,FALSE,,1,1,Come un gatto in tangenziale
FALSE,none,3700000,300000,TRUE,TRUE,2018-01-05,2,1,Comedians in Cars Getting Coffee: First Cup
FALSE,none,1800000,200000,TRUE,TRUE,2018-01-05,2,1,Comedians in Cars Getting Coffee: Late Night Espresso
FALSE,none,1500000,200000,TRUE,TRUE,2018-01-05,2,1,Comedians in Cars Getting Coffee: Light & Sweet
FALSE,none,1600000,200000,TRUE,TRUE,2018-07-06,2,1,Comedians in Cars Getting Coffee: New 2018: Freshly Brewed
FALSE,none,2000000,200000,TRUE,TRUE,2019-07-19,2,1,Comedians in Cars Getting Coffee: New 2019: Freshly Brewed
FALSE,none,2100000,200000,TRUE,TRUE,2018-01-05,2,1,Comedians in Cars Getting Coffee: Special Blend
FALSE,none,100000,,FALSE,FALSE,,1,1,Comedy Central Roast of AKA
TRUE,Devanagari,900000,100000,TRUE,TRUE,2021-08-20,2,1,Comedy Premium League
TRUE,Korean,4000000,1200000,TRUE,TRUE,2023-11-28,1,1,Comedy Royale
FALSE,Japanese,700000,100000,FALSE,FALSE,,2,1,Comes Morning: シーズン1
TRUE,Korean,200000,,FALSE,FALSE,,1,1,Comi and Bebe
FALSE,Latin,100000,,FALSE,FALSE,,1,1,Comidark Films: Collection 2
FALSE,Latin,200000,,FALSE,FALSE,,1,1,Comidark Films: Koleksiyon 1
FALSE,none,400000,,FALSE,FALSE,,1,1,Coming from Insanity
FALSE,none,700000,,FALSE,FALSE,,1,1,Coming Home in the Dark
TRUE,none,900000,200000,TRUE,TRUE,2021-12-03,2,1,Coming Out Colton
FALSE,Latin,300000,,FALSE,FALSE,,1,1,Coming Soon to Theaters
FALSE,Thai,100000,,FALSE,FALSE,,1,1,Coming Soon
FALSE,none,6500000,,FALSE,FALSE,,1,1,Coming to America
TRUE,none,2000000,500000,FALSE,FALSE,,1,1,Commando: Britain's Ocean Warriors
FALSE,none,100000,,FALSE,FALSE,,1,1,Commandos (1968)
FALSE,none,100000,,FALSE,FALSE,,1,1,Comme des frères
FALSE,none,400000,,FALSE,FALSE,,1,1,Comme des garçons
FALSE,Korean,500000,,FALSE,FALSE,,1,1,Commitment
TRUE,Korean,400000,100000,FALSE,FALSE,,2,1,Common English
TRUE,Latin,13700000,200000,FALSE,FALSE,2023-02-17,2,1,Community Squad
TRUE,none,164000000,10400000,TRUE,TRUE,,12,6,Community
FALSE,none,2900000,,FALSE,FALSE,2019-12-24,1,1,Como caído del cielo
FALSE,none,100000,,FALSE,FALSE,,1,1,Como Hackear Seu Chefe
FALSE,none,100000,,FALSE,FALSE,,1,1,Como Nossos Pais
TRUE,Korean,300000,100000,FALSE,FALSE,,2,1,Comopop
FALSE,none,1600000,,FALSE,FALSE,,1,1,Compadres
FALSE,Japanese,1600000,300000,FALSE,FALSE,,1,1,Company Ain't No School: New Generations
TRUE,Japanese,2400000,500000,FALSE,FALSE,,1,1,Company Ain't No School
FALSE,none,5600000,,FALSE,FALSE,,1,1,Company of Heroes
FALSE,Cyrillic,100000,,FALSE,FALSE,,1,1,Compartment No. 6
FALSE,none,100000,,FALSE,FALSE,,1,1,Compromessi sposi
FALSE,Latin,200000,,FALSE,FALSE,,1,1,Compulsive Liar
FALSE,Latin,100000,,FALSE,FALSE,,1,1,Comunero Rebellion
FALSE,none,1000000,,FALSE,FALSE,,1,1,Con tutto il cuore
FALSE,none,2300000,,FALSE,FALSE,,1,1,Conan the Barbarian (1982)
FALSE,none,900000,,FALSE,FALSE,,1,1,Conan the Barbarian (2011)
FALSE,none,2500000,,FALSE,FALSE,,1,1,Conan the Destroyer
FALSE,Japanese,200000,,FALSE,FALSE,,1,1,"Conan, The Boy in Future"
FALSE,none,2700000,,TRUE,TRUE,2021-04-02,1,1,Concrete Cowboy
FALSE,none,2400000,,FALSE,FALSE,,1,1,Concussion (2015)
FALSE,Korean,100000,,FALSE,FALSE,,1,1,Confession of Murder
FALSE,Latin,1300000,,FALSE,FALSE,,1,1,Confessions of a Brazilian Call Girl
FALSE,none,200000,,FALSE,FALSE,,1,1,Confessions of an Alien Abductee
FALSE,Latin,5700000,,TRUE,TRUE,2021-09-22,1,1,Confessions of an Invisible Girl
FALSE,Chinese_or_Kanji,300000,,FALSE,FALSE,,1,1,Confessions
FALSE,Korean,3600000,,FALSE,FALSE,,2,1,Confession
FALSE,Korean,11100000,,FALSE,FALSE,,1,1,Confidential Assignment 2: International
FALSE,Korean,1300000,,FALSE,FALSE,,1,1,Confidential Assignment
FALSE,none,200000,,FALSE,FALSE,,1,1,"Connasse, princesse des coeurs"
FALSE,Chinese_or_Kanji,200000,,FALSE,FALSE,,1,1,Connected
TRUE,none,1400000,100000,TRUE,TRUE,2020-08-02,2,1,Connected
FALSE,none,200000,,FALSE,FALSE,,1,1,Conni & Co.
TRUE,none,4200000,1500000,FALSE,FALSE,,18,9,Conni
FALSE,none,1900000,,FALSE,FALSE,,1,1,Conor McGregor: Notorious
FALSE,Latin,100000,,FALSE,FALSE,,1,1,Conscience
FALSE,none,4200000,,FALSE,FALSE,,1,1,Constantine (2005)
FALSE,none,700000,,FALSE,FALSE,,1,1,Contagion (2011)
FALSE,none,100000,,FALSE,FALSE,,1,1,Containment (2015)
TRUE,none,1900000,1100000,FALSE,FALSE,,2,1,Contos Clássicos com a Galinha Pintadinha
FALSE,none,500000,,FALSE,FALSE,,1,1,Contraband (2012)
TRUE,none,32500000,2100000,TRUE,TRUE,2020-05-22,6,3,Control Z
FALSE,none,400000,,FALSE,FALSE,,1,1,Convenience
FALSE,none,300000,,TRUE,TRUE,2021-10-12,1,1,Convergence: Courage in a Crisis
TRUE,none,14900000,2100000,TRUE,TRUE,2022-10-07,2,1,Conversations with a Killer: The Jeffrey Dahmer Tapes
TRUE,none,14900000,2200000,TRUE,TRUE,2022-04-20,2,1,Conversations with a Killer: The John Wayne Gacy Tapes
TRUE,none,8800000,1100000,TRUE,TRUE,2019-01-24,2,1,Conversations with a Killer: The Ted Bundy Tapes
TRUE,none,1800000,900000,FALSE,FALSE,,1,1,Conviction: Murder at the Station
TRUE,none,1300000,700000,FALSE,FALSE,,1,1,Conviction: Murder in Suburbia
FALSE,Latin,100000,,FALSE,FALSE,,1,1,Convict
TRUE,none,14200000,700000,TRUE,TRUE,2022-12-16,2,1,Cook at all Costs
FALSE,none,200000,,FALSE,FALSE,,1,1,Cook Off
FALSE,Chinese_or_Kanji,1300000,,FALSE,FALSE,,1,1,Cook Up A Storm
TRUE,none,4500000,500000,FALSE,FALSE,2020-04-20,2,1,Cooked with Cannabis
TRUE,none,1000000,100000,TRUE,TRUE,2016-02-19,2,1,Cooked
TRUE,none,600000,100000,TRUE,TRUE,2021-08-04,2,1,Cooking With Paris
FALSE,Thai,100000,,FALSE,FALSE,,1,1,Cool Gel Attacks
FALSE,none,2400000,,FALSE,FALSE,,1,1,Cooties
FALSE,none,200000,,FALSE,FALSE,,1,1,Cop Car
FALSE,none,300000,,FALSE,FALSE,,1,1,Cop Land
FALSE,none,100000,,FALSE,FALSE,,1,1,Cop Out (2010)
TRUE,none,8900000,200000,TRUE,TRUE,2023-01-05,2,1,Copenhagen Cowboy
FALSE,none,100000,,FALSE,FALSE,,1,1,Copenhagen
FALSE,none,1700000,,FALSE,FALSE,2022-01-14,1,1,Copshop
TRUE,Chinese_or_Kanji,53400000,800000,TRUE,TRUE,2023-03-31,2,1,Copycat Killer
FALSE,none,1600000,,FALSE,FALSE,,1,1,Coraline
FALSE,none,300000,,FALSE,FALSE,,1,1,Coração de Cowboy
TRUE,none,100000,,TRUE,TRUE,2020-04-26,1,1,"Coronavirus, Explained"
FALSE,none,1200000,,FALSE,FALSE,,1,1,Corpse Bride
FALSE,Latin,200000,,FALSE,FALSE,,1,1,Corpus Christi
FALSE,none,100000,,FALSE,FALSE,,1,1,Corridor
FALSE,none,100000,,FALSE,FALSE,,1,1,Corsica: Mountains in the Sea
FALSE,none,200000,,FALSE,FALSE,,1,1,Cosa fai a capodanno?
FALSE,none,1200000,,FALSE,FALSE,,1,1,Cosmic Sin
TRUE,Cyrillic,100000,,FALSE,FALSE,,1,1,Cossacks. An Absolutely Phoney Story
FALSE,Arabic,100000,,FALSE,FALSE,,1,1,"Costa Brava, Lebanon"
FALSE,none,200000,,FALSE,FALSE,,1,1,Costa!! (2022)
TRUE,none,300000,,FALSE,FALSE,,3,3,Costa!
FALSE,none,400000,600000,FALSE,FALSE,,1,1,Costco at Christmas
FALSE,none,1000000,,FALSE,FALSE,,1,1,Costco: Is It Really Worth It?
FALSE,Latin,100000,,FALSE,FALSE,,1,1,Cosy Dens
FALSE,none,300000,,FALSE,FALSE,,1,1,Così è la vita
TRUE,none,200000,100000,FALSE,FALSE,,1,1,Could Hitler Have Been Stopped?
TRUE,none,200000,,FALSE,FALSE,,1,1,Could You Survive?
FALSE,none,700000,,FALSE,FALSE,,1,1,Count Me In
TRUE,none,1100000,100000,TRUE,TRUE,2021-09-06,2,1,Countdown: Inspiration4 Mission to Space
FALSE,none,1600000,,FALSE,FALSE,2020-05-14,1,1,Countdown
FALSE,none,500000,,TRUE,TRUE,2017-06-16,1,1,Counterpunch
TRUE,none,14200000,1600000,TRUE,TRUE,2021-03-19,2,1,Country Comfort
TRUE,none,1200000,100000,TRUE,TRUE,2020-11-06,2,1,Country Ever After
TRUE,none,1000000,,FALSE,FALSE,2022-07-15,1,1,Country Queen
FALSE,none,200000,,FALSE,FALSE,,1,1,Country Strong
FALSE,Korean,3100000,,FALSE,FALSE,,1,1,Count
FALSE,none,100000,,FALSE,FALSE,,1,1,Couple of Days
FALSE,Korean,3000000,,FALSE,FALSE,,1,1,Couple on the Backtrack
TRUE,Korean,7300000,600000,FALSE,FALSE,,1,1,Couple on the Backtrack
TRUE,none,9900000,100000,FALSE,FALSE,,4,3,Couples Come Dine with Me
FALSE,none,4400000,,FALSE,FALSE,,1,1,Couples Retreat
FALSE,none,3900000,,FALSE,FALSE,,1,1,Courageous
FALSE,none,200000,,FALSE,FALSE,,1,1,Cousins (2021)
FALSE,Latin,1500000,,FALSE,FALSE,2021-03-11,1,1,Coven of Sisters
FALSE,Latin,100000,,FALSE,FALSE,,1,1,Coward Love
TRUE,Japanese,11100000,400000,TRUE,TRUE,,2,1,Cowboy Bebop
TRUE,none,13400000,800000,TRUE,TRUE,2021-11-19,2,1,Cowboy Bebop
FALSE,none,200000,,FALSE,FALSE,,1,1,Cowboys (2020)
FALSE,none,200000,,TRUE,TRUE,,1,1,Cowspiracy: The Sustainability Secret
FALSE,none,2100000,,TRUE,TRUE,2021-01-11,1,1,"Crack: Cocaine, Corruption & Conspiracy"
FALSE,none,100000,,FALSE,FALSE,,1,1,Crackerjack (2002)
TRUE,Latin,5800000,300000,TRUE,TRUE,2022-03-18,2,1,Cracow Monsters
FALSE,none,200000,100000,TRUE,TRUE,2017-12-05,2,1,Craig Ferguson: Tickle Fight
TRUE,Hebrew,800000,100000,FALSE,FALSE,,1,1,Cramel
FALSE,none,200000,,FALSE,FALSE,,1,1,Crank 2: High Voltage
FALSE,none,1000000,,FALSE,FALSE,,1,1,Crank
FALSE,none,600000,,FALSE,FALSE,,1,1,Crash (2004)
TRUE,Korean,265900000,1600000,TRUE,TRUE,2023-01-14,2,1,Crash Course in Romance
TRUE,Korean,231600000,5000000,TRUE,TRUE,2019-12-14,2,1,Crash Landing on You
TRUE,Arabic,7100000,2300000,TRUE,TRUE,2023-11-15,1,1,Crashing Eid
TRUE,none,2100000,400000,FALSE,FALSE,2016-08-31,2,1,Crashing
FALSE,Japanese,300000,,FALSE,FALSE,,1,1,Crayon Shin-chan the Movie: Action Kamen vs. Leotard Devil
FALSE,Japanese,600000,,FALSE,FALSE,,1,1,Crayon Shin-chan the Movie: Adventure in Henderland
FALSE,Japanese,400000,,FALSE,FALSE,,1,1,Crayon Shin-chan the Movie: Blitzkrieg! Pig's Hoof's Secret Mission
FALSE,Japanese,600000,,FALSE,FALSE,,1,1,Crayon Shin-chan the Movie: Burst Serving! Kung Fu Boys ~Ramen Rebellion~
FALSE,Japanese,600000,,FALSE,FALSE,,1,1,Crayon Shin-chan the Movie: Crash! Rakuga-Kingdom and Almost Four Heroes
FALSE,Japanese,500000,,FALSE,FALSE,,1,1,Crayon Shin-chan the Movie: Explosion! The Hot Spring's Feel Good Final Battle
FALSE,Japanese,800000,,FALSE,FALSE,,1,1,Crayon Shin-chan the Movie: Fast Asleep! The Great Assault on the Dreaming World
FALSE,Japanese,400000,,FALSE,FALSE,,1,1,Crayon Shin-chan the Movie: Honeymoon Hurricane ~The Lost Hiroshi~
FALSE,Japanese,300000,,FALSE,FALSE,,1,1,Crayon Shin-chan the Movie: Invasion!! Alien Shiriri
FALSE,Japanese,1100000,,FALSE,FALSE,,1,1,Crayon Shin-chan the Movie: My Moving Story Cactus Attack
FALSE,Japanese,500000,,FALSE,FALSE,,1,1,Crayon Shin-chan the Movie: Pursuit of the Balls of Darkness
FALSE,Japanese,700000,,FALSE,FALSE,,1,1,Crayon Shin-chan the Movie: Roar! Kasukabe Animal Kingdom
FALSE,Japanese,700000,,FALSE,FALSE,,1,1,Crayon Shin-chan the Movie: Serious Battle! Robot Dad Strikes Back
FALSE,Japanese,1100000,,FALSE,FALSE,,1,1,Crayon Shin-chan the Movie: Shrouded in Mystery! The Flowers of Tenkasu Academy
FALSE,Japanese,500000,,FALSE,FALSE,,1,1,Crayon Shin-chan the Movie: Super-Dimension! The Storm Called My Bride
FALSE,Japanese,700000,,FALSE,FALSE,,1,1,Crayon Shin-chan the Movie: The Legend Called Buri Buri 3 Minutes Charge
FALSE,Japanese,1000000,,FALSE,FALSE,,1,1,Crayon Shin-chan the Movie: The Legend Called: Dance! Amigo!
FALSE,Japanese,300000,,FALSE,FALSE,,1,1,Crayon Shin-chan the Movie: The Secret Treasure of Buri Buri Kingdom
FALSE,Japanese,600000,,FALSE,FALSE,,1,1,Crayon Shin-chan the Movie: The Storm Called The Jungle
FALSE,Japanese,600000,,FALSE,FALSE,,1,1,Crayon Shin-chan the Movie: The Storm Called!: Me and the Space Princess
FALSE,Japanese,700000,,FALSE,FALSE,,1,1,Crayon Shin-chan the Movie: The Storm Called: Operation Golden Spy
FALSE,Japanese,900000,,FALSE,FALSE,,1,1,Crayon Shin-chan the Movie: The Storm Called: The Adult Empire Strikes Back
FALSE,Japanese,400000,,FALSE,FALSE,,1,1,Crayon Shin-chan the Movie: The Storm Called: The Battle of the Warring States
FALSE,Japanese,400000,,FALSE,FALSE,,1,1,Crayon Shin-chan the Movie: The Storm Called: The Hero of Kinpoko
FALSE,Japanese,500000,,FALSE,FALSE,,1,1,Crayon Shin-chan the Movie: The Storm Called: The Kasukabe Boys of the Evening Sun
FALSE,Japanese,400000,,FALSE,FALSE,,1,1,Crayon Shin-chan the Movie: The Storm Called: The Singing Buttocks Bomb
FALSE,Japanese,900000,,FALSE,FALSE,,1,1,Crayon Shin-chan the Movie: The Storm Called: Yakiniku Road of Honor
FALSE,Japanese,300000,,FALSE,FALSE,,1,1,Crayon Shin-chan the Movie: Unkokusai's Ambition
FALSE,Japanese,1400000,,FALSE,FALSE,,1,1,Crayon Shin-chan the Movie: Very Tasty! B-class Gourmet Survival!!
TRUE,Japanese,9700000,200000,FALSE,FALSE,,2,1,Crayon Shin-chan
FALSE,Latin,1500000,,TRUE,TRUE,2021-02-26,1,1,Crazy About Her
FALSE,Latin,300000,,TRUE,TRUE,2020-08-17,1,1,Crazy Awesome Teachers
FALSE,none,600000,,TRUE,TRUE,,1,1,Crazy Beautiful You
FALSE,Thai,100000,,FALSE,FALSE,,1,1,Crazy Crying Lady
TRUE,none,4000000,400000,TRUE,TRUE,2020-06-24,2,1,Crazy Delicious
TRUE,none,18600000,900000,FALSE,FALSE,,8,4,Crazy Ex-Girlfriend
FALSE,Thai,600000,,FALSE,FALSE,,1,1,Crazy Little Thing Called Love
FALSE,none,2000000,,FALSE,FALSE,,1,1,Crazy Rich Asians
FALSE,Korean,200000,,FALSE,FALSE,,1,1,Crazy Romance
FALSE,Cyrillic,100000,,FALSE,FALSE,,1,1,Crazy Wedding 2
FALSE,none,200000,,FALSE,FALSE,,1,1,Crazy Wedding 3
FALSE,Cyrillic,100000,,FALSE,FALSE,,1,1,Crazy Wedding
TRUE,none,300000,,FALSE,FALSE,,1,1,"Crazy, Lovely, Cool"
FALSE,none,4800000,,FALSE,FALSE,,1,1,"Crazy, Stupid, Love."
TRUE,none,1000000,100000,TRUE,TRUE,2016-12-16,2,1,Crazyhead
FALSE,Latin,100000,,FALSE,FALSE,,1,1,Cream
FALSE,none,100000,,TRUE,TRUE,2021-05-21,1,1,Creating an Army of the Dead
FALSE,none,200000,400000,TRUE,TRUE,2021-01-08,2,1,Creating The Queen's Gambit
TRUE,Japanese,100000,,FALSE,FALSE,2021-06-03,1,1,Creator's File: GOLD
TRUE,Latin,33700000,5400000,TRUE,TRUE,2023-10-20,1,1,Creature
FALSE,none,3700000,,FALSE,FALSE,,1,1,Creed (2015)
FALSE,none,6200000,,FALSE,FALSE,,1,1,Creed II
FALSE,none,900000,,TRUE,TRUE,,1,1,Creep (2014)
FALSE,none,600000,,TRUE,TRUE,,1,1,Creep 2
TRUE,none,23600000,2400000,TRUE,TRUE,2018-10-04,4,2,Creeped Out
FALSE,Japanese,100000,,FALSE,FALSE,,1,1,Creepy
TRUE,none,200000,,TRUE,TRUE,2019-03-01,1,1,Cricket Fever: Mumbai Indians
FALSE,Latin,100000,,FALSE,FALSE,,1,1,Crime at Porta Romana
FALSE,Latin,300000,,FALSE,FALSE,,1,1,Crime Busters
TRUE,Latin,5400000,600000,TRUE,TRUE,2019-05-03,2,1,Crime Diaries: Night Out
TRUE,Latin,2300000,200000,TRUE,TRUE,2019-03-22,2,1,Crime Diaries: The Candidate
TRUE,none,18300000,2300000,TRUE,TRUE,2022-11-29,2,1,Crime Scene: The Texas Killing Fields
TRUE,none,7100000,1300000,TRUE,TRUE,2021-12-29,2,1,Crime Scene: The Times Square Killer
TRUE,none,8800000,1100000,TRUE,TRUE,2021-02-10,2,1,Crime Scene: The Vanishing at the Cecil Hotel
FALSE,Korean,100000,,FALSE,FALSE,,1,1,Crime Solving Special Squad
TRUE,none,1200000,200000,TRUE,TRUE,2021-09-22,2,1,Crime Stories: India Detectives
FALSE,Chinese_or_Kanji,300000,,FALSE,FALSE,,1,1,Crime Story
FALSE,none,700000,,FALSE,FALSE,,1,1,Criminal (2016)
TRUE,Latin,153300000,19700000,TRUE,TRUE,2023-11-14,1,1,Criminal Code
TRUE,none,1200000,300000,TRUE,TRUE,2019-09-20,2,1,Criminal: France
TRUE,Latin,1800000,400000,TRUE,TRUE,2019-09-20,2,1,Criminal: Germany
TRUE,Latin,1500000,400000,TRUE,TRUE,2019-09-20,2,1,Criminal: Spain
TRUE,none,8400000,1400000,TRUE,TRUE,2019-09-20,4,2,Criminal: UK
TRUE,none,2400000,700000,FALSE,FALSE,,1,1,Crims (2020)
FALSE,none,1300000,,FALSE,FALSE,,1,1,Crimson Peak
FALSE,none,200000,,TRUE,TRUE,2020-03-25,1,1,Crip Camp: A Disability Revolution
FALSE,none,2400000,,FALSE,FALSE,,1,1,Crisis (2021)
TRUE,Japanese,3600000,200000,FALSE,FALSE,,2,1,Crisis: Special Security Squad
FALSE,none,200000,100000,TRUE,TRUE,2017-01-24,2,1,Cristela Alonzo: Lower Classy
FALSE,none,800000,300000,TRUE,TRUE,2022-06-28,2,1,Cristela Alonzo: Middle Classy
FALSE,none,100000,,FALSE,FALSE,,1,1,Critical Eleven
FALSE,none,1800000,,FALSE,FALSE,,1,1,Critical Thinking
FALSE,Latin,200000,,FALSE,FALSE,,1,1,Crocodiles – The Private Life of Primeaval Reptiles
FALSE,Latin,500000,,FALSE,FALSE,,1,1,Crocodiles
FALSE,none,100000,,FALSE,FALSE,,1,1,Cross the Line
FALSE,Latin,100000,,FALSE,FALSE,2018-12-01,1,1,Crossroads: One Two Jaga
FALSE,none,5300000,,TRUE,TRUE,2016-02-26,1,1,"Crouching Tiger, Hidden Dragon: Sword of Destiny"
FALSE,none,200000,,FALSE,FALSE,,1,1,Croupier
FALSE,Japanese,400000,,FALSE,FALSE,,1,1,Crows: Episode Zero II
FALSE,Japanese,400000,,FALSE,FALSE,,1,1,Crows: Episode Zero
FALSE,none,200000,,FALSE,FALSE,,1,1,Cruel Intentions 2
FALSE,none,100000,,FALSE,FALSE,2022-03-29,1,1,Crush
TRUE,none,92500000,12400000,TRUE,TRUE,,4,2,Cry Babies Magic Tears
FALSE,none,1100000,,FALSE,FALSE,,1,1,Cry Macho
FALSE,none,700000,,FALSE,FALSE,,1,1,Crying Ladies
FALSE,Japanese,100000,,FALSE,FALSE,,1,1,Crying Out Love in the Center of the World
FALSE,none,300000,,FALSE,FALSE,,1,1,"Cryptopia: Bitcoin, Blockchains and the Future of the Internet"
FALSE,none,300000,,FALSE,FALSE,,1,1,Crô em Família
FALSE,none,200000,,FALSE,FALSE,,1,1,Crô: O Filme
FALSE,none,600000,,TRUE,TRUE,2017-11-24,1,1,Cuba and the Cameraman
FALSE,none,100000,,FALSE,FALSE,,1,1,Cuba's Wild Revolution
FALSE,none,100000,,FALSE,FALSE,,1,1,Cuban Fury
FALSE,none,200000,,FALSE,FALSE,,1,1,Cube (1997)
FALSE,Japanese,1900000,,FALSE,FALSE,,1,1,Cube
TRUE,none,3900000,500000,TRUE,FALSE,2016-03-06,10,5,Cuckoo
FALSE,none,300000,,TRUE,TRUE,,1,1,Cuddle Weather
FALSE,none,2500000,,FALSE,FALSE,,1,1,Cult of Chucky
TRUE,none,27800000,2400000,TRUE,TRUE,2023-01-31,2,1,Cunk On Earth
TRUE,none,2000000,100000,FALSE,FALSE,,2,1,Cuori
TRUE,none,7500000,700000,TRUE,TRUE,2018-07-27,4,2,Cupcake & Dino - General Services
TRUE,Korean,2500000,800000,TRUE,TRUE,,2,1,Curious Como
FALSE,none,800000,,FALSE,FALSE,,1,1,Curious George (2006)
FALSE,none,200000,,FALSE,FALSE,,1,1,Curious George 2: Follow That Monkey!
TRUE,none,4900000,600000,FALSE,FALSE,,12,6,Curious George
TRUE,none,5400000,500000,TRUE,TRUE,2020-06-10,2,1,Curon
FALSE,none,800000,,FALSE,FALSE,,1,1,Curse of Chucky
FALSE,Chinese_or_Kanji,200000,,FALSE,FALSE,,1,1,Curse of the Golden Flower
FALSE,none,100000,,FALSE,FALSE,,1,1,Curse of the Witching Tree
TRUE,Japanese,800000,100000,FALSE,FALSE,,2,1,Cursed in Love
TRUE,none,41500000,2100000,TRUE,TRUE,2020-07-17,2,1,Cursed
FALSE,none,10100000,,FALSE,FALSE,,1,1,Curve
FALSE,Latin,100000,,FALSE,FALSE,,1,1,Custody
FALSE,none,600000,,FALSE,FALSE,,1,1,Cut Bank
FALSE,none,600000,,FALSE,FALSE,,1,1,Cut Throat City
FALSE,Latin,200000,,FALSE,FALSE,2020-09-09,1,1,Cuties
FALSE,none,900000,,FALSE,FALSE,,1,1,Cutthroat Island
FALSE,Korean,600000,,TRUE,TRUE,2022-05-18,1,1,Cyber Hell: Exposing an Internet Horror
TRUE,Japanese,31900000,3200000,TRUE,TRUE,2022-09-13,2,1,Cyberpunk: Edgerunners
TRUE,none,700000,100000,TRUE,TRUE,2017-02-09,2,1,Cyborg 009: Call of Justice
FALSE,none,100000,,FALSE,FALSE,,1,1,Cycle (2018)
TRUE,none,1100000,200000,FALSE,FALSE,,2,1,Cypher
FALSE,none,1800000,,FALSE,FALSE,,1,1,Cásese quien pueda
TRUE,none,69700000,100000,FALSE,FALSE,,2,1,Cúmplices de um Resgate
FALSE,none,100000,,FALSE,FALSE,,1,1,D'Artacán y los tres mosqueperros
FALSE,none,100000,,FALSE,FALSE,,1,1,D'Ninang
TRUE,none,7100000,600000,TRUE,TRUE,2022-07-13,2,1,D.B. Cooper: Where Are You?!
FALSE,none,100000,,FALSE,FALSE,,1,1,D.E.B.S.
FALSE,none,100000,,FALSE,FALSE,,1,1,D.L. Hughley: Clear
FALSE,none,300000,100000,TRUE,TRUE,2018-09-18,2,1,D.L. Hughley: Contrarian
FALSE,none,100000,,FALSE,FALSE,,1,1,D.N.A.: Decisamente non adatti
TRUE,none,69900000,12200000,TRUE,TRUE,2021-08-27,3,2,D.P.
FALSE,Latin,100000,,FALSE,FALSE,,1,1,D@bbe: Demon Possession
FALSE,none,3700000,,TRUE,TRUE,2020-06-12,1,1,Da 5 Bloods
FALSE,none,100000,,FALSE,FALSE,,1,1,Da geht noch was
FALSE,none,100000,,FALSE,FALSE,,1,1,Da Grande
FALSE,none,200000,,FALSE,FALSE,,1,1,Da Kath & Kim Code
FALSE,Latin,800000,,TRUE,TRUE,,1,1,Dabbe 5: Curse of the Jinn
FALSE,Latin,200000,,FALSE,FALSE,,1,1,Dabbe 6: The Return
FALSE,Hebrew,800000,,TRUE,TRUE,,1,1,Dabbe: The Possession
FALSE,none,300000,,FALSE,FALSE,,1,1,Dachau
FALSE,Latin,500000,,FALSE,FALSE,,1,1,Dad in Training
TRUE,none,5000000,600000,TRUE,TRUE,2021-04-14,2,1,Dad Stop Embarrassing Me!
FALSE,Latin,3900000,,TRUE,TRUE,2020-09-11,1,1,Dad Wanted
FALSE,none,4600000,,FALSE,FALSE,,1,1,Daddy Day Camp
FALSE,none,19700000,,FALSE,FALSE,,1,1,Daddy Day Care
FALSE,Latin,300000,,FALSE,FALSE,,1,1,Daddy Issue
FALSE,Korean,200000,,FALSE,FALSE,,1,1,"Daddy You, Daughter Me"
FALSE,none,1600000,,FALSE,FALSE,,1,1,Daddy's Home (2015)
FALSE,none,5000000,,FALSE,FALSE,,1,1,Daddy's Home 2
FALSE,none,6000000,,FALSE,FALSE,,1,1,Daddy's Little Girls
FALSE,Korean,2000000,,FALSE,FALSE,,1,1,Daemuga
FALSE,Thai,400000,,FALSE,FALSE,,1,1,Daeng Phra Khanong
FALSE,none,102700000,4400000,TRUE,TRUE,2022-09-21,2,1,DAHMER: Monster: The Jeffrey Dahmer Story
FALSE,Chinese_or_Kanji,100000,,FALSE,FALSE,,1,1,Daiki Tsuneta Tokyo Chaotic
TRUE,Korean,115900000,8900000,TRUE,TRUE,2023-11-03,1,1,Daily Dose of Sunshine
TRUE,Japanese,700000,100000,FALSE,FALSE,,2,1,Daily Lives of High School Boys
TRUE,Korean,15200000,400000,FALSE,FALSE,,2,1,Dali & Cocky Prince
FALSE,none,100000,,FALSE,FALSE,,1,1,Dallas Buyers Club
FALSE,none,400000,,FALSE,FALSE,,1,1,Damage (1992)
FALSE,none,100000,,FALSE,FALSE,,1,1,Damascus Cover
FALSE,none,200000,,FALSE,FALSE,,1,1,Damini
TRUE,none,2800000,100000,TRUE,FALSE,2018-02-01,2,1,Damnation
FALSE,none,400000,,FALSE,FALSE,,1,1,Dampfnudelblues
FALSE,none,400000,200000,TRUE,TRUE,2016-11-04,2,1,"Dana Carvey: Straight White Male, 60"
FALSE,none,1100000,1200000,TRUE,TRUE,2018-05-18,2,1,Dance & Sing with True: Songs
TRUE,none,18800000,500000,TRUE,TRUE,2023-03-17,2,1,Dance 100
TRUE,none,800000,,FALSE,FALSE,,3,3,Dance Academy
TRUE,none,1400000,100000,TRUE,TRUE,2023-05-10,2,1,Dance Brothers
FALSE,none,100000,,TRUE,TRUE,2020-11-27,1,1,Dance Dreams: Hot Chocolate Nutcracker
TRUE,none,28900000,1300000,TRUE,TRUE,2022-12-16,2,1,Dance Monsters
FALSE,Latin,1500000,,FALSE,FALSE,2021-05-12,1,1,Dance of the Forty One
FALSE,Latin,100000,,FALSE,FALSE,,1,1,Dance with Him
FALSE,none,100000,,FALSE,FALSE,,1,1,Dance with Me (1998)
FALSE,Korean,100000,,FALSE,FALSE,,1,1,Dance With Solitude
FALSE,none,200000,,FALSE,FALSE,,1,1,Dances with Wolves
FALSE,Latin,800000,,TRUE,TRUE,2022-04-08,1,1,Dancing on Glass
FALSE,none,3700000,,TRUE,TRUE,2021-06-03,1,1,Dancing Queens
FALSE,Korean,200000,,FALSE,FALSE,,1,1,Dancing Queen
TRUE,none,600000,100000,TRUE,TRUE,2018-10-05,2,1,Dancing Queen
FALSE,Latin,100000,,FALSE,FALSE,,1,1,Dancing with Jackals 2
FALSE,none,1000000,,TRUE,TRUE,2019-10-23,1,1,Dancing with the Birds
FALSE,none,400000,,FALSE,FALSE,,1,1,Danger Close: The Battle of Long Tan
TRUE,none,22100000,1600000,FALSE,FALSE,,2,1,Danger Force
TRUE,none,300000,,FALSE,FALSE,,3,3,Danger Mouse: Classic Collection
TRUE,none,2900000,300000,FALSE,FALSE,2016-04-29,4,2,Danger Mouse
FALSE,none,2000000,,FALSE,FALSE,,1,1,Dangerous Beauty (1998)
FALSE,Japanese,100000,,FALSE,FALSE,,1,1,Dangerous Drugs of Sex
FALSE,Latin,6300000,,TRUE,TRUE,2022-07-08,1,1,Dangerous Liaisons
FALSE,none,7000000,,TRUE,TRUE,2020-04-30,1,1,Dangerous Lies
FALSE,none,6900000,,FALSE,FALSE,2022-01-04,1,1,Dangerous
TRUE,none,1300000,300000,TRUE,TRUE,2018-09-11,2,1,Daniel Sloss: Live Shows
FALSE,none,100000,,TRUE,TRUE,2019-06-27,1,1,Daniel Sosa: Maleducado
FALSE,none,100000,,FALSE,FALSE,2017-02-03,1,1,Daniel Sosa: Sosafado
TRUE,none,50200000,3300000,TRUE,TRUE,2022-10-27,4,2,Daniel Spellbound
TRUE,none,19100000,800000,FALSE,FALSE,,2,1,Daniel Tiger's Neighbourhood
FALSE,none,100000,,FALSE,FALSE,,1,1,Daniël Arends: Blessuretijd
FALSE,none,100000,,FALSE,FALSE,,1,1,Daniël Arends: De Zachte Heelmeester
FALSE,none,1200000,,FALSE,FALSE,,1,1,Dante's Peak
FALSE,none,100000,,FALSE,FALSE,,1,1,Danur 2: Maddah
FALSE,Latin,300000,100000,TRUE,TRUE,2018-05-04,2,1,Dany Boon: Des Hauts De France
FALSE,Latin,700000,,FALSE,FALSE,,1,1,Dany
TRUE,none,13000000,900000,FALSE,FALSE,2020-03-20,2,1,Dare Me
TRUE,Thai,700000,,FALSE,FALSE,,1,1,Dare to Love
TRUE,Thai,100000,,FALSE,FALSE,,1,1,Dark Blue Kiss
TRUE,Latin,70300000,2800000,TRUE,TRUE,2020-07-15,4,2,Dark Desire
FALSE,Korean,600000,,FALSE,FALSE,,1,1,Dark Figure of Crime
FALSE,Latin,200000,,FALSE,FALSE,2020-08-21,1,1,Dark Forces
FALSE,Japanese,3200000,400000,FALSE,FALSE,,1,1,Dark Gathering
FALSE,Latin,100000,,FALSE,FALSE,,1,1,Dark Habits
TRUE,none,300000,,FALSE,FALSE,,3,3,Dark Matter
TRUE,none,900000,100000,FALSE,FALSE,,2,1,Dark Money
FALSE,none,1200000,,FALSE,FALSE,,1,1,Dark October
FALSE,none,600000,,FALSE,FALSE,,1,1,Dark Shadows (2012)
TRUE,none,5200000,300000,TRUE,TRUE,2018-07-20,2,1,Dark Tourist
FALSE,none,4300000,,FALSE,FALSE,,1,1,Dark Waters (2019)
FALSE,none,2600000,,FALSE,FALSE,,1,1,Darkest Hour (2017)
FALSE,none,100000,,FALSE,FALSE,,1,1,Darkness Falls (2003)
TRUE,none,90500000,5100000,TRUE,TRUE,2017-12-01,6,3,Dark
FALSE,Devanagari,4700000,,TRUE,TRUE,2022-08-05,1,1,Darlings
FALSE,Japanese,4000000,300000,FALSE,FALSE,,2,1,Darwin’s Game
TRUE,none,600000,200000,FALSE,FALSE,,1,1,Das Begräbnis
TRUE,none,1000000,100000,FALSE,FALSE,,2,1,Das Boot (1985)
FALSE,none,400000,,FALSE,FALSE,,1,1,Das Boot: Director's Cut
FALSE,none,100000,,FALSE,FALSE,,1,1,Das geheime Leben der Bäume
FALSE,none,800000,,FALSE,FALSE,,1,1,Das Haus Anubis
TRUE,none,2400000,100000,FALSE,FALSE,,1,1,Das Haus Anubis
FALSE,none,100000,,FALSE,FALSE,,1,1,Das Kind (2012)
TRUE,none,300000,,FALSE,FALSE,,1,1,Das Pubertier
FALSE,none,3600000,,FALSE,FALSE,,1,1,Dasara (Hindi)
FALSE,none,200000,,FALSE,FALSE,,1,1,Dasara (Kannada)
FALSE,none,200000,,FALSE,FALSE,,1,1,Dasara (Malayalam)
FALSE,none,2100000,,FALSE,FALSE,,1,1,Dasara (Tamil)
FALSE,none,7100000,,FALSE,FALSE,,1,1,Dasara
TRUE,none,11300000,3000000,TRUE,TRUE,2020-11-10,2,1,DASH & LILY
FALSE,none,1200000,,FALSE,FALSE,,1,1,Dasvi
FALSE,none,1400000,,FALSE,FALSE,,1,1,Date Movie
TRUE,none,13700000,600000,TRUE,TRUE,2022-09-02,2,1,Dated and Related
TRUE,Latin,200000,,TRUE,TRUE,2020-07-10,1,1,Dating Around: Brazil
TRUE,none,1400000,200000,TRUE,TRUE,2019-02-14,4,2,Dating Around
TRUE,Latin,76700000,3100000,TRUE,TRUE,2021-01-20,6,3,Daughter From Another Mother
FALSE,none,4900000,,FALSE,FALSE,,1,1,Daughter of the Wolf
TRUE,none,1000000,100000,TRUE,TRUE,2017-07-28,2,1,Daughters of Destiny
FALSE,none,4400000,900000,TRUE,TRUE,2017-03-21,2,1,Dave Chappelle: Collection
FALSE,none,4000000,1000000,TRUE,TRUE,2017-12-31,2,1,Dave Chappelle: Equanimity & The Bird Revelation: Collection
FALSE,none,3600000,1500000,TRUE,TRUE,2019-08-26,2,1,Dave Chappelle: Sticks & Stones
FALSE,none,5100000,1800000,TRUE,TRUE,2021-10-05,2,1,Dave Chappelle: The Closer
FALSE,none,2100000,2200000,FALSE,FALSE,2023-12-31,1,1,Dave Chappelle: The Dreamer
FALSE,none,500000,100000,TRUE,TRUE,,2,1,Dave Chappelle: The Kennedy Center Mark Twain Prize for American Humor
FALSE,none,800000,400000,TRUE,TRUE,2022-07-07,2,1,Dave Chappelle: What’s in a Name?
FALSE,none,100000,,FALSE,FALSE,,1,1,David (2013)
FALSE,none,200000,100000,FALSE,FALSE,,2,1,David A. Arnold: Fat Ballerina
FALSE,none,300000,100000,TRUE,TRUE,2022-07-19,2,1,David A. Arnold: It Ain't For the Weak
FALSE,Latin,400000,,TRUE,TRUE,2021-12-06,1,1,David and the Elves
FALSE,none,3300000,,TRUE,TRUE,2020-10-04,1,1,David Attenborough: A Life on Our Planet
FALSE,none,200000,,FALSE,FALSE,2017-02-10,1,1,David Brent: Life on the Road
FALSE,none,200000,100000,FALSE,FALSE,2016-08-05,2,1,David Cross: Making America Great Again!
FALSE,none,1000000,,FALSE,FALSE,,1,1,David Foster: Off the Record
FALSE,none,800000,300000,TRUE,TRUE,2022-04-26,2,1,David Spade: Nothing Personal
TRUE,none,43500000,3700000,FALSE,FALSE,2015-12-24,8,4,Dawn of the Croods
FALSE,none,4900000,,FALSE,FALSE,,1,1,Dawn of the Dead (2004)
FALSE,Japanese,100000,,FALSE,FALSE,,1,1,Dawn of the Felines
FALSE,none,200000,,FALSE,FALSE,,1,1,Day of Destiny
FALSE,none,3500000,,TRUE,TRUE,,1,1,Day of the Dead: Bloodline
FALSE,none,29000000,,TRUE,TRUE,2022-08-12,1,1,Day Shift
TRUE,none,21000000,1100000,TRUE,TRUE,2019-10-24,2,1,Daybreak
FALSE,none,100000,,FALSE,FALSE,,1,1,Daylight (1996)
FALSE,none,200000,,FALSE,FALSE,,1,1,Days of Disaster
TRUE,none,500000,,FALSE,FALSE,,1,1,Days
FALSE,Japanese,200000,,FALSE,FALSE,,1,1,Daytime Shooting Star
FALSE,none,100000,,FALSE,FALSE,,1,1,Dazzling Mirage
FALSE,none,500000,,FALSE,FALSE,,1,1,Dağ II
FALSE,none,1900000,,FALSE,FALSE,,1,1,DC League of Super-Pets
TRUE,none,48600000,1900000,FALSE,FALSE,,2,1,DC Super Hero Girls (2019)
TRUE,none,72500000,3300000,FALSE,FALSE,,14,7,DC's Legends of Tomorrow
FALSE,none,1200000,,FALSE,FALSE,,1,1,De Bellinga's: Huis op stelten
FALSE,none,200000,,FALSE,FALSE,,1,1,De Club van Lelijke Kinderen
FALSE,none,100000,,FALSE,FALSE,,1,1,De gelukkige huisvrouw
FALSE,none,200000,,FALSE,FALSE,,1,1,De Marathon
FALSE,none,100000,,FALSE,FALSE,,1,1,De Matchmaker
FALSE,none,100000,,FALSE,FALSE,,1,1,De Notenkraker en de Toverfluit
FALSE,none,400000,,FALSE,FALSE,,1,1,De Pernas Pro Ar 2
FALSE,none,400000,,FALSE,FALSE,,1,1,De Pernas Pro Ar
FALSE,none,100000,,FALSE,FALSE,,1,1,De Piraten van Hiernaast: De Ninja’s van de Overkant
FALSE,none,100000,,FALSE,FALSE,,1,1,De Piraten van Hiernaast
FALSE,none,100000,,FALSE,FALSE,,1,1,De Schippers Van De Kameleon
FALSE,none,100000,,FALSE,FALSE,,1,1,Dead Again in Tombstone
TRUE,none,11600000,1000000,TRUE,TRUE,2022-06-16,4,2,Dead End: Paranormal Park
TRUE,Latin,4200000,500000,TRUE,TRUE,2022-12-01,2,1,Dead End
FALSE,none,1400000,,FALSE,FALSE,,1,1,Dead in Tombstone
FALSE,none,100000,,TRUE,TRUE,2019-12-01,1,1,Dead Kids
FALSE,none,3600000,,FALSE,FALSE,,1,1,Dead Man Down
FALSE,Japanese,3200000,700000,FALSE,FALSE,,1,1,Dead Mount Death Play
TRUE,none,2100000,200000,FALSE,FALSE,2021-04-16,2,1,Dead Places
FALSE,none,100000,,FALSE,FALSE,,1,1,Dead Set
FALSE,none,100000,,FALSE,FALSE,,1,1,Dead Silence (2007)
TRUE,none,110000000,7100000,TRUE,TRUE,2019-05-03,6,3,Dead to Me
TRUE,none,1500000,100000,FALSE,FALSE,,2,1,Deadline (2022)
FALSE,none,200000,,FALSE,FALSE,,1,1,Deadlock (2021)
TRUE,none,200000,,FALSE,FALSE,,1,1,Deadly Class
FALSE,none,100000,,FALSE,FALSE,,1,1,Deadly Cuts
FALSE,none,9100000,,TRUE,TRUE,,1,1,Deadly Illusions (2021)
FALSE,Latin,100000,,FALSE,FALSE,,1,1,Deadly Love Poem
TRUE,Latin,27100000,100000,FALSE,FALSE,,2,1,Deadly Sins
TRUE,Latin,33400000,1700000,TRUE,TRUE,2018-08-23,6,3,Deadwind
TRUE,none,100000,,TRUE,TRUE,2020-10-09,1,1,Deaf U
TRUE,Latin,1800000,500000,TRUE,TRUE,2021-03-10,2,1,Dealer
FALSE,none,100000,,FALSE,FALSE,,1,1,Dear Affy
TRUE,Latin,252800000,52500000,TRUE,TRUE,2023-09-07,1,1,Dear Child
FALSE,Thai,100000,,FALSE,FALSE,,1,1,Dear Dakanda
FALSE,none,4400000,,TRUE,TRUE,2023-02-09,1,1,Dear David
FALSE,none,100000,,FALSE,FALSE,,1,1,Dear Evan Hansen
FALSE,Chinese_or_Kanji,200000,,FALSE,FALSE,2019-02-01,1,1,Dear Ex
FALSE,none,300000,,FALSE,FALSE,,1,1,Dear Friend
FALSE,Thai,100000,,FALSE,FALSE,,1,1,Dear Galileo
FALSE,none,3900000,,FALSE,FALSE,,1,1,Dear John (2010)
FALSE,Chinese_or_Kanji,100000,,FALSE,FALSE,,1,1,Dear Loneliness
FALSE,Latin,100000,,FALSE,FALSE,2022-01-11,1,1,Dear Mother
TRUE,Korean,2900000,,FALSE,FALSE,,1,1,Dear My Friends
FALSE,none,100000,,FALSE,FALSE,,1,1,Dear Nathan Hello Salma
FALSE,none,100000,,FALSE,FALSE,,1,1,Dear Nathan Thank You Salma
TRUE,none,100000,,FALSE,FALSE,,1,1,Dear Nathan: The Series
FALSE,none,100000,,FALSE,FALSE,,1,1,Dear Nathan
FALSE,none,1800000,200000,TRUE,TRUE,2017-04-28,2,1,Dear White People: Volume 1
FALSE,none,1300000,100000,TRUE,TRUE,2018-05-04,2,1,Dear White People: Volume 2
FALSE,none,1100000,100000,TRUE,TRUE,2019-08-02,2,1,Dear White People: Volume 3
FALSE,none,900000,100000,TRUE,TRUE,2021-09-22,2,1,Dear White People: Volume 4
FALSE,Devanagari,2400000,,FALSE,FALSE,,1,1,Dear Zindagi
TRUE,Japanese,10800000,300000,FALSE,FALSE,,2,1,Dearest
FALSE,none,4000000,,FALSE,FALSE,,1,1,Death at a Funeral (2010)
FALSE,none,400000,,FALSE,FALSE,,1,1,Death Becomes Her
TRUE,none,3000000,200000,TRUE,TRUE,2018-11-30,2,1,Death by Magic
FALSE,Latin,700000,,FALSE,FALSE,,1,1,Death Can Wait
FALSE,Japanese,200000,,FALSE,FALSE,,1,1,Death Note (2006 Live Action)
FALSE,Japanese,49400000,1600000,FALSE,FALSE,,2,1,Death Note (2006)
FALSE,Japanese,200000,,FALSE,FALSE,,1,1,Death Note II: The Last Name
FALSE,Japanese,200000,,FALSE,FALSE,,1,1,Death Note: Light Up the New World
FALSE,Japanese,100000,,FALSE,FALSE,,1,1,Death Note: Relight
FALSE,none,6200000,,TRUE,TRUE,2017-08-25,1,1,Death Note
TRUE,Japanese,500000,,FALSE,FALSE,,1,1,Death Note
FALSE,none,100000,,FALSE,FALSE,,1,1,Death of a Son
FALSE,none,100000,,FALSE,FALSE,,1,1,Death of Me
TRUE,Japanese,1500000,100000,FALSE,FALSE,,2,1,Death Office
TRUE,Japanese,100000,,FALSE,FALSE,,1,1,Death Parade
FALSE,none,800000,,FALSE,FALSE,,1,1,Death Race 2
FALSE,none,200000,,FALSE,FALSE,,1,1,Death Race 3: Inferno
FALSE,none,1900000,,FALSE,FALSE,,1,1,Death Race
FALSE,none,200000,,TRUE,TRUE,2020-12-27,1,1,Death to 2020
FALSE,none,200000,,TRUE,TRUE,2021-12-27,1,1,Death to 2021
FALSE,none,300000,,FALSE,FALSE,,1,1,Death Wish (2018)
FALSE,Thai,100000,,FALSE,FALSE,,1,1,DEAW #10 Stand Up Comedy Show
FALSE,Thai,100000,,FALSE,FALSE,,1,1,DEAW #11 Stand Up Comedy Show
FALSE,Thai,200000,,FALSE,FALSE,,1,1,DEAW #12 Stand Up Comedy Show
FALSE,Thai,100000,,FALSE,FALSE,,1,1,DEAW #7 Stand Up Comedy Show
FALSE,Thai,100000,,FALSE,FALSE,,1,1,DEAW #9 Stand Up Comedy Show
FALSE,Thai,1500000,200000,TRUE,TRUE,2022-10-11,2,1,DEAW#13 Udom Taephanich Stand Up Comedy Show
FALSE,Latin,400000,,FALSE,FALSE,,1,1,Debt Fees
TRUE,Japanese,100000,,FALSE,FALSE,,1,1,Deca-Dence
TRUE,none,1500000,200000,FALSE,FALSE,,2,1,Deceit
FALSE,Devanagari,2900000,,FALSE,FALSE,,1,1,Deception - Round D Corner
FALSE,Korean,3400000,,FALSE,FALSE,,1,1,Decibel
FALSE,Korean,4500000,,FALSE,FALSE,,1,1,Decision to Leave
FALSE,none,200000,,FALSE,FALSE,,1,1,Deck the Halls (2006)
TRUE,none,1600000,200000,TRUE,TRUE,2021-12-17,2,1,Decoupled
FALSE,none,200000,,TRUE,TRUE,,1,1,Dedemin Fisi
FALSE,none,100000,,FALSE,FALSE,,1,1,Dedh Ishqiya
FALSE,Latin,400000,,FALSE,FALSE,,1,1,Dedicated To My Ex
FALSE,none,100000,,FALSE,FALSE,,1,1,Deep Blue Sea 2
FALSE,none,2000000,,FALSE,FALSE,,1,1,Deep Blue Sea
TRUE,Latin,22600000,3100000,TRUE,TRUE,2023-07-06,1,1,Deep Fake Love
FALSE,none,1400000,,FALSE,FALSE,,1,1,Deep Impact
FALSE,none,600000,,FALSE,FALSE,,1,1,Deep in the Darkness
TRUE,Latin,100000,,FALSE,FALSE,,1,1,Deep in the Rainforest
TRUE,none,200000,,FALSE,FALSE,,1,1,Deep Water (2016)
TRUE,none,6800000,700000,TRUE,TRUE,2022-08-15,4,2,Deepa & Anoop
FALSE,none,700000,,FALSE,FALSE,,1,1,Deepwater Horizon
FALSE,Thai,1100000,,TRUE,TRUE,2021-07-16,1,1,Deep
FALSE,Latin,100000,,FALSE,FALSE,,1,1,Deerskin
FALSE,none,1600000,400000,TRUE,TRUE,2017-09-26,2,1,Def Comedy Jam 25
FALSE,Korean,200000,,FALSE,FALSE,,1,1,Default
TRUE,Korean,2200000,100000,FALSE,FALSE,,2,1,Defendant
FALSE,none,400000,,FALSE,FALSE,,1,1,Defiance (2008)
FALSE,none,500000,,FALSE,FALSE,,1,1,"Definitely, Maybe"
TRUE,none,6000000,600000,TRUE,TRUE,2016-01-15,8,4,Degrassi: Next Class
FALSE,none,200000,,TRUE,TRUE,2017-03-17,1,1,Deidra & Laney Rob a Train
FALSE,Latin,100000,,FALSE,FALSE,,1,1,Dejame Vivir
FALSE,none,300000,,FALSE,FALSE,,1,1,Deleted
TRUE,none,26300000,2900000,TRUE,TRUE,2023-06-28,2,1,DELETE
TRUE,none,500000,,FALSE,FALSE,,1,1,Dele
FALSE,Devanagari,300000,,FALSE,FALSE,,1,1,Delhi 6
FALSE,none,300000,,FALSE,FALSE,,1,1,Delhi Belly
TRUE,Devanagari,14100000,1300000,TRUE,TRUE,2019-03-22,4,2,Delhi Crime
FALSE,none,800000,,FALSE,FALSE,,1,1,Deli Aşk
TRUE,Japanese,700000,,FALSE,FALSE,,1,1,Delicious Party Precure
FALSE,Chinese_or_Kanji,300000,,FALSE,FALSE,,1,1,Delicious Romance (2021)
FALSE,Chinese_or_Kanji,200000,,FALSE,FALSE,,1,1,Delicious Romance (2023)
FALSE,Latin,100000,,FALSE,FALSE,,1,1,Delicious
FALSE,none,1000000,,FALSE,FALSE,,1,1,Deliha 2
FALSE,none,500000,,TRUE,TRUE,,1,1,Deliha
FALSE,none,7500000,,FALSE,FALSE,,1,1,Deliver Us from Evil (2014)
FALSE,Korean,1600000,,FALSE,FALSE,,1,1,Deliver Us from Evil
FALSE,Latin,1000000,,TRUE,TRUE,2022-12-06,1,1,Delivery by Christmas
FALSE,none,100000,,FALSE,FALSE,,1,1,Delivery Man (2013)
FALSE,none,100000,,FALSE,FALSE,,1,1,Dem Horizont so nah
TRUE,none,400000,100000,TRUE,TRUE,2020-08-19,2,1,DeMarcus Family Rules
FALSE,none,300000,100000,TRUE,TRUE,2015-08-14,2,1,Demetri Martin: Live (At the Time)
FALSE,none,300000,100000,TRUE,TRUE,2018-08-10,2,1,Demetri Martin: The Overthinker
FALSE,none,100000,,FALSE,FALSE,,1,1,Demolition (2015)
FALSE,Japanese,1700000,,FALSE,FALSE,,1,1,Demon Slayer -Kimetsu no Yaiba- The Movie: Mugen Train
FALSE,Japanese,72700000,9000000,FALSE,FALSE,,2,1,Demon Slayer: Kimetsu no Yaiba: Entertainment District Arc
FALSE,Japanese,43900000,8500000,FALSE,FALSE,,2,1,Demon Slayer: Kimetsu no Yaiba: Mugen Train Arc
FALSE,Japanese,66600000,4900000,FALSE,FALSE,,2,1,Demon Slayer: Kimetsu no Yaiba: Swordsmith Village Arc
FALSE,Japanese,159400000,6200000,FALSE,FALSE,,2,1,"Demon Slayer: Kimetsu no Yaiba: Tanjiro Kamado, Unwavering Resolve Arc"
FALSE,none,12400000,,FALSE,FALSE,,1,1,Den of Thieves
TRUE,Latin,4300000,800000,FALSE,FALSE,,1,1,Den of Vipers
TRUE,Japanese,100000,,FALSE,FALSE,,1,1,Den-noh Coil
FALSE,none,500000,,FALSE,FALSE,,1,1,Dennis the Menace (1993)
FALSE,none,1400000,400000,TRUE,TRUE,2022-11-15,2,1,Deon Cole: Charleen’s Boy
FALSE,none,700000,300000,TRUE,TRUE,2019-10-08,2,1,Deon Cole: Cole Hearted
FALSE,Latin,100000,,FALSE,FALSE,,1,1,Department Q: The Absent One
FALSE,Latin,100000,,FALSE,FALSE,,1,1,Department Q: The Keeper of Lost Causes
FALSE,none,400000,,FALSE,FALSE,,1,1,Department
TRUE,none,77200000,31700000,FALSE,FALSE,2023-08-16,1,1,DEPP V HEARD
FALSE,none,800000,,FALSE,FALSE,,1,1,Der Fall Collini
FALSE,none,500000,,FALSE,FALSE,,1,1,Der Goldene Handschuh
FALSE,none,200000,,FALSE,FALSE,,1,1,Der Junge muss an die frische Luft
FALSE,none,100000,,FALSE,FALSE,,1,1,Der letzte Lude
FALSE,none,200000,,FALSE,FALSE,,1,1,Der Tatortreiniger: Staffel 7
TRUE,none,2500000,600000,FALSE,FALSE,,12,6,Der Tatortreiniger
FALSE,none,100000,,FALSE,FALSE,,1,1,Deranged (2020)
FALSE,Korean,200000,,FALSE,FALSE,,1,1,Deranged
FALSE,none,500000,200000,TRUE,TRUE,2017-11-14,2,1,DeRay Davis: How to Act Black
TRUE,none,2900000,700000,TRUE,TRUE,2013-09-12,6,3,Derek
FALSE,none,200000,,TRUE,TRUE,2018-06-22,1,1,Derren Brown: Miracle
FALSE,none,100000,,TRUE,TRUE,2018-10-19,1,1,Derren Brown: Sacrifice
FALSE,none,100000,,TRUE,TRUE,2018-02-27,1,1,Derren Brown: The Push
TRUE,none,36400000,7200000,TRUE,FALSE,2018-12-21,6,3,Derry Girls
FALSE,none,100000,,FALSE,FALSE,,1,1,Des Gens Bien
TRUE,none,700000,,FALSE,FALSE,,1,1,Descendants of the Sun Philippines
TRUE,Korean,26300000,800000,FALSE,FALSE,,2,1,Descendants of the Sun
FALSE,none,1100000,,TRUE,TRUE,2022-10-21,1,1,Descendant
FALSE,none,100000,,FALSE,FALSE,,1,1,Desert Coffee
TRUE,Korean,9900000,200000,TRUE,TRUE,2019-07-01,2,1,Designated Survivor: 60 Days
TRUE,none,318900000,9200000,TRUE,TRUE,2016-09-22,6,3,Designated Survivor
TRUE,none,5900000,300000,TRUE,TRUE,2022-09-21,2,1,Designing Miami
TRUE,none,600000,,FALSE,FALSE,,6,6,Desmond's
FALSE,none,3600000,,TRUE,TRUE,2020-07-03,1,1,Desperados
FALSE,none,100000,,FALSE,FALSE,,1,1,Desperado
FALSE,none,2100000,,FALSE,FALSE,,1,1,Despicable Me 2
FALSE,none,1000000,,FALSE,FALSE,,1,1,Despicable Me 3
FALSE,none,1700000,,FALSE,FALSE,,1,1,Despicable Me
FALSE,Latin,2300000,,TRUE,TRUE,2019-05-03,1,1,Despite Everything
FALSE,none,100000,,FALSE,FALSE,,1,1,Despite the Falling Snow
FALSE,none,200000,,FALSE,FALSE,,1,1,Dessau Dancers
FALSE,none,100000,,FALSE,FALSE,,1,1,Destination Wedding (2018)
TRUE,Korean,222000000,12800000,TRUE,TRUE,2023-08-23,1,1,Destined with You
FALSE,Arabic,100000,,FALSE,FALSE,,1,1,Destiny
FALSE,none,100000,,FALSE,FALSE,,1,1,Det største i verden
FALSE,Chinese_or_Kanji,100000,,FALSE,FALSE,,1,1,Detective Chinatown 2
FALSE,Chinese_or_Kanji,200000,,FALSE,FALSE,,1,1,Detective Chinatown 3
FALSE,Chinese_or_Kanji,200000,,FALSE,FALSE,,1,1,Detective Chinatown
TRUE,Japanese,100000,100000,FALSE,FALSE,,1,1,Detective Conan - Police school edition Wild Police Story-
TRUE,Japanese,100000,,FALSE,FALSE,,1,1,Detective Conan: Police Academy Arc – Wild Police Story
TRUE,Japanese,3400000,300000,TRUE,TRUE,2022-10-03,2,1,Detective Conan: The Culprit Hanzawa
TRUE,Japanese,1000000,200000,TRUE,TRUE,2022-04-04,2,1,Detective Conan: Zero’s Tea Time
TRUE,Japanese,26800000,700000,FALSE,FALSE,,12,7,Detective Conan
FALSE,Chinese_or_Kanji,100000,,FALSE,FALSE,,1,1,Detective Dee The Headless God will
FALSE,Chinese_or_Kanji,100000,,FALSE,FALSE,,1,1,Detective Dee: The Four Heavenly Kings
FALSE,Korean,100000,,FALSE,FALSE,,1,1,Detective K: Secret of the Living Dead
FALSE,Korean,100000,,FALSE,FALSE,,1,1,Detective K: Secret of the Lost Island
FALSE,Korean,100000,,FALSE,FALSE,,1,1,Detective K: Secret of Virtuous Widow
FALSE,none,400000,,FALSE,FALSE,,1,1,Detective Knight: Rogue
TRUE,none,6300000,2100000,FALSE,FALSE,,3,3,Detectorists
FALSE,Chinese_or_Kanji,100000,,FALSE,FALSE,,1,1,Detention
TRUE,Chinese_or_Kanji,800000,100000,TRUE,TRUE,2020-12-05,2,1,Detention
FALSE,Korean,500000,,FALSE,FALSE,,1,1,Detour
FALSE,none,500000,,FALSE,FALSE,,1,1,Deuce Bigalow: European Gigolo
FALSE,Devanagari,300000,,FALSE,FALSE,,1,1,Dev.D
TRUE,none,47900000,2600000,TRUE,TRUE,2022-09-02,2,1,Devil in Ohio
FALSE,Latin,100000,,FALSE,FALSE,,1,1,Devil Woman
TRUE,Arabic,4100000,1000000,TRUE,TRUE,2023-07-13,1,1,Devil's Advocate
TRUE,Korean,700000,,FALSE,FALSE,,1,1,Devilish Charm
TRUE,none,5000000,500000,TRUE,TRUE,2018-01-05,2,1,Devilman Crybaby
FALSE,none,300000,,FALSE,FALSE,,1,1,Devil
TRUE,Latin,19600000,2100000,TRUE,TRUE,2022-02-14,2,1,"Devotion, a Story of Love and Desire"
FALSE,none,15100000,,FALSE,FALSE,2023-01-20,1,1,Devotion
TRUE,none,22400000,3700000,TRUE,TRUE,2023-07-24,2,2,Dew Drop Diaries
TRUE,none,200000,,FALSE,FALSE,,1,1,Dewi
FALSE,none,7000000,,FALSE,FALSE,,1,1,Dhamaka (2022)
FALSE,Devanagari,1400000,,TRUE,TRUE,2021-11-19,1,1,Dhamaka
FALSE,Devanagari,200000,,FALSE,FALSE,,1,1,Dhan Dhana Dhan Goal
FALSE,Devanagari,300000,,FALSE,FALSE,,1,1,Dhanak
FALSE,Devanagari,600000,,FALSE,FALSE,,1,1,Dharam Sankat Mein
TRUE,Devanagari,1100000,,FALSE,FALSE,,1,1,Dharmakshetra
FALSE,none,200000,,FALSE,FALSE,,1,1,Dhh
FALSE,Devanagari,200000,,FALSE,FALSE,,1,1,Dhobi Ghat (Mumbai Diaries)
TRUE,Latin,44100000,5700000,TRUE,TRUE,2022-05-18,3,2,DI4RIES
TRUE,none,8200000,700000,TRUE,TRUE,2018-12-21,4,2,Diablero
TRUE,none,6600000,500000,TRUE,TRUE,2019-08-16,2,1,Diagnosis
TRUE,none,200000,,FALSE,FALSE,,1,1,Diamond City
FALSE,none,100000,,FALSE,FALSE,,1,1,Diana (2013)
FALSE,none,100000,,FALSE,FALSE,,1,1,"Diana, Princess of Wales: A Celebration of a Life"
FALSE,none,100000,,TRUE,TRUE,2021-10-01,1,1,Diana: The Musical
FALSE,none,500000,,FALSE,FALSE,,1,1,Diana: The Woman Inside
FALSE,none,400000,,FALSE,FALSE,,1,1,Diary ng Panget
TRUE,Latin,29300000,1000000,FALSE,FALSE,2022-09-07,2,1,Diary of a Gigolo
FALSE,none,11500000,,FALSE,FALSE,,1,1,Diary of a Mad Black Woman
FALSE,Latin,100000,,FALSE,FALSE,,1,1,Diary of a Modern Dad
FALSE,Korean,17300000,,FALSE,FALSE,,1,1,Diary of A Prosecutor
TRUE,Korean,2900000,200000,FALSE,FALSE,,1,1,Diary of a Prosecutor
TRUE,Thai,2700000,200000,FALSE,FALSE,,4,2,Diary Of Tootsies
FALSE,none,200000,,FALSE,FALSE,,1,1,Dictado
FALSE,none,1500000,,FALSE,FALSE,,1,1,Did You Hear About the Morgans?
FALSE,none,200000,,FALSE,FALSE,,1,1,Die Beautiful
FALSE,none,100000,,FALSE,FALSE,,1,1,Die Frau vom Checkpoint Charlie: The Woman at Checkpoint Charlie
TRUE,none,400000,100000,FALSE,FALSE,,2,1,Die Germanen
FALSE,none,100000,,FALSE,FALSE,,1,1,Die Gustloff: The Gustloff
FALSE,none,900000,,FALSE,FALSE,,1,1,Die Känguru-Chroniken
FALSE,none,100000,,FALSE,FALSE,,1,1,Die Luftbrücke: The Airlift
FALSE,none,200000,,FALSE,FALSE,,1,1,Die Mamba - Gefährlich lustig!
FALSE,none,100000,,FALSE,FALSE,,1,1,Die Porsche 911 Story
FALSE,none,200000,,FALSE,FALSE,,1,1,Die Schwarzen Brüder
FALSE,none,100000,,FALSE,FALSE,,1,1,Die Sturmflut: The Storm
TRUE,none,200000,,FALSE,FALSE,,1,1,Die Wikinger
FALSE,Latin,500000,,FALSE,FALSE,,1,1,Die Wilden Hühner und das Leben
FALSE,none,200000,,FALSE,FALSE,,1,1,Diego Maradona
FALSE,none,300000,,FALSE,FALSE,,1,1,Dieses bescheuerte Herz
FALSE,Arabic,400000,,FALSE,FALSE,,1,1,Different Experience
TRUE,Latin,5200000,600000,TRUE,TRUE,2021-11-26,2,1,Dig Deeper: The Disappearance of Birgit Meier
FALSE,none,200000,,FALSE,FALSE,,1,1,Dignitate
FALSE,none,100000,,FALSE,FALSE,,1,1,Dikkulu Choodaku Ramayya
FALSE,none,1400000,,FALSE,FALSE,,1,1,Dil Chahta Hai
FALSE,Devanagari,2900000,,FALSE,FALSE,,1,1,Dil Dhadakne Do
FALSE,Devanagari,800000,,FALSE,FALSE,,1,1,Dil Se
FALSE,none,300000,,FALSE,FALSE,,1,1,Dilan 1990
FALSE,none,200000,,FALSE,FALSE,,1,1,Dilan 1991
FALSE,none,3700000,,FALSE,FALSE,,1,1,Dilwale (2015)
FALSE,Devanagari,100000,,FALSE,FALSE,,1,1,Dil
FALSE,none,100000,,FALSE,FALSE,,1,1,Dimsum Martabak
FALSE,Japanese,100000,,FALSE,FALSE,,1,1,Diner
FALSE,none,600000,,FALSE,FALSE,,1,1,Dinner at My Place
TRUE,none,1700000,,FALSE,FALSE,,3,3,Dinner Date
TRUE,Japanese,2600000,400000,TRUE,FALSE,2019-11-22,4,2,Dino Girl Gauko
FALSE,Korean,300000,,FALSE,FALSE,,1,1,Dino Mecard
TRUE,Japanese,28300000,600000,FALSE,FALSE,,2,1,Dinosaur King
FALSE,Korean,100000,,FALSE,FALSE,,1,1,Dinosaur Mecards: The Island of Tinysaurs
TRUE,none,11200000,400000,FALSE,FALSE,,4,2,Dinosaur Train
FALSE,none,100000,,FALSE,FALSE,,1,1,Dinosaurier – Gegen uns seht ihr alt aus!
TRUE,none,17800000,2300000,FALSE,FALSE,2017-11-10,6,3,Dinotrux Supercharged
TRUE,none,34000000,4200000,FALSE,FALSE,2015-08-14,10,5,Dinotrux
FALSE,none,300000,,TRUE,TRUE,2022-09-06,1,1,Diorama
FALSE,none,100000,,FALSE,FALSE,,1,1,Dioses y perros
TRUE,none,11600000,800000,FALSE,FALSE,2016-12-11,4,2,Dirk Gently's Holistic Detective Agency
FALSE,none,200000,,TRUE,TRUE,2022-06-10,1,1,Dirty Daddy: The Bob Saget Tribute
FALSE,none,3700000,,FALSE,FALSE,,1,1,Dirty Dancing (1987)
FALSE,none,13200000,,FALSE,FALSE,,1,1,Dirty Grandpa
FALSE,none,18100000,1400000,FALSE,FALSE,2020-08-14,2,1,Dirty John: Betty Broderick
FALSE,none,15500000,1200000,FALSE,FALSE,2019-02-14,2,1,Dirty John: John Meehan
TRUE,none,2100000,200000,TRUE,TRUE,2022-04-08,2,1,Dirty Lines
TRUE,none,7300000,500000,TRUE,TRUE,2018-01-26,4,2,Dirty Money
FALSE,none,1500000,,FALSE,FALSE,,1,1,Disappearance at Clifton Hill
FALSE,none,200000,,FALSE,FALSE,,1,1,Disaster Movie
FALSE,none,300000,,TRUE,TRUE,2020-06-19,1,1,Disclosure
FALSE,Devanagari,100000,,FALSE,FALSE,,1,1,Disco Dancer
FALSE,none,100000,,FALSE,FALSE,,1,1,Disco Polo
FALSE,none,300000,,FALSE,FALSE,,1,1,Disconnect (2018)
FALSE,none,7400000,,TRUE,TRUE,2023-01-13,1,1,Disconnect: The Wedding Planner
TRUE,none,139400000,20000000,TRUE,TRUE,2018-08-17,9,5,Disenchantment
TRUE,none,15300000,1300000,FALSE,FALSE,2017-08-25,4,2,Disjointed
TRUE,Hebrew,1400000,200000,FALSE,FALSE,,4,2,Dismissed
FALSE,none,500000,,FALSE,FALSE,,1,1,Disobedience
FALSE,none,100000,,FALSE,FALSE,,1,1,Disturbia
FALSE,Korean,1600000,,FALSE,FALSE,,1,1,Ditto
TRUE,none,13600000,1300000,TRUE,TRUE,2021-09-03,2,1,Dive Club
FALSE,none,3800000,,FALSE,FALSE,,1,1,Divergent
FALSE,none,100000,,FALSE,FALSE,,1,1,Divine Secrets of the Ya-Ya Sisterhood
FALSE,none,500000,,TRUE,TRUE,2016-11-18,1,1,Divines
TRUE,Korean,80100000,800000,TRUE,TRUE,2023-03-04,2,1,Divorce Attorney Shin
FALSE,none,500000,,FALSE,FALSE,,1,1,Divorzio a Las Vegas
FALSE,none,100000,,FALSE,FALSE,,1,1,Divã a Dois
FALSE,none,100000,,FALSE,FALSE,,1,1,Diên Biên Phu
FALSE,Latin,6000000,,TRUE,TRUE,2019-06-14,1,1,DJ Cinderella
FALSE,none,100000,,TRUE,TRUE,,1,1,Django & Django
FALSE,Latin,100000,,FALSE,FALSE,,1,1,Django Shoots First
FALSE,none,7100000,,FALSE,FALSE,,1,1,Django Unchained
TRUE,none,10900000,1300000,FALSE,FALSE,,1,1,Django
TRUE,Korean,19200000,500000,TRUE,TRUE,2020-10-07,2,1,Do Do Sol Sol La La Sol
FALSE,Devanagari,500000,,FALSE,FALSE,,1,1,Do Dooni Chaar
FALSE,Devanagari,100000,,FALSE,FALSE,,1,1,Do Paise Ki Dhoop Chaar Aane Ki Baarish
FALSE,none,20400000,,TRUE,TRUE,2022-09-16,1,1,Do Revenge
TRUE,Korean,6300000,100000,FALSE,FALSE,,2,1,Do You Like Brahms?
FALSE,Latin,200000,,FALSE,FALSE,,1,1,Do You See Me?
FALSE,none,600000,,FALSE,FALSE,,1,1,Do Your Worst
FALSE,Devanagari,1800000,,FALSE,FALSE,,1,1,Dobaaraa
TRUE,none,300000,,FALSE,FALSE,,1,1,Doc Martin (2004)
FALSE,none,1100000,,FALSE,FALSE,,1,1,Doctor (Tamil) (2021)
FALSE,none,600000,,FALSE,FALSE,,1,1,Doctor (Telugu) (2021)
TRUE,Korean,253900000,3600000,TRUE,TRUE,2023-04-15,2,1,Doctor Cha
FALSE,Devanagari,6500000,,FALSE,FALSE,,1,1,Doctor G
TRUE,Korean,14200000,500000,FALSE,FALSE,,2,1,Doctor John
TRUE,Korean,9300000,200000,FALSE,FALSE,,2,1,Doctor Prisoner
FALSE,none,1500000,,FALSE,FALSE,,1,1,Doctor Sleep
TRUE,Korean,20300000,600000,FALSE,FALSE,,2,1,Doctor Stranger
FALSE,Japanese,2100000,200000,FALSE,FALSE,,2,1,Doctor X Surgeon Michiko Daimon 1
FALSE,Japanese,2000000,200000,FALSE,FALSE,,2,1,Doctor X Surgeon Michiko Daimon 2
FALSE,Japanese,2100000,200000,FALSE,FALSE,,2,1,Doctor X Surgeon Michiko Daimon 3
FALSE,Japanese,1900000,200000,FALSE,FALSE,,2,1,Doctor X Surgeon Michiko Daimon 4
FALSE,Japanese,1600000,100000,FALSE,FALSE,,2,1,Doctor X Surgeon Michiko Daimon 5
FALSE,Japanese,1500000,100000,FALSE,FALSE,,2,1,Doctor X Surgeon Michiko Daimon 6
FALSE,Japanese,2200000,200000,FALSE,FALSE,,2,1,Doctor X Surgeon Michiko Daimon 7
TRUE,Korean,31900000,1100000,FALSE,FALSE,,2,1,Doctors
TRUE,none,2000000,100000,FALSE,FALSE,,5,4,Documentary Now!
TRUE,Japanese,300000,100000,FALSE,FALSE,,1,1,Dog and Scum
FALSE,none,17700000,,FALSE,FALSE,2021-05-28,1,1,Dog Gone Trouble
FALSE,none,61600000,,TRUE,TRUE,2023-01-13,1,1,Dog Gone
FALSE,none,100000,,FALSE,FALSE,,1,1,Dog Pound
TRUE,none,3700000,500000,FALSE,FALSE,,3,3,Dogs Behaving Very Badly
TRUE,none,3100000,400000,TRUE,TRUE,2021-11-18,4,2,Dogs in Space
TRUE,none,9400000,500000,TRUE,TRUE,2018-12-07,2,1,Dogs of Berlin
FALSE,Latin,300000,,FALSE,FALSE,,1,1,"Dogs, Lovers and Other Troubles"
TRUE,none,4300000,400000,TRUE,TRUE,2018-11-16,4,2,Dogs
FALSE,Latin,1900000,,FALSE,FALSE,2021-03-04,1,1,Dogwashers
FALSE,Japanese,400000,,FALSE,FALSE,,1,1,Dogwood Tree
FALSE,none,200000,,FALSE,FALSE,,1,1,Dohchay
FALSE,none,200000,,FALSE,FALSE,,1,1,Doidas e Santas
FALSE,Latin,100000,,FALSE,FALSE,,1,1,Doing Good
FALSE,none,1400000,,FALSE,FALSE,,1,1,Doing Hard Time
TRUE,none,2500000,,FALSE,FALSE,,1,1,Dolce Amore
FALSE,none,2700000,,TRUE,TRUE,2019-10-25,1,1,Dolemite Is My Name
FALSE,none,200000,,FALSE,FALSE,,1,1,Dolfje Weerwolfje
FALSE,none,5700000,,FALSE,FALSE,,1,1,Dolittle
FALSE,none,600000,,TRUE,TRUE,2022-10-07,1,1,Doll House
TRUE,Arabic,200000,,TRUE,TRUE,2019-08-08,1,1,Dollar
FALSE,Devanagari,600000,,FALSE,FALSE,2020-09-18,1,1,Dolly Kitty Aur Woh Chamakte Sitare
TRUE,none,3800000,200000,TRUE,TRUE,2019-11-22,2,1,Dolly Parton's Heartstrings
FALSE,none,400000,,TRUE,TRUE,2021-04-07,1,1,Dolly Parton: A MusiCares Tribute
FALSE,none,1300000,,FALSE,FALSE,,1,1,Dolly Parton: Here I Am
FALSE,none,100000,,TRUE,TRUE,2020-11-22,1,1,Dolly Parton’s Christmas on the Square
FALSE,none,500000,,FALSE,FALSE,,1,1,Dolphin Tale
FALSE,none,700000,,FALSE,FALSE,,1,1,Dominion: Prequel to the Exorcist
FALSE,none,1800000,,FALSE,FALSE,,1,1,Don (2022)
FALSE,Devanagari,2500000,,FALSE,FALSE,,1,1,Don 2
FALSE,none,3500000,,FALSE,FALSE,,1,1,Don't Be a Menace to South Central While Drinking Your Juice in the Hood
FALSE,Latin,100000,,FALSE,FALSE,,1,1,Don't Be Afraid
FALSE,Korean,200000,,FALSE,FALSE,,1,1,Don't be the First one: 2020
FALSE,Korean,300000,,TRUE,TRUE,,1,1,Don't be the First one: 2021
FALSE,Latin,5500000,,FALSE,FALSE,,1,1,Don't Blame the Kid
FALSE,none,4300000,,FALSE,FALSE,,1,1,Don't Breathe (2016)
FALSE,none,5500000,,FALSE,FALSE,,1,1,Don't Breathe 2
TRUE,Korean,5400000,100000,FALSE,FALSE,,2,1,Don't Dare to Dream
TRUE,none,7000000,1100000,TRUE,TRUE,2019-12-18,2,1,Don't F**k with Cats: Hunting an Internet Killer
FALSE,Chinese_or_Kanji,200000,,FALSE,FALSE,,1,1,Don't Go Breaking My Heart
FALSE,Latin,1900000,,TRUE,TRUE,2022-02-21,1,1,Don't Kill Me
FALSE,none,200000,,FALSE,FALSE,,1,1,Don't Knock Twice
FALSE,Latin,1600000,,TRUE,TRUE,2022-11-11,1,1,Don't Leave
FALSE,none,2000000,,FALSE,FALSE,,1,1,Don't Let Go (2019)
FALSE,none,25200000,,TRUE,TRUE,2021-12-24,1,1,Don't Look Up
TRUE,none,7500000,600000,FALSE,FALSE,2022-12-14,2,1,Don't Pick Up the Phone
FALSE,none,5100000,,FALSE,FALSE,,1,1,Don't Say a Word
FALSE,none,200000,,FALSE,FALSE,,1,1,Don't Tell a Soul
FALSE,Latin,1600000,,FALSE,FALSE,,1,1,Don't Tell Her
FALSE,none,200000,,FALSE,FALSE,,1,1,Dona Flor e Seus Dois Maridos
FALSE,none,300000,,FALSE,FALSE,,1,1,Dongalunnaru Jagratha
FALSE,Latin,100000,,FALSE,FALSE,,1,1,Donkey Skin
FALSE,none,2200000,,FALSE,FALSE,,1,1,Donnie Brasco
FALSE,none,300000,,FALSE,FALSE,,1,1,Donnybrook
FALSE,Devanagari,1000000,,FALSE,FALSE,,1,1,Don
FALSE,Latin,3300000,,TRUE,TRUE,2022-08-03,1,1,Don’t Blame Karma!
FALSE,Latin,300000,,FALSE,FALSE,,1,1,Don’t Call Me Spinster
FALSE,none,4300000,,TRUE,TRUE,2020-11-27,1,1,Don’t Listen
FALSE,Korean,1900000,,FALSE,FALSE,,1,1,Doom at Your Service
TRUE,Korean,132600000,7800000,FALSE,FALSE,,1,1,Doom at Your Service
FALSE,Latin,1900000,,TRUE,TRUE,2022-06-20,1,1,Doom of Love
FALSE,Korean,500000,,FALSE,FALSE,,1,1,Doomed Marriage: 2021
FALSE,Korean,300000,,FALSE,FALSE,,1,1,Doomed Marriage: 2022
FALSE,none,500000,,FALSE,FALSE,,1,1,Doomsday
FALSE,none,2600000,,FALSE,FALSE,,1,1,Doom
TRUE,Korean,88700000,12700000,TRUE,TRUE,2023-10-20,1,1,Doona!
FALSE,Korean,100000,,FALSE,FALSE,,1,1,Door Lock
FALSE,none,3100000,,FALSE,FALSE,,1,1,Dope (2015)
TRUE,none,10300000,1500000,TRUE,TRUE,2017-12-22,6,3,Dope
FALSE,Latin,100000,,FALSE,FALSE,,1,1,Doppelgängers
TRUE,none,19600000,900000,FALSE,FALSE,,9,5,Dora the Explorer
FALSE,none,100000,,FALSE,FALSE,,1,1,Dora's Peace
FALSE,Japanese,300000,,FALSE,FALSE,,1,1,Doraemon the Movie: New Record of Nobita’s Spaceblazer
FALSE,Japanese,100000,,FALSE,FALSE,,1,1,Doraemon the Movie: Nobita and the Animal Planet
FALSE,Japanese,600000,,FALSE,FALSE,,1,1,Doraemon the Movie: Nobita and the Birth of Japan 2016
FALSE,Japanese,100000,,FALSE,FALSE,,1,1,Doraemon the Movie: Nobita and the Birth of Japan
FALSE,Japanese,100000,,FALSE,FALSE,,1,1,Doraemon the Movie: Nobita and the Castle of the Undersea Devil
FALSE,Japanese,100000,,FALSE,FALSE,,1,1,Doraemon the Movie: Nobita and the Galaxy Super-express
FALSE,Japanese,300000,,FALSE,FALSE,,1,1,Doraemon the Movie: Nobita and The Giant's Legend of Green Planet
FALSE,Japanese,300000,,FALSE,FALSE,,1,1,Doraemon the Movie: Nobita and the Island of Miracles - Animal Adventure
FALSE,Japanese,100000,,FALSE,FALSE,,1,1,Doraemon the Movie: Nobita and the Kingdom of Clouds
FALSE,Japanese,100000,,FALSE,FALSE,,1,1,Doraemon the Movie: Nobita and the Knights on Dinosaurs
FALSE,Japanese,100000,,FALSE,FALSE,,1,1,Doraemon the Movie: Nobita and the Mysterious Wind Wizard
FALSE,Japanese,100000,,FALSE,FALSE,,1,1,Doraemon the Movie: Nobita and the Robot Kingdom
FALSE,Japanese,400000,,FALSE,FALSE,,1,1,Doraemon the Movie: Nobita and the Space Heroes
FALSE,Japanese,100000,,FALSE,FALSE,,1,1,Doraemon the Movie: Nobita and the Spiral City
FALSE,Japanese,400000,,FALSE,FALSE,,1,1,Doraemon the Movie: Nobita and the Steel Troops: The New Age
FALSE,Japanese,200000,,FALSE,FALSE,,1,1,Doraemon the Movie: Nobita and the Tin Labyrinth
FALSE,Japanese,100000,,FALSE,FALSE,,1,1,Doraemon the Movie: Nobita and the Winged Brave Men
FALSE,Japanese,100000,,FALSE,FALSE,,1,1,Doraemon the Movie: Nobita Drifts in the Universe
FALSE,Japanese,700000,,FALSE,FALSE,,1,1,Doraemon the Movie: Nobita in the New Haunts of Evil- Peko and the Five Explorers -
FALSE,Japanese,600000,,FALSE,FALSE,,1,1,Doraemon the Movie: Nobita in the Secret Gadget Museum
FALSE,Japanese,200000,,FALSE,FALSE,,1,1,Doraemon the Movie: Nobita in the Wan-Nyan Spacetime Odyssey
FALSE,Japanese,1400000,,FALSE,FALSE,,1,1,Doraemon the Movie: Nobita's Chronicle of the Moon Exploration
FALSE,Japanese,100000,,FALSE,FALSE,,1,1,Doraemon the Movie: Nobita's Dorabian Nights
FALSE,Japanese,1100000,,FALSE,FALSE,,1,1,Doraemon the Movie: Nobita's Great Adventure in the Antarctic Kachi Kochi
FALSE,Japanese,100000,,FALSE,FALSE,,1,1,Doraemon the Movie: Nobita's Great Adventure into the Underworld
FALSE,Japanese,1700000,,FALSE,FALSE,,1,1,Doraemon the Movie: Nobita's New Dinosaur
FALSE,Japanese,100000,,FALSE,FALSE,,1,1,Doraemon the Movie: Nobita's Three Visionary Swordsmen
FALSE,Japanese,1000000,,FALSE,FALSE,,1,1,Doraemon the Movie: Nobita's Treasure Island
FALSE,Japanese,100000,,FALSE,FALSE,,1,1,Doraemon the Movie: Nobita’s Diary on the Creation of the World
FALSE,Japanese,300000,,FALSE,FALSE,,1,1,Doraemon the Movie: Nobita’s Dinosaur 2006
FALSE,Japanese,100000,,FALSE,FALSE,,1,1,Doraemon the Movie: Nobita’s Great Adventure in the South Seas
FALSE,Japanese,100000,,FALSE,FALSE,,1,1,Doraemon the Movie: Nobita’s Legendary King of The Sun
FALSE,Japanese,500000,,FALSE,FALSE,,1,1,Doraemon the Movie: Nobita’s Mermaid Legend
FALSE,Japanese,400000,,FALSE,FALSE,,1,1,Doraemon the Movie: The New Nobita's Great Adventure into the Underworld
FALSE,Japanese,100000,,FALSE,FALSE,,1,1,Doraemon the Movie: The Record of Nobita's Parallel Visit to the West
TRUE,Japanese,14600000,300000,FALSE,FALSE,,4,2,Doraemon
FALSE,none,100000,,FALSE,FALSE,,1,1,Dorasaani
FALSE,Korean,300000,,FALSE,FALSE,,1,1,DoReMi Dalimi: Season 1 Part 1
TRUE,Korean,300000,100000,FALSE,FALSE,,2,1,DoReMi Dalimi
FALSE,none,400000,,FALSE,FALSE,,1,1,Dorian Gray
FALSE,Thai,100000,,FALSE,FALSE,,1,1,Dorm
TRUE,Japanese,5700000,500000,TRUE,TRUE,2020-01-11,2,1,Dorohedoro
TRUE,Japanese,1900000,100000,FALSE,FALSE,,2,1,dororo
FALSE,Devanagari,200000,,FALSE,FALSE,,1,1,Dostana (1980)
FALSE,Devanagari,700000,,FALSE,FALSE,,1,1,Dostana
FALSE,none,4500000,600000,TRUE,TRUE,2021-03-25,2,1,DOTA: Dragon's Blood: Book 1
FALSE,none,3400000,400000,TRUE,TRUE,2022-01-18,2,1,DOTA: Dragon's Blood: Book 2
FALSE,none,3200000,400000,TRUE,TRUE,2022-08-11,2,1,DOTA: Dragon's Blood: Book 3
FALSE,Latin,6400000,,TRUE,TRUE,2021-01-15,1,1,Double Dad
FALSE,none,5700000,,FALSE,FALSE,,1,1,Double Jeopardy (1999)
FALSE,none,100000,,FALSE,FALSE,,1,1,Double Team
FALSE,Chinese_or_Kanji,4500000,,TRUE,TRUE,,1,1,Double World
FALSE,Devanagari,9200000,,FALSE,FALSE,,1,1,Double XL
FALSE,none,100000,,FALSE,FALSE,,1,1,Down by Love (2016)
TRUE,none,16100000,4100000,FALSE,FALSE,2023-08-11,1,1,Down for Love
FALSE,none,7700000,400000,TRUE,FALSE,2022-11-11,2,1,Down to Earth with Zac Efron: Season 2: Down Under
TRUE,none,3000000,200000,FALSE,FALSE,2020-07-10,2,1,Down to Earth with Zac Efron
FALSE,none,100000,,FALSE,FALSE,,1,1,Down Under
FALSE,none,3500000,,TRUE,TRUE,2022-02-18,1,1,Downfall: The Case Against Boeing
FALSE,Latin,100000,,FALSE,FALSE,,1,1,Downfall
FALSE,none,2600000,,FALSE,FALSE,,1,1,Downsizing
FALSE,none,1100000,,FALSE,FALSE,,1,1,Downton Abbey (2019)
FALSE,none,100000,,FALSE,FALSE,,1,1,Downton Abbey: A New Era
TRUE,none,264900000,12900000,FALSE,FALSE,,12,6,Downton Abbey
FALSE,none,100000,,FALSE,FALSE,,1,1,Dr Jason Leong Hashtag Blessed
FALSE,none,100000,,FALSE,FALSE,,1,1,Dr. Cabbie
FALSE,none,700000,100000,TRUE,TRUE,,2,1,Dr. Jason Leong: Ride With Caution
TRUE,Chinese_or_Kanji,600000,100000,FALSE,FALSE,,1,1,Dr. Lifesaver
FALSE,Korean,200000,,FALSE,FALSE,,1,1,Dr. Oh’s Golden Clinic: 2022
FALSE,Korean,1300000,,FALSE,FALSE,,1,1,Dr. Oh’s Golden Clinic: 2023
FALSE,none,300000,,FALSE,FALSE,,1,1,"Dr. Psycho: Die Bösen, die Bullen, meine Frau und ich: Staffel 1"
FALSE,none,200000,,FALSE,FALSE,,1,1,"Dr. Psycho: Die Bösen, die Bullen, meine Frau und ich: Staffel 2"
TRUE,Korean,82300000,1500000,FALSE,FALSE,,4,2,Dr. Romantic
FALSE,none,13300000,,FALSE,FALSE,,1,1,Dr. Seuss' The Cat in the Hat
FALSE,none,600000,,FALSE,FALSE,,1,1,Dr. Seuss' The Grinch
FALSE,none,52000000,,FALSE,FALSE,,1,1,Dr. Seuss' The Lorax
TRUE,none,28800000,1800000,FALSE,FALSE,,6,3,Dr. Stone
FALSE,Japanese,1700000,200000,FALSE,FALSE,,1,1,Dr. Storks (2015)
FALSE,Japanese,600000,100000,FALSE,FALSE,,1,1,Dr. Storks (2017)
TRUE,Japanese,2200000,100000,FALSE,FALSE,,2,1,Dr. White
FALSE,none,8800000,,FALSE,FALSE,,1,1,Dracula Untold
TRUE,none,18300000,2000000,TRUE,TRUE,2020-01-04,2,1,Dracula
FALSE,none,400000,,FALSE,FALSE,,1,1,Drag Me to Hell
FALSE,none,26900000,,FALSE,FALSE,,1,1,Dragged Across Concrete
TRUE,none,4300000,500000,TRUE,TRUE,2022-12-09,2,1,Dragon Age: Absolution
FALSE,none,100000,,FALSE,FALSE,,1,1,Dragon Ball Super: Broly
FALSE,Chinese_or_Kanji,100000,,FALSE,FALSE,,1,1,Dragon Blade
FALSE,Korean,100000,,FALSE,FALSE,,1,1,Dragon Inn Part 1: The City of Sadness
FALSE,Korean,100000,,FALSE,FALSE,,1,1,Dragon Inn Part 2: The Night of the Gods
TRUE,Japanese,1600000,100000,TRUE,FALSE,2018-04-12,2,1,DRAGON PILOT: Hisone & Masotan
TRUE,Japanese,1100000,,FALSE,FALSE,,1,1,DRAGON QUEST The Adventure of Dai
FALSE,Japanese,3000000,,TRUE,TRUE,2020-02-13,1,1,Dragon Quest Your Story
FALSE,Chinese_or_Kanji,100000,,FALSE,FALSE,,1,1,Dragon Tiger Gate
TRUE,none,2400000,400000,TRUE,TRUE,2020-09-17,2,1,Dragon's Dogma
FALSE,none,2800000,,FALSE,FALSE,,1,1,Dragon: The Bruce Lee Story
FALSE,none,100000,,FALSE,FALSE,,1,1,Dragonheart 3: The Sorcerer's Curse
FALSE,none,2100000,,FALSE,FALSE,,1,1,Dragonheart: Battle for the Heartfire
FALSE,none,400000,,FALSE,FALSE,,1,1,Dragonheart: Vengeance
FALSE,Chinese_or_Kanji,100000,,FALSE,FALSE,,1,1,Dragons Forever
FALSE,none,900000,,TRUE,TRUE,,1,1,Dragons: Dawn of the Dragon Racers
TRUE,none,156700000,13500000,TRUE,FALSE,2015-06-26,12,6,Dragons: Race to the Edge
FALSE,none,2000000,,TRUE,TRUE,2020-03-27,1,1,Dragons: Rescue Riders: Hunt for the Golden Dragon
FALSE,none,1500000,,TRUE,TRUE,2020-11-24,1,1,Dragons: Rescue Riders: Huttsgalor Holiday
FALSE,none,3600000,,TRUE,TRUE,2020-07-24,1,1,Dragons: Rescue Riders: Secrets of the Songwing
TRUE,none,50100000,4500000,TRUE,TRUE,2019-09-27,4,2,Dragons: Rescue Riders
FALSE,Chinese_or_Kanji,900000,,FALSE,FALSE,,1,1,Dragon
TRUE,none,15700000,3800000,FALSE,FALSE,,3,3,Drake & Josh
FALSE,Japanese,100000,,FALSE,FALSE,,1,1,Drama Special Tokakushi
FALSE,none,300000,,FALSE,FALSE,,1,1,DreadOut
TRUE,Chinese_or_Kanji,100000,,FALSE,FALSE,,1,1,Dream Garden
TRUE,Korean,1100000,,FALSE,FALSE,,1,1,Dream High 2
TRUE,Korean,5500000,100000,FALSE,FALSE,,2,1,Dream High
TRUE,none,28800000,3800000,TRUE,TRUE,2020-10-16,8,4,Dream Home Makeover
FALSE,none,500000,,FALSE,FALSE,,1,1,Dream Horse
FALSE,none,600000,,FALSE,FALSE,,1,1,Dream House (2011)
FALSE,Korean,200000,,FALSE,FALSE,,1,1,Dream kingdom Sofy&Ruby
TRUE,Latin,100000,,FALSE,FALSE,,1,1,Dream Routes
FALSE,none,600000,,FALSE,FALSE,,1,1,Dreamgirls (2006)
FALSE,none,800000,,FALSE,FALSE,,1,1,Dreamkatcher
TRUE,none,2400000,400000,FALSE,FALSE,,8,4,Dreamland (2014)
FALSE,none,600000,,FALSE,FALSE,,1,1,Dreamland (2020)
TRUE,Arabic,100000,,FALSE,FALSE,,1,1,Dreams Drawn by Dust
FALSE,none,8100000,2400000,FALSE,FALSE,,2,1,DreamWorks Happy Holidays from Madagascar: Volume 1
FALSE,none,4700000,1500000,FALSE,FALSE,,2,1,DreamWorks Holiday Classics: Collection
FALSE,none,400000,100000,FALSE,FALSE,,2,1,DreamWorks Holiday Classics: Volume 1
FALSE,none,500000,,TRUE,TRUE,2017-12-01,1,1,DreamWorks Home: For the Holidays
FALSE,none,500000,100000,FALSE,FALSE,,2,1,DreamWorks How to Train Your Dragon Legends (2011)
FALSE,none,1900000,700000,FALSE,FALSE,,2,1,DreamWorks How to Train Your Dragon Legends: Volume 1
FALSE,none,3600000,900000,FALSE,FALSE,,2,1,DreamWorks Kung Fu Panda Awesome Secrets: Volume 1
FALSE,none,200000,100000,FALSE,FALSE,,2,1,DreamWorks Short Stories
FALSE,none,1400000,300000,FALSE,FALSE,,2,1,Dreamworks Shrek Stories
FALSE,none,2400000,,FALSE,FALSE,,1,1,DreamWorks Shrek the Halls
FALSE,none,16100000,4200000,FALSE,FALSE,,2,1,DreamWorks Shrek's Swamp Stories: Volume 1
FALSE,none,12000000,3000000,FALSE,FALSE,,2,1,DreamWorks Spooky Stories: Volume 1
FALSE,none,4000000,1300000,FALSE,FALSE,,2,1,DreamWorks Spooky Stories: Volume 2: Volume 2
FALSE,Latin,100000,,FALSE,FALSE,,1,1,Dreamy Eyes
FALSE,none,300000,,FALSE,FALSE,,1,1,Dresden
FALSE,none,700000,,FALSE,FALSE,,1,1,Drift (2013)
TRUE,Japanese,1700000,200000,TRUE,FALSE,2020-01-08,2,1,DRIFTING DRAGONS
FALSE,Japanese,5100000,,TRUE,TRUE,2022-09-16,1,1,Drifting Home
TRUE,none,16100000,600000,TRUE,TRUE,2022-10-28,2,1,Drink Masters
FALSE,none,100000,,FALSE,FALSE,,1,1,Drinking Buddies
FALSE,Devanagari,1900000,,FALSE,FALSE,,1,1,Drishyam
FALSE,none,4600000,,FALSE,FALSE,,1,1,Drive (2011)
TRUE,none,6500000,700000,TRUE,TRUE,2022-08-26,2,1,Drive Hard: The Maloof Way
FALSE,Japanese,800000,,FALSE,FALSE,,1,1,Drive My Car
FALSE,none,100000,,FALSE,FALSE,,1,1,Driven (2001)
FALSE,Devanagari,3500000,,TRUE,TRUE,2019-11-01,1,1,Drive
FALSE,Japanese,100000,,FALSE,FALSE,,1,1,Drop
FALSE,Japanese,100000,,FALSE,FALSE,,1,1,Drowning Love
TRUE,none,13400000,2100000,TRUE,TRUE,2018-01-19,4,2,Drug Lords
TRUE,Latin,4000000,100000,FALSE,FALSE,2019-10-25,2,1,Drug Squad: Costa del Sol
FALSE,none,100000,,FALSE,FALSE,,1,1,Drunk Parents
FALSE,none,300000,,TRUE,TRUE,2019-05-10,1,1,Dry Martina
FALSE,none,3700000,,FALSE,FALSE,,1,1,DSP (Hindi)
FALSE,none,100000,,FALSE,FALSE,,1,1,DSP (Malayalam)
FALSE,none,1300000,,FALSE,FALSE,,1,1,DSP (Telugu)
FALSE,none,3300000,,FALSE,FALSE,,1,1,DSP
FALSE,Japanese,100000,,FALSE,FALSE,,1,1,DTC Yukemuri Junjo Hen From High & Low
FALSE,none,400000,,FALSE,FALSE,,1,1,Dual (2022)
FALSE,none,200000,,FALSE,FALSE,,1,1,Dubai (2005)
TRUE,Arabic,63000000,7000000,TRUE,FALSE,2022-10-27,3,2,Dubai Bling
FALSE,none,400000,,TRUE,TRUE,,1,1,Duck Butter
FALSE,none,5900000,,FALSE,FALSE,2018-07-20,1,1,Duck Duck Goose
FALSE,Latin,200000,,FALSE,FALSE,,1,1,Duck Season
FALSE,none,1300000,,TRUE,TRUE,2018-04-20,1,1,Dude
FALSE,none,300000,,FALSE,FALSE,,1,1,Due Date
TRUE,none,1100000,,FALSE,FALSE,,4,4,Due South
FALSE,Latin,100000,,FALSE,FALSE,,1,1,Duel of the Titans
FALSE,Latin,200000,,FALSE,FALSE,,1,1,Duisburg
FALSE,none,100000,,FALSE,FALSE,,1,1,Dulcima
FALSE,none,300000,,FALSE,FALSE,,1,1,Dumb and Dumber (1994)
FALSE,none,300000,,FALSE,FALSE,,1,1,Dumb and Dumber To
FALSE,none,400000,,FALSE,FALSE,,1,1,Dumb and Dumberer: When Harry Met Lloyd
FALSE,none,100000,,FALSE,FALSE,,1,1,Dummie de Mummie en de tombe van Achnetoet
FALSE,none,9500000,,FALSE,FALSE,2018-12-07,1,1,Dumplin'
FALSE,none,100000,,FALSE,FALSE,,1,1,Dunas do Barato
FALSE,none,1700000,,FALSE,FALSE,,1,1,Dune (1984)
FALSE,none,7100000,,FALSE,FALSE,,1,1,Dune (2021)
FALSE,Devanagari,200000,,FALSE,FALSE,,1,1,Duniya
FALSE,none,2500000,,FALSE,FALSE,,1,1,Dunkirk
FALSE,none,100000,,FALSE,FALSE,,1,1,Dunya & Desie
FALSE,Devanagari,400000,,FALSE,FALSE,,1,1,Duplicate
FALSE,none,1600000,,FALSE,FALSE,,1,1,Duplicity (2009)
FALSE,none,100000,,FALSE,FALSE,,1,1,Dushmani: A Violent Love Story
FALSE,none,100000,,FALSE,FALSE,,1,1,Duyung
FALSE,none,400000,,FALSE,FALSE,,1,1,Dwindle
FALSE,none,400000,,FALSE,FALSE,,1,1,Dying for Chocolate: A Curious Caterer Mystery
FALSE,Chinese_or_Kanji,100000,,FALSE,FALSE,,1,1,Dying to Survive
FALSE,Latin,100000,,FALSE,FALSE,2019-05-17,1,1,Dying to Tell
FALSE,Chinese_or_Kanji,3600000,,FALSE,FALSE,2021-07-01,1,1,Dynasty Warriors
TRUE,none,198100000,5900000,TRUE,TRUE,2017-10-12,10,5,Dynasty
FALSE,none,200000,,FALSE,FALSE,,1,1,Dzień kobiet
TRUE,none,400000,,FALSE,FALSE,,1,1,Dérè: An African Tale
FALSE,none,100000,,FALSE,FALSE,,1,1,Dönerse Senindir
FALSE,none,500000,,TRUE,TRUE,,1,1,Dügün Dernek 2: Sünnet
FALSE,none,500000,,TRUE,TRUE,,1,1,Düğün Dernek
FALSE,none,300000,,FALSE,FALSE,,1,1,Düşeş - Mafya Sızıntısı
FALSE,none,100000,,TRUE,TRUE,2014-10-24,1,1,E-Team
FALSE,none,500000,,FALSE,FALSE,,1,1,E.T. the Extra-Terrestrial
FALSE,none,2500000,,FALSE,FALSE,,1,1,Eagle Eye
FALSE,none,100000,,FALSE,FALSE,,1,1,Eagles Over London
FALSE,Latin,3000000,,TRUE,TRUE,2020-04-17,1,1,Earth and Blood
FALSE,none,1200000,,FALSE,FALSE,,1,1,Earthquake (1974)
FALSE,none,1100000,,TRUE,TRUE,2019-11-15,1,1,Earthquake Bird
TRUE,none,26300000,2800000,TRUE,TRUE,2022-10-27,2,1,Earthstorm
FALSE,none,4900000,,FALSE,FALSE,,1,1,Earwig and the Witch
FALSE,none,100000,,FALSE,FALSE,,1,1,East of Sweden
TRUE,Hebrew,700000,,FALSE,FALSE,,1,1,East Side
FALSE,none,1100000,,FALSE,FALSE,,1,1,Eastern Promises
TRUE,none,400000,,TRUE,TRUE,,4,4,Eastsiders
FALSE,none,12400000,,FALSE,FALSE,,1,1,Easy A
FALSE,Latin,200000,,FALSE,FALSE,,1,1,Easy Money: Hard to Kill
FALSE,Latin,300000,,FALSE,FALSE,,1,1,Easy Money: Life Deluxe
FALSE,Latin,300000,,FALSE,FALSE,,1,1,Easy Money
TRUE,none,14700000,800000,TRUE,TRUE,2022-10-12,2,1,Easy-Bake Battle: The Home Cooking Competition
TRUE,none,11100000,1200000,TRUE,TRUE,2016-09-22,6,3,Easy
FALSE,none,14700000,,FALSE,FALSE,,1,1,Eat Pray Love
TRUE,none,5200000,1200000,TRUE,TRUE,2022-09-28,2,1,Eat the Rich: The GameStop Saga
TRUE,Korean,100000,,FALSE,FALSE,,1,1,Eatvitation
FALSE,none,100000,,FALSE,FALSE,,1,1,Echcharikkai
FALSE,none,200000,,FALSE,FALSE,,1,1,Echo Boomers
FALSE,none,100000,,FALSE,FALSE,,1,1,Echo in the Canyon
TRUE,none,47200000,3300000,TRUE,TRUE,2022-08-19,2,1,Echoes
FALSE,none,100000,,FALSE,FALSE,,1,1,Eddie the Eagle
TRUE,none,100000,,FALSE,FALSE,,1,1,Eden (2021)
TRUE,none,14100000,600000,TRUE,TRUE,2021-04-10,2,1,EDENS ZERO
TRUE,Japanese,1500000,300000,TRUE,TRUE,2021-05-27,2,1,Eden
TRUE,none,13700000,2300000,TRUE,TRUE,2017-01-06,4,2,Edgar Rice Burroughs' Tarzan and Jane
FALSE,none,100000,,FALSE,FALSE,,1,1,Edge of Darkness (2010)
FALSE,none,200000,,FALSE,FALSE,,1,1,Edge of Seventeen
FALSE,none,2700000,,FALSE,FALSE,,1,1,Edge of Tomorrow
TRUE,none,3000000,300000,TRUE,TRUE,2018-03-16,2,1,Edha
FALSE,Latin,100000,,FALSE,FALSE,2018-03-02,1,1,"Edmilson Filho: Notas, Comedy about Relationships"
FALSE,none,600000,,FALSE,FALSE,,1,1,Ee Nagaraniki Emaindi
FALSE,none,100000,,FALSE,FALSE,,1,1,Eeb Allay Ooo!
FALSE,none,400000,,FALSE,FALSE,,1,1,Eega
FALSE,none,1000000,,TRUE,TRUE,,1,1,Eerie
FALSE,none,3200000,,FALSE,FALSE,,1,1,Effie Gray
TRUE,Korean,1300000,100000,FALSE,FALSE,,2,1,Egg&Bugs
FALSE,none,100000,,FALSE,FALSE,,1,1,Eiffel...I'm In Love 2
FALSE,none,100000,,FALSE,FALSE,,1,1,Eiffel...I'm In Love
FALSE,none,1100000,,FALSE,FALSE,,1,1,Eike: Tudo ou Nada
FALSE,none,100000,,FALSE,FALSE,,1,1,Ein Mord mit Aussicht
TRUE,Latin,1700000,200000,FALSE,FALSE,,2,1,Einsatzgruppen: The Nazi Death Squads
FALSE,none,600000,,FALSE,FALSE,,1,1,Ejen Ali The Movie
TRUE,none,1700000,200000,FALSE,FALSE,,4,2,Ejen Ali
FALSE,Devanagari,800000,,FALSE,FALSE,,1,1,Ek Ladki Ko Dekha Toh Aisa Laga
FALSE,Devanagari,300000,,FALSE,FALSE,,1,1,Ek Main Aur Ekk Tu
FALSE,Devanagari,2300000,,FALSE,FALSE,,1,1,Ek Villain Returns
FALSE,none,200000,,FALSE,FALSE,,1,1,Ekşi Elmalar
FALSE,none,100000,,FALSE,FALSE,,1,1,El amor no es lo que era
FALSE,none,1500000,,TRUE,TRUE,2017-12-08,1,1,El Camino Christmas
FALSE,none,15700000,,TRUE,TRUE,2019-10-11,1,1,El Camino: A Breaking Bad Movie
TRUE,none,56400000,800000,FALSE,FALSE,,2,1,El Cartel 2
TRUE,none,75900000,1000000,FALSE,FALSE,,2,1,El Cartel
FALSE,none,200000,,FALSE,FALSE,,1,1,El Cazador
TRUE,none,199200000,10900000,TRUE,TRUE,2017-06-16,6,3,El Chapo
TRUE,none,43200000,,FALSE,FALSE,,1,1,El Chema
FALSE,none,100000,,TRUE,TRUE,,1,1,El club de los buenos infieles
TRUE,Latin,97600000,1500000,FALSE,FALSE,2019-10-04,4,2,El Dragón: Return of a Warrior
TRUE,none,76400000,400000,FALSE,FALSE,,2,1,El final del paraíso
FALSE,none,8800000,,FALSE,FALSE,,1,1,El infierno
FALSE,none,3500000,,FALSE,FALSE,,1,1,El Jeremías
TRUE,none,38700000,2600000,FALSE,FALSE,2016-10-06,10,5,El marginal
FALSE,none,300000,,FALSE,FALSE,,1,1,El niño (2014)
FALSE,none,700000,,FALSE,FALSE,,1,1,El Paseo 5
FALSE,Latin,1300000,,FALSE,FALSE,,1,1,El paseo 6
FALSE,none,700000,,FALSE,FALSE,,1,1,"El patrón, radiografía de un crimen"
FALSE,Latin,200000,,FALSE,FALSE,2019-12-27,1,1,"El Pepe, a Supreme Life"
FALSE,Latin,400000,,FALSE,FALSE,2019-01-04,1,1,El Potro: Unstoppable
TRUE,none,31300000,400000,FALSE,FALSE,,4,2,El príncipe
TRUE,none,2100000,,FALSE,FALSE,,2,2,El Reemplazante
FALSE,none,500000,,FALSE,FALSE,,1,1,El rey del sapo
TRUE,none,35200000,500000,FALSE,FALSE,2022-09-14,2,1,"El Rey, Vicente Fernández"
FALSE,none,200000,,FALSE,FALSE,,1,1,El sendero de la anaconda
FALSE,none,100000,,FALSE,FALSE,,1,1,El silencio es bienvenido
FALSE,none,500000,,FALSE,FALSE,,1,1,El tamaño sí importa
TRUE,none,500000,,FALSE,FALSE,2016-10-25,2,2,El Vato
FALSE,none,100000,,FALSE,FALSE,,1,1,El último fin de semana
FALSE,Arabic,100000,,FALSE,FALSE,,1,1,El-Khawaga's Dilemma
FALSE,none,900000,,TRUE,TRUE,2023-06-28,1,1,Eldorado: Everything the Nazis Hate
FALSE,Chinese_or_Kanji,200000,,FALSE,FALSE,,1,1,Election 2
FALSE,Chinese_or_Kanji,200000,,FALSE,FALSE,,1,1,Election
TRUE,none,500000,700000,FALSE,FALSE,,2,2,Elefantastisch
FALSE,none,3800000,,FALSE,FALSE,,1,1,Elektra (2005)
FALSE,none,100000,,FALSE,FALSE,,1,1,Elena (2012)
FALSE,none,100000,,FALSE,FALSE,,1,1,Elevator Baby
FALSE,none,200000,,FALSE,FALSE,,1,1,Elf Pets: A Fox Cub’s Christmas Tale
FALSE,none,500000,,FALSE,FALSE,,1,1,Elf Pets: Santa’s Reindeer Rescue
FALSE,none,100000,,FALSE,FALSE,,1,1,Elf Pets: Santa’s St. Bernards Save Christmas
FALSE,Latin,1300000,,TRUE,TRUE,2019-06-07,1,1,Elisa & Marcela
FALSE,none,200000,,FALSE,FALSE,,1,1,Elise (2019)
FALSE,none,300000,,FALSE,FALSE,,1,1,Elis
TRUE,Latin,900000,700000,TRUE,TRUE,2021-06-17,2,1,Elite Short Stories: Carla Samuel
TRUE,Latin,300000,300000,TRUE,TRUE,2021-06-14,2,1,Elite Short Stories: Guzmán Caye Rebe
TRUE,Latin,200000,200000,TRUE,TRUE,2021-06-15,2,1,Elite Short Stories: Nadia Guzmán
TRUE,Latin,200000,200000,TRUE,TRUE,2021-06-16,2,1,Elite Short Stories: Omar Ander Alexis
TRUE,Latin,200000,200000,TRUE,TRUE,2021-12-23,2,1,Elite Short Stories: Patrick
TRUE,Latin,200000,100000,TRUE,TRUE,2021-12-15,2,1,Elite Short Stories: Phillipe Caye Felipe
TRUE,Latin,200000,200000,TRUE,TRUE,2021-12-20,2,1,Elite Short Stories: Samuel Omar
FALSE,Latin,100000,,FALSE,FALSE,,1,1,Elite Squad: The Enemy Within
FALSE,Latin,8100000,,FALSE,FALSE,,1,1,Elite Squad
TRUE,Latin,345300000,35800000,TRUE,TRUE,2018-10-05,13,7,Elite
FALSE,none,500000,,FALSE,FALSE,,1,1,Elizabeth and Margaret: Love and Loyalty
TRUE,none,200000,100000,FALSE,FALSE,,2,1,Elizabeth and Margaret: Love and Loyalty
FALSE,none,500000,,FALSE,FALSE,,1,1,Elizabeth Harvest
FALSE,none,500000,,FALSE,FALSE,,1,1,Elizabeth
TRUE,Latin,7800000,1200000,TRUE,TRUE,2021-07-08,2,1,Elize Matsunaga: Once Upon a Crime
FALSE,none,5700000,,TRUE,TRUE,2019-10-18,1,1,Eli
FALSE,none,700000,,FALSE,FALSE,,1,1,Ella Enchanted
FALSE,none,100000,,FALSE,FALSE,,1,1,Ella Fitzgerald: Just One of Those Things
FALSE,none,900000,,FALSE,FALSE,,1,1,Elle (2016)
FALSE,none,400000,100000,TRUE,TRUE,2018-12-18,2,1,Ellen DeGeneres: Relatable: Special
FALSE,none,200000,,FALSE,FALSE,,1,1,Elon Musk: The Real Life Iron Man
TRUE,Japanese,5200000,100000,FALSE,FALSE,,2,1,Elpis
FALSE,Latin,100000,,FALSE,FALSE,,1,1,Elser
TRUE,Latin,6400000,1400000,TRUE,TRUE,2021-11-28,2,1,Elves
FALSE,Latin,200000,,FALSE,FALSE,,1,1,Elvira I Will Give You My Life but I'm Using It
FALSE,none,5000000,,FALSE,FALSE,,1,1,Elvis (2022)
FALSE,none,4300000,,FALSE,FALSE,,1,1,Elysium (2013)
FALSE,Latin,200000,,FALSE,FALSE,,1,1,Em Prova: Amiga do Inimigo
FALSE,none,600000,,FALSE,FALSE,,1,1,Embarazados
FALSE,none,700000,,FALSE,FALSE,,1,1,Embattled
FALSE,none,100000,,FALSE,FALSE,,1,1,Embrace (2016)
FALSE,Chinese_or_Kanji,2100000,200000,FALSE,FALSE,,2,1,Emergency Interrogation Room 2014
FALSE,Chinese_or_Kanji,1600000,200000,FALSE,FALSE,,2,1,Emergency Interrogation Room 2017
FALSE,Chinese_or_Kanji,1800000,100000,FALSE,FALSE,,2,1,Emergency Interrogation Room 2019
FALSE,Latin,100000,,FALSE,FALSE,,1,1,Emergency Situation
TRUE,none,48100000,1500000,TRUE,TRUE,2023-03-29,2,1,Emergency: NYC
FALSE,none,100000,,FALSE,FALSE,,1,1,EMI: Liya Hai To Chukana Padega
FALSE,Latin,100000,,TRUE,TRUE,2021-07-15,1,1,Emicida: AmarElo - Live in São Paulo
TRUE,Latin,300000,,FALSE,FALSE,,1,1,Emilie
FALSE,none,100000,,FALSE,FALSE,,1,1,Emily Bronte's Wuthering Heights
TRUE,none,335400000,14200000,TRUE,TRUE,2020-10-02,6,3,Emily in Paris
FALSE,none,8500000,,FALSE,FALSE,,1,1,Emily the Criminal
TRUE,none,13500000,3200000,TRUE,TRUE,2020-08-25,2,1,Emily's Wonder Lab
FALSE,Latin,100000,,FALSE,FALSE,,1,1,Emma in love
FALSE,none,2000000,,FALSE,FALSE,,1,1,Emma. (2020)
FALSE,none,300000,,FALSE,FALSE,,1,1,Emmas Glück
FALSE,none,1800000,,FALSE,FALSE,,1,1,Emperor (2020)
TRUE,none,3100000,200000,FALSE,FALSE,2018-10-05,2,1,Empire Games
FALSE,Korean,400000,,FALSE,FALSE,,1,1,Empire of Lust
FALSE,none,900000,,FALSE,FALSE,,1,1,Empire State (2013)
FALSE,none,600000,,FALSE,FALSE,,1,1,Employee of the Month (2006)
TRUE,Chinese_or_Kanji,500000,,FALSE,FALSE,,1,1,Empresses in the Palace
TRUE,none,200000,,FALSE,FALSE,,1,1,En el nombre de ellas
TRUE,none,31800000,9300000,TRUE,FALSE,2023-09-27,2,1,Encounters
FALSE,Korean,7700000,,FALSE,FALSE,,1,1,Encounter
TRUE,Korean,2300000,100000,FALSE,FALSE,,1,1,Encounter
TRUE,Japanese,100000,,FALSE,FALSE,,1,1,Encouragement of Climb: Next Summit
FALSE,none,500000,,TRUE,TRUE,2018-05-04,1,1,End Game
FALSE,none,100000,,FALSE,FALSE,,1,1,End of a Gun
FALSE,none,3000000,,FALSE,FALSE,,1,1,End of Days
FALSE,none,11100000,,TRUE,TRUE,2022-09-09,1,1,End of the Road
FALSE,none,600000,,FALSE,FALSE,,1,1,End of Watch
FALSE,none,200000,,FALSE,FALSE,,1,1,Endangered Species (2021)
FALSE,none,400000,,FALSE,FALSE,,1,1,Ender's Game
FALSE,none,4800000,,FALSE,FALSE,,1,1,Endless Love (2014)
TRUE,none,100000,,FALSE,FALSE,,1,1,Endless Night
TRUE,none,6700000,,FALSE,FALSE,,2,2,Enemigo íntimo
FALSE,none,100000,,FALSE,FALSE,,1,1,Enemy at the Gates
FALSE,none,300000,,FALSE,FALSE,,1,1,Enes Batur Gerçek Kahraman
FALSE,none,700000,,FALSE,FALSE,,1,1,Enes Batur Hayal mi Gerçek mi?
FALSE,none,1000000,,FALSE,FALSE,,1,1,Enforcement
TRUE,none,300000,,FALSE,FALSE,,1,1,Engage Kiss
FALSE,Devanagari,300000,,FALSE,FALSE,,1,1,English Babu Desi Mem
FALSE,none,30600000,,TRUE,TRUE,2022-11-04,1,1,Enola Holmes 2
FALSE,none,16700000,,TRUE,TRUE,2020-09-23,1,1,Enola Holmes
FALSE,none,22600000,,FALSE,FALSE,,1,1,Enough (2002)
FALSE,Latin,300000,,FALSE,FALSE,,1,1,Enrico Piaggio - An Italian Dream
TRUE,Chinese_or_Kanji,100000,,FALSE,FALSE,,1,1,Entangled
FALSE,none,6500000,1700000,TRUE,TRUE,2022-09-30,2,1,Entergalactic
FALSE,none,2700000,,FALSE,FALSE,,1,1,Entrapment (1999)
TRUE,Latin,7000000,600000,FALSE,FALSE,2022-09-08,2,1,Entrapped
FALSE,none,300000,,FALSE,FALSE,,1,1,Entre Amis
FALSE,none,300000,,FALSE,FALSE,,1,1,Equilibrium
TRUE,none,5600000,600000,TRUE,TRUE,2020-12-30,2,1,Equinox
FALSE,none,200000,,FALSE,FALSE,,1,1,Erased (2012)
TRUE,Japanese,3100000,200000,FALSE,FALSE,,2,1,Erased (2016)
TRUE,Japanese,2400000,200000,TRUE,TRUE,2017-12-15,2,1,Erased
FALSE,none,200000,,FALSE,FALSE,,1,1,Eraser
FALSE,none,300000,,TRUE,TRUE,2022-02-17,1,1,Erax
FALSE,none,100000,,FALSE,FALSE,,1,1,Eres mi pasión
TRUE,Japanese,300000,,FALSE,FALSE,,1,1,Ergo Proxy
FALSE,none,100000,,TRUE,TRUE,2020-06-23,1,1,Eric Andre: Legalize Everything
FALSE,none,200000,,FALSE,FALSE,,1,1,Eric Clapton - The 1970s Review
TRUE,none,23300000,4200000,TRUE,TRUE,2023-11-03,1,1,Erin & Aaron
FALSE,none,4700000,,FALSE,FALSE,,1,1,Erin Brockovich
TRUE,Latin,2100000,200000,FALSE,FALSE,,1,1,Erin
FALSE,Latin,2500000,,FALSE,FALSE,2018-10-12,1,1,Errementari: The Blacksmith and the Devil
TRUE,none,3400000,100000,FALSE,FALSE,,2,1,Escalona
FALSE,none,1800000,,FALSE,FALSE,,1,1,Escape from Alcatraz
FALSE,none,100000,,FALSE,FALSE,,1,1,Escape from L.A.
FALSE,Korean,300000,,FALSE,FALSE,,1,1,Escape From Mogadishu
FALSE,none,1000000,,FALSE,FALSE,,1,1,Escape from Mr. Lemoncello’s Library
FALSE,none,1700000,,FALSE,FALSE,,1,1,Escape from Planet Earth
FALSE,none,200000,,FALSE,FALSE,,1,1,Escape from Pretoria
FALSE,none,1300000,,FALSE,FALSE,,1,1,Escape Plan 2: Hades
FALSE,none,900000,,FALSE,FALSE,,1,1,Escape Plan: The Extractors
FALSE,none,9200000,,FALSE,FALSE,,1,1,Escape Plan
FALSE,none,4900000,,FALSE,FALSE,,1,1,Escape Room (2019)
FALSE,none,8100000,,FALSE,FALSE,,1,1,Escape Room: Tournament Of Champions
FALSE,none,400000,,TRUE,TRUE,2021-10-05,1,1,Escape The Undertaker
FALSE,Latin,300000,,FALSE,FALSE,,1,1,Escape
TRUE,none,32400000,11100000,TRUE,TRUE,2023-11-08,1,1,Escaping Twin Flames
FALSE,Latin,500000,,FALSE,FALSE,,1,1,Escort in Love
FALSE,none,200000,,FALSE,FALSE,,1,1,Escorts
FALSE,none,8000000,1300000,FALSE,FALSE,,2,1,Especiais temáticos da turma da Mônica
FALSE,none,1100000,,FALSE,FALSE,,1,1,Esperando la carroza
TRUE,none,900000,,FALSE,FALSE,,1,1,Esterno notte
FALSE,Latin,700000,,FALSE,FALSE,,1,1,Estômago: A Gastronomic Story
TRUE,Chinese_or_Kanji,21200000,300000,TRUE,FALSE,,2,1,Eternal Love
FALSE,Chinese_or_Kanji,200000,,TRUE,TRUE,,1,1,Eternal Summer
FALSE,none,500000,,FALSE,FALSE,,1,1,Eternal Sunshine of the Spotless Mind
TRUE,Japanese,200000,100000,FALSE,FALSE,,1,1,Eternal Yesterday
TRUE,none,1000000,100000,TRUE,TRUE,2022-03-18,2,1,Eternally Confused and Eager for Love
FALSE,none,1200000,,FALSE,FALSE,,1,1,Etharkkum Thunindhavan (Hindi)
FALSE,none,200000,,FALSE,FALSE,,1,1,Etharkkum Thunindhavan (Telugu)
FALSE,none,700000,,FALSE,FALSE,,1,1,Etharkkum Thunindhavan
TRUE,Latin,2100000,200000,TRUE,TRUE,2020-11-12,2,1,Ethos
FALSE,Korean,200000,,FALSE,FALSE,,1,1,Eun-Ha
FALSE,Korean,100000,,FALSE,FALSE,,1,1,Eungyo
FALSE,Japanese,100000,,FALSE,FALSE,,1,1,Eureka Seven Hi-Evolution: Eureka
TRUE,Japanese,200000,,FALSE,FALSE,,1,1,Eureka Seven
FALSE,Latin,400000,,TRUE,TRUE,,1,1,Europe's Most Dangerous Man: Otto Skorzeny in Spain
FALSE,none,4600000,,TRUE,TRUE,2020-06-26,1,1,Eurovision Song Contest: The Story of Fire Saga
TRUE,Latin,70200000,1100000,TRUE,TRUE,2023-02-15,2,1,Eva Lasting
FALSE,none,600000,,FALSE,FALSE,,1,1,Evan Almighty
FALSE,none,200000,,TRUE,TRUE,,1,1,EVANGELION: DEATH (TRUE)²
FALSE,none,100000,,TRUE,TRUE,2019-09-10,1,1,Evelyn
FALSE,Latin,200000,,FALSE,FALSE,,1,1,Even Mice Belong in Heaven
FALSE,Latin,100000,,FALSE,FALSE,,1,1,Even the Rain
FALSE,none,100000,,FALSE,FALSE,,1,1,Evening
FALSE,none,100000,,FALSE,FALSE,,1,1,Event Horizon
FALSE,none,4900000,1400000,TRUE,TRUE,2016-01-29,2,1,Ever After High: Dragon Games
FALSE,none,4300000,1200000,TRUE,TRUE,2016-08-05,2,1,Ever After High: Epic Winter
FALSE,none,2700000,1600000,TRUE,TRUE,2015-02-06,2,1,Ever After High: Spring Unsprung
FALSE,none,5100000,1500000,TRUE,TRUE,2015-08-14,2,1,Ever After High: Way Too Wonderland
FALSE,none,8800000,2100000,TRUE,TRUE,2014-01-31,2,1,Ever After High: Welcome to Ever After High
FALSE,Latin,500000,,FALSE,FALSE,,1,1,Ever Been to the Moon?
TRUE,Chinese_or_Kanji,1800000,,FALSE,FALSE,,2,2,Ever Night
FALSE,none,1600000,,FALSE,FALSE,,1,1,Everest (2015)
FALSE,Japanese,100000,,FALSE,FALSE,,1,1,Everest: The Summit of the Gods
FALSE,none,200000,,FALSE,FALSE,,1,1,Every Breath You Take (2021)
FALSE,Latin,300000,,FALSE,FALSE,,1,1,Everybody Knows
TRUE,none,14300000,800000,FALSE,FALSE,,8,4,Everybody Loves Raymond
FALSE,none,400000,,TRUE,TRUE,,1,1,Everyday I Love You
FALSE,Latin,100000,,FALSE,FALSE,,1,1,Everyone Loves Alice
FALSE,none,400000,,TRUE,TRUE,,1,1,Everything About Her
FALSE,none,500000,,FALSE,FALSE,,1,1,Everything But a Man
TRUE,Latin,8800000,300000,TRUE,TRUE,2022-10-14,2,1,Everything Calls for Salvation
FALSE,none,800000,,FALSE,FALSE,,1,1,Everything Everywhere All at Once
FALSE,none,200000,,FALSE,FALSE,,1,1,Everything Must Go (2010)
TRUE,none,31200000,5000000,TRUE,TRUE,2023-10-05,1,1,Everything Now
TRUE,none,3300000,300000,TRUE,TRUE,2018-02-16,2,1,Everything Sucks!
TRUE,Latin,800000,100000,TRUE,TRUE,2021-08-20,2,1,Everything Will Be Fine
FALSE,Latin,100000,,FALSE,FALSE,,1,1,Everything's Gone Wrong!
FALSE,none,2500000,,FALSE,FALSE,,1,1,Evil Dead
TRUE,none,5900000,800000,TRUE,TRUE,2018-05-11,2,1,Evil Genius: the True Story of America's Most Diabolical Bank Heist
FALSE,Latin,100000,,FALSE,FALSE,,1,1,Evil
FALSE,none,2400000,,FALSE,FALSE,,1,1,Evolution (2001)
FALSE,none,100000,,FALSE,FALSE,,1,1,Evolution (2018)
FALSE,Latin,100000,,FALSE,FALSE,,1,1,Evolution of KL Drift 2
FALSE,Latin,100000,,FALSE,FALSE,,1,1,Evolution of KL Drift
FALSE,none,200000,,FALSE,FALSE,,1,1,Evvarikee Cheppoddu
FALSE,none,600000,,FALSE,FALSE,,1,1,Ex Machina
TRUE,Latin,200000,,TRUE,TRUE,2023-04-20,1,1,Ex-Addicts Club
TRUE,Latin,400000,100000,TRUE,TRUE,2019-01-25,2,1,Examination of Conscience
TRUE,none,300000,,FALSE,FALSE,2020-07-03,1,1,Exatlon
TRUE,Arabic,200000,,FALSE,FALSE,,1,1,Excellence
TRUE,none,1600000,200000,TRUE,FALSE,2022-10-13,2,1,exception
FALSE,Arabic,100000,,FALSE,FALSE,,1,1,Excuse My French
FALSE,none,600000,,FALSE,FALSE,,1,1,Executive Decision
FALSE,none,200000,,FALSE,FALSE,,1,1,Exes Baggage
TRUE,none,1800000,300000,TRUE,TRUE,2019-06-28,2,1,Exhibit A
FALSE,none,500000,,FALSE,FALSE,,1,1,Exists
FALSE,none,200000,,FALSE,FALSE,,1,1,Exit Wounds
FALSE,Korean,500000,,FALSE,FALSE,,1,1,Exit
FALSE,none,1100000,,FALSE,FALSE,,1,1,Exorcist: The Beginning
TRUE,Latin,2600000,600000,FALSE,FALSE,2019-12-21,6,3,Exorcist
FALSE,none,300000,,FALSE,FALSE,,1,1,Expedition Happiness
TRUE,Latin,400000,100000,FALSE,FALSE,,2,1,Expeditionen ins Tierreich: Wildes Deutschland
TRUE,Latin,200000,,FALSE,FALSE,,1,1,Expeditionen ins Tierreich: Wildes Skandinavien
TRUE,none,10100000,700000,TRUE,TRUE,2018-05-23,6,3,Explained
TRUE,none,400000,100000,FALSE,FALSE,,2,1,Exposed: The Case Of Keli Lane
TRUE,none,9300000,2200000,FALSE,FALSE,,1,1,Exposed: The Ghost Train Fire
FALSE,Latin,100000,,FALSE,FALSE,,1,1,Exterminator: Ready to Roll
FALSE,none,7900000,,TRUE,TRUE,2018-07-27,1,1,Extinction
FALSE,none,9000000,,FALSE,FALSE,2021-11-19,1,1,Extinct
FALSE,none,200000,,FALSE,FALSE,,1,1,Extraction (2015)
FALSE,none,201800000,,TRUE,TRUE,2023-06-16,1,1,Extraction 2
FALSE,none,86100000,,TRUE,TRUE,2020-04-24,1,1,Extraction
TRUE,Korean,15400000,700000,TRUE,TRUE,2020-04-29,2,1,Extracurricular
TRUE,Korean,204800000,3700000,TRUE,TRUE,2022-06-29,2,1,Extraordinary Attorney Woo
TRUE,Korean,3000000,100000,FALSE,FALSE,,2,1,Extraordinary You
FALSE,none,100000,,FALSE,FALSE,,1,1,Extraterrestrial (2014)
TRUE,none,900000,100000,TRUE,TRUE,2019-07-12,2,1,Extreme Engagement
FALSE,Korean,2900000,,FALSE,FALSE,,1,1,Extreme Job
TRUE,none,5300000,300000,FALSE,FALSE,,1,1,Extreme Makeover: Home Edition (2003)
FALSE,Latin,200000,,FALSE,FALSE,,1,1,Extremely Easy Job
FALSE,none,100000,,FALSE,FALSE,,1,1,Extremely Loud and Incredibly Close
FALSE,none,4300000,,FALSE,FALSE,2019-05-03,1,1,"Extremely Wicked, Shockingly Evil and Vile"
FALSE,none,400000,,TRUE,TRUE,2016-09-13,1,1,Extremis
FALSE,none,700000,,FALSE,FALSE,,1,1,Eye for an Eye (1996)
FALSE,Latin,3700000,,FALSE,FALSE,2020-01-15,1,1,Eye For An Eye
FALSE,none,300000,,FALSE,FALSE,,1,1,Eye in the Sky (2015)
FALSE,none,1000000,,FALSE,FALSE,,1,1,Eye See You
FALSE,none,900000,,FALSE,FALSE,,1,1,Eyes Wide Shut
FALSE,Japanese,400000,,FALSE,FALSE,,1,1,Eyeshield 21: Tokyo Tournament (Spring) -Death March
TRUE,Japanese,600000,,FALSE,FALSE,,4,4,Eyeshield 21
FALSE,Latin,500000,,FALSE,FALSE,,1,1,Eyyvah Eyyvah 3
FALSE,none,100000,,FALSE,FALSE,,1,1,Ezra (2007)
TRUE,none,51800000,5800000,TRUE,TRUE,2015-12-18,10,5,F is for Family
FALSE,none,100000,,FALSE,FALSE,,1,1,F*ck de Liefde
FALSE,Latin,4300000,,TRUE,TRUE,2022-05-20,1,1,F*ck Love Too
FALSE,none,400000,,FALSE,FALSE,,1,1,F.R.E.D.I.
FALSE,none,900000,,FALSE,FALSE,,1,1,F3: Fun and Frustration
FALSE,none,43700000,,FALSE,FALSE,,1,1,F9: The Fast Saga
FALSE,Korean,400000,,FALSE,FALSE,,1,1,Fabricated City
FALSE,none,200000,,FALSE,FALSE,2017-09-08,1,1,Fabrizio Copano: Solo pienso en mi
FALSE,none,200000,,FALSE,FALSE,,1,1,Fabrizio De André e PFM - Il concerto ritrovato
TRUE,none,4100000,400000,TRUE,TRUE,2020-11-27,4,2,Fabulous Lives of Bollywood Wives
FALSE,Latin,200000,,FALSE,FALSE,,1,1,Face Off 4: The Walking Guests
TRUE,none,25300000,2800000,FALSE,FALSE,,2,2,Face Off
FALSE,Thai,800000,,FALSE,FALSE,,1,1,Faces of Anne
FALSE,none,400000,,FALSE,FALSE,,1,1,Facia Üçlü
FALSE,none,1800000,,FALSE,FALSE,,1,1,Facing Nolan
FALSE,none,2300000,,FALSE,FALSE,,1,1,Fack ju Göhte 2
FALSE,none,2600000,,FALSE,FALSE,,1,1,Fack ju Göhte 3
FALSE,none,2300000,,FALSE,FALSE,,1,1,Fack ju Göhte
FALSE,none,200000,100000,TRUE,TRUE,2019-11-14,2,1,Fadily Camara : La plus drôle de tes copines
FALSE,Korean,100000,,FALSE,FALSE,,1,1,Failan
FALSE,none,1900000,,FALSE,FALSE,,1,1,Failure to Launch
TRUE,Chinese_or_Kanji,2000000,100000,FALSE,FALSE,,4,3,Fairies Albums
FALSE,Japanese,100000,,FALSE,FALSE,,1,1,Fairy Tail the Movie: Phoenix Priestess
FALSE,Chinese_or_Kanji,100000,,FALSE,FALSE,,1,1,Fairy Tail: Dragon Cry
TRUE,none,28600000,700000,FALSE,FALSE,,16,10,Fairy Tail
FALSE,none,100000,,FALSE,FALSE,,1,1,Faith Like Potatoes
FALSE,none,1000000,,FALSE,FALSE,,1,1,"Faith, Hope & Love"
FALSE,none,50600000,,FALSE,FALSE,2023-05-17,1,1,Faithfully Yours
TRUE,Latin,278600000,11400000,FALSE,FALSE,2023-05-31,2,1,Fake Profile
TRUE,none,10000000,700000,TRUE,TRUE,2022-09-02,2,1,Fakes
FALSE,Thai,100000,,FALSE,FALSE,,1,1,Fake
FALSE,Latin,200000,,FALSE,FALSE,,1,1,Falchi - Falcon Special Squad
FALSE,none,100000,,FALSE,FALSE,,1,1,"Falk, Staffel 1"
FALSE,none,12500000,,FALSE,FALSE,,1,1,Fall (2022)
TRUE,Korean,500000,,FALSE,FALSE,,1,1,Fall for you
FALSE,Chinese_or_Kanji,200000,,FALSE,FALSE,,1,1,Fall in Love at First Kiss
FALSE,none,500000,100000,TRUE,TRUE,,2,1,Fall in Love with Vinyasa: Volume 1
FALSE,none,300000,,FALSE,FALSE,,1,1,Fall of the Krays
FALSE,none,200000,,FALSE,FALSE,,1,1,Fallen (1998)
FALSE,none,500000,,FALSE,FALSE,,1,1,Fallen (2016)
FALSE,none,6900000,,TRUE,TRUE,2022-11-10,1,1,Falling for Christmas
FALSE,none,200000,,FALSE,FALSE,2021-10-22,1,1,Falling for Figaro
FALSE,Latin,1100000,,FALSE,FALSE,,1,1,Falling for Mala
TRUE,Japanese,300000,,FALSE,FALSE,,3,3,Falling in Love Like a Romantic Drama
FALSE,none,9900000,,TRUE,TRUE,2019-08-29,1,1,Falling Inn Love
FALSE,Chinese_or_Kanji,100000,,FALSE,FALSE,,1,1,Falling Into You: 第一季
TRUE,Chinese_or_Kanji,28700000,600000,FALSE,FALSE,,2,1,Falling Into Your Smile
TRUE,none,24100000,,FALSE,FALSE,,2,2,Falsa identidad
TRUE,Latin,2800000,1200000,TRUE,TRUE,2023-11-10,1,1,Fame After Fame
TRUE,Korean,13000000,200000,TRUE,TRUE,,2,1,Familiar Wife
FALSE,none,100000,,TRUE,TRUE,,1,1,Familiye
FALSE,none,100000,,FALSE,FALSE,,1,1,Family (2018)
FALSE,none,1200000,,TRUE,TRUE,,1,1,Family Blood
TRUE,none,11200000,1500000,TRUE,TRUE,2019-06-28,6,3,Family Business
FALSE,none,900000,,FALSE,FALSE,,1,1,Family Camp
TRUE,none,500000,,FALSE,FALSE,,1,1,Family Feud (South Africa)
FALSE,Latin,100000,,FALSE,FALSE,,1,1,Family for Rent
FALSE,Latin,200000,,FALSE,FALSE,,1,1,Family Government
FALSE,none,300000,,FALSE,FALSE,,1,1,Family History
TRUE,none,124900000,14000000,TRUE,TRUE,2019-07-10,10,5,Family Reunion
TRUE,Latin,12600000,700000,TRUE,TRUE,2022-08-31,2,1,Family Secrets
FALSE,Latin,200000,,FALSE,FALSE,,1,1,Family Weekend
FALSE,Korean,100000,,FALSE,FALSE,,1,1,Familyhood
FALSE,Latin,200000,,FALSE,FALSE,,1,1,Famous Five 2
FALSE,Latin,200000,,FALSE,FALSE,,1,1,Famous Five
FALSE,none,200000,,TRUE,TRUE,,1,1,Fan Girl (2020)
FALSE,Arabic,100000,,FALSE,FALSE,,1,1,Fan of Amoory
FALSE,none,100000,,FALSE,FALSE,,1,1,Fanatyk
TRUE,Japanese,100000,,FALSE,FALSE,,1,1,Fanfare of Adolescence
FALSE,Latin,2400000,,TRUE,TRUE,2023-05-17,1,1,Fanfic
FALSE,none,4000000,,FALSE,FALSE,,1,1,Fantastic Beasts and Where To Find Them
FALSE,none,5100000,,FALSE,FALSE,,1,1,Fantastic Beasts: The Crimes of Grindelwald
FALSE,none,5900000,,FALSE,FALSE,,1,1,Fantastic Beasts: The Secrets of Dumbledore
FALSE,none,300000,,FALSE,FALSE,,1,1,Fantastic Four (2015)
FALSE,none,4400000,,FALSE,FALSE,,1,1,Fantastic Fungi
FALSE,none,1300000,,FALSE,FALSE,,1,1,Fantastic Mr. Fox
FALSE,none,400000,,FALSE,FALSE,,1,1,Fantastica (2018)
FALSE,none,100000,,FALSE,FALSE,,1,1,Fantozzi - Il ritorno
FALSE,Latin,200000,,FALSE,FALSE,,1,1,Fantozzi against everyone
FALSE,Latin,200000,,FALSE,FALSE,,1,1,Fantozzi Succumbs Again
FALSE,none,300000,,FALSE,FALSE,,1,1,Fantozzi
TRUE,none,300000,100000,TRUE,TRUE,2022-07-29,2,1,Fanático
TRUE,none,12200000,700000,TRUE,TRUE,2022-12-16,2,1,Far From Home
FALSE,Latin,100000,,FALSE,FALSE,,1,1,Far Too Personal
FALSE,Devanagari,7800000,,FALSE,FALSE,,1,1,Faraaz
FALSE,none,500000,,FALSE,FALSE,,1,1,Faraway Eyes
FALSE,none,51700000,,TRUE,TRUE,2023-03-08,1,1,Faraway
TRUE,Latin,100000,,FALSE,FALSE,,1,1,FarEast: From Berlin to Tokyo
FALSE,none,100000,,FALSE,FALSE,,1,1,"Farewell, Friend"
FALSE,Latin,5600000,,FALSE,FALSE,,1,1,"Farewell, Mr. Haffmann"
FALSE,Arabic,300000,,FALSE,FALSE,,1,1,Farha
FALSE,none,300000,100000,TRUE,TRUE,2018-04-03,2,1,Fary Is the New Black
TRUE,none,400000,200000,TRUE,TRUE,2020-03-12,4,2,Fary: Hexagone
TRUE,none,8100000,600000,TRUE,TRUE,2022-07-15,2,1,Farzar
FALSE,Devanagari,1000000,,FALSE,FALSE,,1,1,Fashion
FALSE,Thai,500000,,TRUE,TRUE,,1,1,Fast & Feel Love
FALSE,none,12700000,,FALSE,FALSE,,1,1,Fast & Furious Presents: Hobbs & Shaw
FALSE,none,4700000,700000,TRUE,TRUE,2020-10-09,2,1,Fast & Furious Spy Racers: Season 2: Rio
FALSE,none,3900000,500000,TRUE,TRUE,2020-12-26,2,1,Fast & Furious Spy Racers: Season 3: Sahara
FALSE,none,3600000,500000,TRUE,TRUE,2021-04-16,2,1,Fast & Furious Spy Racers: Season 4: Mexico
FALSE,none,3400000,500000,TRUE,TRUE,2021-08-13,2,1,Fast & Furious Spy Racers: Season 5: South Pacific
FALSE,none,9400000,800000,TRUE,TRUE,2021-12-17,2,1,Fast & Furious Spy Racers: Season 6: Homecoming
TRUE,none,6000000,800000,TRUE,TRUE,2019-12-26,2,1,Fast & Furious Spy Racers
FALSE,none,600000,,FALSE,FALSE,,1,1,Fast & Furious
FALSE,Thai,200000,,FALSE,FALSE,,1,1,Fast 888
FALSE,none,1000000,,FALSE,FALSE,,1,1,Fast Five
FALSE,none,10300000,,FALSE,FALSE,,1,1,Faster (2010)
TRUE,none,6900000,500000,TRUE,TRUE,2018-04-06,4,2,Fastest Car
FALSE,Chinese_or_Kanji,300000,,FALSE,FALSE,,1,1,Fat Choi Spirit
FALSE,none,100000,,FALSE,FALSE,,1,1,Fat Pizza vs. Housos
FALSE,none,100000,,FALSE,FALSE,,1,1,Fat Pizza
FALSE,none,500000,,FALSE,FALSE,,1,1,Fatal (2010)
FALSE,none,7200000,,TRUE,TRUE,2020-07-16,1,1,Fatal Affair
TRUE,none,132100000,18300000,TRUE,TRUE,2023-07-07,1,1,Fatal Seduction
FALSE,none,7000000,,FALSE,FALSE,,1,1,Fatale
FALSE,none,100000,,FALSE,FALSE,,1,1,Fate of Alakada
TRUE,none,6000000,500000,TRUE,TRUE,2017-07-02,4,2,Fate/Apocrypha
FALSE,none,500000,100000,TRUE,FALSE,2018-07-31,2,1,Fate/EXTRA Last Encore: Illustrias Geocentric Theory
FALSE,none,2100000,200000,TRUE,FALSE,2018-01-30,2,1,Fate/EXTRA Last Encore: Oblitus Copernican Theory
FALSE,none,200000,,FALSE,FALSE,,1,1,Fate/Grand Order -First Order-
FALSE,Japanese,100000,,FALSE,FALSE,,1,1,Fate/Grand order Absolute Demonic Front: Babylonia
FALSE,Chinese_or_Kanji,100000,,FALSE,FALSE,,1,1,Fate/Stay Night: Heaven's Feel - I. Presage Flower
FALSE,Chinese_or_Kanji,100000,,FALSE,FALSE,,1,1,Fate/Stay Night: Heaven's Feel - III. Spring Song
TRUE,none,300000,,FALSE,FALSE,,2,2,Fate/stay night: Unlimited Blade Works
TRUE,Japanese,300000,,FALSE,FALSE,,2,2,Fate/Zero
TRUE,none,93700000,6900000,TRUE,TRUE,2021-01-22,4,2,Fate: The Winx Saga
TRUE,Arabic,700000,,FALSE,FALSE,,1,1,Faten Amal Harby
FALSE,Latin,100000,,FALSE,FALSE,,1,1,Father and Guns 2
FALSE,none,400000,,FALSE,FALSE,2021-11-07,1,1,Father Christmas Is Back
FALSE,none,100000,,FALSE,FALSE,,1,1,Father Figures (2017)
TRUE,Latin,900000,,FALSE,FALSE,,2,2,Father Matteo
FALSE,none,6700000,,TRUE,TRUE,2018-07-20,1,1,Father of the Year
FALSE,none,200000,,TRUE,TRUE,2020-07-17,1,1,Father Soldier Son
FALSE,none,7900000,,FALSE,FALSE,,1,1,Father Stu
FALSE,none,25200000,,TRUE,TRUE,2021-06-18,1,1,Fatherhood
FALSE,none,2000000,,FALSE,FALSE,,1,1,Fathers & Daughters
FALSE,Latin,100000,,FALSE,FALSE,,1,1,Fathers and Guns
FALSE,none,700000,,FALSE,FALSE,,1,1,Fatima (2020)
FALSE,none,4800000,,FALSE,FALSE,,1,1,Fatman
TRUE,none,2700000,300000,TRUE,TRUE,2021-04-27,2,1,Fatma
TRUE,Hebrew,224900000,7400000,TRUE,TRUE,2016-12-02,8,4,Fauda
FALSE,none,2700000,,FALSE,FALSE,,1,1,Fear (1996)
FALSE,none,300000,,FALSE,FALSE,,1,1,Fear and Loathing in Las Vegas
TRUE,none,10500000,1800000,TRUE,TRUE,2020-07-22,2,1,Fear City: New York vs The Mafia
FALSE,none,400000,,FALSE,FALSE,,1,1,Fear of Rain
FALSE,Latin,400000,,FALSE,FALSE,,1,1,Fear or Not
FALSE,none,7800000,,TRUE,TRUE,2021-07-02,1,1,Fear Street Part 1: 1994
FALSE,none,6400000,,TRUE,TRUE,2021-07-09,1,1,Fear Street Part 2: 1978
FALSE,none,4100000,,TRUE,TRUE,2021-07-16,1,1,Fear Street Part 3: 1666
FALSE,Thai,200000,,FALSE,FALSE,,1,1,Fearless Love
FALSE,none,2900000,,TRUE,TRUE,2020-08-14,1,1,Fearless
TRUE,none,3300000,400000,TRUE,TRUE,2016-08-19,2,1,Fearless
FALSE,Thai,100000,,FALSE,FALSE,,1,1,Feather & Flowers Concert #3/2015: The Original Returns
FALSE,none,100000,,FALSE,FALSE,,1,1,Febbre da cavallo
FALSE,none,100000,,FALSE,FALSE,,1,1,Febre do Rato
TRUE,Latin,13700000,3200000,TRUE,TRUE,2023-11-15,1,1,Feedback
FALSE,none,3200000,600000,TRUE,TRUE,2020-03-19,2,1,Feel Good: Season 1 (Channel 4)
TRUE,none,2500000,400000,TRUE,TRUE,2021-06-04,2,1,Feel Good
FALSE,none,24300000,,TRUE,TRUE,2020-06-19,1,1,Feel the Beat
FALSE,none,100000,,TRUE,TRUE,,1,1,Feel-Good Fitness: Volume 1
TRUE,Devanagari,600000,100000,TRUE,TRUE,2021-07-23,2,1,Feels Like Ishq
TRUE,none,500000,100000,TRUE,TRUE,2020-09-01,2,1,Felipe Esparza: Bad Decisions
FALSE,Latin,100000,,FALSE,FALSE,2017-03-24,1,1,Felipe Neto: My Life Makes No Sense
FALSE,none,200000,100000,FALSE,FALSE,,2,1,Felix Lobrecht live - kenn ick!
FALSE,none,300000,100000,TRUE,TRUE,2020-11-03,2,1,Felix Lobrecht: Hype
FALSE,none,12600000,,FALSE,FALSE,,1,1,Felon
FALSE,Arabic,100000,,FALSE,FALSE,,1,1,Female Cousins
FALSE,Latin,700000,,FALSE,FALSE,,1,1,Female Factor
FALSE,none,300000,,TRUE,TRUE,2018-10-12,1,1,Feminists: What Were They Thinking?
FALSE,Latin,4700000,,TRUE,TRUE,2022-09-01,1,1,Fenced In
FALSE,none,4200000,,FALSE,FALSE,,1,1,Fences
FALSE,none,400000,,FALSE,FALSE,,1,1,Feng Shui (2004)
FALSE,Chinese_or_Kanji,100000,,FALSE,FALSE,,1,1,Feng yu tong lu
FALSE,Korean,200000,,FALSE,FALSE,,1,1,FENGSHUI
TRUE,none,300000,,FALSE,FALSE,2020-01-31,1,1,Fenix
FALSE,none,1600000,,FALSE,FALSE,,1,1,Feo pero sabroso
TRUE,Latin,9700000,600000,TRUE,TRUE,2022-01-28,2,1,Feria: The Darkest Light
FALSE,none,200000,,FALSE,FALSE,,1,1,Feride (2020)
TRUE,Japanese,5200000,900000,FALSE,FALSE,,1,1,Fermat’s Cuisine
FALSE,none,100000,,FALSE,FALSE,,1,1,Ferrari Ki Sawaari
FALSE,none,100000,,FALSE,FALSE,,1,1,Ferris Bueller's Day Off
FALSE,Latin,46600000,7600000,TRUE,TRUE,2023-11-03,1,1,Ferry: The Series: The Series
FALSE,none,2900000,,TRUE,TRUE,2021-05-14,1,1,Ferry
TRUE,none,1200000,300000,FALSE,FALSE,,1,1,Feuer & Flamme
FALSE,Latin,600000,,TRUE,TRUE,2021-10-13,1,1,Fever Dream
FALSE,none,700000,,FALSE,FALSE,,1,1,Fidaa (2017)
FALSE,Devanagari,100000,,FALSE,FALSE,,1,1,Fida
FALSE,Latin,5600000,,TRUE,TRUE,2020-12-02,1,1,Fierce
TRUE,none,4000000,300000,TRUE,TRUE,2022-11-09,2,1,FIFA Uncovered
FALSE,none,100000,,TRUE,TRUE,,1,1,Fifty (2015)
FALSE,none,28100000,,FALSE,FALSE,,1,1,Fifty Shades Darker
FALSE,none,3000000,,FALSE,FALSE,,1,1,Fifty Shades of Black
FALSE,none,23100000,,FALSE,FALSE,,1,1,Fifty Shades of Grey
FALSE,Latin,300000,,FALSE,FALSE,,1,1,Fig Jam
FALSE,Chinese_or_Kanji,100000,,FALSE,FALSE,,1,1,Fight Back to School III
FALSE,Chinese_or_Kanji,200000,,FALSE,FALSE,,1,1,Fight Back to School II
FALSE,Chinese_or_Kanji,300000,,FALSE,FALSE,,1,1,Fight Back to School
TRUE,Korean,15700000,600000,FALSE,FALSE,,2,1,Fight for My Way
FALSE,none,2100000,,FALSE,FALSE,,1,1,Fighting (2009)
FALSE,none,100000,,FALSE,FALSE,,1,1,Fighting with My Family
TRUE,none,1600000,100000,TRUE,TRUE,2018-10-12,2,1,FIGHTWORLD
FALSE,none,500000,,FALSE,FALSE,,1,1,Figli
FALSE,Latin,100000,,FALSE,FALSE,,1,1,File 13
FALSE,Latin,100000,,FALSE,FALSE,,1,1,Fill the Void
FALSE,none,100000,,FALSE,FALSE,,1,1,Filosofi Kopi 2: Ben & Jody
TRUE,none,200000,,FALSE,FALSE,,1,1,Filosofi Kopi The Series
FALSE,none,500000,,FALSE,FALSE,,1,1,Final Account
FALSE,none,400000,,FALSE,FALSE,,1,1,Final Destination 2
FALSE,none,500000,,FALSE,FALSE,,1,1,Final Destination 3
FALSE,none,500000,,FALSE,FALSE,,1,1,Final Destination 5
FALSE,none,900000,,FALSE,FALSE,,1,1,Final Destination
FALSE,Japanese,200000,,FALSE,FALSE,,1,1,Final Fantasy VII: Advent Children
TRUE,Japanese,100000,,TRUE,TRUE,2017-04-19,1,1,FINAL FANTASY XIV Dad of Light
FALSE,Japanese,100000,,FALSE,FALSE,,1,1,Final Fantasy XIV: Dad of Light
FALSE,none,2100000,,FALSE,FALSE,,1,1,Final Score (2018)
FALSE,Latin,200000,,FALSE,FALSE,2021-08-27,1,1,Final Set
TRUE,none,15200000,1500000,FALSE,FALSE,2018-07-20,6,3,Final Space
FALSE,none,300000,,TRUE,TRUE,,1,1,Finally Found Someone
FALSE,Latin,100000,,FALSE,FALSE,,1,1,Finally Married
TRUE,Chinese_or_Kanji,8900000,100000,TRUE,TRUE,,2,1,Find Yourself
FALSE,none,400000,,FALSE,FALSE,,1,1,Finder's Fee
FALSE,none,200000,,TRUE,TRUE,2020-11-30,1,1,Finding Agnes
FALSE,none,200000,,FALSE,FALSE,,1,1,Finding Hubby 2
FALSE,none,100000,,FALSE,FALSE,,1,1,Finding Hubby
FALSE,Korean,100000,,FALSE,FALSE,,1,1,Finding Mr. Destiny
FALSE,Chinese_or_Kanji,100000,,FALSE,FALSE,,1,1,Finding Mr. Right
TRUE,Arabic,6200000,400000,TRUE,TRUE,2022-02-03,2,1,Finding Ola
FALSE,none,100000,,FALSE,FALSE,,1,1,Finding You (2019)
FALSE,none,4300000,,FALSE,FALSE,,1,1,Finding You (2021)
FALSE,none,13600000,,TRUE,TRUE,2021-01-29,1,1,Finding ‘Ohana
FALSE,none,700000,,FALSE,FALSE,,1,1,Fine Wine
FALSE,none,100000,,TRUE,TRUE,,1,1,Fire & Flow: Volume 1
TRUE,none,900000,100000,TRUE,TRUE,2017-09-08,2,1,Fire Chasers
TRUE,Japanese,14800000,600000,FALSE,FALSE,,4,2,Fire Force
FALSE,none,600000,,TRUE,TRUE,2019-11-01,1,1,Fire in Paradise
TRUE,Chinese_or_Kanji,100000,,FALSE,FALSE,,1,1,Fire of Eternal Love
TRUE,Korean,4900000,,FALSE,FALSE,,1,1,Fire Trot
FALSE,Thai,200000,,FALSE,FALSE,,1,1,Fireball
FALSE,none,100000,,TRUE,TRUE,2019-02-22,1,1,Firebrand
FALSE,none,200000,,FALSE,FALSE,,1,1,Fired Up! (2009)
FALSE,none,4700000,,FALSE,FALSE,2021-09-10,1,1,Firedrake the Silver Dragon
TRUE,none,421000000,6900000,TRUE,TRUE,2021-02-03,4,2,Firefly Lane
FALSE,Latin,100000,,FALSE,FALSE,,1,1,Firegate
FALSE,none,800000,,FALSE,FALSE,,1,1,Fireheart
FALSE,none,100000,,FALSE,FALSE,,1,1,Firehouse Dog
TRUE,none,46600000,5200000,FALSE,FALSE,,12,6,Fireman Sam
FALSE,none,6000000,4400000,TRUE,TRUE,,2,1,Fireplace 4K: Classic Crackling Fireplace from Fireplace for Your Home
FALSE,none,11400000,8100000,TRUE,TRUE,,2,1,Fireplace 4K: Crackling Birchwood from Fireplace for Your Home
TRUE,none,3900000,1000000,TRUE,TRUE,,2,1,Fireplace for Your Home
FALSE,none,2900000,,FALSE,FALSE,,1,1,Fireproof
FALSE,none,100000,,FALSE,FALSE,,1,1,Firestarter (2022)
FALSE,Chinese_or_Kanji,600000,,FALSE,FALSE,,1,1,Firestorm
FALSE,none,200000,,FALSE,FALSE,,1,1,Firewall
TRUE,Chinese_or_Kanji,6700000,200000,FALSE,FALSE,,1,1,Fireworks of My Heart
FALSE,Japanese,100000,,FALSE,FALSE,,1,1,Fireworks
TRUE,none,6500000,300000,TRUE,TRUE,2018-09-07,2,1,First and Last
TRUE,none,200000,,TRUE,TRUE,2022-06-23,1,1,First Class
FALSE,none,2000000,,FALSE,FALSE,,1,1,First Kill (2017)
TRUE,none,21400000,1200000,TRUE,TRUE,2022-06-10,2,1,First Kill
FALSE,none,3200000,,FALSE,FALSE,,1,1,First Knight
TRUE,none,1600000,,FALSE,FALSE,,1,1,First Lady
FALSE,none,200000,,FALSE,FALSE,,1,1,First Love (2018)
FALSE,Hebrew,100000,,FALSE,FALSE,,1,1,First Love
FALSE,Japanese,100000,,FALSE,FALSE,,1,1,First Love
TRUE,Japanese,32800000,1000000,TRUE,TRUE,2022-11-24,2,1,First Love
FALSE,none,1600000,,TRUE,TRUE,2018-03-30,1,1,First Match
FALSE,none,600000,,FALSE,FALSE,,1,1,First Sunday
FALSE,none,200000,100000,TRUE,TRUE,2018-02-16,2,1,First Team: Juventus: Season 1: Part A
FALSE,none,200000,100000,TRUE,TRUE,2018-07-06,2,1,First Team: Juventus: Season 1: Part B
FALSE,none,4000000,,TRUE,TRUE,2017-09-15,1,1,First They Killed My Father
FALSE,Latin,200000,,FALSE,FALSE,,1,1,First Voyage
TRUE,none,56600000,12300000,FALSE,FALSE,,3,3,First Wives Club
FALSE,Latin,200000,,FALSE,FALSE,,1,1,"First, Second & Third Love"
FALSE,none,300000,,FALSE,FALSE,,1,1,Fish Tank
TRUE,Japanese,13000000,1000000,TRUE,TRUE,2022-02-14,2,1,Fishbowl Wives
FALSE,none,200000,,FALSE,FALSE,,1,1,Fisherman's Friends: One and All
FALSE,none,100000,,FALSE,FALSE,,1,1,Fishtales (2016)
FALSE,Latin,400000,,FALSE,FALSE,,1,1,Fishtronaut: The Movie
TRUE,none,24300000,9000000,FALSE,FALSE,,2,2,Fisk
FALSE,none,100000,,FALSE,FALSE,,1,1,Fist Fight
TRUE,Japanese,1000000,,FALSE,FALSE,,6,6,Fist of the North Star
FALSE,none,5800000,,TRUE,TRUE,2022-02-17,1,1,Fistful of Vengeance
FALSE,Korean,300000,,FALSE,FALSE,,1,1,Fists of Legend
FALSE,Devanagari,800000,,FALSE,FALSE,,1,1,Fitoor
FALSE,none,3000000,,FALSE,FALSE,,1,1,Five (2016)
FALSE,none,500000,,TRUE,TRUE,,1,1,Five Came Back: The Reference Films
TRUE,none,1300000,200000,TRUE,TRUE,2017-03-31,2,1,Five Came Back
FALSE,Latin,100000,,FALSE,FALSE,,1,1,Five Eagles
FALSE,none,3900000,,FALSE,FALSE,,1,1,Five Feet Apart
TRUE,none,32400000,7000000,FALSE,FALSE,2023-07-14,1,1,Five Star Chef
FALSE,none,700000,,FALSE,FALSE,,1,1,Fix Us
TRUE,none,5400000,500000,TRUE,TRUE,2016-03-11,4,2,Flaked
TRUE,Thai,500000,,FALSE,FALSE,,1,1,Flames of Desire
FALSE,none,100000,,FALSE,FALSE,,1,1,Flashdance
FALSE,none,2500000,,FALSE,FALSE,,1,1,Flatliners (2017)
FALSE,Chinese_or_Kanji,1500000,100000,TRUE,TRUE,2019-02-11,2,1,Flavorful Origins: Chaoshan Cuisine
FALSE,Chinese_or_Kanji,2300000,500000,TRUE,TRUE,2020-11-20,2,1,Flavorful Origins: Gansu Cuisine
FALSE,Chinese_or_Kanji,1300000,200000,TRUE,TRUE,2019-09-20,2,1,Flavorful Origins: Yunnan Cuisine
FALSE,Chinese_or_Kanji,600000,,TRUE,TRUE,2018-08-04,1,1,Flavors of Youth: International Version
TRUE,none,800000,100000,FALSE,FALSE,,2,2,Flavours of Romania
TRUE,Thai,400000,,FALSE,FALSE,,1,1,Fleet of Time
FALSE,none,3400000,,FALSE,FALSE,,1,1,Fletch
FALSE,none,12600000,,FALSE,FALSE,,1,1,Flight (2012)
FALSE,none,100000,,FALSE,FALSE,,1,1,Flight of the Intruder
FALSE,Chinese_or_Kanji,6100000,100000,FALSE,FALSE,,2,1,Flight to You
TRUE,none,3100000,300000,TRUE,TRUE,2019-05-03,2,1,Flinch
TRUE,none,5400000,300000,TRUE,TRUE,2018-03-02,2,1,Flint Town
FALSE,none,100000,,TRUE,TRUE,2021-10-21,1,1,Flip a Coin -ONE OK ROCK Documentary-
FALSE,none,400000,,FALSE,FALSE,,1,1,Flipped (2010)
TRUE,none,1100000,200000,FALSE,FALSE,,2,2,Flipping Out
FALSE,Chinese_or_Kanji,300000,,FALSE,FALSE,,1,1,Flirting Scholar
TRUE,none,67900000,9500000,TRUE,TRUE,2020-06-19,6,3,Floor Is Lava
FALSE,none,100000,,FALSE,FALSE,,1,1,FLOPS: Agentes Nada Secretos
TRUE,none,106900000,4200000,TRUE,TRUE,2023-04-13,2,1,Florida Man
FALSE,Japanese,100000,,FALSE,FALSE,,1,1,Flower & Snake 3
FALSE,Japanese,200000,,FALSE,FALSE,,1,1,Flower and Snake: Zero
TRUE,Korean,24900000,300000,FALSE,FALSE,,2,1,Flower Crew: Joseon Marriage Agency
FALSE,none,100000,,FALSE,FALSE,,1,1,Flower Girl (2013)
TRUE,Korean,42200000,700000,TRUE,TRUE,,2,1,Flower of Evil
FALSE,Japanese,100000,,FALSE,FALSE,,1,1,Flowers in the Shadows
FALSE,Latin,100000,,FALSE,FALSE,,1,1,Flowers
TRUE,none,300000,,FALSE,FALSE,,2,2,Flowers
TRUE,none,100000,,FALSE,FALSE,,1,1,Fluid
FALSE,none,16500000,,FALSE,FALSE,,1,1,Flushed Away
FALSE,Korean,900000,,FALSE,FALSE,,1,1,Flu
FALSE,Chinese_or_Kanji,100000,,FALSE,FALSE,,1,1,Fly by Night
FALSE,Japanese,100000,,FALSE,FALSE,,1,1,Fly Me to the Saitama
FALSE,Japanese,500000,,FALSE,FALSE,,1,1,Flying Colors
FALSE,none,200000,,FALSE,FALSE,,1,1,Flypaper
FALSE,none,6200000,,FALSE,FALSE,,1,1,Focus (2015)
FALSE,Latin,100000,,FALSE,FALSE,,1,1,Follow Me to Hell
TRUE,none,300000,,TRUE,TRUE,2018-08-23,3,3,Follow This
TRUE,none,1200000,100000,TRUE,TRUE,2020-02-27,2,1,Followers
FALSE,Latin,100000,,TRUE,TRUE,,1,1,Food on the Go
TRUE,none,200000,100000,FALSE,FALSE,,2,1,Food Tales
FALSE,Japanese,100000,,FALSE,FALSE,,1,1,Food Wars!: Shokugeki no Soma: The Fifth Plate
FALSE,Japanese,100000,,FALSE,FALSE,,1,1,Food Wars!: Shokugeki no Soma: The Fourth Plate
FALSE,Japanese,100000,,FALSE,FALSE,,1,1,Food Wars!: Shokugeki no Soma: The Second Plate
FALSE,Japanese,200000,,FALSE,FALSE,,1,1,Food Wars!: Shokugeki no Soma: The Third Plate
FALSE,Japanese,100000,,FALSE,FALSE,,1,1,Food Wars!: Shokugeki no Soma
FALSE,none,200000,,FALSE,FALSE,,1,1,Fool's Gold (2008)
FALSE,none,100000,,FALSE,FALSE,,1,1,Foolish Love
FALSE,none,100000,,FALSE,FALSE,,1,1,Fools Rush In
FALSE,Devanagari,1100000,,FALSE,FALSE,,1,1,Foot Fairy (Hindi)
FALSE,none,100000,100000,TRUE,TRUE,,1,1,Football-Inspired Workouts for All: Volume 1
FALSE,none,3800000,,FALSE,FALSE,,1,1,Footloose (2011)
FALSE,none,100000,,FALSE,FALSE,,1,1,Footy Legends
FALSE,Latin,1100000,,FALSE,FALSE,,1,1,"For Better, for Worse"
FALSE,none,1900000,,FALSE,FALSE,,1,1,For Colored Girls
FALSE,Latin,200000,,TRUE,TRUE,2022-07-11,1,1,For Jojo
TRUE,none,1500000,,FALSE,FALSE,,2,2,For Life
FALSE,Chinese_or_Kanji,100000,,FALSE,FALSE,,1,1,For Love or Money
TRUE,Latin,200000,,FALSE,FALSE,,1,1,For Sarah
FALSE,Latin,100000,,FALSE,FALSE,,1,1,For the Broken Hearted
FALSE,Korean,100000,,FALSE,FALSE,,1,1,For the Emperor
FALSE,none,100000,,FALSE,FALSE,,1,1,For the Love of God
FALSE,none,400000,,TRUE,TRUE,,1,1,For the Love of Spock
FALSE,Latin,200000,,FALSE,FALSE,,1,1,For Your Own Good
FALSE,Arabic,400000,,FALSE,FALSE,,1,1,For Ziko
FALSE,Chinese_or_Kanji,200000,,FALSE,FALSE,,1,1,Forbidden City Cop
FALSE,Korean,100000,,FALSE,FALSE,,1,1,Forbidden Dream
FALSE,Arabic,100000,,FALSE,FALSE,,1,1,Forbidden Faces
FALSE,Devanagari,1900000,,TRUE,TRUE,,1,1,Force 2
FALSE,none,3500000,,FALSE,FALSE,2020-11-05,1,1,Force of Nature
TRUE,Korean,67800000,1900000,TRUE,TRUE,2022-02-12,2,1,Forecasting Love and Weather
FALSE,none,400000,,FALSE,FALSE,,1,1,Forensic
FALSE,none,100000,,FALSE,FALSE,,1,1,Forensik
TRUE,Japanese,5200000,600000,TRUE,FALSE,2018-04-08,4,2,Forest of Piano
FALSE,none,10700000,,FALSE,FALSE,,1,1,Forever My Girl
FALSE,Latin,600000,,TRUE,TRUE,2022-04-01,1,1,Forever Out of My League
TRUE,Latin,2000000,100000,TRUE,TRUE,2022-10-02,2,1,Forever Queens
FALSE,none,1400000,,TRUE,TRUE,2021-10-01,1,1,Forever Rich
TRUE,none,4200000,100000,FALSE,FALSE,,3,2,Forged in Fire: Knife or Death
TRUE,none,20800000,300000,FALSE,FALSE,,2,1,Forged in Fire
FALSE,none,1100000,,FALSE,FALSE,,1,1,Forgetting Sarah Marshall
FALSE,Latin,100000,,FALSE,FALSE,2018-05-04,1,1,Forgive Us Our Debts
FALSE,none,500000,,TRUE,TRUE,2022-02-17,1,1,Forgive Us Our Trespasses
FALSE,none,900000,,FALSE,FALSE,,1,1,Forgiven (2020)
FALSE,Latin,700000,,FALSE,FALSE,,1,1,Forgotten We'll Be
FALSE,Korean,4300000,,TRUE,TRUE,2018-02-21,1,1,Forgotten
TRUE,Chinese_or_Kanji,100000,,FALSE,FALSE,,1,1,Formosa 1867
TRUE,none,175400000,6200000,TRUE,TRUE,2019-03-08,10,5,Formula 1: Drive to Survive
FALSE,none,19600000,,FALSE,FALSE,,1,1,Forrest Gump
FALSE,none,1700000,,FALSE,FALSE,,1,1,Forsaken (2015)
FALSE,Latin,100000,,FALSE,FALSE,,1,1,Fort Apache Napoli
FALSE,Japanese,200000,,FALSE,FALSE,,1,1,Fortuna's Eye
FALSE,Japanese,200000,,FALSE,FALSE,,1,1,Fortune Favors Lady Nikuko
FALSE,none,1000000,300000,TRUE,TRUE,2022-10-25,2,1,Fortune Feimster: Good Fortune
FALSE,none,500000,200000,TRUE,TRUE,2020-01-21,2,1,Fortune Feimster: Sweet & Salty
TRUE,Latin,2000000,200000,TRUE,TRUE,2022-09-21,2,1,Fortune Seller: A TV Scam
FALSE,none,600000,,TRUE,TRUE,2021-10-20,1,1,Found
FALSE,none,100000,,FALSE,FALSE,,1,1,Four (2011)
FALSE,none,2700000,,FALSE,FALSE,,1,1,Four Brothers
FALSE,none,200000,,FALSE,FALSE,,1,1,Four Christmases
FALSE,none,8600000,,FALSE,FALSE,,1,1,Four Good Days
FALSE,Latin,100000,,FALSE,FALSE,,1,1,Four in a Van
FALSE,none,500000,,FALSE,FALSE,,1,1,Four Lions
FALSE,none,800000,,TRUE,TRUE,,1,1,Four Sisters and a Wedding
FALSE,none,600000,,TRUE,TRUE,,1,1,Four Sisters Before the Wedding
FALSE,Latin,1400000,,TRUE,TRUE,2022-01-05,1,1,Four to Dinner
FALSE,none,200000,,FALSE,FALSE,,1,1,Four Wives - One Man
FALSE,none,100000,,FALSE,FALSE,,1,1,Foxcatcher
FALSE,none,300000,,FALSE,FALSE,,1,1,Foxtrot Six
FALSE,none,100000,,FALSE,FALSE,,1,1,Fracchia la belva umana
FALSE,none,600000,,FALSE,FALSE,,1,1,Fracture (2007)
FALSE,none,12500000,,TRUE,TRUE,2019-10-11,1,1,Fractured
FALSE,none,100000,,FALSE,FALSE,,1,1,Fragile (2005)
TRUE,Latin,13000000,700000,TRUE,TRUE,2022-01-01,4,2,Framed! A Sicilian Murder Mystery
FALSE,none,200000,,FALSE,FALSE,,1,1,Frances Ha
FALSE,none,2300000,1000000,TRUE,TRUE,2019-04-17,2,1,Franco Escamilla: Bienvenido al mundo
FALSE,Latin,9100000,1500000,FALSE,FALSE,2022-10-22,2,1,Franco Escamilla: Eavesdropping
FALSE,none,2400000,900000,TRUE,TRUE,2018-06-08,2,1,Franco Escamilla: Por la anécdota
FALSE,Latin,1500000,200000,FALSE,FALSE,,2,1,Franco: The Brutal Truth about Spain’s Dictator
FALSE,none,100000,,FALSE,FALSE,,1,1,Frank & Lola
FALSE,none,100000,,TRUE,TRUE,,1,1,Frank and Cindy
FALSE,none,300000,,FALSE,FALSE,,1,1,Französisch für Anfänger
FALSE,none,100000,,FALSE,FALSE,,1,1,Frat Star
TRUE,none,200000,,FALSE,FALSE,,1,1,Frayed
FALSE,none,200000,,FALSE,FALSE,,1,1,Freaks (2018)
FALSE,none,100000,,FALSE,FALSE,,1,1,Freaks of Nature
FALSE,Latin,5500000,,TRUE,TRUE,2020-09-02,1,1,Freaks – You're One of Us
FALSE,none,3400000,,FALSE,FALSE,,1,1,Freaky
FALSE,none,100000,,TRUE,TRUE,2018-02-06,1,1,Fred Armisen: Standup For Drummers
FALSE,none,100000,,FALSE,FALSE,,1,1,Freddy vs. Jason
TRUE,Japanese,1000000,,FALSE,FALSE,,1,1,Free and Easy Series
FALSE,Japanese,100000,,FALSE,FALSE,,1,1,Free and Easy Special
FALSE,none,1800000,,TRUE,TRUE,2018-12-07,1,1,Free Rein: The Twelve Neighs of Christmas
FALSE,none,2000000,,TRUE,TRUE,2019-02-01,1,1,Free Rein: Valentine's Day
TRUE,none,76300000,8100000,TRUE,TRUE,2017-06-22,6,3,Free Rein
FALSE,none,200000,,FALSE,FALSE,,1,1,Free State of Jones
FALSE,none,200000,,TRUE,TRUE,,1,1,Free to Play
FALSE,none,500000,,FALSE,FALSE,,1,1,Free Willy (1993)
FALSE,none,100000,,FALSE,FALSE,,1,1,Free! - Eternal Summer -
FALSE,none,200000,,FALSE,FALSE,,1,1,Free!: Iwatobi Swim Club
FALSE,none,1300000,,FALSE,FALSE,,1,1,Freedom Writers
FALSE,none,1400000,,FALSE,FALSE,,1,1,Freedomland
TRUE,none,26700000,1000000,TRUE,TRUE,2023-02-02,2,1,Freeridge
FALSE,none,700000,,FALSE,FALSE,,1,1,French Exit (2020)
TRUE,none,6900000,700000,FALSE,FALSE,,8,4,Fresh Meat
TRUE,none,4900000,500000,TRUE,TRUE,2021-06-09,2,1,"Fresh, Fried & Crispy"
TRUE,none,13900000,1000000,FALSE,FALSE,2020-03-23,2,1,Freud
FALSE,none,100000,,FALSE,FALSE,,1,1,Friday (1995)
FALSE,none,300000,,FALSE,FALSE,,1,1,Friday After Next
FALSE,none,2900000,,FALSE,FALSE,,1,1,Friday Night Lights (2004)
TRUE,none,56900000,2500000,FALSE,FALSE,,10,5,Friday Night Lights
FALSE,none,2400000,,FALSE,FALSE,,1,1,Friday the 13th (2009)
FALSE,Japanese,100000,,FALSE,FALSE,,1,1,Friend Game
FALSE,none,500000,,FALSE,FALSE,,1,1,Friend Request (2016)
FALSE,Thai,800000,,FALSE,FALSE,,1,1,Friend Zone
FALSE,Korean,400000,,FALSE,FALSE,,1,1,Friend: The Great Legacy
TRUE,none,935700000,54600000,FALSE,FALSE,,20,10,Friends (1994)
TRUE,none,26700000,3700000,TRUE,TRUE,2017-07-14,4,2,Friends from College
FALSE,Latin,200000,,FALSE,FALSE,,1,1,Friends of the Groom
FALSE,none,6700000,,FALSE,FALSE,,1,1,Friends with Benefits (2011)
FALSE,none,1900000,,FALSE,FALSE,,1,1,Friends with Money
FALSE,Japanese,100000,,FALSE,FALSE,,1,1,Friends: Naki on the Monster Island
FALSE,none,100000,,FALSE,FALSE,,1,1,Friendsgiving
FALSE,none,100000,,FALSE,FALSE,,1,1,Friendship! (2010)
FALSE,none,4100000,,TRUE,TRUE,2021-09-29,1,1,Friendzone
TRUE,Japanese,17100000,2600000,FALSE,FALSE,,1,1,Frieren: Beyond Journey's End
FALSE,none,100000,,FALSE,FALSE,,1,1,Fright Night (1985)
FALSE,Chinese_or_Kanji,200000,,FALSE,FALSE,,1,1,From Beijing with Love
FALSE,none,100000,,FALSE,FALSE,,1,1,From London to Bali
FALSE,Japanese,14600000,600000,TRUE,TRUE,,2,1,From Me to You: Kimi ni Todoke
TRUE,Japanese,36600000,1500000,TRUE,FALSE,2023-03-30,4,2,From Me to You: Kimi ni Todoke
FALSE,Japanese,300000,,FALSE,FALSE,,1,1,From Me to You
FALSE,none,300000,,FALSE,FALSE,,1,1,From Paris with Love
FALSE,none,100000,,FALSE,FALSE,,1,1,From Prada to Nada
TRUE,none,67600000,3000000,TRUE,TRUE,2022-10-21,2,1,From Scratch
FALSE,none,200000,,FALSE,FALSE,,1,1,From Stress to Happiness
FALSE,none,500000,,FALSE,FALSE,,1,1,From Time to Time
TRUE,Japanese,1300000,100000,FALSE,FALSE,,2,1,"From Today, It's My Turn!!"
FALSE,Japanese,1800000,,FALSE,FALSE,,1,1,From Up on Poppy Hill
FALSE,none,100000,,FALSE,FALSE,,1,1,Front Cover
TRUE,none,52900000,6600000,TRUE,TRUE,2017-01-20,6,3,Frontier
FALSE,none,100000,,FALSE,FALSE,,1,1,Frontline: Battle for Haiti
FALSE,none,100000,,TRUE,TRUE,,1,1,Frontliner
FALSE,Japanese,700000,100000,FALSE,FALSE,,2,1,Fruits Basket The Final
FALSE,Japanese,2400000,100000,FALSE,FALSE,,2,1,Fruits Basket: 1st season
FALSE,Japanese,1300000,100000,FALSE,FALSE,,2,1,Fruits Basket: 2nd season
FALSE,Japanese,100000,,FALSE,FALSE,,1,1,Fruits Basket
TRUE,none,329900000,8900000,TRUE,TRUE,2023-05-25,2,1,FUBAR
FALSE,none,300000,,FALSE,FALSE,,1,1,Fucking Berlin
FALSE,none,100000,,FALSE,FALSE,,1,1,Fuga de cerebros 2
FALSE,none,100000,,FALSE,FALSE,,1,1,Fuga de cerebros
TRUE,none,17700000,900000,TRUE,TRUE,2018-11-23,2,1,Fugitiva
TRUE,Japanese,1400000,100000,FALSE,FALSE,,2,1,Fugitive Boys
FALSE,none,1900000,,TRUE,TRUE,2022-10-26,1,1,Fugitive: The Curious Case of Carlos Ghosn
FALSE,none,1800000,200000,TRUE,FALSE,,2,1,Fujii Kaze Love All Serve All Stadium Live
TRUE,none,100000,,FALSE,FALSE,,1,1,Fukrey Boyzzz
FALSE,Devanagari,800000,,FALSE,FALSE,,1,1,Fukrey
FALSE,none,200000,,FALSE,FALSE,,1,1,Fukushima 50
TRUE,none,9500000,100000,FALSE,FALSE,,9,8,Full House (1987)
TRUE,Korean,9500000,200000,FALSE,FALSE,,2,1,Full House
FALSE,none,2500000,,TRUE,TRUE,,1,1,Full Out 2: You Got This!
FALSE,none,400000,,FALSE,FALSE,,1,1,Full Out
TRUE,none,58000000,800000,TRUE,TRUE,2023-02-15,2,1,Full Swing
TRUE,none,182000000,12200000,TRUE,TRUE,2016-02-26,10,5,Fuller House
FALSE,Japanese,2000000,,TRUE,TRUE,2022-09-24,1,1,Fullmetal Alchemist The Final Alchemy
FALSE,Japanese,2200000,,TRUE,TRUE,2022-08-20,1,1,Fullmetal Alchemist The Revenge of Scar
TRUE,Japanese,6600000,800000,FALSE,FALSE,,10,5,Fullmetal Alchemist: Brotherhood
FALSE,Japanese,1300000,,TRUE,TRUE,2018-02-19,1,1,FullMetal Alchemist
TRUE,Japanese,800000,,FALSE,FALSE,,1,1,Fullmetal Alchemist
FALSE,none,2300000,,FALSE,FALSE,,1,1,Fun Mom Dinner
FALSE,none,4300000,,FALSE,FALSE,,1,1,Fun with Dick & Jane
FALSE,none,100000,,FALSE,FALSE,,1,1,Funny Bunny (2021)
FALSE,none,100000,,FALSE,FALSE,,1,1,Funny Girl (1968)
FALSE,none,8600000,,FALSE,FALSE,,1,1,Funny People (2009)
FALSE,Latin,100000,,FALSE,FALSE,,1,1,"Funny Songs for Kids: Hip, Hip, Hurray"
FALSE,Latin,10700000,,TRUE,TRUE,2023-03-23,1,1,Furies
FALSE,Latin,2200000,,FALSE,FALSE,2019-05-22,1,1,Furie
FALSE,none,6300000,,TRUE,TRUE,2022-04-01,1,1,Furioza
FALSE,none,15000000,,FALSE,FALSE,,1,1,Fury (2014)
TRUE,Japanese,800000,100000,FALSE,FALSE,,1,1,Fushigi Dagashiya Zenitendou
TRUE,Chinese_or_Kanji,200000,,TRUE,TRUE,,1,1,Futmalls.com
FALSE,Chinese_or_Kanji,100000,,FALSE,FALSE,,1,1,Future Cops
TRUE,Japanese,100000,,FALSE,FALSE,,1,1,Future Diary
FALSE,none,1900000,,TRUE,TRUE,2019-01-18,1,1,FYRE: The Greatest Party That Never Happened
TRUE,none,5900000,100000,FALSE,FALSE,,8,7,Física o Química
FALSE,none,200000,,FALSE,FALSE,,1,1,Fünf Freunde 3
FALSE,none,200000,,FALSE,FALSE,,1,1,Fırıldak Ailesi (2017)
FALSE,none,14900000,,FALSE,FALSE,,1,1,G.I. Joe: Retaliation
FALSE,none,13900000,,FALSE,FALSE,,1,1,G.I. Joe: The Rise of Cobra
FALSE,none,700000,,TRUE,TRUE,,1,1,G.O.R.A
FALSE,Devanagari,800000,,FALSE,FALSE,,1,1,Gabbar Is Back
TRUE,none,559500000,90100000,TRUE,TRUE,2021-01-05,15,8,Gabby's Dollhouse
FALSE,Latin,100000,,FALSE,FALSE,,1,1,Gabo: The Creation of Gabriel García Márquez
FALSE,none,3300000,800000,TRUE,TRUE,2019-01-29,2,1,"Gabriel ""Fluffy"" Iglesias: One Show Fits All"
FALSE,none,100000,,FALSE,FALSE,,1,1,Gabriel and the Mountain
FALSE,none,9400000,1600000,TRUE,TRUE,2022-10-18,2,1,Gabriel Iglesias: Stadium Fluffy
FALSE,none,3300000,800000,TRUE,TRUE,2016-12-20,2,1,Gabriel lglesias: I’m Sorry For What I Said When I Was Hungry
FALSE,none,300000,,FALSE,FALSE,,1,1,Gaby Estrella: O Filme
FALSE,none,500000,100000,TRUE,TRUE,2018-03-06,2,1,Gad Elmaleh: American Dream
FALSE,Latin,500000,200000,TRUE,TRUE,2017-01-23,2,1,Gad Gone Wild
FALSE,none,1200000,,TRUE,TRUE,2017-09-22,1,1,Gaga: Five Foot Two
FALSE,Chinese_or_Kanji,100000,,FALSE,FALSE,,1,1,Galaxy Express 999
FALSE,none,3600000,,FALSE,FALSE,,1,1,Galaxy Quest
FALSE,none,100000,,FALSE,FALSE,,1,1,Galih dan Ratna
TRUE,none,44100000,3600000,FALSE,FALSE,,4,2,Galinha Pintadinha Mini
TRUE,none,300000,,FALSE,FALSE,,1,1,Gallipoli
FALSE,none,100000,,FALSE,FALSE,,1,1,Gambit (2012)
FALSE,Thai,200000,,TRUE,TRUE,,1,1,Game Changer
FALSE,none,600000,,FALSE,FALSE,,1,1,Game Night
TRUE,Thai,1200000,,FALSE,FALSE,,1,1,Game of Outlaws
TRUE,none,2300000,500000,TRUE,TRUE,2020-08-10,2,1,GAME ON: A Comedy Crossover Event
FALSE,Devanagari,400000,,FALSE,FALSE,,1,1,Game Over (Hindi Version)
FALSE,none,100000,,FALSE,FALSE,,1,1,Game Over (Tamil Version) (2019)
FALSE,none,100000,,FALSE,FALSE,,1,1,Game Over (Telugu Version) (2019)
FALSE,none,8100000,,TRUE,TRUE,2018-03-23,1,1,"Game Over, Man!"
TRUE,none,2100000,100000,FALSE,FALSE,,2,1,Game Shakers
TRUE,none,200000,,FALSE,FALSE,,1,1,Gameboys Level-Up Edition
FALSE,none,3500000,,FALSE,FALSE,,1,1,Gamer (2009)
TRUE,none,7500000,1700000,TRUE,TRUE,2023-09-07,1,1,GAMERA  -Rebirth-
FALSE,Devanagari,800000,,FALSE,FALSE,,1,1,Game
FALSE,none,600000,,FALSE,FALSE,,1,1,Gamonya: Hayaller Ülkesi
FALSE,none,400000,,FALSE,FALSE,,1,1,Gandhi
FALSE,none,100000,,FALSE,FALSE,,1,1,Gandu
TRUE,Latin,108700000,5100000,TRUE,TRUE,2021-09-24,4,2,Ganglands
FALSE,Korean,100000,,FALSE,FALSE,,1,1,Gangnam Blues
FALSE,none,900000,,FALSE,FALSE,,1,1,Gangs of New York
TRUE,Latin,23300000,4800000,TRUE,TRUE,,1,1,Gangs of Oslo
TRUE,Devanagari,3100000,,FALSE,FALSE,,2,2,Gangs of Wasseypur
TRUE,none,200000,,FALSE,FALSE,,1,1,Gangsta.
FALSE,none,100000,,FALSE,FALSE,,1,1,Gangster (2015)
FALSE,Latin,100000,,FALSE,FALSE,,1,1,Gangster Ka: African
FALSE,none,100000,,FALSE,FALSE,,1,1,Gangster Ka
FALSE,none,300000,,FALSE,FALSE,,1,1,Gangster Squad
FALSE,none,400000,,FALSE,FALSE,,1,1,Gangster's Paradise: Jerusalema
FALSE,none,2500000,,FALSE,FALSE,,1,1,Gangsterdam
FALSE,Devanagari,7100000,,FALSE,FALSE,,1,1,Gangubai Kathiawadi
TRUE,Chinese_or_Kanji,100000,,FALSE,FALSE,,1,1,Gank your Heart
FALSE,none,300000,,FALSE,FALSE,,1,1,Gantz (2004): The First Stage
FALSE,none,200000,,FALSE,FALSE,,1,1,Gantz (2004): The Second Stage
FALSE,none,200000,,FALSE,FALSE,,1,1,Gantz (2011)
FALSE,Latin,200000,,FALSE,FALSE,,1,1,Gantz II: Perfect Answer
FALSE,none,1800000,,TRUE,TRUE,,1,1,GANTZ:O
FALSE,Devanagari,100000,,FALSE,FALSE,,1,1,Garbage
FALSE,none,100000,,FALSE,FALSE,,1,1,Gareth Thomas: HIV and Me
TRUE,none,1100000,,FALSE,FALSE,,1,1,Garth Brooks: The Road I’m On
FALSE,Thai,100000,,FALSE,FALSE,,1,1,GasoHug
FALSE,none,100000,,FALSE,FALSE,2022-04-26,1,1,Gasoline Alley
FALSE,Latin,100000,,FALSE,FALSE,,1,1,Gasping for Air
FALSE,Chinese_or_Kanji,500000,,TRUE,TRUE,,1,1,Gatao - The Last Stray
FALSE,Korean,200000,,FALSE,FALSE,,1,1,Gate
TRUE,Japanese,1000000,,FALSE,FALSE,,1,1,Gate
FALSE,none,100000,,FALSE,FALSE,,1,1,Gatham
FALSE,none,100000,,FALSE,FALSE,,1,1,Gather
FALSE,none,11200000,,FALSE,FALSE,,1,1,Gatta Kusthi
FALSE,none,200000,,FALSE,FALSE,,1,1,Gattaca
FALSE,none,100000,,FALSE,FALSE,,1,1,Gaya Sa Pelikula
TRUE,none,32700000,7100000,FALSE,FALSE,,4,2,Gecko's Garage - 3D
FALSE,none,200000,,TRUE,TRUE,2021-02-25,1,1,Geez & Ann
TRUE,Japanese,500000,,FALSE,FALSE,,2,2,Gegege no Kitaro 6
FALSE,none,100000,,FALSE,FALSE,,1,1,Gek Van Geluk
FALSE,none,700000,,FALSE,FALSE,,1,1,Gemini Man (2019)
FALSE,none,200000,200000,TRUE,TRUE,,1,1,Gen Hoshino Concert Recollections 2015-2023
FALSE,Chinese_or_Kanji,200000,,FALSE,FALSE,,1,1,GEN HOSHINO STADIUM TOUR “POP VIRUS”
TRUE,none,100000,,FALSE,FALSE,,1,1,Gen Z
FALSE,none,100000,,FALSE,FALSE,,1,1,Genco
TRUE,Latin,1900000,200000,TRUE,TRUE,2021-07-01,2,1,Generation 56k
FALSE,none,400000,,TRUE,TRUE,,1,1,Generation Iron 3
FALSE,Latin,100000,,FALSE,FALSE,,1,1,Generazione mille euro
FALSE,Latin,1200000,,FALSE,FALSE,,1,1,Geng: The Adventure Begins
FALSE,none,100000,,FALSE,FALSE,,1,1,Genitori vs Influencer
FALSE,none,100000,,FALSE,FALSE,,1,1,Genius (2018)
TRUE,none,5400000,300000,TRUE,TRUE,2020-02-21,4,2,Gentefied
FALSE,Latin,300000,,FALSE,FALSE,,1,1,Gentlemen's Club
TRUE,none,800000,,FALSE,FALSE,,3,3,Geordie Shore
FALSE,none,500000,200000,TRUE,TRUE,2020-06-30,2,1,George Lopez: We'll Do It For Half
FALSE,none,1100000,200000,FALSE,FALSE,,2,1,George Lopez: Why You Crying?
FALSE,none,2300000,,FALSE,FALSE,,1,1,Georgetown
FALSE,none,700000,,FALSE,FALSE,,1,1,Georgia Rule
FALSE,none,3700000,,FALSE,FALSE,,1,1,Geostorm
FALSE,none,3300000,,TRUE,TRUE,2017-09-29,1,1,Gerald's Game
TRUE,none,400000,100000,FALSE,FALSE,,1,1,German Genius
TRUE,none,400000,,FALSE,FALSE,,2,2,Geronimo Stilton
FALSE,none,700000,,FALSE,FALSE,,1,1,Geronimo: An American Legend
FALSE,none,1400000,,FALSE,FALSE,,1,1,Get Carter (2000)
TRUE,none,4800000,500000,TRUE,TRUE,2020-07-31,2,1,Get Even
TRUE,none,34300000,13500000,TRUE,TRUE,2023-10-24,1,1,Get Gotti
FALSE,none,1500000,,FALSE,FALSE,,1,1,Get Hard
FALSE,Thai,200000,,FALSE,FALSE,,1,1,Get Him Girl!
FALSE,none,200000,,FALSE,FALSE,,1,1,Get Him to the Greek
FALSE,Latin,1000000,,FALSE,FALSE,2020-05-01,1,1,Get In
FALSE,Latin,500000,,FALSE,FALSE,,1,1,Get Lucky
FALSE,none,200000,,TRUE,TRUE,2017-05-12,1,1,Get Me Roger Stone
FALSE,none,1800000,,FALSE,FALSE,,1,1,Get on Up
TRUE,none,15100000,1000000,TRUE,TRUE,2020-09-09,4,2,Get Organized with The Home Edit
FALSE,none,13600000,,FALSE,FALSE,,1,1,Get Out (2017)
FALSE,none,3100000,,FALSE,FALSE,,1,1,Get Rich or Die Tryin'
FALSE,none,200000,,FALSE,FALSE,,1,1,Get Santa
FALSE,none,1700000,,FALSE,FALSE,,1,1,Get Smart (2008)
FALSE,none,3600000,,TRUE,TRUE,2022-09-06,1,1,Get Smart With Money
FALSE,Latin,2400000,,TRUE,TRUE,2021-03-18,1,1,Get the Goat
FALSE,Latin,2000000,,TRUE,TRUE,2021-04-28,1,1,Get the Grift
TRUE,none,400000,,TRUE,TRUE,2022-01-28,1,1,Getting Curious with Jonathan Van Ness
FALSE,none,100000,,FALSE,FALSE,,1,1,Getúlio
FALSE,none,5100000,,TRUE,TRUE,2022-11-25,1,1,Ghislaine Maxwell: Filthy Rich
FALSE,Arabic,200000,,FALSE,FALSE,,1,1,Ghodwa
FALSE,none,300000,,FALSE,FALSE,,1,1,Ghost (1990)
FALSE,Chinese_or_Kanji,100000,,FALSE,FALSE,,1,1,Ghost Child
FALSE,Korean,8800000,,FALSE,FALSE,,1,1,Ghost Doctor
TRUE,Korean,4000000,200000,FALSE,FALSE,,1,1,Ghost Doctor
TRUE,none,6600000,300000,FALSE,FALSE,,2,2,Ghost Hunters
FALSE,none,1500000,,FALSE,FALSE,,1,1,Ghost in the Shell (2017)
FALSE,Japanese,100000,,FALSE,FALSE,,1,1,Ghost in the Shell 2: Innocence
TRUE,Japanese,100000,,FALSE,FALSE,,1,1,Ghost in the Shell Arise
FALSE,Chinese_or_Kanji,300000,,FALSE,FALSE,2022-05-09,1,1,Ghost in the Shell: SAC_2045 Sustainable War
TRUE,Japanese,3100000,200000,TRUE,TRUE,2020-04-23,4,2,Ghost in the Shell: SAC_2045
FALSE,Chinese_or_Kanji,100000,,FALSE,FALSE,,1,1,Ghost in the Shell: Solid State Society
FALSE,Chinese_or_Kanji,300000,,FALSE,FALSE,,1,1,Ghost in the Shell: Stand Alone Complex: 2nd Gig
FALSE,Chinese_or_Kanji,500000,,FALSE,FALSE,,1,1,Ghost in the Shell: Stand Alone Complex: Stand Alone Complex
FALSE,Chinese_or_Kanji,100000,,FALSE,FALSE,,1,1,Ghost in the Shell: The New Movie
FALSE,Chinese_or_Kanji,200000,,FALSE,FALSE,,1,1,Ghost in the Shell
FALSE,Arabic,200000,,FALSE,FALSE,,1,1,Ghost In Transit
FALSE,Latin,300000,,FALSE,FALSE,,1,1,Ghost Killers vs Bloody Mary
FALSE,Thai,800000,,TRUE,TRUE,2021-05-26,1,1,Ghost Lab
FALSE,none,4400000,,FALSE,FALSE,,1,1,Ghost Rider: Spirit of Vengeance
FALSE,none,11500000,,FALSE,FALSE,,1,1,Ghost Rider
FALSE,none,100000,,FALSE,FALSE,,1,1,Ghost Ship (2002)
FALSE,Devanagari,1900000,,TRUE,TRUE,2019-12-31,1,1,Ghost Stories
FALSE,none,1300000,,FALSE,FALSE,,1,1,Ghost Town (2008)
TRUE,none,13800000,500000,FALSE,FALSE,2018-03-02,2,1,Ghost Wars
FALSE,Thai,200000,,FALSE,FALSE,,1,1,Ghost Wife
FALSE,none,100000,,FALSE,FALSE,,1,1,Ghost Writer (2019)
FALSE,none,300000,,FALSE,FALSE,,1,1,Ghost Writer 2
FALSE,none,1300000,,FALSE,FALSE,,1,1,Ghostbusters (1984)
FALSE,none,700000,,FALSE,FALSE,,1,1,Ghostbusters 2
FALSE,none,2000000,,FALSE,FALSE,,1,1,Ghostbusters: Afterlife
FALSE,none,3800000,,FALSE,FALSE,,1,1,Ghostbusters: Answer the Call
FALSE,none,700000,,FALSE,FALSE,,1,1,Ghosts of Girlfriends Past
FALSE,none,100000,,TRUE,TRUE,2019-10-16,1,1,Ghosts of Sugar Land
FALSE,none,7600000,,FALSE,FALSE,,1,1,Ghosts of the Abyss
FALSE,Arabic,100000,,FALSE,FALSE,,1,1,Ghost
TRUE,none,2700000,500000,TRUE,TRUE,2018-08-24,2,1,GHOUL
FALSE,none,1200000,,FALSE,FALSE,,1,1,Gibby (2016)
FALSE,none,300000,,FALSE,FALSE,,1,1,Gierek
FALSE,none,100000,,FALSE,FALSE,,1,1,Gift Horse
FALSE,Japanese,200000,,FALSE,FALSE,,1,1,Gift of Fire
FALSE,none,12400000,,FALSE,FALSE,,1,1,Gifted Hands: The Ben Carson Story
TRUE,none,37200000,1700000,FALSE,FALSE,,4,2,Gigantosaurus
FALSE,none,600000,,FALSE,FALSE,,1,1,Gigli
TRUE,none,37900000,3400000,TRUE,TRUE,2016-11-25,2,1,Gilmore Girls: A Year in the Life
TRUE,none,1200500000,45100000,TRUE,TRUE,,14,7,Gilmore Girls
FALSE,none,1600000,,FALSE,FALSE,,1,1,Gimme Shelter (2013)
FALSE,Latin,100000,,TRUE,TRUE,2020-09-17,1,1,GIMS: On the Record
TRUE,Chinese_or_Kanji,18000000,700000,FALSE,FALSE,,15,8,Gin Tama
FALSE,none,200000,,TRUE,TRUE,2021-02-26,1,1,Ginny & Georgia - The Afterparty
TRUE,none,1098100000,13900000,TRUE,TRUE,2021-02-24,4,2,Ginny & Georgia
FALSE,Devanagari,2400000,,TRUE,TRUE,2020-10-09,1,1,Ginny Weds Sunny
FALSE,Japanese,500000,,FALSE,FALSE,,1,1,Gintama 2: Rules Are Made To Be Broken
FALSE,Japanese,200000,,FALSE,FALSE,,1,1,Gintama: The Movie: The Final Chapter: Be Forever Yorozuya
FALSE,Chinese_or_Kanji,100000,,FALSE,FALSE,,1,1,Gintama: The Movie
FALSE,Chinese_or_Kanji,100000,,FALSE,FALSE,,1,1,Gintama: The Very Final
FALSE,Chinese_or_Kanji,400000,,FALSE,FALSE,,1,1,Gintama
FALSE,none,700000,500000,FALSE,FALSE,,1,1,Giorgio Panariello: La favola mia
FALSE,Devanagari,200000,,FALSE,FALSE,,1,1,Gippi
TRUE,none,5300000,300000,TRUE,TRUE,2020-01-10,2,1,Giri / Haji
FALSE,none,1200000,,FALSE,FALSE,,1,1,Girl (2020)
FALSE,Latin,600000,,FALSE,FALSE,,1,1,Girl by the Lake
FALSE,none,100000,,FALSE,FALSE,,1,1,Girl Clock!
TRUE,Thai,31600000,1600000,TRUE,TRUE,2018-10-31,4,2,Girl from Nowhere
FALSE,none,300000,,FALSE,FALSE,,1,1,Girl Gang
FALSE,none,6700000,,TRUE,TRUE,2022-07-06,1,1,Girl in the Picture
FALSE,none,100000,,FALSE,FALSE,,1,1,Girl Like You
FALSE,none,2000000,,FALSE,FALSE,,1,1,Girl on the Third Floor
TRUE,Japanese,1600000,100000,FALSE,FALSE,,2,1,Girl That Can See It
FALSE,Chinese_or_Kanji,400000,,TRUE,TRUE,,1,1,Girl's Revenge
FALSE,none,5700000,,FALSE,FALSE,,1,1,"Girl, Interrupted"
TRUE,none,13600000,1000000,TRUE,TRUE,2017-04-21,2,1,Girlboss
FALSE,none,100000,,FALSE,FALSE,,1,1,Girlfriend Kontrak
FALSE,none,200000,,TRUE,TRUE,2017-02-14,1,1,Girlfriend's Day
TRUE,none,48700000,3200000,FALSE,FALSE,,16,8,Girlfriends (2000)
TRUE,Latin,2700000,200000,TRUE,TRUE,2019-03-22,4,2,Girls from Ipanema
TRUE,none,17500000,1000000,TRUE,TRUE,2018-03-02,4,2,Girls Incarcerated
FALSE,Latin,4000000,,FALSE,FALSE,,1,1,Girls to Buy
FALSE,none,3800000,,FALSE,FALSE,,1,1,Girls Trip
FALSE,Japanese,100000,,FALSE,FALSE,,1,1,Girls und Panzer
FALSE,none,700000,,TRUE,TRUE,2019-07-26,1,1,Girls With Balls
FALSE,Latin,100000,,FALSE,FALSE,,1,1,Girls' Robbery
TRUE,none,6600000,300000,FALSE,FALSE,,4,2,Girls5eva
FALSE,none,600000,,FALSE,FALSE,2019-03-15,1,1,Girl
TRUE,Japanese,100000,,FALSE,FALSE,,1,1,given
FALSE,Latin,800000,,TRUE,TRUE,2022-06-08,1,1,Gladbeck: The Hostage Crisis
FALSE,none,800000,,FALSE,FALSE,,1,1,Gladiator (1992)
FALSE,none,14100000,,FALSE,FALSE,,1,1,Gladiator (2000)
FALSE,Latin,300000,,FALSE,FALSE,,1,1,Gladiators of Rome
TRUE,none,87900000,6900000,TRUE,TRUE,2023-06-22,2,1,Glamorous
FALSE,none,1800000,,TRUE,TRUE,2022-06-24,1,1,Glamour Girls
FALSE,none,142900000,,TRUE,TRUE,2022-12-23,1,1,Glass Onion: A Knives Out Mystery
TRUE,none,200000,,FALSE,FALSE,,2,2,Gleboka woda
FALSE,none,200000,,FALSE,FALSE,,1,1,Gli Sdraiati
TRUE,none,21000000,2300000,TRUE,TRUE,2020-02-21,4,2,Glitch Techs
TRUE,Korean,6000000,200000,TRUE,TRUE,2022-10-07,2,1,Glitch
TRUE,none,70800000,6200000,TRUE,TRUE,2016-10-14,6,3,Glitch
TRUE,none,8900000,700000,FALSE,FALSE,2017-08-18,4,2,Glitter Force Doki Doki
TRUE,none,12900000,700000,FALSE,FALSE,2015-12-18,4,2,Glitter Force
TRUE,Latin,7200000,400000,TRUE,TRUE,2022-12-14,2,1,Glitter
FALSE,none,100000,,FALSE,FALSE,,1,1,Gloria (2013)
FALSE,none,2800000,,FALSE,FALSE,,1,1,Gloria (2015)
FALSE,none,700000,,FALSE,FALSE,,1,1,Gloria Bell
FALSE,none,200000,,FALSE,FALSE,,1,1,Glorious (2018)
FALSE,Latin,300000,,FALSE,FALSE,,1,1,Glorious Days
FALSE,none,4700000,,FALSE,FALSE,,1,1,Glory (1989)
FALSE,Korean,200000,,FALSE,FALSE,,1,1,Glove
TRUE,none,87800000,9500000,TRUE,FALSE,2019-12-06,9,5,Glow Up
TRUE,none,10600000,900000,TRUE,TRUE,2017-06-23,6,3,GLOW
TRUE,none,2700000,100000,TRUE,TRUE,2021-11-05,2,1,Glória
FALSE,none,5800000,,FALSE,FALSE,2018-10-19,1,1,Gnome Alone
FALSE,none,1700000,,FALSE,FALSE,,1,1,Gnomeo and Juliet
FALSE,Chinese_or_Kanji,6900000,100000,FALSE,FALSE,,2,1,Go Ahead
FALSE,Korean,300000,,FALSE,FALSE,,1,1,Go Back
FALSE,none,2400000,,FALSE,FALSE,,1,1,Go Buster
TRUE,none,145300000,21200000,TRUE,TRUE,2021-01-26,7,4,Go Dog Go
FALSE,none,500000,,FALSE,FALSE,,1,1,Go Fast
FALSE,none,100000,,FALSE,FALSE,,1,1,Go Fish (2019)
FALSE,Latin,300000,,FALSE,FALSE,,1,1,Go For It
FALSE,Latin,100000,,FALSE,FALSE,,1,1,Go for Zucker
TRUE,Chinese_or_Kanji,100000,,FALSE,FALSE,,1,1,Go Go Squid 2 Dt.Appledog's Time
TRUE,Chinese_or_Kanji,4300000,100000,FALSE,FALSE,,2,1,Go Go Squid
TRUE,none,300000,,FALSE,FALSE,,2,2,Go Jetters
FALSE,none,7700000,,TRUE,TRUE,2020-03-13,1,1,Go Karts
FALSE,none,100000,,FALSE,FALSE,,1,1,Go Trabi Go 2 – Das war der wilde Osten
FALSE,none,100000,,FALSE,FALSE,,1,1,Go Trabi Go
FALSE,none,4900000,,TRUE,TRUE,2021-09-21,1,1,Go! Go! Cory Carson: Chrissy Takes the Wheel
FALSE,none,1100000,,TRUE,TRUE,2020-05-01,1,1,Go! Go! Cory Carson: The Chrissy
TRUE,none,48000000,14800000,TRUE,TRUE,2020-01-04,12,6,Go! Go! Cory Carson
TRUE,Latin,61200000,2900000,FALSE,FALSE,2019-02-21,4,2,Go! Live Your Way
FALSE,Latin,2500000,,FALSE,FALSE,2019-11-14,1,1,GO! The Unforgettable Party
FALSE,Latin,100000,,FALSE,FALSE,,1,1,Goat Story 2
TRUE,Japanese,200000,,FALSE,FALSE,,1,1,Goblin Slayer
FALSE,none,600000,,FALSE,FALSE,,1,1,God Calling
FALSE,Chinese_or_Kanji,100000,,FALSE,FALSE,,1,1,God of Gamblers 3: The Early Stage
FALSE,Chinese_or_Kanji,200000,,FALSE,FALSE,,1,1,God of Gamblers III: Back to Shanghai
FALSE,Chinese_or_Kanji,300000,,FALSE,FALSE,,1,1,God of Gamblers II
FALSE,Chinese_or_Kanji,100000,,FALSE,FALSE,,1,1,God of Gamblers
FALSE,Chinese_or_Kanji,100000,,FALSE,FALSE,,1,1,God of War
TRUE,Japanese,200000,,FALSE,FALSE,,1,1,God Tongue
TRUE,Chinese_or_Kanji,3100000,400000,FALSE,FALSE,,6,3,God Troubles Me
FALSE,Latin,300000,,FALSE,FALSE,,1,1,God Willing
FALSE,Latin,19300000,,FALSE,FALSE,2022-12-09,1,1,God's Crooked Lines
TRUE,none,14900000,1300000,TRUE,TRUE,2022-06-15,2,1,God's Favorite Idiot
FALSE,Latin,200000,,FALSE,FALSE,,1,1,God's Little Village
FALSE,Hebrew,300000,,FALSE,FALSE,,1,1,God's Neighbors
FALSE,none,900000,,FALSE,FALSE,,1,1,God's Not Dead 2
FALSE,none,800000,,FALSE,FALSE,,1,1,God's Not Dead: A Light in Darkness
FALSE,none,4100000,,FALSE,FALSE,,1,1,God's Not Dead
FALSE,none,2600000,,FALSE,FALSE,,1,1,GodFather (2022)
FALSE,none,3700000,,FALSE,FALSE,,1,1,GodFather (Hindi) (2022)
FALSE,Latin,100000,,FALSE,FALSE,,1,1,Godless Youth
TRUE,none,55700000,3400000,TRUE,TRUE,2017-11-22,2,1,Godless
FALSE,none,14500000,,FALSE,FALSE,,1,1,Gods of Egypt
FALSE,none,1100000,,FALSE,FALSE,,1,1,Godse
FALSE,Latin,500000,,TRUE,TRUE,2022-05-23,1,1,Godspeed
FALSE,none,3600000,,FALSE,FALSE,,1,1,Godzilla (1998)
FALSE,none,1600000,,FALSE,FALSE,,1,1,Godzilla (2014)
FALSE,Chinese_or_Kanji,500000,,TRUE,TRUE,2018-07-17,1,1,GODZILLA City on the Edge of Battle
TRUE,Japanese,700000,,TRUE,TRUE,2018-01-16,1,1,GODZILLA Planet of the Monsters
TRUE,Japanese,3500000,300000,TRUE,TRUE,2021-03-24,2,1,Godzilla Singular Point
FALSE,Japanese,400000,,TRUE,TRUE,2019-01-08,1,1,GODZILLA The Planet Eater
FALSE,none,4600000,,FALSE,FALSE,,1,1,Godzilla vs. Kong
FALSE,none,3300000,,FALSE,FALSE,,1,1,Godzilla: King of the Monsters
FALSE,Korean,600000,,TRUE,TRUE,,1,1,Goedam: Collection
TRUE,none,17300000,700000,FALSE,FALSE,,22,16,Gogglebox
TRUE,none,1100000,100000,FALSE,FALSE,,3,2,Gogglesprogs
FALSE,Korean,800000,100000,FALSE,FALSE,,2,1,Gogo Dino Explorers 1
FALSE,Korean,600000,100000,FALSE,FALSE,,2,1,Gogo Dino Explorers 2
FALSE,Korean,800000,100000,FALSE,FALSE,,2,1,Gogo Dino Explorers 3
FALSE,Korean,100000,,FALSE,FALSE,,1,1,Gogo Dino Explorers: The Legendary Dino
FALSE,Korean,100000,,FALSE,FALSE,,1,1,Going by the Book
FALSE,none,2200000,,FALSE,FALSE,,1,1,Going for Gold (2018)
FALSE,none,700000,,FALSE,FALSE,,1,1,Going in Style (2017)
FALSE,none,100000,,FALSE,FALSE,,1,1,Going the Distance (2010)
FALSE,Arabic,100000,,FALSE,FALSE,,1,1,Going to Heaven
FALSE,Japanese,300000,,FALSE,FALSE,,1,1,Gokusen: The Movie
FALSE,none,100000,,FALSE,FALSE,,1,1,Gol & Gincu Vol. 2
FALSE,none,200000,,FALSE,FALSE,,1,1,Gold (2016)
FALSE,none,100000,,FALSE,FALSE,,1,1,Gold Coast Lounge
FALSE,Latin,100000,,FALSE,FALSE,,1,1,Gold Diggers
TRUE,Chinese_or_Kanji,200000,,FALSE,FALSE,,1,1,Gold Leaf
TRUE,none,100000,,FALSE,FALSE,,1,1,Gold Stars: The Story of the FIFA World Cup Tournaments
FALSE,none,100000,,FALSE,FALSE,,1,1,Gold Statue
FALSE,Latin,100000,,FALSE,FALSE,,1,1,"Gold, Silver, Death"
FALSE,none,100000,,FALSE,FALSE,,1,1,Golden Age
FALSE,none,100000,,FALSE,FALSE,,1,1,Golden Hour Billkin The First Fan Meeting
TRUE,Japanese,5800000,700000,FALSE,FALSE,,6,3,Golden Kamuy
FALSE,none,4100000,,FALSE,FALSE,,1,1,Golden Shoes
FALSE,Korean,200000,,FALSE,FALSE,,1,1,Golden Slumber
FALSE,Latin,100000,,FALSE,FALSE,,1,1,Gold
FALSE,Devanagari,300000,,FALSE,FALSE,,1,1,Golmaal Returns
FALSE,Latin,100000,,FALSE,FALSE,,1,1,Gomorrah
TRUE,Latin,900000,,FALSE,FALSE,,5,5,Gomorrah
FALSE,none,400000,,FALSE,FALSE,,1,1,Gone (2011)
FALSE,none,200000,,FALSE,FALSE,,1,1,Gone (2020)
FALSE,none,2200000,,FALSE,FALSE,,1,1,Gone Baby Gone
TRUE,Latin,8100000,1100000,TRUE,TRUE,2021-08-13,2,1,Gone for Good
FALSE,none,300000,,FALSE,FALSE,,1,1,Gone Girl
FALSE,Japanese,200000,,FALSE,FALSE,,1,1,Gone Wednesday
FALSE,Korean,900000,,FALSE,FALSE,,1,1,Gonjiam: Haunted Asylum
FALSE,Latin,400000,,FALSE,FALSE,,1,1,Gonzaga - De Pai pra Filho
FALSE,none,500000,,FALSE,FALSE,,1,1,Good Boys (2019)
FALSE,none,100000,,FALSE,FALSE,,1,1,Good Burger
FALSE,none,200000,,FALSE,FALSE,,1,1,"Good Bye, Lenin!"
TRUE,Korean,12600000,200000,FALSE,FALSE,,2,1,Good Doctor
FALSE,Latin,400000,,FALSE,FALSE,,1,1,Good Game: The Beginning
TRUE,none,240500000,14200000,TRUE,TRUE,2018-07-03,8,4,Good Girls
TRUE,Korean,3800000,100000,FALSE,FALSE,,2,1,Good Job
FALSE,none,2300000,,FALSE,FALSE,,1,1,Good Luck Chuck
TRUE,Korean,10400000,400000,FALSE,FALSE,,2,1,Good Manager
TRUE,Japanese,14800000,600000,TRUE,FALSE,2016-02-11,4,2,Good Morning Call
TRUE,Latin,29300000,2900000,TRUE,TRUE,2020-10-01,4,2,"Good Morning, Verônica"
FALSE,Korean,200000,,FALSE,FALSE,,1,1,Good Morning
FALSE,none,100000,,FALSE,FALSE,,1,1,Good Mourning
TRUE,Japanese,14400000,2900000,TRUE,TRUE,2023-10-12,1,1,GOOD NIGHT WORLD
FALSE,Latin,100000,,FALSE,FALSE,,1,1,"Good Night, Said Miss Bird"
FALSE,Latin,200000,,FALSE,FALSE,,1,1,Good Old Daze
FALSE,none,4400000,,TRUE,TRUE,2021-06-23,1,1,Good on Paper
FALSE,none,1700000,,TRUE,TRUE,2019-05-16,1,1,Good Sam
FALSE,none,7800000,,FALSE,FALSE,,1,1,Good Will Hunting
TRUE,none,157500000,10400000,FALSE,FALSE,,14,7,Good Witch
FALSE,Latin,1000000,,FALSE,FALSE,,1,1,Goodbye Berlin
TRUE,Korean,1900000,,FALSE,FALSE,,1,1,Goodbye Mr. Black
TRUE,Chinese_or_Kanji,1500000,,FALSE,FALSE,,1,1,Goodbye My Princess
FALSE,Devanagari,4600000,,FALSE,FALSE,,1,1,Goodbye
FALSE,none,1300000,,FALSE,FALSE,,1,1,GoodFellas
FALSE,none,100000,,FALSE,FALSE,,1,1,Gooische Vrouwen (2011)
FALSE,none,1100000,,FALSE,FALSE,,1,1,Goon: Last of the Enforcers
FALSE,none,5500000,600000,FALSE,FALSE,,2,1,Goosebumps (1995): Specials
FALSE,none,18100000,,FALSE,FALSE,,1,1,Goosebumps (2015)
FALSE,none,3000000,,FALSE,FALSE,,1,1,Goosebumps 2: Haunted Halloween
FALSE,none,1100000,1000000,FALSE,FALSE,,1,1,"Gordon, Gino and Fred's Great Christmas Roast"
TRUE,none,8200000,2500000,FALSE,FALSE,,3,3,"Gordon, Gino and Fred's Road Trip"
FALSE,Devanagari,600000,,FALSE,FALSE,,1,1,Gori Tere Pyaar Mein
TRUE,none,2700000,200000,FALSE,FALSE,,4,3,Gormiti
FALSE,none,300000,,FALSE,FALSE,,1,1,Gosford Park
TRUE,none,704000000,48600000,FALSE,FALSE,,12,6,Gossip Girl (2007)
FALSE,none,200000,,FALSE,FALSE,,1,1,Gosto Se Discute
TRUE,none,37900000,100000,FALSE,FALSE,,6,5,Gotham
FALSE,none,2000000,,FALSE,FALSE,,1,1,Gothika
FALSE,none,100000,,FALSE,FALSE,,1,1,Gotti (2018)
TRUE,Chinese_or_Kanji,800000,100000,FALSE,FALSE,,1,1,Gourmet Affairs
TRUE,Korean,700000,,FALSE,FALSE,,1,1,Gourmet Mukbang Trip
FALSE,Latin,500000,,FALSE,FALSE,2019-01-26,1,1,Goyo: The Boy General
TRUE,none,138000000,9400000,TRUE,TRUE,2015-05-08,14,7,Grace and Frankie
FALSE,none,2400000,,FALSE,FALSE,,1,1,Grace and Grit
TRUE,Korean,11100000,200000,FALSE,FALSE,,2,1,Graceful Family
TRUE,Korean,1700000,,FALSE,FALSE,,1,1,Graceful Friends
TRUE,Chinese_or_Kanji,100000,,FALSE,FALSE,,1,1,Graduating from Marriage
FALSE,none,1600000,,FALSE,FALSE,,1,1,Gran Torino
TRUE,none,10800000,500000,TRUE,TRUE,2020-10-16,2,1,Grand Army
FALSE,none,2300000,,FALSE,FALSE,,1,1,Grand Isle (2019)
FALSE,none,200000,,FALSE,FALSE,,1,1,Grandi magazzini
FALSE,Latin,500000,,FALSE,FALSE,,1,1,Grandma's Birthday
FALSE,none,100000,,FALSE,FALSE,,1,1,Grandma's Boy
FALSE,Latin,800000,,FALSE,FALSE,2020-12-25,1,1,Grandma's Last Wishes
FALSE,Latin,1200000,,FALSE,FALSE,2020-02-05,1,1,Grandma's Wedding
FALSE,Latin,100000,,FALSE,FALSE,,1,1,Granny Nanny
FALSE,none,600000,,TRUE,TRUE,2019-04-20,1,1,Grass Is Greener
FALSE,Japanese,100000,,FALSE,FALSE,,1,1,Grasshopper
FALSE,Latin,2100000,100000,FALSE,FALSE,,2,1,Graveyard: Mezarlık
FALSE,none,300000,,FALSE,FALSE,,1,1,Gravity (2013)
FALSE,Thai,100000,,FALSE,FALSE,,1,1,Gravity of Love
FALSE,none,11500000,,FALSE,FALSE,,1,1,Grease
FALSE,Latin,100000,,FALSE,FALSE,,1,1,Great Adventure of the Lucky Four
TRUE,none,24100000,700000,FALSE,FALSE,2022-08-17,4,2,Great British Baking Show: Juniors
TRUE,none,7500000,700000,TRUE,TRUE,2018-08-23,4,2,Great News
TRUE,none,5800000,500000,TRUE,TRUE,2020-06-01,4,2,Great Pretender
FALSE,none,6700000,,FALSE,FALSE,,1,1,Great White
TRUE,none,42100000,2300000,TRUE,TRUE,2019-11-08,2,1,Greatest Events of WWII in Colour
FALSE,Chinese_or_Kanji,100000,,FALSE,FALSE,,1,1,Greedy Ghost
FALSE,none,200000,,FALSE,FALSE,,1,1,Greed
FALSE,none,4200000,,FALSE,FALSE,,1,1,Green Book
TRUE,Chinese_or_Kanji,100000,,FALSE,FALSE,2019-02-16,1,1,Green Door
FALSE,none,12600000,1200000,TRUE,TRUE,2022-04-08,2,1,Green Eggs and Ham: Season 2: The Second Serving
TRUE,none,22500000,1800000,TRUE,TRUE,2019-11-08,2,1,Green Eggs and Ham
TRUE,Latin,3500000,300000,TRUE,TRUE,2019-08-16,2,1,Green Frontier
FALSE,none,300000,,FALSE,FALSE,,1,1,Green Lantern: Beware My Power
FALSE,none,1300000,,FALSE,FALSE,,1,1,Green Lantern
TRUE,Korean,12300000,300000,TRUE,TRUE,2022-04-06,2,1,Green Mothers' Club
FALSE,Latin,600000,,FALSE,FALSE,,1,1,Green Sea
FALSE,Chinese_or_Kanji,7400000,,TRUE,TRUE,2021-12-01,1,1,Green Snake
FALSE,none,1300000,,FALSE,FALSE,,1,1,Green Street Hooligans
FALSE,none,400000,,FALSE,FALSE,,1,1,Green Zone
FALSE,none,1000000,,FALSE,FALSE,,1,1,Greenberg
TRUE,none,39400000,4400000,TRUE,TRUE,2017-09-08,8,4,Greenhouse Academy
FALSE,none,1000000,,FALSE,FALSE,,1,1,Greenland
TRUE,none,74000000,4600000,TRUE,TRUE,2017-03-03,10,5,Greenleaf
FALSE,none,400000,100000,FALSE,FALSE,,2,1,Greg Davies Live: Firing Cheeseballs at a Dog
FALSE,none,800000,100000,FALSE,FALSE,,2,1,Greg Davies Live: The Back of My Mum's Head
FALSE,none,600000,200000,TRUE,TRUE,2018-04-10,2,1,Greg Davies: You Magnificent Beast
FALSE,none,200000,,FALSE,FALSE,,1,1,Greta (2018)
FALSE,none,100000,,FALSE,FALSE,,1,1,Gretel & Hansel
TRUE,none,1346800000,50700000,FALSE,FALSE,,38,19,Grey's Anatomy
TRUE,none,200000,,FALSE,FALSE,,1,1,Greyzone
FALSE,none,14700000,,FALSE,FALSE,,1,1,Gridiron Gang
FALSE,none,5200000,,FALSE,FALSE,,1,1,Gridlocked
TRUE,none,100000,,FALSE,FALSE,,1,1,Griff's Great Australian Rail Trip
TRUE,none,100000,,FALSE,FALSE,,1,1,Griff's Great Kiwi Road Trip
TRUE,Japanese,400000,,FALSE,FALSE,,1,1,Grimoire of Zero
FALSE,none,900000,,FALSE,FALSE,,1,1,Grindhouse: Death Proof
FALSE,none,200000,,FALSE,FALSE,,1,1,Grindhouse: Planet Terror
FALSE,none,100000,,FALSE,FALSE,,1,1,Gringo
TRUE,none,267000000,14800000,FALSE,FALSE,,6,3,Grizzy and the Lemmings
FALSE,none,1900000,,FALSE,FALSE,,1,1,Groundhog Day
FALSE,none,36200000,,FALSE,FALSE,,1,1,Grown Ups (2010)
FALSE,none,23700000,,FALSE,FALSE,,1,1,Grown Ups 2
FALSE,Latin,2900000,,TRUE,TRUE,2021-10-08,1,1,Grudge
FALSE,Latin,500000,,TRUE,TRUE,2021-12-21,1,1,Grumpy Christmas
TRUE,Japanese,1400000,100000,FALSE,FALSE,,1,1,GTO: Great Teacher Onizuka (1998)
TRUE,none,800000,,FALSE,FALSE,,1,1,GTO: Great Teacher Onizuka (1999)
TRUE,Japanese,800000,,FALSE,FALSE,,1,1,GTO: Great Teacher Onizuka
TRUE,Korean,40800000,1000000,FALSE,FALSE,,2,1,Guardian: The Lonely and Great God
FALSE,none,300000,,FALSE,FALSE,2018-03-02,1,1,Guardians of the Tomb
FALSE,Cyrillic,300000,,FALSE,FALSE,,1,1,Guardians
FALSE,Latin,700000,,FALSE,FALSE,,1,1,Guatemala: Heart of the Mayan World
TRUE,Japanese,26600000,4500000,TRUE,TRUE,2022-12-13,2,1,Gudetama: An Eggcellent Adventure
FALSE,none,200000,,FALSE,FALSE,,1,1,Guerras do Brasil.doc
FALSE,Latin,100000,,FALSE,FALSE,,1,1,Guess who's coming for Christmas?
FALSE,none,2200000,,FALSE,FALSE,,1,1,Guest House (2020)
TRUE,none,67000000,3500000,TRUE,TRUE,2022-10-25,2,1,Guillermo del Toro's Cabinet of Curiosities
FALSE,none,700000,,TRUE,TRUE,2022-12-09,1,1,Guillermo del Toro's Pinocchio: Handcarved Cinema
FALSE,none,42500000,,TRUE,TRUE,2022-12-09,1,1,Guillermo del Toro’s Pinocchio
FALSE,Latin,100000,,FALSE,FALSE,2020-10-27,1,1,Guillermo Vilas: Settling the Score
TRUE,Japanese,300000,,FALSE,FALSE,,1,1,Guilty Crown
FALSE,Devanagari,700000,,TRUE,TRUE,,1,1,Guilty
FALSE,none,900000,,TRUE,TRUE,2020-03-06,1,1,Guilty
FALSE,Korean,100000,,FALSE,FALSE,,1,1,Guimoon: The Lightless Door
FALSE,none,5200000,,FALSE,FALSE,,1,1,Gully (2019)
FALSE,Latin,100000,,FALSE,FALSE,,1,1,Gump – The Dog Who Taught People How to Live
FALSE,Devanagari,14700000,,FALSE,FALSE,,1,1,Gumraah
FALSE,Devanagari,200000,,FALSE,FALSE,,1,1,Gumrah
FALSE,none,200000,,FALSE,FALSE,,1,1,Gun (2010)
FALSE,Latin,800000,,TRUE,TRUE,2018-10-31,1,1,Gun City
FALSE,none,200000,,FALSE,FALSE,,1,1,Guna 369
FALSE,none,100000,,FALSE,FALSE,,1,1,Gundala
FALSE,Devanagari,1700000,,FALSE,FALSE,2020-08-12,1,1,Gunjan Saxena: The Kargil Girl
FALSE,none,3000000,,FALSE,FALSE,2021-07-14,1,1,Gunpowder Milkshake
TRUE,Devanagari,39400000,6400000,TRUE,TRUE,2023-08-18,1,1,Guns & Gulaabs
FALSE,none,200000,,FALSE,FALSE,,1,1,Guns Akimbo
TRUE,none,10100000,100000,TRUE,TRUE,2023-02-01,2,1,Gunther's Millions
FALSE,Latin,100000,,FALSE,FALSE,,1,1,Gurbuz: Take Care of Yourself
FALSE,Devanagari,400000,,FALSE,FALSE,,1,1,Gurgaon
TRUE,Japanese,100000,,FALSE,FALSE,,1,1,Gurren Lagann
FALSE,Devanagari,1300000,,FALSE,FALSE,,1,1,Guru
FALSE,none,200000,,FALSE,FALSE,,1,1,Gut zu Vögeln
FALSE,none,200000,,FALSE,FALSE,,1,1,Guvva Gorinka
FALSE,none,100000,,FALSE,FALSE,,1,1,Guy (2019)
FALSE,Latin,100000,,FALSE,FALSE,,1,1,Guys and Balls
TRUE,Korean,72600000,9100000,TRUE,TRUE,2023-12-22,1,1,Gyeongseong Creature
TRUE,none,52300000,5600000,TRUE,TRUE,2022-09-16,2,1,Gymnastics Academy: A Second Chance
TRUE,none,19000000,900000,TRUE,TRUE,2017-06-30,2,1,Gypsy
FALSE,none,500000,,FALSE,FALSE,,1,1,Görümce
FALSE,none,200000,,FALSE,FALSE,,1,1,Güeros
FALSE,none,200000,,FALSE,FALSE,,1,1,Gülen Gözler
FALSE,none,200000,,FALSE,FALSE,,1,1,Gülşah
TRUE,none,34000000,2300000,FALSE,FALSE,,8,4,H (1998)
FALSE,Arabic,100000,,FALSE,FALSE,,1,1,H. Daboour
TRUE,none,500000,,FALSE,FALSE,,1,1,H24
TRUE,none,115500000,4400000,FALSE,FALSE,,6,3,H2O: Just Add Water
TRUE,none,12500000,1000000,FALSE,FALSE,2015-05-22,4,2,H2O: Mermaid Adventures
FALSE,none,600000,,FALSE,FALSE,,1,1,Hababam Sınıfı
FALSE,none,200000,,FALSE,FALSE,,1,1,Habibie & Ainun 3
TRUE,none,8800000,800000,TRUE,TRUE,2019-11-01,4,2,Hache
FALSE,none,4200000,,FALSE,FALSE,,1,1,Hachi: A Dog's Tale
TRUE,none,43600000,9600000,TRUE,TRUE,2023-07-07,1,1,Hack My Home
FALSE,none,1800000,,FALSE,FALSE,,1,1,Hacksaw Ridge
FALSE,Devanagari,600000,,FALSE,FALSE,,1,1,Haider
FALSE,Arabic,100000,,FALSE,FALSE,,1,1,Haifa Street
FALSE,Japanese,18100000,1000000,FALSE,FALSE,,2,1,Haikyu!! II
FALSE,Japanese,7900000,1100000,FALSE,FALSE,,2,1,Haikyu!! Karasuno High School vs Shiratorizawa Academy
FALSE,Japanese,100000,,FALSE,FALSE,,1,1,Haikyu!! Movie 3: Genius and Sense
FALSE,Japanese,100000,,FALSE,FALSE,,1,1,Haikyu!! Movie 4: Battle of Concepts
FALSE,Japanese,18500000,1100000,FALSE,FALSE,,2,1,Haikyu!! TO THE TOP
FALSE,Japanese,19600000,1100000,FALSE,FALSE,,2,1,Haikyu!!
FALSE,Japanese,100000,,FALSE,FALSE,,1,1,Haikyuu!!  the Movie 2: The Winner and the Loser
FALSE,Japanese,100000,,FALSE,FALSE,,1,1,Haikyuu!! the Movie 1: The End and the Beginning
FALSE,Chinese_or_Kanji,300000,,FALSE,FALSE,,1,1,Hail the Judge
FALSE,none,300000,,FALSE,FALSE,,1,1,"Hail, Caesar! (2016)"
TRUE,Japanese,121300000,1400000,FALSE,FALSE,,2,1,Hajime no Ippo: The Fighting!
FALSE,Arabic,100000,,TRUE,TRUE,,1,1,Hajwala 2: Mysterious Mission
FALSE,Arabic,100000,,FALSE,FALSE,,1,1,Halal Love (and Sex)
FALSE,none,400000,,FALSE,FALSE,,1,1,Halbe Brüder
TRUE,none,11400000,600000,FALSE,FALSE,,8,4,Half & Half
TRUE,none,48800000,2300000,TRUE,TRUE,2022-10-28,2,1,Half Bad: The Bastard Son & The Devil Himself
TRUE,Japanese,1400000,,FALSE,FALSE,,5,5,Half Blue Sky
FALSE,none,3600000,,FALSE,FALSE,,1,1,Half Brothers
FALSE,none,1200000,,FALSE,FALSE,,1,1,Half Past Dead
FALSE,none,3700000,,TRUE,TRUE,2022-06-14,1,1,Halftime
FALSE,Latin,100000,,FALSE,FALSE,,1,1,Halfway Home
FALSE,none,100000,,FALSE,FALSE,,1,1,Hall Pass
FALSE,none,1200000,,FALSE,FALSE,,1,1,"Hallelujah: Leonard Cohen, a Journey, a Song"
FALSE,none,1100000,,FALSE,FALSE,,1,1,Halloween (2007)
FALSE,none,600000,,FALSE,FALSE,,1,1,Halloween Ends
FALSE,none,200000,,FALSE,FALSE,,1,1,Halloween II (2009)
FALSE,none,1200000,,FALSE,FALSE,,1,1,Halloween Kills
FALSE,none,100000,,FALSE,FALSE,,1,1,Halloween: H2O
TRUE,none,4300000,600000,TRUE,TRUE,2021-05-14,2,1,Halston
FALSE,Devanagari,200000,,FALSE,FALSE,,1,1,Hamid
FALSE,Latin,100000,,FALSE,FALSE,,1,1,Hamilton 2: Men inte om det gäller din dotter
FALSE,Latin,100000,,FALSE,FALSE,,1,1,Hamilton: In the Interest of the Nation
FALSE,none,100000,,FALSE,FALSE,,1,1,Hammamet
FALSE,Korean,100000,,FALSE,FALSE,,1,1,Hammington Family's Dream Wardrobe
FALSE,Korean,200000,,FALSE,FALSE,,1,1,Han Gong-ju
TRUE,Japanese,400000,,FALSE,FALSE,,1,1,Hana Yori Dango
TRUE,Japanese,200000,,FALSE,FALSE,,2,2,Hanasaki Mai Speaks Out
FALSE,Korean,100000,,FALSE,FALSE,,1,1,Hanbando
FALSE,none,4300000,,FALSE,FALSE,,1,1,Hancock (2008)
FALSE,Chinese_or_Kanji,100000,,FALSE,FALSE,,1,1,Hand Rolled Cigarette
FALSE,Chinese_or_Kanji,100000,,FALSE,FALSE,,1,1,Handsome Siblings
TRUE,Chinese_or_Kanji,12900000,200000,FALSE,FALSE,2020-01-16,2,1,Handsome Siblings
FALSE,none,800000,,TRUE,TRUE,2017-05-05,1,1,Handsome: A Netflix Mystery Movie
TRUE,Korean,700000,,FALSE,FALSE,,1,1,Hangeul Heroes A.I.YA
TRUE,Korean,200000,,FALSE,FALSE,,1,1,"Hangeul, Yaho!"
FALSE,none,1100000,,FALSE,FALSE,,1,1,Hangman (2017)
FALSE,Japanese,100000,,FALSE,FALSE,,1,1,Hankyu Railways: A 15-minute Miracle
FALSE,none,14200000,,FALSE,FALSE,,1,1,Hanna (2011)
FALSE,none,400000,100000,TRUE,TRUE,2020-05-26,2,1,Hannah Gadsby: Douglas
FALSE,none,400000,100000,TRUE,TRUE,2018-06-19,2,1,Hannah Gadsby: Nanette
FALSE,none,1700000,200000,TRUE,TRUE,2023-05-09,2,1,Hannah Gadsby: Something Special
FALSE,Latin,400000,,FALSE,FALSE,,1,1,Hanni & Nanni 4
FALSE,Latin,300000,,FALSE,FALSE,,1,1,Hanni and Nanni 2
FALSE,none,2500000,,FALSE,FALSE,,1,1,Hannibal (2001)
FALSE,none,200000,100000,TRUE,TRUE,2016-02-05,2,1,Hannibal Buress: Comedy Camisado
FALSE,none,400000,,FALSE,FALSE,,1,1,Hannibal Rising
TRUE,none,9800000,700000,FALSE,FALSE,,6,3,Hannibal
FALSE,Korean,1600000,,FALSE,FALSE,,1,1,Hansan: Rising Dragon - REDUX
FALSE,none,500000,,FALSE,FALSE,,1,1,Hantu Kak Limah
FALSE,none,100000,,FALSE,FALSE,,1,1,Hantu Kapcai
FALSE,none,100000,,FALSE,FALSE,,1,1,Hantu Tok Mudim
TRUE,Korean,700000,200000,TRUE,TRUE,,2,1,Hanwoo Rhapsody
TRUE,none,700000,,FALSE,FALSE,,3,3,Hap and Leonard
TRUE,none,100000,,FALSE,FALSE,,1,1,Hapless
FALSE,none,1200000,,FALSE,FALSE,,1,1,Happiest Season
FALSE,none,1100000,,TRUE,TRUE,2021-11-10,1,1,Happiness Ever After
FALSE,Latin,100000,,FALSE,FALSE,,1,1,Happiness Is a Bliss
FALSE,Korean,8800000,,FALSE,FALSE,,1,1,Happiness
TRUE,Korean,20700000,1600000,FALSE,FALSE,,1,1,Happiness
FALSE,none,200000,,TRUE,TRUE,2018-03-30,1,1,Happy Anniversary
FALSE,Latin,100000,,FALSE,FALSE,2018-11-30,1,1,Happy as Lazzaro
FALSE,Thai,3600000,200000,FALSE,FALSE,,1,1,Happy Bad Year
FALSE,none,300000,,FALSE,FALSE,,1,1,Happy Birthday (2022)
FALSE,Korean,100000,,FALSE,FALSE,,1,1,Happy Bus Day
FALSE,none,200000,,FALSE,FALSE,,1,1,Happy Death Day (2017)
FALSE,none,100000,,FALSE,FALSE,,1,1,Happy Death Day 2U
FALSE,Thai,400000,,FALSE,FALSE,,1,1,Happy Ending
FALSE,Korean,100000,,FALSE,FALSE,,1,1,Happy End
FALSE,Latin,200000,,FALSE,FALSE,,1,1,Happy Family Journal
TRUE,none,200000,,FALSE,FALSE,,1,1,Happy Family
FALSE,none,400000,,FALSE,FALSE,,1,1,Happy Feet Two
FALSE,none,1200000,,FALSE,FALSE,,1,1,Happy Feet
FALSE,Japanese,100000,,FALSE,FALSE,,1,1,Happy Flight
FALSE,none,2300000,,FALSE,FALSE,,1,1,Happy Gilmore
FALSE,Latin,100000,,FALSE,FALSE,,1,1,Happy Go Lucky
TRUE,none,400000,100000,TRUE,TRUE,2019-08-14,2,1,Happy Jail
FALSE,Latin,500000,,FALSE,FALSE,,1,1,Happy New Year 2
FALSE,Thai,200000,,FALSE,FALSE,,1,1,Happy New Year Happy New You
FALSE,Devanagari,3400000,,FALSE,FALSE,,1,1,Happy New Year
FALSE,Latin,100000,,FALSE,FALSE,,1,1,Happy New Year
FALSE,Thai,200000,,TRUE,TRUE,,1,1,Happy Old Year
FALSE,none,200000,,FALSE,FALSE,,1,1,Happy Valley (1987)
TRUE,none,14500000,1000000,TRUE,TRUE,2018-04-26,4,2,Happy!
FALSE,Devanagari,300000,,FALSE,FALSE,,1,1,Har Kisse Ke Hisse: Kaamyaab
TRUE,Arabic,1900000,400000,TRUE,TRUE,2023-09-20,1,1,Hard Broken
TRUE,none,800000,200000,TRUE,TRUE,2022-04-12,2,1,Hard Cell
FALSE,Latin,23600000,,TRUE,TRUE,2023-05-24,1,1,Hard Feelings
FALSE,Korean,800000,,FALSE,FALSE,,1,1,Hard Hit
FALSE,none,5500000,,FALSE,FALSE,,1,1,Hard Kill
FALSE,none,300000,,FALSE,FALSE,,1,1,Hard Lessons
FALSE,none,21400000,,FALSE,FALSE,,1,1,Hard Target 2
FALSE,none,3100000,,FALSE,FALSE,,1,1,Hard Target
FALSE,none,300000,,FALSE,FALSE,,1,1,Hard Times (2009)
FALSE,none,100000,,FALSE,FALSE,,1,1,Hard to Kill (1990)
FALSE,none,600000,,FALSE,FALSE,,1,1,Hardcore Henry
FALSE,none,200000,,FALSE,FALSE,,1,1,Hareket Sekiz
FALSE,none,100000,,TRUE,TRUE,2018-05-08,1,1,Hari Kondabolu: Warn Your Relatives
FALSE,none,100000,,TRUE,TRUE,2018-01-19,1,1,Harith Iskander: I Told You So
TRUE,none,2900000,200000,FALSE,FALSE,,4,2,Harley Quinn
FALSE,Korean,200000,,FALSE,FALSE,,1,1,Harmony
FALSE,none,700000,,FALSE,FALSE,,1,1,Harold & Kumar Escape from Guantanamo Bay
FALSE,none,500000,200000,TRUE,TRUE,2021-10-27,2,1,Haroun
FALSE,none,3600000,,FALSE,FALSE,,1,1,Harriet
TRUE,none,72900000,1900000,TRUE,TRUE,2022-12-08,2,1,Harry & Meghan
TRUE,none,300000,,FALSE,FALSE,,2,2,Harry Enfield's Television Programme
FALSE,none,23600000,,FALSE,FALSE,,1,1,Harry Potter and the Chamber of Secrets
TRUE,none,26600000,,FALSE,FALSE,,2,2,Harry Potter and the Deathly Hallows
FALSE,none,19100000,,FALSE,FALSE,,1,1,Harry Potter and the Goblet of Fire
FALSE,none,17400000,,FALSE,FALSE,,1,1,Harry Potter and the Half-Blood Prince
FALSE,none,16300000,,FALSE,FALSE,,1,1,Harry Potter and the Order of the Phoenix
FALSE,none,19300000,,FALSE,FALSE,,1,1,Harry Potter and the Prisoner of Azkaban
FALSE,none,27900000,,FALSE,FALSE,,1,1,Harry Potter and the Sorcerer's Stone
FALSE,Latin,100000,,FALSE,FALSE,,1,1,Harry's Daughters
FALSE,none,100000,,FALSE,FALSE,,1,1,Harry: The Interview
FALSE,none,300000,,FALSE,FALSE,,1,1,Harte Jungs
TRUE,none,7500000,600000,TRUE,TRUE,2018-06-29,8,4,Harvey Girls Forever!
FALSE,none,300000,100000,TRUE,TRUE,2017-05-23,2,1,Hasan Minhaj: Homecoming King
FALSE,none,700000,200000,TRUE,TRUE,2022-10-04,2,1,Hasan Minhaj: The King's Jester
FALSE,Devanagari,1000000,,FALSE,FALSE,,1,1,Hasee Toh Phasee
FALSE,Devanagari,2700000,,TRUE,TRUE,2021-07-02,1,1,Haseen Dillruba
TRUE,Hebrew,300000,,TRUE,TRUE,,1,1,Hashoter Hatov
TRUE,Devanagari,600000,100000,TRUE,TRUE,2020-04-17,2,1,Hasmukh
TRUE,Japanese,400000,100000,FALSE,FALSE,,1,1,Hate Alcohol
FALSE,Latin,200000,100000,TRUE,TRUE,2021-02-12,2,1,Hate by Dani Rovira
TRUE,Chinese_or_Kanji,100000,,FALSE,FALSE,,1,1,"Hate the Sin, Love the Sinner"
TRUE,none,8200000,700000,TRUE,TRUE,2016-10-14,4,2,Haters Back Off
TRUE,none,17100000,600000,FALSE,FALSE,,2,1,Hatfields & McCoys
TRUE,none,300000,,FALSE,FALSE,,1,1,Hati Perempuan
FALSE,none,100000,,TRUE,TRUE,,1,1,Hating Peter Tatchell
FALSE,none,400000,,FALSE,FALSE,,1,1,Haunted Mansion (2015)
FALSE,Thai,200000,,FALSE,FALSE,,1,1,Haunted Tales
TRUE,Latin,2600000,400000,TRUE,TRUE,2021-03-31,2,1,Haunted: Latin America
TRUE,none,7600000,1300000,TRUE,TRUE,2018-10-19,6,3,Haunted
FALSE,none,200000,,FALSE,FALSE,,1,1,Haunting of Margam Castle
FALSE,Latin,1000000,,FALSE,FALSE,,1,1,Haute Cuisine
FALSE,none,1100000,,FALSE,FALSE,2020-05-11,1,1,Have a Good Trip: Adventures in Psychedelics
FALSE,Latin,6000000,,FALSE,FALSE,2023-03-10,1,1,Have a nice day!
TRUE,Chinese_or_Kanji,100000,,FALSE,FALSE,,1,1,"Have You Ever Fallen in Love, Miss Jiang?"
FALSE,Latin,400000,,TRUE,TRUE,2021-04-09,1,1,Have You Ever Seen Fireflies?
TRUE,Japanese,200000,,FALSE,FALSE,,1,1,Haven't You Heard? I'm Sakamoto
TRUE,Japanese,5500000,800000,FALSE,FALSE,,1,1,Hayabusa Fire Brigade
FALSE,none,100000,,TRUE,TRUE,,1,1,Hayat Öpücügü
FALSE,none,600000,,FALSE,FALSE,,1,1,Haywire
FALSE,none,100000,,TRUE,TRUE,2020-12-02,1,1,Hazel Brugger: Tropical
FALSE,Latin,500000,,FALSE,FALSE,,1,1,He Even Has Your Eyes
FALSE,none,1100000,,TRUE,TRUE,,1,1,He Never Died
TRUE,Japanese,3000000,200000,FALSE,FALSE,,4,2,He Who Can't Marry
FALSE,Japanese,100000,,FALSE,FALSE,,1,1,"He Won't Kill, She Won't Die"
FALSE,none,15100000,,TRUE,TRUE,2021-08-27,1,1,He's All That
TRUE,Japanese,1500000,100000,TRUE,TRUE,2022-04-21,2,1,He's Expecting
FALSE,none,3600000,,FALSE,FALSE,,1,1,He's Just Not That Into You
FALSE,none,400000,,FALSE,FALSE,,1,1,He's Out There
TRUE,none,13200000,1400000,TRUE,TRUE,2021-09-16,6,3,He-Man and the Masters of the Universe
FALSE,none,500000,,FALSE,FALSE,,1,1,Head Full of Honey (2014)
FALSE,Latin,100000,,FALSE,FALSE,,1,1,Head-On
FALSE,none,1600000,,TRUE,TRUE,,1,1,Headshot (2016)
TRUE,none,6400000,900000,TRUE,TRUE,2021-01-01,2,1,Headspace Guide to Meditation
TRUE,none,5800000,1200000,TRUE,TRUE,2021-04-28,2,1,Headspace Guide to Sleep
FALSE,none,5700000,,TRUE,TRUE,2021-06-15,1,1,Headspace: Unwind Your Mind
FALSE,Latin,100000,,FALSE,FALSE,,1,1,Heal the Living
TRUE,Korean,18500000,400000,FALSE,FALSE,,2,1,Healer
FALSE,Latin,500000,,FALSE,FALSE,,1,1,Healing With Heart: Staffel 22
FALSE,Thai,100000,,FALSE,FALSE,,1,1,Heart Attack
FALSE,none,1800000,,FALSE,FALSE,,1,1,Heart of Champions
TRUE,none,1500000,300000,TRUE,TRUE,2023-08-30,1,1,Heart of Invictus
FALSE,Latin,5100000,,TRUE,TRUE,2022-06-15,1,1,Heart Parade
FALSE,none,100000,,TRUE,TRUE,2022-02-17,1,1,Heart Shot
TRUE,Korean,21600000,500000,FALSE,FALSE,,2,1,Heart Signal
FALSE,Thai,100000,,FALSE,FALSE,,1,1,Heartbeats
FALSE,Latin,200000,,FALSE,FALSE,,2,1,HeartBeat
TRUE,none,1200000,,FALSE,FALSE,,7,7,Heartbreak High (1994)
TRUE,none,39800000,1800000,TRUE,TRUE,2022-09-14,2,1,Heartbreak High
FALSE,none,100000,,FALSE,FALSE,,1,1,Heartbreak Hotel (2006)
FALSE,Latin,600000,,FALSE,FALSE,,1,1,Heartbreaker
TRUE,none,600000,,FALSE,FALSE,,1,1,Heartful Café
TRUE,none,312200000,12100000,FALSE,FALSE,,32,16,Heartland (2007)
FALSE,none,200000,,FALSE,FALSE,,1,1,Hearts in Atlantis
FALSE,Latin,600000,,TRUE,TRUE,2022-08-10,1,1,Heartsong
TRUE,none,123500000,24000000,TRUE,TRUE,2022-04-22,3,2,Heartstopper
FALSE,Korean,200000,,FALSE,FALSE,,1,1,Heartstrings
FALSE,none,24500000,,FALSE,FALSE,,1,1,Heat (1995)
FALSE,none,1200000,1100000,TRUE,TRUE,2023-10-17,1,1,Heather McMahan: Son I Never Had
FALSE,none,100000,,FALSE,FALSE,,1,1,Heathers (1989)
FALSE,none,2700000,,FALSE,FALSE,,1,1,Heatwave (2022)
TRUE,Japanese,5000000,100000,FALSE,FALSE,,2,1,Heaven and Hell: Soul Exchange
FALSE,none,5800000,,FALSE,FALSE,,1,1,Heaven Is for Real
TRUE,Chinese_or_Kanji,4700000,700000,FALSE,FALSE,,3,2,Heaven Official's Blessing
TRUE,Chinese_or_Kanji,100000,,FALSE,FALSE,,1,1,Heaven on the 4th Floor
FALSE,Thai,600000,,FALSE,FALSE,,1,1,Heaven's Seven 2
FALSE,Thai,1100000,,FALSE,FALSE,,1,1,Heaven's Seven
TRUE,Latin,1900000,300000,TRUE,TRUE,2022-01-19,2,1,Heavenly Bites: Mexico
TRUE,Chinese_or_Kanji,100000,,FALSE,FALSE,,1,1,Heavenly Sword and Dragon Sabre (2003)
TRUE,Chinese_or_Kanji,4600000,100000,FALSE,FALSE,,2,1,Heavenly Sword and Dragon Slaying Sabre
FALSE,none,400000,,FALSE,FALSE,,1,1,Heavy (1995)
TRUE,Japanese,100000,,FALSE,FALSE,,1,1,Hebereke
FALSE,none,100000,,FALSE,FALSE,,1,1,Hecho en México
FALSE,none,100000,,FALSE,FALSE,,1,1,Hector and the Search for Happiness
FALSE,none,1300000,,FALSE,FALSE,,1,1,Heidi (2015)
TRUE,none,18500000,600000,FALSE,FALSE,,4,2,Heidi (2015)
FALSE,none,400000,,FALSE,FALSE,,1,1,Heil
TRUE,Latin,17200000,1100000,TRUE,TRUE,2022-04-15,2,1,Heirs to the Land
FALSE,none,200000,,FALSE,FALSE,,1,1,Heist (2001)
TRUE,none,8100000,700000,TRUE,TRUE,2021-07-14,2,1,Heist
FALSE,none,100000,,FALSE,FALSE,,1,1,Heiter Bis Wolkig
TRUE,none,100000,,FALSE,FALSE,,1,1,Heksejakt
FALSE,Chinese_or_Kanji,300000,,FALSE,FALSE,,1,1,Helios
FALSE,Japanese,6800000,,TRUE,TRUE,2022-12-16,1,1,HELL DOGS - IN THE HOUSE OF BAMBOO -
FALSE,none,100000,,FALSE,FALSE,,1,1,Hell Fest
FALSE,Latin,100000,,FALSE,FALSE,,1,1,Hell of '63
FALSE,none,1200000,,FALSE,FALSE,,1,1,Hell on the Border
FALSE,none,1100000,,FALSE,FALSE,2016-11-18,1,1,Hell or High Water
FALSE,none,500000,,FALSE,FALSE,,1,1,Hell Trip
TRUE,none,14100000,500000,FALSE,FALSE,,10,5,Hell's Kitchen (2005)
TRUE,Japanese,23100000,1400000,FALSE,FALSE,,2,1,Hell's Paradise: Jigokuraku
FALSE,Latin,3000000,300000,FALSE,FALSE,,1,1,Hellbound Village
TRUE,Korean,14200000,1100000,TRUE,TRUE,2021-11-19,2,1,Hellbound
FALSE,none,1600000,,FALSE,FALSE,,1,1,Hellboy (2004)
FALSE,none,1000000,,FALSE,FALSE,,1,1,Hellboy (2019)
FALSE,none,500000,,FALSE,FALSE,,1,1,Hellboy II: The Golden Army
FALSE,Latin,7800000,,TRUE,TRUE,2022-10-26,1,1,Hellhole
FALSE,Latin,100000,,FALSE,FALSE,,1,1,Hello Again
FALSE,Devanagari,100000,,FALSE,FALSE,,1,1,Hello Brother
FALSE,Korean,400000,,FALSE,FALSE,,1,1,Hello Carbot 5: Hello Carbot 10
FALSE,Korean,1000000,100000,FALSE,FALSE,,2,1,Hello Carbot 5: Hello Carbot 9
FALSE,Korean,100000,,FALSE,FALSE,,1,1,Hello Carbot 5
TRUE,Korean,400000,,FALSE,FALSE,,2,2,Hello Carbot 5
FALSE,Korean,100000,,FALSE,FALSE,,1,1,Hello Jadoo (2016)
FALSE,Korean,1100000,100000,FALSE,FALSE,,2,1,Hello Jadoo 3
FALSE,Korean,1300000,100000,FALSE,FALSE,,2,1,Hello Jadoo 4
FALSE,Korean,100000,,FALSE,FALSE,,1,1,Hello Jadoo Special : Journey to west
FALSE,Korean,100000,,FALSE,FALSE,,1,1,Hello Jadoo Special : Under the Sea
FALSE,Korean,600000,,FALSE,FALSE,,1,1,Hello Jadoo: The Secret of Jeju Island
FALSE,Chinese_or_Kanji,100000,,FALSE,FALSE,,1,1,Hello Mr. Billionaire
TRUE,none,22300000,4900000,TRUE,TRUE,2019-11-01,8,4,Hello Ninja
FALSE,Thai,200000,,FALSE,FALSE,,1,1,Hello Stranger
FALSE,none,100000,,FALSE,FALSE,,1,1,Hello World (2019)
FALSE,Thai,100000,,FALSE,FALSE,,1,1,Hello Yasothorn 2
FALSE,Thai,200000,,FALSE,FALSE,,1,1,Hello Yasothorn 3
FALSE,Thai,100000,,FALSE,FALSE,,1,1,Hello Yasothorn
FALSE,none,4800000,,TRUE,TRUE,2022-07-06,1,1,"Hello, Goodbye, and Everything in Between"
FALSE,none,900000,,FALSE,FALSE,,1,1,"Hello, Love, Goodbye"
TRUE,Korean,14300000,300000,TRUE,TRUE,2021-02-17,2,1,"Hello, Me!"
FALSE,none,200000,,FALSE,FALSE,,1,1,"Hello, My Name Is Doris"
TRUE,Korean,7600000,500000,TRUE,FALSE,,3,2,"Hello, My Twenties!"
FALSE,none,300000,,TRUE,TRUE,2019-09-13,1,1,"Hello, Privilege. It's Me, Chelsea"
FALSE,none,1500000,,FALSE,FALSE,,1,1,"Hello, Universe"
TRUE,Japanese,4300000,200000,FALSE,FALSE,,2,1,Hellsing Ultimate
FALSE,none,300000,,FALSE,FALSE,,1,1,Help (2021)
TRUE,Thai,300000,,FALSE,FALSE,,1,1,Help me! Oh My Ghost
FALSE,Latin,600000,,FALSE,FALSE,,1,1,"Help, I Shrunk My Parents"
FALSE,Latin,400000,,FALSE,FALSE,,1,1,"Help, I Shrunk My Teacher"
FALSE,Korean,400000,,FALSE,FALSE,,1,1,Helpless
TRUE,Latin,3200000,100000,FALSE,FALSE,,2,1,Helsinki Crimes
FALSE,Japanese,100000,,FALSE,FALSE,,1,1,Helter Skelter
FALSE,none,400000,,FALSE,FALSE,,1,1,Heneral Luna
TRUE,none,279300000,14300000,FALSE,FALSE,,10,5,Henry Danger
FALSE,none,100000,,FALSE,FALSE,,1,1,Henry van Loon - Onze Henry
FALSE,none,200000,,FALSE,FALSE,,1,1,Hep Yek 2
FALSE,none,600000,,FALSE,FALSE,,1,1,Hep Yek 4: Bela Okuma Altan
FALSE,none,200000,,FALSE,FALSE,,1,1,Hep Yek
FALSE,Arabic,100000,,FALSE,FALSE,,1,1,Her Divorce Lawyer
FALSE,Japanese,200000,,FALSE,FALSE,,1,1,Her Love Boils Bathwater
TRUE,Latin,54100000,700000,FALSE,FALSE,2020-08-26,2,1,Her Mother's Killer
TRUE,Korean,24700000,600000,TRUE,TRUE,,2,1,Her Private Life
TRUE,Latin,400000,100000,FALSE,FALSE,,2,1,"Her Rules, Her No's"
FALSE,Latin,100000,,TRUE,TRUE,,1,1,Here and There
FALSE,none,1000000,,FALSE,FALSE,,1,1,Here Comes the Boom
FALSE,Latin,100000,,FALSE,FALSE,,1,1,Here Got Ghosts
FALSE,none,3600000,,FALSE,FALSE,,1,1,Here Love Lies
TRUE,Chinese_or_Kanji,3000000,,FALSE,FALSE,,1,1,Here to Heart
FALSE,none,1200000,,FALSE,FALSE,,1,1,Here Today
FALSE,none,7800000,,FALSE,FALSE,,1,1,Hereditary
FALSE,none,200000,,FALSE,FALSE,,1,1,Hero (2007)
FALSE,none,100000,,FALSE,FALSE,,1,1,Hero (2015)
FALSE,none,400000,100000,TRUE,FALSE,2019-08-23,2,1,HERO MASK: Part ll
FALSE,none,1000000,100000,TRUE,FALSE,2018-12-03,2,1,HERO MASK: Part l
FALSE,none,1600000,,FALSE,FALSE,,1,1,Heroes (1977)
TRUE,none,4900000,2200000,FALSE,FALSE,,2,1,Heroes of Goo Jit Zu
FALSE,Latin,200000,,FALSE,FALSE,,1,1,Heroes Wanted
FALSE,Latin,200000,,FALSE,FALSE,,1,1,Heroes: Silence and Rock & Roll
FALSE,Latin,100000,,FALSE,FALSE,,1,1,Heroic Losers
FALSE,none,600000,,TRUE,TRUE,2017-09-12,1,1,Heroin(e)
FALSE,Japanese,200000,,FALSE,FALSE,,1,1,Heroine Disqualified
FALSE,Chinese_or_Kanji,100000,,FALSE,FALSE,,1,1,Hero
FALSE,Korean,1900000,,FALSE,FALSE,,1,1,Hero
FALSE,none,100000,,FALSE,FALSE,,1,1,Herself
FALSE,none,3900000,,FALSE,FALSE,,1,1,Her
FALSE,none,100000,,FALSE,FALSE,,1,1,Het schildersleven van Rembrandt van Rijn
FALSE,none,100000,,FALSE,FALSE,,1,1,Het Schildersleven van Vincent van Gogh
FALSE,Korean,100000,,FALSE,FALSE,,1,1,Heung-Boo: The Revolutionist
FALSE,none,1100000,,FALSE,FALSE,,1,1,Hey Arnold! The Jungle Movie
TRUE,none,3100000,300000,FALSE,FALSE,,6,3,Hey Duggee
FALSE,Latin,1000000,,FALSE,FALSE,,1,1,Hey Good Looking!
FALSE,Japanese,1700000,100000,FALSE,FALSE,,2,1,Hey Handsome!!
FALSE,none,700000,,FALSE,FALSE,,1,1,Hey Sinamika (Hindi)
FALSE,none,100000,,FALSE,FALSE,,1,1,Hey Sinamika (Malayalam)
FALSE,none,400000,,FALSE,FALSE,,1,1,Hey Sinamika (Telugu)
FALSE,none,600000,,FALSE,FALSE,,1,1,Hey Sinamika
FALSE,Korean,100000,,FALSE,FALSE,,1,1,Hey! First Time in KOREA?: 2020
FALSE,Korean,100000,,FALSE,FALSE,,1,1,Hey! First Time in KOREA?: 2021
FALSE,Korean,100000,,FALSE,FALSE,,1,1,Hey! First Time in KOREA?: 2022
FALSE,Latin,200000,,FALSE,FALSE,,1,1,"Hey, Did You Score?"
TRUE,none,2300000,200000,FALSE,FALSE,,2,1,He’s Into Her
TRUE,Korean,19000000,400000,TRUE,TRUE,2020-02-22,2,1,"Hi Bye, Mama!"
TRUE,Japanese,4000000,400000,TRUE,FALSE,2018-07-21,4,2,Hi Score Girl
FALSE,Chinese_or_Kanji,2200000,100000,FALSE,FALSE,,2,1,Hi Venus
TRUE,Chinese_or_Kanji,6600000,200000,FALSE,FALSE,,4,3,Hi! Come in
TRUE,Japanese,100000,,FALSE,FALSE,2016-06-02,1,1,Hibana: Spark
FALSE,none,100000,,FALSE,FALSE,,1,1,Hidden Algeria: The Sahara
FALSE,Japanese,100000,,FALSE,FALSE,,1,1,Hidden Fortress: The Last Princess
FALSE,none,100000,,FALSE,FALSE,,1,1,Hidden Heart (2018)
FALSE,Chinese_or_Kanji,115800000,6100000,FALSE,FALSE,,2,1,Hidden Love
FALSE,Chinese_or_Kanji,100000,,FALSE,FALSE,,1,1,Hidden Man
FALSE,Korean,700000,,FALSE,FALSE,,1,1,Hidden
FALSE,Korean,100000,,FALSE,FALSE,,1,1,Hide and Never Seek
FALSE,Korean,100000,,FALSE,FALSE,,1,1,Hide and Seek
FALSE,none,600000,,FALSE,FALSE,,1,1,High & Low The Movie 2 / End of Sky
FALSE,none,600000,,FALSE,FALSE,,1,1,High & Low The Movie 3 / Final Mission
FALSE,none,800000,,FALSE,FALSE,,1,1,High & Low The Movie
FALSE,none,400000,,FALSE,FALSE,,1,1,High & Low The Red Rain
FALSE,none,3000000,,FALSE,FALSE,,1,1,High & Low The Worst X
FALSE,none,1600000,,FALSE,FALSE,,1,1,High & Low The Worst
TRUE,Korean,10100000,1000000,FALSE,FALSE,,1,1,High Cookie
FALSE,none,2800000,,FALSE,FALSE,,1,1,High Crimes
FALSE,none,300000,,FALSE,FALSE,,1,1,High End Yaariyan
FALSE,Arabic,100000,,FALSE,FALSE,,1,1,High Fences
FALSE,Chinese_or_Kanji,100000,,FALSE,FALSE,,1,1,High Flash
FALSE,none,100000,,TRUE,TRUE,2019-02-08,1,1,High Flying Bird
TRUE,Latin,58800000,800000,TRUE,TRUE,2022-08-17,2,1,High Heat
FALSE,Latin,200000,,FALSE,FALSE,,1,1,High Heels
FALSE,none,100000,,TRUE,TRUE,,1,1,High Intensity Training: Volume 1
TRUE,none,4000000,1000000,TRUE,TRUE,2021-05-26,3,2,High on the Hog: How African American Cuisine Transformed America
FALSE,none,5400000,,FALSE,FALSE,,1,1,High Plains Drifter
FALSE,Arabic,100000,,FALSE,FALSE,,1,1,High School Girls
FALSE,Latin,500000,,FALSE,FALSE,,1,1,High School Serenade
TRUE,none,4100000,400000,TRUE,TRUE,2020-08-19,2,1,High Score
TRUE,Latin,19200000,1600000,TRUE,TRUE,2019-05-24,6,3,High Seas
FALSE,none,400000,,FALSE,FALSE,,1,1,High Society (2017)
FALSE,Korean,1200000,,TRUE,TRUE,2019-01-29,1,1,High Society
TRUE,Latin,54400000,9400000,TRUE,TRUE,2023-07-19,1,1,High Tides
TRUE,Latin,43800000,2600000,TRUE,TRUE,2022-10-05,2,1,High Water
TRUE,Japanese,9600000,800000,TRUE,TRUE,2021-02-25,2,1,High-Rise Invasion
TRUE,none,10700000,2400000,FALSE,FALSE,2022-10-21,2,1,High: Confessions of an Ibiza Drug Mule
TRUE,Japanese,700000,,FALSE,FALSE,,1,1,Hikaru no Go
FALSE,none,400000,100000,TRUE,FALSE,,2,1,Hikaru Utada Laughter in the Dark Tour 2018
FALSE,none,200000,100000,TRUE,FALSE,,2,1,Hikaru Utada Live Sessions from AIR Studios
FALSE,none,1800000,,TRUE,TRUE,2021-12-30,1,1,Hilda and the Mountain King
TRUE,none,33900000,4600000,TRUE,TRUE,2018-09-21,5,3,Hilda
FALSE,none,700000,,FALSE,FALSE,,1,1,"Hilfe, ich hab meine Freunde geschrumpft"
FALSE,Latin,200000,,FALSE,FALSE,,1,1,Hill of Pleasures
FALSE,none,100000,,FALSE,FALSE,,1,1,Hillary (2020)
FALSE,none,5500000,,TRUE,TRUE,2020-11-24,1,1,Hillbilly Elegy
FALSE,Japanese,200000,,FALSE,FALSE,,1,1,Himeanole
TRUE,none,200000,,FALSE,FALSE,,1,1,Hindenburg
TRUE,none,3500000,500000,TRUE,TRUE,2016-12-02,8,4,Hip-Hop Evolution
FALSE,Latin,100000,,FALSE,FALSE,,1,1,Hippocrates: Diary of a French Doctor
FALSE,none,300000,,FALSE,FALSE,,1,1,Hire a Woman
FALSE,Chinese_or_Kanji,200000,,FALSE,FALSE,,1,1,Hirugao: Love Affairs in the Afternoon
FALSE,none,1900000,,FALSE,FALSE,2020-10-30,1,1,His House
TRUE,Korean,1100000,100000,FALSE,FALSE,,1,1,His Man
FALSE,none,100000,,FALSE,FALSE,,1,1,Historia de lo oculto
TRUE,none,300000,,TRUE,TRUE,2019-05-27,1,1,Historical Roasts
FALSE,none,300000,,FALSE,FALSE,,1,1,Historietas Assombradas: O Filme
TRUE,none,7700000,700000,TRUE,TRUE,2020-05-22,4,2,History 101
TRUE,none,1600000,200000,TRUE,TRUE,2021-01-05,2,1,History of Swear Words
FALSE,none,100000,,FALSE,FALSE,,1,1,his
FALSE,none,500000,,FALSE,FALSE,,1,1,His Dark Materials: The Golden Compass
FALSE,none,100000,,FALSE,FALSE,,1,1,Hit & Run (2012)
TRUE,none,46700000,2600000,TRUE,TRUE,2021-08-06,2,1,Hit & Run
FALSE,none,100000,,TRUE,TRUE,,1,1,HIT & Strength with Tara: Volume 1
FALSE,Japanese,300000,,FALSE,FALSE,,1,1,Hit Me Anyone One More Time!
FALSE,Korean,200000,,FALSE,FALSE,,1,1,Hit-and-Run Squad
FALSE,Devanagari,3400000,,FALSE,FALSE,,1,1,HIT: The First Case
TRUE,none,500000,100000,FALSE,FALSE,,2,1,Hitam
FALSE,none,2300000,,FALSE,FALSE,,1,1,Hitch
FALSE,Latin,3800000,,TRUE,TRUE,,1,1,Hitler - A Career
TRUE,none,12700000,700000,TRUE,TRUE,,2,1,Hitler's Circle of Evil
TRUE,none,500000,100000,FALSE,FALSE,,2,1,Hitler's Secret Sex Life
FALSE,Latin,100000,,FALSE,FALSE,,1,1,Hitler's Steel Beast
FALSE,none,1200000,,FALSE,FALSE,,1,1,Hitman (2007)
FALSE,Korean,700000,,FALSE,FALSE,,1,1,Hitman: Agent Jun
TRUE,Japanese,2600000,,FALSE,FALSE,,1,1,Hitoshi Matsumoto's Suberanai Hanashi
FALSE,none,400000,,FALSE,FALSE,,1,1,Hitting the Apex
TRUE,none,57900000,2500000,FALSE,FALSE,,4,2,Hoarders
FALSE,Latin,300000,,FALSE,FALSE,,1,1,Hocus Pocus Alfie Atkins
FALSE,none,100000,,FALSE,FALSE,,1,1,Hokkabaz
FALSE,none,8700000,,TRUE,TRUE,2018-09-28,1,1,Hold the Dark
TRUE,Latin,18200000,1800000,TRUE,TRUE,2022-04-22,2,1,Hold Tight
FALSE,none,200000,,TRUE,TRUE,2022-05-03,1,1,Hold Your Breath: The Ice Dive
FALSE,Latin,100000,,FALSE,FALSE,,1,1,Holding Hands
FALSE,none,100000,,FALSE,FALSE,,1,1,Holding the Man
TRUE,none,3700000,400000,FALSE,FALSE,,2,2,Holey Moley
FALSE,none,6300000,,TRUE,TRUE,2020-10-28,1,1,Holidate
TRUE,none,2100000,800000,TRUE,TRUE,2020-11-18,2,1,Holiday Home Makeover with Mr. Christmas
FALSE,Latin,200000,,FALSE,FALSE,,1,1,Holiday in the Caribbean
FALSE,none,5300000,,TRUE,TRUE,2019-11-01,1,1,Holiday in the Wild
FALSE,Japanese,900000,100000,FALSE,FALSE,,2,1,Holiday Love
FALSE,Latin,100000,,FALSE,FALSE,,1,1,Holiday on Mars
FALSE,none,500000,,TRUE,TRUE,2019-11-28,1,1,Holiday Rush
TRUE,Latin,800000,300000,TRUE,TRUE,2019-11-20,2,1,Holiday Secrets
FALSE,none,400000,,FALSE,FALSE,,1,1,Hollow Man
FALSE,none,1400000,,FALSE,FALSE,2022-09-07,1,1,HollyBlood
FALSE,none,500000,,FALSE,FALSE,,1,1,Hollywood Homicide
TRUE,none,8700000,600000,TRUE,TRUE,2020-05-01,2,1,Hollywood
FALSE,none,400000,,FALSE,FALSE,,1,1,Holmes & Watson
FALSE,Latin,100000,,FALSE,FALSE,,1,1,Holy Business
FALSE,Latin,100000,,TRUE,TRUE,,1,1,Holy Camp!
FALSE,Latin,100000,,FALSE,FALSE,,1,1,Holy Expectations
TRUE,Latin,40800000,6300000,TRUE,TRUE,2022-10-14,3,2,Holy Family
FALSE,Latin,1400000,,TRUE,TRUE,,1,1,Holy Goalie
FALSE,Arabic,600000,,FALSE,FALSE,,1,1,Holy Spider
FALSE,none,62800000,,FALSE,FALSE,,1,1,Home (2015)
FALSE,none,4800000,,FALSE,FALSE,2018-01-12,1,1,Home Again
TRUE,Latin,10400000,3100000,TRUE,TRUE,2019-12-05,4,2,Home for Christmas
TRUE,none,2300000,200000,TRUE,TRUE,2020-06-26,2,1,Home Game
FALSE,Latin,100000,,FALSE,FALSE,,1,1,Home is Where your Heart is
FALSE,none,2000000,,FALSE,FALSE,,1,1,Home Run (2013)
FALSE,Chinese_or_Kanji,100000,,FALSE,FALSE,,1,1,Home Sweet Home
FALSE,none,17800000,,TRUE,TRUE,2022-01-28,1,1,Home Team
FALSE,Latin,500000,,FALSE,FALSE,,1,1,Home2Home
TRUE,none,23000000,1800000,FALSE,FALSE,2016-07-29,8,4,Home: Adventures with Tip & Oh
FALSE,none,1800000,,TRUE,TRUE,2019-04-17,1,1,HOMECOMING: A film by Beyoncé
FALSE,none,9800000,,FALSE,FALSE,,1,1,Homefront (2013)
TRUE,none,18000000,900000,FALSE,FALSE,,16,8,Homeland
FALSE,Korean,7700000,,FALSE,FALSE,,1,1,Homemade Love Story
TRUE,Korean,4700000,100000,FALSE,FALSE,,1,1,Homemade Love Story
FALSE,Latin,300000,,FALSE,FALSE,,1,1,Homesick
FALSE,Thai,100000,,FALSE,FALSE,,1,1,Homestay
TRUE,Korean,129400000,2900000,TRUE,TRUE,2021-08-28,2,1,Hometown Cha-Cha-Cha
FALSE,none,100000,,FALSE,FALSE,,1,1,Hometown Holiday
FALSE,Korean,300000,,FALSE,FALSE,,1,1,Hometown
TRUE,Korean,8300000,700000,TRUE,TRUE,,1,1,Hometown
FALSE,Korean,100000,,FALSE,FALSE,,1,1,Homme Fatale
FALSE,Japanese,1200000,,TRUE,TRUE,2021-04-22,1,1,HOMUNCULUS
FALSE,Korean,200000,,FALSE,FALSE,,1,1,Honest Candidate
FALSE,none,28300000,,FALSE,FALSE,,1,1,Honest Thief
FALSE,none,800000,,FALSE,FALSE,,1,1,Honey (2003)
FALSE,none,300000,,FALSE,FALSE,,1,1,Honey (2018)
FALSE,none,100000,,FALSE,FALSE,,1,1,Honey 2
FALSE,none,300000,,FALSE,FALSE,,1,1,Honey 3: Dare to Dance
FALSE,none,100000,,FALSE,FALSE,,1,1,Honey Boy (2019)
FALSE,none,1300000,,FALSE,FALSE,,1,1,Honey Girls
FALSE,Japanese,1100000,,FALSE,FALSE,,1,1,Honey Lemon Soda
FALSE,Latin,100000,,FALSE,FALSE,,1,1,"Honey, I've Killed You"
FALSE,none,3200000,,FALSE,FALSE,,1,1,Honeymoon (2022)
FALSE,Devanagari,200000,,FALSE,FALSE,,1,1,Honeymoon Travels Pvt. Ltd.
FALSE,Latin,5300000,,TRUE,TRUE,2022-04-29,1,1,Honeymoon with My Mother
TRUE,Chinese_or_Kanji,100000,,FALSE,FALSE,,1,1,Hong Kong West Side Stories
FALSE,none,3500000,,FALSE,FALSE,,1,1,Hook (1991)
TRUE,none,5400000,500000,TRUE,TRUE,2020-08-21,2,1,Hoops
FALSE,none,3200000,,FALSE,FALSE,,1,1,Hop (2011)
FALSE,Thai,900000,,TRUE,TRUE,2020-09-15,1,1,Hope Frozen: A Quest to Live Twice
FALSE,none,200000,,FALSE,FALSE,,1,1,Hope Springs (2012)
FALSE,Japanese,100000,,FALSE,FALSE,,1,1,Hope
FALSE,Korean,100000,,FALSE,FALSE,,1,1,Hope
FALSE,Latin,3000000,,FALSE,FALSE,,1,1,Hoping for Good News
FALSE,Japanese,6800000,1300000,FALSE,FALSE,,1,1,Horimiya: The Missing Pieces
FALSE,Japanese,9200000,900000,FALSE,FALSE,,2,1,Horimiya
FALSE,none,500000,,FALSE,FALSE,2021-01-19,1,1,Horizon Line
FALSE,Thai,700000,,FALSE,FALSE,,1,1,Hormones: Season 3: The Final Season
FALSE,Thai,100000,,FALSE,FALSE,,1,1,Hormones
TRUE,Thai,2700000,100000,FALSE,FALSE,,3,2,Hormones
FALSE,none,900000,,FALSE,FALSE,,1,1,Horrible Bosses 2
FALSE,none,500000,,FALSE,FALSE,,1,1,Horrible Bosses
FALSE,none,300000,,FALSE,FALSE,2020-09-17,1,1,Horrid Henry's Gross Day Out
TRUE,none,26300000,1400000,FALSE,FALSE,,14,5,Horrid Henry
FALSE,none,100000,,FALSE,FALSE,,1,1,Hors normes
FALSE,none,500000,,TRUE,TRUE,2020-02-07,1,1,Horse Girl
FALSE,none,3100000,,FALSE,FALSE,,1,1,Horsemen
TRUE,Korean,111400000,2400000,TRUE,TRUE,2020-03-12,4,2,Hospital Playlist
FALSE,Japanese,100000,,FALSE,FALSE,,1,1,Hospitality Department
FALSE,Chinese_or_Kanji,500000,,TRUE,TRUE,,1,1,Hospital
FALSE,none,300000,,FALSE,FALSE,,1,1,Hostage (2005)
FALSE,none,1400000,,FALSE,FALSE,,1,1,Hostage House
FALSE,Korean,100000,,FALSE,FALSE,,1,1,Hostage: Missing Celebrity
TRUE,Hebrew,1000000,100000,FALSE,FALSE,,3,2,Hostages
FALSE,none,800000,,FALSE,FALSE,,1,1,Hostel (2005)
FALSE,none,1900000,,FALSE,FALSE,,1,1,Hostel: Part III
FALSE,none,900000,,FALSE,FALSE,,1,1,Hostel: Part II
FALSE,none,300000,,FALSE,FALSE,,1,1,Hostiles (2017)
FALSE,none,100000,,FALSE,FALSE,,1,1,Host
FALSE,none,1500000,,FALSE,FALSE,,1,1,Hot Fuzz
FALSE,Japanese,300000,,TRUE,TRUE,2019-12-28,1,1,Hot Gimmick: Girl Meets Boy
TRUE,none,1600000,100000,TRUE,TRUE,2017-04-21,2,1,Hot Girls Wanted: Turned On
FALSE,none,1100000,,TRUE,TRUE,2015-05-29,1,1,Hot Girls Wanted
FALSE,none,100000,,FALSE,FALSE,,1,1,Hot Pursuit (2015)
FALSE,Japanese,100000,,FALSE,FALSE,,1,1,Hot Road
FALSE,none,100000,,FALSE,FALSE,,1,1,Hot Rod
FALSE,none,100000,,FALSE,FALSE,,1,1,Hot Seat
TRUE,Latin,11400000,200000,TRUE,TRUE,2022-12-02,2,1,Hot Skull
TRUE,Korean,12900000,200000,FALSE,FALSE,,2,1,Hot Stove League
FALSE,Korean,200000,,FALSE,FALSE,,1,1,Hot Young Bloods
TRUE,Japanese,200000,,FALSE,FALSE,,2,2,Hotaru no Hikari: It's Only A Little Light In My Life
FALSE,none,100000,,FALSE,FALSE,,1,1,Hotel Artemis
TRUE,Latin,100000,,FALSE,FALSE,,1,1,Hotel Beau Séjour
FALSE,none,100000,,FALSE,FALSE,,1,1,Hotel de grote L
TRUE,Korean,33200000,800000,TRUE,FALSE,,2,1,Hotel Del Luna
FALSE,none,100000,,FALSE,FALSE,,1,1,Hotel for Dogs
FALSE,Korean,100000,,FALSE,FALSE,,1,1,Hotel Lake
FALSE,none,1400000,,FALSE,FALSE,,1,1,Hotel Mumbai
FALSE,none,35900000,,FALSE,FALSE,,1,1,Hotel Transylvania (2012)
FALSE,none,67000000,,FALSE,FALSE,,1,1,Hotel Transylvania 2
FALSE,none,27300000,,FALSE,FALSE,,1,1,Hotel Transylvania 3: Summer Vacation
TRUE,none,16200000,500000,FALSE,FALSE,,2,1,Hotel Transylvania
FALSE,Latin,1600000,,FALSE,FALSE,,1,1,Houba! On the Trail of the Marsupilami
FALSE,Devanagari,600000,,TRUE,TRUE,2019-11-15,1,1,House Arrest
FALSE,none,400000,,FALSE,FALSE,,1,1,House at the End of the Street
FALSE,none,100000,,FALSE,FALSE,,1,1,"House of 1,000 Corpses"
TRUE,none,4500000,100000,FALSE,FALSE,,2,1,House of Anubis
TRUE,none,145700000,7200000,TRUE,FALSE,2013-02-01,12,6,House of Cards
FALSE,Chinese_or_Kanji,100000,,FALSE,FALSE,,1,1,House of Flying Daggers
FALSE,Korean,100000,,FALSE,FALSE,,1,1,House of Hummingbird
TRUE,none,5000000,1100000,TRUE,TRUE,2021-10-08,2,1,House of Secrets: The Burari Deaths
FALSE,Latin,100000,,FALSE,FALSE,,1,1,House of Voices
FALSE,none,700000,,FALSE,FALSE,,1,1,House of Wax
FALSE,none,500000,,FALSE,FALSE,,1,1,Housesitter
FALSE,none,200000,,FALSE,FALSE,,1,1,Housos vs. Authority
TRUE,Japanese,8100000,1200000,FALSE,FALSE,,2,2,How a Realist Hero Rebuilt the Kingdom
TRUE,Japanese,300000,,FALSE,FALSE,,1,1,How About Coffee
FALSE,Latin,800000,,FALSE,FALSE,,1,1,How Am I? I'll Tell You Next Summer
FALSE,none,6000000,,FALSE,FALSE,,1,1,How Do You Know
FALSE,Japanese,400000,100000,FALSE,FALSE,,2,1,How do you like Wednesday?: Across the Australian continent (1997)
FALSE,Japanese,800000,100000,FALSE,FALSE,,2,1,How do you like Wednesday?: Build a House in Hokkaido (2019)
FALSE,Japanese,200000,100000,FALSE,FALSE,,2,1,How do you like Wednesday?: Card draw Journey Hokkaido Ⅰ (1997)
FALSE,Japanese,200000,100000,FALSE,FALSE,,2,1,How do you like Wednesday?: Card draw Journey Hokkaido ⅠⅠ (1997)
FALSE,Japanese,600000,100000,FALSE,FALSE,,2,1,How do you like Wednesday?: Crazy Fishing in lriomote-jima (2005)
FALSE,Japanese,700000,200000,FALSE,FALSE,,2,1,How do you like Wednesday?: Down the Yukon: Canoe Trip from Hell (2001)
FALSE,Japanese,200000,100000,FALSE,FALSE,,2,1,How do you like Wednesday?: Foodies Trip Korea (1997)
FALSE,Japanese,600000,100000,FALSE,FALSE,,2,1,How do you like Wednesday?: Jungle Revenge (2004)
FALSE,Japanese,600000,100000,FALSE,FALSE,,2,1,"How do you like Wednesday?: Last Run, 1800km Down Vietnam (2002)"
FALSE,Japanese,200000,100000,FALSE,FALSE,,2,1,How do you like Wednesday?: Let's roll for it! 1 (1996)
FALSE,Japanese,200000,100000,FALSE,FALSE,,2,1,How do you like Wednesday?: Let's roll for it! 2 (1996)
FALSE,Japanese,400000,100000,FALSE,FALSE,,2,1,How do you like Wednesday?: Let's roll for it! 3 (1997)
FALSE,Japanese,300000,100000,FALSE,FALSE,,2,1,How do you like Wednesday?: Let's roll for it! 4 (1998)
FALSE,Japanese,200000,100000,FALSE,FALSE,,2,1,How do you like Wednesday?: Let's Roll for It! 5 (1998)
FALSE,Japanese,200000,100000,FALSE,FALSE,,2,1,How do you like Wednesday?: Let's Roll for It! 6 (1999)
FALSE,Japanese,300000,200000,FALSE,FALSE,,1,1,How do you like Wednesday?: Malaysia Jungle Expedition (1998)
FALSE,Japanese,700000,100000,FALSE,FALSE,,2,1,How do you like Wednesday?: Mission complete: we've encompassed 20 European countries (2007)
FALSE,Japanese,1000000,100000,FALSE,FALSE,,2,1,How do you like Wednesday?: Mopeds Throughout Japan (2011)
FALSE,Japanese,200000,100000,FALSE,FALSE,,2,1,How do you like Wednesday?: Onsen Journey for cure (1996)
FALSE,Japanese,700000,200000,FALSE,FALSE,,2,1,How do you like Wednesday?: Our 21st year completing our mission in 21 European countries (2020)
FALSE,Japanese,1000000,100000,FALSE,FALSE,,2,1,How do you like Wednesday?: The battle of sweets (2001)
FALSE,Japanese,400000,100000,FALSE,FALSE,,2,1,How do you like Wednesday?: The Longest Cooking Show (1998)
FALSE,Japanese,300000,100000,FALSE,FALSE,,2,1,How do you like Wednesday?: Trip to Tokyo 2 day 3 night 70 km (1998)
FALSE,Japanese,800000,100000,FALSE,FALSE,,2,1,How do you like Wednesday?: We made it! Covered 21 European countries (1997)
FALSE,Japanese,600000,100000,FALSE,FALSE,,2,1,How do you like Wednesday?: What's up Europe? We've returned! (1999)
FALSE,none,2300000,,FALSE,FALSE,,1,1,How High 2
FALSE,none,5700000,,FALSE,FALSE,,1,1,How High
FALSE,Latin,27900000,,TRUE,TRUE,2020-06-01,1,1,How I Became a Gangster
FALSE,Latin,4800000,,TRUE,TRUE,2021-07-09,1,1,How I Became a Superhero
FALSE,Latin,3000000,,TRUE,TRUE,2022-01-05,1,1,How I Fell in Love with a Gangster
FALSE,none,18600000,,TRUE,TRUE,2018-07-13,1,1,How It Ends
FALSE,Latin,100000,,FALSE,FALSE,,1,1,How Much Does the Trojan Horse Weigh?
FALSE,Latin,200000,,FALSE,FALSE,,1,1,How She Left Me
FALSE,none,100000,,FALSE,FALSE,,1,1,How the Beatles Changed the World
FALSE,none,16900000,,FALSE,FALSE,,1,1,How the Grinch Stole Christmas
TRUE,none,1100000,100000,FALSE,FALSE,,2,1,How the Nazis Lost the War
TRUE,none,1600000,300000,TRUE,TRUE,2021-09-01,2,1,How to Be a Cowboy
FALSE,Latin,100000,,FALSE,FALSE,,1,1,How to Be a Good Wife
FALSE,none,1900000,,FALSE,FALSE,,1,1,How to Be a Latin Lover
FALSE,Latin,1100000,,FALSE,FALSE,,1,1,How to Be Really Bad
FALSE,none,1700000,,FALSE,FALSE,,1,1,How to Be Single
TRUE,none,21200000,6600000,TRUE,TRUE,2023-07-28,1,1,How to Become a Cult Leader
TRUE,none,19400000,6400000,TRUE,TRUE,2023-11-14,1,1,How to Become a Mob Boss
TRUE,none,9000000,1400000,TRUE,TRUE,2021-07-09,2,1,How to Become a Tyrant
TRUE,Latin,2100000,300000,FALSE,FALSE,,1,1,How To Become Crazy Rich In Eastern Europe
FALSE,Latin,800000,,FALSE,FALSE,,1,1,How to Become the Worst Student at School
FALSE,Latin,600000,,FALSE,FALSE,,1,1,How to Break Up With Your Loser
FALSE,none,100000,,FALSE,FALSE,,1,1,How to Build a Girl
TRUE,none,5000000,300000,TRUE,TRUE,2022-07-08,2,1,How To Build a Sex Room
TRUE,none,10200000,1100000,FALSE,FALSE,2022-07-12,2,1,How to Change Your Mind
FALSE,none,100000,,FALSE,FALSE,,1,1,How to Eat Fried Worms
TRUE,Japanese,1100000,200000,FALSE,FALSE,,2,1,How to Eliminate My Teacher
TRUE,none,5700000,900000,TRUE,TRUE,2020-04-01,2,1,How to Fix a Drug Scandal
TRUE,none,262200000,12100000,FALSE,FALSE,,12,6,How to Get Away With Murder
FALSE,Latin,1100000,,TRUE,TRUE,2018-10-19,1,1,How to Get Over a Breakup
TRUE,none,43800000,2100000,TRUE,TRUE,2023-04-18,2,1,How to Get Rich
FALSE,Latin,100000,,FALSE,FALSE,,1,1,How to Get Rid of the Bride
TRUE,none,300000,,FALSE,FALSE,,1,1,How to Live Mortgage Free with Sarah Beeny
FALSE,none,10100000,,FALSE,FALSE,,1,1,How to Lose a Guy in 10 Days
FALSE,none,700000,,FALSE,FALSE,,1,1,How to Make an American Quilt
FALSE,none,2100000,400000,TRUE,TRUE,2022-12-09,2,1,How to Ruin Christmas: The Baby Shower
FALSE,none,2400000,400000,TRUE,TRUE,2021-12-10,2,1,How to Ruin Christmas: The Funeral
FALSE,none,2300000,600000,TRUE,TRUE,2020-12-16,2,1,How to Ruin Christmas: The Wedding
TRUE,none,25400000,3600000,TRUE,TRUE,2019-05-31,6,3,How to Sell Drugs Online (Fast)
FALSE,none,18500000,,FALSE,FALSE,,1,1,How to Train Your Dragon 2
FALSE,none,400000,,FALSE,FALSE,,1,1,How to Train Your Dragon: The Hidden World
FALSE,none,16900000,,FALSE,FALSE,,1,1,How to Train Your Dragon
FALSE,none,200000,,FALSE,FALSE,,1,1,Howards End (1992)
FALSE,Chinese_or_Kanji,200000,,FALSE,FALSE,,1,1,Howling Village
FALSE,Japanese,16900000,,FALSE,FALSE,,1,1,Howl’s Moving Castle
FALSE,none,100000,,FALSE,FALSE,,1,1,Howzat! Kerry Packer's War
FALSE,Japanese,1700000,200000,FALSE,FALSE,,2,1,Hozuki's Coolheadedness: Season 2 Part 1
FALSE,Japanese,1700000,100000,FALSE,FALSE,,2,1,Hozuki's Coolheadedness: Season 2 Part 2
TRUE,Japanese,2200000,200000,FALSE,FALSE,,2,1,Hozuki's Coolheadedness
TRUE,Latin,900000,,FALSE,FALSE,,1,1,Hubert & Fanny
FALSE,none,100000,,FALSE,FALSE,,1,1,Hubert und Staller - Unter Wölfen
FALSE,none,200000,,FALSE,FALSE,,1,1,Hubert und Staller: Die ins Gras beissen
FALSE,none,100000,,FALSE,FALSE,,1,1,Hubert und Staller: Eine schöne Bescherung
TRUE,Latin,25500000,1000000,FALSE,FALSE,,20,10,Hubert und Staller
FALSE,none,12000000,,TRUE,TRUE,2020-10-07,1,1,Hubie Halloween
FALSE,none,2000000,,FALSE,FALSE,,1,1,Hudson Hawk
TRUE,Latin,900000,400000,FALSE,FALSE,,8,4,Hug me
TRUE,none,900000,100000,TRUE,TRUE,2019-04-12,2,1,Huge in France
FALSE,none,300000,,FALSE,FALSE,,1,1,Hugo
FALSE,none,400000,,FALSE,FALSE,,1,1,Hui Buh - das Schlossgespenst
FALSE,none,1200000,,FALSE,FALSE,,1,1,Hulk
FALSE,Devanagari,1300000,,FALSE,FALSE,,1,1,Hum Aapke Hain Koun
FALSE,Devanagari,1900000,,FALSE,FALSE,,1,1,Hum Saath-Saath Hain
FALSE,none,800000,,FALSE,FALSE,,1,1,Human Capital (2019)
FALSE,Latin,100000,,FALSE,FALSE,,1,1,Human Capital
TRUE,none,11500000,800000,TRUE,TRUE,2022-09-30,2,1,Human Playground
TRUE,none,46900000,4100000,TRUE,TRUE,2022-03-18,4,2,Human Resources
TRUE,none,15100000,1200000,TRUE,TRUE,2021-06-04,2,1,Human: The World Within
FALSE,Devanagari,1100000,,FALSE,FALSE,,1,1,Humpty Sharma Ki Dulhania
FALSE,Thai,92300000,,TRUE,TRUE,2023-04-08,1,1,Hunger
FALSE,none,600000,,FALSE,FALSE,,1,1,Hunt for the Wilderpeople
FALSE,none,100000,,FALSE,FALSE,,1,1,Hunt for U-479
FALSE,none,13100000,,FALSE,FALSE,,1,1,Hunter Killer
TRUE,Japanese,275200000,20400000,FALSE,FALSE,,12,6,Hunter X Hunter (2011)
FALSE,none,500000,,FALSE,FALSE,,1,1,Hunter's Prayer
FALSE,Devanagari,100000,,FALSE,FALSE,,1,1,Hunterrr
FALSE,Korean,2800000,,FALSE,FALSE,,1,1,Hunt
FALSE,none,900000,,FALSE,FALSE,,1,1,Hurdang
FALSE,none,200000,,FALSE,FALSE,,1,1,Hurricane (2018)
TRUE,Thai,800000,100000,TRUE,TRUE,2022-07-13,2,1,Hurts Like Hell
FALSE,Latin,200000,,FALSE,FALSE,,1,1,HUSBAND & WIFE
FALSE,none,500000,,FALSE,FALSE,,1,1,Hush (1998)
FALSE,none,3100000,,TRUE,TRUE,,1,1,Hush (2016)
FALSE,none,200000,,FALSE,FALSE,,1,1,Hushaaru
TRUE,none,700000,200000,FALSE,FALSE,,5,3,Hush
FALSE,Latin,800000,,FALSE,FALSE,,1,1,Hustler vs Scammer
FALSE,none,1000000,,FALSE,FALSE,2020-07-03,1,1,Hustlers
FALSE,none,25700000,,TRUE,TRUE,2022-06-08,1,1,Hustle
TRUE,Korean,18400000,400000,FALSE,FALSE,,2,1,Hwarang
FALSE,Korean,400000,,FALSE,FALSE,,1,1,Hwayi: A Monster Boy
TRUE,Korean,4900000,200000,FALSE,FALSE,,2,1,"Hyde, Jekyll, Me"
TRUE,Korean,9600000,100000,FALSE,FALSE,,2,1,HYE MI LEE YE CHAE PA
FALSE,none,600000,,FALSE,FALSE,,1,1,Hyena Road
TRUE,Japanese,1500000,200000,FALSE,FALSE,,1,1,Hyena
TRUE,Korean,8100000,200000,TRUE,TRUE,2020-02-21,2,1,Hyena
TRUE,Korean,1900000,400000,FALSE,FALSE,2018-11-27,2,1,Hymn of Death
TRUE,none,700000,300000,FALSE,FALSE,,1,1,Hype (2022)
TRUE,none,1600000,200000,TRUE,TRUE,2022-01-07,2,1,Hype House
TRUE,Japanese,100000,,FALSE,FALSE,,1,1,Hyper HardBoiled Gourmet Report
TRUE,none,6300000,300000,TRUE,TRUE,2019-08-21,2,1,Hyperdrive
FALSE,none,6500000,,TRUE,TRUE,2021-10-27,1,1,Hypnotic
FALSE,Latin,900000,,FALSE,FALSE,,1,1,Hádek Family
FALSE,none,1000000,,FALSE,FALSE,,1,1,Héctor el Father: Conocerás la verdad
TRUE,none,900000,100000,FALSE,FALSE,,2,1,Höllgrund
FALSE,none,100000,,FALSE,FALSE,,1,1,I 2 pompieri
FALSE,Japanese,200000,,FALSE,FALSE,,1,1,I Am a Hero
TRUE,none,4000000,700000,TRUE,TRUE,2020-08-28,2,1,I AM A KILLER: RELEASED
TRUE,none,60600000,3300000,TRUE,FALSE,2018-08-03,8,4,I AM A KILLER
TRUE,none,18100000,1200000,FALSE,FALSE,2022-10-28,2,1,I AM A STALKER
FALSE,none,10100000,,TRUE,TRUE,2021-05-14,1,1,I Am All Girls
FALSE,none,500000,,FALSE,FALSE,,1,1,I Am Bolt
TRUE,Latin,84100000,2100000,TRUE,TRUE,2022-01-27,4,2,I Am Georgina
TRUE,Cyrillic,500000,100000,FALSE,FALSE,,2,1,I am Hope
FALSE,Latin,300000,,TRUE,TRUE,2020-03-06,1,1,I am Jonas
FALSE,none,2400000,,FALSE,FALSE,,1,1,I Am Legend (2007)
FALSE,Latin,100000,,FALSE,FALSE,,1,1,I Am Love
FALSE,Japanese,100000,,FALSE,FALSE,,1,1,I am Me ~ OL Yoko's Late Night Overtime
TRUE,Japanese,800000,100000,FALSE,FALSE,,2,1,"I am Mita, Your Housekeeper."
FALSE,none,5800000,,FALSE,FALSE,2019-06-07,1,1,I Am Mother
FALSE,Latin,2100000,,TRUE,TRUE,2018-04-13,1,1,I Am Not an Easy Man
FALSE,Chinese_or_Kanji,100000,,FALSE,FALSE,,1,1,I Am Not Madame Bovary
TRUE,none,6400000,1000000,TRUE,TRUE,2020-02-26,2,1,I Am Not Okay With This
FALSE,none,100000,,FALSE,FALSE,,1,1,I Am Soldier
FALSE,Korean,3400000,100000,FALSE,FALSE,,2,1,I am Solo: Part 1 - Part 4
FALSE,Korean,53200000,600000,FALSE,FALSE,,2,1,I am Solo: Part 13 - Part 16
FALSE,Korean,1900000,,FALSE,FALSE,,1,1,I am Solo: Part 5 - Part 8
FALSE,Korean,15000000,100000,FALSE,FALSE,,2,1,I am Solo: Part 9 - Part 12
TRUE,Korean,14000000,800000,FALSE,FALSE,,1,1,I am Solo
FALSE,none,600000,,TRUE,TRUE,2016-10-28,1,1,I Am the Pretty Thing That Lives in the House
FALSE,Latin,100000,,FALSE,FALSE,,1,1,I AM THE SEA
TRUE,none,600000,100000,FALSE,FALSE,,2,1,I Am U
FALSE,none,2700000,,TRUE,TRUE,2022-11-17,1,1,I Am Vanessa Guillen
FALSE,none,1500000,,TRUE,TRUE,2022-12-14,1,1,I Believe in Santa
FALSE,none,15500000,,TRUE,TRUE,2022-08-31,1,1,I Came By
FALSE,Latin,100000,,FALSE,FALSE,,1,1,I Can Hold It Long
FALSE,Latin,200000,,FALSE,FALSE,,1,1,I Can Quit Any Time I Want to
FALSE,Latin,100000,,FALSE,FALSE,,1,1,I Can Quit Whenever I Want: Ad Honorem
FALSE,Latin,100000,,FALSE,FALSE,,1,1,I Can Quit Whenever I Want: Masterclass
FALSE,Latin,200000,,FALSE,FALSE,,1,1,I Can Quit Whenever I Want
TRUE,none,100000,,FALSE,FALSE,,1,1,I Can See You: High-Rise Lovers
TRUE,none,100000,,FALSE,FALSE,,1,1,I Can See You: Truly. Madly. Deadly.
TRUE,Japanese,2400000,900000,FALSE,FALSE,,1,1,I Cannot Reach You
FALSE,none,7700000,,FALSE,FALSE,2021-02-19,1,1,I Care a Lot
TRUE,none,20900000,900000,FALSE,FALSE,,4,4,I Cesaroni
FALSE,Latin,200000,,FALSE,FALSE,,1,1,I Do Bidoo Bidoo
FALSE,none,1700000,,TRUE,TRUE,2017-02-24,1,1,I Don't Feel at Home in This World Anymore
FALSE,none,1400000,,FALSE,FALSE,,1,1,I Don't Know How She Does It
FALSE,Latin,500000,,FALSE,FALSE,,1,1,I Don't Know Whether to Slit My Wrists or Leave Them Long
FALSE,none,500000,,FALSE,FALSE,2018-07-20,1,1,I Feel Pretty
FALSE,Thai,300000,,FALSE,FALSE,,1,1,I Fine... Thank You... Love You
FALSE,none,1000000,,FALSE,FALSE,,1,1,I Give It a Year
FALSE,Japanese,9300000,1100000,FALSE,FALSE,,2,1,"I Got a Cheat Skill in Another World and Became Unrivaled in the Real World, Too"
TRUE,Latin,35900000,10200000,TRUE,TRUE,2022-12-07,3,2,I Hate Christmas
FALSE,none,1900000,,FALSE,FALSE,,1,1,I Hate Kids
FALSE,Devanagari,500000,,FALSE,FALSE,,1,1,I Hate Luv Storys
TRUE,Arabic,200000,,FALSE,FALSE,,1,1,I Have a Script
FALSE,Japanese,100000,,FALSE,FALSE,,1,1,"I Have Loved You for 30 Years, Yayoi"
TRUE,Korean,9000000,300000,FALSE,FALSE,,2,1,I Hear Your Voice
TRUE,Chinese_or_Kanji,11500000,400000,FALSE,FALSE,,2,1,I Hear You
TRUE,none,1400000,100000,TRUE,TRUE,2021-08-27,2,1,I Heart Arlo
TRUE,none,10200000,1900000,TRUE,TRUE,2022-08-09,2,1,I Just Killed My Dad
FALSE,none,800000,,FALSE,FALSE,,1,1,I Kill Giants
FALSE,none,100000,,FALSE,FALSE,,1,1,I Know What You Did Last Raya
FALSE,none,2700000,,FALSE,FALSE,,1,1,I Know What You Did Last Summer (1997)
FALSE,none,400000,,FALSE,FALSE,,1,1,I Know Who Killed Me
TRUE,none,700000,,FALSE,FALSE,,1,1,I Left My Heart in Sorsogon
FALSE,Latin,10900000,,FALSE,FALSE,,1,1,I Like It But It Scares Me
FALSE,Latin,300000,,FALSE,FALSE,2019-11-29,1,1,I Lost My Body
FALSE,none,100000,,FALSE,FALSE,,1,1,I Love Venice
FALSE,none,200000,,FALSE,FALSE,,1,1,I Love You to Death (2016)
FALSE,Thai,100000,,FALSE,FALSE,,1,1,I Love You Two
FALSE,none,700000,,FALSE,FALSE,,1,1,"I Love You, Man"
FALSE,Latin,1000000,,TRUE,TRUE,2020-05-15,1,1,"I love you, stupid"
FALSE,none,2700000,,FALSE,FALSE,,1,1,I migliori giorni
FALSE,Thai,5200000,200000,TRUE,TRUE,,2,1,I Need Romance
FALSE,Latin,100000,,FALSE,FALSE,,1,1,I Never Cry
FALSE,none,8100000,,FALSE,FALSE,,1,1,I Now Pronounce You Chuck and Larry
TRUE,Thai,500000,,FALSE,FALSE,,1,1,I Promised You the Moon
FALSE,Korean,400000,,FALSE,FALSE,,1,1,I Saw the Devil
TRUE,Thai,1200000,,FALSE,FALSE,,1,1,I See Dead People
FALSE,none,30000000,,FALSE,FALSE,2020-07-09,1,1,I See You
TRUE,Thai,200000,,FALSE,FALSE,,1,1,I See You
FALSE,none,200000,,FALSE,FALSE,,1,1,I soliti idioti
FALSE,none,700000,,FALSE,FALSE,,1,1,I Spit on Your Grave (2010)
FALSE,none,4700000,,FALSE,FALSE,,1,1,I Still Believe
FALSE,none,100000,,FALSE,FALSE,,1,1,I Still Know What You Did Last Summer
FALSE,none,200000,,FALSE,FALSE,,1,1,I Still See You
TRUE,none,5800000,100000,FALSE,FALSE,,2,1,I Survived a Crime
FALSE,Latin,1700000,,FALSE,FALSE,,1,1,I Swear It Wasn't Me
FALSE,none,200000,,FALSE,FALSE,,1,1,I Think We're Alone Now (2018)
TRUE,none,27400000,8400000,TRUE,TRUE,2019-04-23,6,3,I Think You Should Leave with Tim Robinson
TRUE,Thai,900000,,FALSE,FALSE,,1,1,I Told Sunset About You
FALSE,none,6300000,,TRUE,TRUE,2022-09-16,1,1,I Used to Be Famous
FALSE,Japanese,300000,,FALSE,FALSE,,1,1,I Want to Eat Your Pancreas
TRUE,Arabic,300000,,FALSE,FALSE,,1,1,I Want to Get Married
FALSE,Latin,400000,,FALSE,FALSE,,1,1,I Want You
FALSE,Japanese,100000,,FALSE,FALSE,,1,1,I Was a Secret Bitch
TRUE,Japanese,8800000,300000,FALSE,FALSE,,2,1,I Will Be Your Bloom
FALSE,Japanese,100000,100000,FALSE,FALSE,,1,1,I Will Do It In the Next Life: New Year Special 2022.
TRUE,Japanese,1400000,300000,FALSE,FALSE,,5,3,I Will Do It In the Next Life
FALSE,Korean,100000,,FALSE,FALSE,,1,1,I Wish I Had a Wife
TRUE,none,37700000,10700000,TRUE,TRUE,2023-10-17,1,1,I Woke Up A Vampire
FALSE,Cyrillic,100000,,FALSE,FALSE,,1,1,I Work at the Cemetery
FALSE,none,200000,,FALSE,FALSE,,1,1,I'll Follow You Down
FALSE,Latin,100000,,FALSE,FALSE,,1,1,I'll Sell My Skin Dearly
FALSE,none,100000,,TRUE,TRUE,2016-08-19,1,1,I'll Sleep When I'm Dead
TRUE,Japanese,1700000,100000,FALSE,FALSE,,2,1,"I'm a Villainous Daughter, so I’m going to keep the Last Boss!"
FALSE,none,200000,100000,TRUE,TRUE,2015-12-01,2,1,I'm Brent Morin
TRUE,Korean,100000,,FALSE,FALSE,,1,1,"I'm crazy, for you!"
FALSE,none,300000,,FALSE,FALSE,,1,1,"I'm Drunk, I Love You"
FALSE,Latin,100000,,FALSE,FALSE,,1,1,I'm Glad I Did
TRUE,Japanese,200000,,FALSE,FALSE,,1,1,I'm Home
FALSE,Latin,1800000,,TRUE,TRUE,2020-05-27,1,1,I'm No Longer Here
TRUE,Korean,6600000,200000,FALSE,FALSE,,2,1,I'm not a robot
FALSE,Latin,200000,,FALSE,FALSE,,1,1,I'm Off Then
FALSE,Latin,100000,,FALSE,FALSE,,1,1,I'm So Excited
FALSE,Korean,3000000,100000,FALSE,FALSE,,1,1,"I'm SOLO, Love goes on: 2023"
TRUE,Korean,100000,,FALSE,FALSE,,1,1,"I'm SOLO, Love goes on"
TRUE,Japanese,500000,,FALSE,FALSE,,2,2,I'm Standing on a Million Lives
TRUE,Japanese,1300000,100000,FALSE,FALSE,,2,1,I'm Taking the Day Off
FALSE,none,2600000,,TRUE,TRUE,2020-09-04,1,1,I'm Thinking of Ending Things
FALSE,Japanese,200000,,FALSE,FALSE,,1,1,I'm Underage But I'm Not a Child
TRUE,Japanese,100000,,FALSE,FALSE,,1,1,I'm Your Destiny
FALSE,none,3300000,,FALSE,FALSE,,1,1,"I, Frankenstein"
FALSE,Chinese_or_Kanji,100000,,FALSE,FALSE,,1,1,"I, Myself"
FALSE,none,6600000,,FALSE,FALSE,,1,1,"I, Tonya"
FALSE,Latin,100000,,FALSE,FALSE,,1,1,i-Mania
TRUE,none,800000,200000,FALSE,FALSE,,1,1,I3P
FALSE,none,3100000,,FALSE,FALSE,,1,1,Ibiza (2019)
FALSE,none,2100000,,TRUE,TRUE,2018-05-25,1,1,Ibiza
FALSE,none,2200000,,TRUE,TRUE,2017-01-27,1,1,iBOY
TRUE,none,138600000,9600000,FALSE,FALSE,,10,5,iCarly (2007)
FALSE,none,1000000,,TRUE,TRUE,2017-08-04,1,1,Icarus
TRUE,Chinese_or_Kanji,200000,,FALSE,FALSE,,1,1,Ice Fantasy
FALSE,Latin,600000,,FALSE,FALSE,,1,1,Ice Princess Lily
FALSE,none,100000,,FALSE,FALSE,,1,1,Iceland: On Top of the World
FALSE,Japanese,700000,100000,TRUE,FALSE,2017-04-08,2,1,ID-0: シーズン1
FALSE,none,1200000,,FALSE,FALSE,,1,1,ID2: Shadwell Army
TRUE,none,200000,,TRUE,TRUE,2022-02-09,1,1,Ideias à Venda
FALSE,none,1200000,,FALSE,FALSE,,1,1,Identity (2003)
FALSE,Latin,100000,,FALSE,FALSE,,1,1,Identity Card
FALSE,none,3300000,,FALSE,FALSE,,1,1,Identity Thief
FALSE,Latin,100000,,FALSE,FALSE,,1,1,Idiot Love
TRUE,Korean,100000,,FALSE,FALSE,,1,1,IDOL: The Coup
FALSE,none,700000,,TRUE,TRUE,2020-11-20,1,1,If Anything Happens I Love You
FALSE,none,1000000,,FALSE,FALSE,,1,1,If Beale Street Could Talk
TRUE,Latin,6400000,300000,TRUE,TRUE,2019-03-15,2,1,If I Hadn't Met You
FALSE,none,1000000,,FALSE,FALSE,,1,1,If I Leave Here Tomorrow: A Film About Lynyrd Skynyrd
FALSE,Latin,100000,,FALSE,FALSE,,1,1,If I Were a Boy
TRUE,none,800000,100000,FALSE,FALSE,,2,1,If I Were an Animal
TRUE,Latin,6100000,3300000,TRUE,TRUE,2023-12-13,1,1,If I Were Luísa Sonza
FALSE,Latin,100000,,FALSE,FALSE,,1,1,If I Were You
TRUE,Japanese,200000,,FALSE,FALSE,,1,1,If I'd Kissed Her
FALSE,Latin,1100000,,FALSE,FALSE,,1,1,"If It Don't Fit, Use a Bigger Hammer"
FALSE,Latin,300000,,FALSE,FALSE,,1,1,If It's Meant To Be
TRUE,Japanese,500000,,FALSE,FALSE,,1,1,"If My Favorite Pop Idol Made It to the Budokan, I Would Die"
TRUE,Latin,24600000,1900000,TRUE,TRUE,2022-10-28,2,1,If Only
FALSE,Chinese_or_Kanji,100000,,FALSE,FALSE,,1,1,If You Are the One
FALSE,none,1900000,,FALSE,FALSE,,1,1,Igor
FALSE,none,2100000,,FALSE,FALSE,,1,1,Ijakumo: The Born Again Stripper
FALSE,none,200000,,FALSE,FALSE,,1,1,Ije: The Journey
TRUE,Japanese,14400000,200000,FALSE,FALSE,,2,1,Ikebukuro West Gate Park (2000)
TRUE,Japanese,100000,,FALSE,FALSE,,1,1,Ikebukuro West Gate Park (2020)
FALSE,none,300000,,FALSE,FALSE,,1,1,Il Boemo
FALSE,none,100000,,FALSE,FALSE,,1,1,Il Campione
FALSE,none,300000,,FALSE,FALSE,,1,1,Il ciclone
FALSE,none,100000,,FALSE,FALSE,,1,1,Il cosmo sul comò
FALSE,none,100000,,FALSE,FALSE,,1,1,Il Divo
FALSE,none,900000,,FALSE,FALSE,,1,1,Il giorno più bello del mondo
FALSE,none,100000,,FALSE,FALSE,,1,1,Il grande salto
FALSE,Korean,300000,,FALSE,FALSE,,1,1,Il Mare
FALSE,none,100000,,FALSE,FALSE,,1,1,Il nome del figlio
FALSE,none,200000,,FALSE,FALSE,,1,1,Il nome della rosa: Stagione 1
FALSE,none,200000,,FALSE,FALSE,,1,1,Il premio
FALSE,none,200000,,FALSE,FALSE,,1,1,Il primo Natale
FALSE,none,500000,,FALSE,FALSE,,1,1,Il principe abusivo
FALSE,none,1500000,,FALSE,FALSE,,1,1,Ile Owo
FALSE,none,300000,,FALSE,FALSE,,1,1,Ilhados
FALSE,none,500000,200000,TRUE,TRUE,2016-09-23,2,1,Iliza Shlesinger: Confirmed Kills
FALSE,none,600000,200000,TRUE,TRUE,2018-07-24,2,1,Iliza Shlesinger: Elder Millennial
FALSE,none,300000,100000,TRUE,TRUE,2015-01-23,2,1,Iliza Shlesinger: Freezing Hot
FALSE,none,1200000,400000,TRUE,TRUE,2022-10-11,2,1,Iliza Shlesinger: Hot Forever
FALSE,none,500000,200000,TRUE,TRUE,2019-11-19,2,1,Iliza Shlesinger: Unveiled
FALSE,Korean,2300000,,TRUE,TRUE,2018-10-19,1,1,Illang: The Wolf Brigade
FALSE,none,3000000,,FALSE,FALSE,,1,1,İllegal Hayatlar
FALSE,Latin,200000,,FALSE,FALSE,,1,1,Illegal Woman
TRUE,Latin,800000,100000,FALSE,FALSE,,1,1,Illegals
FALSE,Latin,3100000,,FALSE,FALSE,,1,1,Illusion
FALSE,Hebrew,100000,,FALSE,FALSE,,1,1,Image of Victory
FALSE,none,1400000,,FALSE,FALSE,,1,1,Imagine That (2009)
FALSE,Korean,800000,,FALSE,FALSE,,1,1,Imitation
TRUE,none,1800000,100000,TRUE,TRUE,2020-08-03,2,1,Immigration Nation
FALSE,Chinese_or_Kanji,1200000,,FALSE,FALSE,,1,1,Immortal Samsara
FALSE,none,900000,,FALSE,FALSE,,1,1,Immortals (2011)
TRUE,Latin,4400000,300000,FALSE,FALSE,2019-03-08,2,1,Immortals
FALSE,Latin,300000,,FALSE,FALSE,,1,1,Imperfect
FALSE,none,400000,,TRUE,TRUE,2017-02-03,1,1,Imperial Dreams
FALSE,Latin,400000,,FALSE,FALSE,,1,1,Impetigore
FALSE,Chinese_or_Kanji,200000,,FALSE,FALSE,,1,1,Impossibility Defense
TRUE,none,20500000,1400000,FALSE,FALSE,,4,2,Imposters
FALSE,none,1500000,,FALSE,FALSE,,1,1,In a Valley of Violence
FALSE,Latin,100000,,FALSE,FALSE,,1,1,In All Innocence
TRUE,none,100000,,FALSE,FALSE,,1,1,In aller Freundschaft - Die Krankenschwestern
TRUE,Japanese,2000000,400000,FALSE,FALSE,,2,2,In Another World With My Smartphone
FALSE,Latin,1900000,,FALSE,FALSE,2022-12-08,1,1,In Broad Daylight: The Narvarte Case
FALSE,none,600000,,FALSE,FALSE,,1,1,In Bruges
FALSE,none,300000,,FALSE,FALSE,2018-06-22,1,1,In Darkness
FALSE,none,200000,,FALSE,FALSE,,1,1,In Defense of a Married Man
FALSE,Latin,1800000,,TRUE,TRUE,2019-05-10,1,1,In Family I Trust
FALSE,Latin,5300000,,TRUE,TRUE,2021-10-19,1,1,In for a Murder
FALSE,none,100000,,FALSE,FALSE,,1,1,In from the Cold? A Portrait of Richard Burton
TRUE,none,33500000,2300000,TRUE,TRUE,2022-01-28,2,1,In From the Cold
FALSE,none,500000,,FALSE,FALSE,,1,1,In From the Side
FALSE,none,100000,,FALSE,FALSE,,1,1,In Good Company (2004)
FALSE,Latin,7900000,,TRUE,TRUE,2022-03-21,1,1,In Good Hands
FALSE,none,800000,,TRUE,TRUE,2022-11-16,1,1,In Her Hands
FALSE,Latin,300000,,FALSE,FALSE,,1,1,In Her Name
FALSE,Japanese,100000,,FALSE,FALSE,,1,1,In His Chart
FALSE,Latin,30100000,,TRUE,TRUE,2023-03-17,1,1,In His Shadow
FALSE,none,800000,,FALSE,FALSE,,1,1,In Line
TRUE,Latin,50100000,1100000,TRUE,TRUE,2023-02-14,2,1,In Love All Over Again
FALSE,none,5400000,,FALSE,FALSE,,1,1,In My Dreams
FALSE,none,200000,,FALSE,FALSE,,1,1,In Oranje
FALSE,none,100000,,FALSE,FALSE,,1,1,In Our Mothers' Gardens
FALSE,Korean,200000,,FALSE,FALSE,,1,1,In Our Prime
TRUE,Arabic,500000,,FALSE,FALSE,,1,1,In the Bosom of a Thorn
FALSE,none,600000,,FALSE,FALSE,,1,1,In the Cut (2003)
TRUE,none,65500000,2400000,FALSE,FALSE,,8,4,In the Dark (2019)
FALSE,none,1500000,,FALSE,FALSE,,1,1,In the Earth
TRUE,Japanese,100000,,FALSE,FALSE,,1,1,In the Heart of Kunoichi Tsubaki
FALSE,none,3200000,,FALSE,FALSE,,1,1,In the Heart of the Sea
FALSE,none,300000,,FALSE,FALSE,,1,1,In the Heights
FALSE,none,100000,,FALSE,FALSE,,1,1,In the Land of Women
FALSE,none,900000,,FALSE,FALSE,,1,1,In the Line of Fire (1993)
FALSE,none,200000,,FALSE,FALSE,,1,1,In the Loop
FALSE,Chinese_or_Kanji,200000,,FALSE,FALSE,,1,1,In The Mood For Love
TRUE,Korean,42100000,400000,TRUE,TRUE,2023-03-03,2,1,In the Name of God: A Holy Betrayal
FALSE,none,100000,,FALSE,FALSE,,1,1,In the Name of the Father (1993)
FALSE,none,100000,,FALSE,FALSE,,1,1,In the Name of the King: A Dungeon Siege Tale
FALSE,Latin,800000,,FALSE,FALSE,,1,1,In the Name of the Land
FALSE,Japanese,800000,,FALSE,FALSE,,1,1,In the Realm of the Senses
FALSE,Latin,600000,,FALSE,FALSE,2017-05-01,1,1,In the Shadow of Iris
FALSE,none,12500000,,TRUE,TRUE,2019-09-27,1,1,In the Shadow of the Moon
FALSE,none,7600000,,TRUE,TRUE,2019-10-04,1,1,In the Tall Grass
FALSE,Japanese,600000,,FALSE,FALSE,,1,1,In the Wake
FALSE,Latin,100000,,FALSE,FALSE,,1,1,In Therapy
FALSE,Japanese,200000,,FALSE,FALSE,,1,1,In This Corner (and Other Corners) of the World
FALSE,Japanese,100000,,FALSE,FALSE,,1,1,In This Corner of the World
FALSE,Latin,100000,,FALSE,FALSE,,1,1,In Your Shoes
TRUE,Japanese,400000,,FALSE,FALSE,,1,1,In-House Marriage Honey
TRUE,Japanese,2600000,200000,FALSE,FALSE,,4,2,In/Spectre
TRUE,Japanese,7200000,300000,FALSE,FALSE,,3,2,Inazuma Eleven
TRUE,Chinese_or_Kanji,1800000,,TRUE,TRUE,,1,1,Inborn Pair
FALSE,Chinese_or_Kanji,6100000,,TRUE,TRUE,2022-07-08,1,1,Incantation
FALSE,none,900000,,FALSE,FALSE,,1,1,Incarnate
FALSE,none,7400000,,FALSE,FALSE,,1,1,Inception
FALSE,none,900000,,FALSE,FALSE,,1,1,Incident in a Ghostland
FALSE,none,400000,,FALSE,FALSE,,1,1,Indecent Proposal
FALSE,none,100000,,FALSE,FALSE,,1,1,India's Forgotten People
FALSE,none,400000,,FALSE,FALSE,,1,1,Indian Horse
TRUE,none,53200000,1600000,TRUE,TRUE,2020-07-16,6,3,Indian Matchmaking
TRUE,none,1600000,300000,TRUE,TRUE,2022-10-28,2,1,Indian Predator: Murder in a Courtroom
TRUE,Devanagari,1600000,300000,TRUE,TRUE,2022-07-20,2,1,Indian Predator: The Butcher of Delhi
FALSE,Devanagari,1200000,300000,TRUE,TRUE,2022-09-07,2,1,Indian Predator: The Diary of a Serial Killer
FALSE,Korean,100000,,FALSE,FALSE,,1,1,Indian Summer
FALSE,Devanagari,1200000,,FALSE,FALSE,,1,1,Indoo Ki Jawani
TRUE,Latin,27300000,4300000,TRUE,TRUE,2023-09-06,1,1,Infamy
FALSE,Chinese_or_Kanji,200000,,FALSE,FALSE,,1,1,Infernal Affairs III
FALSE,Chinese_or_Kanji,200000,,FALSE,FALSE,,1,1,Infernal Affairs II
FALSE,Chinese_or_Kanji,200000,,FALSE,FALSE,,1,1,Infernal Affairs
FALSE,none,6900000,,FALSE,FALSE,,1,1,Inferno (2016)
FALSE,none,39500000,,TRUE,TRUE,2023-02-03,1,1,Infiesto
FALSE,none,600000,,FALSE,FALSE,,1,1,Infinite Storm
FALSE,none,1900000,,FALSE,FALSE,,1,1,Infinite
TRUE,Japanese,1300000,300000,FALSE,FALSE,,1,1,Influence
TRUE,Japanese,7400000,300000,TRUE,FALSE,,2,1,Informa
TRUE,none,1500000,100000,FALSE,FALSE,,2,1,Informer
FALSE,none,5000000,,FALSE,FALSE,,1,1,Inglourious Basterds
TRUE,none,42000000,2100000,TRUE,TRUE,2017-03-23,4,2,Ingobernable
FALSE,none,400000,,FALSE,FALSE,,1,1,Ingoma
TRUE,none,800000,100000,TRUE,TRUE,2018-10-17,2,1,Ingress: The Animation
FALSE,none,100000,,FALSE,FALSE,,1,1,Inherit the Viper
FALSE,none,23000000,,FALSE,FALSE,,1,1,Inheritance (2020)
TRUE,Korean,46600000,1300000,TRUE,FALSE,,2,1,Inheritors
FALSE,Thai,100000,,FALSE,FALSE,,1,1,Inhuman Kiss: The Last Breath
FALSE,Thai,800000,,TRUE,TRUE,,1,1,Inhuman Kiss
TRUE,Latin,10600000,800000,TRUE,TRUE,2020-05-15,2,1,Inhuman Resources
FALSE,Chinese_or_Kanji,1600000,,TRUE,TRUE,,1,1,Initial D
FALSE,none,100000,,FALSE,FALSE,,1,1,Injustice (2021)
FALSE,Devanagari,100000,,FALSE,FALSE,,1,1,Inkaar
FALSE,none,900000,,FALSE,FALSE,,1,1,Inkheart
FALSE,Thai,100000,,TRUE,TRUE,,1,1,INKSYLAND Concert
FALSE,Korean,200000,,FALSE,FALSE,,1,1,Innocence
TRUE,none,400000,,FALSE,FALSE,,1,1,Innocent (2018)
FALSE,Korean,400000,,FALSE,FALSE,,1,1,Innocent Witness
TRUE,Latin,1700000,100000,TRUE,TRUE,,2,1,Innocent
FALSE,none,100000,,FALSE,FALSE,,1,1,Inocente
TRUE,none,74500000,4000000,TRUE,TRUE,2018-08-10,4,2,Insatiable
TRUE,none,61900000,14400000,FALSE,FALSE,,5,5,Insecure
FALSE,Latin,300000,,FALSE,FALSE,,1,1,Insensate
FALSE,none,4700000,,FALSE,FALSE,,1,1,Inseparables
TRUE,none,2500000,500000,TRUE,TRUE,2019-09-20,2,1,Inside Bill's Brain: Decoding Bill Gates
FALSE,none,300000,,FALSE,FALSE,,1,1,Inside Crime Scene
TRUE,none,60900000,5200000,TRUE,TRUE,2021-10-22,4,2,Inside Job
FALSE,none,23100000,,FALSE,FALSE,,1,1,Inside Man (2006)
FALSE,none,4500000,,FALSE,FALSE,,1,1,Inside Man: Most Wanted
TRUE,none,58500000,3800000,TRUE,TRUE,2022-10-31,2,1,Inside Man
FALSE,Korean,600000,,FALSE,FALSE,,1,1,Inside Men
FALSE,none,100000,,FALSE,FALSE,,1,1,Inside Royal Homes
FALSE,none,100000,,FALSE,FALSE,,1,1,Inside the Children's ICU
TRUE,none,3600000,500000,TRUE,TRUE,2018-08-31,2,1,Inside the Criminal Mind
FALSE,none,7100000,,TRUE,TRUE,2022-08-18,1,1,Inside the Mind of a Cat
TRUE,none,600000,100000,FALSE,FALSE,,2,1,Inside the Mind
TRUE,none,1000000,200000,FALSE,FALSE,,2,1,Inside the Real Narcos
TRUE,none,79200000,20400000,TRUE,TRUE,2016-10-14,13,7,Inside the World’s Toughest Prisons
TRUE,none,2100000,200000,TRUE,TRUE,2021-10-21,4,2,Insiders
FALSE,Korean,2300000,,FALSE,FALSE,,1,1,Insider
TRUE,Korean,1900000,100000,FALSE,FALSE,,1,1,Insider
FALSE,none,1200000,,FALSE,FALSE,,1,1,Insidious (2010)
FALSE,none,4800000,,FALSE,FALSE,,1,1,Insidious: Chapter 2
FALSE,none,4300000,,FALSE,FALSE,,1,1,Insidious: Chapter 3
FALSE,none,4800000,,FALSE,FALSE,,1,1,Insidious: The Last Key
FALSE,Latin,100000,,FALSE,FALSE,,1,1,Inspection
TRUE,none,9400000,800000,FALSE,FALSE,2015-03-27,8,4,Inspector Gadget
TRUE,Korean,9000000,300000,TRUE,TRUE,2021-10-30,2,1,Inspector Koo
TRUE,none,37000000,2200000,TRUE,TRUE,2022-08-10,2,1,Instant Dream Home
FALSE,none,16500000,,FALSE,FALSE,,1,1,Instant Family
TRUE,none,800000,,TRUE,FALSE,2018-12-28,2,2,Instant Hotel
FALSE,Latin,6200000,,FALSE,FALSE,,1,1,Instructions Not Included
TRUE,none,1000000,100000,FALSE,FALSE,,2,1,Instynkt
FALSE,Chinese_or_Kanji,200000,,FALSE,FALSE,,1,1,Intense Love
FALSE,none,18000000,,TRUE,TRUE,2022-06-03,1,1,Interceptor
TRUE,none,6000000,500000,TRUE,FALSE,2019-10-18,3,2,Interior Design Masters
TRUE,Latin,52500000,1000000,TRUE,TRUE,,6,3,Intersection
FALSE,none,14200000,,FALSE,FALSE,,1,1,Interstellar
TRUE,none,11300000,600000,FALSE,FALSE,,3,2,Intervention
FALSE,none,800000,,FALSE,FALSE,,1,1,Intervenção
TRUE,Latin,15500000,900000,TRUE,TRUE,2022-06-10,2,1,Intimacy
FALSE,Korean,600000,,FALSE,FALSE,,1,1,Intimate Strangers
TRUE,none,10300000,500000,FALSE,FALSE,,6,3,Into the Badlands
FALSE,Latin,2200000,,FALSE,FALSE,2021-04-16,1,1,Into the Beat
FALSE,none,2900000,,TRUE,TRUE,2022-09-30,1,1,Into the Deep: The Submarine Murder Case
FALSE,none,500000,,FALSE,FALSE,,1,1,Into the Deep
FALSE,none,400000,,TRUE,TRUE,2016-10-28,1,1,Into the Inferno
TRUE,none,24300000,3200000,TRUE,TRUE,2020-05-01,4,2,Into the Night
FALSE,Korean,500000,,FALSE,FALSE,,1,1,Into the Ring
FALSE,none,900000,,FALSE,FALSE,,1,1,Into the Storm (2014)
FALSE,Korean,400000,,FALSE,FALSE,,1,1,Into the Wilderness
FALSE,none,500000,,FALSE,FALSE,,1,1,Into the Wild
FALSE,Latin,3000000,,TRUE,TRUE,2022-02-10,1,1,Into the Wind
FALSE,none,1000000,,FALSE,FALSE,,1,1,Intolerable Cruelty
FALSE,Chinese_or_Kanji,200000,,FALSE,FALSE,,1,1,Intolerance
FALSE,Korean,100000,,FALSE,FALSE,,1,1,Intruder
FALSE,none,11700000,,TRUE,TRUE,2021-09-22,1,1,Intrusion
FALSE,Latin,3200000,,FALSE,FALSE,2020-05-28,1,1,Intuition
TRUE,Japanese,300000,,FALSE,FALSE,,1,1,Inu X Boku Secret Service
FALSE,none,11700000,,TRUE,TRUE,2023-06-23,1,1,iNumber Number: Jozi Gold
FALSE,Japanese,200000,,FALSE,FALSE,,1,1,InuYasha the Movie 2: The Castle Beyond the Looking Glass
FALSE,Japanese,200000,,FALSE,FALSE,,1,1,InuYasha the Movie 3: Swords of an Honorable Ruler
FALSE,Japanese,100000,,FALSE,FALSE,,1,1,InuYasha the Movie 4: Fire on the Mystic Island
FALSE,Japanese,200000,,FALSE,FALSE,,1,1,InuYasha the Movie: Affections Touching Across Time
TRUE,Chinese_or_Kanji,400000,,FALSE,FALSE,,1,1,Inuyasha: The Final Act
TRUE,Chinese_or_Kanji,92300000,1500000,FALSE,FALSE,,12,6,InuYasha
FALSE,Japanese,200000,,FALSE,FALSE,,1,1,Inuyashiki
FALSE,none,1600000,,TRUE,TRUE,2019-08-16,1,1,Invader Zim: Enter the Florpus
FALSE,Cyrillic,2900000,,FALSE,FALSE,,1,1,Invasion
TRUE,none,72300000,3700000,TRUE,TRUE,2022-02-11,2,1,Inventing Anna
TRUE,Chinese_or_Kanji,900000,,FALSE,FALSE,,1,1,Investiture of the Gods
FALSE,Latin,200000,,FALSE,FALSE,,1,1,Investors
FALSE,none,100000,,FALSE,FALSE,,1,1,Invisible (2017)
TRUE,Latin,69500000,2600000,TRUE,TRUE,2021-02-05,4,2,Invisible City
TRUE,Japanese,7000000,200000,FALSE,FALSE,,2,1,Invisible
FALSE,none,100000,,FALSE,FALSE,,1,1,Invitation to a Royal Wedding
FALSE,none,300000,,FALSE,FALSE,,1,1,Io che amo solo te
FALSE,none,900000,,FALSE,FALSE,,1,1,Io sono l'abisso
FALSE,none,600000,,FALSE,FALSE,,1,1,"Io tu noi, Lucio"
FALSE,none,2900000,,TRUE,TRUE,2019-01-18,1,1,IO
FALSE,Chinese_or_Kanji,3400000,,FALSE,FALSE,,1,1,Ip Man 2
FALSE,Chinese_or_Kanji,4800000,,FALSE,FALSE,,1,1,Ip Man 3
FALSE,Chinese_or_Kanji,3500000,,FALSE,FALSE,,1,1,Ip Man 4: The Finale
FALSE,Chinese_or_Kanji,200000,,FALSE,FALSE,,1,1,Ip Man: Kung Fu Master
FALSE,Chinese_or_Kanji,2800000,,FALSE,FALSE,,1,1,Ip Man
FALSE,none,4200000,,FALSE,FALSE,,1,1,Iratta
TRUE,Japanese,600000,100000,FALSE,FALSE,,1,1,Iribito -Stranger-
FALSE,Latin,200000,,FALSE,FALSE,,1,1,IRIS New Generation: The Movie
TRUE,Korean,8900000,200000,FALSE,FALSE,,2,1,Iris
TRUE,none,5600000,100000,TRUE,TRUE,2023-04-06,2,1,IRL - In Real Love
FALSE,none,200000,,FALSE,FALSE,,1,1,Irmã Dulce
FALSE,none,800000,,FALSE,FALSE,,1,1,Irmãos por Escolha
TRUE,Japanese,700000,,FALSE,FALSE,,2,2,Irohani Chidori
TRUE,Latin,5100000,300000,TRUE,TRUE,2022-08-10,2,1,Iron Chef Brazil
TRUE,Latin,3200000,100000,TRUE,TRUE,2022-09-21,2,1,Iron Chef: Mexico
TRUE,none,15800000,900000,TRUE,TRUE,2022-06-15,2,1,Iron Chef: Quest for an Iron Legend
FALSE,none,600000,,FALSE,FALSE,,1,1,Iron Man (2008)
TRUE,none,11500000,600000,FALSE,FALSE,,4,2,Iron Man: Armored Adventures
FALSE,none,200000,,FALSE,FALSE,,1,1,Iron Sky: The Coming Race
FALSE,none,200000,,FALSE,FALSE,,1,1,Iron Sky
FALSE,none,100000,,FALSE,FALSE,,1,1,Ironclad
FALSE,none,100000,,FALSE,FALSE,,1,1,Irrational Man
FALSE,none,100000,,FALSE,FALSE,,1,1,Irre sind männlich
FALSE,none,1800000,,TRUE,TRUE,2018-02-16,1,1,Irreplaceable You
TRUE,Latin,1200000,,FALSE,FALSE,,1,1,Irreplaceable
FALSE,none,3000000,,FALSE,FALSE,,1,1,Irresistible (2020)
TRUE,none,3300000,100000,FALSE,FALSE,2022-12-04,2,1,Irreverent
FALSE,none,200000,,FALSE,FALSE,,1,1,Irul
TRUE,Japanese,500000,100000,FALSE,FALSE,,1,1,Is He the Wolf? (Snow White)
FALSE,none,101500000,16800000,TRUE,TRUE,2023-06-30,2,1,"Is It Cake, Too?"
TRUE,none,48500000,3700000,TRUE,TRUE,2022-03-18,2,1,Is It Cake?
TRUE,Japanese,8300000,700000,FALSE,FALSE,,6,4,Is It Wrong to Try to Pick Up Girls in a Dungeon?
FALSE,Devanagari,1300000,,FALSE,FALSE,,1,1,Is Love Enough? Sir
TRUE,Japanese,900000,100000,FALSE,FALSE,,2,1,Is my KAWAII about to expire?
TRUE,Japanese,700000,100000,FALSE,FALSE,,1,1,Is She the Wolf? (Moon)
TRUE,Japanese,7600000,800000,TRUE,FALSE,2023-06-11,2,1,Is She the Wolf?
FALSE,none,600000,,TRUE,TRUE,2022-11-11,1,1,Is That Black Enough for You?!?
FALSE,Latin,100000,,FALSE,FALSE,,1,1,Is This Love?
FALSE,none,200000,,FALSE,FALSE,,1,1,Isa Pa with Feelings
TRUE,Japanese,2800000,400000,FALSE,FALSE,,1,1,ISHIKO and HANEO: You're Suing Me?
FALSE,none,100000,,FALSE,FALSE,,1,1,Ishq Vishk
FALSE,none,100000,,FALSE,FALSE,,1,1,Ishqiya (2009)
FALSE,none,4400000,,TRUE,TRUE,2020-02-14,1,1,Isi & Ossi
FALSE,none,100000,,FALSE,FALSE,,1,1,Iska
FALSE,Latin,100000,,FALSE,FALSE,,1,1,Island of Hope
TRUE,none,13700000,2200000,TRUE,TRUE,2022-10-11,2,1,Island of the Sea Wolves
FALSE,none,1500000,,FALSE,FALSE,,1,1,Ismael
FALSE,none,4900000,,FALSE,FALSE,2019-02-28,1,1,Isn't It Romantic
FALSE,none,200000,,TRUE,TRUE,,1,1,Isoken
FALSE,none,100000,,FALSE,FALSE,,1,1,Isolados
FALSE,none,100000,,FALSE,FALSE,,1,1,Ispansi!
FALSE,none,100000,,FALSE,FALSE,,1,1,Isteri Untuk Dijual
FALSE,none,6500000,,FALSE,FALSE,,1,1,It (2017)
FALSE,Latin,2700000,,FALSE,FALSE,,1,1,It Boy
FALSE,none,5000000,,FALSE,FALSE,,1,1,It Chapter Two
FALSE,Japanese,300000,,FALSE,FALSE,,1,1,It Comes
FALSE,none,500000,,FALSE,FALSE,,1,1,It Could Happen to You (1994)
FALSE,Japanese,200000,,FALSE,FALSE,,1,1,It Feels So Good
FALSE,none,1500000,,FALSE,FALSE,,1,1,It Follows
FALSE,Latin,100000,,FALSE,FALSE,,1,1,It Is Hell with a Princess
TRUE,Japanese,1000000,200000,FALSE,FALSE,,1,1,It Is Sukiyaki Tonight
FALSE,Latin,200000,,FALSE,FALSE,,1,1,It May Be Love But It Doesn't Show
FALSE,none,100000,,TRUE,TRUE,2019-10-25,1,1,It Takes a Lunatic
FALSE,none,500000,,TRUE,TRUE,,1,1,It Takes a Man and a Woman
FALSE,none,1000000,,FALSE,FALSE,,1,1,It Takes Two (1995)
FALSE,none,100000,,FALSE,FALSE,,1,1,It's a Boy Girl Thing
FALSE,Japanese,100000,,FALSE,FALSE,,1,1,It's a Flickering Life
FALSE,Chinese_or_Kanji,100000,,FALSE,FALSE,,1,1,"It's a Mad, Mad, Mad World 2"
FALSE,Chinese_or_Kanji,100000,,FALSE,FALSE,,1,1,"It's a Mad, Mad, Mad World 3"
FALSE,Chinese_or_Kanji,100000,,FALSE,FALSE,,1,1,"It's a Mad, Mad, Mad World"
TRUE,none,700000,100000,FALSE,FALSE,,2,1,It's a Sin
FALSE,Latin,100000,,FALSE,FALSE,,1,1,It's All About Karma
TRUE,none,35600000,4900000,FALSE,FALSE,,31,16,It's Always Sunny in Philadelphia
TRUE,none,1000000,100000,TRUE,TRUE,2019-05-17,2,1,It's Bruno!
FALSE,none,3900000,,FALSE,FALSE,,1,1,It's Complicated
FALSE,none,200000,,FALSE,FALSE,,1,1,It's Her Day
FALSE,Latin,200000,,FALSE,FALSE,,1,1,It's in the Bank
FALSE,Latin,400000,,FALSE,FALSE,,1,1,It's me against you - The mystery of the spellbound school
FALSE,Latin,200000,,FALSE,FALSE,,1,1,It's Now or Never
TRUE,Korean,94900000,2100000,TRUE,TRUE,2020-06-20,2,1,It's Okay to Not Be Okay
FALSE,Latin,200000,,FALSE,FALSE,,1,1,It's Only the End of the World
FALSE,Latin,200000,,FALSE,FALSE,,1,1,It's the Law
TRUE,Korean,54200000,1300000,TRUE,TRUE,2020-01-31,2,1,Itaewon Class
FALSE,Latin,100000,,FALSE,FALSE,,1,1,Italian Race
FALSE,none,2700000,,FALSE,FALSE,,1,1,Ittefaq (2017)
TRUE,Latin,2700000,400000,TRUE,TRUE,,1,1,Itxaso and the Sea
TRUE,none,100000,,FALSE,FALSE,,1,1,It’s a Crazy World
FALSE,Japanese,200000,,FALSE,FALSE,,1,1,It’s Your Fault That My Heart Beats
FALSE,none,3800000,,TRUE,TRUE,2022-09-02,1,1,Ivy + Bean: Doomed to Dance
FALSE,none,5000000,,TRUE,TRUE,2022-09-02,1,1,Ivy + Bean: The Ghost That Had to Go
FALSE,none,5700000,,TRUE,TRUE,2022-09-02,1,1,Ivy + Bean
FALSE,Latin,100000,,FALSE,FALSE,,1,1,Ivy
FALSE,Latin,200000,,FALSE,FALSE,,1,1,Iwan the Terrible
FALSE,Japanese,100000,,FALSE,FALSE,,1,1,Iwane: Sword of Serenity
TRUE,Japanese,700000,100000,FALSE,FALSE,,2,1,Izakaya Bottakuri
FALSE,none,500000,,TRUE,TRUE,,1,1,Izla
TRUE,none,74500000,3800000,FALSE,FALSE,,10,5,iZombie
TRUE,none,16900000,3900000,TRUE,TRUE,2020-09-15,4,2,Izzy's Koala World
FALSE,Korean,100000,,FALSE,FALSE,,1,1,I
FALSE,Japanese,1900000,300000,FALSE,FALSE,,2,1,I’m Quitting Heroing
FALSE,Latin,100000,,FALSE,FALSE,,1,1,J Revolution
TRUE,Chinese_or_Kanji,100000,,TRUE,TRUE,2020-03-21,1,1,J-Style Trip
FALSE,Devanagari,1300000,,TRUE,TRUE,2022-07-15,1,1,Jaadugar
FALSE,Devanagari,100000,,FALSE,FALSE,,1,1,Jaal
FALSE,Devanagari,700000,,FALSE,FALSE,,1,1,Jaane Tu... Ya Jaane Na
FALSE,Devanagari,1500000,,FALSE,FALSE,,1,1,Jab Harry Met Sejal
FALSE,Devanagari,1600000,,FALSE,FALSE,,1,1,Jab We Met
FALSE,none,300000,,FALSE,FALSE,,1,1,Jack and Jill
TRUE,none,1300000,,FALSE,FALSE,,3,3,Jack Irish: The Series
FALSE,none,13900000,,FALSE,FALSE,,1,1,Jack Reacher: Never Go Back
FALSE,none,12500000,,FALSE,FALSE,,1,1,Jack Reacher
FALSE,none,100000,,FALSE,FALSE,,1,1,Jack Ryan: Shadow Recruit
FALSE,none,2900000,,FALSE,FALSE,,1,1,Jack the Giant Slayer
FALSE,none,700000,300000,TRUE,TRUE,2017-10-24,2,1,Jack Whitehall: At Large
FALSE,none,300000,200000,TRUE,TRUE,2019-12-12,2,1,Jack Whitehall: Christmas with My Father
FALSE,none,1000000,400000,TRUE,TRUE,2020-07-21,2,1,Jack Whitehall: I'm Only Joking
TRUE,none,8300000,1500000,TRUE,TRUE,2017-09-22,10,5,Jack Whitehall: Travels with My Father
FALSE,none,500000,,FALSE,FALSE,,1,1,Jackass 2.5
FALSE,none,1500000,,FALSE,FALSE,,1,1,Jackass 3.5: The Unrated Movie
FALSE,none,7200000,,TRUE,TRUE,,1,1,Jackass 4.5
FALSE,none,1100000,,FALSE,FALSE,,1,1,Jackass Forever
FALSE,none,400000,,FALSE,FALSE,,1,1,Jackass: Number Two: Unrated Version
FALSE,none,1200000,,FALSE,FALSE,,1,1,Jackass: The Movie
FALSE,Chinese_or_Kanji,100000,,FALSE,FALSE,,1,1,Jackie Chan's Project A
FALSE,Latin,400000,,FALSE,FALSE,,1,1,Jackpot
FALSE,none,100000,,FALSE,FALSE,,1,1,Jada (2019)
FALSE,Chinese_or_Kanji,300000,,FALSE,FALSE,,1,1,Jade Dynasty
FALSE,none,1900000,,TRUE,TRUE,2021-06-18,1,1,Jagame Thandhiram
FALSE,Devanagari,400000,,FALSE,FALSE,,1,1,Jagga Jasoos
TRUE,none,8500000,600000,TRUE,TRUE,2021-09-22,2,1,Jaguar
FALSE,Devanagari,800000,,FALSE,FALSE,,1,1,Jai Mummy Di
FALSE,Korean,100000,,FALSE,FALSE,,1,1,Jail Breakers
FALSE,none,100000,,FALSE,FALSE,,1,1,Jailangkung 2
FALSE,none,100000,,FALSE,FALSE,,1,1,Jailbait (2014)
FALSE,Latin,100000,,FALSE,FALSE,,1,1,Jailbait
TRUE,none,3100000,500000,TRUE,TRUE,2021-09-24,2,1,Jailbirds New Orleans
TRUE,none,8000000,700000,TRUE,TRUE,2019-05-10,2,1,Jailbirds
FALSE,none,300000,,TRUE,TRUE,,1,1,Jailbreak (2017)
FALSE,none,200000,,FALSE,FALSE,,1,1,Jak Pokonać Kaca
FALSE,none,1200000,,TRUE,TRUE,,1,1,Jakarta vs Everybody
FALSE,none,1700000,200000,TRUE,TRUE,2018-03-27,2,1,James Acaster: Repertoire: Collection
TRUE,Devanagari,13700000,1100000,TRUE,TRUE,2020-01-10,4,2,Jamtara - Sabka Number Ayega
FALSE,none,400000,,FALSE,FALSE,,1,1,Jana 2022 (Tamil)
FALSE,none,500000,,FALSE,FALSE,,1,1,Jana 2022 (Telugu)
FALSE,none,700000,,FALSE,FALSE,,1,1,Jana Gana Mana (2022)
FALSE,none,900000,,FALSE,FALSE,,1,1,Jane Eyre (2011)
FALSE,none,200000,100000,TRUE,TRUE,2022-06-14,2,1,Jane Fonda & Lily Tomlin: Ladies Night Live
FALSE,none,200000,,FALSE,FALSE,,1,1,Jane Got a Gun
TRUE,none,291100000,7700000,TRUE,FALSE,,10,5,Jane The Virgin
FALSE,Korean,100000,,FALSE,FALSE,,1,1,Jane's Summer
TRUE,none,1400000,100000,FALSE,FALSE,,4,3,Janet King
FALSE,Korean,100000,,FALSE,FALSE,,1,1,Jane
FALSE,Devanagari,200000,,TRUE,TRUE,2019-08-09,1,1,Jaoon Kahan Bata Ae Dil
TRUE,Japanese,1800000,200000,TRUE,TRUE,2020-07-09,2,1,Japan Sinks: 2020
TRUE,Japanese,2000000,100000,FALSE,FALSE,,2,1,JAPAN SINKS: People of Hope
FALSE,none,1600000,1400000,TRUE,TRUE,2023-08-15,1,1,Jared Freid: 37 & Single
FALSE,none,3500000,,FALSE,FALSE,,1,1,Jarhead 2: Field of Fire
FALSE,none,3500000,,FALSE,FALSE,,1,1,Jarhead 3: The Siege
FALSE,none,4200000,,FALSE,FALSE,,1,1,Jarhead
FALSE,none,100000,,FALSE,FALSE,,1,1,Jason and the Argonauts (1963)
FALSE,none,3800000,,FALSE,FALSE,,1,1,Jason Bourne
FALSE,none,100000,,FALSE,FALSE,,1,1,Jason X
FALSE,none,100000,,FALSE,FALSE,,1,1,Jasper Jones
FALSE,none,100000,,FALSE,FALSE,,1,1,Jawbreaker
FALSE,none,100000,,FALSE,FALSE,,1,1,Jaws 2
FALSE,none,2000000,,FALSE,FALSE,,1,1,Jaws 3
FALSE,none,4500000,,FALSE,FALSE,,1,1,Jaws
FALSE,none,100000,,FALSE,FALSE,,1,1,Jay and Silent Bob Reboot
FALSE,none,100000,,FALSE,FALSE,,1,1,Jay and Silent Bob Strike Back
FALSE,none,100000,,FALSE,FALSE,,1,1,Jaya Janaki Nayaka
FALSE,none,300000,,TRUE,TRUE,2021-09-23,1,1,Je Suis Karl
FALSE,Latin,400000,,FALSE,FALSE,,1,1,Jealous
FALSE,none,100000,,FALSE,FALSE,,1,1,Jean de Florette
FALSE,none,200000,,FALSE,FALSE,,1,1,Jeans (1998)
FALSE,none,3500000,400000,TRUE,TRUE,2022-02-16,2,1,jeen-yuhs: A Kanye Trilogy
FALSE,none,300000,,TRUE,TRUE,2018-10-26,1,1,Jefe
FALSE,none,300000,,FALSE,FALSE,,1,1,Jeff Dunham's Very Special Christmas Special
FALSE,none,1100000,200000,FALSE,FALSE,,2,1,Jeff Dunham: All Over the Map
FALSE,none,400000,,FALSE,FALSE,,1,1,Jeff Dunham: Arguing with Myself
FALSE,none,2700000,1200000,TRUE,TRUE,2019-09-24,2,1,Jeff Dunham: Beside Himself
FALSE,none,500000,,FALSE,FALSE,,1,1,Jeff Dunham: Controlled Chaos
FALSE,none,300000,,FALSE,FALSE,,1,1,Jeff Dunham: Minding the Monsters
FALSE,none,2000000,800000,TRUE,TRUE,2017-09-12,2,1,Jeff Dunham: Relative Disaster
FALSE,none,1700000,600000,FALSE,FALSE,,2,1,Jeff Dunham: Unhinged in Hollywood
FALSE,none,800000,200000,TRUE,TRUE,2016-08-26,2,1,Jeff Foxworthy and Larry the Cable Guy: We’ve Been Thinking...
FALSE,none,1400000,600000,TRUE,TRUE,2022-03-22,2,1,Jeff Foxworthy: The Good Old Days
TRUE,none,10000000,1400000,TRUE,TRUE,2020-05-27,2,1,Jeffrey Epstein: Filthy Rich
FALSE,none,100000,,FALSE,FALSE,,1,1,Jem and the Holograms (2015)
FALSE,none,200000,100000,TRUE,TRUE,2015-05-22,2,1,Jen Kirkman: I'm Gonna Die Alone (And I Feel Fine)
FALSE,none,200000,100000,TRUE,TRUE,2017-01-03,2,1,Jen Kirkman: Just Keep Livin’?
TRUE,Latin,8700000,,FALSE,FALSE,,1,1,Jenni Rivera: Mariposa de Barrio
FALSE,none,100000,,TRUE,TRUE,2019-10-22,1,1,Jenny Slate: Stage Fright
FALSE,none,600000,,FALSE,FALSE,,1,1,Jerry & Marge Go Large
FALSE,none,400000,200000,TRUE,TRUE,2017-09-19,2,1,Jerry Before Seinfeld
FALSE,none,7700000,,FALSE,FALSE,,1,1,Jerry Maguire
FALSE,none,900000,400000,TRUE,TRUE,2020-05-05,2,1,Jerry Seinfeld: 23 Hours To Kill
FALSE,none,100000,,TRUE,TRUE,,1,1,Jerry Seinfeld: Comedian
FALSE,none,400000,200000,TRUE,TRUE,,2,1,Jerry Seinfeld: I'm Telling You for the Last Time
FALSE,none,100000,,FALSE,FALSE,,1,1,Jersey Boys
FALSE,none,200000,,FALSE,FALSE,,1,1,Jersey Girl (2004)
FALSE,none,200000,,FALSE,FALSE,,1,1,Jersey Shore Shark Attack
FALSE,Devanagari,1700000,,FALSE,FALSE,,1,1,Jersey
FALSE,none,200000,,FALSE,FALSE,,1,1,Jessabelle
FALSE,none,2100000,,FALSE,FALSE,,1,1,Jessica Darling's It List
FALSE,none,100000,,FALSE,FALSE,,1,1,Jestem mordercą
FALSE,none,200000,,FALSE,FALSE,,1,1,Jesteś Bogiem
TRUE,none,100000,,FALSE,FALSE,,1,1,Jesus Code
FALSE,Latin,100000,,FALSE,FALSE,,1,1,Jesus Is Dead
FALSE,Latin,100000,,FALSE,FALSE,,1,1,Jesus Loves Me
FALSE,Chinese_or_Kanji,100000,,FALSE,FALSE,,1,1,Jet Li's Fearless
FALSE,none,100000,,TRUE,TRUE,2022-07-08,1,1,Jewel
TRUE,none,28600000,1000000,TRUE,TRUE,2023-05-03,2,1,Jewish Matchmaking
FALSE,none,3700000,,FALSE,FALSE,,1,1,Jexi
FALSE,none,1900000,,FALSE,FALSE,,1,1,JFK
FALSE,none,1400000,,FALSE,FALSE,,1,1,Jigsaw (2017)
FALSE,Latin,100000,,FALSE,FALSE,,1,1,Jilbab Traveller: Love Sparks In Korea
FALSE,none,1000000,,TRUE,TRUE,2017-11-17,1,1,"Jim & Andy: The Great Beyond - Featuring a Very Special, Contractually Obligated Mention of Tony Clifton"
FALSE,Latin,300000,,FALSE,FALSE,,1,1,Jim Button and Luke the Engine Driver
FALSE,none,500000,200000,TRUE,TRUE,,2,1,Jim Gaffigan: Beyond the Pale
FALSE,none,900000,300000,TRUE,TRUE,2017-01-10,2,1,Jim Gaffigan: Cinco
FALSE,none,2900000,900000,TRUE,TRUE,2021-12-21,2,1,Jim Gaffigan: Comedy Monster
FALSE,none,600000,200000,TRUE,TRUE,,2,1,Jim Gaffigan: King Baby
FALSE,none,800000,200000,TRUE,TRUE,,2,1,Jim Gaffigan: Mr. Universe
FALSE,none,600000,200000,TRUE,TRUE,,2,1,Jim Gaffigan: Obsessed
FALSE,none,800000,200000,FALSE,FALSE,2014-08-29,2,1,Jim Jefferies : BARE
FALSE,none,1000000,300000,TRUE,TRUE,2016-07-01,2,1,Jim Jefferies: Freedumb
FALSE,none,7000000,1000000,TRUE,TRUE,2023-02-14,2,1,Jim Jefferies: High & Dry
FALSE,none,1200000,400000,TRUE,TRUE,2020-07-07,2,1,Jim Jefferies: Intolerant
FALSE,none,900000,300000,TRUE,TRUE,2018-07-13,2,1,Jim Jefferies: This Is Me Now
FALSE,none,200000,100000,TRUE,TRUE,2017-03-14,2,1,Jim Norton: Mouthful of Shame
FALSE,none,800000,300000,TRUE,TRUE,2016-03-18,2,1,Jimmy Carr: Funny Business
FALSE,none,1900000,700000,TRUE,TRUE,2021-12-25,2,1,Jimmy Carr: His Dark Material
FALSE,none,800000,300000,TRUE,TRUE,2019-03-12,2,1,Jimmy Carr: The Best of Ultimate Gold Greatest Hits
FALSE,none,4800000,,FALSE,FALSE,,1,1,Jimmy Neutron: Boy Genius
TRUE,none,7100000,1300000,TRUE,TRUE,2022-04-06,2,1,Jimmy Savile: A British Horror Story
TRUE,Japanese,1200000,100000,TRUE,FALSE,2018-07-20,2,1,Jimmy: The True Story of a True Idiot
FALSE,none,600000,,FALSE,FALSE,,1,1,Jindua
FALSE,none,1300000,,TRUE,TRUE,2020-11-13,1,1,Jingle Jangle: A Christmas Journey
FALSE,Korean,600000,,FALSE,FALSE,,1,1,Jini's Job Exploration
TRUE,Korean,300000,100000,FALSE,FALSE,,2,1,Jini’s Job Exploration
TRUE,Arabic,2100000,300000,TRUE,TRUE,2019-06-13,2,1,Jinn
FALSE,Japanese,100000,,FALSE,FALSE,,1,1,Jinro Game: Beast Side
FALSE,none,2500000,,FALSE,FALSE,,1,1,Jinxed (2013)
TRUE,Korean,1400000,,FALSE,FALSE,,1,1,Jinxed at First
TRUE,Korean,4700000,100000,FALSE,FALSE,,2,1,Jirisan
FALSE,none,1600000,,FALSE,FALSE,,1,1,Jiu Jitsu
TRUE,none,2000000,300000,TRUE,TRUE,2021-06-24,2,1,Jiva!
FALSE,Latin,2200000,,TRUE,TRUE,2021-09-08,1,1,JJ+E
FALSE,none,1900000,800000,TRUE,TRUE,2019-06-12,2,1,Jo Koy: Comin' In Hot
FALSE,none,500000,200000,TRUE,TRUE,2020-06-12,2,1,Jo Koy: In His Elements
FALSE,none,1500000,600000,TRUE,TRUE,2017-03-28,2,1,Jo Koy: Live from Seattle
FALSE,none,4300000,1300000,TRUE,TRUE,2022-09-13,2,1,Jo Koy: Live from the Los Angeles Forum
FALSE,Korean,2300000,,TRUE,TRUE,2019-05-03,1,1,Jo Pil-ho: The Dawning Rage
FALSE,none,300000,,TRUE,TRUE,2017-10-27,1,1,Joan Didion: The Center Will Not Hold
TRUE,none,100000,,FALSE,FALSE,,1,1,Joanna Lumley's Japan
TRUE,none,200000,,FALSE,FALSE,,1,1,Joanna Lumley's Jewel in the Nile
TRUE,none,100000,,FALSE,FALSE,,1,1,Joanna Lumley's Silk Road Adventure
TRUE,none,100000,,FALSE,FALSE,,1,1,Joanna Lumley's Trans-Siberian Adventure
FALSE,none,4400000,,FALSE,FALSE,,1,1,Jobs
FALSE,none,300000,100000,FALSE,FALSE,,2,1,"Jochem Myjer - Adem In, Adem Uit"
FALSE,none,100000,,FALSE,FALSE,,1,1,Jochem Myjer: De Rust Zelve
FALSE,none,100000,,FALSE,FALSE,,1,1,Jochem Myjer: Even Geduld Aub!
FALSE,Devanagari,2000000,,FALSE,FALSE,,1,1,Jodhaa Akbar
FALSE,none,200000,,FALSE,FALSE,,1,1,Joe Bell
FALSE,none,100000,,FALSE,FALSE,,1,1,Joe Dirt
FALSE,none,3300000,,FALSE,FALSE,,1,1,Joe Kidd
FALSE,none,1600000,600000,TRUE,TRUE,2018-10-02,2,1,Joe Rogan: Strange Times
FALSE,none,900000,300000,TRUE,TRUE,2016-10-21,2,1,Joe Rogan: Triggered
FALSE,none,100000,,TRUE,TRUE,2022-06-21,1,1,Joel Kim Booster: Psychosexual
FALSE,Devanagari,1100000,,TRUE,TRUE,2022-09-16,1,1,Jogi
TRUE,none,1100000,,FALSE,FALSE,,3,3,Johan Falk
FALSE,none,100000,,FALSE,FALSE,,1,1,"Johann König - Feuer im Haus ist teuer, geh raus!"
FALSE,none,200000,100000,FALSE,FALSE,,2,1,Johann König - Milchbrötchenrechnung
FALSE,none,200000,,FALSE,FALSE,,1,1,John Henry (2020)
FALSE,none,300000,100000,TRUE,TRUE,2018-11-05,2,1,John Leguizamo's Latin History for Morons
FALSE,none,100000,,FALSE,FALSE,,1,1,John Lennon - Love Is All You Need
FALSE,none,100000,,TRUE,TRUE,2019-12-24,1,1,John Mulaney & The Sack Lunch Bunch
FALSE,none,15100000,2400000,TRUE,TRUE,2023-04-25,2,1,John Mulaney: Baby J
FALSE,none,2400000,700000,TRUE,TRUE,2018-05-01,2,1,John Mulaney: Kid Gorgeous at Radio City
FALSE,none,1000000,400000,FALSE,FALSE,,2,1,John Mulaney: New in Town
FALSE,none,1300000,500000,TRUE,TRUE,2015-11-13,2,1,John Mulaney: The Comeback Kid
TRUE,Latin,2100000,300000,TRUE,TRUE,2021-08-25,2,1,John of God: The Crimes of a Spiritual Healer
FALSE,none,1500000,,FALSE,FALSE,,1,1,John Q
FALSE,none,18300000,,FALSE,FALSE,,1,1,John Wick: Chapter 2
FALSE,none,14600000,,FALSE,FALSE,,1,1,John Wick: Chapter 3 - Parabellum
FALSE,none,13600000,,FALSE,FALSE,,1,1,John Wick
FALSE,Latin,100000,,FALSE,FALSE,,1,1,Johnny Colt
FALSE,none,2500000,,FALSE,FALSE,,1,1,Johnny English Reborn
TRUE,Latin,600000,100000,TRUE,TRUE,2022-03-29,2,1,Johnny Hallyday: Beyond Rock
FALSE,none,100000,,FALSE,FALSE,,1,1,Johnny Mnemonic
TRUE,none,64700000,4400000,FALSE,FALSE,,12,6,Johnny Test (2005)
FALSE,none,1000000,,TRUE,TRUE,2021-11-16,1,1,Johnny Test's Ultimate Meatloaf Quest
TRUE,none,17700000,1800000,TRUE,TRUE,2021-07-16,4,2,Johnny Test
FALSE,none,19700000,,TRUE,TRUE,2023-03-23,1,1,Johnny
FALSE,Latin,100000,,FALSE,FALSE,,1,1,Joint Custody
FALSE,Japanese,200000,,FALSE,FALSE,,1,1,JoJo's Bizarre Adventure: Diamond Is Unbreakable - Chapter 1
FALSE,Japanese,21700000,600000,TRUE,TRUE,2017-03-31,2,1,JoJo's Bizarre Adventure: Diamond Is Unbreakable
FALSE,Japanese,19100000,800000,TRUE,FALSE,2018-10-10,2,1,JoJo's Bizarre Adventure: Golden Wind
FALSE,Japanese,17600000,700000,TRUE,TRUE,2017-03-31,2,1,JoJo's Bizarre Adventure: Phantom Blood/Battle Tendency
FALSE,Japanese,26400000,600000,TRUE,FALSE,2017-03-31,2,1,JoJo's Bizarre Adventure: Stardust Crusaders
FALSE,Japanese,30500000,700000,TRUE,TRUE,2021-12-01,2,1,JoJo's Bizarre Adventure: STONE OCEAN
FALSE,none,6200000,,FALSE,FALSE,,1,1,Joker (2019)
FALSE,none,900000,,FALSE,FALSE,,1,1,Jolly Roger (2022)
FALSE,none,3100000,,FALSE,FALSE,,1,1,Jolt
FALSE,none,600000,200000,TRUE,TRUE,2021-11-23,2,1,Jonas Brothers Family Roast
FALSE,none,200000,,FALSE,FALSE,,1,1,Jonas Deichmann - Das Limit bin nur ich
TRUE,none,900000,100000,FALSE,FALSE,,1,1,Jose and Maria's Bonggang Villa
FALSE,Japanese,200000,,FALSE,FALSE,,1,1,"Josee, Tiger and the Fish"
FALSE,none,1200000,,FALSE,FALSE,,1,1,Joseph: King of Dreams
FALSE,none,5200000,6600000,FALSE,FALSE,,1,1,José Comilão 2
FALSE,none,5100000,,FALSE,FALSE,,1,1,Journey 2: The Mysterious Island
TRUE,none,100000,,FALSE,FALSE,,1,1,Journey of an African Colony
FALSE,none,200000,,FALSE,FALSE,,1,1,Journey to Grace: The Hansie Cronje Story
FALSE,Latin,100000,,FALSE,FALSE,,1,1,Journey to the Amazon: The Forgotten Warriors of Carthage
FALSE,none,1500000,,FALSE,FALSE,,1,1,Journey to the Center of the Earth (2008)
FALSE,Chinese_or_Kanji,100000,,FALSE,FALSE,,1,1,Journey to the West: The Demons Strike Back
FALSE,none,300000,,FALSE,FALSE,,1,1,Jowable
FALSE,none,400000,,FALSE,FALSE,,1,1,Joy Ride (2001)
FALSE,none,500000,,FALSE,FALSE,,1,1,Joyeuse retraite!
FALSE,none,100000,,FALSE,FALSE,,1,1,Joyful Noise (2012)
FALSE,none,200000,,FALSE,FALSE,2019-05-24,1,1,Joy
TRUE,Japanese,2700000,400000,TRUE,TRUE,2020-07-03,2,1,JU-ON: Origins
FALSE,none,1100000,,TRUE,TRUE,2019-03-08,1,1,Juanita
TRUE,Latin,1100000,100000,FALSE,FALSE,2022-01-19,2,1,Juanpis González - The Series
FALSE,none,100000,,FALSE,FALSE,,1,1,Juara
FALSE,none,300000,100000,TRUE,TRUE,2017-10-31,2,1,Judah Friedlander: America Is the Greatest Country in the United States
FALSE,none,100000,,FALSE,FALSE,,1,1,Judas and the Black Messiah
FALSE,none,100000,,TRUE,TRUE,2017-12-12,1,1,Judd Apatow: The Return
TRUE,Korean,4900000,100000,FALSE,FALSE,,2,1,Judge vs. Judge
FALSE,Devanagari,200000,,FALSE,FALSE,,1,1,Judwaa 2
FALSE,none,200000,,FALSE,FALSE,,1,1,Judy (2019)
FALSE,Chinese_or_Kanji,5000000,,FALSE,FALSE,,1,1,Jujutsu Kaisen 0: The Movie
TRUE,Chinese_or_Kanji,40300000,2900000,FALSE,FALSE,,2,1,Jujutsu Kaisen
TRUE,Japanese,67300000,7400000,FALSE,FALSE,,1,1,Jujutsu Kaisen
FALSE,none,5700000,,FALSE,FALSE,,1,1,Julie & Julia
TRUE,none,21300000,2200000,TRUE,TRUE,2020-09-10,2,1,Julie and the Phantoms
TRUE,none,200000,,TRUE,TRUE,2017-03-17,1,1,Julie's Greenroom
FALSE,none,800000,,FALSE,FALSE,,1,1,Julieta
FALSE,none,100000,,FALSE,FALSE,,1,1,Julio Sumiu
FALSE,none,100000,,FALSE,FALSE,,1,1,Juliusz
FALSE,none,64300000,,FALSE,FALSE,,1,1,Jumanji: The Next Level
FALSE,none,18700000,,FALSE,FALSE,,1,1,Jumanji: Welcome to the Jungle
FALSE,none,4400000,,FALSE,FALSE,,1,1,Jumanji
TRUE,Arabic,900000,,FALSE,FALSE,,1,1,Juman
FALSE,Korean,300000,,TRUE,TRUE,,1,1,Jump like a Witch: 2022
FALSE,Japanese,100000,,FALSE,FALSE,,1,1,JUMP!!: The Heroes Behind the GOLD
FALSE,none,3400000,,FALSE,FALSE,,1,1,Jumper
FALSE,Latin,3100000,,TRUE,TRUE,2022-10-05,1,1,Jumping from High Places
FALSE,none,1900000,,FALSE,FALSE,,1,1,Jumping the Broom
TRUE,Chinese_or_Kanji,1500000,,FALSE,FALSE,,1,1,Jun Jiu Ling
FALSE,none,1200000,,TRUE,TRUE,2021-01-28,1,1,June & Kopi
FALSE,none,100000,,FALSE,FALSE,,1,1,June Again
FALSE,Korean,47100000,,TRUE,TRUE,2023-01-20,1,1,JUNG_E
FALSE,none,200000,,FALSE,FALSE,,1,1,Jungle (2017)
FALSE,none,14600000,,FALSE,FALSE,2021-05-14,1,1,Jungle Beat: The Movie
FALSE,Korean,100000,,FALSE,FALSE,,1,1,Jungle Juice
FALSE,none,1300000,,FALSE,FALSE,,1,1,Jungleland
FALSE,Japanese,200000,400000,FALSE,FALSE,,2,1,Junior High and High School!! Kimetsu Academy Story
TRUE,Japanese,32800000,1200000,TRUE,FALSE,2023-01-19,2,1,Junji Ito Maniac: Japanese Tales of the Macabre
FALSE,none,2300000,,FALSE,FALSE,,1,1,Jupiter Ascending
FALSE,none,16500000,1100000,TRUE,TRUE,2021-05-07,2,1,Jupiter's Legacy: Volume 1
FALSE,Latin,100000,,FALSE,FALSE,,1,1,Jupiter's Moon
FALSE,none,10600000,,FALSE,FALSE,,1,1,Jurassic Park III
FALSE,none,17400000,,FALSE,FALSE,,1,1,Jurassic Park
FALSE,none,18400000,14300000,TRUE,TRUE,2022-11-15,2,1,Jurassic World Camp Cretaceous: Hidden Adventure
TRUE,none,209900000,25900000,TRUE,TRUE,2020-09-18,10,5,Jurassic World Camp Cretaceous
FALSE,none,6500000,,FALSE,FALSE,,1,1,Jurassic World: Dominion
TRUE,none,200000,,FALSE,FALSE,,1,1,Jurassic World: Double Trouble
FALSE,none,34000000,,FALSE,FALSE,,1,1,Jurassic World
FALSE,Latin,100000,,FALSE,FALSE,,1,1,Jussi Adler Olsen's Serie Q: Journal 64
FALSE,Latin,100000,,FALSE,FALSE,,1,1,Just a Regular Guy
FALSE,none,400000,,FALSE,FALSE,,1,1,Just A Stranger
FALSE,Latin,1500000,,TRUE,TRUE,2020-12-03,1,1,Just Another Christmas
FALSE,none,200000,,FALSE,FALSE,,1,1,Just Cause (1995)
FALSE,none,100000,,FALSE,FALSE,,1,1,Just Friends (2005)
FALSE,none,100000,,FALSE,FALSE,,1,1,Just Getting Started
FALSE,none,26800000,,FALSE,FALSE,,1,1,Just Go With It
TRUE,Chinese_or_Kanji,100000,,FALSE,FALSE,,1,1,Just In Singapore
FALSE,none,8500000,,FALSE,FALSE,,1,1,Just Like Heaven
FALSE,Latin,100000,,FALSE,FALSE,,1,1,Just Love
FALSE,none,7300000,,FALSE,FALSE,,1,1,Just Mercy
FALSE,Japanese,100000,,FALSE,FALSE,,1,1,Just Only Love
FALSE,Japanese,100000,,FALSE,FALSE,,1,1,Just Remembering
FALSE,none,2200000,,TRUE,TRUE,2021-04-02,1,1,Just Say Yes
FALSE,Latin,3300000,,TRUE,TRUE,2021-11-18,1,1,Just Short of Perfect
FALSE,none,400000,,FALSE,FALSE,,1,1,Just the 3 of Us
FALSE,none,500000,,FALSE,FALSE,,1,1,Just The Way You Are (2016)
FALSE,none,300000,,FALSE,FALSE,,1,1,Justice (2017)
FALSE,none,6100000,,FALSE,FALSE,,1,1,Justice League (2017)
TRUE,none,12000000,800000,FALSE,FALSE,,4,2,Justice League Unlimited
TRUE,none,41000000,3200000,FALSE,FALSE,,4,2,Justice League
TRUE,Japanese,1800000,300000,FALSE,FALSE,,1,1,Justice Monster
TRUE,none,7300000,500000,TRUE,TRUE,2022-07-29,2,1,Justice Served
FALSE,Chinese_or_Kanji,200000,,FALSE,FALSE,,1,1,"Justice, My Foot!"
FALSE,Latin,400000,,FALSE,FALSE,,1,1,Justice
FALSE,none,100000,,FALSE,FALSE,,1,1,Justin and the Knights of Valor
FALSE,none,600000,200000,TRUE,TRUE,2016-10-12,2,1,Justin Timberlake + the Tennessee Kids
TRUE,none,7900000,700000,FALSE,FALSE,,4,2,Justin Time (2011)
TRUE,none,5200000,500000,TRUE,TRUE,2016-06-24,2,1,Justin Time GO!
FALSE,none,600000,,FALSE,FALSE,,1,1,Justine (2019)
FALSE,Latin,100000,,FALSE,FALSE,,1,1,Jutro idziemy do kina
FALSE,none,300000,,FALSE,FALSE,,1,1,Juvana
TRUE,Korean,42800000,1600000,TRUE,TRUE,2022-02-25,2,1,Juvenile Justice
FALSE,none,600000,,FALSE,FALSE,,1,1,Jwanita
FALSE,none,100000,,FALSE,FALSE,,1,1,Jönssonligan och den svarta diamanten
FALSE,none,100000,,FALSE,FALSE,,1,1,Jönssonligans största kupp
FALSE,none,100000,,FALSE,FALSE,,1,1,Jürgen - Heute wird gelebt
FALSE,none,300000,,FALSE,FALSE,,1,1,K-19: The Widowmaker
FALSE,none,1000000,,FALSE,FALSE,,1,1,K.O. (2017)
TRUE,Devanagari,42300000,5800000,TRUE,TRUE,2023-10-18,1,1,Kaala Paani
FALSE,Devanagari,600000,,TRUE,TRUE,2020-10-30,1,1,Kaali Khuhi
FALSE,Devanagari,300000,,FALSE,FALSE,,1,1,Kaal
FALSE,none,4900000,,FALSE,FALSE,,1,1,Kaapa
FALSE,none,100000,,FALSE,FALSE,,1,1,Kaaval (2021)
TRUE,Japanese,900000,300000,TRUE,FALSE,2019-05-09,2,1,Kabaneri of the Iron Fortress: The Battle of Unato
TRUE,Japanese,300000,,FALSE,FALSE,,1,1,Kabaneri of the Iron Fortress
FALSE,Devanagari,1800000,,FALSE,FALSE,,1,1,Kabhi Alvida Naa Kehna
FALSE,Devanagari,300000,,FALSE,FALSE,,1,1,Kabhi Haan Kabhi Naa
FALSE,Devanagari,5700000,,FALSE,FALSE,,1,1,Kabhi Khushi Kabhie Gham
FALSE,Devanagari,2900000,,FALSE,FALSE,,1,1,Kabir Singh
FALSE,Japanese,100000,,FALSE,FALSE,,1,1,Kabukicho Love Hotel
FALSE,none,100000,,FALSE,FALSE,,1,1,Kadaseela Biriyani
FALSE,Latin,200000,,FALSE,FALSE,,1,1,Kafir: A Deal with the Devil
FALSE,Japanese,300000,,FALSE,FALSE,,1,1,Kaguya-sama Final: Love Is War
FALSE,Japanese,100000,,FALSE,FALSE,,1,1,Kaguya-sama: Love Is War (2019 Live Action)
FALSE,Japanese,1800000,200000,FALSE,FALSE,,2,1,Kaguya-sama: Love Is War (2019)
FALSE,Japanese,1000000,200000,FALSE,FALSE,,2,1,Kaguya-sama: Love Is War - The First Kiss That Never Ends
FALSE,Japanese,1000000,100000,FALSE,FALSE,,2,1,Kaguya-sama: Love Is War -Ultra Romantic-
FALSE,Japanese,1200000,100000,FALSE,FALSE,,2,1,Kaguya-sama: Love Is War? (2019)
FALSE,Devanagari,400000,,FALSE,FALSE,,1,1,Kai Po Che!
FALSE,Japanese,200000,,FALSE,FALSE,,1,1,Kaiji 2: Life Recovery Game
FALSE,Japanese,1100000,100000,FALSE,FALSE,,2,1,Kaiji: Against All Rules
FALSE,Japanese,300000,,FALSE,FALSE,,1,1,Kaiji: Final Game
FALSE,Japanese,300000,,FALSE,FALSE,,1,1,Kaiji: The Ultimate Gambler
FALSE,Japanese,1100000,100000,FALSE,FALSE,,2,1,Kaiji: Ultimate Survivor
FALSE,none,100000,,FALSE,FALSE,,1,1,Kain Kafan Hitam
FALSE,none,700000,,FALSE,FALSE,,1,1,Kaiserschmarrndrama
FALSE,none,200000,,FALSE,FALSE,,1,1,Kajillionaire
TRUE,Japanese,2500000,400000,TRUE,TRUE,2022-08-04,2,1,KAKEGURUI TWIN
FALSE,Japanese,9200000,900000,TRUE,TRUE,2019-01-09,2,1,Kakegurui xx
FALSE,Japanese,200000,,FALSE,FALSE,,1,1,Kakegurui – Compulsive Gambler
FALSE,Japanese,14000000,1400000,TRUE,TRUE,2017-07-01,2,1,Kakegurui
TRUE,Japanese,2500000,400000,TRUE,TRUE,,4,2,Kakegurui
FALSE,Devanagari,2700000,,FALSE,FALSE,,1,1,Kal Ho Naa Ho
FALSE,none,2200000,,FALSE,FALSE,,1,1,Kalagathalaivan
TRUE,none,274800000,3500000,TRUE,TRUE,2023-01-01,2,1,Kaleidoscope
FALSE,none,100000,,TRUE,TRUE,,1,1,"Kalel, 15"
FALSE,none,300000,,FALSE,FALSE,,1,1,Kalushi: The Story of Solomon Mahlangu
FALSE,none,100000,,FALSE,FALSE,,1,1,Kamalatho Naa Prayanam
FALSE,none,200000,,FALSE,FALSE,,1,1,Kambili: The Whole 30 Yards
FALSE,none,100000,,FALSE,FALSE,,1,1,Kameleon 2
FALSE,Japanese,100000,,FALSE,FALSE,,1,1,Kamen Rider Heisei Generations Forever
FALSE,Japanese,100000,,FALSE,FALSE,,1,1,Kamen Rider Reiwa: The First Generation
FALSE,Japanese,100000,,FALSE,FALSE,,1,1,Kamen Rider Zero-One
FALSE,Devanagari,200000,,FALSE,FALSE,,1,1,Kaminey
TRUE,Japanese,1600000,200000,FALSE,FALSE,,4,2,Kamisama Kiss
FALSE,Japanese,300000,,FALSE,FALSE,,1,1,Kamome Diner
FALSE,none,300000,,FALSE,FALSE,,1,1,Kamu Tidak Sendiri
FALSE,none,100000,,FALSE,FALSE,,1,1,Kandasamys: The Wedding
FALSE,none,700000,,FALSE,FALSE,,1,1,Kangaroo Jack
FALSE,none,1200000,,TRUE,TRUE,2022-12-14,1,1,Kangaroo Valley
FALSE,none,100000,,FALSE,FALSE,,1,1,Kankerlijers
FALSE,Latin,3600000,,FALSE,FALSE,,1,1,Kannai Nambathe
FALSE,none,100000,,FALSE,FALSE,,1,1,Kannathil Muthamittal
FALSE,none,600000,,FALSE,FALSE,,1,1,Kannum Kannum Kollaiyadithaal
FALSE,none,6800000,,FALSE,FALSE,,1,1,Kantara (Hindi)
TRUE,Japanese,200000,,TRUE,TRUE,2017-07-06,1,1,Kantaro: The Sweet Tooth Salaryman
FALSE,Devanagari,600000,200000,TRUE,TRUE,2022-01-28,2,1,Kapil Sharma: I'm Not Done Yet
FALSE,Devanagari,1100000,,FALSE,FALSE,,1,1,Kapoor & Sons
FALSE,none,100000,,FALSE,FALSE,,1,1,Kappela
FALSE,none,200000,,FALSE,FALSE,,1,1,Kapsalon Romy
FALSE,none,200000,,TRUE,TRUE,,1,1,Kara Bela
TRUE,Japanese,1500000,100000,FALSE,FALSE,,2,1,Karakuri Circus
FALSE,none,100000,,FALSE,FALSE,,1,1,Karak
TRUE,none,49100000,6100000,TRUE,TRUE,2023-03-02,3,2,Karate Sheep
FALSE,none,100000,,FALSE,FALSE,,1,1,Karbala
FALSE,none,1200000,,FALSE,FALSE,2019-08-29,1,1,Kardec
TRUE,none,6700000,200000,FALSE,FALSE,,4,2,Kardeş Payı
FALSE,none,200000,,FALSE,FALSE,,1,1,Kardeşim Benim 2
FALSE,none,100000,,FALSE,FALSE,,1,1,Kardeşim Benim
FALSE,none,100000,,FALSE,FALSE,,1,1,Karel
FALSE,none,100000,,TRUE,TRUE,2022-02-24,1,1,Karma's World Music Videos: Volume 1
FALSE,none,200000,200000,TRUE,TRUE,2022-06-16,2,1,Karma's World Music Videos: Volume 2
TRUE,none,9900000,1400000,TRUE,TRUE,2021-10-15,8,4,Karma's World
FALSE,none,100000,,FALSE,FALSE,,1,1,Karsten og Petra på skattejakt
FALSE,Devanagari,400000,,FALSE,FALSE,,1,1,Karthik Calling Karthik
FALSE,Latin,200000,,FALSE,FALSE,,1,1,Kartini: Princess of Java
FALSE,none,300000,,FALSE,FALSE,,1,1,Kasala!
FALSE,none,100000,100000,FALSE,FALSE,,1,1,Kasper van der Laan - 1 Kilo
FALSE,none,200000,,FALSE,FALSE,,1,1,Katakulli 2 : Gözükaralar
FALSE,none,200000,,FALSE,FALSE,,1,1,Katakulli 3: Tuzak
FALSE,none,200000,,FALSE,FALSE,,1,1,Katakulli 4: Tam Zamanı
FALSE,none,300000,,FALSE,FALSE,,1,1,Katakulli
FALSE,none,300000,,FALSE,FALSE,,1,1,Kate & Leopold
TRUE,none,100000,,FALSE,FALSE,,1,1,Kate Humble's Coastal Britain
FALSE,none,16800000,,TRUE,TRUE,2021-09-10,1,1,Kate
FALSE,none,800000,100000,FALSE,FALSE,,2,1,Kath & Kim: 20th Anniversary Specials
FALSE,none,200000,,FALSE,FALSE,,1,1,Kath & Kimderella
FALSE,none,400000,100000,FALSE,FALSE,,2,1,Kath and Kim: Kountdown Specials
FALSE,none,400000,100000,FALSE,FALSE,,2,1,Kath and Kim: The Souvenir Editions
TRUE,none,10600000,1500000,FALSE,FALSE,,8,4,Kath and Kim
FALSE,Devanagari,12900000,,TRUE,TRUE,2023-05-19,1,1,Kathal - A Jackfruit Mystery
FALSE,none,500000,200000,TRUE,TRUE,2019-07-01,2,1,Katherine Ryan: Glitter Room
FALSE,none,300000,100000,TRUE,TRUE,2017-02-14,2,1,Katherine Ryan: In Trouble
FALSE,none,1000000,300000,FALSE,FALSE,,2,1,Kathleen Madigan: Bothering Jesus
FALSE,none,200000,,FALSE,FALSE,,1,1,Katinka
FALSE,none,100000,,FALSE,FALSE,,1,1,Katka
FALSE,Arabic,100000,,FALSE,FALSE,,1,1,Katkout
TRUE,none,12600000,800000,TRUE,TRUE,2021-06-17,2,1,Katla
FALSE,none,1600000,700000,TRUE,TRUE,2018-01-16,2,1,Katt Williams: Great America
FALSE,none,3800000,1600000,TRUE,TRUE,2022-05-17,2,1,Katt Williams: World War III
FALSE,none,400000,,FALSE,FALSE,,1,1,Katteri
TRUE,Korean,2900000,300000,FALSE,FALSE,,5,3,Katuri
FALSE,none,100000,,FALSE,FALSE,,1,1,Katyń
FALSE,none,200000,100000,FALSE,FALSE,,1,1,Kaya Yanar: Reiz der Schweiz
FALSE,none,1300000,,FALSE,FALSE,,1,1,Kaybedenler Kulübü Yolda
TRUE,Latin,400000,100000,TRUE,TRUE,2021-02-28,3,2,Kayko and Kokosh
TRUE,none,3800000,500000,TRUE,TRUE,2016-09-02,6,3,Kazoops!
TRUE,none,5500000,100000,FALSE,FALSE,,3,2,Kaçak Gelinler
FALSE,none,100000,,FALSE,FALSE,,1,1,KD (A) Karuppudurai
FALSE,none,100000,,FALSE,FALSE,,1,1,Kebab Connection
FALSE,none,200000,,FALSE,FALSE,,1,1,Kedibone
FALSE,Latin,300000,,FALSE,FALSE,,1,1,Keep a Lid on It
TRUE,none,51600000,4700000,TRUE,TRUE,2022-07-28,2,1,Keep Breathing
TRUE,none,16400000,1800000,TRUE,TRUE,2022-06-08,2,1,Keep Sweet: Pray and Obey
FALSE,Japanese,200000,,FALSE,FALSE,,1,1,Keep Your Hands Off Eizouken!
FALSE,Latin,100000,,FALSE,FALSE,,1,1,Keeping the Bees
TRUE,none,42800000,1000000,FALSE,FALSE,,9,6,Keeping Up with the Kardashians
FALSE,Arabic,200000,,FALSE,FALSE,,1,1,Keif Tasmaoni Ajib
TRUE,Japanese,300000,,FALSE,FALSE,,1,1,Keigo Higashino -Dying Eye-
FALSE,none,200000,,FALSE,FALSE,,1,1,Kein Bund fürs Leben
FALSE,none,200000,,FALSE,FALSE,,1,1,Kein Pardon
FALSE,none,400000,,TRUE,TRUE,2015-09-18,1,1,Keith Richards: Under the Influence
FALSE,Japanese,400000,,FALSE,FALSE,,1,1,Kekkaishi
TRUE,Japanese,600000,,FALSE,FALSE,,1,1,Kemono Jihen
FALSE,none,600000,100000,TRUE,TRUE,2019-02-14,2,1,"Ken Jeong: You Complete Me, Ho"
TRUE,none,7100000,700000,FALSE,FALSE,,4,2,Kenan and Kel
FALSE,Japanese,21600000,2900000,TRUE,TRUE,2019-10-31,2,1,KENGAN ASHURA: Part ll
FALSE,Japanese,23500000,3100000,TRUE,TRUE,2019-07-31,2,1,KENGAN ASHURA: Part l
TRUE,Japanese,37100000,7300000,TRUE,TRUE,2023-09-21,1,1,KENGAN ASHURA
TRUE,none,600000,100000,FALSE,FALSE,,2,1,Keplers
FALSE,none,700000,,FALSE,FALSE,,1,1,Ketenpere
FALSE,Latin,300000,100000,TRUE,TRUE,2022-10-07,2,1,Kev Adams: The Real Me
FALSE,none,1000000,,FALSE,FALSE,,1,1,Kevin & Perry Go Large
FALSE,none,500000,,TRUE,TRUE,2019-02-08,1,1,Kevin Hart's Guide to Black History
TRUE,none,2700000,500000,TRUE,TRUE,2019-12-27,2,1,Kevin Hart: Don’t F**k This Up
FALSE,none,2200000,900000,FALSE,FALSE,,2,1,Kevin Hart: I'm a Grown Little Man
FALSE,none,3000000,1300000,TRUE,TRUE,2019-04-02,2,1,Kevin Hart: Irresponsible
FALSE,none,200000,100000,FALSE,FALSE,,2,1,Kevin Hart: Let Me Explain
FALSE,none,2400000,600000,TRUE,TRUE,2017-04-11,2,1,Kevin Hart: What Now?
FALSE,none,1800000,600000,TRUE,TRUE,2020-11-17,2,1,Kevin Hart: Zero F**ks Given
FALSE,none,800000,300000,TRUE,TRUE,2018-04-24,2,1,Kevin James: Never Don't Give Up
FALSE,none,100000,,FALSE,FALSE,,1,1,Kevin James: Sweat the Small Stuff
TRUE,none,20200000,2100000,FALSE,FALSE,,6,3,Key & Peele
FALSE,Korean,400000,,FALSE,FALSE,,1,1,Keys To The Heart
FALSE,Arabic,100000,,FALSE,FALSE,,1,1,Khabsa - What Did I Mess
TRUE,Devanagari,20800000,1100000,TRUE,TRUE,2022-11-25,2,1,Khakee: The Bihar Chapter
FALSE,Thai,300000,,FALSE,FALSE,,1,1,Khan Kluay 2
FALSE,Thai,100000,,FALSE,FALSE,,1,1,Khan Kluay The Adventures: The Adventures of Khan Kluay
FALSE,Thai,400000,,FALSE,FALSE,,1,1,Khan Kluay
FALSE,Devanagari,1800000,,FALSE,FALSE,,1,1,Khoobsurat
FALSE,none,100000,,FALSE,FALSE,,1,1,Khumba
FALSE,Thai,1900000,,FALSE,FALSE,,1,1,Khun Pan 2
FALSE,Thai,1200000,,FALSE,FALSE,,1,1,Khun Pan
FALSE,Thai,400000,,FALSE,FALSE,,1,1,Khun Phaen Begins
FALSE,Japanese,300000,,FALSE,FALSE,,1,1,Kiba: The Fangs of Fiction
TRUE,none,3800000,300000,TRUE,TRUE,,4,2,Kibaoh Klashers
FALSE,none,200000,,FALSE,FALSE,,1,1,Kibar Feyzo
FALSE,Korean,100000,,FALSE,FALSE,,1,1,Kick the Moon
FALSE,none,8400000,,FALSE,FALSE,,1,1,Kick-Ass 2
FALSE,none,200000,,FALSE,FALSE,,1,1,Kick-Ass
FALSE,none,5300000,,FALSE,FALSE,,1,1,Kicking & Screaming (2005)
FALSE,none,100000,,FALSE,FALSE,,1,1,Kicking and Screaming
FALSE,none,800000,100000,TRUE,TRUE,,2,1,Kickstart Fitness with the Basics: Volume 1
TRUE,none,10900000,1700000,TRUE,TRUE,2021-02-02,6,3,Kid Cosmic
FALSE,Latin,100000,,FALSE,FALSE,,1,1,Kid Fighters
TRUE,none,31600000,3100000,FALSE,FALSE,,4,2,Kid-E-Cats
FALSE,none,500000,,FALSE,FALSE,,1,1,Kidnap (2017)
FALSE,Latin,100000,,FALSE,FALSE,,1,1,Kidnap - Bo's Most Exciting Holiday Ever
FALSE,none,100000,,FALSE,FALSE,,1,1,Kidnapped (2021)
FALSE,none,4200000,,TRUE,TRUE,2019-07-12,1,1,Kidnapping Stella
FALSE,Korean,100000,,FALSE,FALSE,,1,1,Kids Are Fine
FALSE,none,4700000,900000,FALSE,FALSE,,1,1,Kids Holiday Playlist: Collection
FALSE,Latin,1500000,,FALSE,FALSE,,1,1,Kids on the Block
FALSE,none,100000,,FALSE,FALSE,,1,1,Kika (1993)
FALSE,Latin,100000,,FALSE,FALSE,,1,1,"Kiki, Love to Love"
FALSE,Japanese,5400000,,FALSE,FALSE,,1,1,Kiki’s Delivery Service
TRUE,none,1400000,300000,FALSE,FALSE,,2,1,Kikker & Vriendjes
TRUE,none,100000,,FALSE,FALSE,,1,1,Kiko (2016)
FALSE,Korean,68500000,,TRUE,TRUE,2023-03-31,1,1,Kill Boksoon
FALSE,Latin,100000,,FALSE,FALSE,,1,1,Kill Hitler! The Luck of the Devil
TRUE,Korean,2400000,100000,FALSE,FALSE,,2,1,Kill Me Heal Me
FALSE,Latin,300000,,FALSE,FALSE,,1,1,Kill Me If You Dare
FALSE,Latin,100000,,FALSE,FALSE,,1,1,Kill Me Tender
FALSE,Latin,100000,,FALSE,FALSE,,1,1,Kill Them All and Come Back Alone
TRUE,none,900000,100000,FALSE,FALSE,,2,1,Kill Thy Neighbour
FALSE,none,100000,,FALSE,FALSE,,1,1,Killer Among Us
FALSE,none,2300000,,FALSE,FALSE,,1,1,Killer Elite
FALSE,Latin,100000,,FALSE,FALSE,,1,1,Killer Housewives
TRUE,none,9800000,1600000,TRUE,TRUE,2020-01-15,2,1,Killer Inside: The Mind of Aaron Hernandez
TRUE,none,100000,,FALSE,FALSE,,1,1,Killer Instinct
FALSE,none,100000,,FALSE,FALSE,,1,1,Killer IQ: Lion vs. Hyena
TRUE,Latin,2300000,200000,TRUE,TRUE,2019-05-31,2,1,Killer Ratings
TRUE,none,11100000,1200000,TRUE,TRUE,2022-11-02,2,1,Killer Sally
TRUE,none,500000,100000,FALSE,FALSE,,3,2,Killer Women with Piers Morgan
FALSE,none,500000,,FALSE,FALSE,,1,1,Killerman
FALSE,none,1000000,,FALSE,FALSE,,1,1,Killers (2010)
FALSE,none,100000,,FALSE,FALSE,,1,1,Killing Escobar
TRUE,none,30000000,2200000,FALSE,FALSE,,8,4,Killing Eve
FALSE,Japanese,200000,,FALSE,FALSE,,1,1,Killing for the Prosecution
FALSE,none,300000,,FALSE,FALSE,,1,1,Killing Hasselhoff
FALSE,none,100000,,FALSE,FALSE,,1,1,Killing Heydrich
FALSE,none,100000,,FALSE,FALSE,,1,1,Killing Them Softly
FALSE,none,200000,,FALSE,FALSE,,1,1,Kilometers and Kilometers
FALSE,Korean,300000,,FALSE,FALSE,,1,1,Kim Ji-Young: Born 1982
TRUE,none,79500000,11400000,TRUE,FALSE,,10,5,Kim's Convenience
FALSE,none,500000,,FALSE,FALSE,,1,1,Kin (2018)
FALSE,none,100000,,FALSE,FALSE,,1,1,Kindergarten Cop 2
FALSE,none,5700000,,FALSE,FALSE,,1,1,Kindergarten Cop
FALSE,Korean,100000,,FALSE,FALSE,,1,1,King And The Clown
FALSE,none,3100000,,FALSE,FALSE,,1,1,King Arthur: Legend of the Sword
FALSE,none,100000,,FALSE,FALSE,,1,1,King George VI: The Man Behind the King's Speech
FALSE,none,22300000,,FALSE,FALSE,,1,1,King Kong (2005)
FALSE,Chinese_or_Kanji,900000,,FALSE,FALSE,,1,1,King of Beggars
TRUE,none,2300000,200000,TRUE,TRUE,2021-08-27,2,1,King of Boys: The Return of the King
FALSE,none,300000,,TRUE,TRUE,,1,1,King of Boys
FALSE,Korean,3700000,,TRUE,TRUE,2023-06-23,1,1,King of Clones
TRUE,none,26100000,1800000,TRUE,TRUE,2023-04-28,2,1,King of Collectibles: The Goldin Touch
TRUE,Korean,1500000,,FALSE,FALSE,,4,4,King of Golf
FALSE,Chinese_or_Kanji,100000,,FALSE,FALSE,,1,1,King of Mahjong
FALSE,Korean,200000,,FALSE,FALSE,,1,1,King of Prison 2: The Prison War
FALSE,Korean,100000,,FALSE,FALSE,,1,1,King of Prison
TRUE,none,3100000,300000,TRUE,TRUE,2022-07-06,2,1,King of Stonks
FALSE,none,1300000,,FALSE,FALSE,,1,1,King of Thieves (2018)
FALSE,none,2800000,,FALSE,FALSE,,1,1,King Richard
TRUE,Korean,665400000,33200000,TRUE,FALSE,2023-06-17,2,1,King the Land
FALSE,none,200000,,TRUE,TRUE,2017-10-13,1,1,Kingdom of Us
TRUE,Japanese,400000,,FALSE,FALSE,,1,1,Kingdom ~ The Man Who Became the Top ~
FALSE,Japanese,3400000,,FALSE,FALSE,,1,1,Kingdom2: Far and Away
FALSE,Korean,9700000,,TRUE,TRUE,2021-07-23,1,1,Kingdom: Ashin of the North
FALSE,Japanese,700000,,FALSE,FALSE,,1,1,Kingdom
TRUE,Japanese,28500000,1400000,FALSE,FALSE,,8,4,Kingdom
TRUE,Korean,31200000,3000000,TRUE,TRUE,2019-01-25,4,2,Kingdom
TRUE,none,51500000,1500000,TRUE,TRUE,2020-12-04,4,2,Kings of Jo'Burg
FALSE,none,1700000,,TRUE,TRUE,2023-04-07,1,1,Kings of Mulberry Street: Let Love Reign
FALSE,none,100000,,FALSE,FALSE,,1,1,Kings of Mulberry Street
FALSE,none,2500000,,FALSE,FALSE,,1,1,Kingsglaive: Final Fantasy XV
TRUE,Chinese_or_Kanji,2300000,,FALSE,FALSE,,1,1,King’s War
FALSE,none,100000,,FALSE,FALSE,,1,1,Kipchoge: The Last Milestone
TRUE,none,19100000,2200000,TRUE,TRUE,2020-01-14,6,3,Kipo and the Age of Wonderbeasts
TRUE,none,1800000,100000,FALSE,FALSE,,2,1,Kiri
FALSE,Japanese,800000,,FALSE,FALSE,,1,1,Kisaragi Station
FALSE,Japanese,100000,,FALSE,FALSE,,1,1,Kiseki: Sobito of That Day
FALSE,Japanese,100000,,FALSE,FALSE,,1,1,"Kiss Him, Not Me"
FALSE,Japanese,200000,,FALSE,FALSE,,1,1,Kiss Me at the Stroke of Midnight
TRUE,none,600000,100000,TRUE,TRUE,2018-06-29,2,1,Kiss Me First
FALSE,none,500000,,FALSE,FALSE,,1,1,Kiss of the Dragon
FALSE,none,100000,,FALSE,FALSE,,1,1,Kiss the Girls
FALSE,none,600000,,TRUE,TRUE,,1,1,Kiss the Ground
FALSE,Latin,13300000,,TRUE,TRUE,2023-04-26,1,1,"Kiss, Kiss!"
TRUE,Latin,100000,,TRUE,TRUE,2020-07-17,1,1,Kissing Game
FALSE,none,100000,,FALSE,FALSE,,1,1,Kita Kita
TRUE,none,35000000,2500000,TRUE,TRUE,2023-05-18,2,1,Kitti Katz
TRUE,Latin,2000000,1400000,FALSE,FALSE,,1,1,Kitty Kotty
FALSE,Latin,900000,,TRUE,TRUE,2021-06-05,1,1,Kitty Love: An Homage to Cats
TRUE,none,3600000,400000,TRUE,TRUE,2021-12-30,2,1,Kitz
TRUE,Japanese,100000,,FALSE,FALSE,,1,1,Kizoku Tanjou -PRINCE OF LEGEND-
FALSE,none,300000,,FALSE,FALSE,,1,1,KL Gangster 2
FALSE,none,200000,,FALSE,FALSE,,1,1,KL Gangster
FALSE,none,200000,,FALSE,FALSE,,1,1,KL Zombi
FALSE,Latin,100000,,FALSE,FALSE,,1,1,Klara - Don't Be Afraid to Follow Your Dream
FALSE,none,3900000,,TRUE,TRUE,2019-11-15,1,1,Klaus
TRUE,none,24400000,1200000,TRUE,TRUE,2022-08-19,2,1,Kleo
FALSE,none,200000,,FALSE,FALSE,,1,1,Km 31-2
FALSE,none,1000000,,FALSE,FALSE,,1,1,KM 31: Kilómetro 31
FALSE,none,300000,,FALSE,FALSE,,1,1,Knallharte Jungs
FALSE,none,16900000,,FALSE,FALSE,,1,1,Knight and Day
FALSE,Latin,100000,,FALSE,FALSE,,1,1,Knight Rusty 2: Full Metal Racket
TRUE,none,21500000,1000000,TRUE,FALSE,,4,2,Knightfall
FALSE,none,26200000,,FALSE,FALSE,,1,1,Knives Out
FALSE,none,100000,,TRUE,TRUE,2019-05-01,1,1,Knock Down The House
FALSE,none,100000,,FALSE,FALSE,,1,1,Knock Knock (2015)
FALSE,none,1300000,,FALSE,FALSE,,1,1,Knockaround Guys
FALSE,none,1600000,,FALSE,FALSE,,1,1,Knocked Up
FALSE,none,8700000,,FALSE,FALSE,,1,1,Knowing
FALSE,none,200000,,FALSE,FALSE,,1,1,Knuckle City
FALSE,none,400000,,FALSE,FALSE,,1,1,Knuckle
FALSE,none,100000,,FALSE,FALSE,,1,1,Kobieta sukcesu
FALSE,none,300000,,TRUE,TRUE,,1,1,Kocan Kadar Konus 2: Dirilis
FALSE,none,200000,,TRUE,TRUE,,1,1,Kocan Kadar Konus
FALSE,none,100000,,FALSE,FALSE,,1,1,Kochaj
TRUE,Japanese,4600000,300000,FALSE,FALSE,,5,4,Kochikame
FALSE,none,1100000,,FALSE,FALSE,2018-04-20,1,1,Kodachrome
FALSE,Latin,200000,,FALSE,FALSE,,1,1,Kogel Mogel 3
TRUE,none,30900000,6400000,TRUE,TRUE,2023-07-15,1,1,Kohrra
FALSE,none,100000,,FALSE,FALSE,,1,1,Koki Koki Cilik 2
FALSE,none,100000,,FALSE,FALSE,,1,1,Koki-Koki Cilik
FALSE,none,100000,,FALSE,FALSE,,1,1,Kolaiyuthir Kaalam
FALSE,none,800000,,FALSE,FALSE,,1,1,Kolpaçino 3. Devre
FALSE,none,100000,,FALSE,FALSE,,1,1,Komedi Moderen Gokil
TRUE,Japanese,36800000,1700000,TRUE,TRUE,2021-10-06,2,1,Komi Can't Communicate
FALSE,none,100000,,FALSE,FALSE,,1,1,Komornik
FALSE,none,100000,,FALSE,FALSE,,1,1,Komt Een Vrouw Bij De Dokter
FALSE,none,300000,,FALSE,FALSE,,1,1,Kon-Tiki
FALSE,none,200000,,FALSE,FALSE,,1,1,Konda Polam
TRUE,none,21700000,1700000,TRUE,TRUE,2016-04-15,4,2,Kong: King of the Apes
FALSE,none,1900000,,FALSE,FALSE,,1,1,Kong: Skull Island
FALSE,none,100000,,TRUE,TRUE,,1,1,Kongsi Raya
FALSE,none,100000,,FALSE,FALSE,,1,1,"Kongsi: Lu Langsi, Lu Mati"
TRUE,Korean,14600000,1500000,TRUE,TRUE,,4,2,Kongsuni and Friends
FALSE,Korean,200000,,FALSE,FALSE,,1,1,KONGSUNI the movie: TOY WORLD ADVENTURE
FALSE,none,600000,,FALSE,FALSE,,1,1,Koniec świata czyli Kogel Mogel 4
TRUE,Japanese,200000,,FALSE,FALSE,,2,2,Kono Oto Tomare! Sounds of Life
FALSE,Japanese,1800000,100000,FALSE,FALSE,,2,1,KonoSuba: An Explosion on This Wonderful World!
FALSE,Japanese,1900000,200000,FALSE,FALSE,,2,1,KonoSuba: God's Blessing on This Wonderful World! 2
FALSE,Japanese,300000,,FALSE,FALSE,,1,1,KonoSuba: God's Blessing on this Wonderful World! Legend of Crimson
FALSE,Japanese,2200000,200000,FALSE,FALSE,,2,1,KonoSuba: God's Blessing on This Wonderful World!
TRUE,Japanese,1100000,100000,FALSE,FALSE,,2,1,Kore Yodan Nandesukedo…
TRUE,Korean,4200000,200000,TRUE,TRUE,2022-11-25,2,1,Korea No.1
TRUE,Korean,11300000,900000,FALSE,FALSE,,1,1,Korea-Khitan War
TRUE,Korean,500000,100000,TRUE,TRUE,,2,1,Korean Cold Noodle Rhapsody
TRUE,Korean,600000,200000,TRUE,TRUE,,2,1,Korean Pork Belly Rhapsody
FALSE,none,300000,,FALSE,FALSE,,1,1,Korkusuz Korkak
TRUE,Devanagari,4200000,500000,TRUE,TRUE,2021-08-27,4,2,Kota Factory
TRUE,Japanese,2100000,100000,FALSE,FALSE,,2,1,Kotaro Lives Alone (2021)
TRUE,Japanese,12200000,1100000,TRUE,TRUE,2022-03-10,2,1,Kotaro Lives Alone
FALSE,none,4200000,4100000,TRUE,TRUE,2023-09-19,1,1,Kountry Wayne: A Woman's Prayer
FALSE,none,700000,,FALSE,FALSE,,1,1,Kral Şakir Korsanlar Diyarı
FALSE,none,700000,,FALSE,FALSE,,1,1,Kral Şakir Oyun Zamanı
FALSE,none,100000,,FALSE,FALSE,,1,1,Krampus
FALSE,none,400000,,FALSE,FALSE,,1,1,Krime Story Love Story
FALSE,Devanagari,100000,100000,FALSE,FALSE,,1,1,"Krish, Trish & Baltiboy Bharat Hain Hum: Krish, Trish & Baltiboy Bharat Hai Hum"
FALSE,none,300000,,FALSE,FALSE,,1,1,Krishna and His Leela
FALSE,none,900000,,FALSE,FALSE,,1,1,Krishna Vrinda Vihari
FALSE,Thai,100000,,FALSE,FALSE,,1,1,Krut: The Himmaphan Warriors
FALSE,Latin,100000,,FALSE,FALSE,,1,1,Kryptonite!
FALSE,none,100000,,FALSE,FALSE,,1,1,Król Życia
FALSE,Devanagari,3500000,,FALSE,FALSE,,1,1,Kuch Kuch Hota Hai
TRUE,none,600000,300000,FALSE,FALSE,,2,1,Kukuli Şarkılar
TRUE,none,1800000,200000,FALSE,FALSE,,4,2,Kukuli
TRUE,none,1700000,200000,TRUE,TRUE,2016-09-02,2,1,Kulipari: An Army of Frogs
TRUE,none,1200000,100000,TRUE,TRUE,2018-11-20,2,1,Kulipari: Dream Walker
FALSE,Latin,1000000,,FALSE,FALSE,,1,1,Kumanthong 2: Jackpot Island
FALSE,Latin,100000,,FALSE,FALSE,,1,1,Kumanthong: Untold Story
FALSE,none,1300000,,FALSE,FALSE,,1,1,Kumari
FALSE,Korean,200000,,FALSE,FALSE,,1,1,Kundo: Age of the Rampant
FALSE,Chinese_or_Kanji,100000,,FALSE,FALSE,,1,1,Kung Fu Cult Master
FALSE,Chinese_or_Kanji,200000,,FALSE,FALSE,,1,1,Kung Fu Dunk
FALSE,Chinese_or_Kanji,5900000,,FALSE,FALSE,,1,1,Kung Fu Hustle
FALSE,Chinese_or_Kanji,800000,,FALSE,FALSE,,1,1,Kung Fu Jungle
FALSE,none,9700000,,FALSE,FALSE,,1,1,Kung Fu Panda 2
FALSE,none,27600000,,FALSE,FALSE,2016-08-18,1,1,Kung Fu Panda 3
FALSE,none,100000,,FALSE,FALSE,,1,1,Kung Fu Panda: Holiday
FALSE,none,600000,,TRUE,TRUE,,1,1,Kung Fu Panda: Secrets of the Scroll
TRUE,none,93300000,7900000,TRUE,TRUE,2022-07-14,5,3,Kung Fu Panda: The Dragon Knight
FALSE,none,12000000,,FALSE,FALSE,,1,1,Kung Fu Panda
FALSE,Thai,100000,,FALSE,FALSE,,1,1,Kung Fu Tootsie
FALSE,Chinese_or_Kanji,900000,,FALSE,FALSE,,1,1,Kung Fu Yoga
FALSE,Latin,200000,,FALSE,FALSE,,1,1,Kung-Fu Kings 4: The Challenge of Kung Fu Brothers
FALSE,none,500000,,FALSE,FALSE,2018-10-12,1,1,Kuntilanak
FALSE,Japanese,2700000,,FALSE,FALSE,,1,1,Kuroko's Basketball: Last Game
TRUE,Japanese,59300000,2500000,FALSE,FALSE,,6,3,Kuroko's Basketball
FALSE,Japanese,100000,,FALSE,FALSE,,1,1,Kuroko’s Basketball: Winter Cup Highlights  ~Beyond the Tears~
FALSE,Japanese,100000,,FALSE,FALSE,,1,1,Kuroko’s Basketball: Winter Cup Highlights  ~Crossing the Door~
FALSE,Japanese,100000,,FALSE,FALSE,,1,1,Kuroko’s Basketball: Winter Cup Highlights  ~Shadow and Light~
TRUE,Japanese,3100000,300000,TRUE,TRUE,2016-04-10,4,2,Kuromukuro
FALSE,none,600000,,FALSE,FALSE,,1,1,Kurt Cobain: Montage of Heck
FALSE,none,1200000,,FALSE,FALSE,,1,1,Kurup (Hindi)
FALSE,none,200000,,FALSE,FALSE,,1,1,Kurup (Malayalam)
FALSE,none,300000,,FALSE,FALSE,,1,1,Kurup (Tamil)
FALSE,none,300000,,FALSE,FALSE,,1,1,Kurup (Telugu)
FALSE,none,100000,,FALSE,FALSE,,1,1,Kuselan
FALSE,none,2200000,,FALSE,FALSE,,1,1,Kutsal Damacana 4
FALSE,none,500000,,FALSE,FALSE,,1,1,Kuttavum Shikshayum (2022)
FALSE,Devanagari,7300000,,FALSE,FALSE,,1,1,Kuttey
FALSE,none,900000,,FALSE,FALSE,,1,1,Kwestie van Geduld
FALSE,Devanagari,100000,,FALSE,FALSE,,1,1,Kyaa Kool Hain Hum 3
FALSE,none,100000,,FALSE,FALSE,,1,1,Kyo Kii... Main Jhuth Nahin Bolta
TRUE,Japanese,100000,,FALSE,FALSE,,1,1,Kyokasho ni Nai!
FALSE,none,200000,,FALSE,FALSE,,1,1,Köyden İndim Şehire
FALSE,none,200000,,FALSE,FALSE,,1,1,"Küss mich, Frosch"
FALSE,none,400000,,FALSE,FALSE,,1,1,Küçük Esnaf
FALSE,none,200000,,FALSE,FALSE,,1,1,L'agenzia dei bugiardi
FALSE,none,300000,,FALSE,FALSE,,1,1,L'allenatore nel pallone
FALSE,none,100000,,FALSE,FALSE,,1,1,L'infermiera di notte
FALSE,none,3000000,,FALSE,FALSE,,1,1,L'intervention
FALSE,none,300000,,FALSE,FALSE,,1,1,L'uomo del labirinto
FALSE,none,600000,,FALSE,FALSE,,1,1,L.A. Confidential
TRUE,none,1400000,,FALSE,FALSE,,2,2,L.A.’s Finest
FALSE,none,800000,,FALSE,FALSE,,1,1,La Bamba
TRUE,none,52300000,500000,FALSE,FALSE,,2,1,La bella y las bestias
FALSE,Latin,100000,,FALSE,FALSE,,1,1,La Belle Verte
FALSE,none,500000,,FALSE,FALSE,,1,1,La boda de Rosa
FALSE,none,200000,,FALSE,FALSE,,1,1,La cantera
FALSE,none,100000,,FALSE,FALSE,,1,1,La casa di famiglia
FALSE,none,9100000,600000,FALSE,FALSE,,2,1,La Caza: Guadiana
FALSE,none,18900000,600000,FALSE,FALSE,,2,1,La Caza: Monteperdido
TRUE,none,11900000,400000,FALSE,FALSE,,2,1,La Caza
FALSE,none,500000,,FALSE,FALSE,,1,1,La cena perfetta
FALSE,none,100000,,FALSE,FALSE,,1,1,La dama del bosque maldíto
FALSE,none,400000,,FALSE,FALSE,,1,1,La diosa del asfalto
TRUE,none,2400000,,FALSE,FALSE,,1,1,La esclava blanca
FALSE,none,100000,,FALSE,FALSE,,1,1,La fuitina sbagliata
FALSE,none,100000,,FALSE,FALSE,,1,1,La gran familia española
FALSE,none,300000,,FALSE,FALSE,,1,1,La haine
FALSE,none,300000,,TRUE,TRUE,,1,1,La hora final
FALSE,none,5400000,,FALSE,FALSE,,1,1,La La Land (2016)
FALSE,none,2800000,,FALSE,FALSE,,1,1,La ley de Herodes
FALSE,none,3600000,,FALSE,FALSE,,1,1,La Leyenda de la Llorona
FALSE,none,3000000,,FALSE,FALSE,,1,1,La leyenda de la Nahuala
FALSE,none,1400000,,FALSE,FALSE,,1,1,La Leyenda De Las Momias De Guanajuato
FALSE,none,2000000,,FALSE,FALSE,,1,1,La leyenda del Charro Negro
FALSE,none,200000,,FALSE,FALSE,,1,1,La Leyenda del Diamante
TRUE,Latin,1200000,200000,TRUE,TRUE,2020-09-09,2,1,La Línea: Shadow of Narco
FALSE,none,200000,,FALSE,FALSE,,1,1,La marge
FALSE,none,200000,,FALSE,FALSE,,1,1,La matassa
FALSE,none,300000,,FALSE,FALSE,,1,1,La novia (2015)
FALSE,none,500000,,TRUE,TRUE,2020-04-10,1,1,LA Originals
FALSE,none,100000,,FALSE,FALSE,,1,1,La paranza dei bambini
FALSE,Latin,3500000,,FALSE,FALSE,,1,1,La Parisienne
FALSE,Latin,300000,,TRUE,TRUE,,1,1,La Pena Maxima
FALSE,none,100000,,FALSE,FALSE,,1,1,La piedad
TRUE,none,134000000,1300000,FALSE,FALSE,,4,2,La piloto
FALSE,Latin,1000000,,FALSE,FALSE,,1,1,La playa de los ahogados
TRUE,none,758200000,3200000,TRUE,FALSE,2011-09-05,6,3,La Reina del Sur
TRUE,none,9600000,800000,TRUE,TRUE,2020-10-16,2,1,La Révolution
FALSE,none,1000000,,FALSE,FALSE,,1,1,La Tour Montparnasse infernale
TRUE,none,200000,,FALSE,FALSE,,1,1,La Vida Lena
FALSE,Latin,100000,,FALSE,FALSE,,1,1,La Vie en Rose
FALSE,none,300000,,FALSE,FALSE,,1,1,La Visa Loca
FALSE,none,400000,,FALSE,FALSE,,1,1,Laabam
FALSE,Devanagari,5100000,,FALSE,FALSE,,1,1,Laal Singh Chaddha
FALSE,none,4500000,,FALSE,FALSE,,1,1,Labor Day
FALSE,none,2300000,,FALSE,FALSE,,1,1,Labyrinth (1986)
FALSE,none,5800000,,TRUE,TRUE,,1,1,Labyu With An Accent
FALSE,Hebrew,100000,,FALSE,FALSE,,1,1,Laces
FALSE,Thai,300000,,FALSE,FALSE,,1,1,Laddaland
TRUE,none,4900000,1700000,TRUE,TRUE,2023-08-09,1,1,Ladies First: A Story of Women in Hip-Hop
FALSE,none,100000,,TRUE,TRUE,2018-03-08,1,1,Ladies First
FALSE,none,100000,,FALSE,FALSE,,1,1,Ladies in Black
TRUE,none,100000,,TRUE,TRUE,2020-03-27,1,1,Ladies Up
FALSE,none,200000,,FALSE,FALSE,,1,1,Lady Boss: The Jackie Collins Story
FALSE,none,26800000,,TRUE,TRUE,2022-12-02,1,1,Lady Chatterley's Lover
FALSE,none,1400000,,FALSE,FALSE,,1,1,Lady Driver
TRUE,none,300000,,TRUE,TRUE,2016-05-20,2,2,Lady Dynamite
FALSE,Latin,1000000,,FALSE,FALSE,2019-03-08,1,1,Lady J
TRUE,Latin,800000,100000,TRUE,TRUE,2022-08-04,2,1,Lady Tamara
FALSE,Korean,400000,,FALSE,FALSE,,1,1,Lady Vengeance
TRUE,Latin,97600000,1800000,TRUE,TRUE,2022-12-31,2,1,Lady Voyeur
TRUE,Latin,1400000,200000,FALSE,FALSE,,2,1,Laetitia
FALSE,Devanagari,1300000,,FALSE,FALSE,,1,1,Lagaan
FALSE,Devanagari,200000,,FALSE,FALSE,,1,1,Lage Raho Munna Bhai
FALSE,none,100000,,FALSE,FALSE,,1,1,Lagenda Budak Hostel
FALSE,none,400000,,FALSE,FALSE,,1,1,Lagi Lagi Senario
FALSE,none,100000,,FALSE,FALSE,,1,1,Lagi-Lagi Ateng
FALSE,none,200000,,FALSE,FALSE,,1,1,Lagos Real Fake Life
TRUE,none,10200000,700000,FALSE,FALSE,,5,3,Laguna Beach
FALSE,none,100000,,FALSE,FALSE,,1,1,Laia (2016)
TRUE,Japanese,1200000,100000,FALSE,FALSE,,3,2,Laid-Back Camp
FALSE,none,100000,,FALSE,FALSE,,1,1,Lakeeran
FALSE,none,900000,,FALSE,FALSE,,1,1,Lakeview Terrace
FALSE,none,1100000,,FALSE,FALSE,,1,1,Lakshya
FALSE,Devanagari,100000,,FALSE,FALSE,,1,1,Lal Patthar
FALSE,none,100000,,FALSE,FALSE,,1,1,Lammbock
FALSE,Latin,200000,,FALSE,FALSE,,1,1,Lampor: The Flying Casket
FALSE,none,3600000,,FALSE,FALSE,,1,1,Land (2021)
FALSE,none,200000,,FALSE,FALSE,,1,1,Land of Hope (2018)
FALSE,Latin,100000,,FALSE,FALSE,,1,1,Land Of Spirits: The Blind Shaman
TRUE,Latin,300000,,FALSE,FALSE,,1,1,Land of Spirits: The Young Shaman
TRUE,Latin,100000,,FALSE,FALSE,,1,1,Land of Spirits
FALSE,none,100000,,FALSE,FALSE,,1,1,Land of the Dead
FALSE,Chinese_or_Kanji,400000,,TRUE,TRUE,,1,1,Lang Tong
FALSE,none,100000,,FALSE,FALSE,,1,1,Lansky
FALSE,Japanese,100000,,FALSE,FALSE,,1,1,Laplace's Witch
FALSE,none,100000,,FALSE,FALSE,,1,1,Lara and the Beat
FALSE,none,300000,,FALSE,FALSE,,1,1,Lara Ati
FALSE,none,6000000,,FALSE,FALSE,,1,1,Lara Croft Tomb Raider: The Cradle of Life
FALSE,none,700000,,FALSE,FALSE,,1,1,Lara Croft: Tomb Raider
TRUE,none,100000,,TRUE,TRUE,2019-02-15,1,1,Larry Charles' Dangerous World of Comedy
FALSE,none,300000,,FALSE,FALSE,,1,1,Larry Crowne
FALSE,none,1100000,400000,FALSE,FALSE,,2,1,Larry the Cable Guy: Remain Seated
TRUE,none,28200000,3400000,TRUE,TRUE,2023-05-04,2,1,Larva Family
TRUE,none,34500000,8300000,TRUE,TRUE,2018-10-19,4,2,Larva Island
FALSE,none,3300000,,TRUE,TRUE,2022-05-25,1,1,Larva Pendant
TRUE,none,47500000,7200000,TRUE,TRUE,,6,3,Larva
TRUE,none,143100000,1800000,FALSE,FALSE,2015-07-01,4,2,Las muñecas de la mafia
FALSE,none,700000,,FALSE,FALSE,,1,1,Lasciarsi un giorno a Roma
FALSE,none,100000,,FALSE,FALSE,,1,1,Lassemajas Detektivbyrå: Skorpionens gåta
FALSE,Latin,700000,,FALSE,FALSE,,1,1,Lassie Come Home
FALSE,none,1800000,,FALSE,FALSE,,1,1,Last Action Hero
FALSE,none,500000,,TRUE,TRUE,,1,1,Last Breath (2019)
FALSE,none,200000,,FALSE,FALSE,,1,1,Last Cab to Darwin
FALSE,Latin,100000,,FALSE,FALSE,,1,1,Last Call for Nowhere
TRUE,none,16300000,400000,TRUE,TRUE,2021-03-10,4,2,Last Chance U: Basketball
TRUE,none,6000000,500000,TRUE,TRUE,2016-07-29,4,2,Last Chance U: EMCC
TRUE,none,4900000,300000,TRUE,TRUE,2018-07-20,4,2,Last Chance U: INDY
FALSE,none,3400000,300000,TRUE,TRUE,2020-07-28,2,1,Last Chance U: Laney
FALSE,none,800000,,FALSE,FALSE,,1,1,Last Christmas (2019)
FALSE,Latin,200000,,FALSE,FALSE,,1,1,Last Film Show (Hindi)
FALSE,none,300000,,FALSE,FALSE,,1,1,Last Flight to Abuja
FALSE,Chinese_or_Kanji,100000,,FALSE,FALSE,,1,1,Last Hero in China
FALSE,none,2100000,,FALSE,FALSE,,1,1,Last Holiday (2006)
TRUE,Japanese,2700000,300000,TRUE,FALSE,2018-03-28,4,2,LAST HOPE
FALSE,none,700000,,FALSE,FALSE,,1,1,Last Knights
FALSE,Japanese,100000,,FALSE,FALSE,,1,1,Last Letter
FALSE,none,100000,,FALSE,FALSE,,1,1,Last Looks (2021)
FALSE,none,500000,,FALSE,FALSE,,1,1,Last Love
TRUE,none,300000,,FALSE,FALSE,,1,1,Last Madame
FALSE,none,2700000,,FALSE,FALSE,,1,1,Last Man Down
FALSE,none,300000,,FALSE,FALSE,,1,1,Last Night (2010)
FALSE,none,700000,,FALSE,FALSE,,1,1,Last Night in Soho
TRUE,Japanese,17400000,2700000,TRUE,FALSE,2022-03-08,3,2,Last One Standing
FALSE,Latin,100000,,FALSE,FALSE,,1,1,Last Party
FALSE,none,100000,,FALSE,FALSE,,1,1,Last Request (2020)
FALSE,none,100000,,FALSE,FALSE,,1,1,Last Sacrament
FALSE,none,10000000,,FALSE,FALSE,,1,1,Last Seen Alive (2022)
FALSE,Latin,3100000,,FALSE,FALSE,,1,1,Last Stop 174
TRUE,none,5600000,2800000,FALSE,FALSE,,1,1,Last Stop Larrimah
FALSE,Latin,600000,,TRUE,TRUE,2021-07-09,1,1,Last Summer
TRUE,none,4900000,500000,FALSE,FALSE,,8,4,Last Tango in Halifax
FALSE,Japanese,100000,,FALSE,FALSE,,1,1,"Last Winter, We Parted"
FALSE,Latin,100000,,FALSE,FALSE,,1,1,Last Wolves
FALSE,Chinese_or_Kanji,100000,,TRUE,TRUE,,1,1,Late Life: The Chien-Ming Wang Story
FALSE,Hebrew,100000,,FALSE,FALSE,,1,1,Late Marriage
FALSE,none,1800000,,FALSE,FALSE,,1,1,Late Night
FALSE,none,4700000,,FALSE,FALSE,2020-07-31,1,1,Latte and the Magic Waterstone
FALSE,none,200000,,FALSE,FALSE,,1,1,Laundry Show
FALSE,Latin,200000,,FALSE,FALSE,,1,1,Laura's Star and the Dream Monster
TRUE,Latin,1300000,100000,FALSE,FALSE,,2,1,Laura's Star
FALSE,Latin,100000,,FALSE,FALSE,,1,1,Laura's Wedding
FALSE,none,100000,,FALSE,FALSE,,1,1,Laurence Anyways
TRUE,Devanagari,100000,,FALSE,FALSE,2021-05-05,1,1,Lava Ka Dhaava
FALSE,none,2900000,,FALSE,FALSE,,1,1,Lavender (2016)
FALSE,none,2200000,,FALSE,FALSE,,1,1,Law Abiding Citizen
FALSE,Latin,100000,,FALSE,FALSE,,1,1,Law of Desire
TRUE,Korean,12900000,300000,TRUE,TRUE,2021-04-14,2,1,Law School
FALSE,none,5100000,,FALSE,FALSE,,1,1,Lawless (2012)
FALSE,Korean,10200000,,TRUE,TRUE,,1,1,Lawless Lawyer
TRUE,Korean,1100000,100000,TRUE,TRUE,,1,1,Lawless Lawyer
FALSE,none,900000,,FALSE,FALSE,,1,1,Lawrence of Arabia: Restored Version
FALSE,none,3300000,,FALSE,FALSE,,1,1,Layer Cake
TRUE,Latin,100000,,FALSE,FALSE,,1,1,Layers of Istanbul
FALSE,none,400000,,FALSE,FALSE,2018-03-23,1,1,Layla M.
FALSE,none,200000,,FALSE,FALSE,2021-02-11,1,1,Layla Majnun
FALSE,none,200000,,FALSE,FALSE,,1,1,Le Brio
TRUE,none,2100000,100000,FALSE,FALSE,,2,1,Le Code
FALSE,none,200000,,FALSE,FALSE,,1,1,Le Comiche
TRUE,Chinese_or_Kanji,100000,,FALSE,FALSE,,1,1,Le Coup de Foudre
FALSE,none,100000,,FALSE,FALSE,,1,1,Le fils du Français
FALSE,none,400000,,FALSE,FALSE,,1,1,Le Marginal
FALSE,none,300000,,FALSE,FALSE,,1,1,Le prix à payer
FALSE,none,100000,,FALSE,FALSE,,1,1,Le Vie del Signore sono finite
FALSE,none,100000,,FALSE,FALSE,,1,1,LE WEEK-END
FALSE,Latin,100000,,FALSE,FALSE,,1,1,Lea - Something About Me
FALSE,none,900000,,TRUE,TRUE,2021-11-30,1,1,Lead Me Home
FALSE,none,100000,,FALSE,FALSE,,1,1,Leaders of WWII: The Early Years
FALSE,none,8900000,1800000,TRUE,FALSE,2023-04-11,2,1,Leanne Morgan: I'm Every Woman
FALSE,none,11500000,,FALSE,FALSE,,1,1,Leap Year (2010)
FALSE,none,100000,,FALSE,FALSE,,1,1,Learn to Swim
FALSE,Latin,4100000,5500000,FALSE,FALSE,,1,1,Learning and fun with Jose Comelon
TRUE,none,12800000,3000000,FALSE,FALSE,,2,1,Learning Songs by Little Baby Bum: Nursery Rhyme Friends
TRUE,none,600000,,FALSE,FALSE,,1,1,Learning Time with Timmy
FALSE,none,400000,,FALSE,FALSE,,1,1,Leave (2022)
FALSE,none,1400000,,FALSE,FALSE,,1,1,Leave No Trace (2018)
TRUE,none,400000,100000,FALSE,FALSE,2019-04-25,2,1,Leaving Neverland
FALSE,Japanese,100000,,FALSE,FALSE,,1,1,Leaving the Scene
FALSE,none,500000,,FALSE,FALSE,,1,1,Leberkäsjunkie
FALSE,none,100000,,FALSE,FALSE,,1,1,Lebuhraya Ke Neraka
FALSE,none,800000,,FALSE,FALSE,,1,1,Lee Daniels' The Butler
TRUE,Japanese,1300000,500000,FALSE,FALSE,,2,2,Leech
FALSE,none,1200000,,FALSE,FALSE,,1,1,Left Behind
TRUE,none,51700000,2200000,FALSE,FALSE,,8,4,Legacies
FALSE,none,300000,,FALSE,FALSE,,1,1,Legacy of Lies (2020)
TRUE,Latin,100000,,FALSE,FALSE,,1,1,"Legacy, a Kate McDougall Investigation"
FALSE,none,100000,,FALSE,FALSE,,1,1,Legado Italiano
TRUE,none,100000,,FALSE,FALSE,,1,1,Legal Affairs
FALSE,none,2700000,,FALSE,FALSE,,1,1,Legal Eagles
TRUE,Japanese,2100000,300000,FALSE,FALSE,,1,1,Legal Enforcement with Dogs
FALSE,Japanese,200000,,FALSE,FALSE,,1,1,Legal High 1
FALSE,Japanese,100000,,FALSE,FALSE,,1,1,Legal High 2
TRUE,Korean,8800000,100000,FALSE,FALSE,,2,1,Legal High
FALSE,Japanese,100000,,FALSE,FALSE,,1,1,Legal V Ex-lawyer Shoko Takanashi
TRUE,none,900000,,FALSE,FALSE,,1,1,Legal Wives
FALSE,none,400000,,FALSE,FALSE,,1,1,Legalize Já
FALSE,none,300000,,FALSE,FALSE,,1,1,"Legally Blonde 2: Red, White & Blonde"
FALSE,none,900000,,FALSE,FALSE,,1,1,Legally Blonde
FALSE,none,100000,,FALSE,FALSE,,1,1,Legally High
FALSE,none,3600000,,FALSE,FALSE,,1,1,Legend (2015)
FALSE,Chinese_or_Kanji,100000,,FALSE,FALSE,,1,1,Legend Of Deification
TRUE,Chinese_or_Kanji,1600000,,FALSE,FALSE,,1,1,Legend of Fuyao
FALSE,Chinese_or_Kanji,200000,,FALSE,FALSE,,1,1,Legend Of The Dragon
FALSE,Chinese_or_Kanji,1300000,,FALSE,FALSE,,1,1,Legend of The Fist : The Return of Chen Zhen
FALSE,none,200000,,FALSE,FALSE,,1,1,Legend of the Guardians: The Owls of Ga'Hoole
TRUE,Chinese_or_Kanji,1000000,,FALSE,FALSE,,1,1,Legend of Yun Xi
TRUE,none,1900000,200000,TRUE,TRUE,2019-10-05,2,1,Legend Quest: Masters of Myth
TRUE,none,2800000,200000,TRUE,TRUE,2017-02-24,2,1,Legend Quest
FALSE,none,100000,,FALSE,FALSE,,1,1,Legends of Oz: Dorothy’s Return
FALSE,none,5900000,,FALSE,FALSE,,1,1,Legends of the Fall
FALSE,none,700000,,FALSE,FALSE,,1,1,LEGENDS OF THE HIDDEN TEMPLE (2016)
FALSE,Chinese_or_Kanji,1100000,100000,TRUE,TRUE,,2,1,Legend of Exorcism
FALSE,none,9200000,,FALSE,FALSE,,1,1,Legion (2010)
TRUE,none,1700000,100000,FALSE,FALSE,,4,3,Legion
TRUE,none,2400000,1100000,TRUE,TRUE,2016-03-04,4,2,LEGO Bionicle: The Journey to One
FALSE,none,3000000,4000000,FALSE,FALSE,,2,1,LEGO City 2017
FALSE,none,2000000,2700000,FALSE,FALSE,,2,1,LEGO City 2018
FALSE,none,900000,2700000,FALSE,FALSE,,2,1,LEGO City Spaced Out
FALSE,none,1000000,2700000,FALSE,FALSE,,2,1,LEGO City: Where Ravens Crow
FALSE,none,600000,,FALSE,FALSE,,1,1,Lego DC Comics: Batman Be-Leaguered
TRUE,none,4700000,700000,TRUE,TRUE,2017-09-01,2,1,LEGO Elves: Secrets of Elvendale
FALSE,none,400000,,FALSE,FALSE,,1,1,LEGO Friends The Next Chapter – New Beginnings
TRUE,none,25200000,3200000,FALSE,FALSE,,8,4,LEGO Friends: Girls on a Mission
TRUE,none,2700000,700000,FALSE,FALSE,,2,1,LEGO Friends: Heartlake Stories
FALSE,none,100000,,FALSE,FALSE,,1,1,LEGO Friends: Holiday Special
TRUE,none,1600000,900000,TRUE,TRUE,2016-03-04,4,2,LEGO Friends: The Power of Friendship
TRUE,none,5700000,,FALSE,FALSE,,1,1,LEGO Jurassic World: Legend of Isla Nublar
TRUE,none,700000,,FALSE,FALSE,,1,1,LEGO Jurassic World: Secret Exhibit
FALSE,none,1000000,,FALSE,FALSE,,1,1,LEGO Jurassic World: The Indominus Escape
FALSE,none,800000,,FALSE,FALSE,,1,1,LEGO Marvel Spider-Man: Vexed by Venom
FALSE,none,600000,,FALSE,FALSE,,1,1,LEGO Marvel Super Heroes: Avengers Reassembled!
FALSE,none,400000,,FALSE,FALSE,,1,1,LEGO Marvel Super Heroes: Black Panther
FALSE,none,200000,,FALSE,FALSE,,1,1,LEGO Marvel Super Heroes: Guardians of the Galaxy
TRUE,none,41500000,4100000,FALSE,FALSE,2023-06-01,2,1,LEGO Ninjago: Dragons Rising
FALSE,none,11800000,1500000,FALSE,FALSE,,2,1,LEGO Ninjago: Masters of Spinjitzu: Hands of Time
FALSE,none,10400000,1300000,FALSE,FALSE,,2,1,LEGO Ninjago: Masters of Spinjitzu: Hunted
FALSE,none,23400000,2300000,FALSE,FALSE,,2,1,LEGO Ninjago: Masters of Spinjitzu: Legacy of the Green Ninja
FALSE,none,4500000,1400000,FALSE,FALSE,,2,1,LEGO Ninjago: Masters of Spinjitzu: March of the Oni
FALSE,none,14300000,1800000,FALSE,FALSE,,2,1,LEGO Ninjago: Masters of Spinjitzu: Possession
FALSE,none,12800000,2000000,FALSE,FALSE,,2,1,LEGO Ninjago: Masters of Spinjitzu: Rebooted
FALSE,none,32300000,3100000,FALSE,FALSE,,2,1,LEGO Ninjago: Masters of Spinjitzu: Rise of the Serpentine
FALSE,none,12700000,1600000,FALSE,FALSE,,2,1,LEGO Ninjago: Masters of Spinjitzu: Skybound
FALSE,none,11200000,1400000,FALSE,FALSE,,2,1,LEGO Ninjago: Masters of Spinjitzu: Sons of Garmadon
FALSE,none,16700000,2100000,FALSE,FALSE,,2,1,LEGO Ninjago: Masters of Spinjitzu: The Tournament of Elements
FALSE,none,28900000,2200000,FALSE,FALSE,,2,1,LEGO Ninjago: Season 1 - Secrets of Forbidden Spinjitzu
FALSE,none,23100000,1700000,FALSE,FALSE,,2,1,LEGO Ninjago: Season 2 - Secrets of Forbidden Spinjitzu
FALSE,none,2800000,1500000,FALSE,FALSE,,2,1,LEGO Ninjago: Season 3 Part 1 - The Island
FALSE,none,11000000,1500000,FALSE,FALSE,,2,1,LEGO Ninjago: Season 3 Part 2 - Seabound
FALSE,none,7000000,1500000,FALSE,FALSE,,2,1,LEGO Ninjago: Season 4 Crystallized - Part 1
FALSE,none,10400000,1500000,FALSE,FALSE,,2,1,LEGO Ninjago: Season 4 Crystallized - Part 2
TRUE,none,26900000,3400000,FALSE,FALSE,,8,4,LEGO: City Adventures
TRUE,none,7700000,2200000,FALSE,FALSE,,10,5,LEGO: Friends
FALSE,none,1500000,,FALSE,FALSE,,1,1,LEGO: Marvel Super Heroes: Maximum Overload
FALSE,none,22000000,1700000,TRUE,TRUE,,2,1,LEGO® DREAMZzz: Trials of the Dream Chasers
TRUE,none,1600000,400000,FALSE,FALSE,,1,1,LEGO® Friends The Next Chapter
TRUE,Devanagari,1800000,200000,TRUE,TRUE,2019-06-14,2,1,Leila
FALSE,Thai,300000,,FALSE,FALSE,,1,1,Leio
FALSE,Arabic,300000,,FALSE,FALSE,,1,1,Leligar
FALSE,none,1900000,,FALSE,FALSE,,1,1,Lemony Snicket's A Series of Unfortunate Events
TRUE,none,13000000,400000,TRUE,TRUE,2020-06-10,2,1,Lenox Hill
FALSE,none,100000,,FALSE,FALSE,,1,1,Leo Da Vinci: Mission Mona Lisa
FALSE,Latin,800000,,FALSE,FALSE,,1,1,Leon's Heart
FALSE,none,100000,,FALSE,FALSE,,1,1,Leonor Will Never Die
FALSE,none,4100000,,FALSE,FALSE,,1,1,Leprechaun Returns
FALSE,none,300000,,FALSE,FALSE,,1,1,Leprechaun: Origins
TRUE,none,500000,,FALSE,FALSE,,1,1,Les Copains d'abord
FALSE,none,100000,,FALSE,FALSE,,1,1,Les Filles de Grenoble
FALSE,none,500000,,FALSE,FALSE,,1,1,Les Gazelles
FALSE,none,700000,,FALSE,FALSE,,1,1,Les Misérables (1998)
FALSE,none,1800000,,FALSE,FALSE,,1,1,Les Misérables (2012)
FALSE,none,3000000,,FALSE,FALSE,,1,1,Les Misérables (2019)
FALSE,none,500000,,FALSE,FALSE,,1,1,Les municipaux - Trop c'est trop
FALSE,none,400000,,FALSE,FALSE,,1,1,"Les municipaux, ces héros"
FALSE,none,100000,,FALSE,FALSE,,1,1,Les mythos
TRUE,none,36700000,1600000,FALSE,FALSE,,2,1,Les Sisters
FALSE,none,300000,100000,TRUE,TRUE,2020-01-14,2,1,Leslie Jones: Time Machine
FALSE,Chinese_or_Kanji,3500000,,FALSE,FALSE,,1,1,Lesson in Love
FALSE,Japanese,2600000,,FALSE,FALSE,,1,1,Lesson in Murder
FALSE,Japanese,200000,,FALSE,FALSE,,1,1,Lesson of the Evil
FALSE,Latin,16500000,,TRUE,TRUE,2022-11-23,1,1,Lesson Plan
FALSE,none,100000,,TRUE,TRUE,2018-09-28,1,1,Lessons from a School Shooting: Notes from Dunblane
FALSE,Latin,300000,,FALSE,FALSE,,1,1,Lessons of a Dream
FALSE,none,36200000,,FALSE,FALSE,,1,1,Let Him Go
FALSE,Latin,100000,,FALSE,FALSE,,1,1,Let Hoi Decide
FALSE,none,600000,,TRUE,TRUE,2019-11-08,1,1,Let It Snow
FALSE,Japanese,100000,,FALSE,FALSE,,1,1,Let Me Eat Your Pancreas
FALSE,Chinese_or_Kanji,200000,,FALSE,FALSE,,1,1,Let the Bullets Fly
FALSE,none,1900000,,FALSE,FALSE,2019-12-04,1,1,Let's Dance
FALSE,Thai,500000,,TRUE,TRUE,,1,1,Let's Eat
FALSE,Thai,2500000,100000,TRUE,TRUE,,2,1,Let's Fight Ghost
TRUE,Japanese,31900000,2200000,TRUE,FALSE,2023-06-22,2,1,Let's Get Divorced
TRUE,none,100000,,FALSE,FALSE,,1,1,Let's Get Physical
FALSE,none,1600000,,FALSE,FALSE,,1,1,Let's Go to Prison
TRUE,Korean,500000,,FALSE,FALSE,,2,2,Let's Go! GALAXY GUARDS
FALSE,Japanese,300000,,FALSE,FALSE,,1,1,"Let's Go, JETS! From Small Town Girls to U.S. Champions?!"
FALSE,Latin,200000,,FALSE,FALSE,,1,1,Let's Make a Grandson
FALSE,Chinese_or_Kanji,2100000,,FALSE,FALSE,,1,1,Let's Open: Star Salon
FALSE,Chinese_or_Kanji,400000,,FALSE,FALSE,,1,1,Let's Open
FALSE,Latin,200000,,FALSE,FALSE,,1,1,"Let's Tie The Knot, Honey!"
FALSE,none,300000,,FALSE,FALSE,,1,1,Lethal Love
FALSE,none,200000,,FALSE,FALSE,,1,1,Lethal Weapon 2
FALSE,none,300000,,FALSE,FALSE,,1,1,Lethal Weapon 3
FALSE,none,300000,,FALSE,FALSE,,1,1,Lethal Weapon 4
TRUE,none,3900000,,FALSE,FALSE,,3,3,Lethal Weapon
FALSE,Latin,100000,,FALSE,FALSE,,1,1,Letters from a Distance
FALSE,Japanese,100000,,FALSE,FALSE,,1,1,Letters from Iwo Jima
FALSE,none,100000,,FALSE,FALSE,,1,1,Letters From Mother Teresa
FALSE,none,2600000,,FALSE,FALSE,,1,1,Letters to Juliet
FALSE,none,3800000,,FALSE,FALSE,,1,1,Level 16
TRUE,Japanese,1200000,100000,TRUE,TRUE,2019-11-28,2,1,Levius
FALSE,none,10900000,,TRUE,TRUE,2023-04-05,1,1,Lewis Capaldi: How I'm Feeling Now
FALSE,Latin,100000,,TRUE,TRUE,2020-12-04,1,1,Leyla Everlasting
FALSE,Chinese_or_Kanji,100000,,FALSE,FALSE,,1,1,Li Bai: Hellfire
FALSE,none,100000,,FALSE,FALSE,,1,1,Liam Gallagher: As It Was
FALSE,none,100000,,FALSE,FALSE,,1,1,Liar Game 1 (2007)
FALSE,Chinese_or_Kanji,100000,,FALSE,FALSE,,1,1,Liar Game: Reborn
FALSE,none,200000,,FALSE,FALSE,,1,1,Liar Game: The Final Stage
FALSE,none,1300000,,FALSE,FALSE,,1,1,Liar Liar (1997)
FALSE,Japanese,300000,,FALSE,FALSE,,1,1,Liar × Liar
FALSE,none,1100000,,FALSE,FALSE,,1,1,"Liar, Liar, Vampire"
TRUE,none,3100000,300000,FALSE,FALSE,,4,2,Liar
FALSE,none,500000,,TRUE,TRUE,,1,1,Liberated: The New Sexual Revolution
FALSE,Chinese_or_Kanji,200000,,FALSE,FALSE,,1,1,Library Wars: The Last Mission
FALSE,Chinese_or_Kanji,300000,,FALSE,FALSE,,1,1,Library Wars
FALSE,none,100000,,FALSE,FALSE,,1,1,Lidice
FALSE,none,100000,,FALSE,FALSE,,1,1,Lie with Me (2005)
TRUE,Latin,22700000,1900000,FALSE,FALSE,2022-03-04,2,1,Lies and Deceit
TRUE,Korean,17100000,1400000,FALSE,FALSE,,2,1,Lies Hidden in my Garden
FALSE,Latin,100000,,FALSE,FALSE,,1,1,Lieutenant Adnan
FALSE,none,18600000,,FALSE,FALSE,,1,1,Life (1999)
FALSE,none,3400000,,FALSE,FALSE,,1,1,Life (2017)
TRUE,none,13100000,800000,TRUE,TRUE,2022-03-11,2,1,Life After Death with Tyler Henry
TRUE,none,300000,,FALSE,FALSE,,3,3,Life After Lockup
FALSE,none,500000,,FALSE,FALSE,,1,1,Life as We Know It (2010)
FALSE,none,100000,,FALSE,FALSE,,1,1,Life Behind the Stars
FALSE,Latin,100000,,FALSE,FALSE,,1,1,Life Feels Good
FALSE,Devanagari,400000,,FALSE,FALSE,,1,1,Life in a ... Metro
FALSE,none,600000,,FALSE,FALSE,,1,1,Life in a Year
TRUE,none,10300000,1900000,FALSE,FALSE,2021-04-22,2,1,Life in Colour with David Attenborough
FALSE,none,300000,,FALSE,FALSE,,1,1,Life in Outer Space: Exoplanets
FALSE,none,200000,,FALSE,FALSE,,1,1,Life in Outer Space
TRUE,none,5200000,400000,FALSE,FALSE,,8,4,Life in Pieces
FALSE,Korean,1900000,,FALSE,FALSE,,1,1,Life is Beautiful
FALSE,Latin,700000,,FALSE,FALSE,,1,1,Life Is Beautiful
TRUE,none,100000,,FALSE,FALSE,,1,1,Life Isn't All Ha Ha Hee Hee
TRUE,Japanese,1000000,100000,FALSE,FALSE,,2,1,Life Lessons with Uramichi Oniisan
FALSE,none,100000,,FALSE,FALSE,,1,1,Life of the Party (2018)
TRUE,none,130800000,18900000,TRUE,TRUE,2023-10-25,1,1,Life on Our Planet
FALSE,none,1900000,,FALSE,FALSE,,1,1,Life or Something Like It
FALSE,none,200000,,FALSE,FALSE,2019-06-14,1,1,Life Overtakes Me
TRUE,Chinese_or_Kanji,200000,,FALSE,FALSE,,1,1,Life Plan A and B
TRUE,none,3200000,100000,FALSE,FALSE,,2,1,Life Sentence
FALSE,Chinese_or_Kanji,100000,,FALSE,FALSE,,1,1,Life Without Principle
TRUE,none,100000,,TRUE,TRUE,2021-10-21,1,1,Life's a Glitch with Julien Bam
TRUE,Japanese,100000,,FALSE,FALSE,,1,1,Life's Punchline
TRUE,Korean,300000,,FALSE,FALSE,,1,1,Life-pedia: 100 Ways to Live on Earth
FALSE,Japanese,100000,,FALSE,FALSE,,1,1,Life: Untitled
FALSE,Latin,100000,,FALSE,FALSE,,1,1,Lifeline
TRUE,Korean,7100000,100000,FALSE,FALSE,2018-08-04,2,1,Life
FALSE,Latin,400000,600000,TRUE,TRUE,2023-09-14,1,1,Lifting the Veil: Behind the Scenes of Ehrengard
FALSE,Korean,100000,,FALSE,FALSE,,1,1,Light for the Youth
FALSE,none,100000,,FALSE,FALSE,,1,1,Light in the Dark
TRUE,Chinese_or_Kanji,6000000,400000,TRUE,TRUE,2021-11-26,6,3,Light the Night
TRUE,Chinese_or_Kanji,3400000,,FALSE,FALSE,,1,1,Light the Wild
FALSE,Chinese_or_Kanji,9900000,100000,FALSE,FALSE,,2,1,Lighter & Princess: Lighter and Princess
TRUE,none,1700000,500000,TRUE,TRUE,2023-08-22,1,1,LIGHTHOUSE
FALSE,Chinese_or_Kanji,400000,,FALSE,FALSE,,1,1,Lighting Up The Stars
FALSE,Korean,100000,,FALSE,FALSE,,1,1,Lightning Man & The Mystery Island
FALSE,none,4500000,,FALSE,FALSE,,1,1,Lights Out (2016)
FALSE,none,700000,,FALSE,FALSE,,1,1,Like & Share
FALSE,none,100000,,FALSE,FALSE,,1,1,Like a Boss (2020)
FALSE,none,200000,,FALSE,FALSE,,1,1,Like a Rolling Stone: The Life & Times of Ben Fong-Torres
FALSE,Latin,2000000,,TRUE,TRUE,,1,1,Like An Afternoon Dream
FALSE,Latin,100000,,FALSE,FALSE,,1,1,Like Cats and Dogs
FALSE,Japanese,200000,,FALSE,FALSE,,1,1,"Like Father, Like Son"
FALSE,none,8100000,,TRUE,TRUE,2018-08-03,1,1,Like Father
TRUE,Korean,3700000,900000,TRUE,TRUE,2023-12-20,1,1,Like Flowers in Sand
FALSE,Korean,100000,,FALSE,FALSE,,1,1,Like for Likes
FALSE,none,100000,,FALSE,FALSE,,1,1,Lil Wild
FALSE,none,100000,,FALSE,FALSE,,1,1,Lilet Never Happened
TRUE,none,1300000,200000,FALSE,FALSE,,2,1,Lilla spöket Laban
FALSE,none,100000,,FALSE,FALSE,,1,1,Lilli
FALSE,Latin,200000,,FALSE,FALSE,,1,1,Lilly the Witch: The Dragon and the Magic Book
FALSE,Latin,100000,,FALSE,FALSE,,1,1,Lilly the Witch: The Journey to Mandolan
TRUE,none,13700000,1000000,FALSE,FALSE,2012-02-06,6,3,Lilyhammer
FALSE,none,1300000,,FALSE,FALSE,,1,1,Limitless (2011)
FALSE,none,100000,,FALSE,FALSE,,1,1,Lindenberg! Mach Dein Ding
FALSE,none,3100000,,FALSE,FALSE,,1,1,Line of Duty (2019)
TRUE,none,5300000,200000,FALSE,FALSE,,6,5,Line of Duty
FALSE,Chinese_or_Kanji,200000,,FALSE,FALSE,,1,1,Line Walker
TRUE,Chinese_or_Kanji,100000,,FALSE,FALSE,,1,1,Link Click
FALSE,none,4400000,,FALSE,FALSE,,1,1,Lion (2016)
FALSE,none,300000,,TRUE,TRUE,2019-01-04,1,1,Lionheart
FALSE,Latin,100000,,FALSE,FALSE,,1,1,Lions – Mothers’ Fight for Survival
FALSE,Latin,100000,,FALSE,FALSE,,1,1,Lions – The Private Life of Big Cats
TRUE,Thai,700000,,FALSE,FALSE,,1,1,Lipgloss Spy
FALSE,none,100000,,FALSE,FALSE,,1,1,"LiSA LiVE is Smile Always, Eve&Birth: The Birth at Nippon Budokan"
FALSE,Latin,400000,100000,TRUE,TRUE,2022-09-15,2,1,Liss Pereira: Adulting
FALSE,none,200000,100000,TRUE,TRUE,2019-04-10,2,1,Liss Pereira: Reteniendo líquidos
FALSE,Japanese,100000,,FALSE,FALSE,,1,1,Listen to the Universe
FALSE,Latin,100000,,FALSE,FALSE,,1,1,Listen
FALSE,none,700000,,FALSE,FALSE,,1,1,"Literally, Right Before Aaron"
FALSE,none,202900000,19000000,TRUE,TRUE,,2,1,Little Angel: Volume 1
FALSE,none,143800000,16500000,TRUE,TRUE,,2,1,Little Angel: Volume 2
FALSE,none,78100000,23100000,TRUE,TRUE,,1,1,Little Angel: Volume 3
TRUE,none,13400000,3400000,TRUE,TRUE,2023-09-25,1,1,Little Baby Bum: Music Time
TRUE,none,78600000,8400000,TRUE,TRUE,,4,2,Little Baby Bum: Nursery Rhyme Friends
FALSE,none,400000,,TRUE,TRUE,2021-10-22,1,1,Little Big Mouth
FALSE,Chinese_or_Kanji,200000,,TRUE,TRUE,2021-02-05,1,1,Little Big Women
FALSE,none,100000,,FALSE,FALSE,,1,1,Little Black Book
FALSE,none,300000,,TRUE,TRUE,,1,1,Little Boxes
FALSE,none,1200000,,FALSE,FALSE,,1,1,Little Boy
FALSE,Latin,5100000,,FALSE,FALSE,,1,1,Little Chicken's Egg-cellent Adventure
FALSE,Latin,100000,,FALSE,FALSE,,1,1,Little Crumb
TRUE,Latin,3700000,400000,FALSE,FALSE,,1,1,Little Death
FALSE,none,3200000,,TRUE,TRUE,2017-09-01,1,1,Little Evil
FALSE,none,100000,,FALSE,FALSE,,1,1,Little Fish (2006)
FALSE,none,1400000,,FALSE,FALSE,,1,1,Little Fockers
FALSE,Japanese,100000,,FALSE,FALSE,,1,1,Little Forest: Four Seasons
FALSE,Japanese,100000,,FALSE,FALSE,,1,1,Little Forest: Summer & Autumn
FALSE,Japanese,100000,,FALSE,FALSE,,1,1,Little Forest: Winter & Spring
FALSE,Korean,300000,,FALSE,FALSE,,1,1,Little Forest
FALSE,none,100000,,FALSE,FALSE,,1,1,Little Italy (2018)
TRUE,none,200000,100000,FALSE,FALSE,,1,1,Little J & Big Cuz
FALSE,Japanese,100000,,FALSE,FALSE,,1,1,Little Love Song
FALSE,none,100000,,FALSE,FALSE,,1,1,Little Lunch: The Halloween Horror Story
FALSE,none,200000,,FALSE,FALSE,,1,1,Little Lunch: The Nightmare Before Graduation
TRUE,none,17600000,1800000,FALSE,FALSE,,2,1,Little Lunch
FALSE,none,14300000,,FALSE,FALSE,,1,1,Little Man (2006)
FALSE,Latin,200000,,FALSE,FALSE,,1,1,Little Miss Dolittle
FALSE,Chinese_or_Kanji,100000,,TRUE,TRUE,2019-10-28,1,1,Little Miss Sumo
FALSE,none,200000,,FALSE,FALSE,,1,1,Little Nicky
FALSE,Japanese,100000,,FALSE,FALSE,,1,1,"Little Nights, Little Love"
TRUE,none,2200000,100000,FALSE,FALSE,,3,2,Little Princess
FALSE,Latin,100000,,FALSE,FALSE,,1,1,Little Rose
FALSE,none,200000,,FALSE,FALSE,,1,1,Little Singham - Black Shadow
FALSE,none,100000,,FALSE,FALSE,,1,1,Little Singham Future mein Satakli
FALSE,none,100000,,FALSE,FALSE,,1,1,Little Singham Samundar Ka Sikandar
TRUE,Devanagari,1000000,,FALSE,FALSE,,1,1,Little Singham
FALSE,Latin,200000,,FALSE,FALSE,,1,1,Little Spirou
FALSE,Korean,100000,,FALSE,FALSE,,1,1,Little Taekwon-V
TRUE,none,4300000,700000,TRUE,TRUE,2018-10-05,8,4,Little Things
FALSE,Latin,2000000,,FALSE,FALSE,,1,1,Little White Lies
TRUE,Japanese,10200000,1000000,TRUE,FALSE,2017-01-08,4,2,Little Witch Academia
FALSE,none,400000,,FALSE,FALSE,,1,1,Little Women (1994)
FALSE,none,14700000,,FALSE,FALSE,,1,1,Little Women (2019)
TRUE,Korean,77000000,1700000,FALSE,FALSE,2022-09-03,2,1,Little Women
FALSE,none,500000,,FALSE,FALSE,,1,1,Little
FALSE,Latin,200000,,FALSE,FALSE,,1,1,Live Flesh
FALSE,none,2000000,,FALSE,FALSE,2022-07-18,1,1,Live is Life
TRUE,none,41300000,15600000,TRUE,TRUE,2023-08-30,1,1,Live to 100: Secrets of the Blue Zones
TRUE,none,2700000,100000,TRUE,TRUE,2022-12-31,2,1,Live to Lead
FALSE,Latin,1400000,,FALSE,FALSE,2020-01-07,1,1,"Live Twice, Love Once"
TRUE,Korean,22100000,500000,TRUE,TRUE,,2,1,Live Up To Your Name
FALSE,Korean,600000,,FALSE,FALSE,,1,1,Liver or Die
FALSE,Japanese,300000,,FALSE,FALSE,,1,1,Liverleaf
TRUE,Korean,3100000,,FALSE,FALSE,2018-03-16,1,1,Live
FALSE,none,1700000,,FALSE,FALSE,,1,1,Living (2022)
FALSE,none,400000,,FALSE,FALSE,,1,1,Living in Bondage: Breaking Free
FALSE,Latin,100000,,FALSE,FALSE,,1,1,Living is Easy with Eyes Closed
TRUE,Korean,4700000,,FALSE,FALSE,,1,1,Living Together without Marriage
TRUE,none,900000,100000,TRUE,TRUE,2019-10-02,2,1,Living Undocumented
FALSE,none,100000,,FALSE,FALSE,,1,1,Living with Gaudí
TRUE,none,12100000,1300000,TRUE,TRUE,2019-10-18,2,1,Living with Yourself
TRUE,Chinese_or_Kanji,7000000,700000,FALSE,FALSE,,1,1,Living
TRUE,none,11900000,1100000,TRUE,TRUE,2018-01-26,4,2,Llama Llama
FALSE,none,500000,,FALSE,FALSE,,1,1,Lo chiamavano Trinità...
TRUE,Latin,3900000,900000,FALSE,FALSE,,1,1,Lo que la verdad esconde: El caso Asunta (Operación Nenúfar)
FALSE,none,2600000,,FALSE,FALSE,,1,1,Lobo feroz
FALSE,none,1500000,,FALSE,FALSE,,1,1,Loca por el trabajo
FALSE,none,500000,,FALSE,FALSE,,1,1,"Lock, Stock and Two Smoking Barrels"
FALSE,none,500000,,FALSE,FALSE,,1,1,Lockdown (2021)
TRUE,none,104900000,5600000,TRUE,TRUE,2020-02-07,6,3,Locke & Key
FALSE,none,200000,,FALSE,FALSE,,1,1,Locked Down (2021)
FALSE,Latin,800000,,FALSE,FALSE,,1,1,Locked on You
FALSE,Latin,14600000,1300000,FALSE,FALSE,2020-07-31,2,1,Locked Up: The Oasis
TRUE,Latin,161300000,7800000,FALSE,FALSE,2015-10-18,8,4,Locked Up
TRUE,none,200000,,FALSE,FALSE,,1,1,Lockie Leonard
TRUE,none,129300000,2700000,TRUE,TRUE,2023-01-27,2,1,Lockwood & Co.
FALSE,none,900000,,FALSE,FALSE,,1,1,Loco Por Vos
TRUE,none,100000,,TRUE,TRUE,2021-06-10,1,1,Locombianos
FALSE,none,100000,,FALSE,FALSE,,1,1,Locos de Amor 2
FALSE,none,200000,,FALSE,FALSE,,1,1,Loft (2010)
FALSE,Japanese,100000,,FALSE,FALSE,,1,1,Log Horizon: Destruction of the Round Table
TRUE,Japanese,700000,,FALSE,FALSE,,2,2,Log Horizon
FALSE,none,100000,,FALSE,FALSE,,1,1,Logan Lucky
TRUE,Japanese,7500000,300000,FALSE,FALSE,,2,1,Logically Impossible! Detective Ryoko Kamizuru Is on the Case
FALSE,Latin,300000,100000,TRUE,TRUE,2021-08-12,2,1,Lokillo: Nothing's the Same
FALSE,Latin,1100000,,FALSE,FALSE,,1,1,Lokillo
FALSE,none,2100000,,FALSE,FALSE,,1,1,LOL (2012)
TRUE,none,8600000,1700000,TRUE,FALSE,,2,1,LOL House of Surprises
FALSE,none,3000000,,FALSE,FALSE,,1,1,LOL Surprise! Winter Fashion Show
FALSE,none,2000000,,TRUE,TRUE,,1,1,LOL Surprise: The Movie
FALSE,none,100000,,FALSE,FALSE,,1,1,Lola Igna
TRUE,none,6300000,300000,FALSE,FALSE,,4,2,LoliRock
FALSE,none,200000,,FALSE,FALSE,,1,1,Lolo (2015)
FALSE,Latin,600000,,FALSE,FALSE,,1,1,LOL
FALSE,none,200000,,FALSE,FALSE,,1,1,Lommbock
FALSE,none,1000000,,FALSE,FALSE,,1,1,London Boulevard
FALSE,none,11800000,,FALSE,FALSE,,1,1,London Has Fallen
FALSE,none,100000,,FALSE,FALSE,,1,1,London Heist
FALSE,Thai,100000,,FALSE,FALSE,,1,1,London Sweeties
FALSE,none,4700000,,FALSE,FALSE,,1,1,Lone Survivor
FALSE,Latin,400000,,FALSE,FALSE,,1,1,Long Live Italy!
FALSE,Korean,100000,,FALSE,FALSE,,1,1,Long Live the King
FALSE,Chinese_or_Kanji,100000,,FALSE,FALSE,,1,1,Long Long Time Ago 3: The Diam Diam Era
FALSE,Chinese_or_Kanji,100000,,FALSE,FALSE,,1,1,Long Long Time Ago 4: The Diam Diam Era 2
FALSE,none,100000,,FALSE,FALSE,,1,1,Long March to Freedom
FALSE,none,400000,,FALSE,FALSE,,1,1,Long Shot (2019)
FALSE,none,400000,,TRUE,TRUE,2017-09-29,1,1,Long Shot
FALSE,none,500000,,FALSE,FALSE,,1,1,Long Story Short (2021)
FALSE,none,100000,,FALSE,FALSE,,1,1,Long Weekend (2021)
FALSE,none,8200000,,TRUE,TRUE,2023-04-18,1,1,Longest Third Date
TRUE,Korean,9700000,600000,FALSE,FALSE,,1,1,Longing for You
TRUE,none,99600000,5300000,FALSE,FALSE,2013-05-15,12,6,Longmire
TRUE,none,26500000,7700000,FALSE,FALSE,,2,1,Loo Loo Kids: Johny & Friends Musical Adventures
FALSE,none,16100000,,TRUE,TRUE,2022-08-17,1,1,Look Both Ways
FALSE,Chinese_or_Kanji,300000,,TRUE,TRUE,,1,1,Look for a Star
FALSE,Chinese_or_Kanji,100000,,FALSE,FALSE,,1,1,"Look Out, Officer"
FALSE,none,900000,,FALSE,FALSE,,1,1,Look Who's Talking Now
FALSE,none,600000,,FALSE,FALSE,,1,1,Look Who's Talking Too
FALSE,none,1200000,,FALSE,FALSE,,1,1,Look Who's Talking
FALSE,none,100000,,FALSE,FALSE,,1,1,Looking for Alibrandi
FALSE,none,300000,,FALSE,FALSE,,1,1,Looking for Love (2017)
FALSE,Latin,300000,,FALSE,FALSE,,1,1,Looking for Teddy
TRUE,Korean,21100000,2100000,TRUE,TRUE,2022-12-08,2,1,Lookism
FALSE,none,500000,,FALSE,FALSE,,1,1,Looney Tunes: Back in Action
FALSE,Devanagari,300000,,TRUE,TRUE,2022-02-04,1,1,Looop Lapeta
FALSE,none,900000,,FALSE,FALSE,,1,1,Looper
FALSE,Latin,100000,,FALSE,FALSE,,1,1,Loose Cannons
FALSE,Devanagari,100000,,FALSE,FALSE,,1,1,Lootera
TRUE,none,12500000,1600000,FALSE,FALSE,,1,1,Lopez vs. Lopez
FALSE,Thai,200000,,FALSE,FALSE,,1,1,Lord Bunlue
FALSE,none,800000,,FALSE,FALSE,,1,1,Lord of War
FALSE,none,200000,,FALSE,FALSE,,1,1,Lords of Chaos
FALSE,Latin,700000,,TRUE,TRUE,2021-11-03,1,1,Lords of Scam
FALSE,Latin,200000,,TRUE,TRUE,2019-11-20,1,1,"Lorena, Light-Footed Woman"
FALSE,none,600000,,FALSE,FALSE,,1,1,Lorenzo's Oil
FALSE,none,200000,,FALSE,FALSE,,1,1,Loro chi?
FALSE,Latin,100000,,FALSE,FALSE,,1,1,Los and Faun
FALSE,none,600000,,FALSE,FALSE,,1,1,Los Futbolísimos
FALSE,none,500000,,FALSE,FALSE,,1,1,Los miércoles no existen
FALSE,none,300000,,FALSE,FALSE,,1,1,Los Rodríguez y el más allá
FALSE,Latin,400000,,FALSE,FALSE,2019-09-15,1,1,Los Tigres del Norte at Folsom Prison
FALSE,none,1400000,100000,TRUE,TRUE,2019-03-01,2,1,Losers: Collection 1
FALSE,none,100000,,FALSE,FALSE,,1,1,Loser
FALSE,Latin,100000,,FALSE,FALSE,,1,1,Losing It
FALSE,none,100000,,FALSE,FALSE,,1,1,Losing Lerato
FALSE,Latin,16500000,,TRUE,TRUE,2022-11-10,1,1,Lost Bullet 2
FALSE,Latin,8200000,,TRUE,TRUE,2020-06-19,1,1,Lost Bullet
FALSE,none,700000,,FALSE,FALSE,,1,1,Lost City of Z
FALSE,none,8900000,,TRUE,TRUE,2020-03-13,1,1,Lost Girls
TRUE,none,600000,100000,FALSE,FALSE,,2,1,Lost Home Movies of Nazi Germany
FALSE,none,100000,,FALSE,FALSE,,1,1,Lost in Space (1998)
TRUE,none,108700000,6200000,TRUE,TRUE,2018-04-13,6,3,Lost in Space
FALSE,none,300000,,FALSE,FALSE,,1,1,Lost in Translation
TRUE,Chinese_or_Kanji,600000,,FALSE,FALSE,,1,1,Lost Love in Times
TRUE,none,3900000,400000,TRUE,TRUE,2022-08-24,2,1,Lost Ollie
FALSE,Latin,1600000,,FALSE,FALSE,,1,1,Lost Paradise
TRUE,Chinese_or_Kanji,100000,,FALSE,FALSE,,1,1,Lost Romance
TRUE,none,1200000,100000,TRUE,FALSE,2018-03-31,2,1,LOST SONG
FALSE,Chinese_or_Kanji,100000,,FALSE,FALSE,,1,1,Lost Souls
FALSE,Chinese_or_Kanji,17100000,600000,FALSE,FALSE,,1,1,Lost You Forever
FALSE,Latin,200000,,FALSE,FALSE,,1,1,Lost
TRUE,Korean,900000,,FALSE,FALSE,,1,1,Lost
FALSE,Latin,15500000,13400000,FALSE,FALSE,,2,1,Lottie Dottie Chicken: 1ª temporada
FALSE,Latin,21200000,13100000,FALSE,FALSE,,2,1,Lottie Dottie Chicken: 2ª temporada
FALSE,Latin,15200000,11500000,FALSE,FALSE,,2,1,Lottie Dottie Chicken: 3ª temporada
FALSE,Latin,14900000,10800000,FALSE,FALSE,,2,1,Lottie Dottie Chicken: 4ª temporada
FALSE,Latin,15300000,11500000,FALSE,FALSE,,2,1,Lottie Dottie Chicken: 5ª temporada
FALSE,Korean,100000,,FALSE,FALSE,,1,1,Lotto Share
FALSE,none,600000,,FALSE,FALSE,,1,1,Loucas pra Casar
FALSE,Latin,100000,,FALSE,FALSE,,1,1,Louis & Luca - The Big Cheese Race
FALSE,none,300000,100000,TRUE,TRUE,2017-04-04,2,1,Louis C.K. 2017
FALSE,none,300000,100000,TRUE,TRUE,,2,1,Louis C.K.: Hilarious
FALSE,none,300000,100000,TRUE,TRUE,,2,1,Louis C.K.: Live at the Comedy Store
FALSE,none,100000,,FALSE,FALSE,,1,1,"Louis Cyr, l'homme le plus fort du monde"
FALSE,none,26600000,,TRUE,TRUE,2022-09-23,1,1,Lou
TRUE,Latin,10100000,1100000,TRUE,TRUE,2020-11-04,4,2,Love & Anarchy
FALSE,none,300000,,FALSE,FALSE,,1,1,Love & Basketball
FALSE,none,100000,,FALSE,FALSE,,1,1,Love & Friendship
FALSE,none,5700000,,TRUE,TRUE,2022-06-22,1,1,Love & Gelato
FALSE,none,9600000,,FALSE,FALSE,,1,1,Love & Other Drugs
FALSE,none,100000,,FALSE,FALSE,,1,1,Love (2020)
TRUE,Latin,7000000,200000,FALSE,FALSE,,2,1,Love (and Trouble) in Paris
TRUE,Korean,75400000,1800000,TRUE,TRUE,2021-01-23,6,3,Love (ft. Marriage and Divorce)
FALSE,Latin,100000,,FALSE,FALSE,,1,1,Love 1. Dog
FALSE,Thai,500000,,FALSE,FALSE,,1,1,Love 101
TRUE,Latin,16000000,1100000,TRUE,TRUE,2020-04-24,4,2,Love 101
FALSE,Devanagari,900000,,FALSE,FALSE,,1,1,Love Aaj Kal
FALSE,none,400000,,FALSE,FALSE,,1,1,Love Actually (2003)
TRUE,Korean,32100000,1400000,TRUE,FALSE,,4,4,Love After Divorce
TRUE,none,300000,,FALSE,FALSE,,3,3,Love After Lockup
FALSE,Chinese_or_Kanji,100000,,FALSE,FALSE,,1,1,Love After Love
TRUE,Latin,22600000,300000,FALSE,FALSE,2023-04-26,2,1,Love After Music
TRUE,Korean,100000,,FALSE,FALSE,,1,1,Love Again
TRUE,Korean,45200000,3500000,TRUE,TRUE,2019-08-22,4,2,Love Alarm
TRUE,Japanese,1500000,100000,TRUE,TRUE,,2,1,Love and Fortune
FALSE,Korean,3700000,,TRUE,TRUE,2022-02-11,1,1,Love and Leashes
FALSE,none,12900000,,FALSE,FALSE,2021-04-14,1,1,Love and Monsters
FALSE,Japanese,100000,,FALSE,FALSE,,1,1,Love and Murder of Sheep and Wolf
TRUE,Chinese_or_Kanji,5400000,100000,FALSE,FALSE,,2,1,Love and Redemption
FALSE,Thai,100000,,FALSE,FALSE,,1,1,Love and Run
FALSE,Latin,30300000,,TRUE,TRUE,2023-03-03,1,1,Love at First Kiss
FALSE,none,500000,,TRUE,TRUE,,1,1,Love at First Stream
FALSE,none,200000,,TRUE,TRUE,,1,1,Love Beats Rhymes
FALSE,Chinese_or_Kanji,32800000,500000,FALSE,FALSE,,2,1,Love Between Fairy and Devil
TRUE,Thai,100000,,FALSE,FALSE,,1,1,Love by Chance
FALSE,Thai,3400000,,TRUE,TRUE,,1,1,Love Destiny The Movie
TRUE,Thai,48900000,1700000,FALSE,FALSE,,2,2,Love Destiny
FALSE,none,100000,,FALSE,FALSE,,1,1,Love for Sale (2018)
FALSE,none,200000,,TRUE,TRUE,,1,1,Love for Sale 2
FALSE,Latin,200000,,FALSE,FALSE,,1,1,Love for Sale: Suely in the Sky
FALSE,Korean,200000,,FALSE,FALSE,,1,1,Love Forecast
FALSE,Thai,100000,,FALSE,FALSE,,1,1,Love H2O
FALSE,none,300000,,FALSE,FALSE,,1,1,Love Happens
FALSE,none,7300000,,TRUE,TRUE,2021-11-05,1,1,Love Hard
TRUE,Japanese,100000,,FALSE,FALSE,,1,1,"Love in May, 2020"
TRUE,Korean,21300000,500000,FALSE,FALSE,,2,1,Love in the Moonlight
FALSE,none,13800000,,TRUE,TRUE,2022-09-01,1,1,Love in the Villa
TRUE,none,7400000,1300000,FALSE,FALSE,,1,1,Love in the Wild
FALSE,Latin,100000,,TRUE,TRUE,,1,1,Love Is a Story
FALSE,none,200000,,FALSE,FALSE,,1,1,Love Is Blind (2016)
FALSE,Latin,3700000,2600000,FALSE,FALSE,2023-12-20,1,1,Love is Blind Brazil: After the Altar
TRUE,Latin,116400000,2600000,TRUE,TRUE,2021-10-06,6,3,Love Is Blind: Brazil
TRUE,Japanese,7100000,200000,TRUE,TRUE,2022-02-08,2,1,Love is Blind: Japan
TRUE,none,577800000,19600000,TRUE,TRUE,2020-02-13,9,5,Love Is Blind
FALSE,none,600000,,FALSE,FALSE,,1,1,Love Is Colorblind
FALSE,Latin,100000,,FALSE,FALSE,,1,1,Love Is Eternal While It Lasts
TRUE,Korean,3200000,100000,FALSE,FALSE,,2,1,Love is for Suckers
FALSE,Latin,200000,,FALSE,FALSE,,1,1,Love Is Nearby
TRUE,Chinese_or_Kanji,100000,,FALSE,FALSE,,1,1,Love Is Science?
TRUE,Chinese_or_Kanji,700000,,FALSE,FALSE,,1,1,Love is True
FALSE,none,100000,,FALSE,FALSE,,1,1,Love Is War (2019)
TRUE,none,4300000,,FALSE,FALSE,,4,4,Love Island Australia
TRUE,none,102400000,1800000,FALSE,FALSE,,7,4,Love Island USA
FALSE,none,4000000,,FALSE,FALSE,,1,1,Love Jacked (2018)
TRUE,none,5400000,100000,FALSE,FALSE,,3,2,Love Life (2020)
TRUE,Japanese,6000000,600000,TRUE,TRUE,2023-11-28,1,1,Love Like a K-Drama
FALSE,Japanese,1300000,,TRUE,TRUE,2022-03-24,1,1,Love Like the Falling Petals
FALSE,Latin,200000,,TRUE,TRUE,2020-10-15,1,1,Love Like the Falling Rain
FALSE,Chinese_or_Kanji,9700000,100000,FALSE,FALSE,,2,1,Love Like the Galaxy
FALSE,Latin,100000,,FALSE,FALSE,,1,1,Love Like You
FALSE,none,300000,,FALSE,FALSE,,1,1,Love Lives Here
FALSE,Latin,600000,,TRUE,TRUE,2021-11-19,1,1,Love Me Instead
FALSE,Japanese,100000,,FALSE,FALSE,,1,1,"Love Me, Love Me Not"
FALSE,Korean,600000,,FALSE,FALSE,,1,1,Love Naggers: 2019/2020
FALSE,Korean,600000,,TRUE,TRUE,,1,1,Love Naggers: 2021
FALSE,Korean,1100000,,FALSE,FALSE,,1,1,Love Naggers: 2022
FALSE,Korean,9900000,100000,FALSE,FALSE,,2,1,Love Naggers: 2023
TRUE,Latin,11000000,400000,TRUE,TRUE,2022-11-10,2,1,Love Never Lies: Destination Sardinia
TRUE,Latin,16300000,300000,TRUE,TRUE,2023-01-25,2,1,Love Never Lies: Poland
TRUE,Latin,5100000,200000,TRUE,TRUE,2021-11-11,2,1,Love Never Lies
FALSE,Korean,100000,,FALSE,FALSE,,1,1,Love Now
TRUE,Chinese_or_Kanji,1800000,,TRUE,TRUE,,1,1,Love Now
FALSE,Chinese_or_Kanji,500000,,FALSE,FALSE,,1,1,Love O2O
TRUE,Chinese_or_Kanji,15700000,400000,TRUE,FALSE,,2,1,Love O2O
TRUE,Japanese,100000,,FALSE,FALSE,,1,1,Love of Kill
FALSE,none,900000,,FALSE,FALSE,,1,1,Love of My Life (2020)
FALSE,Latin,700000,,FALSE,FALSE,,1,1,Love of My Loves
TRUE,Chinese_or_Kanji,300000,,FALSE,FALSE,,1,1,Love of Thousand Years
FALSE,Chinese_or_Kanji,200000,,FALSE,FALSE,,1,1,Love on Delivery
TRUE,none,6300000,700000,TRUE,TRUE,2020-07-22,4,2,Love on the Spectrum: Australia
TRUE,none,6100000,700000,TRUE,TRUE,2022-05-18,2,1,Love on the Spectrum
FALSE,Latin,800000,,FALSE,FALSE,,1,1,Love on the Spikes
FALSE,none,700000,,TRUE,TRUE,,1,1,Love or Money (2021)
FALSE,Devanagari,900000,,TRUE,TRUE,2018-02-14,1,1,Love Per Square Foot
TRUE,Thai,500000,,FALSE,FALSE,,1,1,Love Revenge
TRUE,Korean,400000,,FALSE,FALSE,,1,1,Love Revolution
FALSE,none,400000,,FALSE,FALSE,,1,1,Love Sarah
FALSE,none,500000,,FALSE,FALSE,,1,1,Love Song (2020)
FALSE,none,400000,,FALSE,FALSE,,1,1,Love Sorry
FALSE,Latin,300000,,FALSE,FALSE,,1,1,Love Stories Only Last 90 Minutes
TRUE,Chinese_or_Kanji,100000,,FALSE,FALSE,,1,1,Love Storm
FALSE,Japanese,200000,,FALSE,FALSE,,1,1,Love Strikes! – The Series: 1.0
FALSE,Japanese,100000,,FALSE,FALSE,,1,1,Love Strikes!
FALSE,Latin,6600000,,TRUE,TRUE,2022-02-11,1,1,Love Tactics
FALSE,Latin,400000,,FALSE,FALSE,,1,1,Love Tasting
FALSE,none,200000,,FALSE,FALSE,2020-08-19,1,1,Love the Way U Lie
TRUE,Korean,123900000,2700000,TRUE,TRUE,2023-02-10,2,1,Love to Hate You
FALSE,none,2500000,,FALSE,FALSE,,1,1,Love Today (2022)
FALSE,none,200000,,FALSE,FALSE,,1,1,Love Today (Kannada) (2022)
FALSE,none,100000,,FALSE,FALSE,,1,1,Love Today (Malayalam) (2022)
FALSE,none,2000000,,FALSE,FALSE,,1,1,Love Today (Telugu) (2022)
TRUE,Japanese,16700000,500000,TRUE,FALSE,2023-05-02,2,1,Love Village
FALSE,none,200000,,FALSE,FALSE,,1,1,Love Vs. Stars
FALSE,none,1800000,,TRUE,TRUE,2020-04-10,1,1,Love Wedding Repeat
TRUE,Japanese,1900000,100000,FALSE,FALSE,,2,1,Love You as the World Ends
FALSE,Thai,100000,,FALSE,FALSE,,1,1,Love You Koak E-Gerng
FALSE,Thai,100000,,FALSE,FALSE,,1,1,Love You My Arrogance 2
FALSE,Thai,200000,,FALSE,FALSE,,1,1,Love You My Arrogance
FALSE,none,300000,,FALSE,FALSE,,1,1,Love You to Death (2019)
FALSE,none,200000,,FALSE,FALSE,,1,1,Love You to the Stars and Back
TRUE,Chinese_or_Kanji,2200000,100000,FALSE,FALSE,,1,1,Love Yourself
TRUE,Chinese_or_Kanji,900000,,TRUE,TRUE,,1,1,Love You
FALSE,none,300000,,FALSE,FALSE,,1,1,Love's Kitchen
FALSE,Korean,200000,,FALSE,FALSE,,1,1,Love+Sling
FALSE,none,14600000,1400000,TRUE,TRUE,2019-03-15,2,1,"Love, Death & Robots: Volume 1"
FALSE,none,6000000,1200000,TRUE,TRUE,2021-05-14,2,1,"Love, Death & Robots: Volume 2"
FALSE,none,13200000,2100000,TRUE,TRUE,2022-05-20,2,1,"Love, Death & Robots: Volume 3"
FALSE,none,5100000,,TRUE,TRUE,2020-09-03,1,1,"Love, Guaranteed"
FALSE,Korean,100000,,FALSE,FALSE,,1,1,"Love, Lies"
TRUE,Arabic,100000,,TRUE,TRUE,2022-03-10,1,1,"Love, Life & Everything in Between"
FALSE,none,1300000,,FALSE,FALSE,,1,1,"Love, Rosie"
FALSE,Latin,100000,,FALSE,FALSE,,1,1,"Love, Surreal and Odd"
FALSE,none,3300000,,FALSE,FALSE,,1,1,"Love, Weddings & Other Disasters"
FALSE,Latin,100000,,FALSE,FALSE,,1,1,Love.com
FALSE,none,100000,,FALSE,FALSE,,1,1,Love.Net
FALSE,none,100000,,FALSE,FALSE,,1,1,Lovely Man
TRUE,Chinese_or_Kanji,2500000,100000,FALSE,FALSE,,2,1,Lovely Villain
TRUE,none,4300000,600000,TRUE,TRUE,2015-04-15,6,3,Lovesick
TRUE,Korean,10600000,500000,TRUE,TRUE,2020-12-22,2,1,Lovestruck in the City
TRUE,none,17500000,1300000,TRUE,TRUE,2016-02-19,6,3,Love
FALSE,none,700000,,FALSE,FALSE,,1,1,Loving (2016)
FALSE,Latin,17600000,,TRUE,TRUE,2022-08-26,1,1,Loving Adults
FALSE,Latin,100000,,FALSE,FALSE,,1,1,Loving Ibiza
FALSE,Latin,800000,,FALSE,FALSE,,1,1,Loving is Losing
FALSE,none,1600000,,FALSE,FALSE,,1,1,Loving Pablo
FALSE,Korean,200000,,FALSE,FALSE,,1,1,Low Life
FALSE,Thai,600000,,FALSE,FALSE,,1,1,Low Season
FALSE,Latin,500000,,FALSE,FALSE,,1,1,Lower City
FALSE,none,600000,,FALSE,FALSE,,1,1,Lowriders
FALSE,Japanese,100000,,FALSE,FALSE,,1,1,Lu Over the Wall
TRUE,none,27800000,3400000,FALSE,FALSE,,1,1,Lucas the Spider
FALSE,none,1900000,,FALSE,FALSE,,1,1,Luccas Neto em: A Gincana na Netoland
FALSE,none,1600000,,FALSE,FALSE,,1,1,Luccas Neto em: Acampamento de Férias 2
FALSE,none,2600000,,FALSE,FALSE,,1,1,Luccas Neto em: Acampamento de Férias 3
FALSE,none,6700000,,FALSE,FALSE,,1,1,"Luccas Neto em: Acampamento de Férias 4, O Desafio Final"
FALSE,none,1900000,,FALSE,FALSE,,1,1,Luccas Neto em: Duas Babás Muito Esquisitas
FALSE,Latin,1000000,,FALSE,FALSE,,1,1,Luccas Neto em: O Hotel Magico
FALSE,none,1100000,,FALSE,FALSE,,1,1,Luccas Neto em: O Mapa do Tesouro 2
FALSE,none,1000000,,FALSE,FALSE,,1,1,Luccas Neto em: O Mapa do Tesouro
FALSE,none,2800000,,FALSE,FALSE,,1,1,Luccas Neto em: O Plano dos Vilões
FALSE,Latin,1000000,,FALSE,FALSE,,1,1,Luccas Neto em: Um Natal Muito Divertido
FALSE,none,1400000,,FALSE,FALSE,,1,1,Luccas Neto em: Uma Babá Muito Esquisita
FALSE,Latin,1400000,,FALSE,FALSE,,1,1,Luccas Neto in: Children's Day
FALSE,Latin,2100000,,FALSE,FALSE,,1,1,Luccas Neto in: Summer Camp
FALSE,Latin,700000,,FALSE,FALSE,,1,1,Luccas Neto in: The End of Christmas
FALSE,Latin,1800000,,FALSE,FALSE,,1,1,Luccas Neto in: The Magical Hotel 2
FALSE,none,1500000,,FALSE,FALSE,,1,1,Luce
FALSE,none,200000,100000,FALSE,FALSE,2018-07-06,2,1,Luciano Mellera: Infantiloide
FALSE,Korean,1100000,,FALSE,FALSE,2017-06-01,1,1,Lucid Dream
TRUE,Japanese,100000,,FALSE,FALSE,,1,1,Lucifer and Biscuit Hammer
TRUE,none,804000000,30400000,FALSE,FALSE,2017-07-23,12,6,Lucifer
FALSE,none,200000,,FALSE,FALSE,,1,1,Luck at First Sight
FALSE,Devanagari,300000,,FALSE,FALSE,,1,1,Luck by Chance
FALSE,Korean,400000,,FALSE,FALSE,,1,1,Luck-Key
FALSE,none,21200000,,TRUE,TRUE,2022-10-07,1,1,Luckiest Girl Alive
FALSE,Korean,100000,,FALSE,FALSE,,1,1,Lucky Chan-sil
FALSE,none,100000,,FALSE,FALSE,,1,1,Lucky Luke (2009)
FALSE,none,100000,,FALSE,FALSE,,1,1,Lucky Number Slevin
FALSE,Chinese_or_Kanji,100000,,FALSE,FALSE,,1,1,Lucky Stars Go Places
FALSE,Latin,1100000,,FALSE,FALSE,,1,1,Lucky
FALSE,none,6300000,,FALSE,FALSE,,1,1,Lucy (2014)
TRUE,none,800000,100000,FALSE,FALSE,,2,1,Lucía en la telaraña
TRUE,none,9700000,700000,TRUE,TRUE,2022-08-26,2,1,Ludik
FALSE,none,100000,,TRUE,TRUE,,1,1,Ludo (2015)
FALSE,Devanagari,1400000,,TRUE,TRUE,2020-11-12,1,1,Ludo
TRUE,Latin,17600000,1100000,FALSE,FALSE,2018-04-22,6,3,Luis Miguel - The Series
FALSE,none,200000,,FALSE,FALSE,,1,1,Luizenmoeder - De Film
FALSE,Devanagari,1200000,,FALSE,FALSE,,1,1,Luka Chuppi
FALSE,Latin,100000,,FALSE,FALSE,,1,1,Lullaby Killer
FALSE,Latin,100000,,FALSE,FALSE,,1,1,Lullaby
FALSE,none,2500000,,TRUE,TRUE,2021-12-26,1,1,Lulli
TRUE,none,11300000,1100000,TRUE,TRUE,2020-01-31,2,1,Luna Nera
TRUE,none,4300000,500000,TRUE,TRUE,2021-09-30,2,1,Luna Park
TRUE,none,1500000,300000,FALSE,FALSE,2018-02-02,4,2,Luna Petunia: Return to Amazia
TRUE,none,3300000,500000,TRUE,TRUE,2016-12-09,6,3,Luna Petunia
FALSE,Latin,300000,,FALSE,FALSE,,1,1,Luna's Revenge
FALSE,none,200000,,FALSE,FALSE,,1,1,Lunana: A Yak in the Classroom
TRUE,none,2500000,200000,TRUE,TRUE,2019-04-19,2,1,Lunatics
TRUE,none,2900000,100000,FALSE,FALSE,,2,1,Luo Bao Bei
FALSE,Japanese,100000,,FALSE,FALSE,,1,1,Lupin the 3rd TV Special: Princess of the Breeze - Hidden City in the Sky
FALSE,Japanese,100000,,FALSE,FALSE,,1,1,Lupin the 3rd TV Special: Record of Observations of the East - Another Page
TRUE,Japanese,300000,,FALSE,FALSE,,2,2,Lupin the Third
TRUE,none,472100000,92100000,TRUE,TRUE,2021-01-08,5,3,Lupin
FALSE,Devanagari,5200000,,TRUE,TRUE,2023-06-29,1,1,Lust Stories 2
FALSE,Devanagari,2600000,,TRUE,TRUE,2018-06-14,1,1,Lust Stories
FALSE,Chinese_or_Kanji,300000,,FALSE,FALSE,,1,1,"Lust, Caution"
TRUE,none,11700000,500000,FALSE,FALSE,,10,5,Luther (2010)
FALSE,none,209700000,,TRUE,TRUE,2023-03-10,1,1,Luther: The Fallen Sun
TRUE,none,100000,,FALSE,FALSE,,1,1,Luv Kushh
FALSE,Cyrillic,200000,,FALSE,FALSE,,1,1,"Luxembourg, Luxembourg"
FALSE,none,100000,,FALSE,FALSE,,1,1,Lyckligare Kan Ingen Vara
FALSE,Japanese,3600000,200000,FALSE,FALSE,,2,1,Lycoris Recoil
FALSE,none,200000,,FALSE,FALSE,,1,1,Lying and Stealing
FALSE,none,200000,,FALSE,FALSE,,1,1,Lykkevej
FALSE,none,37100000,,FALSE,FALSE,,1,1,"Lyle, Lyle, Crocodile"
FALSE,none,200000,100000,TRUE,TRUE,2017-08-22,2,1,Lynne Koplitz: Hormonal Beast
FALSE,none,7800000,,FALSE,FALSE,,1,1,Léon: The Professional
FALSE,none,300000,,FALSE,FALSE,,1,1,Lügen und andere Wahrheiten
FALSE,Japanese,100000,,FALSE,FALSE,,1,1,L♥DK: Two Loves Under One Roof
FALSE,Chinese_or_Kanji,100000,,FALSE,FALSE,,1,1,L･DK -Living Together-
TRUE,Japanese,1300000,,FALSE,FALSE,,1,1,M-1 Grand Prix
FALSE,Thai,100000,,FALSE,FALSE,,1,1,M.A.I.D
FALSE,none,1100000,,FALSE,FALSE,,1,1,M4M4
FALSE,Latin,100000,,FALSE,FALSE,,1,1,M8 - When Death Rescues Life
FALSE,none,1900000,,FALSE,FALSE,,1,1,Ma (2019)
FALSE,none,100000,,FALSE,FALSE,,1,1,Ma che bella sorpresa
FALSE,none,200000,,FALSE,FALSE,,1,1,Ma cosa ci dice il cervello
FALSE,none,300000,,FALSE,FALSE,,1,1,Ma Ma (2015)
FALSE,none,900000,,TRUE,TRUE,2020-12-18,1,1,Ma Rainey's Black Bottom
FALSE,none,100000,,FALSE,FALSE,,1,1,Machuca
TRUE,Japanese,100000,,FALSE,FALSE,,1,1,Macross Delta
TRUE,Japanese,200000,,FALSE,FALSE,,1,1,Macross Frontier
FALSE,Chinese_or_Kanji,900000,100000,FALSE,FALSE,,2,1,Mad Doctor
FALSE,Korean,2800000,,FALSE,FALSE,,1,1,Mad Dog
TRUE,Korean,6100000,400000,FALSE,FALSE,,1,1,Mad Dog
TRUE,Korean,12100000,800000,TRUE,TRUE,2021-05-24,2,1,Mad for Each Other
FALSE,none,2500000,,FALSE,FALSE,,1,1,Mad Max: Fury Road
FALSE,none,1400000,,FALSE,FALSE,,1,1,Mad Money
FALSE,none,22700000,,FALSE,FALSE,,1,1,Madagascar (2005)
FALSE,none,25500000,,FALSE,FALSE,,1,1,Madagascar 3: Europe's Most Wanted
FALSE,none,13300000,,FALSE,FALSE,,1,1,Madagascar: Escape 2 Africa
FALSE,Devanagari,600000,,FALSE,FALSE,,1,1,Madam Chief Minister
TRUE,none,97600000,3500000,FALSE,FALSE,,12,6,Madam Secretary
FALSE,none,2100000,,TRUE,TRUE,2021-04-02,1,1,Madame Claude
TRUE,none,100000,,FALSE,FALSE,,1,1,Made by Design
FALSE,Latin,200000,,FALSE,FALSE,,1,1,Made for Each Other
FALSE,Japanese,100000,,FALSE,FALSE,,1,1,Made in Abyss: Dawn of the Deep Soul
FALSE,Japanese,400000,,FALSE,FALSE,,1,1,Made in Abyss: The Golden City of the Scorching Sun
TRUE,Japanese,1900000,100000,FALSE,FALSE,,2,1,Made in Abyss
TRUE,none,1400000,100000,FALSE,FALSE,,3,2,Made in Chelsea
FALSE,none,200000,,FALSE,FALSE,,1,1,Made in China (2019)
FALSE,Devanagari,500000,,FALSE,FALSE,,1,1,Made in China
FALSE,none,200000,,FALSE,FALSE,,1,1,Made in Italy (2020)
FALSE,none,100000,,FALSE,FALSE,,1,1,Made in Italy: Ciao Brother
TRUE,none,900000,100000,TRUE,TRUE,2018-09-28,2,1,Made in Mexico
FALSE,none,4000000,,FALSE,FALSE,,1,1,Made of Honor
FALSE,none,600000,,FALSE,FALSE,,1,1,Made You Look: A True Story About Fake Art
FALSE,none,1300000,,FALSE,FALSE,,1,1,Madeline (1998)
FALSE,none,100000,,FALSE,FALSE,,1,1,Madness in the Desert
TRUE,none,66300000,1600000,TRUE,TRUE,2023-01-04,2,1,MADOFF: The Monster of Wall Street
FALSE,Devanagari,800000,,FALSE,FALSE,,1,1,Madras Café
FALSE,none,400000,,FALSE,FALSE,,1,1,Madre
FALSE,none,1800000,300000,TRUE,TRUE,2023-03-28,2,1,Mae Martin: SAP
TRUE,Latin,49600000,1000000,TRUE,TRUE,2022-12-18,2,1,Maestro in Blue
FALSE,none,100000,,FALSE,FALSE,,1,1,Mafia Inc.
FALSE,none,200000,,FALSE,FALSE,,1,1,Magamuni
TRUE,none,2200000,500000,TRUE,TRUE,,1,1,Magenta Coal
TRUE,none,1200000,,FALSE,FALSE,,3,3,Maggie & Bianca: Fashion Friends
FALSE,Japanese,2800000,100000,FALSE,FALSE,,2,1,Magi: The Kingdom of Magic
FALSE,Japanese,4200000,200000,FALSE,FALSE,,2,1,Magi: The Labyrinth of Magic
FALSE,Japanese,13100000,1500000,FALSE,FALSE,,2,1,Magic and Muscles
TRUE,Latin,800000,100000,TRUE,TRUE,2021-03-26,2,1,Magic for Humans Spain
TRUE,none,10400000,1500000,TRUE,TRUE,2018-08-17,6,3,Magic for Humans
FALSE,none,100000,,FALSE,FALSE,,1,1,Magic Medicine
FALSE,none,10400000,,FALSE,FALSE,,1,1,Magic Mike XXL
FALSE,none,1100000,,FALSE,FALSE,,1,1,Magic Mike
TRUE,none,6100000,1700000,FALSE,FALSE,,2,1,Magic Mixies
TRUE,Latin,3400000,700000,FALSE,FALSE,2019-10-14,4,2,Magical Andes
TRUE,none,200000,,FALSE,FALSE,,1,1,Magical Land of Oz
FALSE,Latin,100000,,FALSE,FALSE,,1,1,Magical Mystery or: The Return of Karl Schmidt
FALSE,none,100000,,FALSE,FALSE,,1,1,Magikland
TRUE,none,1300000,100000,FALSE,FALSE,,1,1,Maging Sino Ka Man (2023)
FALSE,Latin,100000,,FALSE,FALSE,,1,1,Magnesia
FALSE,none,400000,,FALSE,FALSE,,1,1,Maha Samudram (2021)
FALSE,none,200000,,FALSE,FALSE,,1,1,Maha Samudram (Tamil) (2021)
FALSE,none,500000,,FALSE,FALSE,,1,1,Mahalia
FALSE,none,200000,,FALSE,FALSE,,1,1,Mahasiswi Baru
FALSE,none,200000,,FALSE,FALSE,,1,1,Mahi NRI
TRUE,Japanese,3000000,200000,FALSE,FALSE,,2,1,Mahjong Legend Akagi: The Genius Who Descended Into the Darkness
TRUE,Devanagari,4600000,500000,TRUE,TRUE,2022-04-15,2,1,Mai: A Mother's Rage
FALSE,none,14100000,,FALSE,FALSE,,1,1,Maid in Manhattan
FALSE,none,500000,,FALSE,FALSE,,1,1,Maide'nin Altın Günü
TRUE,none,98900000,4100000,TRUE,TRUE,2021-10-01,2,1,Maid
FALSE,none,3000000,,FALSE,FALSE,,1,1,Main Hoon Na
FALSE,none,1400000,,FALSE,FALSE,,1,1,Maixabel
FALSE,none,2100000,,FALSE,FALSE,,1,1,Major (Hindi) (2022)
FALSE,none,100000,,FALSE,FALSE,,1,1,Major (Malayalam) (2022)
FALSE,none,800000,,FALSE,FALSE,,1,1,Major (Telugu) (2022)
FALSE,Cyrillic,9400000,,FALSE,FALSE,2021-05-05,1,1,Major Grom: Plague Doctor
FALSE,none,1100000,,FALSE,FALSE,,1,1,Major Payne
FALSE,none,100000,,FALSE,FALSE,,1,1,Make Me a Match
FALSE,Latin,24000000,,TRUE,TRUE,2023-06-23,1,1,Make Me Believe
TRUE,none,5700000,200000,TRUE,TRUE,2023-02-02,2,1,MAKE MY DAY
FALSE,none,400000,100000,TRUE,TRUE,2022-11-17,2,1,Making 1899
TRUE,none,24300000,1100000,TRUE,TRUE,2015-12-18,4,2,Making a Murderer
FALSE,Latin,400000,,TRUE,TRUE,2023-02-20,1,1,Making All Quiet on the Western Front
FALSE,Latin,100000,,TRUE,TRUE,2022-11-18,1,1,Making ATHENA
TRUE,none,15800000,1300000,TRUE,TRUE,2022-03-04,2,1,Making Fun
FALSE,Latin,100000,,FALSE,FALSE,,1,1,Making It Up
FALSE,none,1500000,3000000,TRUE,TRUE,2023-12-06,1,1,Making Squid Game: The Challenge
FALSE,none,100000,,TRUE,TRUE,2022-12-25,1,1,Making The Witcher: Blood Origin
TRUE,none,100000,,TRUE,TRUE,2021-12-17,1,1,Making The Witcher
FALSE,none,400000,200000,TRUE,TRUE,2023-04-07,2,1,Making Transatlantic
FALSE,none,100000,,FALSE,FALSE,,1,1,Makmum
TRUE,none,90100000,5400000,FALSE,FALSE,2013-07-26,8,4,Mako Mermaids: An H2O Adventure
FALSE,Arabic,1300000,,FALSE,FALSE,,1,1,Mako
FALSE,Cyrillic,100000,,FALSE,FALSE,,1,1,Maksym Osa
TRUE,Arabic,3000000,100000,FALSE,FALSE,,2,1,Maktoub Aalia
FALSE,none,100000,,FALSE,FALSE,2018-06-15,1,1,Maktub
FALSE,Devanagari,700000,,FALSE,FALSE,,1,1,Malaal
FALSE,Devanagari,1400000,,FALSE,FALSE,,1,1,Malang
FALSE,none,500000,,TRUE,TRUE,2021-02-05,1,1,Malcolm & Marie
TRUE,none,3100000,200000,TRUE,TRUE,2022-06-15,2,1,Maldivas
FALSE,none,200000,,FALSE,FALSE,,1,1,Maledicto
TRUE,Thai,600000,,FALSE,FALSE,,1,1,Malee My Best Friend Extraordinaire
FALSE,Latin,100000,,FALSE,FALSE,,1,1,Malefique
FALSE,none,2400000,,FALSE,FALSE,2018-10-05,1,1,Malevolent
FALSE,none,4300000,,TRUE,TRUE,2020-08-04,1,1,Malibu Rescue: The Next Wave
TRUE,none,13200000,1900000,TRUE,TRUE,2019-06-03,2,1,Malibu Rescue: The Series
FALSE,none,3400000,,TRUE,TRUE,2019-05-13,1,1,Malibu Rescue
FALSE,none,1200000,,FALSE,FALSE,,1,1,Malignant (2021)
FALSE,Latin,100000,,FALSE,FALSE,,1,1,Mall Girls
FALSE,none,300000,,FALSE,FALSE,,1,1,Mallesham
TRUE,none,24800000,200000,FALSE,FALSE,,2,1,"Malverde, el santo patrón"
FALSE,none,1900000,,FALSE,FALSE,,1,1,Mama (2013)
FALSE,none,200000,,FALSE,FALSE,,1,1,Mama Drama (2020)
FALSE,none,200000,,FALSE,FALSE,,1,1,Mama's Girl
FALSE,Latin,500000,,FALSE,FALSE,,1,1,Mama's Prince
FALSE,none,1300000,,FALSE,FALSE,,1,1,Mamma Mia! (2008)
FALSE,Latin,100000,,FALSE,FALSE,,1,1,Man and a Junior
TRUE,none,2400000,400000,FALSE,FALSE,,8,4,Man Down
FALSE,Chinese_or_Kanji,600000,,FALSE,FALSE,2021-08-20,1,1,Man in Love
FALSE,Korean,500000,,FALSE,FALSE,,1,1,Man in Love
TRUE,none,2400000,600000,FALSE,FALSE,,6,3,Man Like Mobeen
FALSE,none,1300000,,TRUE,TRUE,2022-04-16,1,1,Man of God
FALSE,Korean,300000,,FALSE,FALSE,,1,1,Man of Men
FALSE,none,3900000,,FALSE,FALSE,,1,1,Man of Steel
FALSE,none,1300000,,FALSE,FALSE,,1,1,Man of Tai Chi
FALSE,none,100000,,FALSE,FALSE,,1,1,Man of the House (2005)
FALSE,none,2700000,,FALSE,FALSE,,1,1,Man on a Ledge
FALSE,Korean,100000,,FALSE,FALSE,,1,1,Man on High Heels
TRUE,Latin,2300000,200000,TRUE,TRUE,2022-10-07,2,1,Man on Pause
TRUE,Korean,17500000,1000000,FALSE,FALSE,,1,1,Man to Man
FALSE,none,400000,,FALSE,FALSE,,1,1,Man Up (2015)
TRUE,none,17200000,3700000,TRUE,TRUE,2022-06-24,2,1,Man Vs Bee
FALSE,none,100000,,FALSE,FALSE,,1,1,Manchester by the Sea
FALSE,none,300000,,FALSE,FALSE,,1,1,Mandela (2021)
FALSE,none,800000,,FALSE,FALSE,,1,1,Mandela: Long Walk to Freedom
FALSE,Japanese,900000,,FALSE,FALSE,2018-05-04,1,1,Manhunt
FALSE,Latin,100000,,FALSE,FALSE,,1,1,Manhunt
FALSE,none,100000,,FALSE,FALSE,,1,1,Maniac Tales
TRUE,none,8300000,600000,TRUE,TRUE,2018-09-21,2,1,Maniac
TRUE,none,891600000,26000000,TRUE,FALSE,2021-06-10,8,4,Manifest
FALSE,none,100000,,FALSE,FALSE,,1,1,Maniyarayile Ashokan
FALSE,Devanagari,100000,,FALSE,FALSE,,1,1,Manjhi: The Mountain Man
FALSE,none,300000,,TRUE,TRUE,2020-12-04,1,1,MANK
FALSE,none,200000,,FALSE,FALSE,,1,1,Manmadhudu 2
FALSE,none,500000,,FALSE,FALSE,,1,1,"Mann tut, was Mann kann"
FALSE,none,100000,,FALSE,FALSE,,1,1,Manny
FALSE,Devanagari,100000,,FALSE,FALSE,,1,1,Mann
FALSE,none,100000,,FALSE,FALSE,,1,1,Mano Po 5: Gua Ai Di (I Love You)
FALSE,none,100000,,FALSE,FALSE,,1,1,Mano Po 6: A Mother's Love
FALSE,none,100000,,FALSE,FALSE,,1,1,Mano Po 7: Chinoy
FALSE,Latin,300000,,FALSE,FALSE,,1,1,Manolito Four Eyes
FALSE,Devanagari,100000,,FALSE,FALSE,,1,1,Manorama Six Feet Under
FALSE,Devanagari,100000,,FALSE,FALSE,,1,1,Manoranjan
FALSE,none,300000,,FALSE,FALSE,,1,1,Mansfield Park (1999)
FALSE,none,100000,,TRUE,TRUE,,1,1,Manson Family Vacation
FALSE,none,1300000,,FALSE,FALSE,,1,1,Manta Manta
FALSE,Devanagari,200000,,FALSE,FALSE,,1,1,Manto
FALSE,Latin,400000,,FALSE,FALSE,,1,1,Manzikert 1071: Doomsday for the Byzantines
FALSE,none,100000,,FALSE,FALSE,,1,1,Mao's Last Dancer
FALSE,Korean,100000,,FALSE,FALSE,,1,1,Mapado 2: Back to the Island
FALSE,Korean,100000,,FALSE,FALSE,,1,1,Mapado
FALSE,Japanese,100000,,FALSE,FALSE,,1,1,Maquia: When the Promised Flower Blooms
TRUE,Latin,800000,100000,TRUE,TRUE,2019-11-13,2,1,Maradona in Mexico
FALSE,none,4700000,,FALSE,FALSE,,1,1,Marauders
TRUE,none,1100000,100000,FALSE,FALSE,,2,1,Marblegen
FALSE,none,300000,100000,TRUE,TRUE,2020-03-10,2,1,Marc Maron: End Times Fun
FALSE,none,200000,100000,TRUE,TRUE,2017-09-05,2,1,Marc Maron: Too Real
TRUE,none,44000000,4100000,TRUE,TRUE,2016-07-01,6,3,Marcella
FALSE,none,100000,,FALSE,FALSE,2017-06-15,1,1,Marco Luque: Tamo Junto
FALSE,none,800000,800000,TRUE,TRUE,2015-12-26,2,1,Marco Polo: One Hundred Eyes
TRUE,none,57500000,3200000,TRUE,TRUE,2014-12-12,4,2,Marco Polo
TRUE,none,500000,,FALSE,FALSE,,1,1,Marcus Level
FALSE,Devanagari,400000,,FALSE,FALSE,,1,1,Mard Ko Dard Nahi Hota
FALSE,none,200000,,FALSE,FALSE,,1,1,Marea alta
FALSE,none,100000,,FALSE,FALSE,,1,1,Margaret Thatcher: The Iron Lady
FALSE,none,100000,,FALSE,FALSE,,1,1,Margarita with a Straw
FALSE,none,2000000,,FALSE,FALSE,,1,1,Margin Call
FALSE,none,1200000,,FALSE,FALSE,,1,1,Margot at the Wedding
FALSE,none,100000,,FALSE,FALSE,,1,1,Marguerite (2016)
FALSE,Latin,100000,,FALSE,FALSE,,1,1,Maria (And Everybody Else)
TRUE,Latin,27100000,100000,FALSE,FALSE,,2,1,Maria Clara and Ibarra
FALSE,none,100000,,FALSE,FALSE,,1,1,Maria Mariana
FALSE,none,100000,,FALSE,FALSE,,1,1,Marianne & Leonard: Words of Love
TRUE,none,9300000,800000,TRUE,TRUE,2019-09-13,2,1,Marianne
FALSE,none,2700000,,FALSE,FALSE,2019-05-17,1,1,Maria
FALSE,none,5900000,,FALSE,FALSE,,1,1,Marie Antoinette (2006)
FALSE,none,400000,,FALSE,FALSE,,1,1,Marie-Francine
FALSE,none,100000,,FALSE,FALSE,,1,1,Marighella (2012)
FALSE,Latin,100000,,TRUE,TRUE,2022-01-27,1,1,Marilyn's Eyes
FALSE,Korean,300000,,FALSE,FALSE,,1,1,Marionette
FALSE,none,300000,,FALSE,FALSE,,1,1,Mariposa
FALSE,none,100000,,FALSE,FALSE,,1,1,Mark Felt: The Man Who Brought Down the White House
FALSE,none,3200000,3600000,TRUE,TRUE,2023-07-25,1,1,Mark Normand: Soup to Nuts
FALSE,Latin,2000000,,FALSE,FALSE,2020-03-27,1,1,Mark of the Devil
FALSE,Latin,200000,,TRUE,TRUE,,1,1,Marketing the Bazaar
FALSE,none,100000,,FALSE,FALSE,,1,1,Markova: Comfort Gay
FALSE,none,300000,,FALSE,FALSE,,1,1,Markus Krebs: Hocker Rocker Live
FALSE,none,300000,,FALSE,FALSE,,1,1,Marley & Me
FALSE,none,100000,,FALSE,FALSE,,1,1,Marley
FALSE,Latin,100000,,FALSE,FALSE,,1,1,Marlina the Murderer in Four Acts
FALSE,none,700000,200000,TRUE,TRUE,2018-02-27,2,1,Marlon Wayans: Woke-ish
TRUE,none,13300000,900000,FALSE,FALSE,2018-06-14,4,2,Marlon
FALSE,none,4600000,,FALSE,FALSE,,1,1,Marmaduke (2010)
FALSE,none,10500000,,FALSE,FALSE,2022-05-06,1,1,Marmaduke
FALSE,Japanese,200000,,FALSE,FALSE,,1,1,Marmalade Boy
FALSE,none,1500000,,FALSE,FALSE,,1,1,Marnie
FALSE,none,300000,,FALSE,FALSE,,1,1,Marokkaanse Bruiloft
FALSE,Korean,300000,,FALSE,FALSE,,1,1,Marriage Blue
TRUE,Korean,11100000,300000,FALSE,FALSE,,2,1,Marriage Contract
FALSE,Korean,200000,,FALSE,FALSE,,1,1,Marriage Is a Crazy Thing
TRUE,none,3100000,200000,TRUE,TRUE,2021-03-10,2,1,Marriage or Mortgage
FALSE,none,6100000,,TRUE,TRUE,2019-12-06,1,1,Marriage Story
TRUE,none,130900000,1800000,FALSE,FALSE,,8,5,Married at First Sight
FALSE,none,1200000,,FALSE,FALSE,,1,1,Married to Work
FALSE,none,2200000,,FALSE,FALSE,,1,1,Marry Me (2022)
FALSE,Arabic,1100000,,FALSE,FALSE,,1,1,Marry Me Again?
FALSE,Korean,100000,,FALSE,FALSE,,1,1,Marrying the Mafia 2
FALSE,Korean,100000,,FALSE,FALSE,,1,1,Marrying the Mafia
FALSE,none,100000,,FALSE,FALSE,,1,1,Mars Attacks!
FALSE,none,100000,,FALSE,FALSE,,1,1,Mars: Mimpi Ananda Raih Semesta
TRUE,none,10500000,1200000,TRUE,TRUE,2016-05-04,4,2,Marseille
FALSE,none,2800000,,FALSE,FALSE,,1,1,Marshall
FALSE,Latin,100000,,FALSE,FALSE,,1,1,Marshland
TRUE,none,200000,100000,FALSE,FALSE,,2,1,Marta - Il delitto della Sapienza
FALSE,none,200000,100000,TRUE,TRUE,2019-10-14,2,1,"Martin Matte: La vie, la mort...eh la la..!"
FALSE,none,200000,100000,FALSE,FALSE,,2,1,Martin Rütter LIVE - Der tut nix!: Staffel 1
FALSE,Korean,500000,,FALSE,FALSE,,1,1,Marui Video
FALSE,none,100000,,FALSE,FALSE,,1,1,Mary (2019)
FALSE,Japanese,100000,,FALSE,FALSE,,1,1,Mary and The Witch's Flower
TRUE,none,100000,,FALSE,FALSE,,1,1,Mary Berry Everyday
FALSE,Devanagari,400000,,FALSE,FALSE,,1,1,Mary Kom
FALSE,none,100000,,FALSE,FALSE,,1,1,Mary Magdalene
FALSE,none,700000,,FALSE,FALSE,,1,1,Mary Shelley
FALSE,none,200000,,FALSE,FALSE,,1,1,"Mary, Queen of Scots (2018)"
TRUE,none,8600000,,FALSE,FALSE,,1,1,María Magdalena
FALSE,Devanagari,300000,,FALSE,FALSE,,1,1,Masaan
TRUE,Devanagari,2400000,300000,TRUE,TRUE,2020-08-28,4,2,Masaba Masaba
FALSE,Arabic,100000,,TRUE,TRUE,,1,1,Masameer - The Movie
TRUE,Arabic,200000,,FALSE,FALSE,,2,2,Masameer Classics: Masameer
TRUE,Arabic,3000000,300000,TRUE,FALSE,2021-06-30,4,2,Masameer County
FALSE,none,200000,,TRUE,TRUE,2016-10-13,1,1,Mascots
TRUE,Cyrillic,13400000,6600000,FALSE,FALSE,,2,1,Masha and the Bear: Nursery Rhymes
TRUE,none,426300000,65200000,FALSE,FALSE,,10,5,Masha and the Bear
TRUE,none,32400000,6100000,FALSE,FALSE,,2,1,Masha's Spooky Stories (2012)
TRUE,none,13500000,2300000,FALSE,FALSE,,2,1,Masha's Tales
TRUE,Korean,127300000,18500000,TRUE,TRUE,2023-08-18,1,1,Mask Girl
FALSE,Devanagari,100000,,TRUE,TRUE,2020-03-27,1,1,Maska
FALSE,Chinese_or_Kanji,100000,,FALSE,FALSE,,1,1,Masked Ward
FALSE,Japanese,200000,,FALSE,FALSE,,1,1,Masquerade Hotel
FALSE,Korean,600000,,FALSE,FALSE,,1,1,Masquerade
TRUE,Japanese,100000,,FALSE,FALSE,,1,1,Masquerade
TRUE,Chinese_or_Kanji,3900000,100000,FALSE,FALSE,,2,1,Master of My Own
TRUE,none,4700000,400000,TRUE,TRUE,2015-11-06,6,3,Master of None
TRUE,Japanese,400000,100000,FALSE,FALSE,,2,1,Master's Daughter
FALSE,none,300000,,FALSE,FALSE,,1,1,Masterminds (2016)
FALSE,none,1700000,,FALSE,FALSE,,1,1,Masterpiece Contemporary: Page Eight
TRUE,none,200000,,FALSE,FALSE,,1,1,Masterpiece: Around the World in 80 Days
TRUE,none,3800000,900000,TRUE,TRUE,2021-07-23,4,2,Masters of the Universe: Revelation
FALSE,Korean,1300000,,FALSE,FALSE,,1,1,Master
FALSE,none,2400000,,TRUE,TRUE,,1,1,Mat Kilau
FALSE,none,100000,,FALSE,FALSE,,1,1,Mat Moto
FALSE,none,400000,,FALSE,FALSE,,1,1,Matando Cabos
TRUE,none,1800000,100000,FALSE,FALSE,2020-04-29,2,1,Matchday: Inside FC Barcelona
FALSE,none,100000,,FALSE,FALSE,,1,1,Material (2012)
FALSE,Latin,100000,,FALSE,FALSE,2022-12-22,1,1,Mathieu Dufour at Bell Centre
FALSE,none,55700000,,FALSE,FALSE,,1,1,Matilda (1996)
TRUE,Korean,2500000,200000,FALSE,FALSE,,1,1,Matrimonial Chaos
FALSE,none,100000,,FALSE,FALSE,,1,1,Matrimonio al Sud
FALSE,none,100000,,FALSE,FALSE,,1,1,Matt & Mou
FALSE,none,13500000,12700000,TRUE,TRUE,2023-11-15,1,1,Matt Rife: Natural Selection
FALSE,none,2800000,,FALSE,FALSE,,1,1,Matti Kusthi
FALSE,none,100000,,FALSE,FALSE,,1,1,Maudie
FALSE,none,200000,,FALSE,FALSE,,1,1,Mauli
TRUE,none,100000,,FALSE,FALSE,,1,1,Maura
FALSE,Latin,200000,100000,TRUE,TRUE,2020-04-16,2,1,Maurício Meirelles: Generating Chaos
TRUE,none,11400000,1100000,FALSE,FALSE,2022-05-12,2,1,Maverix
FALSE,none,200000,,FALSE,FALSE,,1,1,Mavi Boncuk
FALSE,Arabic,100000,,FALSE,FALSE,,1,1,Mawlana: The Preacher
FALSE,Latin,200000,,FALSE,FALSE,,1,1,Max Manus: Man of War
FALSE,none,2300000,,FALSE,FALSE,,1,1,Max Steel (2016)
FALSE,none,200000,,FALSE,FALSE,,1,1,Max und die wilde 7
FALSE,none,700000,,FALSE,FALSE,,1,1,Maximum Risk
TRUE,none,5500000,2400000,FALSE,FALSE,,1,1,Maxine
FALSE,Korean,100000,,FALSE,FALSE,,1,1,May 18
FALSE,Latin,200000,,FALSE,FALSE,,1,1,May God Forgive Us
FALSE,Latin,800000,,FALSE,FALSE,2018-11-15,1,1,May the Devil Take You
FALSE,Thai,200000,,FALSE,FALSE,,1,1,May Who?
TRUE,Japanese,200000,,FALSE,FALSE,,1,1,May-December Couple
TRUE,none,42900000,3400000,TRUE,TRUE,2021-10-22,2,1,Maya and the Three
TRUE,none,9100000,300000,FALSE,FALSE,,2,1,Maya the Bee
FALSE,none,1200000,,FALSE,FALSE,,1,1,Maybe I Do
FALSE,none,300000,,FALSE,FALSE,,1,1,Maybe This Time (2014)
FALSE,Latin,500000,,FALSE,FALSE,,1,1,Maybe Today
FALSE,none,200000,,FALSE,FALSE,,1,1,Mayday (2020)
FALSE,none,100000,,FALSE,FALSE,,1,1,Mayhem
FALSE,none,200000,100000,TRUE,TRUE,2017-08-01,2,1,Maz Jobrani: Immigrant
TRUE,none,49100000,2300000,TRUE,TRUE,2023-05-17,2,1,McGREGOR FOREVER
TRUE,Japanese,700000,300000,FALSE,FALSE,,2,1,Me & Roboco
FALSE,Latin,200000,,FALSE,FALSE,,1,1,Me Against You: Mr. S's Vendetta
FALSE,Thai,400000,,FALSE,FALSE,,1,1,Me Always You
FALSE,Korean,200000,,FALSE,FALSE,,1,1,Me and Me
FALSE,none,700000,,FALSE,FALSE,,1,1,Me Before You
FALSE,none,200000,200000,FALSE,FALSE,,1,1,Me Contro Te - Il Concerto
FALSE,none,32100000,,TRUE,TRUE,2022-08-26,1,1,Me Time
FALSE,none,11500000,,FALSE,FALSE,,1,1,Mean Girls
FALSE,Latin,200000,,FALSE,FALSE,,1,1,Measuring the World
FALSE,none,2800000,500000,TRUE,TRUE,2021-09-29,2,1,MeatEater: Season 10 Part 1
FALSE,none,4800000,800000,TRUE,TRUE,2022-02-02,2,1,MeatEater: Season 10 Part 2
FALSE,none,1700000,400000,TRUE,TRUE,2020-09-16,2,1,MeatEater: Season 9 Part 1
FALSE,none,2200000,400000,TRUE,TRUE,2021-02-17,2,1,MeatEater: Season 9 Part 2
TRUE,none,2700000,400000,TRUE,TRUE,2019-10-18,2,1,MeatEater
TRUE,none,23700000,5900000,TRUE,TRUE,2023-08-10,1,1,Mech Cadets
TRUE,none,9000000,1100000,FALSE,FALSE,,3,2,Mechamato The Animated Series
FALSE,none,4400000,,FALSE,FALSE,,1,1,Mechanic: Resurrection
FALSE,Latin,100000,,FALSE,FALSE,,1,1,Meda or The Not So Bright Side of Things
TRUE,none,3700000,300000,TRUE,TRUE,2018-11-09,2,1,Medal of Honor
TRUE,none,1500000,200000,TRUE,TRUE,2020-01-10,2,1,Medical Police
FALSE,none,4600000,300000,FALSE,FALSE,2016-12-09,2,1,Medici: Masters of Florence
FALSE,none,3300000,200000,FALSE,FALSE,2019-01-25,2,1,Medici: The Magnificent
TRUE,none,4000000,200000,FALSE,FALSE,2020-05-01,2,1,Medici: The Magnificent
FALSE,none,14400000,,FALSE,FALSE,,1,1,Medieval
FALSE,none,100000,,FALSE,FALSE,,1,1,Mediterraneo
TRUE,Japanese,200000,,FALSE,FALSE,,1,1,Medium / Invert
TRUE,none,60000000,3300000,TRUE,TRUE,,2,1,Meekah
FALSE,Devanagari,1900000,,TRUE,TRUE,2021-11-05,1,1,Meenakshi Sundareshwar
FALSE,none,200000,,FALSE,FALSE,,1,1,Mees Kees (2012)
FALSE,none,100000,,FALSE,FALSE,,1,1,Mees Kees in de Wolken
FALSE,none,200000,,FALSE,FALSE,,1,1,Mees Kees op kamp
FALSE,none,800000,,FALSE,FALSE,,1,1,Meet Dave
FALSE,none,3700000,,FALSE,FALSE,,1,1,Meet Joe Black
FALSE,none,200000,,FALSE,FALSE,,1,1,Meet Me in St. Gallen
TRUE,none,400000,,FALSE,FALSE,,3,3,Meet the Adebanjos
FALSE,none,700000,,FALSE,FALSE,,1,1,Meet the Blacks
FALSE,none,2600000,,FALSE,FALSE,,1,1,Meet the Fockers
FALSE,none,2100000,,FALSE,FALSE,,1,1,Meet the Parents (2000)
FALSE,none,500000,,FALSE,FALSE,,1,1,Meet the Spartans
FALSE,Chinese_or_Kanji,12300000,100000,FALSE,FALSE,,2,1,Meet Yourself
TRUE,none,12200000,200000,FALSE,FALSE,,4,2,"Meet, Marry, Murder"
FALSE,Japanese,200000,,FALSE,FALSE,,1,1,Megalobox
FALSE,none,7900000,,FALSE,FALSE,,1,1,Megamind
FALSE,none,100000,,FALSE,FALSE,,1,1,Megan Leavey
FALSE,none,100000,,FALSE,FALSE,,1,1,Mehandi Circus
FALSE,none,100000,,FALSE,FALSE,,1,1,Mekah I'm Coming
FALSE,Korean,5000000,,FALSE,FALSE,,1,1,Melancholia
TRUE,Korean,5100000,300000,TRUE,TRUE,,1,1,Melancholia
FALSE,Japanese,100000,,FALSE,FALSE,,1,1,Melancholic
TRUE,Japanese,300000,,FALSE,FALSE,,1,1,Melancholy of the Betrayed
TRUE,none,8900000,1000000,TRUE,TRUE,2022-05-04,2,1,Meltdown: Three Mile Island
FALSE,none,300000,,FALSE,FALSE,,1,1,Memento (2000)
FALSE,Korean,400000,,FALSE,FALSE,,1,1,Memoir of a Murderer
FALSE,none,5900000,,FALSE,FALSE,,1,1,Memoirs of a Geisha
FALSE,none,2300000,,TRUE,TRUE,2021-08-18,1,1,Memories of a Murderer: The Nilsen Tapes
FALSE,Latin,400000,,FALSE,FALSE,,1,1,Memories of a Teenager
FALSE,Chinese_or_Kanji,400000,,FALSE,FALSE,,1,1,Memories of Love
FALSE,Japanese,100000,,FALSE,FALSE,,1,1,Memories of Matsuko
FALSE,Korean,200000,,FALSE,FALSE,,1,1,Memories of Murder
TRUE,Korean,10400000,300000,TRUE,TRUE,2018-12-01,2,1,Memories of the Alhambra
FALSE,Korean,100000,,FALSE,FALSE,,1,1,Memories of the Sword
FALSE,Latin,400000,,FALSE,FALSE,,1,1,Memories
FALSE,none,800000,,FALSE,FALSE,,1,1,Memory (2022)
FALSE,Chinese_or_Kanji,400000,,FALSE,FALSE,,1,1,Memory of Encaustic Tile
FALSE,Latin,100000,,FALSE,FALSE,,1,1,Men at Work - Miami
FALSE,none,1500000,,FALSE,FALSE,,1,1,Men in Black 3
FALSE,none,1100000,,FALSE,FALSE,,1,1,Men in Black II
FALSE,none,4500000,,FALSE,FALSE,,1,1,Men in Black: International
FALSE,none,5800000,,FALSE,FALSE,,1,1,Men in Black
FALSE,Latin,100000,,FALSE,FALSE,,1,1,Men in the City 2
FALSE,Latin,400000,,FALSE,FALSE,,1,1,Men of Deeds
FALSE,Korean,6300000,,FALSE,FALSE,,1,1,Men of Plastic
FALSE,Korean,100000,,FALSE,FALSE,,1,1,Men on a Mission: 2019
FALSE,Korean,1000000,,TRUE,TRUE,,1,1,Men on a Mission: 2020
FALSE,Korean,700000,,TRUE,TRUE,,1,1,Men on a Mission: 2021
FALSE,Korean,2400000,,TRUE,TRUE,,1,1,Men on a Mission: 2022
FALSE,Korean,9900000,100000,TRUE,TRUE,,2,1,Men on a Mission: 2023
FALSE,Latin,200000,,FALSE,FALSE,,1,1,Men vs. Women
FALSE,none,100000,,FALSE,FALSE,,1,1,Mense van die Wind
FALSE,Japanese,100000,,FALSE,FALSE,,1,1,Mentai Piriri
TRUE,Japanese,200000,,FALSE,FALSE,,2,2,Mentai Piriri
TRUE,none,1000000,100000,FALSE,FALSE,,3,2,Mental (2019)
FALSE,none,100000,,TRUE,TRUE,2018-04-20,1,1,Mercury 13
FALSE,none,700000,,FALSE,FALSE,,1,1,Mercury Rising
FALSE,none,900000,,FALSE,FALSE,,1,1,Mercy Black
FALSE,none,1000000,,TRUE,TRUE,2016-11-22,1,1,Mercy
FALSE,Devanagari,100000,,FALSE,FALSE,,1,1,Mere Pyare Prime Minister
FALSE,Latin,1000000,,FALSE,FALSE,,1,1,Merkel
TRUE,none,6300000,400000,FALSE,FALSE,2022-02-25,4,2,Merlí. Sapere Aude
TRUE,none,10600000,400000,FALSE,FALSE,2016-11-30,6,3,Merlí
TRUE,none,4500000,1200000,FALSE,FALSE,,2,1,Mermaze Mermaidz
TRUE,none,9900000,600000,TRUE,TRUE,2023-05-23,2,1,MerPeople
TRUE,none,4500000,1100000,TRUE,TRUE,2019-11-28,2,1,Merry Happy Whatever
FALSE,none,200000,,FALSE,FALSE,,1,1,Merry Men 2: Another Mission
FALSE,none,200000,,TRUE,TRUE,,1,1,Merry Men: The Real Yoruba Demons
FALSE,none,1100000,,FALSE,FALSE,,1,1,Mersal
FALSE,none,300000,,FALSE,FALSE,,1,1,Meru
FALSE,none,1900000,,TRUE,TRUE,2022-03-04,1,1,Meskina
FALSE,none,5000000,,FALSE,FALSE,2017-08-04,1,1,Message from the King
FALSE,none,200000,,FALSE,FALSE,,1,1,Message in a Bottle
FALSE,Arabic,100000,,FALSE,FALSE,,1,1,Message
TRUE,none,33900000,1400000,TRUE,TRUE,2020-01-01,2,1,Messiah
FALSE,none,100000,,FALSE,FALSE,,1,1,Messner
FALSE,none,100000,,FALSE,FALSE,,1,1,Mestari Cheng
FALSE,none,3500000,,TRUE,TRUE,2022-04-08,1,1,Metal Lords
TRUE,none,2500000,300000,TRUE,TRUE,2021-09-10,2,1,Metal Shop Masters
FALSE,none,1300000,,TRUE,TRUE,,1,1,Metallica: Some Kind of Monster: Collection 1
FALSE,Korean,600000,,FALSE,FALSE,,1,1,Metamorphosis
TRUE,Chinese_or_Kanji,45200000,600000,FALSE,FALSE,2018-07-13,2,1,Meteor Garden
FALSE,none,2800000,,FALSE,FALSE,,1,1,Meter
FALSE,none,100000,,FALSE,FALSE,,1,1,Metronom
FALSE,none,500000,,FALSE,FALSE,,1,1,Meu Passado Me Condena (2013)
FALSE,Latin,300000,,FALSE,FALSE,,1,1,Meu Passado Me Condena 2
FALSE,none,200000,,FALSE,FALSE,,1,1,Meus Dois Amores
FALSE,Latin,400000,,FALSE,FALSE,,1,1,Mexican Gangster
TRUE,Japanese,1900000,400000,FALSE,FALSE,,1,1,MF Ghost
TRUE,none,100000,,FALSE,FALSE,,1,1,Mga Kwentong Epik: Maria Makiling
TRUE,none,133300000,5500000,TRUE,FALSE,2023-03-08,2,1,MH370: The Plane That Disappeared
FALSE,none,300000,,FALSE,FALSE,,1,1,Mi amigo Alexis
FALSE,none,500000,,FALSE,FALSE,,1,1,Mi Obra Maestra
FALSE,none,200000,,FALSE,FALSE,,1,1,Mi Vida
TRUE,none,7900000,300000,FALSE,FALSE,,4,2,Mia and Me
FALSE,none,300000,,FALSE,FALSE,,1,1,Mia and the White Lion
FALSE,none,100000,,FALSE,FALSE,,1,1,Mia Sarah
FALSE,none,300000,,FALSE,FALSE,,1,1,Miami Bici
FALSE,none,1600000,,FALSE,FALSE,,1,1,Miami Vice (2006)
FALSE,Arabic,100000,,FALSE,FALSE,,1,1,Mica
FALSE,none,200000,100000,TRUE,TRUE,2016-11-25,2,1,Michael Che Matters
FALSE,none,500000,200000,TRUE,TRUE,2021-11-16,2,1,Michael Che: Shame the Devil
FALSE,none,600000,,FALSE,FALSE,,1,1,Michael Jackson's This Is It
FALSE,none,1000000,400000,TRUE,TRUE,2020-09-15,2,1,Michael McIntyre: Showman
TRUE,none,300000,,FALSE,FALSE,,1,1,Michael: Tuesdays and Thursdays
FALSE,Latin,100000,,TRUE,TRUE,2022-04-06,1,1,"Michela Giraud: The Truth, I Swear!"
FALSE,Latin,100000,,FALSE,FALSE,,1,1,Michelangelo - Endless
FALSE,none,1000000,900000,TRUE,TRUE,2020-09-29,2,1,Michelle Buteau: Welcome to Buteaupia
FALSE,none,2900000,2200000,TRUE,TRUE,2023-09-12,1,1,Michelle Wolf: It's Great to Be Here
FALSE,none,600000,400000,TRUE,TRUE,2019-12-10,2,1,Michelle Wolf: Joke Show
FALSE,Latin,100000,,FALSE,FALSE,,1,1,Micin Generation Vs Kevin
FALSE,none,1400000,500000,FALSE,FALSE,,2,1,Micky Flanagan: Back in the Game
FALSE,none,1300000,500000,FALSE,FALSE,,2,1,Micky Flanagan: The Out Out Tour
FALSE,none,100000,,FALSE,FALSE,,1,1,Middle of Nowhere (2012)
FALSE,none,1500000,,FALSE,FALSE,2017-02-10,1,1,Middle School: The Worst Years of My Life
TRUE,none,500000,100000,TRUE,TRUE,2020-04-21,2,1,Middleditch & Schwartz
TRUE,none,1500000,100000,TRUE,TRUE,2022-01-20,2,1,Midnight Asia: Eat · Dance · Dream
FALSE,none,1100000,,FALSE,FALSE,,1,1,Midnight at the Magnolia
TRUE,Latin,8800000,500000,TRUE,TRUE,2022-03-03,2,1,Midnight at the Pera Palace
FALSE,Japanese,200000,,FALSE,FALSE,,1,1,Midnight Diner 2
TRUE,Japanese,5000000,500000,TRUE,TRUE,2016-10-20,4,2,Midnight Diner: Tokyo Stories
FALSE,Chinese_or_Kanji,300000,,FALSE,FALSE,,1,1,Midnight Diner
TRUE,Japanese,5800000,700000,TRUE,FALSE,,6,3,Midnight Diner
FALSE,none,2600000,,FALSE,FALSE,,1,1,Midnight Express
FALSE,Latin,100000,,FALSE,FALSE,,1,1,Midnight Family
FALSE,none,1400000,,FALSE,FALSE,,1,1,Midnight in Paris
FALSE,none,1000000,,FALSE,FALSE,,1,1,Midnight in the Switchgrass
TRUE,none,37500000,3300000,TRUE,TRUE,2021-09-24,2,1,Midnight Mass
FALSE,Thai,200000,,FALSE,FALSE,,1,1,Midnight My Love
FALSE,Korean,1400000,,FALSE,FALSE,,1,1,Midnight Runners
FALSE,none,100000,,FALSE,FALSE,,1,1,Midnight Run
FALSE,none,600000,,FALSE,FALSE,,1,1,Midnight Sun (2018)
FALSE,Japanese,1600000,,FALSE,FALSE,,1,1,Midnight Swan
FALSE,Korean,600000,,FALSE,FALSE,,1,1,Midnight
FALSE,none,2900000,,FALSE,FALSE,,1,1,Midsommar
FALSE,Japanese,100000,,FALSE,FALSE,,1,1,Midsummer's Equation
FALSE,none,400000,,FALSE,FALSE,,1,1,Midway (1976)
FALSE,none,4300000,,FALSE,FALSE,,1,1,Midway (2019)
FALSE,none,100000,,FALSE,FALSE,,1,1,Miffo
FALSE,none,500000,,TRUE,TRUE,2020-12-05,1,1,Mighty Express: A Mighty Christmas
FALSE,none,700000,,TRUE,TRUE,2022-12-05,1,1,Mighty Express: Mighty Trains Race
FALSE,none,700000,,TRUE,TRUE,2022-01-18,1,1,Mighty Express: Train Trouble
TRUE,none,25800000,5300000,TRUE,TRUE,2020-09-22,14,7,Mighty Express
FALSE,none,1400000,2200000,TRUE,TRUE,2019-10-18,2,1,Mighty Little Bheem: Diwali: Collection
FALSE,none,2500000,3800000,TRUE,TRUE,2020-03-05,2,1,Mighty Little Bheem: Festival of Colors: Collection
FALSE,none,900000,,TRUE,TRUE,2022-05-30,1,1,Mighty Little Bheem: I Love Taj Mahal
FALSE,none,1800000,2400000,TRUE,TRUE,2021-01-08,2,1,Mighty Little Bheem: Kite Festival: Collection
TRUE,none,53100000,11500000,TRUE,TRUE,2019-04-12,6,3,Mighty Little Bheem
FALSE,none,12200000,,FALSE,FALSE,2023-04-19,1,1,Mighty Morphin Power Rangers: Once & Always
FALSE,none,600000,,FALSE,FALSE,,1,1,Mighty Morphin Power Rangers: Season 1 (Reversioned)
TRUE,none,22000000,500000,FALSE,FALSE,,6,3,Mighty Morphin Power Rangers
TRUE,Devanagari,300000,,FALSE,FALSE,,3,3,Mighty Raju
FALSE,none,300000,200000,FALSE,FALSE,,2,1,Mike Birbiglia: My Girlfriend's Boyfriend
FALSE,none,600000,300000,TRUE,TRUE,2017-02-28,2,1,Mike Birbiglia: Thank God for Jokes
FALSE,none,900000,400000,TRUE,TRUE,2019-11-26,2,1,Mike Birbiglia: The New One
FALSE,none,3700000,2800000,TRUE,TRUE,2023-11-21,1,1,Mike Birbiglia: The Old Man and The Pool
FALSE,none,200000,100000,FALSE,FALSE,,2,1,Mike Birbiglia: What I Should Have Said Was Nothing: Tales from My Secret Public Journal
FALSE,none,400000,200000,TRUE,TRUE,2015-12-18,2,1,Mike Epps: Don't Take It Personal
FALSE,none,1100000,400000,TRUE,TRUE,2022-03-29,2,1,Mike Epps: Indiana Mike
FALSE,none,1100000,500000,TRUE,TRUE,2019-06-25,2,1,Mike Epps: Only One Mike
FALSE,none,100000,,FALSE,FALSE,,1,1,Milchgeld. Ein Kluftingerkrimi
FALSE,none,8900000,,FALSE,FALSE,,1,1,Mile 22
FALSE,Latin,300000,,FALSE,FALSE,,1,1,Milea
FALSE,none,500000,,TRUE,TRUE,,1,1,Miles Davis: Birth of the Cool
FALSE,none,5000000,,FALSE,FALSE,2020-07-16,1,1,MILF
FALSE,Korean,4100000,,FALSE,FALSE,,1,1,Military Prosecutor Doberman
TRUE,Korean,3000000,200000,FALSE,FALSE,,1,1,Military Prosecutor Doberman
FALSE,none,100000,,FALSE,FALSE,,1,1,Military Wives
FALSE,Devanagari,12000000,,FALSE,FALSE,,1,1,Mili
TRUE,none,1200000,,FALSE,FALSE,,3,3,Millennials (2018)
FALSE,none,700000,,FALSE,FALSE,,1,1,Million Dollar Baby
TRUE,none,2100000,300000,TRUE,TRUE,2020-08-26,2,1,Million Dollar Beach House
TRUE,none,4100000,700000,FALSE,FALSE,,1,1,Million Dollar Decorators
TRUE,none,9700000,200000,FALSE,FALSE,,4,2,Million Dollar Listing New York
TRUE,none,8900000,600000,TRUE,TRUE,2018-08-10,4,2,Million Pound Menu
TRUE,Japanese,1100000,100000,TRUE,TRUE,2017-04-06,2,1,Million Yen Women
FALSE,Latin,100000,,FALSE,FALSE,,1,1,Milly & Mamet
FALSE,none,100000,,FALSE,FALSE,,1,1,Milyarder
FALSE,none,1700000,,FALSE,FALSE,,1,1,Mimi (2021)
FALSE,none,200000,,FALSE,FALSE,,1,1,Mina-Anud
FALSE,Korean,600000,,FALSE,FALSE,,1,1,Minari
TRUE,Chinese_or_Kanji,200000,,FALSE,FALSE,,1,1,Mind Game
TRUE,none,5400000,500000,TRUE,TRUE,2022-11-16,2,1,Mind Your Manners
FALSE,none,100000,,FALSE,FALSE,2017-05-12,1,1,Mindhorn
FALSE,none,200000,,FALSE,FALSE,,1,1,Mindhunters
TRUE,none,90700000,5000000,TRUE,TRUE,2017-10-13,4,2,MINDHUNTER
FALSE,none,4200000,,FALSE,FALSE,,1,1,Mine (2016)
TRUE,Korean,34700000,800000,TRUE,TRUE,2021-05-08,2,1,Mine
FALSE,none,4500000,,FALSE,FALSE,,1,1,Minha Mãe É Uma Peça
TRUE,Korean,100000,,FALSE,FALSE,,1,1,Miniforce X
FALSE,Korean,200000,,FALSE,FALSE,,1,1,Miniforce: New Heroes Rise
TRUE,Korean,37300000,1700000,FALSE,FALSE,,2,1,Miniforce: Super Dino Power
TRUE,Korean,12800000,500000,FALSE,FALSE,,2,1,Miniforce
FALSE,none,18800000,,TRUE,TRUE,,1,1,Minions & More Volume 1
FALSE,none,30500000,,TRUE,TRUE,,1,1,Minions & More Volume 2
FALSE,none,96400000,,FALSE,FALSE,,1,1,Minions: The Rise of Gru
FALSE,none,2400000,,FALSE,FALSE,,1,1,Minions
FALSE,none,3500000,,TRUE,TRUE,2021-12-24,1,1,Minnal Murali
FALSE,none,4700000,,FALSE,FALSE,,1,1,Minority Report (2002)
FALSE,none,100000,,FALSE,FALSE,,1,1,Minsara Kanavu
FALSE,none,100000,,FALSE,FALSE,,1,1,Minuscule 2 - Mandibles from Far Away
FALSE,none,300000,,FALSE,FALSE,,1,1,Mio fratello rincorre i dinosauri
FALSE,Japanese,100000,,FALSE,FALSE,,1,1,Mio's Cookbook
FALSE,Latin,4200000,,TRUE,TRUE,,1,1,Miracle in Cell No. 7
FALSE,Korean,500000,,FALSE,FALSE,,1,1,Miracle in Cell No.7
FALSE,Korean,100000,,FALSE,FALSE,,1,1,Miracle: Letters to the President
FALSE,none,8100000,,FALSE,FALSE,,1,1,Miracles from Heaven
FALSE,Latin,200000,,FALSE,FALSE,,1,1,Miracle
TRUE,Korean,2000000,200000,FALSE,FALSE,,1,1,Miracle
TRUE,Korean,27600000,1600000,FALSE,FALSE,,1,1,Miraculous Brothers
FALSE,none,100000,,FALSE,FALSE,,1,1,Miraculous: Ladybug & Cat Noir: Happy Birthday to You!
TRUE,none,76500000,8400000,FALSE,FALSE,,4,2,Miraculous: Tales of Ladybug & Cat Noir: Season 2
TRUE,none,79500000,8100000,FALSE,FALSE,,4,2,Miraculous: Tales of Ladybug & Cat Noir: Season 3
TRUE,none,113700000,5800000,FALSE,FALSE,,2,1,Miraculous: Tales of Ladybug & Cat Noir
FALSE,Latin,4100000,,FALSE,FALSE,2019-03-22,1,1,Mirage
FALSE,Japanese,300000,,FALSE,FALSE,,1,1,Mirai
FALSE,none,100000,,TRUE,TRUE,2019-06-04,1,1,Miranda Sings Live…Your Welcome
FALSE,Latin,1700000,,FALSE,FALSE,,1,1,Mirciulica
TRUE,none,3500000,200000,FALSE,FALSE,,2,1,Miriam Margolyes: Almost Australian
FALSE,Latin,1900000,,FALSE,FALSE,,1,1,Mirreyes vs Godinez
FALSE,none,3300000,,FALSE,FALSE,,1,1,Mirror Mirror (2012)
FALSE,Latin,300000,,FALSE,FALSE,2022-09-16,1,1,"Mirror, Mirror"
FALSE,none,1600000,,FALSE,FALSE,,1,1,Mirrors (2008)
FALSE,none,100000,,FALSE,FALSE,,1,1,Misa Mi
FALSE,Korean,11400000,,TRUE,TRUE,,1,1,Misaeng: Incomplete Life
TRUE,Korean,5100000,200000,TRUE,TRUE,,1,1,Misaeng: Incomplete Life
FALSE,Korean,200000,,FALSE,FALSE,,1,1,Misbehavior
FALSE,none,300000,,FALSE,FALSE,,1,1,Misbehaviour (2020)
FALSE,Arabic,200000,,FALSE,FALSE,,1,1,Misconception
FALSE,none,1100000,,FALSE,FALSE,,1,1,Misconduct
TRUE,none,15000000,3900000,TRUE,TRUE,2023-09-15,1,1,Miseducation
FALSE,none,200000,,FALSE,FALSE,,1,1,Misfit (2017)
FALSE,none,500000,,FALSE,FALSE,,1,1,Misfit (2019)
FALSE,none,200000,,FALSE,FALSE,,1,1,Misfit 2
FALSE,Latin,200000,,FALSE,FALSE,2021-04-23,1,1,Misfit 3: The Finale
TRUE,Latin,2500000,300000,TRUE,TRUE,2021-10-16,2,1,Misfit: The Series
FALSE,none,500000,,FALSE,FALSE,,1,1,Misfit: The Switch
FALSE,none,1900000,,TRUE,TRUE,2021-08-11,1,1,Misha and the Wolves
FALSE,none,500000,,FALSE,FALSE,,1,1,Mishan Impossible
FALSE,Japanese,100000,,FALSE,FALSE,,1,1,Mishima: The Last Debate
TRUE,Devanagari,12200000,1000000,TRUE,TRUE,2020-11-20,4,2,Mismatched
FALSE,Korean,400000,,FALSE,FALSE,,1,1,Miss & Mrs. Cops
TRUE,Latin,287000000,5800000,TRUE,TRUE,2023-08-30,1,1,Miss Adrenaline: A Tale of Twins
FALSE,none,5000000,,TRUE,TRUE,2020-01-31,1,1,Miss Americana
FALSE,Korean,100000,,FALSE,FALSE,,1,1,Miss Baek
FALSE,none,2100000,,FALSE,FALSE,,1,1,Miss Bala (2019)
FALSE,Korean,400000,,FALSE,FALSE,,1,1,Miss Butcher
FALSE,none,1600000,,FALSE,FALSE,,1,1,Miss Congeniality 2: Armed and Fabulous
FALSE,none,2200000,,FALSE,FALSE,,1,1,Miss Congeniality
TRUE,Thai,1100000,100000,TRUE,TRUE,,2,1,Miss Culinary
TRUE,none,900000,,FALSE,FALSE,,3,3,Miss Fisher's Murder Mysteries
FALSE,none,400000,,FALSE,FALSE,,1,1,Miss Granny (2018)
FALSE,Korean,600000,,FALSE,FALSE,,1,1,Miss Granny
TRUE,Chinese_or_Kanji,400000,,FALSE,FALSE,,1,1,Miss in Kiss
FALSE,none,900000,,FALSE,FALSE,,1,1,Miss India
FALSE,Japanese,500000,,FALSE,FALSE,,1,1,Miss Kobayashi's Dragon Maid S
FALSE,Japanese,1400000,100000,FALSE,FALSE,,2,1,Miss Kobayashi's Dragon Maid
FALSE,none,100000,,FALSE,FALSE,,1,1,Miss Pettigrew Lives for a Day
FALSE,none,200000,,FALSE,FALSE,,1,1,Miss Sloane
TRUE,Chinese_or_Kanji,1400000,100000,FALSE,FALSE,,1,1,Miss the Dragon
TRUE,Korean,1000000,100000,FALSE,FALSE,,2,2,Miss Trot
TRUE,Chinese_or_Kanji,400000,,FALSE,FALSE,,1,1,Miss Truth
TRUE,Latin,400000,,FALSE,FALSE,,1,1,Miss Without Love
FALSE,none,4400000,,TRUE,TRUE,2023-06-02,1,1,Missed Connections
FALSE,none,35800000,,FALSE,FALSE,,1,1,Missing (2023)
FALSE,Latin,900000,,TRUE,TRUE,,1,1,Missing Home
FALSE,none,1500000,,FALSE,FALSE,,1,1,Missing Link (2019)
FALSE,Latin,200000,,FALSE,FALSE,,1,1,Missing Persons Unit
TRUE,Korean,1300000,,FALSE,FALSE,,1,1,Missing You
TRUE,none,63200000,3400000,TRUE,TRUE,2023-05-10,2,1,Missing: Dead or Alive?
FALSE,Korean,7400000,100000,FALSE,FALSE,,2,1,Missing: The Other Side 2
FALSE,Korean,18000000,300000,TRUE,TRUE,,2,1,Missing: The Other Side
FALSE,Japanese,700000,,FALSE,FALSE,,1,1,Missing
FALSE,Korean,100000,,FALSE,FALSE,,1,1,Missing
TRUE,Latin,3500000,400000,FALSE,FALSE,,1,1,Mission Afghanistan
FALSE,none,200000,,TRUE,TRUE,2014-08-15,1,1,Mission Blue
FALSE,Devanagari,100000,,FALSE,FALSE,,1,1,Mission Istaanbul: Darr Ke Aagey Jeet Hai
FALSE,Devanagari,100000,,FALSE,FALSE,,1,1,Mission Kashmir
FALSE,none,200000,,FALSE,FALSE,,1,1,Mission Kathmandu: The Adventures of Nelly & Simon
FALSE,Devanagari,31200000,,TRUE,TRUE,2023-01-20,1,1,Mission Majnu
FALSE,none,1700000,,FALSE,FALSE,,1,1,Mission: Impossible (1996)
FALSE,none,27300000,,FALSE,FALSE,,1,1,Mission: Impossible - Fallout
FALSE,none,14200000,,FALSE,FALSE,,1,1,Mission: Impossible - Ghost Protocol
FALSE,none,14300000,,FALSE,FALSE,,1,1,Mission: Impossible - Rogue Nation
FALSE,none,4600000,,FALSE,FALSE,,1,1,Mission: Impossible III
FALSE,none,2100000,,FALSE,FALSE,,1,1,Mission: Impossible II
FALSE,none,1200000,,FALSE,FALSE,,1,1,Mission: Joy - Finding Happiness in Troubled Times
FALSE,Korean,200000,,FALSE,FALSE,,1,1,Mission: Possible
TRUE,none,1600000,100000,FALSE,FALSE,,2,1,Mister Maker
FALSE,Devanagari,2900000,,FALSE,FALSE,,1,1,Mister Mummy
FALSE,Korean,300000,,FALSE,FALSE,,1,1,Mister Trot: Mr Trot
FALSE,Korean,200000,,FALSE,FALSE,,1,1,Mister Trot: The Call Center of Love: 2020
FALSE,Korean,200000,,FALSE,FALSE,,1,1,Mister Trot: The Call Center of Love: 2021
TRUE,Korean,8100000,,FALSE,FALSE,,1,1,Mister Trot
FALSE,none,100000,,FALSE,FALSE,,1,1,Misteri Mona
TRUE,Korean,6100000,100000,FALSE,FALSE,,2,1,Misty
TRUE,none,10900000,400000,FALSE,FALSE,,2,1,MIU404
FALSE,Latin,100000,,FALSE,FALSE,,1,1,Mix Tape
TRUE,Japanese,400000,,FALSE,FALSE,,1,1,Mix: Meisei Story
FALSE,none,7800000,,TRUE,TRUE,2023-05-31,1,1,Mixed by Erry
FALSE,none,1800000,,TRUE,TRUE,2021-12-03,1,1,Mixtape
FALSE,none,700000,200000,TRUE,TRUE,2021-11-30,2,1,Mo Amer: Mohammed in Texas
FALSE,none,300000,100000,TRUE,TRUE,2018-10-08,2,1,Mo Amer: The Vagabond
FALSE,none,100000,,FALSE,FALSE,,1,1,"Mo Farah, No Easy Mile"
FALSE,none,200000,100000,TRUE,TRUE,2019-09-30,2,1,Mo Gilligan: Momentum
FALSE,none,400000,100000,TRUE,TRUE,2022-02-17,2,1,Mo Gilligan: There's Mo to Life
TRUE,Japanese,1800000,100000,FALSE,FALSE,,2,1,Mob Psycho 100 (2016)
TRUE,Japanese,3900000,300000,TRUE,FALSE,2018-01-11,6,3,Mob Psycho 100
TRUE,Japanese,100000,,FALSE,FALSE,,1,1,Mobile Suit Gundam 0083: Stardust Memory
TRUE,Japanese,800000,,FALSE,FALSE,,2,2,Mobile Suit Gundam 00
FALSE,Japanese,1100000,,TRUE,TRUE,2021-07-01,1,1,Mobile Suit Gundam Hathaway
FALSE,Japanese,200000,,TRUE,TRUE,,1,1,Mobile Suit Gundam II: Soldiers of Sorrow
FALSE,Japanese,200000,,TRUE,TRUE,,1,1,Mobile Suit Gundam III: Encounters in Space
FALSE,Japanese,300000,,TRUE,TRUE,,1,1,Mobile Suit Gundam I
FALSE,Japanese,100000,,FALSE,FALSE,,1,1,Mobile Suit Gundam Narrative
TRUE,Japanese,2300000,100000,FALSE,FALSE,,2,1,Mobile Suit Gundam Seed
TRUE,Japanese,7100000,500000,FALSE,FALSE,,4,2,Mobile Suit Gundam The Witch From Mercury
TRUE,Japanese,600000,,FALSE,FALSE,,1,1,Mobile Suit Gundam Unicorn RE:0096
FALSE,Japanese,300000,,FALSE,FALSE,,1,1,Mobile Suit Gundam: Char's Counterattack
FALSE,Japanese,100000,,FALSE,FALSE,,1,1,Mobile Suit Gundam: F91: The Motion Picture
TRUE,Japanese,6500000,300000,TRUE,FALSE,,4,2,Mobile Suit Gundam: Iron-Blooded Orphans
TRUE,Japanese,100000,,FALSE,FALSE,,1,1,Mobile Suit Gundam: The 08th MS Team
FALSE,Japanese,400000,,FALSE,FALSE,,1,1,Mobile Suit Gundam
TRUE,Japanese,400000,,FALSE,FALSE,,1,1,Mobile Suit Zeta Gundam
FALSE,Korean,100000,,FALSE,FALSE,,1,1,Moby Dick
FALSE,none,200000,,FALSE,FALSE,,1,1,Modalità Aereo
TRUE,none,700000,,FALSE,FALSE,,1,1,Model
FALSE,Latin,100000,,FALSE,FALSE,,1,1,Modern Loves
FALSE,none,100000,,FALSE,FALSE,,1,1,Modern Slavery
FALSE,Japanese,200000,,FALSE,FALSE,2019-09-06,1,1,Modest Heroes: Ponoc Short Films Theatre
TRUE,none,1600000,200000,FALSE,FALSE,,4,2,Modus
TRUE,none,12100000,400000,FALSE,FALSE,,10,6,Moesha
FALSE,Arabic,300000,,FALSE,FALSE,,1,1,Mohamed Hussein
TRUE,Arabic,500000,,FALSE,FALSE,,2,2,Mohammed Ali Road
FALSE,Devanagari,1000000,,FALSE,FALSE,,1,1,Mohenjo Daro
FALSE,none,100000,,TRUE,TRUE,,1,1,Mokalik (Mechanic)
TRUE,none,23700000,2300000,FALSE,FALSE,,7,4,Molang
FALSE,none,1100000,,FALSE,FALSE,,1,1,Mollo tutto e apro un chiringuito
FALSE,none,5400000,,FALSE,FALSE,,1,1,Molly's Game
TRUE,none,29600000,1600000,FALSE,FALSE,,16,8,Mom (2013)
FALSE,none,2500000,,FALSE,FALSE,,1,1,Mom (2017)
FALSE,none,100000,,FALSE,FALSE,,1,1,Mom and Dad
FALSE,Arabic,600000,,FALSE,FALSE,,1,1,Mom Is Pregnant
FALSE,Latin,300000,,FALSE,FALSE,,1,1,Mom or Dad?
TRUE,Chinese_or_Kanji,2900000,100000,TRUE,TRUE,2022-07-15,2,1,"Mom, Don't Do That!"
TRUE,Korean,17500000,200000,FALSE,FALSE,,2,1,Moment of Eighteen
FALSE,none,200000,,FALSE,FALSE,,1,1,Mommy (2014)
FALSE,none,300000,,TRUE,TRUE,,1,1,Mommy Issues
FALSE,none,100000,,FALSE,FALSE,,1,1,MOMOL Nights
FALSE,none,200000,,FALSE,FALSE,,1,1,Moms at War
FALSE,none,2600000,,FALSE,FALSE,,1,1,Moms' Night Out
FALSE,Latin,500000,,FALSE,FALSE,,1,1,Momshies! Your Soul is Mine
FALSE,none,1300000,,FALSE,FALSE,,1,1,Mona Lisa Smile
TRUE,Latin,200000,,FALSE,FALSE,,1,1,Monaco Franze
TRUE,none,24500000,1800000,TRUE,TRUE,2019-09-13,4,2,Monarca
FALSE,none,2200000,,FALSE,FALSE,,1,1,Monday (2020)
FALSE,Latin,100000,,FALSE,FALSE,,1,1,Mondays in the Sun
FALSE,Latin,200000,100000,TRUE,TRUE,2021-09-03,2,1,Money Heist: From Tokyo to Berlin: Volume 1
FALSE,Latin,400000,200000,TRUE,TRUE,2021-12-03,2,1,Money Heist: From Tokyo to Berlin: Volume 2
TRUE,Korean,36900000,1000000,TRUE,TRUE,2022-06-24,2,1,Money Heist: Korea - Joint Economic Area
FALSE,Latin,400000,200000,TRUE,TRUE,2020-04-03,2,1,Money Heist: The Phenomenon
TRUE,Latin,447700000,28300000,TRUE,TRUE,2017-07-01,10,5,Money Heist
FALSE,none,100000,,FALSE,FALSE,,1,1,Money Monster
FALSE,Chinese_or_Kanji,100000,,FALSE,FALSE,,1,1,Money No Enough 2
FALSE,none,22400000,,TRUE,TRUE,2023-03-15,1,1,Money Shot: The Pornhub Story
FALSE,none,200000,,FALSE,FALSE,,1,1,Money Talks (1997)
FALSE,Latin,700000,,TRUE,TRUE,2019-02-15,1,1,Money Trap
TRUE,none,3300000,700000,TRUE,TRUE,2021-05-11,2,1,"Money, Explained"
FALSE,none,11700000,,FALSE,FALSE,,1,1,Moneyball (2011)
FALSE,Korean,200000,,FALSE,FALSE,,1,1,Money
FALSE,none,500000,,FALSE,FALSE,,1,1,Mongol
FALSE,Latin,3400000,,FALSE,FALSE,,1,1,Monica Toy: Collection
FALSE,Devanagari,2600000,,TRUE,TRUE,2022-11-11,1,1,"Monica, O My Darling"
TRUE,Latin,29600000,1900000,TRUE,TRUE,2023-03-02,2,1,Monique Olivier: Accessory to Evil
FALSE,Latin,100000,,FALSE,FALSE,,1,1,Monkey Business from A to Z
TRUE,none,100000,,FALSE,FALSE,,1,1,Monkey
FALSE,Japanese,400000,,FALSE,FALSE,,1,1,Monogatari Series 2nd Season: Monogatari Series: Second Season
TRUE,Japanese,1200000,100000,FALSE,FALSE,,2,1,Mononoke
FALSE,none,200000,,FALSE,FALSE,,1,1,Monos
FALSE,none,100000,,FALSE,FALSE,,1,1,Monsieur N.
FALSE,none,100000,,FALSE,FALSE,,1,1,Monster (2003)
TRUE,none,23000000,300000,FALSE,FALSE,,2,1,Monster (2004)
FALSE,none,1000000,,FALSE,FALSE,,1,1,Monster Family
FALSE,none,900000,,FALSE,FALSE,,1,1,"Monster High: Boo York, Boo York"
FALSE,none,500000,,FALSE,FALSE,,1,1,Monster High: Electrified
FALSE,none,1100000,,FALSE,FALSE,,1,1,Monster High: Freaky Fusion
FALSE,none,1400000,,FALSE,FALSE,,1,1,Monster High: Haunted
FALSE,none,18700000,,FALSE,FALSE,,1,1,Monster House (2006)
FALSE,none,1300000,,TRUE,TRUE,2021-08-12,1,1,Monster Hunter: Legends of the Guild
FALSE,none,8700000,,FALSE,FALSE,,1,1,Monster Hunter
FALSE,Chinese_or_Kanji,300000,,FALSE,FALSE,,1,1,Monster Run
FALSE,none,2400000,,FALSE,FALSE,,1,1,Monster Trucks
FALSE,none,1100000,,FALSE,FALSE,,1,1,Monster-in-Law
TRUE,none,11400000,1200000,TRUE,TRUE,2021-09-22,2,1,Monsters Inside: The 24 Faces of Billy Milligan
FALSE,none,200000,,FALSE,FALSE,,1,1,Monsters of Florence
TRUE,Japanese,200000,,FALSE,FALSE,,1,1,Monsters Share House
FALSE,none,12000000,,FALSE,FALSE,,1,1,Monsters vs. Aliens (2009)
FALSE,none,2800000,,TRUE,TRUE,2021-05-07,1,1,Monster
TRUE,Korean,2800000,,FALSE,FALSE,,1,1,Monster
FALSE,Korean,100000,,FALSE,FALSE,,1,1,Monstrum
FALSE,Latin,100000,,FALSE,FALSE,,1,1,Montalbano: A Delicate Matter
FALSE,Latin,100000,,FALSE,FALSE,,1,1,Montalbano: A Nest of Vipers
FALSE,Latin,100000,,FALSE,FALSE,,1,1,Montalbano: Amore
FALSE,Latin,100000,,FALSE,FALSE,,1,1,Montalbano: Angelica's Smile
FALSE,Latin,100000,,FALSE,FALSE,,1,1,Montalbano: As Per Procedure
FALSE,Latin,100000,,FALSE,FALSE,,1,1,Montalbano: Carousel
FALSE,Latin,100000,,FALSE,FALSE,,1,1,Montalbano: Excursion to Tindari
FALSE,Latin,100000,,FALSE,FALSE,,1,1,Montalbano: The Other End of the Thread
FALSE,none,300000,,FALSE,FALSE,,1,1,Montana Story
FALSE,none,1600000,,FALSE,FALSE,,1,1,Montford: The Chickasaw Rancher
TRUE,Japanese,500000,100000,FALSE,FALSE,,2,1,Monthly Girls' Nozaki Kun
TRUE,Korean,800000,,FALSE,FALSE,,1,1,Monthly Magazine Home
FALSE,none,2400000,,TRUE,TRUE,,1,1,Monty Python and the Holy Grail
TRUE,none,400000,100000,FALSE,FALSE,,2,1,Monty Python Best Bits (mostly)
FALSE,none,1100000,100000,FALSE,FALSE,,2,1,Monty Python's Almost the Truth: The Lawyer's Cut
TRUE,none,1700000,100000,TRUE,TRUE,,5,4,Monty Python's Flying Circus
FALSE,none,1800000,,TRUE,TRUE,,1,1,Monty Python's Life of Brian
TRUE,none,200000,,FALSE,FALSE,,1,1,Monty Python's Personal Best
FALSE,none,100000,,FALSE,FALSE,,1,1,Monty Python: The Meaning of Live
TRUE,Latin,3200000,200000,FALSE,FALSE,2019-10-25,2,1,Monzón: A Knockout Blow
FALSE,Thai,4900000,,TRUE,TRUE,,1,1,Moo 2
FALSE,Korean,100000,,FALSE,FALSE,,1,1,Mood of the Day
FALSE,none,400000,,FALSE,FALSE,,1,1,Moonage Daydream
FALSE,none,100000,,FALSE,FALSE,,1,1,Moonbound
FALSE,none,1400000,,FALSE,FALSE,,1,1,Moonfall
FALSE,none,100000,,FALSE,FALSE,,1,1,Moonlight (2016)
FALSE,none,100000,,FALSE,FALSE,,1,1,Moonrise Kingdom
TRUE,none,100000,,FALSE,FALSE,,1,1,Moonshine (2021)
FALSE,none,11100000,,FALSE,FALSE,,1,1,Morbius
TRUE,none,4000000,,FALSE,FALSE,,3,3,Mord mit Aussicht
TRUE,none,500000,,FALSE,FALSE,,2,2,Morden im Norden
FALSE,Chinese_or_Kanji,1800000,100000,FALSE,FALSE,,2,1,"More Than a Married Couple, But Not Lovers."
FALSE,none,300000,,FALSE,FALSE,,1,1,More Than Blue (2021)
TRUE,Chinese_or_Kanji,1900000,100000,TRUE,TRUE,2021-10-22,2,1,More than Blue: The Series
FALSE,Korean,2700000,,FALSE,FALSE,,1,1,More than Friends
TRUE,Korean,2700000,100000,FALSE,FALSE,,1,1,More than Friends
FALSE,Latin,3700000,,FALSE,FALSE,2021-11-30,1,1,More the Merrier
FALSE,Japanese,1100000,,FALSE,FALSE,,1,1,Moriarty the Patriot
FALSE,Japanese,200000,,FALSE,FALSE,,1,1,Moribito: Guardian of the Spirit: Final
FALSE,Japanese,200000,,FALSE,FALSE,,1,1,Moribito: Guardian of the Spirit: Guardian of the Spirit
FALSE,Japanese,300000,,FALSE,FALSE,,1,1,Moribito: Guardian of the Spirit: The Anguish of the Destroyers
FALSE,none,200000,,FALSE,FALSE,,1,1,Morning Glory (2010)
TRUE,Latin,600000,,FALSE,FALSE,,1,1,Morocco: Love in Times of War
FALSE,Latin,100000,,FALSE,FALSE,,1,1,Moromete Family 2
FALSE,none,800000,,TRUE,TRUE,,1,1,Morphle Halloween Candy Magic Pet
TRUE,none,20400000,7700000,TRUE,TRUE,,1,1,Morphle
FALSE,Latin,100000,,FALSE,FALSE,,1,1,Morran och Tobias - Som en skänk från ovan
FALSE,Latin,800000,,FALSE,FALSE,,1,1,Mortadelo and Filemon: Mission Implausible
FALSE,none,100000,,FALSE,FALSE,,1,1,Mortal Engines
FALSE,none,4300000,,FALSE,FALSE,,1,1,Mortal Kombat (2021)
FALSE,none,100000,,FALSE,FALSE,,1,1,Mortal Kombat: Annihilation
FALSE,Latin,400000,,FALSE,FALSE,,1,1,Mortal World
TRUE,none,4600000,400000,TRUE,TRUE,2019-11-21,4,2,Mortel
TRUE,none,100000,,FALSE,FALSE,,1,1,Morten
FALSE,none,200000,,FALSE,FALSE,,1,1,Moschettieri del re
FALSE,Korean,300000,,FALSE,FALSE,,1,1,Moss
FALSE,none,800000,,FALSE,FALSE,,1,1,Most Eligible Bachelor
FALSE,Arabic,6800000,,FALSE,FALSE,2020-11-26,1,1,Mosul
TRUE,none,2500000,400000,TRUE,TRUE,2021-08-25,2,1,Motel Makeover
FALSE,Latin,400000,,FALSE,FALSE,,1,1,Mother Cutie
FALSE,Thai,100000,,FALSE,FALSE,,1,1,Mother Gamer
TRUE,none,5500000,900000,FALSE,FALSE,,4,2,Mother Goose Club
TRUE,Latin,2300000,200000,FALSE,FALSE,,2,1,Mother Is Wrong
FALSE,Latin,1200000,,FALSE,FALSE,,1,1,Mother Nanny
FALSE,Chinese_or_Kanji,100000,,FALSE,FALSE,,1,1,Mother To Be
FALSE,none,900000,,FALSE,FALSE,,1,1,Mother's Day (2016)
FALSE,Latin,38300000,,TRUE,TRUE,2023-05-24,1,1,Mother's Day
FALSE,none,4400000,,FALSE,FALSE,2022-01-07,1,1,Mother/Android
FALSE,Chinese_or_Kanji,1500000,,FALSE,FALSE,,1,1,Motherhood
FALSE,none,500000,,FALSE,FALSE,,1,1,Mothering Sunday
TRUE,none,12000000,1800000,FALSE,FALSE,,6,3,Motherland
FALSE,none,800000,,FALSE,FALSE,,1,1,Motherless Brooklyn
FALSE,Latin,200000,,FALSE,FALSE,,1,1,Mothers
FALSE,Japanese,600000,,TRUE,TRUE,2020-11-03,1,1,MOTHER
FALSE,Korean,400000,,FALSE,FALSE,,1,1,Mother
TRUE,Thai,1200000,,FALSE,FALSE,,1,1,Mother
FALSE,Devanagari,1600000,,FALSE,FALSE,,1,1,Motichoor Chaknachoor
TRUE,none,2400000,,FALSE,FALSE,,2,2,Motivos personales
TRUE,none,5700000,400000,TRUE,TRUE,2018-11-20,4,2,Motown Magic
FALSE,none,200000,,FALSE,FALSE,,1,1,Motu Patlu Dino Invasion
FALSE,none,100000,,FALSE,FALSE,,1,1,Motu Patlu in Dragon's World
FALSE,Latin,200000,,FALSE,FALSE,,1,1,Motu Patlu in Hong Kong: Kung Fu Kings 3
FALSE,none,100000,,FALSE,FALSE,,1,1,Motu Patlu in the City of Gold
FALSE,none,100000,,FALSE,FALSE,,1,1,Motu Patlu in the Game of Zones
FALSE,none,100000,,FALSE,FALSE,,1,1,Motu Patlu in Wonderland
FALSE,none,100000,,FALSE,FALSE,,1,1,Motu Patlu VS Robo Kids
FALSE,none,100000,,FALSE,FALSE,,1,1,Motu Patlu: Deep Sea Adventure
FALSE,none,100000,,FALSE,FALSE,,1,1,Motu Patlu: Khazaane Ki Race
FALSE,none,300000,,FALSE,FALSE,,1,1,Motu Patlu: Kung Fu Kings
FALSE,none,100000,,FALSE,FALSE,,1,1,Motu Patlu: Mission Moon
FALSE,Arabic,1800000,,FALSE,FALSE,,1,1,Mousa
TRUE,Korean,33500000,1700000,TRUE,TRUE,2021-05-14,2,1,Move to Heaven
TRUE,none,200000,,TRUE,TRUE,2020-10-23,1,1,Move
FALSE,none,800000,,FALSE,FALSE,,1,1,Movie 43
FALSE,Korean,100000,,FALSE,FALSE,,1,1,Movie Room: 2019-2020
FALSE,Korean,200000,,FALSE,FALSE,,1,1,Movie Room: 2021
TRUE,none,8100000,600000,TRUE,TRUE,,6,3,Moving Art
FALSE,Korean,100000,,FALSE,FALSE,,1,1,Moving On
FALSE,none,15600000,,FALSE,FALSE,2018-12-07,1,1,Mowgli: Legend of the Jungle
FALSE,none,5200000,,TRUE,TRUE,2021-03-03,1,1,Moxie
TRUE,none,10500000,600000,TRUE,TRUE,2022-08-24,2,1,Mo
TRUE,none,2800000,200000,FALSE,FALSE,,2,1,Mr Bean Live Action
FALSE,none,6600000,,FALSE,FALSE,,1,1,Mr Bean's Holiday
FALSE,none,100000,,FALSE,FALSE,,1,1,Mr. & Mrs. Cruz
FALSE,none,1300000,,FALSE,FALSE,,1,1,Mr. & Mrs. Smith (2005)
TRUE,none,26100000,1700000,FALSE,FALSE,,6,3,Mr. Bean: The Animated Series
FALSE,Korean,100000,,FALSE,FALSE,,1,1,Mr. Boss
FALSE,none,1500000,,FALSE,FALSE,,1,1,Mr. Brooks
FALSE,none,100000,,FALSE,FALSE,,1,1,Mr. Chandramouli
FALSE,none,200000,,FALSE,FALSE,,1,1,Mr. Church
FALSE,none,3100000,,FALSE,FALSE,,1,1,Mr. Deeds
TRUE,Latin,900000,100000,TRUE,TRUE,2022-06-03,2,1,Mr. Good: Cop or Crook?
FALSE,Latin,200000,,FALSE,FALSE,,1,1,Mr. Happiness
FALSE,none,12200000,,TRUE,TRUE,2022-10-05,1,1,Mr. Harrigan's Phone
TRUE,Japanese,400000,,FALSE,FALSE,,1,1,Mr. Hiiragi’s Homeroom
FALSE,Japanese,100000,,FALSE,FALSE,,1,1,"Mr. Hikita, I Am Knocked Up"
FALSE,none,1000000,,FALSE,FALSE,,1,1,Mr. Holmes
TRUE,none,24600000,2800000,TRUE,TRUE,2019-06-21,6,3,Mr. Iglesias
FALSE,none,200000,,FALSE,FALSE,,1,1,Mr. Jones (2019)
FALSE,none,700000,,FALSE,FALSE,,1,1,Mr. Malcolm's List
TRUE,none,3200000,,FALSE,FALSE,,3,3,Mr. Mercedes
TRUE,none,4500000,200000,TRUE,TRUE,,2,1,Mr. Midnight: Beware The Monsters
TRUE,Japanese,1400000,,FALSE,FALSE,,3,3,Mr. Osomatsu
FALSE,none,8900000,,FALSE,FALSE,,1,1,Mr. Peabody & Sherman
FALSE,Korean,151500000,,FALSE,FALSE,,1,1,Mr. Queen
TRUE,Korean,50500000,2100000,FALSE,FALSE,,1,1,Mr. Queen
FALSE,none,1000000,,FALSE,FALSE,,1,1,Mr. Right (2015)
FALSE,none,100000,,TRUE,TRUE,,1,1,Mr. Roosevelt
FALSE,Korean,100000,,FALSE,FALSE,,1,1,Mr. Socrates
TRUE,Korean,59800000,800000,TRUE,TRUE,2018-07-07,2,1,Mr. Sunshine
FALSE,Korean,200000,,FALSE,FALSE,,1,1,Mr. Zoo: The Missing VIP
FALSE,none,900000,,FALSE,FALSE,,1,1,Mrs. Brown's Boys D' Movie
FALSE,Devanagari,29600000,,FALSE,FALSE,,1,1,Mrs. Chatterjee vs Norway
FALSE,none,2600000,,FALSE,FALSE,,1,1,Mrs. Harris Goes to Paris
FALSE,Devanagari,2300000,,TRUE,TRUE,2020-05-01,1,1,Mrs. Serial Killer
TRUE,none,1200000,200000,FALSE,FALSE,,2,1,Mrs. Wilson
FALSE,none,700000,200000,TRUE,TRUE,2022-02-08,2,1,Ms. Pat: Y'all Wanna Hear Something Crazy?
TRUE,none,6400000,300000,FALSE,FALSE,,2,1,MTV Floribama Shore
TRUE,none,200000,,FALSE,FALSE,,2,2,MTV Shuga: Down South
TRUE,none,500000,,FALSE,FALSE,,4,4,MTV Shuga: Naija
FALSE,none,100000,,FALSE,FALSE,,1,1,Muallim
FALSE,Thai,100000,,FALSE,FALSE,,1,1,Muay Thai Chaiya
FALSE,Devanagari,1200000,,FALSE,FALSE,,1,1,Mubarakan
FALSE,none,400000,,TRUE,TRUE,2020-07-08,1,1,Mucho Mucho Amor: The Legend of Walter Mercado
FALSE,none,3500000,,FALSE,FALSE,2017-11-17,1,1,Mudbound
FALSE,none,100000,,FALSE,FALSE,,1,1,Mughizh
FALSE,none,100000,,FALSE,FALSE,,1,1,Muita Calma Nessa Hora 2
FALSE,none,300000,,FALSE,FALSE,,1,1,Mujeres arriba
TRUE,none,13000000,700000,TRUE,TRUE,2023-05-12,2,1,Mulligan
FALSE,Devanagari,100000,,FALSE,FALSE,,1,1,Mumbai Delhi Mumbai
FALSE,none,5700000,,TRUE,TRUE,2023-01-06,1,1,Mumbai Mafia: Police vs The Underworld
FALSE,Japanese,200000,,FALSE,FALSE,,1,1,Mumon: The Land of Stealth
FALSE,none,500000,,FALSE,FALSE,2019-05-01,1,1,Munafik 2
FALSE,none,100000,,FALSE,FALSE,,1,1,Munafik
FALSE,none,4300000,,TRUE,TRUE,2022-01-21,1,1,Munich – The Edge of War
FALSE,none,200000,,FALSE,FALSE,,1,1,Munich
FALSE,Devanagari,400000,,FALSE,FALSE,,1,1,Munna Bhai MBBS
FALSE,Latin,900000,,FALSE,FALSE,,1,1,Muoi: The Curse Returns
FALSE,Devanagari,100000,,FALSE,FALSE,,1,1,Muqaddar ka Faisla
TRUE,none,155400000,25600000,TRUE,TRUE,2023-02-22,3,2,Murdaugh Murders: A Southern Scandal
TRUE,none,3100000,500000,TRUE,TRUE,2021-03-03,2,1,Murder Among the Mormons
FALSE,Latin,1300000,,TRUE,TRUE,2021-06-23,1,1,Murder by the Coast
TRUE,none,2600000,700000,FALSE,FALSE,,1,1,Murder in the Badlands
TRUE,none,7000000,600000,TRUE,TRUE,2018-12-28,2,1,Murder Mountain
FALSE,none,173600000,,TRUE,TRUE,2023-03-31,1,1,Murder Mystery 2
FALSE,none,87900000,,TRUE,TRUE,2019-06-14,1,1,Murder Mystery
FALSE,none,1500000,,FALSE,FALSE,,1,1,Murder on the Home Front
FALSE,none,2000000,,TRUE,TRUE,2020-04-29,1,1,Murder to Mercy: The Cyntoia Brown Story
TRUE,Latin,5000000,1200000,FALSE,FALSE,,1,1,Murderesses
FALSE,Japanese,100000,,FALSE,FALSE,,1,1,Murders at the House of Death
TRUE,none,2900000,400000,TRUE,TRUE,2022-02-03,2,1,Murderville
TRUE,none,2800000,,FALSE,FALSE,,15,15,Murdoch Mysteries
FALSE,none,100000,,FALSE,FALSE,,1,1,Muriel's Wedding
FALSE,none,200000,,FALSE,FALSE,,1,1,Murphy's War
TRUE,none,25600000,5400000,TRUE,TRUE,2023-06-28,2,1,Muscles & Mayhem: An Unauthorized Story of American Gladiators
FALSE,none,100000,,FALSE,FALSE,,1,1,Museums of Rome
FALSE,Japanese,200000,,FALSE,FALSE,,1,1,Museum
TRUE,none,1700000,200000,FALSE,FALSE,,1,1,Mush-Mush and the Mushables
TRUE,Japanese,26800000,3300000,FALSE,FALSE,,3,2,Mushoku Tensei: Jobless Reincarnation
FALSE,none,100000,,FALSE,FALSE,,1,1,Music and Lyrics
FALSE,Devanagari,100000,,TRUE,TRUE,2019-04-19,1,1,Music Teacher
FALSE,none,500000,,FALSE,FALSE,,1,1,Must Be... Love
TRUE,none,8700000,700000,FALSE,FALSE,,2,1,Muster Dogs
FALSE,Korean,100000,,FALSE,FALSE,,1,1,Musudan
TRUE,Japanese,500000,100000,FALSE,FALSE,,2,1,MusyoBoke
TRUE,Latin,139800000,5100000,TRUE,TRUE,2023-05-19,2,1,Muted
FALSE,none,3100000,,TRUE,TRUE,2018-02-23,1,1,Mute
FALSE,none,200000,,FALSE,FALSE,,1,1,Muthu
FALSE,Latin,700000,,FALSE,FALSE,2020-05-20,1,1,Mutiny of the Worker Bees
FALSE,Korean,100000,,FALSE,FALSE,,1,1,My 11th Mother
FALSE,none,200000,,FALSE,FALSE,,1,1,My 2 Mommies
TRUE,Korean,3600000,100000,FALSE,FALSE,,2,1,My Absolute Boyfriend
FALSE,none,200000,,TRUE,TRUE,2021-07-15,1,1,My Amanda
FALSE,Chinese_or_Kanji,100000,,FALSE,FALSE,,1,1,My Amazing Boyfriend 2: Unforgettable Impression
FALSE,Chinese_or_Kanji,100000,,FALSE,FALSE,,1,1,My Amazing Boyfriend
FALSE,none,300000,,FALSE,FALSE,,1,1,My Amnesia Girl
FALSE,Korean,300000,,FALSE,FALSE,,1,1,My Annoying Brother
FALSE,none,100000,,FALSE,FALSE,,1,1,My Awkward Sexual Adventure
FALSE,none,100000,,TRUE,TRUE,2016-03-18,1,1,My Beautiful Broken Brain
TRUE,Japanese,1400000,500000,FALSE,FALSE,,3,2,My Beautiful Man
FALSE,Latin,4600000,,TRUE,TRUE,2022-02-01,1,1,My Best Friend Anne Frank
FALSE,Chinese_or_Kanji,200000,,FALSE,FALSE,,1,1,My Best Friend's Breakfast
FALSE,none,500000,,FALSE,FALSE,,1,1,My Best Friend's Girl (2008)
FALSE,none,100000,,FALSE,FALSE,,1,1,My Best Friend's Girlfriend
FALSE,none,5000000,,FALSE,FALSE,,1,1,My Best Friend's Wedding (1997)
FALSE,Latin,1200000,,FALSE,FALSE,,1,1,My Best Friend's Wedding
FALSE,Chinese_or_Kanji,100000,,FALSE,FALSE,,1,1,My Best Summer
FALSE,none,200000,,FALSE,FALSE,,1,1,My Big Fat Greek Wedding 2
FALSE,none,800000,,FALSE,FALSE,,1,1,My Big Fat Greek Wedding
FALSE,Latin,100000,,FALSE,FALSE,,1,1,My Big Night
FALSE,none,100000,,FALSE,FALSE,,1,1,My Birthday Song
FALSE,Japanese,100000,,FALSE,FALSE,,1,1,My Blood & Bones in a flowing Galaxy
FALSE,Thai,100000,,FALSE,FALSE,,1,1,My Boss is a Serial Killer
FALSE,Korean,200000,,FALSE,FALSE,,1,1,"My Boss, My Teacher"
FALSE,Japanese,1300000,,FALSE,FALSE,,1,1,My Boyfriend In Orange
FALSE,Latin,100000,,FALSE,FALSE,,1,1,My Boyfriend Is A Ghost
FALSE,Arabic,200000,,FALSE,FALSE,,1,1,My Bride
FALSE,Latin,1000000,,TRUE,TRUE,2021-10-08,1,1,"My Brother, My Sister"
TRUE,Korean,17300000,400000,TRUE,TRUE,2019-10-04,2,1,My Country: The New Age
TRUE,none,112900000,12000000,TRUE,TRUE,2023-02-09,3,2,My Dad the Bounty Hunter
FALSE,none,200000,,FALSE,FALSE,,1,1,My Dad's on Death Row
FALSE,Japanese,300000,,FALSE,FALSE,,1,1,My Daddy
TRUE,Japanese,13200000,2400000,TRUE,TRUE,2023-11-23,1,1,My Daemon
TRUE,Japanese,1700000,100000,FALSE,FALSE,,2,1,My Dangerous Wife
FALSE,Latin,2200000,,TRUE,TRUE,2022-07-12,1,1,My Daughter’s Killer
TRUE,none,200000,,FALSE,FALSE,,1,1,My Dead Ex
FALSE,Korean,200000,,FALSE,FALSE,,1,1,My Dear Enemy
TRUE,Japanese,2100000,100000,FALSE,FALSE,,2,1,My Dear Exes
TRUE,Thai,200000,,TRUE,TRUE,,1,1,My Dear Warrior
TRUE,Korean,151800000,14900000,TRUE,TRUE,2023-11-24,1,1,My Demon
FALSE,Chinese_or_Kanji,100000,,FALSE,FALSE,,1,1,My Dog Dou Dou
TRUE,Japanese,2400000,300000,FALSE,FALSE,,2,1,My Dress-Up Darling
TRUE,Latin,3800000,500000,TRUE,TRUE,2022-10-28,2,1,My Encounter with Evil
FALSE,none,400000,,TRUE,TRUE,,1,1,My Ex and Whys
FALSE,none,200000,,FALSE,FALSE,,1,1,My Fairy Tail Love Story
TRUE,Japanese,100000,,FALSE,FALSE,,1,1,My Family Goes Viral
FALSE,Latin,300000,,TRUE,TRUE,,1,1,My Father is a Playboy
FALSE,Latin,300000,,FALSE,FALSE,,1,1,My Father Is an Airplane
TRUE,Korean,300000,,FALSE,FALSE,,1,1,My Father is Strange
FALSE,none,2500000,,TRUE,TRUE,2022-11-11,1,1,My Father's Dragon
FALSE,Latin,1400000,,TRUE,TRUE,2022-01-21,1,1,My Father's Violin
FALSE,Latin,200000,,FALSE,FALSE,,1,1,My Father
FALSE,none,200000,,FALSE,FALSE,,1,1,My Favorite Wedding
FALSE,Korean,100000,,FALSE,FALSE,,1,1,My First Client
TRUE,Korean,30300000,2000000,TRUE,TRUE,2019-04-18,4,2,My First First Love
FALSE,Chinese_or_Kanji,200000,,FALSE,FALSE,,1,1,My Friend 'A'
FALSE,Korean,600000,100000,FALSE,FALSE,,2,1,My Friend KORIRI
FALSE,Latin,100000,,FALSE,FALSE,,1,1,My Fuhrer
FALSE,Latin,200000,,FALSE,FALSE,,1,1,My Giraffe
FALSE,none,7600000,,FALSE,FALSE,,1,1,My Girl (1991)
FALSE,none,200000,,FALSE,FALSE,,1,1,My Girl 2
FALSE,Korean,1000000,,FALSE,FALSE,,1,1,My Girlfriend Is a Gumiho
TRUE,Korean,2700000,200000,FALSE,FALSE,,1,1,My Girlfriend Is a Gumiho
FALSE,Korean,300000,,FALSE,FALSE,,1,1,My Girlfriend is an Agent
FALSE,Chinese_or_Kanji,200000,,FALSE,FALSE,,1,1,My Girlfriend Is an Alien
FALSE,Thai,300000,,FALSE,FALSE,,1,1,My Girl
FALSE,Thai,100000,,FALSE,FALSE,,1,1,My God!! Father
FALSE,Korean,200000,,FALSE,FALSE,,1,1,My Golden Kids: 2021
FALSE,Korean,1300000,,FALSE,FALSE,,1,1,My Golden Kids: 2022
FALSE,Korean,12800000,100000,FALSE,FALSE,,2,1,My Golden Kids: 2023
FALSE,Korean,8200000,,FALSE,FALSE,,1,1,My Golden Life
TRUE,Korean,33500000,600000,FALSE,FALSE,,1,1,My Golden Life
TRUE,none,200000,100000,FALSE,FALSE,,1,1,My Grandparents' War
TRUE,Japanese,64200000,13200000,TRUE,TRUE,2023-07-05,1,1,My Happy Marriage
FALSE,Japanese,1800000,,FALSE,FALSE,,1,1,My Hero Academia: Heroes Rising
FALSE,Japanese,1100000,,FALSE,FALSE,,1,1,My Hero Academia: Two Heroes
FALSE,Japanese,500000,,FALSE,FALSE,,1,1,My Hero Academia: World Heroes' Mission
TRUE,Japanese,62700000,2300000,FALSE,FALSE,,12,6,My Hero Academia
FALSE,none,200000,,TRUE,TRUE,2021-09-16,1,1,My Heroes Were Cowboys
TRUE,Chinese_or_Kanji,700000,,FALSE,FALSE,,1,1,My Heroic Husband
TRUE,Japanese,100000,,FALSE,FALSE,,1,1,My High School Business
TRUE,Korean,28600000,1100000,TRUE,TRUE,2020-02-07,2,1,My Holo Love
TRUE,Japanese,1400000,300000,FALSE,FALSE,,1,1,My Host Club Inheritance
TRUE,Japanese,2000000,200000,TRUE,TRUE,2019-03-20,2,1,My Husband Won't Fit
TRUE,Thai,1100000,,FALSE,FALSE,,1,1,My Husband-in-Law
TRUE,Korean,42900000,1000000,TRUE,TRUE,,2,1,My ID is Gangnam Beauty
FALSE,Japanese,2700000,400000,FALSE,FALSE,,2,1,My Isekai Life: I Gained a Second Character Class and Became the Strongest Sage in the World
FALSE,Latin,500000,,FALSE,FALSE,,1,1,My King
FALSE,none,200000,,FALSE,FALSE,,1,1,My Lady Boss
TRUE,Korean,29600000,700000,TRUE,TRUE,2022-04-09,2,1,My Liberation Notes
TRUE,none,254300000,33400000,TRUE,TRUE,2023-12-07,1,1,My Life With the Walter Boys
FALSE,none,100000,,FALSE,FALSE,,1,1,My Little Eye
FALSE,Japanese,100000,,FALSE,FALSE,,1,1,My Little Monster
TRUE,Japanese,700000,100000,FALSE,FALSE,,2,1,My Little Monster
FALSE,none,3800000,,TRUE,TRUE,2022-07-18,1,1,My Little Pony: A New Generation: Sing-Along
FALSE,none,15400000,,TRUE,TRUE,2021-09-24,1,1,My Little Pony: A New Generation
TRUE,none,98100000,4700000,TRUE,FALSE,,11,6,My Little Pony: Friendship Is Magic
FALSE,none,7800000,5300000,TRUE,TRUE,2022-05-26,2,1,My Little Pony: Make Your Mark: Chapter 1
FALSE,none,19300000,3100000,TRUE,TRUE,2022-09-26,2,1,My Little Pony: Make Your Mark: Chapter 2
FALSE,none,5700000,2400000,TRUE,TRUE,2022-11-21,2,1,My Little Pony: Make Your Mark: Chapter 3
FALSE,none,18000000,3100000,TRUE,TRUE,2023-06-06,2,1,My Little Pony: Make Your Mark: Chapter 4
FALSE,none,10900000,4700000,TRUE,TRUE,2023-09-18,1,1,My Little Pony: Make Your Mark: Chapter 5
FALSE,none,7800000,4100000,TRUE,TRUE,2023-11-23,1,1,My Little Pony: Make Your Mark: Chapter 6
TRUE,none,9200000,1200000,TRUE,TRUE,,2,1,My Little Pony: Tell Your Tale
FALSE,none,2300000,,FALSE,FALSE,,1,1,My Little Pony: The Movie
TRUE,Korean,18700000,400000,FALSE,FALSE,,2,1,My Love from the Star
TRUE,Japanese,2600000,300000,FALSE,FALSE,,2,1,My Love Mix-Up!
TRUE,Japanese,6900000,500000,FALSE,FALSE,,2,1,My Love Story with Yamada-kun at Lv999
TRUE,Japanese,2100000,100000,FALSE,FALSE,,2,1,My Love Story!!
FALSE,Korean,700000,,FALSE,FALSE,,1,1,"My Love, My Bride"
TRUE,none,1800000,100000,TRUE,TRUE,2021-04-13,2,1,My Love: Six Stories of True Love
TRUE,none,39700000,1000000,FALSE,FALSE,,4,2,My Lover My Killer
TRUE,Japanese,1400000,300000,FALSE,FALSE,,1,1,My Lovey Is A Foodie
FALSE,Chinese_or_Kanji,100000,,FALSE,FALSE,,1,1,My Lucky Stars
TRUE,none,59600000,7900000,TRUE,TRUE,,6,3,My Magic Pet Morphle
FALSE,Latin,200000,,FALSE,FALSE,,1,1,My Man
FALSE,Japanese,100000,,FALSE,FALSE,,1,1,My Master Has No Tail
TRUE,Korean,28300000,500000,TRUE,TRUE,,2,1,My Mister
FALSE,Arabic,100000,,FALSE,FALSE,,1,1,My Mom is a Minister
FALSE,Latin,200000,,FALSE,FALSE,,1,1,My Mother's Wound
FALSE,Korean,100000,,FALSE,FALSE,,1,1,"My Mother, The Mermaid"
FALSE,Latin,300000,,FALSE,FALSE,,1,1,My Mother
FALSE,Latin,100000,,FALSE,FALSE,,1,1,My Mr. Wife
FALSE,none,4300000,200000,TRUE,TRUE,2023-04-04,2,1,My Name Is Mo’Nique
FALSE,Latin,32100000,,TRUE,TRUE,2022-11-30,1,1,My Name Is Vendetta
TRUE,Korean,61800000,4400000,TRUE,TRUE,2021-10-15,2,1,My Name
FALSE,Japanese,8100000,,FALSE,FALSE,,1,1,My Neighbor Totoro
FALSE,none,200000,,FALSE,FALSE,,1,1,My Neighbor's Wife
FALSE,Japanese,200000,,FALSE,FALSE,,1,1,My Neighbors the Yamadas
FALSE,Japanese,2700000,600000,FALSE,FALSE,,1,1,My New Boss Is Goofy
TRUE,none,6400000,500000,TRUE,TRUE,2018-01-12,8,4,My Next Guest Needs No Introduction With David Letterman
FALSE,none,500000,200000,TRUE,TRUE,2019-10-25,2,1,My Next Guest with David Letterman and Shah Rukh Khan
FALSE,none,400000,100000,TRUE,TRUE,2022-12-12,2,1,My Next Guest with David Letterman and Volodymyr Zelenskyy
FALSE,Japanese,200000,,FALSE,FALSE,,1,1,My Next Life As a Villainess: All Route Lead to Doom!: My Next Life As a Villainess All Routes Lead to Doom! X
FALSE,Japanese,300000,,FALSE,FALSE,,1,1,My Next Life As a Villainess: All Route Lead to Doom!: My Next Life as a Villainess: All Routes Lead to Doom!
FALSE,none,2900000,,TRUE,TRUE,2020-09-07,1,1,My Octopus Teacher
FALSE,none,700000,,FALSE,FALSE,,1,1,My Old Lady
TRUE,Korean,4200000,200000,TRUE,TRUE,2017-06-08,2,1,My Only Love Song
FALSE,Korean,100000,,FALSE,FALSE,,1,1,My Paparotti
TRUE,none,20600000,1700000,FALSE,FALSE,,2,1,My Perfect Landing
FALSE,none,100000,,FALSE,FALSE,,1,1,My Perfect Romance
FALSE,none,200000,,FALSE,FALSE,,1,1,My Perfect You
TRUE,Japanese,400000,100000,FALSE,FALSE,,1,1,My Personal Weatherman
FALSE,none,200000,,FALSE,FALSE,,1,1,My Rebound Girl
FALSE,Korean,11600000,,FALSE,FALSE,,1,1,My Roommate Is a Gumiho
TRUE,Korean,5300000,300000,FALSE,FALSE,,1,1,My Roommate Is a Gumiho
TRUE,Korean,700000,100000,TRUE,TRUE,,2,1,My Runway
FALSE,none,100000,,FALSE,FALSE,,1,1,My Salinger Year
FALSE,Korean,200000,,FALSE,FALSE,,1,1,My Sassy Girl
TRUE,Korean,9400000,300000,TRUE,FALSE,,2,1,My Sassy Girl
TRUE,Korean,8900000,,TRUE,TRUE,,1,1,My Secret Romance
TRUE,Japanese,600000,100000,FALSE,FALSE,,1,1,My Senpai is Annoying
TRUE,Korean,7700000,,TRUE,TRUE,,1,1,My Shy Boss
FALSE,none,200000,,FALSE,FALSE,,1,1,My Sister's Keeper
TRUE,Korean,4500000,200000,FALSE,FALSE,,2,1,My SL Partner
FALSE,Latin,100000,,FALSE,FALSE,,1,1,My Son
FALSE,none,1300000,,FALSE,FALSE,2020-06-30,1,1,My Spy
FALSE,Latin,400000,,FALSE,FALSE,,1,1,My Step Dad: The Hippie
FALSE,none,200000,,FALSE,FALSE,,1,1,My Stupid Boss 2
FALSE,none,200000,,FALSE,FALSE,,1,1,My Stupid Boss
FALSE,none,200000,,FALSE,FALSE,,1,1,My Suicide
TRUE,Chinese_or_Kanji,4900000,100000,FALSE,FALSE,,2,1,My Sunshine
FALSE,none,300000,,FALSE,FALSE,,1,1,My Super Ex-Girlfriend
FALSE,Latin,100000,,FALSE,FALSE,,1,1,My Superheroes
FALSE,Latin,1200000,,FALSE,FALSE,,1,1,My Sweet Fifteen
FALSE,Latin,100000,,FALSE,FALSE,,1,1,My Sweet Little Village
FALSE,Latin,200000,,FALSE,FALSE,,1,1,My Sweet Orange Tree
FALSE,Japanese,500000,,FALSE,FALSE,,1,1,My Teacher
FALSE,Thai,100000,,FALSE,FALSE,,1,1,My Tempo
FALSE,Japanese,400000,,FALSE,FALSE,,1,1,"My Tomorrow, Your Yesterday"
FALSE,Latin,400000,,FALSE,FALSE,,1,1,My Travel Buddy 2
FALSE,Latin,500000,,TRUE,TRUE,,1,1,My Travel Buddy
FALSE,Korean,100000,,FALSE,FALSE,,1,1,My Tutor Friend
FALSE,Korean,5800000,100000,FALSE,FALSE,,2,1,My Unfamiliar Family
TRUE,Japanese,1200000,300000,FALSE,FALSE,,1,1,My Unique Skill Makes Me OP Even at Level 1
TRUE,none,16600000,800000,TRUE,TRUE,2021-07-14,4,2,My Unorthodox Life
FALSE,none,600000,,FALSE,FALSE,,1,1,My Village People
TRUE,Arabic,200000,,FALSE,FALSE,,1,1,My Way
FALSE,Korean,100000,,FALSE,FALSE,,1,1,My Wife Got Married
FALSE,Korean,100000,,FALSE,FALSE,,1,1,My Wife Is a Gangster 3: HK Edition
TRUE,Chinese_or_Kanji,1000000,100000,FALSE,FALSE,,2,1,My Wiggly Friend
FALSE,Latin,700000,,TRUE,TRUE,2022-02-28,1,1,My Wonderful Life
FALSE,Latin,100000,,FALSE,FALSE,,1,1,My Wonderful Wanda
TRUE,none,14400000,5100000,TRUE,TRUE,2023-11-01,1,1,Mysteries of the Faith
TRUE,Latin,700000,100000,TRUE,TRUE,2020-08-04,2,1,Mystery Lab
FALSE,none,5800000,,FALSE,FALSE,,1,1,Mystery of the Dragon Seal: Journey to China
FALSE,none,600000,,FALSE,FALSE,2018-11-22,1,1,Mystery Science Theater 3000: The Gauntlet
FALSE,none,1200000,,FALSE,FALSE,2017-04-14,1,1,Mystery Science Theater 3000: The Return
TRUE,Korean,11000000,400000,TRUE,TRUE,2020-05-20,2,1,Mystic Pop-up Bar
FALSE,none,4000000,,FALSE,FALSE,,1,1,Mystic River
FALSE,none,100000,,FALSE,FALSE,,1,1,Mystify: Michael Hutchence
TRUE,none,1800000,200000,TRUE,TRUE,2021-07-30,2,1,Myth & Mogul: John DeLorean
TRUE,Latin,9800000,1000000,TRUE,TRUE,2019-11-28,4,2,Mythomaniac
FALSE,none,200000,,FALSE,FALSE,,1,1,Mädchen Mädchen! (2001)
FALSE,none,200000,,FALSE,FALSE,,1,1,Mängelexemplar
FALSE,none,200000,,FALSE,FALSE,,1,1,Männerhort
TRUE,none,10200000,900000,FALSE,FALSE,,9,9,Médico de familia
FALSE,none,200000,,FALSE,FALSE,,1,1,Mørke
FALSE,Latin,300000,,FALSE,FALSE,,1,1,Müslüm: Voice of Pain
FALSE,none,200000,,FALSE,FALSE,,1,1,Na Quebrada
FALSE,none,100000,,FALSE,FALSE,,1,1,Na Układy Nie Ma Rady
FALSE,none,2600000,,FALSE,FALSE,,1,1,Naai Sekar Returns
FALSE,Devanagari,1500000,,FALSE,FALSE,,1,1,Naam Shabana
TRUE,none,400000,,FALSE,FALSE,,2,2,Naam
FALSE,none,100000,,FALSE,FALSE,,1,1,Nacho Libre
FALSE,none,200000,,FALSE,FALSE,,1,1,Nadide Hayat
TRUE,none,2200000,200000,TRUE,TRUE,2021-02-12,2,1,Nadiya Bakes
TRUE,none,2700000,300000,TRUE,TRUE,2020-04-29,2,1,Nadiya’s Time to Eat
FALSE,none,300000,,FALSE,FALSE,,1,1,Nafsi
TRUE,Japanese,1700000,100000,FALSE,FALSE,,2,1,Nagi-Asu: A Lull in the Sea
FALSE,none,1000000,,TRUE,TRUE,2021-05-26,1,1,Nail Bomber: Manhunt
TRUE,Latin,800000,100000,TRUE,TRUE,2019-10-25,2,1,Nailed It! France
TRUE,Latin,200000,,TRUE,TRUE,2020-01-17,1,1,Nailed It! Germany
TRUE,none,8500000,1600000,TRUE,TRUE,2018-12-07,4,2,Nailed It! Holiday!
TRUE,Latin,3400000,400000,TRUE,TRUE,2019-02-08,6,3,Nailed It! Mexico
TRUE,Latin,600000,100000,TRUE,TRUE,2019-10-25,2,1,Nailed It! Spain
FALSE,none,4000000,600000,TRUE,TRUE,2021-03-26,2,1,Nailed It!: Double Trouble
TRUE,none,26600000,4200000,TRUE,TRUE,2018-03-09,12,6,Nailed It!
FALSE,none,100000,,FALSE,FALSE,,1,1,Nairobi Half Life
FALSE,none,400000,300000,FALSE,FALSE,,1,1,Najib Amhali - Waar Was Ik?
FALSE,none,100000,,FALSE,FALSE,,1,1,Najib Amhali: The Best Of
FALSE,Latin,300000,,FALSE,FALSE,,1,1,Naked Truth
FALSE,none,6700000,,TRUE,TRUE,2017-08-11,1,1,Naked
FALSE,Thai,300000,,FALSE,FALSE,,1,1,Nakee 2
FALSE,Thai,8000000,,FALSE,FALSE,,1,1,Nak
FALSE,none,600000,,TRUE,TRUE,2021-02-14,1,1,Namaste Wahala
FALSE,Korean,500000,,FALSE,FALSE,,1,1,Nameless Gangster: Rules of the Time
FALSE,Chinese_or_Kanji,100000,,FALSE,FALSE,,1,1,Namiya
FALSE,none,100000,,FALSE,FALSE,,1,1,Nana Tanjung 2
FALSE,none,100000,,FALSE,FALSE,,1,1,Nana Tanjung
TRUE,Japanese,5000000,100000,FALSE,FALSE,,2,1,NANA
FALSE,Thai,100000,,FALSE,FALSE,,1,1,Nang Nak
FALSE,none,4200000,,FALSE,FALSE,,1,1,Nanny McPhee and the Big Bang
FALSE,none,4700000,,FALSE,FALSE,,1,1,Nanny McPhee
TRUE,none,600000,100000,TRUE,TRUE,2021-07-16,2,1,Naomi Osaka
FALSE,none,100000,,FALSE,FALSE,,1,1,Napoleon Dynamite (2004)
FALSE,none,4300000,,TRUE,TRUE,2018-09-21,1,1,Nappily Ever After
FALSE,none,100000,,FALSE,FALSE,,1,1,Narco Sub
TRUE,Korean,38100000,1900000,TRUE,TRUE,2022-09-09,2,1,Narco-Saints
TRUE,none,128300000,5800000,TRUE,TRUE,2018-11-16,6,3,Narcos: Mexico
TRUE,none,213000000,10200000,TRUE,TRUE,2015-08-28,6,3,Narcos
TRUE,none,3800000,600000,TRUE,TRUE,2019-11-22,2,1,Narcoworld: Dope Stories
FALSE,Japanese,100000,,FALSE,FALSE,,1,1,Narratage
FALSE,Japanese,1000000,,FALSE,FALSE,,1,1,Naruto Shippuden the Movie: Blood Prison
FALSE,none,200000,,FALSE,FALSE,,1,1,Naruto Shippuden: Road to Ninja
FALSE,Japanese,400000,,FALSE,FALSE,,1,1,Naruto Shippuden: The Movie: The Lost Tower
FALSE,Japanese,500000,,FALSE,FALSE,,1,1,Naruto Shippuden: The Movie
TRUE,Japanese,203800000,10000000,FALSE,FALSE,,42,21,Naruto Shippuden
FALSE,Japanese,500000,,FALSE,FALSE,,1,1,Naruto Shippûden the Movie: Bonds
FALSE,Japanese,700000,,FALSE,FALSE,,1,1,Naruto Shippûden the Movie: The Will of Fire
FALSE,Japanese,300000,,FALSE,FALSE,,1,1,Naruto the Movie 2: Legend of the Stone of Gelel
FALSE,Japanese,300000,,FALSE,FALSE,,1,1,Naruto the Movie 3: Guardians of the Crescent Moon Kingdom
FALSE,Japanese,300000,,FALSE,FALSE,,1,1,Naruto the Movie: Ninja Clash in the Land of Snow
TRUE,Japanese,255600000,11700000,FALSE,FALSE,,18,9,Naruto
FALSE,none,63100000,,FALSE,FALSE,2023-01-23,1,1,Narvik
FALSE,none,100000,,FALSE,FALSE,,1,1,Natale da chef
FALSE,none,100000,,FALSE,FALSE,2018-03-02,1,1,Natalia Valdebenito: El especial
FALSE,none,3700000,2100000,TRUE,TRUE,2021-03-18,2,1,Nate Bargatze: The Greatest Average American
FALSE,none,4400000,2500000,TRUE,TRUE,2019-03-26,2,1,Nate Bargatze: The Tennessee Kid
TRUE,none,7400000,300000,FALSE,FALSE,,4,2,Nate Is Late
FALSE,none,100000,,FALSE,FALSE,,1,1,Nathicharami
FALSE,none,3400000,,FALSE,FALSE,,1,1,National Lampoon's Animal House
FALSE,none,12500000,,FALSE,FALSE,,1,1,National Security (2003)
TRUE,none,300000,,FALSE,FALSE,,1,1,National Treasure
FALSE,none,300000,,FALSE,FALSE,,1,1,Nativity!
TRUE,Japanese,100000,,FALSE,FALSE,,1,1,Natsume Yuujinchou: Ishi Okoshi to Ayashiki Raihousha
FALSE,Chinese_or_Kanji,1400000,200000,FALSE,FALSE,,2,1,Natsume's Book of Friends Continued
FALSE,Chinese_or_Kanji,1300000,100000,FALSE,FALSE,,2,1,Natsume's Book of Friends Five
FALSE,Chinese_or_Kanji,1200000,100000,FALSE,FALSE,,2,1,Natsume's Book of Friends Four
FALSE,Chinese_or_Kanji,1300000,100000,FALSE,FALSE,,2,1,Natsume's Book of Friends Six
FALSE,Chinese_or_Kanji,1300000,100000,FALSE,FALSE,,2,1,Natsume's Book of Friends Three
FALSE,Chinese_or_Kanji,200000,100000,FALSE,FALSE,,2,1,Natsume's Book of Friends: OVA
FALSE,Chinese_or_Kanji,1900000,200000,FALSE,FALSE,,2,1,Natsume's Book of Friends
FALSE,Japanese,1400000,,FALSE,FALSE,,1,1,Nausicaä of the Valley of the Wind
TRUE,none,700000,,TRUE,TRUE,2021-08-06,1,1,Navarasa
TRUE,Korean,12600000,600000,TRUE,TRUE,2021-03-22,2,1,Navillera
FALSE,Arabic,100000,,FALSE,FALSE,,1,1,Nawara
FALSE,none,100000,,FALSE,FALSE,,1,1,Nayattu
FALSE,Devanagari,1000000,,FALSE,FALSE,,1,1,Nazar Andaaz
FALSE,Latin,100000,,FALSE,FALSE,,1,1,Nazis in the CIA
TRUE,none,595200000,16700000,FALSE,FALSE,,30,15,NCIS
FALSE,none,300000,100000,TRUE,TRUE,2017-01-17,2,1,Neal Brennan: 3 Mics
FALSE,none,1000000,300000,TRUE,TRUE,2022-11-08,2,1,Neal Brennan: Blocks
FALSE,none,100000,,FALSE,FALSE,,1,1,Nebel im August
FALSE,Thai,400000,,FALSE,FALSE,,1,1,Necromancer 2020
TRUE,none,7500000,500000,FALSE,FALSE,,4,2,Ned's Declassified School Survival Guide
FALSE,none,300000,,FALSE,FALSE,,1,1,Nee Enge En Anbe
FALSE,none,2900000,,FALSE,FALSE,,1,1,Need for Speed
FALSE,none,100000,,FALSE,FALSE,,1,1,Needle in a Timestack
FALSE,none,200000,,FALSE,FALSE,,1,1,Neevevaro
FALSE,none,500000,,FALSE,FALSE,,1,1,Neighbors (2014)
FALSE,Thai,100000,,FALSE,FALSE,,1,1,Nemesis
FALSE,none,100000,,FALSE,FALSE,,1,1,Nenjamundu Nermaiyundu Odu Raja
TRUE,none,100000,,TRUE,TRUE,2017-09-22,1,1,Neo Yokio
FALSE,Latin,100000,,FALSE,FALSE,,1,1,Neon Bull
FALSE,Latin,200000,,FALSE,FALSE,,1,1,Neon Flesh
TRUE,Japanese,17600000,900000,TRUE,TRUE,,2,1,Neon Genesis Evangelion
FALSE,none,600000,,FALSE,FALSE,,1,1,Neon Lights
TRUE,none,9800000,2600000,TRUE,TRUE,2023-10-19,1,1,Neon
FALSE,none,100000,,FALSE,FALSE,,1,1,Neruda (2016)
FALSE,none,700000,,FALSE,FALSE,,1,1,Nerve (2016)
TRUE,none,200000,,TRUE,TRUE,2016-03-11,1,1,Netflix Presents: The Characters
FALSE,none,100000,,FALSE,FALSE,,1,1,Neue Vahr Süd
FALSE,none,100000,,FALSE,FALSE,,1,1,Neues vom Wixxer
TRUE,Latin,300000,100000,TRUE,TRUE,2021-03-05,2,1,Nevenka: Breaking the Silence
FALSE,none,6200000,,FALSE,FALSE,,1,1,Never Back Down 2: The Beatdown
FALSE,none,700000,,FALSE,FALSE,,1,1,Never Back Down: Revolt
FALSE,none,5400000,,FALSE,FALSE,,1,1,Never Back Down
FALSE,Korean,2000000,,FALSE,FALSE,,1,1,Never Give Up
TRUE,Korean,1100000,100000,FALSE,FALSE,,1,1,Never Give Up
FALSE,none,600000,,FALSE,FALSE,,1,1,Never Grow Old
TRUE,none,479200000,28700000,TRUE,TRUE,2020-04-27,8,4,Never Have I Ever
FALSE,Latin,2000000,,FALSE,FALSE,,1,1,Never Look Away
FALSE,none,100000,,FALSE,FALSE,,1,1,Never Not Love You
FALSE,Latin,200000,,FALSE,FALSE,,1,1,Never on the First Night
FALSE,none,100000,,FALSE,FALSE,,1,1,Never Play with the Dead
FALSE,none,100000,,FALSE,FALSE,,1,1,Never Rarely Sometimes Always
FALSE,none,300000,,TRUE,TRUE,2022-07-13,1,1,Never Stop Dreaming: The Life and Legacy of Shimon Peres
TRUE,Korean,68400000,3100000,TRUE,TRUE,2021-06-19,2,1,"Nevertheless,"
TRUE,Hebrew,2200000,200000,FALSE,FALSE,,4,2,Nevsu
TRUE,none,532600000,12700000,FALSE,FALSE,,9,5,New Amsterdam (2018)
TRUE,Japanese,2900000,200000,FALSE,FALSE,,2,1,New Atashin'chi
TRUE,Latin,1200000,,FALSE,FALSE,,1,1,New Beginnings
TRUE,none,125100000,,FALSE,FALSE,,7,7,New Girl
FALSE,Chinese_or_Kanji,3100000,,TRUE,TRUE,2021-04-12,1,1,New Gods: Nezha Reborn
TRUE,Latin,6600000,600000,TRUE,TRUE,2022-05-13,2,1,New Heights
FALSE,none,2800000,,FALSE,FALSE,,1,1,New in Town
FALSE,Japanese,900000,,FALSE,FALSE,,1,1,New Interpretation Records of the Three Kingdoms
FALSE,none,400000,,FALSE,FALSE,,1,1,New Kids Nitro
FALSE,none,800000,,FALSE,FALSE,,1,1,New Kids Turbo
TRUE,Chinese_or_Kanji,11500000,200000,FALSE,FALSE,,2,1,New Life Begins
FALSE,none,300000,,FALSE,FALSE,,1,1,New Money (2018)
FALSE,Chinese_or_Kanji,500000,,FALSE,FALSE,,1,1,New Police Story
TRUE,none,2100000,300000,FALSE,FALSE,,6,3,New School
FALSE,Korean,100000,,FALSE,FALSE,,1,1,New Trial
FALSE,Korean,800000,,FALSE,FALSE,,1,1,New World
TRUE,Korean,1800000,100000,TRUE,TRUE,2021-11-20,2,1,New World
FALSE,Korean,600000,,FALSE,FALSE,,1,1,New Year Blues
FALSE,none,1300000,,FALSE,FALSE,,1,1,New Year's Eve (2011)
FALSE,none,2200000,,FALSE,FALSE,,1,1,New York Minute
TRUE,Latin,87300000,300000,FALSE,FALSE,,2,1,"Newly Rich, Newly Poor"
FALSE,Latin,200000,,FALSE,FALSE,,1,1,Newly Rich
FALSE,none,800000,,TRUE,TRUE,,1,1,Newness
FALSE,none,9000000,,FALSE,FALSE,2021-02-10,1,1,News of the World
TRUE,Arabic,700000,,FALSE,FALSE,,1,1,Newton's Cradle
FALSE,none,4000000,,FALSE,FALSE,,1,1,Next (2007)
FALSE,none,9300000,,FALSE,FALSE,,1,1,Next Day Air
FALSE,none,100000,,FALSE,FALSE,,1,1,Next Door (2005)
FALSE,Korean,1700000,,FALSE,FALSE,,1,1,Next Door
FALSE,Latin,200000,,FALSE,FALSE,,1,1,Next Door
FALSE,none,800000,,FALSE,FALSE,,1,1,Next Friday
FALSE,none,8800000,,TRUE,TRUE,2018-09-07,1,1,Next Gen
TRUE,none,111200000,2000000,TRUE,TRUE,2020-01-29,4,2,Next in Fashion
TRUE,Latin,9000000,1400000,TRUE,TRUE,2022-01-25,2,1,Neymar: The Perfect Chaos
FALSE,none,400000,,FALSE,FALSE,,1,1,Neşeli Günler
FALSE,none,100000,,FALSE,FALSE,,1,1,Ngangkung
FALSE,Latin,100000,,FALSE,FALSE,,1,1,NGENEST: Sometimes Life Must Be Laughed At
FALSE,Thai,100000,,FALSE,FALSE,,1,1,Nha Harn
FALSE,none,300000,,FALSE,FALSE,,1,1,Ni de coña
TRUE,Korean,8500000,200000,FALSE,FALSE,,2,1,Nice Guy
FALSE,Chinese_or_Kanji,200000,,FALSE,FALSE,,1,1,Nice View
FALSE,Latin,400000,,FALSE,FALSE,,1,1,Nicholas on Holiday
FALSE,none,100000,,FALSE,FALSE,,1,1,Nicht alle waren Mörder
FALSE,none,1300000,400000,TRUE,TRUE,2022-09-27,2,1,Nick Kroll: Little Big Boy
TRUE,none,10600000,500000,TRUE,TRUE,2018-11-30,2,1,Nicky Jam: El Ganador
TRUE,none,116200000,7100000,FALSE,FALSE,,8,4,"Nicky, Ricky, Dicky & Dawn"
FALSE,none,100000,,TRUE,TRUE,2021-12-07,1,1,Nicole Byer: BBW (Big Beautiful Weirdo)
TRUE,none,1500000,200000,FALSE,FALSE,,2,1,NieR:Automata Ver1.1a
TRUE,none,100000,,FALSE,FALSE,,1,1,Nigella: At My Table
FALSE,none,500000,,FALSE,FALSE,,1,1,Nigerian Prince
FALSE,Latin,200000,,FALSE,FALSE,,1,1,Night Before the Exams
FALSE,none,200000,,FALSE,FALSE,,1,1,Night Drive (2022)
TRUE,Korean,4900000,700000,FALSE,FALSE,,1,1,Night Has Come
FALSE,none,500000,,FALSE,FALSE,,1,1,Night Hunter (2018)
FALSE,Korean,4200000,,TRUE,TRUE,2021-04-09,1,1,Night in Paradise
FALSE,Latin,100000,,FALSE,FALSE,,1,1,Night of Knots
FALSE,Latin,100000,,FALSE,FALSE,,1,1,Night of the Living Dorks
FALSE,Korean,200000,,FALSE,FALSE,,1,1,Night of the Undead
FALSE,none,200000,,TRUE,TRUE,2020-01-29,1,1,Night on Earth: Shot in the Dark
TRUE,none,13100000,1300000,TRUE,TRUE,2020-01-29,2,1,Night on Earth
TRUE,none,11100000,1600000,TRUE,TRUE,2021-01-13,2,1,Night Stalker: The Hunt for a Serial Killer
FALSE,none,8500000,,TRUE,TRUE,2021-10-20,1,1,Night Teeth
FALSE,none,100000,,FALSE,FALSE,,1,1,Night Wolf
FALSE,Japanese,300000,,FALSE,FALSE,,1,1,"Night, Birds Scream"
FALSE,none,4300000,,TRUE,TRUE,2021-09-15,1,1,Nightbooks
FALSE,none,600000,,FALSE,FALSE,,1,1,Nightcrawler
FALSE,Chinese_or_Kanji,200000,,FALSE,FALSE,,1,1,Nightfall
TRUE,none,6200000,400000,TRUE,TRUE,2019-02-01,2,1,Nightflyers
FALSE,Latin,200000,,FALSE,FALSE,,1,1,Nightline
FALSE,none,100000,,FALSE,FALSE,2022-03-04,1,1,Nightride
FALSE,Latin,100000,,FALSE,FALSE,,1,1,Night
TRUE,Japanese,300000,,FALSE,FALSE,,1,1,Nihon Yakuza Kososhi
TRUE,Japanese,1000000,200000,FALSE,FALSE,,1,1,Nihontouitsu Hokkaido Series
TRUE,Japanese,5900000,,FALSE,FALSE,,1,1,Nihontouitsu Series
TRUE,none,1400000,100000,FALSE,FALSE,,2,1,Nijntje & Vriendjes
FALSE,none,400000,100000,FALSE,FALSE,,2,1,Nijntje Langere Verhalen
TRUE,none,400000,100000,FALSE,FALSE,,2,1,"Nijntje: kleuren, cijfers en vormen"
TRUE,none,100000,,FALSE,FALSE,,1,1,Nijntje
FALSE,none,1200000,,FALSE,FALSE,,1,1,Nikamma
FALSE,none,500000,200000,TRUE,TRUE,2019-10-01,2,1,Nikki Glaser: Bangin’
TRUE,Japanese,400000,100000,FALSE,FALSE,,1,1,Nile Perch Girls' Association
FALSE,none,400000,,FALSE,FALSE,,1,1,Nim's Island
FALSE,none,100000,,FALSE,FALSE,,1,1,Nimbe
FALSE,none,1800000,,TRUE,TRUE,2023-06-30,1,1,Nimona
TRUE,none,2300000,,FALSE,FALSE,,5,5,Nina
FALSE,none,600000,,FALSE,FALSE,,1,1,Nine Lives (2016)
TRUE,Korean,23800000,1600000,TRUE,TRUE,2023-07-11,1,1,Nineteen to Twenty
FALSE,none,200000,,FALSE,FALSE,,1,1,"Ninguém Entra, Ninguém Sai"
FALSE,none,2300000,,FALSE,FALSE,,1,1,Ninja Assassin
FALSE,Chinese_or_Kanji,200000,,FALSE,FALSE,,1,1,Ninkyo Gakuen
FALSE,Japanese,1100000,,TRUE,TRUE,2020-01-16,1,1,NiNoKuni
TRUE,Chinese_or_Kanji,2200000,,FALSE,FALSE,,1,1,Nirvana in Fire
FALSE,Japanese,100000,,FALSE,FALSE,,1,1,Nisekoi: False Love
FALSE,Japanese,200000,,FALSE,FALSE,,1,1,Nisemonogatari
TRUE,Latin,800000,100000,FALSE,FALSE,2020-01-01,2,1,"Nisman: The Prosecutor, the President, and the Spy"
FALSE,none,1500000,,FALSE,FALSE,,1,1,Nitham Oru Vaanam
FALSE,none,200000,,TRUE,TRUE,,1,1,Niyazi Gül Dörtnala
TRUE,Japanese,500000,100000,FALSE,FALSE,,1,1,NIZI Village Clinic
FALSE,none,1000000,,FALSE,FALSE,,1,1,Niña Niño: Nina Nino Book 1
FALSE,none,800000,,FALSE,FALSE,,1,1,Niña Niño: Nina Nino Book 2
FALSE,none,1400000,,FALSE,FALSE,,1,1,Niña Niño: Nina Nino Book 3
FALSE,none,200000,,FALSE,FALSE,,1,1,Njan Prakashan
FALSE,none,1200000,,TRUE,TRUE,,1,1,Nneka The Pretty Serpent
FALSE,none,100000,,FALSE,FALSE,,1,1,No (2012)
FALSE,none,100000,,FALSE,FALSE,,1,1,No Boyfriend Since Birth
FALSE,Korean,100000,,FALSE,FALSE,,1,1,No Breathing
FALSE,none,500000,,FALSE,FALSE,,1,1,No Country for Old Men
FALSE,none,300000,,FALSE,FALSE,,1,1,No Direction Home: Bob Dylan
TRUE,Chinese_or_Kanji,6000000,600000,FALSE,FALSE,,3,2,No Doubt in Us
FALSE,none,11900000,,FALSE,FALSE,,1,1,No Escape (2015)
FALSE,none,1200000,,FALSE,FALSE,,1,1,No Escape Room
TRUE,Japanese,2800000,400000,FALSE,FALSE,,2,1,No Game No Life
FALSE,Japanese,100000,,FALSE,FALSE,,1,1,"No Game, No Life the Movie: Zero"
FALSE,none,800000,,FALSE,FALSE,,1,1,No Good Deed (2014)
TRUE,none,23800000,2100000,TRUE,TRUE,2019-04-15,4,2,No Good Nick
FALSE,Latin,8400000,,TRUE,TRUE,2022-09-09,1,1,No Limit
FALSE,Japanese,100000,,FALSE,FALSE,,1,1,No Longer Human
FALSE,Arabic,200000,,FALSE,FALSE,,1,1,No Longer kids
FALSE,none,1500000,,FALSE,FALSE,,1,1,No Man of God
FALSE,none,11600000,,FALSE,FALSE,,1,1,No Manches Frida
TRUE,Japanese,700000,100000,FALSE,FALSE,,2,1,No Matter How Much The Night Is Dark
FALSE,Korean,800000,,FALSE,FALSE,,2,1,No Mercy
FALSE,Japanese,200000,,FALSE,FALSE,,1,1,No More Cry!!!
FALSE,none,8100000,,TRUE,TRUE,2021-09-29,1,1,No One Gets Out Alive
FALSE,Devanagari,500000,,FALSE,FALSE,,1,1,No One Killed Jessica
FALSE,Latin,900000,,FALSE,FALSE,,1,1,No One Will Ever Know
FALSE,none,300000,,TRUE,TRUE,,1,1,No Other Woman
FALSE,Latin,100000,,FALSE,FALSE,,1,1,No overtime over here
TRUE,Chinese_or_Kanji,900000,,TRUE,TRUE,2022-06-18,1,1,No Regrets in Life
FALSE,none,300000,,FALSE,FALSE,,1,1,No Reservations
FALSE,Latin,600000,,FALSE,FALSE,,1,1,No Return
FALSE,none,100000,,FALSE,FALSE,,1,1,No somos nada
FALSE,none,200000,,FALSE,FALSE,,1,1,"No sos vos, soy yo"
FALSE,none,9600000,,FALSE,FALSE,,1,1,No Strings Attached (2011)
FALSE,Latin,100000,,FALSE,FALSE,,1,1,No Such Thing as Housewives
FALSE,none,200000,,FALSE,FALSE,,1,1,No Sudden Move
FALSE,Latin,100000,,FALSE,FALSE,,1,1,"No Thanks, Coffee Makes Me Nervous"
TRUE,Latin,100000,,FALSE,FALSE,2019-11-19,1,1,No Time for Shame
FALSE,Arabic,100000,,FALSE,FALSE,,1,1,"No Turning Back, No Surrendering!"
FALSE,Latin,200000,,FALSE,FALSE,,1,1,No Way 2
FALSE,Korean,100000,,FALSE,FALSE,,1,1,No. 3
FALSE,none,29500000,,FALSE,FALSE,,1,1,Noah (2014)
FALSE,Latin,100000,,FALSE,FALSE,,1,1,Noah Land
TRUE,Korean,200000,,FALSE,FALSE,,1,1,Noblesse
FALSE,none,24200000,,FALSE,FALSE,,1,1,Nobody (2021)
FALSE,Latin,900000,,FALSE,FALSE,2020-06-24,1,1,Nobody Knows I'm Here
FALSE,Japanese,600000,,FALSE,FALSE,,1,1,Nobody Knows
FALSE,Latin,3500000,,TRUE,TRUE,2021-10-27,1,1,Nobody Sleeps in the Woods Tonight 2
FALSE,Latin,7400000,,TRUE,TRUE,2020-03-20,1,1,Nobody Sleeps in the Woods Tonight
FALSE,none,400000,,TRUE,TRUE,2017-06-23,1,1,Nobody Speak: Trials of the Free Press
TRUE,Latin,2200000,300000,TRUE,TRUE,2019-11-22,2,1,Nobody's Looking
FALSE,Chinese_or_Kanji,100000,,FALSE,FALSE,,1,1,Nobunaga Concerto: The Movie
TRUE,Japanese,100000,,FALSE,FALSE,,1,1,Nobuta wo Produce
FALSE,none,3300000,,FALSE,FALSE,,1,1,Nocebo
FALSE,none,1100000,,FALSE,FALSE,,1,1,Nocturnal Animals
FALSE,Japanese,100000,,FALSE,FALSE,,1,1,Nodame Cantabile: The Movie II
FALSE,Japanese,100000,,FALSE,FALSE,,1,1,Nodame Cantabile: The Movie I
TRUE,Japanese,100000,,FALSE,FALSE,,1,1,Nodame Cantabile
FALSE,Japanese,2000000,,FALSE,FALSE,,1,1,Noise
FALSE,Latin,13600000,,FALSE,FALSE,2023-01-11,1,1,Noise
FALSE,none,27300000,,TRUE,TRUE,2023-03-17,1,1,Noise
FALSE,none,400000,,FALSE,FALSE,,1,1,Noites Alienígenas
FALSE,none,100000,,FALSE,FALSE,,1,1,Non c'è più religione
FALSE,none,400000,,FALSE,FALSE,,1,1,Non ci resta che piangere
FALSE,none,700000,,FALSE,FALSE,,1,1,Non essere cattivo
TRUE,none,2100000,400000,FALSE,FALSE,,1,1,Non Mentire
FALSE,none,200000,,FALSE,FALSE,,1,1,Non si ruba a casa dei ladri
FALSE,none,500000,,FALSE,FALSE,,1,1,Non-Stop (2014)
FALSE,Japanese,3000000,300000,FALSE,FALSE,,2,1,Nontan: Collection
FALSE,none,4000000,,FALSE,FALSE,,1,1,Nope
FALSE,none,500000,100000,FALSE,FALSE,,2,1,Nora Hamzawi
FALSE,Latin,800000,,FALSE,FALSE,,1,1,Nora's Will
FALSE,Japanese,200000,,FALSE,FALSE,,1,1,Noragami
FALSE,none,700000,,FALSE,FALSE,,1,1,Norbit
TRUE,none,800000,100000,TRUE,TRUE,2018-09-14,2,1,Norm Macdonald Has a Show
FALSE,none,600000,300000,TRUE,TRUE,2017-05-09,2,1,"Norm Macdonald: Hitler's Dog, Gossip & Trickery"
FALSE,none,200000,100000,TRUE,TRUE,2022-05-30,2,1,Norm Macdonald: Nothing Special
FALSE,none,1300000,,FALSE,FALSE,,1,1,Norm of the North
TRUE,none,11400000,1700000,TRUE,TRUE,2017-08-17,6,3,Norsemen
FALSE,none,200000,,FALSE,FALSE,,1,1,North Country
FALSE,Latin,100000,,FALSE,FALSE,,1,1,North of the Sun
FALSE,none,100000,,FALSE,FALSE,,1,1,Northern Lights: A Journey to Love
TRUE,none,24500000,1600000,TRUE,TRUE,2019-03-01,2,1,Northern Rescue
FALSE,none,100000,,TRUE,TRUE,,1,1,Not a Game
FALSE,Latin,100000,,FALSE,FALSE,,1,1,Not An Angel's Love
FALSE,none,3300000,,FALSE,FALSE,,1,1,Not Another Teen Movie
FALSE,none,300000,,FALSE,FALSE,,1,1,Not Easily Broken
FALSE,Arabic,100000,,FALSE,FALSE,,1,1,Not Important Mention
FALSE,Arabic,300000,,FALSE,FALSE,,1,1,Not Me
FALSE,Latin,300000,,FALSE,FALSE,,1,1,Not My Day
FALSE,Japanese,100000,,FALSE,FALSE,,1,1,Not Quite Dead Yet
TRUE,none,45800000,4700000,TRUE,TRUE,2023-06-19,2,1,Not Quite Narwhal
FALSE,none,100000,,FALSE,FALSE,,1,1,Not Safe for Work (2014)
FALSE,Latin,1000000,,TRUE,TRUE,2020-11-24,1,1,Notes for My Son
TRUE,Chinese_or_Kanji,1000000,,FALSE,FALSE,2020-10-13,1,1,Nothing But Thirty
TRUE,Chinese_or_Kanji,3600000,,FALSE,FALSE,,1,1,Nothing But You
FALSE,Latin,500000,,FALSE,FALSE,,1,1,Nothing in Return
FALSE,none,1000000,,FALSE,FALSE,,1,1,Nothing Lasts Forever (2022)
FALSE,Korean,2200000,,FALSE,FALSE,,1,1,Nothing Serious
FALSE,Latin,1300000,,FALSE,FALSE,2018-11-16,1,1,Nothing to Hide
FALSE,Latin,400000,,TRUE,TRUE,,1,1,Nothing to Lose 2
FALSE,Latin,700000,,FALSE,FALSE,,1,1,Nothing to Lose
TRUE,Latin,26500000,7800000,TRUE,TRUE,2023-11-17,1,1,Nothing to See Here
FALSE,Latin,200000,,FALSE,FALSE,,1,1,Notre-Dame on Fire
TRUE,Latin,4300000,200000,TRUE,TRUE,2022-10-19,2,1,Notre-Dame
FALSE,none,8100000,,FALSE,FALSE,,1,1,Notting Hill
FALSE,none,100000,,FALSE,FALSE,,1,1,Nour (2019)
FALSE,none,100000,,FALSE,FALSE,,1,1,Nove lune e mezza
TRUE,Latin,2800000,400000,TRUE,TRUE,2018-06-01,2,1,November 13: Attack on Paris
FALSE,Latin,100000,,FALSE,FALSE,,1,1,November
FALSE,none,300000,,FALSE,FALSE,,1,1,Now That I Have You
FALSE,none,6700000,,FALSE,FALSE,,1,1,Now You See Me 2
FALSE,none,10200000,,FALSE,FALSE,,1,1,Now You See Me
TRUE,Korean,8600000,100000,FALSE,FALSE,,2,1,"Now, We Are Breaking Up"
FALSE,Latin,200000,,FALSE,FALSE,,1,1,Nowhere in Africa
TRUE,Chinese_or_Kanji,400000,,TRUE,TRUE,2019-10-31,1,1,Nowhere Man
FALSE,none,300000,,FALSE,FALSE,,1,1,Nowhere to Be Found
FALSE,none,400000,,FALSE,FALSE,,1,1,Nowhere to Run (1993)
TRUE,Japanese,100000,,FALSE,FALSE,,1,1,Nozaki Shuhei President of Bank
TRUE,none,48800000,13400000,FALSE,FALSE,,12,6,Numberblocks
TRUE,none,200000,,FALSE,FALSE,,2,2,Nuri
TRUE,none,1600000,100000,FALSE,FALSE,,2,1,Nur
FALSE,none,100000,,FALSE,FALSE,,1,1,Nyara: The Kidnapping
FALSE,none,2700000,,FALSE,FALSE,,1,1,Nymphomaniac: Volume 1
FALSE,none,1900000,,FALSE,FALSE,,1,1,Nymphomaniac: Volume II
FALSE,none,100000,,FALSE,FALSE,,1,1,O Animal Cordial
FALSE,none,200000,,FALSE,FALSE,,1,1,"O Brother, where art thou?"
FALSE,none,900000,,FALSE,FALSE,,1,1,O Candidato Honesto 2
FALSE,none,1000000,,FALSE,FALSE,,1,1,O Candidato Honesto
FALSE,none,100000,,FALSE,FALSE,,1,1,O Concurso
FALSE,none,200000,,FALSE,FALSE,,1,1,O Filho Eterno
FALSE,none,700000,,FALSE,FALSE,,1,1,O Homem Perfeito
FALSE,none,400000,,FALSE,FALSE,,1,1,O Kadhal Kanmani
FALSE,none,300000,,FALSE,FALSE,,1,1,O Menino no Espelho
FALSE,none,100000,,FALSE,FALSE,,1,1,O Mundo em Duas Voltas
FALSE,none,700000,,FALSE,FALSE,,1,1,O Nome da Morte
FALSE,none,100000,,FALSE,FALSE,,1,1,O Pitta Katha
FALSE,none,100000,,FALSE,FALSE,,1,1,O Segredo de Davi
FALSE,none,1000000,,FALSE,FALSE,,1,1,O Shaolin do Sertão
FALSE,Latin,400000,,FALSE,FALSE,,1,1,O Silêncio do Céu
FALSE,none,300000,,FALSE,FALSE,,1,1,O tempo e o vento
FALSE,none,400000,,FALSE,FALSE,,1,1,O Último Virgem
FALSE,none,300000,,FALSE,FALSE,,1,1,Oasis: Supersonic
FALSE,Korean,100000,,FALSE,FALSE,,1,1,Oasis
FALSE,none,6200000,1300000,TRUE,TRUE,,2,1,Oats Studios: Volume 1
FALSE,none,1300000,,FALSE,FALSE,,1,1,Obara'M
TRUE,none,184800000,27000000,TRUE,TRUE,2023-11-30,1,1,Obliterated
FALSE,none,6900000,,FALSE,FALSE,,1,1,Oblivion (2013)
FALSE,none,100000,,FALSE,FALSE,,1,1,Observations at 65 South
FALSE,none,2900000,,FALSE,FALSE,,1,1,Obsessed (2009)
FALSE,Korean,700000,,FALSE,FALSE,,1,1,Obsessed
FALSE,Latin,400000,,FALSE,FALSE,,1,1,Obsession
TRUE,none,112400000,7000000,TRUE,TRUE,2023-04-13,2,1,Obsession
FALSE,none,1000000,,FALSE,FALSE,,1,1,Occupation: Rainfall
TRUE,Latin,2400000,200000,FALSE,FALSE,,5,3,Occupied
FALSE,Japanese,400000,,FALSE,FALSE,,1,1,Ocean Waves
FALSE,none,5300000,,FALSE,FALSE,,1,1,Ocean's 8
FALSE,none,4500000,,FALSE,FALSE,,1,1,Ocean's Eleven (2001)
FALSE,none,2700000,,FALSE,FALSE,,1,1,Ocean's Thirteen
FALSE,none,2700000,,FALSE,FALSE,,1,1,Ocean's Twelve
FALSE,none,100000,,FALSE,FALSE,,1,1,Och Karol 2
FALSE,none,100000,,FALSE,FALSE,,1,1,October 1
TRUE,none,19800000,1300000,TRUE,TRUE,2020-01-23,2,1,October Faction
FALSE,none,1300000,,FALSE,FALSE,,1,1,October Sky
FALSE,none,5100000,,TRUE,TRUE,2020-08-14,1,1,Octonauts & the Caves of Sac Actun
FALSE,none,4700000,,TRUE,TRUE,2020-10-13,1,1,Octonauts & the Great Barrier Reef
FALSE,none,7400000,,TRUE,TRUE,2021-03-30,1,1,Octonauts & the Ring of Fire
TRUE,none,62800000,5600000,TRUE,TRUE,2021-09-07,4,2,Octonauts: Above & Beyond
TRUE,none,91400000,6200000,FALSE,FALSE,,8,4,Octonauts
TRUE,none,15900000,1000000,FALSE,FALSE,,4,2,Odd Squad
TRUE,Japanese,1000000,100000,FALSE,FALSE,,2,1,Odd Taxi
TRUE,none,71700000,6800000,TRUE,TRUE,2022-10-07,4,2,Oddballs
FALSE,none,200000,,FALSE,FALSE,,1,1,Oddball
TRUE,none,31800000,2100000,FALSE,FALSE,,2,1,Oddbods
FALSE,Korean,400000,,FALSE,FALSE,,1,1,Ode to My Father
FALSE,none,600000,,FALSE,FALSE,,1,1,Odio l'estate
FALSE,none,100000,,FALSE,FALSE,,1,1,Odmazda
FALSE,none,100000,,FALSE,FALSE,,1,1,Odnajdę cię
FALSE,none,100000,,FALSE,FALSE,,1,1,Of Good Report
FALSE,Latin,200000,,FALSE,FALSE,,1,1,Off Course
TRUE,Latin,4100000,400000,TRUE,TRUE,2022-09-01,2,1,Off the Hook
FALSE,Latin,3700000,,TRUE,TRUE,2022-02-25,1,1,Off Track
FALSE,Latin,2900000,,FALSE,FALSE,2020-07-24,1,1,Offering to the Storm
FALSE,none,300000,,FALSE,FALSE,,1,1,Office Christmas Party
TRUE,Chinese_or_Kanji,800000,,TRUE,TRUE,,1,1,Office Girls
FALSE,none,1000000,,TRUE,TRUE,,1,1,Office Invasion
FALSE,Korean,100000,,FALSE,FALSE,,1,1,Office
FALSE,none,2000000,,FALSE,FALSE,,1,1,Official Secrets
FALSE,none,200000,,TRUE,TRUE,,1,1,Offline – Das Leben ist kein Bonuslevel
FALSE,none,300000,,FALSE,FALSE,,1,1,Oflu Hoca'nın Şifresi 2
TRUE,none,30700000,1300000,TRUE,TRUE,2022-07-28,2,1,Oggy and the Cockroaches: Next Generation
TRUE,none,28300000,2200000,TRUE,TRUE,2021-08-24,5,3,Oggy Oggy
FALSE,Latin,9100000,,TRUE,TRUE,2023-04-07,1,1,Oh Belinda
FALSE,none,100000,,FALSE,FALSE,,1,1,Oh Happy Day (2004)
TRUE,Korean,7700000,200000,TRUE,TRUE,,2,1,Oh My Baby
TRUE,Chinese_or_Kanji,800000,,FALSE,FALSE,,1,1,Oh My General
FALSE,Thai,100000,,FALSE,FALSE,,1,1,Oh My Ghost 2
FALSE,Thai,100000,,FALSE,FALSE,,1,1,Oh My Ghost 3
FALSE,Thai,100000,,FALSE,FALSE,,1,1,Oh My Ghost 4
FALSE,Thai,200000,,FALSE,FALSE,,1,1,Oh My Ghost
TRUE,Thai,5600000,100000,FALSE,FALSE,2018-09-24,2,1,Oh My Ghost
FALSE,Devanagari,1100000,,FALSE,FALSE,,1,1,Oh My God
TRUE,Korean,51700000,1500000,FALSE,FALSE,,2,1,Oh My Venus
FALSE,none,100000,,FALSE,FALSE,,1,1,Oh Olsun
FALSE,none,400000,,FALSE,FALSE,,1,1,Oh! Baby (2019)
FALSE,none,100000,,FALSE,FALSE,,1,1,Oh! Baby (Malayalam) (2019)
FALSE,none,200000,,FALSE,FALSE,,1,1,Oh! Baby (Tamil) (2019)
FALSE,none,300000,100000,TRUE,TRUE,2017-06-13,2,1,"Oh, Hello On Broadway"
FALSE,none,1600000,,TRUE,TRUE,2019-06-01,1,1,"Oh, Ramona!"
FALSE,none,100000,,FALSE,FALSE,,1,1,OHA Diyorum
FALSE,Latin,100000,,FALSE,FALSE,,1,1,Oil on Canvas
FALSE,Japanese,100000,,FALSE,FALSE,,1,1,OISHINBO: TV Special
TRUE,Japanese,2900000,100000,FALSE,FALSE,,4,3,OISHINBO
FALSE,Devanagari,1700000,,FALSE,FALSE,,1,1,OK Jaanu
FALSE,Korean,200000,,FALSE,FALSE,,1,1,OK! Madam
FALSE,none,1900000,,TRUE,TRUE,2017-06-28,1,1,Okja
FALSE,Japanese,200000,,FALSE,FALSE,,1,1,Okko's Inn
TRUE,none,3200000,400000,TRUE,TRUE,2020-10-01,2,1,Oktoberfest: Beer & Blood
TRUE,none,2900000,200000,FALSE,FALSE,,2,1,Okupas
FALSE,none,100000,,FALSE,FALSE,,1,1,Ola de crímenes
TRUE,Japanese,9500000,800000,TRUE,FALSE,,4,2,Old Enough!
TRUE,Japanese,400000,200000,FALSE,FALSE,,1,1,Old Fashioned Cupcake
FALSE,Latin,100000,,FALSE,FALSE,,1,1,Old Gossipton 2
FALSE,Latin,100000,,FALSE,FALSE,,1,1,Old Gossipton
FALSE,Latin,100000,,FALSE,FALSE,,1,1,Old Gossiptown 3
FALSE,none,800000,,FALSE,FALSE,,1,1,Old Henry
TRUE,Japanese,1600000,100000,FALSE,FALSE,,2,1,Old Jack & Rose
TRUE,none,400000,,FALSE,FALSE,,2,2,Old People's Home for 4 Year Olds
FALSE,none,6900000,,TRUE,TRUE,2022-10-07,1,1,Old People
FALSE,Latin,100000,,FALSE,FALSE,,1,1,Old Rascal
FALSE,none,700000,,FALSE,FALSE,,1,1,Oldboy (2013)
FALSE,Korean,300000,,FALSE,FALSE,,1,1,Oldboy
TRUE,Latin,100000,,FALSE,FALSE,,1,1,Oldsters
FALSE,none,12200000,,FALSE,FALSE,,1,1,Old
FALSE,Thai,100000,,FALSE,FALSE,,1,1,Oliver Stone Presents: Bang Rajan
TRUE,none,100000,,FALSE,FALSE,,1,1,Olli Dittrichs TV Zyklus
FALSE,none,100000,,FALSE,FALSE,,1,1,Olsenbanden Jr. På Rocker'n
FALSE,Latin,100000,,FALSE,FALSE,,1,1,Olvido & León
FALSE,none,9900000,,FALSE,FALSE,,1,1,Olympus Has Fallen
TRUE,none,4600000,1000000,TRUE,TRUE,2023-11-24,1,1,Olóládé
TRUE,none,9900000,10100000,TRUE,TRUE,,1,1,Om Nom Stories
FALSE,Devanagari,2800000,,TRUE,TRUE,,1,1,Om Shanti Om
FALSE,Arabic,100000,,FALSE,FALSE,,1,1,Omar
FALSE,none,100000,,FALSE,FALSE,,1,1,Omertà
FALSE,Thai,3600000,,FALSE,FALSE,,1,1,OMG! Oh My Girl
FALSE,Cyrillic,100000,,FALSE,FALSE,,1,1,Omnipresent
TRUE,Latin,2200000,200000,TRUE,TRUE,2020-01-29,2,1,Omniscient
FALSE,none,500000,,FALSE,FALSE,,1,1,Omo Ghetto: the Saga
TRUE,Japanese,1800000,300000,FALSE,FALSE,,1,1,On a Starry Night
FALSE,none,100000,,FALSE,FALSE,2018-02-01,1,1,On Body and Soul
TRUE,Chinese_or_Kanji,200000,,FALSE,FALSE,2018-07-07,1,1,On Children
TRUE,Chinese_or_Kanji,1100000,,FALSE,FALSE,,1,1,On Marriage
TRUE,none,86900000,8000000,TRUE,TRUE,2018-03-16,8,4,On My Block
FALSE,Latin,700000,,FALSE,FALSE,2018-09-12,1,1,On My Skin
TRUE,Japanese,200000,,FALSE,FALSE,,1,1,On Nights When I Want to End it All...
TRUE,Hebrew,1300000,300000,FALSE,FALSE,,3,3,On Our Own
FALSE,none,900000,,FALSE,FALSE,,1,1,On the Basis of Sex
FALSE,Latin,2200000,,FALSE,FALSE,,1,1,On The Fringe
FALSE,Korean,2300000,,FALSE,FALSE,,1,1,On the Line
FALSE,Korean,100000,,FALSE,FALSE,,1,1,On the Occasion Of Remembering The Turning Gate
FALSE,Latin,400000,,FALSE,FALSE,,1,1,On the Other Side of the Tracks
TRUE,none,5600000,300000,TRUE,TRUE,2021-09-07,2,1,On the Verge
TRUE,none,1800000,,FALSE,FALSE,,1,1,On The Wings of Love
FALSE,none,100000,,FALSE,FALSE,,1,1,"On Vodka, Beers, and Regrets"
FALSE,Korean,500000,,FALSE,FALSE,,1,1,On Your Wedding Day
FALSE,none,100000,,FALSE,FALSE,,1,1,Onboard the Transcontinental Race
FALSE,none,100000,,FALSE,FALSE,,1,1,ONCE (2006)
FALSE,Chinese_or_Kanji,100000,,TRUE,TRUE,,1,1,Once a Gangster
FALSE,Chinese_or_Kanji,100000,,FALSE,FALSE,,1,1,Once a Thief
FALSE,none,100000,,FALSE,FALSE,,1,1,Once Again (2019)
FALSE,Devanagari,300000,,FALSE,FALSE,,1,1,Once Again
TRUE,Korean,25600000,100000,FALSE,FALSE,,2,1,Once Again
FALSE,Latin,100000,,FALSE,FALSE,,1,1,Once and for all
FALSE,Latin,200000,,FALSE,FALSE,,1,1,Once Before
FALSE,Latin,400000,,FALSE,FALSE,,1,1,Once in a Lifetime
TRUE,Korean,21800000,1200000,TRUE,TRUE,2022-09-05,2,1,Once Upon a Small Town
FALSE,Latin,100000,,FALSE,FALSE,,1,1,Once Upon A Time - Reach for the Stars
FALSE,none,400000,,FALSE,FALSE,,1,1,Once Upon a Time in America
FALSE,Chinese_or_Kanji,200000,,FALSE,FALSE,,1,1,Once Upon a Time in China and America
FALSE,Chinese_or_Kanji,200000,,FALSE,FALSE,,1,1,Once Upon a Time in China III
FALSE,Chinese_or_Kanji,100000,,FALSE,FALSE,,1,1,Once Upon a Time in China II
FALSE,Chinese_or_Kanji,100000,,FALSE,FALSE,,1,1,Once Upon a Time in China
FALSE,Korean,100000,,FALSE,FALSE,,1,1,Once Upon a Time in High School: The Spirit of Jeet Kune Do
FALSE,none,9800000,,FALSE,FALSE,,1,1,Once Upon a Time in Hollywood
TRUE,Chinese_or_Kanji,3700000,100000,FALSE,FALSE,,2,1,Once Upon A Time In Lingjian Mountain
FALSE,none,300000,,FALSE,FALSE,,1,1,Once Upon a Time in Mexico
FALSE,none,200000,,FALSE,FALSE,,1,1,Once Upon a Time in Mumbaai
FALSE,Devanagari,100000,,FALSE,FALSE,,1,1,Once Upon a Time in Mumbai Dobaara!
FALSE,Latin,100000,,FALSE,FALSE,,1,1,Once Upon a Time in Phuket
FALSE,none,1300000,,FALSE,FALSE,,1,1,Once Upon a Time in the West
FALSE,none,200000,,FALSE,FALSE,,1,1,Once Upon a Time in Venice
TRUE,Latin,700000,100000,TRUE,TRUE,2022-03-11,2,1,Once Upon a Time... Happily Never After
TRUE,Latin,5100000,200000,FALSE,FALSE,,2,1,Once Upon a Time... Life
FALSE,Chinese_or_Kanji,100000,,FALSE,FALSE,,1,1,Once Upon a Time
TRUE,Arabic,200000,,FALSE,FALSE,,1,1,Once Upon a Time
TRUE,Latin,2800000,600000,FALSE,FALSE,,8,4,Once Upon A Time
FALSE,none,400000,,FALSE,FALSE,,1,1,Once Were Warriors
FALSE,none,200000,,FALSE,FALSE,,1,1,One (2020)
FALSE,Devanagari,600000,,FALSE,FALSE,,1,1,One 2 Ka 4
TRUE,none,2300000,200000,FALSE,FALSE,,4,2,One Born Every Minute (2010)
FALSE,Japanese,100000,,FALSE,FALSE,,1,1,One Cut of the Dead
FALSE,none,2300000,,FALSE,FALSE,,1,1,One Day (2011)
TRUE,none,38300000,2700000,TRUE,TRUE,2017-01-06,6,3,One Day at a Time
FALSE,Latin,100000,,FALSE,FALSE,,1,1,One Day More
FALSE,none,100000,,FALSE,FALSE,,1,1,One Day That Changed Asia
FALSE,Latin,300000,,TRUE,TRUE,,1,1,One Day We'll Talk About Today
FALSE,Thai,200000,,FALSE,FALSE,,1,1,One Day
FALSE,none,1300000,300000,FALSE,FALSE,,2,1,One Direction: This Is Us
FALSE,none,900000,,FALSE,FALSE,,1,1,One Flew Over the Cuckoo's Nest
FALSE,none,200000,,FALSE,FALSE,,1,1,One for the Money
FALSE,Thai,200000,,FALSE,FALSE,,1,1,One for the Road
FALSE,none,200000,,FALSE,FALSE,,1,1,One Great Love
FALSE,none,100000,,TRUE,TRUE,,1,1,One in a Billion
FALSE,Japanese,100000,,FALSE,FALSE,,1,1,One in a Hundred Thousand
FALSE,Latin,100000,,FALSE,FALSE,,1,1,One in a thousand
FALSE,none,100000,,FALSE,FALSE,,1,1,One Lagos Night
FALSE,Japanese,100000,,FALSE,FALSE,,1,1,One Missed Call
FALSE,none,400000,,FALSE,FALSE,,1,1,One More Chance (2007)
FALSE,none,11800000,,TRUE,TRUE,2023-04-21,1,1,One More Time
TRUE,Korean,200000,,FALSE,FALSE,2017-01-26,1,1,One More Time
FALSE,none,400000,,FALSE,FALSE,,1,1,One More Try
FALSE,none,1400000,,FALSE,FALSE,,1,1,One Night in Bangkok
FALSE,none,300000,100000,TRUE,TRUE,2021-10-14,2,1,One Night in Paris
FALSE,none,400000,,TRUE,TRUE,,1,1,One Night Stand (2021)
FALSE,Japanese,200000,,FALSE,FALSE,,1,1,One Night
FALSE,Arabic,100000,,FALSE,FALSE,,1,1,One of the People
TRUE,none,42600000,2500000,FALSE,FALSE,2022-02-18,4,2,One of Us Is Lying
FALSE,none,2000000,,TRUE,TRUE,2017-10-20,1,1,One of Us
TRUE,none,14100000,700000,FALSE,FALSE,,10,5,One on One
TRUE,Korean,3000000,100000,FALSE,FALSE,,2,1,One Ordinary Day
TRUE,none,1400000,100000,FALSE,FALSE,,2,1,One Outs
TRUE,none,541900000,71600000,TRUE,TRUE,2023-08-31,1,1,One Piece (Live Action)
FALSE,Japanese,3600000,2000000,FALSE,FALSE,,1,1,One Piece Adventure of Nebulandia
FALSE,Japanese,2200000,1200000,FALSE,FALSE,,1,1,One Piece Episode of East blue - Luffy and His Four Crewmates' Great Adventure
FALSE,Japanese,1400000,800000,FALSE,FALSE,,1,1,One Piece Episode of Skypiea
FALSE,none,3300000,,FALSE,FALSE,,1,1,One Piece Film Z
FALSE,none,100000,,FALSE,FALSE,,1,1,One Piece Film: Gold
FALSE,none,2600000,,FALSE,FALSE,,1,1,One Piece Film: Strong World
FALSE,none,300000,,FALSE,FALSE,,1,1,One Piece Stampede
FALSE,Japanese,5800000,3300000,FALSE,FALSE,,1,1,One Piece: 3D2Y - Overcome Ace's Death! Luffy's Vow to His Friends
FALSE,Japanese,600000,,FALSE,FALSE,,1,1,One Piece: Episode of Alabasta
FALSE,Japanese,200000,,FALSE,FALSE,,1,1,"One Piece: Episode of Chopper: Bloom in the Winter, Miracle Sakura"
FALSE,Japanese,682200000,42700000,FALSE,FALSE,,73,1,One Piece
FALSE,Arabic,300000,,FALSE,FALSE,,1,1,One Second
FALSE,none,300000,,FALSE,FALSE,,1,1,One Shot (2021)
FALSE,Latin,1300000,,FALSE,FALSE,2021-03-19,1,1,One Small Problem
TRUE,Korean,27000000,800000,TRUE,TRUE,2019-05-22,2,1,One Spring Night
FALSE,Latin,100000,,FALSE,FALSE,,1,1,One Step Behind the Seraphim
FALSE,Latin,100000,,FALSE,FALSE,,1,1,One Summer
TRUE,Korean,8000000,200000,FALSE,FALSE,,2,1,One the Woman
TRUE,Thai,2800000,100000,FALSE,FALSE,,2,1,One Year
FALSE,Korean,200000,,FALSE,FALSE,,1,1,One-Line
TRUE,Japanese,51100000,4700000,FALSE,FALSE,,4,2,One-Punch Man
FALSE,Latin,200000,,TRUE,TRUE,2020-06-19,1,1,One-Way to Tomorrow
FALSE,Thai,100000,,FALSE,FALSE,,1,1,Ong Bak 3
FALSE,Thai,100000,,FALSE,FALSE,,1,1,Ong-Bak: The Thai Warrior
TRUE,none,2400000,300000,TRUE,TRUE,2022-10-21,2,1,ONI: Thunder God's Tale
TRUE,Japanese,18600000,5000000,TRUE,TRUE,2023-11-02,1,1,Onimusha
FALSE,Latin,100000,,FALSE,FALSE,,1,1,Only Eline
TRUE,Latin,4600000,200000,TRUE,TRUE,2022-09-21,2,1,Only For Love
FALSE,Latin,100000,,FALSE,FALSE,,1,1,Only for Tereza
FALSE,Latin,200000,,FALSE,FALSE,,1,1,Only God Can Judge Me
TRUE,none,200000,100000,FALSE,FALSE,2022-02-09,2,1,Only Jokes Allowed
TRUE,Japanese,300000,,FALSE,FALSE,,1,1,Only Just Married
FALSE,none,3300000,,FALSE,FALSE,,1,1,Only Mine
FALSE,none,1600000,,FALSE,FALSE,,1,1,Only the Brave (2017)
FALSE,Japanese,1100000,,FALSE,FALSE,,1,1,Only Yesterday
FALSE,none,1200000,,FALSE,FALSE,,1,1,Only You (1994)
FALSE,Latin,400000,,TRUE,TRUE,,1,1,Only You
TRUE,Japanese,10200000,1800000,TRUE,TRUE,2023-11-28,1,1,Onmyoji
TRUE,none,100000,,FALSE,FALSE,,1,1,Ontdek de wereld met Nijntje
FALSE,none,100000,,FALSE,FALSE,,1,1,Oohalu Gusagusalaade
FALSE,none,100000,,FALSE,FALSE,,1,1,Oops. Noah is Gone
FALSE,Japanese,200000,,FALSE,FALSE,,1,1,Open Marriage
FALSE,none,11600000,,FALSE,FALSE,,1,1,Open Season (2006)
FALSE,none,4000000,,FALSE,FALSE,,1,1,Open Season 2
FALSE,none,1000000,,FALSE,FALSE,,1,1,Open Season 3
FALSE,none,1300000,,FALSE,FALSE,,1,1,Open Season: Scared Silly
FALSE,none,100000,,FALSE,FALSE,,1,1,Open Water
TRUE,Latin,3900000,400000,TRUE,TRUE,2021-08-25,2,1,Open Your Eyes
FALSE,Latin,100000,,FALSE,FALSE,,1,1,Opening the Door
FALSE,Latin,100000,,FALSE,FALSE,,1,1,Open
FALSE,none,2000000,,FALSE,FALSE,,1,1,Operación Camarón
TRUE,none,300000,100000,FALSE,FALSE,,1,1,Operandi Gerhana (Phantom Squad)
TRUE,none,100000,,FALSE,FALSE,,1,1,Operation Buffalo
FALSE,none,1500000,,TRUE,TRUE,2020-11-05,1,1,Operation Christmas Drop
FALSE,Korean,200000,,FALSE,FALSE,,1,1,Operation Chromite
FALSE,none,11600000,,TRUE,TRUE,2018-10-03,1,1,Operation Finale
FALSE,Latin,400000,,TRUE,TRUE,2021-10-13,1,1,Operation Hyacinth
FALSE,Latin,100000,,FALSE,FALSE,,1,1,Operation Leopard
FALSE,Devanagari,4100000,,FALSE,FALSE,,1,1,Operation Mayfair
FALSE,none,4900000,,FALSE,FALSE,2022-05-11,1,1,Operation Mincemeat
FALSE,Devanagari,1200000,,FALSE,FALSE,,1,1,Operation Romeo
FALSE,Latin,100000,,FALSE,FALSE,,1,1,Operation Valkyrie
FALSE,none,1700000,,TRUE,TRUE,2021-03-17,1,1,Operation Varsity Blues: The College Admissions Scandal
FALSE,none,100000,,FALSE,FALSE,,1,1,Operation Wedding (2013)
FALSE,Latin,3300000,,TRUE,TRUE,2023-04-12,1,1,Operation: Nation
FALSE,none,1100000,,FALSE,FALSE,,1,1,Operações Especiais
FALSE,none,3700000,,FALSE,FALSE,,1,1,Ophelia (2018)
FALSE,Latin,200000,,FALSE,FALSE,,1,1,Opposites Attract
FALSE,none,400000,,TRUE,TRUE,2022-04-22,1,1,Oprah + Viola: A Netflix Special Event
FALSE,none,200000,100000,TRUE,TRUE,2019-06-12,2,1,Oprah Winfrey Presents: When They See Us Now
TRUE,none,425400000,15900000,TRUE,TRUE,2013-07-11,14,7,Orange Is the New Black
FALSE,Latin,300000,,FALSE,FALSE,2018-04-06,1,1,Orbiter 9
FALSE,Latin,100000,,FALSE,FALSE,,1,1,Ordinary Failures
FALSE,none,200000,,FALSE,FALSE,,1,1,Ordinary Love
FALSE,Korean,500000,,FALSE,FALSE,,1,1,Ordinary People
FALSE,Latin,300000,,FALSE,FALSE,,1,1,Ordinary People
FALSE,Korean,100000,,FALSE,FALSE,,1,1,Ordinary Person
FALSE,none,100000,,FALSE,FALSE,,1,1,Ordinary World
TRUE,Japanese,100000,,FALSE,FALSE,,1,1,ORESUKI Are you the only one who loves me?
FALSE,none,1200000,,TRUE,TRUE,2022-11-05,1,1,Orgasm Inc: The Story of OneTaste
FALSE,none,800000,,FALSE,FALSE,,1,1,Orphan (2009)
FALSE,none,600000,,FALSE,FALSE,,1,1,Oru Thekkan Thallu Case
FALSE,none,700000,,FALSE,FALSE,,1,1,Os Caras de Pau em O Misterioso Roubo do Anel
FALSE,Latin,2300000,,FALSE,FALSE,,1,1,Os Homens São de Marte… e É pra Lá que Eu Vou!
FALSE,none,3400000,,FALSE,FALSE,,1,1,Os Parças
FALSE,none,700000,,FALSE,FALSE,,1,1,Os Saltimbancos Trapalhões - Rumo a Hollywood
TRUE,none,21200000,1000000,FALSE,FALSE,,2,1,Oscar's Oasis
TRUE,none,2300000,200000,TRUE,TRUE,2019-03-29,2,1,Osmosis
FALSE,none,200000,,TRUE,TRUE,,1,1,Other People (2016)
FALSE,Latin,200000,,FALSE,FALSE,,1,1,Other World
FALSE,none,8000000,,TRUE,TRUE,2019-08-02,1,1,Otherhood
FALSE,none,2500000,,FALSE,FALSE,,1,1,Otra Película de Huevos y un Pollo
FALSE,none,100000,,FALSE,FALSE,,1,1,Otto's Eleven
FALSE,none,100000,,FALSE,FALSE,,1,1,Ottomans vs Venetians: Battle for Crete
FALSE,none,5600000,,FALSE,FALSE,,1,1,Ouija (2014)
FALSE,none,6200000,,FALSE,FALSE,,1,1,Ouija: Origin of Evil
FALSE,Japanese,100000,,FALSE,FALSE,,1,1,Our 30 Minute Sessions
TRUE,Korean,53500000,1400000,TRUE,TRUE,2021-12-06,2,1,Our Beloved Summer
TRUE,Korean,34200000,600000,TRUE,TRUE,2022-04-09,2,1,Our Blues
TRUE,Japanese,1000000,200000,FALSE,FALSE,,1,1,Our Dating Story: The Experienced You and The Inexperienced Me
FALSE,Korean,300000,,FALSE,FALSE,,1,1,Our Diary
TRUE,Japanese,600000,100000,FALSE,FALSE,,1,1,Our Fake Marriage
FALSE,Latin,200000,,FALSE,FALSE,,1,1,Our Family Three More
FALSE,Hebrew,300000,,FALSE,FALSE,,1,1,Our Father
FALSE,none,2300000,,TRUE,TRUE,2022-05-11,1,1,Our Father
FALSE,none,500000,,FALSE,FALSE,,1,1,Our Friend
TRUE,none,23500000,2000000,TRUE,TRUE,2022-04-13,2,1,Our Great National Parks
FALSE,Latin,1200000,,FALSE,FALSE,,1,1,Our happy holiday
FALSE,none,100000,,FALSE,FALSE,,1,1,Our Idiot Brother
FALSE,none,100000,,FALSE,FALSE,,1,1,Our Kind of Traitor
FALSE,Latin,300000,,FALSE,FALSE,,1,1,"Our Lady of San Juan, Four Centuries of Miracles"
FALSE,Japanese,100000,,FALSE,FALSE,,1,1,Our Lies and Truths: Documentary of Keyakizaka46
FALSE,Chinese_or_Kanji,200000,,FALSE,FALSE,,1,1,Our Little Sister
FALSE,Latin,900000,,FALSE,FALSE,,1,1,Our Lovers
FALSE,Latin,1100000,,FALSE,FALSE,,1,1,Our Love
FALSE,none,500000,,FALSE,FALSE,,1,1,Our Mighty Yaya
FALSE,none,900000,500000,TRUE,TRUE,2019-08-02,2,1,Our Planet - Behind The Scenes
FALSE,none,80500000,14200000,TRUE,TRUE,2023-06-14,2,1,Our Planet II
FALSE,none,72600000,4800000,TRUE,TRUE,2019-04-05,2,1,Our Planet
TRUE,Chinese_or_Kanji,900000,,FALSE,FALSE,,1,1,Our Secret
TRUE,Japanese,100000,,FALSE,FALSE,,1,1,Our Sister's Soulmate
FALSE,none,3700000,,TRUE,TRUE,2017-09-29,1,1,Our Souls at Night
FALSE,Korean,100000,,FALSE,FALSE,,1,1,Our Sweet Homes: 2021
FALSE,Korean,300000,,FALSE,FALSE,,1,1,Our Sweet Homes: 2022
FALSE,Korean,300000,,FALSE,FALSE,,1,1,Our Sweet Homes: 2023
FALSE,none,100000,,FALSE,FALSE,,1,1,Our Times (2015)
TRUE,none,43000000,3500000,TRUE,TRUE,2022-11-22,2,1,Our Universe
TRUE,Japanese,7400000,200000,FALSE,FALSE,,2,1,Ouran High School Host Club
FALSE,none,5000000,,FALSE,FALSE,,1,1,Out of Africa
FALSE,none,200000,,FALSE,FALSE,,1,1,Out of Death
FALSE,Latin,100000,,FALSE,FALSE,,1,1,Out of Love
FALSE,Latin,1000000,,FALSE,FALSE,2021-08-18,1,1,Out of my league
FALSE,none,100000,,FALSE,FALSE,,1,1,Out of Sight (1998)
FALSE,none,900000,,FALSE,FALSE,,1,1,Out of the Furnace
FALSE,none,200000,,TRUE,TRUE,,1,1,Out of Thin Air
FALSE,Latin,100000,,FALSE,FALSE,,1,1,Out Stealing Horses
TRUE,none,1000000,,FALSE,FALSE,,3,3,Outback Truckers
FALSE,none,200000,,FALSE,FALSE,,1,1,Outbreak (1995)
FALSE,Korean,100000,,FALSE,FALSE,,1,1,Outdoor Begins
TRUE,none,865400000,14700000,TRUE,TRUE,2020-04-15,6,3,Outer Banks
FALSE,none,300000,,FALSE,FALSE,,1,1,Outlander (2008)
TRUE,none,434400000,16300000,FALSE,FALSE,2016-03-31,14,7,Outlander
TRUE,none,67800000,2200000,TRUE,TRUE,2023-03-10,2,1,Outlast
FALSE,none,8300000,,TRUE,TRUE,2018-11-09,1,1,Outlaw King
FALSE,none,100000,,FALSE,FALSE,,1,1,Outlaws (2017)
FALSE,Latin,1500000,,FALSE,FALSE,2021-11-22,1,1,Outlaws
TRUE,none,9400000,2700000,FALSE,FALSE,,5,5,Outnumbered (2007)
FALSE,none,1100000,,TRUE,TRUE,,1,1,Outside In (2018)
FALSE,none,200000,,FALSE,FALSE,,1,1,Outside the Box
FALSE,Arabic,200000,,FALSE,FALSE,,1,1,Outside the Curriculum
FALSE,none,14400000,,TRUE,TRUE,2021-01-15,1,1,Outside the Wire
FALSE,none,300000,,FALSE,FALSE,,1,1,Over & Out
TRUE,Latin,1900000,700000,TRUE,TRUE,2020-11-27,2,1,Over Christmas
FALSE,none,31700000,,FALSE,FALSE,,1,1,Over the Hedge
FALSE,none,22000000,,TRUE,TRUE,2020-10-23,1,1,Over the Moon
FALSE,Japanese,100000,,FALSE,FALSE,,1,1,Over the Town
TRUE,none,400000,,FALSE,FALSE,2020-06-05,2,2,Over Water
FALSE,none,4300000,,FALSE,FALSE,,1,1,Overcomer
FALSE,none,500000,,FALSE,FALSE,,1,1,Overlord (2018)
FALSE,Japanese,1900000,200000,FALSE,FALSE,,2,1,Overlord III
FALSE,Japanese,1800000,200000,FALSE,FALSE,,2,1,Overlord II
FALSE,Japanese,3400000,500000,FALSE,FALSE,,2,1,Overlord IV
FALSE,Japanese,2100000,200000,FALSE,FALSE,,2,1,Overlord
FALSE,Latin,600000,,FALSE,FALSE,,1,1,Overnight Republic
TRUE,Japanese,100000,,FALSE,FALSE,,1,1,Overprotected Kahoko
FALSE,none,100000,,FALSE,FALSE,,1,1,Ovosodo
FALSE,none,100000,,FALSE,FALSE,,1,1,Ovunque tu sarai
TRUE,none,500000,,FALSE,FALSE,,1,1,Owe My Love
FALSE,Chinese_or_Kanji,3100000,100000,FALSE,FALSE,,1,1,Oxcart Trails
FALSE,Latin,2200000,,TRUE,TRUE,2021-05-12,1,1,Oxygen
TRUE,none,220300000,8600000,TRUE,TRUE,2017-07-21,8,4,Ozark
FALSE,none,7300000,,FALSE,FALSE,,1,1,P.S. I Love You
FALSE,Devanagari,500000,,FALSE,FALSE,,1,1,Paan Singh Tomar
TRUE,none,500000,,TRUE,TRUE,2020-12-18,1,1,Paava Kadhaigal
TRUE,none,317700000,2700000,TRUE,TRUE,,2,1,"Pablo Escobar, el patrón del mal"
TRUE,none,300000,,FALSE,FALSE,,1,1,Pablo
TRUE,none,1500000,100000,FALSE,FALSE,,2,1,Pac-Man and the Ghostly Adventures
FALSE,none,300000,,FALSE,FALSE,2019-06-07,1,1,Pachamama
TRUE,none,8400000,1300000,TRUE,TRUE,2021-03-04,4,2,Pacific Rim: The Black
FALSE,none,4700000,,FALSE,FALSE,,1,1,Pacific Rim
FALSE,none,100000,,TRUE,TRUE,,1,1,Pacificum: El retorno al océano
TRUE,Latin,251600000,20900000,TRUE,TRUE,2023-10-11,1,1,Pact of Silence
FALSE,none,600000,,FALSE,FALSE,,1,1,Pad Man
FALSE,none,400000,,FALSE,FALSE,,1,1,Padavettu
FALSE,none,8300000,,FALSE,FALSE,,1,1,Paddington (2014)
FALSE,none,4000000,,FALSE,FALSE,,1,1,Paddington 2
FALSE,none,200000,,TRUE,TRUE,2019-02-22,1,1,Paddleton
FALSE,none,300000,,FALSE,FALSE,,1,1,Padrenostro
FALSE,Devanagari,1200000,,TRUE,TRUE,2021-03-26,1,1,Pagglait
FALSE,Latin,500000,,FALSE,FALSE,,1,1,Pagpag: Nine Lives
FALSE,Devanagari,900000,,FALSE,FALSE,,1,1,Paheli
FALSE,none,100000,,FALSE,FALSE,,1,1,Pahuna
FALSE,none,400000,,FALSE,FALSE,,1,1,Paid in Full
TRUE,Korean,300000,,TRUE,TRUE,2021-10-01,1,1,Paik's Spirit
FALSE,none,2100000,,FALSE,FALSE,,1,1,Pain & Gain
FALSE,Latin,200000,,FALSE,FALSE,,1,1,Pain and Glory
TRUE,none,171400000,34400000,TRUE,TRUE,2023-08-10,1,1,Painkiller
FALSE,none,500000,,FALSE,FALSE,,1,1,Pakka Commercial
FALSE,none,100000,,FALSE,FALSE,,1,1,Palabras encadenadas
TRUE,none,100000,,FALSE,FALSE,,1,1,Palazuelos mi rey
FALSE,none,100000,,FALSE,FALSE,,1,1,Palazzo Vecchio
FALSE,Korean,12000000,,FALSE,FALSE,,1,1,Pale Moon
FALSE,none,100000,,FALSE,FALSE,,1,1,Palermo Hollywood
FALSE,none,300000,,FALSE,FALSE,,1,1,Palm Beach (2019)
FALSE,none,100000,,FALSE,FALSE,,1,1,Palm Springs
FALSE,Latin,100000,,FALSE,FALSE,,1,1,Pals Before Gals
FALSE,none,41800000,,TRUE,TRUE,2023-01-31,1,1,"Pamela, a love story"
FALSE,none,3500000,,FALSE,FALSE,,1,1,Pan (2015)
FALSE,Latin,200000,,FALSE,FALSE,,1,1,Pan's Labyrinth
FALSE,Latin,700000,200000,TRUE,TRUE,2022-11-03,2,1,Panayotis Pascot: Almost
FALSE,none,300000,,FALSE,FALSE,,1,1,Pandemic (2016)
TRUE,none,800000,100000,TRUE,TRUE,2020-01-22,2,1,Pandemic: How to Prevent an Outbreak
FALSE,none,100000,,FALSE,FALSE,,1,1,Pandigai
FALSE,Korean,2700000,,FALSE,FALSE,2017-03-17,1,1,Pandora
FALSE,none,300000,,FALSE,FALSE,,1,1,Panic Room
FALSE,Devanagari,2100000,,FALSE,FALSE,,1,1,Panipat - The Great Betrayal
FALSE,none,100000,,FALSE,FALSE,,1,1,"Paolo Conte, via con me"
FALSE,Latin,100000,,FALSE,FALSE,,1,1,"Paolo Rossi, The Heart of a Champion"
TRUE,none,4000000,700000,FALSE,FALSE,,2,2,Papadag
TRUE,Latin,100000,,FALSE,FALSE,,1,1,Papa
TRUE,Japanese,600000,100000,FALSE,FALSE,,1,1,Papa’s in Love Again
FALSE,Latin,3000000,,TRUE,TRUE,2021-03-12,1,1,Paper Lives
FALSE,none,300000,,FALSE,FALSE,,1,1,Paper Planes
TRUE,Latin,400000,,FALSE,FALSE,,1,1,Paper Rose
FALSE,Arabic,200000,,FALSE,FALSE,,1,1,Papicha
FALSE,none,800000,,FALSE,FALSE,,1,1,Papillon (2017)
FALSE,none,100000,,FALSE,FALSE,,1,1,Pappa ante Portas
FALSE,Japanese,100000,,FALSE,FALSE,,1,1,Paprika
FALSE,Latin,100000,,FALSE,FALSE,,1,1,Papua in Love The Movie 
TRUE,none,2500000,600000,TRUE,TRUE,2017-10-03,6,3,Paquita Salas
FALSE,none,600000,,TRUE,TRUE,,1,1,Para Betina Pengikut Iblis
FALSE,none,4000000,,FALSE,FALSE,2019-11-08,1,1,Paradise Beach
FALSE,none,5400000,,FALSE,FALSE,,1,1,Paradise Highway
FALSE,none,100000,,FALSE,FALSE,,1,1,Paradise Hills
FALSE,Japanese,100000,,FALSE,FALSE,,1,1,Paradise Kiss
FALSE,Latin,100000,,FALSE,FALSE,,1,1,Paradise Lost
TRUE,none,65600000,5900000,TRUE,TRUE,2018-08-31,8,4,Paradise PD
FALSE,none,100000,,FALSE,FALSE,,1,1,Paradise Stop
TRUE,none,900000,100000,FALSE,FALSE,,2,1,Paradoks
FALSE,Latin,900000,,FALSE,FALSE,2022-02-18,1,1,Parallel Mothers
FALSE,Latin,1500000,,FALSE,FALSE,,1,1,Parallel Roads
TRUE,Japanese,2000000,200000,FALSE,FALSE,,2,1,Parallel World Pharmacy
FALSE,none,100000,,FALSE,FALSE,,1,1,Parallel
TRUE,none,12700000,1000000,TRUE,TRUE,2016-11-17,2,1,Paranoid
FALSE,none,700000,,FALSE,FALSE,,1,1,Paranormal Activity 2
FALSE,none,500000,,FALSE,FALSE,,1,1,Paranormal Activity 3
FALSE,none,400000,,FALSE,FALSE,,1,1,Paranormal Activity 4
FALSE,none,1500000,,FALSE,FALSE,,1,1,Paranormal Activity: Next of Kin
FALSE,none,100000,,FALSE,FALSE,,1,1,Paranormal Activity: The Ghost Dimension
FALSE,none,200000,,FALSE,FALSE,,1,1,Paranormal Activity: The Marked Ones
FALSE,none,1300000,,FALSE,FALSE,,1,1,Paranormal Activity
FALSE,none,300000,,TRUE,TRUE,,1,1,Paranormal Investigation
TRUE,Arabic,2700000,200000,TRUE,TRUE,2020-11-05,2,1,Paranormal
FALSE,Japanese,100000,,FALSE,FALSE,,1,1,Parasite in Love
FALSE,Korean,3600000,,FALSE,FALSE,,1,1,Parasite
TRUE,Japanese,19300000,1100000,FALSE,FALSE,,2,1,Parasyte: The Maxim
TRUE,Chinese_or_Kanji,400000,,FALSE,FALSE,,2,2,Parasyte
FALSE,none,400000,,FALSE,FALSE,,1,1,Paraíso (2013)
FALSE,Latin,200000,,TRUE,TRUE,2019-07-10,1,1,Parchís: the Documentary
FALSE,none,3500000,,FALSE,FALSE,,1,1,Parenthood (1989)
TRUE,Japanese,300000,,FALSE,FALSE,,1,1,Pareto's Miscalculation: The Case Worker Murder
FALSE,none,300000,,FALSE,FALSE,,1,1,Pari e dispari
FALSE,Devanagari,100000,,FALSE,FALSE,,1,1,Parineeta
FALSE,none,400000,,FALSE,FALSE,,1,1,Paris Can Wait
FALSE,Latin,900000,,FALSE,FALSE,,1,1,Paris Express
FALSE,none,100000,,FALSE,FALSE,,1,1,"Paris, Texas"
FALSE,Korean,100000,,FALSE,FALSE,,1,1,Park Hwa-Young
FALSE,none,2300000,,FALSE,FALSE,,1,1,Parker
TRUE,none,300000,100000,FALSE,FALSE,,1,1,Parlament
FALSE,Devanagari,1500000,,FALSE,FALSE,,1,1,Parmanu: The Story of Pokhran
TRUE,Korean,100000,,TRUE,TRUE,,1,1,Part-Time Idol
FALSE,Korean,200000,,FALSE,FALSE,,1,1,Part-Time Spy
TRUE,none,33300000,1400000,TRUE,TRUE,2022-08-26,2,1,Partner Track
TRUE,Korean,20700000,600000,FALSE,FALSE,,4,2,Partners for Justice
FALSE,none,6200000,,TRUE,TRUE,,1,1,Partners in Crime (Philippines Movie)
FALSE,Latin,200000,,FALSE,FALSE,,1,1,Party Hard
FALSE,none,500000,,FALSE,FALSE,,1,1,Parugu
TRUE,none,362200000,1800000,FALSE,FALSE,,4,2,Pasión de Gavilanes
FALSE,none,1600000,,FALSE,FALSE,2019-03-15,1,1,Paskal
FALSE,none,100000,,FALSE,FALSE,,1,1,Passchendaele
FALSE,Latin,100000,,FALSE,FALSE,,1,1,Passed By Censor
FALSE,none,200000,,FALSE,FALSE,,1,1,PASSENGERS (2008)
FALSE,none,2300000,,FALSE,FALSE,,1,1,Passengers (2016)
FALSE,none,800000,,TRUE,TRUE,2021-11-10,1,1,Passing
FALSE,none,2200000,,FALSE,FALSE,,1,1,Passion simple
FALSE,none,1800000,,FALSE,FALSE,,1,1,Passport (2022)
TRUE,Korean,4300000,100000,FALSE,FALSE,,2,1,Pasta
FALSE,none,100000,,FALSE,FALSE,,1,1,Pat & Mat in a Movie
FALSE,Latin,100000,,FALSE,FALSE,,1,1,Pat & Mat in Action Again
FALSE,none,100000,,FALSE,FALSE,,1,1,Pat & Mat: DIY Troubles
FALSE,none,100000,,FALSE,FALSE,,1,1,Pat & Mat: Winter Fun
TRUE,none,300000,100000,FALSE,FALSE,,2,1,Pat a Mat na venkově
TRUE,none,500000,100000,FALSE,FALSE,,2,1,Pat a Mat nás baví
TRUE,Korean,3000000,400000,TRUE,TRUE,,2,1,Pat a Pat Como
FALSE,none,1000000,800000,FALSE,FALSE,,2,1,Patati Patatá - Coletânea de Sucessos Vol. 2
FALSE,none,1900000,2200000,FALSE,FALSE,,2,1,Patati Patatá - O Melhor da Pré-escola Vol. 1
FALSE,none,1600000,1800000,FALSE,FALSE,,2,1,Patati Patatá - O Melhor da Pré-escola Vol. 2
FALSE,none,1300000,1600000,FALSE,FALSE,,2,1,Patati Patatá - O Melhor da Pré-escola Vol. 3
FALSE,none,6100000,500000,FALSE,FALSE,,2,1,Patati Patatá
FALSE,none,800000,,FALSE,FALSE,,1,1,Patch Adams
FALSE,none,100000,,FALSE,FALSE,,1,1,Patient Zero
FALSE,none,200000,,FALSE,FALSE,,1,1,Patients
FALSE,none,300000,,FALSE,FALSE,,1,1,Patria (2019)
FALSE,none,100000,,FALSE,FALSE,,1,1,Patria / No Man's Land
FALSE,none,100000,,TRUE,TRUE,2018-10-28,1,1,Patriot Act with Hasan Minhaj: Volume 1
FALSE,none,100000,,TRUE,TRUE,2019-02-10,1,1,Patriot Act with Hasan Minhaj: Volume 2
FALSE,none,100000,,TRUE,TRUE,2019-05-12,1,1,Patriot Act with Hasan Minhaj: Volume 3
FALSE,none,100000,,TRUE,TRUE,2019-08-04,1,1,Patriot Act with Hasan Minhaj: Volume 4
FALSE,none,100000,,TRUE,TRUE,2019-11-10,1,1,Patriot Act with Hasan Minhaj: Volume 5
FALSE,none,200000,,TRUE,TRUE,2020-05-17,1,1,Patriot Act with Hasan Minhaj: Volume 6
FALSE,none,500000,,FALSE,FALSE,,1,1,Patriot Games
FALSE,none,13700000,,FALSE,FALSE,,1,1,Patriots Day
FALSE,none,1800000,,FALSE,FALSE,,1,1,Pattathu Arasan
FALSE,Thai,100000,,FALSE,FALSE,,1,1,Pattaya Maniac
FALSE,none,1000000,,FALSE,FALSE,,1,1,Pattaya
FALSE,none,200000,100000,TRUE,TRUE,2017-10-17,2,1,Patton Oswalt: Annihilation
FALSE,none,200000,100000,TRUE,TRUE,2020-05-19,2,1,Patton Oswalt: I Love Everything: Special
FALSE,none,200000,100000,TRUE,TRUE,2016-04-22,2,1,Patton Oswalt: Talking for Clapping
FALSE,none,300000,100000,TRUE,TRUE,2022-09-20,2,1,Patton Oswalt: We All Scream
FALSE,none,5300000,,FALSE,FALSE,,1,1,Paul (2011)
FALSE,none,3000000,,FALSE,FALSE,,1,1,Paul Blart: Mall Cop 2
FALSE,none,2100000,,FALSE,FALSE,,1,1,Paul Blart: Mall Cop
TRUE,none,700000,100000,TRUE,TRUE,2017-09-29,2,1,Paul Hollywood's Big Continental Road Trip
FALSE,none,300000,100000,FALSE,FALSE,2022-06-23,2,1,Paul Virzi: Nocturnal Admissions
FALSE,none,300000,,FALSE,FALSE,,1,1,"Paul, Apostle of Christ"
FALSE,none,700000,,FALSE,FALSE,,1,1,Paw Patrol: Jet to the Rescue
FALSE,none,1200000,,FALSE,FALSE,,1,1,PAW Patrol: Mighty Pups
FALSE,none,600000,,FALSE,FALSE,,1,1,"Paw Patrol: Ready, Race, Rescue"
FALSE,none,77200000,,FALSE,FALSE,,1,1,Paw Patrol: The Movie
TRUE,none,593800000,28000000,FALSE,FALSE,,18,10,PAW Patrol
TRUE,none,21900000,1000000,FALSE,FALSE,,3,2,Pawn Stars
FALSE,Korean,1100000,,FALSE,FALSE,,1,1,Pawn
FALSE,none,100000,,FALSE,FALSE,,1,1,Payday (2018)
FALSE,Chinese_or_Kanji,100000,,FALSE,FALSE,,1,1,Peace Breaker
FALSE,Japanese,100000,,FALSE,FALSE,,1,1,Peach Girl
TRUE,Korean,1000000,,FALSE,FALSE,,1,1,Peak Time
FALSE,Japanese,100000,,FALSE,FALSE,,1,1,Peak: The Rescuers
TRUE,none,507400000,45500000,FALSE,FALSE,2014-09-30,12,6,Peaky Blinders
FALSE,none,100000,,FALSE,FALSE,,1,1,Pearl Islands
TRUE,Latin,12900000,700000,FALSE,FALSE,2022-03-16,2,1,Pedal to Metal
TRUE,none,57800000,100000,FALSE,FALSE,,2,1,Pedro el escamoso
FALSE,Thai,300000,,FALSE,FALSE,,1,1,Pee Mak
FALSE,Thai,200000,,FALSE,FALSE,,1,1,Pee Nak 2
FALSE,Thai,600000,,FALSE,FALSE,,1,1,Pee Nak 3
FALSE,Thai,300000,,FALSE,FALSE,,1,1,Pee Nak
FALSE,none,3500000,,TRUE,TRUE,2016-03-18,1,1,Pee-wee's Big Holiday
TRUE,Japanese,100000,,FALSE,FALSE,,1,1,"Peek-a-Boo!:Atsumare! Wanwan Wonderland, Minna de Wandahoo!"
TRUE,Japanese,5200000,200000,FALSE,FALSE,,2,1,Peek-a-Boo!
TRUE,none,15900000,3400000,FALSE,FALSE,,18,9,Peep Show
FALSE,none,3100000,,FALSE,FALSE,,1,1,Peeples
FALSE,Devanagari,100000,,FALSE,FALSE,,1,1,Peepli Live
FALSE,Chinese_or_Kanji,100000,,FALSE,FALSE,,1,1,Pegasus
FALSE,none,200000,,FALSE,FALSE,,1,1,Pelangi Tanpa Warna
FALSE,Latin,800000,,FALSE,FALSE,,1,1,Pelican Blood
FALSE,none,3800000,,FALSE,FALSE,,1,1,Pelé (2016)
FALSE,none,3700000,,TRUE,TRUE,2021-02-23,1,1,Pelé
TRUE,Thai,500000,,FALSE,FALSE,,1,1,Pen Tor 2019
FALSE,Devanagari,500000,,FALSE,FALSE,,1,1,Penalty
TRUE,Japanese,12600000,1000000,FALSE,FALSE,,2,1,Pending Train
FALSE,none,200000,,FALSE,FALSE,,1,1,Penelope (2006)
FALSE,none,1800000,,FALSE,FALSE,2021-01-27,1,1,Penguin Bloom
FALSE,Japanese,100000,,FALSE,FALSE,,1,1,Penguin Highway
TRUE,none,2600000,300000,TRUE,TRUE,2021-06-16,2,1,Penguin Town
FALSE,none,30100000,,FALSE,FALSE,,1,1,Penguins of Madagascar: The Movie
FALSE,Korean,4200000,,FALSE,FALSE,,1,1,Peninsula
FALSE,none,100000,,FALSE,FALSE,,1,1,Penny's Shadow
FALSE,none,100000,,FALSE,FALSE,,1,1,Pensavo fosse amore... invece era un calesse
TRUE,Japanese,1000000,100000,FALSE,FALSE,,2,1,Pension Metsä
FALSE,none,100000,,FALSE,FALSE,,1,1,Pentagram
FALSE,Latin,100000,,FALSE,FALSE,,1,1,People in the Sun
FALSE,none,300000,,FALSE,FALSE,,1,1,People Just Do Nothing: Big in Japan
TRUE,none,3600000,700000,FALSE,FALSE,,9,5,People Just Do Nothing
TRUE,none,1000000,,FALSE,FALSE,,2,2,Pep's
TRUE,none,520600000,88200000,FALSE,FALSE,,12,6,Peppa Pig
FALSE,none,6300000,,FALSE,FALSE,,1,1,Peppermint (2018)
TRUE,none,16400000,1700000,TRUE,TRUE,2022-11-17,2,1,"Pepsi, Where's My Jet?"
FALSE,none,300000,,FALSE,FALSE,,1,1,Per niente al mondo
FALSE,Latin,100000,,FALSE,FALSE,,1,1,Perched on a Tree
FALSE,none,500000,,FALSE,FALSE,,1,1,Percy Vs Goliath
FALSE,none,1400000,,TRUE,TRUE,2018-08-09,1,1,Perdida
FALSE,Latin,200000,,FALSE,FALSE,,1,1,Perfect As You Are
FALSE,none,1400000,,FALSE,FALSE,,1,1,Perfect Bid: The Contestant Who Knew Too Much
TRUE,Korean,8600000,700000,FALSE,FALSE,,1,1,Perfect Marriage Revenge
TRUE,none,203600000,2400000,TRUE,TRUE,2023-02-14,2,1,Perfect Match
FALSE,Latin,200000,,FALSE,FALSE,,1,1,Perfect Nanny
FALSE,Korean,100000,,FALSE,FALSE,,1,1,Perfect Number
FALSE,Latin,400000,,FALSE,FALSE,,1,1,Perfect Strangers (2017)
FALSE,Latin,1600000,,FALSE,FALSE,,1,1,Perfect Strangers (2018)
FALSE,Latin,1700000,,FALSE,FALSE,,4,1,Perfect Strangers
FALSE,none,5600000,,FALSE,FALSE,,1,1,Perfect Stranger
TRUE,Japanese,200000,,FALSE,FALSE,,1,1,Perfect World
FALSE,none,13300000,,FALSE,FALSE,,1,1,Perfume: The Story of a Murderer
TRUE,Latin,8400000,800000,TRUE,TRUE,2018-12-21,2,1,Perfume
FALSE,Korean,200000,,FALSE,FALSE,,1,1,Perhaps Love
FALSE,none,100000,,TRUE,TRUE,2019-02-12,1,1,Period. End of Sentence.
FALSE,none,100000,,FALSE,FALSE,,1,1,Persecuted (2014)
TRUE,Japanese,200000,,FALSE,FALSE,,1,1,Persona 5: The Animation
FALSE,Korean,200000,100000,TRUE,TRUE,2019-04-11,2,1,Persona: Collection
TRUE,Korean,1800000,,FALSE,FALSE,,1,1,Personal Taste
FALSE,none,15300000,,TRUE,TRUE,2022-07-15,1,1,Persuasion
FALSE,none,600000,,TRUE,TRUE,,1,1,Perú: Tesoro escondido
TRUE,none,17000000,1300000,FALSE,FALSE,,8,8,Pesadilla en la Cocina
FALSE,none,100000,,FALSE,FALSE,,1,1,Pet Sematary (1989)
TRUE,none,4200000,800000,TRUE,TRUE,2021-04-30,2,1,Pet Stars
FALSE,Latin,200000,,FALSE,FALSE,,1,1,Petain
FALSE,none,300000,100000,TRUE,TRUE,2022-06-13,2,1,Pete Davidson Presents: The Best Friends
FALSE,none,700000,400000,TRUE,TRUE,2020-02-25,2,1,Pete Davidson: Alive From New York
FALSE,none,2300000,2100000,TRUE,TRUE,2023-10-24,1,1,Pete Holmes: I Am Not for Everyone
FALSE,Latin,200000,,FALSE,FALSE,,1,1,Peter Bell II: The Hunt for the Czar Crown
FALSE,Latin,100000,,FALSE,FALSE,,1,1,Peter Bell
FALSE,none,10900000,,FALSE,FALSE,,1,1,Peter Pan (2003)
FALSE,none,8500000,,FALSE,FALSE,,1,1,Peter Rabbit (2018)
FALSE,none,13200000,,FALSE,FALSE,,1,1,Peter Rabbit 2
TRUE,none,33600000,1400000,FALSE,FALSE,,4,2,Peter Rabbit
TRUE,none,5500000,400000,FALSE,FALSE,,2,1,Petit Ours Brun: Little Brown Bear
FALSE,none,13500000,,FALSE,FALSE,2020-09-11,1,1,Pets United
FALSE,none,200000,,FALSE,FALSE,,1,1,Petta (Telugu Version)
FALSE,none,700000,,FALSE,FALSE,,1,1,Petta
TRUE,none,2800000,500000,FALSE,FALSE,,4,2,Pettersson und Findus
FALSE,none,100000,,FALSE,FALSE,,1,1,Pewnego razu w listopadzie
FALSE,Korean,200000,,FALSE,FALSE,,1,1,Phantom Detective
TRUE,none,22300000,2100000,TRUE,TRUE,2022-09-30,2,1,Phantom Pups
FALSE,none,600000,,FALSE,FALSE,,1,1,Phantom Thread
FALSE,Devanagari,1000000,,FALSE,FALSE,,1,1,Phantom
FALSE,none,100000,,FALSE,FALSE,,1,1,Phar Lap
FALSE,Arabic,100000,,FALSE,FALSE,,1,1,Pharaoh's War
FALSE,Latin,16500000,,TRUE,TRUE,2023-04-14,1,1,Phenomena
FALSE,Latin,200000,,FALSE,FALSE,,1,1,Phenomenon
FALSE,none,200000,100000,TRUE,TRUE,2021-08-10,2,1,Phil Wang: Philly Philly Wang Wang
FALSE,none,100000,,FALSE,FALSE,,1,1,Philadelphia
FALSE,Latin,100000,,FALSE,FALSE,,1,1,Phileine Says Sorry
FALSE,none,100000,,FALSE,FALSE,,1,1,"Philip: Prince, Husband, Father"
FALSE,none,400000,,FALSE,FALSE,,1,1,Philomena
FALSE,Devanagari,500000,,FALSE,FALSE,,1,1,Phir Bhi Dil Hai Hindustani
FALSE,none,1000000,,FALSE,FALSE,,1,1,Phir Hera Pheri
TRUE,Latin,6100000,200000,FALSE,FALSE,,4,2,Phi
FALSE,Thai,300000,,FALSE,FALSE,,1,1,Phobia 2
FALSE,Latin,100000,,FALSE,FALSE,,1,1,Phoenix
FALSE,none,100000,,FALSE,FALSE,,1,1,Phone Swap (2012)
FALSE,Latin,900000,,TRUE,TRUE,2022-01-13,1,1,Photocopier
FALSE,Thai,100000,,FALSE,FALSE,,1,1,Phu Bao Thai Bahn E-Saan Juad
TRUE,Korean,257700000,2300000,TRUE,TRUE,2023-01-24,2,1,Physical: 100
FALSE,none,1300000,,TRUE,TRUE,2018-04-12,1,1,Pickpockets
FALSE,Japanese,100000,,FALSE,FALSE,,1,1,Piece of Cake
FALSE,none,5800000,,TRUE,TRUE,2021-01-07,1,1,Pieces of a Woman
TRUE,none,78600000,5100000,TRUE,TRUE,2022-03-04,2,1,PIECES OF HER
FALSE,none,100000,,FALSE,FALSE,,1,1,Piercing
FALSE,Korean,100000,,FALSE,FALSE,,1,1,Piggy Back
TRUE,Chinese_or_Kanji,100000,,FALSE,FALSE,,1,1,Piggy's Counter-Attack
FALSE,Devanagari,1300000,,FALSE,FALSE,,1,1,Pihu
FALSE,none,200000,,FALSE,FALSE,,1,1,Pilgrimage (2017)
TRUE,none,1200000,200000,FALSE,FALSE,,2,1,Pimpa
TRUE,none,15600000,900000,FALSE,FALSE,2018-12-07,2,1,Pine Gap
FALSE,none,4500000,,FALSE,FALSE,,1,1,Pineapple Express
TRUE,none,100000,,FALSE,FALSE,,1,1,Pingu
FALSE,none,100000,,FALSE,FALSE,,1,1,Pink: Staying True
FALSE,Korean,22300000,,TRUE,TRUE,,1,1,Pinkfong & Baby Shark's Space Adventure
TRUE,Korean,700000,400000,FALSE,FALSE,,2,1,Pinkfong & Hogi Dance Dance
TRUE,Korean,3200000,900000,FALSE,FALSE,,2,1,Pinkfong Best Kids Songs
TRUE,Korean,2100000,900000,FALSE,FALSE,,4,1,Pinkfong Dance Workout
FALSE,none,9900000,,TRUE,TRUE,,1,1,Pinkfong Sing-Along Movie 2: Wonderstar Concert
TRUE,Korean,100000,,FALSE,FALSE,,1,1,Pinkfong Top Chart Show
TRUE,none,17500000,1800000,TRUE,TRUE,2019-01-01,6,3,Pinky Malinky
FALSE,none,400000,,FALSE,FALSE,,1,1,Pinky Memsaab
TRUE,Korean,14800000,400000,FALSE,FALSE,,2,1,Pinocchio
FALSE,none,200000,,FALSE,FALSE,,1,1,Pinoy Sunday
FALSE,Korean,700000,,FALSE,FALSE,,1,1,Pipeline
FALSE,none,300000,,FALSE,FALSE,,1,1,Piranha (2010)
TRUE,none,11100000,900000,TRUE,TRUE,2022-06-29,2,1,Pirate Gold of Adak Island
FALSE,none,300000,,FALSE,FALSE,,1,1,Pirate Hunting
TRUE,none,400000,,FALSE,FALSE,,4,4,Pirunpelto
FALSE,Latin,700000,,FALSE,FALSE,,1,1,Pitbull Last Dog
FALSE,Latin,600000,,FALSE,FALSE,,1,1,Pitbull Public Orders
FALSE,none,7600000,,FALSE,FALSE,,1,1,Pitch Black
FALSE,none,7600000,,FALSE,FALSE,,1,1,Pitch Perfect 2
FALSE,none,8900000,,FALSE,FALSE,,1,1,Pitch Perfect 3
FALSE,none,31900000,,FALSE,FALSE,,1,1,Pitch Perfect
TRUE,none,400000,,TRUE,TRUE,2021-02-19,1,1,Pitta Kathalu
FALSE,none,13500000,,FALSE,FALSE,,1,1,Pixels (2015)
FALSE,none,400000,,FALSE,FALSE,,1,1,Pixie
TRUE,Latin,4800000,200000,FALSE,FALSE,2022-12-23,2,1,Piñata Masters!
FALSE,none,100000,,FALSE,FALSE,,1,1,Piąta pora roku
TRUE,none,147700000,6600000,TRUE,FALSE,,8,4,PJ Masks
FALSE,none,1900000,,FALSE,FALSE,,1,1,PK
FALSE,none,100000,,FALSE,FALSE,,1,1,Plac Zabaw
FALSE,none,100000,,FALSE,FALSE,,1,1,Place Vendôme
FALSE,Devanagari,2300000,,TRUE,TRUE,2022-09-30,1,1,Plan A Plan B
FALSE,none,100000,,FALSE,FALSE,,1,1,Plan B (2018)
FALSE,none,100000,,FALSE,FALSE,,1,1,"Planes, Trains and Automobiles"
FALSE,Korean,100000,,FALSE,FALSE,,1,1,Planet Dinosaur: Killer Elite
FALSE,Latin,200000,,FALSE,FALSE,,1,1,Planet Single 2
FALSE,Latin,200000,,FALSE,FALSE,,1,1,Planet Single 3
TRUE,Latin,2300000,300000,FALSE,FALSE,,1,1,Planet Single: Eight Stories
FALSE,Latin,200000,,FALSE,FALSE,,1,1,Planet Single
FALSE,Latin,100000,,FALSE,FALSE,,1,1,Plans for Tomorrow
FALSE,none,200000,100000,TRUE,TRUE,2021-07-27,2,1,Plastic Cup Boyz: Laughing My Mask Off!: Special
FALSE,Japanese,100000,,FALSE,FALSE,,1,1,Platina Data
FALSE,Japanese,1900000,200000,FALSE,FALSE,,2,1,Platinum End
FALSE,none,1300000,,FALSE,FALSE,,1,1,Play Misty for Me
FALSE,Devanagari,600000,,FALSE,FALSE,,1,1,Players
TRUE,Korean,800000,,FALSE,FALSE,,1,1,Playful Kiss
FALSE,none,100000,,FALSE,FALSE,,1,1,Playing for Keeps (2012)
FALSE,Latin,400000,,FALSE,FALSE,,1,1,Playing Hard
FALSE,none,200000,,FALSE,FALSE,,1,1,Playing with Fire (2019)
TRUE,Latin,12700000,1000000,FALSE,FALSE,2019-05-31,2,1,Playing with Fire
FALSE,none,1200000,,FALSE,FALSE,,1,1,Playmobil: The Movie
FALSE,none,300000,,FALSE,FALSE,,1,1,Plaza Catedral
FALSE,Thai,100000,,FALSE,FALSE,,1,1,Please (Her)
FALSE,Latin,100000,,FALSE,FALSE,,1,1,Please Be Patient!
TRUE,Chinese_or_Kanji,1900000,100000,FALSE,FALSE,,2,1,Please Feel at Ease Mr. Ling
TRUE,none,2300000,400000,FALSE,FALSE,,8,4,Please Like Me
FALSE,none,200000,,FALSE,FALSE,,1,1,Pluk Van De Petteflet
FALSE,Korean,200000,,FALSE,FALSE,,1,1,Plum Blossom
TRUE,Japanese,100000,,FALSE,FALSE,,1,1,Plunderer
FALSE,Chinese_or_Kanji,100000,,FALSE,FALSE,,1,1,Plurality
TRUE,none,36300000,4400000,TRUE,TRUE,2023-10-26,1,1,PLUTO
FALSE,none,100000,,FALSE,FALSE,,1,1,Po prostu przyjaźń
FALSE,none,200000,,FALSE,FALSE,,1,1,Po čem muži touží
FALSE,none,100000,,FALSE,FALSE,,1,1,Poacher
TRUE,Japanese,700000,200000,FALSE,FALSE,,2,1,Pocket Monsters 2023
FALSE,none,100000,,FALSE,FALSE,,1,1,Pocong The Origin
TRUE,Latin,68000000,6900000,FALSE,FALSE,,8,4,Pocoyo
FALSE,Korean,100000,,FALSE,FALSE,,1,1,Poetry
FALSE,Latin,200000,,FALSE,FALSE,,1,1,Point Blank
FALSE,none,6300000,,TRUE,TRUE,2019-07-12,1,1,Point Blank
FALSE,none,600000,,FALSE,FALSE,,1,1,Point Break (2015)
FALSE,Latin,100000,,FALSE,FALSE,,1,1,Poison
FALSE,none,100000,,FALSE,FALSE,,1,1,Pokot
TRUE,Japanese,3100000,2600000,TRUE,TRUE,2023-12-28,1,1,Pokémon Concierge
FALSE,none,3000000,,FALSE,FALSE,,1,1,Pokémon Detective Pikachu
TRUE,Japanese,500000,100000,FALSE,FALSE,,1,1,Pokémon Horizons: The Series
FALSE,Japanese,3300000,100000,FALSE,FALSE,,2,1,Pokémon Journeys: The Series: Pokémon Master Journeys: The Series
FALSE,Japanese,14800000,200000,FALSE,FALSE,,2,1,Pokémon Journeys: The Series
TRUE,Japanese,1000000,,FALSE,FALSE,,2,1,Pokémon Journeys: The Series
TRUE,none,100000000,4500000,FALSE,FALSE,2020-06-12,10,4,Pokémon Journeys: The Series
TRUE,none,80400000,4200000,FALSE,FALSE,2021-09-10,8,3,Pokémon Master Journeys: The Series
FALSE,none,200000,,FALSE,FALSE,,1,1,Pokémon the Movie: I Choose You!
FALSE,none,5800000,,FALSE,FALSE,2021-10-08,1,1,Pokémon the Movie: Secrets of the Jungle
FALSE,none,100000,,FALSE,FALSE,,1,1,Pokémon the Movie: The Power of Us
TRUE,Japanese,76400000,1700000,FALSE,FALSE,,2,1,Pokémon The Series: Indigo League
FALSE,none,3300000,100000,FALSE,FALSE,,2,1,Pokémon the Series: Sun & Moon: Sun & Moon: Ultra Adventures
FALSE,none,3400000,100000,FALSE,FALSE,,2,1,Pokémon the Series: Sun & Moon: Sun & Moon: Ultra Legends
FALSE,none,2900000,100000,FALSE,FALSE,,2,1,Pokémon the Series: Sun & Moon: Sun & Moon
FALSE,Japanese,800000,,FALSE,FALSE,,1,1,Pokémon The Series: XY: XY: Kalos Quest
FALSE,Japanese,1100000,,FALSE,FALSE,,1,1,Pokémon The Series: XY: XYZ
FALSE,Japanese,2600000,100000,FALSE,FALSE,,2,1,Pokémon The Series: XY: XY
TRUE,none,107200000,7700000,FALSE,FALSE,2022-10-21,7,3,Pokémon Ultimate Journeys: The Series
FALSE,Japanese,600000,100000,FALSE,FALSE,,1,1,Pokémon: Aim to Be a Pokémon Master: Special Season
FALSE,Japanese,18800000,,TRUE,TRUE,2020-02-27,1,1,Pokémon: Mewtwo Strikes Back - Evolution
FALSE,none,5100000,,FALSE,FALSE,2022-09-23,1,1,Pokémon: The Arceus Chronicles
TRUE,none,21900000,4900000,FALSE,FALSE,2023-09-08,1,1,Pokémon: To Be a Pokémon Master: Ultimate Journeys: The Series
FALSE,none,15700000,,FALSE,FALSE,2019-01-25,1,1,Polar
TRUE,none,16700000,1000000,FALSE,FALSE,,10,5,Poldark (2015)
TRUE,Japanese,900000,100000,FALSE,FALSE,,2,1,Police in a Pod
FALSE,Chinese_or_Kanji,200000,,FALSE,FALSE,,1,1,Police Story 2
FALSE,Chinese_or_Kanji,300000,,FALSE,FALSE,,1,1,Police Story 3 Super Cop
FALSE,Chinese_or_Kanji,200000,,FALSE,FALSE,,1,1,Police Story
TRUE,Korean,4600000,100000,FALSE,FALSE,,2,1,Police University
FALSE,Japanese,100000,,FALSE,FALSE,,1,1,Policeman and Me
FALSE,none,1200000,,FALSE,FALSE,,1,1,Polis Evo 2
FALSE,none,900000,,FALSE,FALSE,,1,1,Polis Evo
TRUE,Latin,2700000,600000,FALSE,FALSE,,1,1,Polish Murder Mysteries
FALSE,Latin,200000,,FALSE,FALSE,,1,1,Politics
TRUE,Latin,200000,100000,FALSE,FALSE,,1,1,Politics
FALSE,none,600000,100000,FALSE,FALSE,,2,1,Polly Pocket: Season 3: Part 1: Polly Pocket Rainbow Funland Adventures
FALSE,none,600000,100000,FALSE,FALSE,,2,1,Polly Pocket: Season 3: Part 2: Magic Locket Adventures
FALSE,none,600000,100000,FALSE,FALSE,,2,1,Polly Pocket: Season 4: Part 1: Summer of Adventure
FALSE,none,2300000,400000,FALSE,FALSE,,2,1,Polly Pocket: Season 4: Part 2: Tiny Taste Adventure
TRUE,none,21500000,1400000,FALSE,FALSE,,4,2,Polly Pocket
TRUE,none,1000000,200000,FALSE,FALSE,,1,1,Polowanie Na Ćmy
FALSE,none,100000,,FALSE,FALSE,,1,1,Poltergeist (2015)
FALSE,none,100000,,FALSE,FALSE,,1,1,Poltergeist Activity
FALSE,none,400000,,FALSE,FALSE,,1,1,Polícia Federal - A Lei É para Todos
FALSE,Japanese,800000,,FALSE,FALSE,,1,1,Pom Poko
FALSE,none,2400000,,FALSE,FALSE,,1,1,Pompeii
FALSE,Japanese,100000,,FALSE,FALSE,,1,1,Pompo: The Cinephile
FALSE,none,400000,,FALSE,FALSE,2019-07-12,1,1,Poms
FALSE,Japanese,9300000,,FALSE,FALSE,,1,1,Ponyo
TRUE,none,6000000,800000,FALSE,FALSE,2018-08-10,4,2,Ponysitters Club
FALSE,Korean,500000,100000,FALSE,FALSE,,1,1,Poo Poo in Nature: Season 1 - Season 5
TRUE,Korean,700000,,FALSE,FALSE,,1,1,Poo Poo in Nature
FALSE,none,500000,,FALSE,FALSE,,1,1,Poochandi
FALSE,Korean,14000000,,FALSE,FALSE,,1,1,"Poong, the Joseon Psychiatrist"
TRUE,Korean,1700000,100000,FALSE,FALSE,,1,1,"Poong, the Joseon Psychiatrist"
TRUE,none,1100000,,TRUE,TRUE,2015-10-30,3,3,Popples
FALSE,none,300000,,FALSE,FALSE,,1,1,Popstar: Never Stop Never Stopping
FALSE,none,200000,,FALSE,FALSE,,1,1,Population 436
FALSE,none,200000,,FALSE,FALSE,,1,1,Porady Na Zdrady
FALSE,Japanese,900000,,FALSE,FALSE,,1,1,Porco Rosso
FALSE,Latin,700000,,FALSE,FALSE,,1,1,Porn in the Hood
FALSE,none,100000,,FALSE,FALSE,,1,1,Porno para principiantes
TRUE,Korean,2400000,500000,FALSE,FALSE,,2,1,Pororo & Fairy Tales
FALSE,none,3100000,300000,TRUE,TRUE,,2,1,Pororo - The Little Penguin: 시즌4
TRUE,none,8100000,700000,TRUE,FALSE,,4,2,Pororo - The Little Penguin
TRUE,Korean,1200000,800000,FALSE,FALSE,,2,1,Pororo Singalong show NEW1
TRUE,Chinese_or_Kanji,5300000,800000,FALSE,FALSE,,1,1,Port of Lies
FALSE,Latin,100000,,FALSE,FALSE,,1,1,Porta dos Fundos: Contrato Vitalicio
FALSE,Korean,300000,,FALSE,FALSE,,1,1,Portrait of a Beauty
FALSE,Latin,100000,,FALSE,FALSE,,1,1,Portrait of a Beauty
FALSE,Latin,200000,,FALSE,FALSE,,1,1,Portrait of a Lady on Fire
FALSE,none,500000,,FALSE,FALSE,,1,1,Poseidon (2006)
FALSE,Latin,1400000,,TRUE,TRUE,,1,1,Possessed
TRUE,Korean,6500000,200000,TRUE,TRUE,2019-04-03,2,1,Possessed
FALSE,Latin,200000,,FALSE,FALSE,,1,1,Possession
TRUE,Latin,8300000,700000,TRUE,TRUE,2021-08-25,2,1,Post Mortem: No One Dies in Skarnes
FALSE,Devanagari,200000,,FALSE,FALSE,,1,1,Poster Boys
FALSE,none,300000,,TRUE,TRUE,,1,1,Potato Potahto
FALSE,none,100000,,TRUE,TRUE,,1,1,Pottersville
FALSE,Japanese,200000,,FALSE,FALSE,,1,1,Poupelle of Chimney Town
FALSE,none,100000,,FALSE,FALSE,,1,1,Poveri ma ricchissimi
FALSE,Latin,100000,,FALSE,FALSE,,1,1,Powder Keg
FALSE,Latin,6500000,,FALSE,FALSE,,1,1,Powder
TRUE,none,38900000,1100000,FALSE,FALSE,,12,6,Power (2014)
FALSE,none,200000,,FALSE,FALSE,,1,1,Power Paandi
FALSE,none,7100000,700000,FALSE,FALSE,,2,1,Power Players: Season 1 (Batch A)
FALSE,none,2600000,200000,FALSE,FALSE,,2,1,Power Players: Season 1 (Batch B)
FALSE,none,1600000,100000,FALSE,FALSE,,2,1,Power Players: Season 1 (Batch C)
FALSE,none,13000000,,FALSE,FALSE,,1,1,Power Rangers (2017)
TRUE,none,24300000,1300000,FALSE,FALSE,,4,2,Power Rangers Beast Morphers
TRUE,none,23000000,5300000,FALSE,FALSE,2023-09-29,1,1,Power Rangers Cosmic Fury
TRUE,none,104300000,4700000,FALSE,FALSE,2021-06-14,4,2,Power Rangers Dino Fury
TRUE,none,69900000,3500000,FALSE,FALSE,,4,2,Power Rangers Ninja Steel
FALSE,Korean,100000,,FALSE,FALSE,,1,1,PPONG School: 2020
FALSE,Korean,200000,,FALSE,FALSE,,1,1,PPONG School: 2021
FALSE,Latin,100000,,FALSE,FALSE,,1,1,Prague Cans
FALSE,none,300000,,FALSE,FALSE,,1,1,Praise This
TRUE,none,5400000,800000,TRUE,TRUE,2019-10-25,4,2,Prank Encounters
FALSE,none,300000,,FALSE,FALSE,,1,1,Pravarakyudu
FALSE,none,800000,,TRUE,TRUE,2021-08-03,1,1,Pray Away
FALSE,none,300000,,FALSE,FALSE,,1,1,Pray For Rain
FALSE,Latin,4600000,,FALSE,FALSE,2021-11-16,1,1,Prayers for the Stolen
TRUE,none,100000,,FALSE,FALSE,,1,1,Preachers of L.A.
TRUE,none,23100000,2900000,FALSE,FALSE,,4,4,Preacher
FALSE,none,1100000,,FALSE,FALSE,,1,1,Precious Cargo
TRUE,none,37400000,10000000,FALSE,FALSE,2023-09-06,1,1,Predators
FALSE,none,300000,,FALSE,FALSE,,1,1,Predestination
FALSE,none,100000,,FALSE,FALSE,,1,1,Preman Pensiun
FALSE,none,1100000,,FALSE,FALSE,,1,1,Premium Rush
FALSE,none,2400000,,FALSE,FALSE,,1,1,Premonition (2007)
TRUE,none,8700000,100000,FALSE,FALSE,,2,1,Preso No. 1
FALSE,none,100000,,FALSE,FALSE,,1,1,Press Play
FALSE,none,200000,,FALSE,FALSE,,1,1,Pressure Cooker (2020)
TRUE,none,41000000,1100000,TRUE,TRUE,2023-01-06,2,1,Pressure Cooker
TRUE,none,1100000,100000,TRUE,TRUE,2021-01-08,2,1,Pretend It’s a City
FALSE,Japanese,2600000,,TRUE,TRUE,2021-06-03,1,1,Pretty Guardian Sailor Moon Eternal The Movie: Part 1 / Part 2
TRUE,none,1000000,,FALSE,FALSE,,2,2,Pretty Hard Cases
TRUE,none,25000000,700000,FALSE,FALSE,,14,7,Pretty Little Liars (2010)
TRUE,Chinese_or_Kanji,400000,,FALSE,FALSE,,1,1,Pretty Man
TRUE,Japanese,100000,,FALSE,FALSE,,1,1,Pretty Proofreader
TRUE,none,6900000,700000,TRUE,TRUE,2021-10-08,2,1,Pretty Smart
FALSE,Latin,800000,,FALSE,FALSE,,1,1,Pretty Young Thing
FALSE,none,800000,,FALSE,FALSE,,1,1,Prey for the Devil
FALSE,none,5500000,,TRUE,TRUE,2021-09-10,1,1,Prey
FALSE,none,9200000,,FALSE,FALSE,,1,1,Pride & Prejudice
FALSE,none,200000,,FALSE,FALSE,,1,1,Pride (2014)
FALSE,none,1400000,,FALSE,FALSE,,1,1,Pride and Prejudice and Zombies
FALSE,none,1400000,,FALSE,FALSE,,1,1,Priest (2011)
FALSE,none,100000,,FALSE,FALSE,,1,1,Priest of Love
FALSE,none,200000,,FALSE,FALSE,,1,1,Primal (2019)
FALSE,none,8900000,,FALSE,FALSE,,1,1,Primal Fear
TRUE,none,100000,,FALSE,FALSE,,1,1,Prince Charles: Inside the Duchy of Cornwall
FALSE,Latin,300000,,FALSE,FALSE,,1,1,Prince of Crime
TRUE,none,100000,,FALSE,FALSE,,1,1,Prince of Legend
FALSE,none,100000,,TRUE,TRUE,2018-12-17,1,1,Prince of Peoria: A Christmas Moose Miracle
TRUE,none,8600000,1200000,TRUE,TRUE,2018-11-16,4,2,Prince of Peoria
FALSE,Arabic,200000,,FALSE,FALSE,,1,1,Prince of the Seas
FALSE,none,200000,,FALSE,FALSE,,1,1,Princes Of The Palace
FALSE,none,200000,,FALSE,FALSE,,1,1,Princesas
FALSE,none,300000,,FALSE,FALSE,,1,1,Princess 'Daya'Reese
FALSE,Chinese_or_Kanji,1100000,,FALSE,FALSE,,1,1,Princess Agents
TRUE,Japanese,100000,,FALSE,FALSE,,1,1,Princess Connect! Re: Dive
FALSE,Latin,100000,,FALSE,FALSE,,1,1,Princess Cursed in Time
TRUE,Latin,1200000,,FALSE,FALSE,,1,1,Princess for A Prince
TRUE,Korean,1700000,,FALSE,FALSE,,1,1,Princess Hours
FALSE,Japanese,4300000,,FALSE,FALSE,,1,1,Princess Mononoke
FALSE,Latin,100000,,FALSE,FALSE,,1,1,Princess of Mount Ledang
TRUE,none,46900000,4800000,TRUE,TRUE,2023-01-30,3,2,Princess Power
TRUE,none,2900000,100000,FALSE,FALSE,,2,1,Princess Sarah (1985)
FALSE,Devanagari,400000,,FALSE,FALSE,,1,1,Prince
FALSE,Japanese,100000,,FALSE,FALSE,,1,1,Principal: Am I a Heroine Who Is In Love
FALSE,none,100000,,FALSE,FALSE,2014-09-26,1,1,Print the Legend
FALSE,Korean,300000,,FALSE,FALSE,,1,1,Pripara: Idol Time Pripara
FALSE,Chinese_or_Kanji,100000,,FALSE,FALSE,,1,1,Prison On Fire II
FALSE,Chinese_or_Kanji,100000,,FALSE,FALSE,,1,1,Prison On Fire
TRUE,Korean,28200000,500000,TRUE,TRUE,2017-12-01,2,1,Prison Playbook
TRUE,Japanese,100000,,FALSE,FALSE,,1,1,Prison School
FALSE,none,33900000,,FALSE,FALSE,,1,1,Prisoners (2013)
FALSE,Korean,200000,,FALSE,FALSE,,1,1,Private Eye
FALSE,Latin,13900000,,TRUE,TRUE,2022-12-16,1,1,Private Lesson
FALSE,Latin,100000,,FALSE,FALSE,,1,1,Private Life - Part 1
FALSE,none,1200000,,TRUE,TRUE,2018-10-05,1,1,Private Life
TRUE,Korean,8600000,300000,TRUE,TRUE,2020-10-07,2,1,Private Lives
FALSE,Latin,100000,,TRUE,TRUE,2021-07-14,1,1,Private Network: Who Killed Manuel Buendía?
FALSE,none,4800000,,FALSE,FALSE,,1,1,Problem Child 2
FALSE,none,100000,,FALSE,FALSE,,1,1,Problem Child 3
FALSE,none,3600000,,FALSE,FALSE,,1,1,Problem Child
FALSE,none,200000,,FALSE,FALSE,,1,1,Problemos
FALSE,none,300000,,FALSE,FALSE,,1,1,Proceder
FALSE,none,200000,,TRUE,TRUE,2021-11-19,1,1,Procession
FALSE,none,1000000,,FALSE,FALSE,,1,1,Professor Marston and the Wonder Women
FALSE,Devanagari,200000,,FALSE,FALSE,,1,1,Professor
FALSE,none,500000,,FALSE,FALSE,,1,1,Profile
FALSE,Chinese_or_Kanji,100000,,FALSE,FALSE,,1,1,Project A 2
FALSE,none,100000,,FALSE,FALSE,,1,1,Project Gio
FALSE,Chinese_or_Kanji,100000,,FALSE,FALSE,,1,1,Project Gutenberg
TRUE,none,22500000,5400000,TRUE,TRUE,2015-08-07,12,6,Project Mc²
FALSE,none,20700000,,TRUE,TRUE,2020-08-14,1,1,Project Power
TRUE,none,6600000,400000,FALSE,FALSE,,1,1,Project Runway
FALSE,Thai,100000,,FALSE,FALSE,,1,1,Project S The Series: Shoot! I Love You
FALSE,Korean,5600000,,FALSE,FALSE,,1,1,Project Wolf Hunting
FALSE,none,1600000,,FALSE,FALSE,,1,1,Project X (2012)
TRUE,none,1200000,100000,FALSE,FALSE,,2,1,Prokurator
FALSE,none,1000000,,FALSE,FALSE,,1,1,Prom Night (2008)
FALSE,Latin,900000,,FALSE,FALSE,,1,1,Promise at Dawn
FALSE,none,300000,,FALSE,FALSE,,1,1,Promises (2021)
FALSE,none,3500000,,FALSE,FALSE,,1,1,Promising Young Woman
FALSE,none,100000,,FALSE,FALSE,,1,1,Proof of Life
FALSE,Chinese_or_Kanji,300000,,FALSE,FALSE,,1,1,Prophecy
FALSE,none,200000,,FALSE,FALSE,,1,1,Prophetess
FALSE,Latin,1000000,,FALSE,FALSE,,1,1,Prophet
FALSE,none,100000,,FALSE,FALSE,,1,1,Prosta historia o morderstwie
FALSE,Latin,200000,,FALSE,FALSE,,1,1,Prostitution: Behind the Veil
TRUE,Korean,2500000,100000,FALSE,FALSE,,1,1,Protect the Boss
FALSE,none,3100000,,FALSE,FALSE,,1,1,Proud Mary
TRUE,none,300000,200000,FALSE,FALSE,,1,1,PRU
FALSE,Japanese,300000,,FALSE,FALSE,,1,1,Psychic Kusuo
FALSE,none,1400000,,FALSE,FALSE,,1,1,Psycho (1960)
FALSE,none,200000,,FALSE,FALSE,,1,1,Psycho (2020)
FALSE,Japanese,300000,,FALSE,FALSE,,1,1,Psycho-Pass 2
FALSE,Japanese,100000,,FALSE,FALSE,,1,1,Psycho-Pass: The Movie
FALSE,Japanese,2000000,100000,FALSE,FALSE,,2,1,Psycho-Pass
FALSE,Korean,1500000,,TRUE,TRUE,2018-04-25,1,1,Psychokinesis
TRUE,Chinese_or_Kanji,800000,,FALSE,FALSE,,1,1,Psychologist
TRUE,none,2200000,200000,FALSE,FALSE,,4,2,Puberty Blues
FALSE,none,1300000,,FALSE,FALSE,,1,1,Public Enemies (2009)
FALSE,Korean,200000,,FALSE,FALSE,,1,1,Public Enemy Returns
TRUE,Latin,14000000,500000,FALSE,FALSE,,2,1,Public Enemy: Book of Revelation
FALSE,Korean,200000,,FALSE,FALSE,,1,1,Public Enemy
TRUE,Latin,2400000,,FALSE,FALSE,,2,2,Public Enemy
TRUE,none,7100000,,FALSE,FALSE,,1,1,Pucca: Love Recipe
FALSE,Japanese,100000,,FALSE,FALSE,,1,1,Puella Magi Madoka Magica the Movie: Rebellion
TRUE,Japanese,700000,100000,FALSE,FALSE,,2,1,Puella Magi Madoka Magica
TRUE,none,2000000,200000,TRUE,TRUE,2020-02-21,2,1,Puerta 7
FALSE,none,200000,,FALSE,FALSE,,1,1,Puerto Ricans in Paris
FALSE,none,1900000,,TRUE,TRUE,2021-12-16,1,1,Puff: Wonders of the Reef
TRUE,none,21300000,2500000,TRUE,FALSE,2015-09-01,4,2,Puffin Rock
FALSE,none,6200000,5600000,FALSE,FALSE,,2,1,Pui Pui Molcar Driving School
TRUE,none,6700000,4500000,FALSE,FALSE,,2,1,Pui Pui Molcar
FALSE,none,200000,,FALSE,FALSE,2018-09-27,1,1,Pulang
FALSE,none,400000,,FALSE,FALSE,,1,1,Pulling Strings
FALSE,none,7100000,,FALSE,FALSE,,1,1,Pulp Fiction
FALSE,Korean,100000,,FALSE,FALSE,,1,1,Punch
FALSE,none,1200000,,FALSE,FALSE,,1,1,Punisher: War Zone
TRUE,none,62300000,6600000,TRUE,TRUE,2020-02-21,4,2,Pup Academy
FALSE,none,300000,,FALSE,FALSE,,1,1,Pup Star: World Tour
FALSE,Latin,100000,,FALSE,FALSE,,1,1,"Pup-o, ma!"
FALSE,none,800000,,FALSE,FALSE,,1,1,Pupille
FALSE,none,200000,,FALSE,FALSE,,1,1,Puppy Star Christmas
FALSE,Latin,300000,,FALSE,FALSE,,1,1,Pure as Snow
FALSE,none,100000,,FALSE,FALSE,,1,1,Puriyatha Puthir (2017)
FALSE,none,42700000,,TRUE,TRUE,2022-07-29,1,1,Purple Hearts
FALSE,Korean,300000,,FALSE,FALSE,,1,1,Purpose of Hiking
FALSE,none,5300000,,FALSE,FALSE,,1,1,Push (2009)
FALSE,none,5400000,,TRUE,TRUE,2017-05-16,1,1,Puss in Book: Trapped in an Epic Tale
FALSE,none,46600000,,FALSE,FALSE,,1,1,Puss in Boots (2011)
FALSE,Latin,100000,,FALSE,FALSE,,1,1,Put Grandma in the Freezer
TRUE,Chinese_or_Kanji,16400000,500000,FALSE,FALSE,,2,1,Put Your Head on My Shoulder
TRUE,none,200000,200000,FALSE,FALSE,,2,1,Puteri
FALSE,none,100000,,FALSE,FALSE,,1,1,Putin: The New Tsar
FALSE,none,500000,,FALSE,FALSE,,1,1,Pwera usog
FALSE,Devanagari,1200000,,FALSE,FALSE,,1,1,Pyaar Ka Punchnama 2
FALSE,none,900000,,FALSE,FALSE,,1,1,Pyaar Ka Punchnama
FALSE,Devanagari,100000,,FALSE,FALSE,,1,1,Pyar Ke Do Pal
FALSE,none,700000,,FALSE,FALSE,,1,1,Párty Hárder: Summer Massacre
FALSE,none,800000,,FALSE,FALSE,,1,1,Père Fils Thérapie !
TRUE,none,100000,,FALSE,FALSE,,1,1,Pôr do Sol
FALSE,none,200000,,FALSE,FALSE,,1,1,Přes prsty
TRUE,none,3000000,300000,TRUE,TRUE,2021-09-02,2,1,Q-Force
FALSE,Devanagari,3000000,,TRUE,TRUE,2022-12-01,1,1,Qala
FALSE,Devanagari,700000,,FALSE,FALSE,,1,1,Qarib Qarib Singlle
FALSE,Arabic,100000,,FALSE,FALSE,,1,1,Qarmat In trouble
FALSE,Chinese_or_Kanji,2200000,400000,FALSE,FALSE,,1,1,Qi Refining for 3000 Years
FALSE,Devanagari,100000,,FALSE,FALSE,,1,1,Qila
TRUE,Chinese_or_Kanji,800000,,FALSE,FALSE,,1,1,Qin Dynasty Epic
FALSE,Chinese_or_Kanji,300000,,FALSE,FALSE,,1,1,Qin Empire: Alliance: The Qin Empire III
FALSE,Chinese_or_Kanji,800000,,FALSE,FALSE,,1,1,Qin Empire: Alliance: The Qin Empire
FALSE,Chinese_or_Kanji,600000,,FALSE,FALSE,,1,1,Qin Empire: Alliance
FALSE,none,500000,,FALSE,FALSE,,1,1,Qismat
FALSE,none,3800000,,TRUE,TRUE,,1,1,Qorin
FALSE,none,100000,,FALSE,FALSE,,1,1,Quai d'Orsay
FALSE,none,300000,,FALSE,FALSE,,1,1,Qualquer Gato Vira-Lata 2
FALSE,none,200000,,TRUE,TRUE,,1,1,Quam's Money
FALSE,none,100000,,FALSE,FALSE,,1,1,Quando o Sol se Põe
FALSE,none,100000,,FALSE,FALSE,,1,1,Quanto Tempo o Tempo Tem
FALSE,none,500000,,FALSE,FALSE,,1,1,Quarantine (2008)
TRUE,none,81600000,12700000,TRUE,TRUE,2023-07-12,1,1,Quarterback
TRUE,Japanese,4400000,200000,FALSE,FALSE,,2,1,Quartet
FALSE,none,400000,,FALSE,FALSE,,1,1,Que horas ela volta?
FALSE,Latin,300000,,FALSE,FALSE,,1,1,Que Leones
FALSE,none,100000,,FALSE,FALSE,,1,1,Que se mueran los feos
FALSE,none,1400000,,FALSE,FALSE,,1,1,Queen & Slim
FALSE,none,580600000,12000000,TRUE,TRUE,2023-05-04,2,1,Queen Charlotte: A Bridgerton Story
TRUE,none,43300000,2500000,TRUE,TRUE,2023-05-10,2,1,Queen Cleopatra
TRUE,Korean,16900000,700000,FALSE,FALSE,,2,1,Queen for Seven Days
FALSE,none,100000,,FALSE,FALSE,,1,1,Queen of Glory
TRUE,Korean,11300000,,FALSE,FALSE,,1,1,Queen of Masks
FALSE,none,100000,,FALSE,FALSE,,1,1,Queen of the Desert
TRUE,none,204400000,12300000,TRUE,FALSE,,10,5,Queen of the South
TRUE,none,5000000,600000,TRUE,TRUE,2020-02-28,2,1,Queen Sono
TRUE,Korean,133300000,1200000,TRUE,TRUE,2023-04-14,2,1,Queenmaker
FALSE,Latin,37100000,,FALSE,FALSE,2023-04-14,1,1,Queens on the Run
FALSE,Devanagari,2000000,,FALSE,FALSE,,1,1,Queen
TRUE,Latin,3000000,400000,TRUE,TRUE,2022-06-23,2,1,Queen
TRUE,none,200000,,FALSE,FALSE,,1,1,Queer as Folk (1999)
TRUE,none,400000,,FALSE,FALSE,2022-03-09,1,1,Queer Eye Germany
TRUE,Latin,1500000,100000,TRUE,TRUE,2022-08-24,2,1,Queer Eye: Brazil
TRUE,none,1700000,200000,TRUE,TRUE,2019-11-01,2,1,Queer Eye: We're in Japan!
TRUE,none,80100000,2600000,TRUE,TRUE,2018-02-07,14,7,Queer Eye
FALSE,none,100000,,FALSE,FALSE,,1,1,Querência
FALSE,none,600000,,FALSE,FALSE,,1,1,Querô
TRUE,Latin,25600000,3800000,TRUE,TRUE,2019-04-05,2,1,Quicksand
FALSE,Korean,100000,,FALSE,FALSE,,1,1,Quick
FALSE,none,100000,,FALSE,FALSE,,1,1,Quiet Victory: The Charlie Wedemeyer Story
FALSE,Latin,100000,,FALSE,FALSE,,1,1,Quiet
FALSE,none,500000,,TRUE,TRUE,2018-09-21,1,1,Quincy
FALSE,none,100000,,FALSE,FALSE,,1,1,Quién te cantará
FALSE,none,400000,,FALSE,FALSE,,1,1,Qué pena tu vida (2016)
TRUE,Korean,900000,100000,FALSE,FALSE,,1,1,R U Next?
FALSE,Korean,200000,,FALSE,FALSE,,1,1,R-Point
FALSE,none,7700000,,FALSE,FALSE,,1,1,R.I.P.D. 2: Rise of the Damned
FALSE,none,18800000,,FALSE,FALSE,,1,1,R.I.P.D.
FALSE,none,100000,,FALSE,FALSE,,1,1,R.K.Nagar
FALSE,Devanagari,1000000,,FALSE,FALSE,,1,1,Raajneeti
FALSE,none,5700000,,FALSE,FALSE,,1,1,Raangi
FALSE,Devanagari,1700000,,TRUE,TRUE,2020-07-31,1,1,Raat Akeli Hai
FALSE,none,3400000,,FALSE,FALSE,2022-02-18,1,1,Rabbids Invasion Special: Mission to Mars
TRUE,Latin,28900000,1100000,FALSE,FALSE,,6,3,Rabbids Invasion
FALSE,none,400000,,FALSE,FALSE,2022-04-01,1,1,Rabbit Academy:  Mission Eggpossible
FALSE,none,100000,,FALSE,FALSE,,1,1,Rabbit-Proof Fence
TRUE,none,100000,,FALSE,FALSE,,1,1,Rabid
FALSE,none,1900000,,FALSE,FALSE,,1,1,Race (2016)
FALSE,Devanagari,800000,,FALSE,FALSE,,1,1,Race 2
TRUE,none,1000000,100000,TRUE,TRUE,2022-02-22,2,1,Race: Bubba Wallace
FALSE,none,200000,,FALSE,FALSE,,1,1,Racetime!
FALSE,none,300000,,FALSE,FALSE,,1,1,Racing Hearts
FALSE,Latin,1200000,,TRUE,TRUE,2022-11-16,1,1,Racionais MC's: From the Streets of São Paulo
TRUE,Korean,9300000,200000,TRUE,TRUE,2021-05-31,2,1,Racket Boys
FALSE,Devanagari,1400000,,FALSE,FALSE,,1,1,Radhe Shyam (Hindi)
TRUE,Korean,300000,,FALSE,FALSE,,1,1,Radiant Office
TRUE,Japanese,700000,,FALSE,FALSE,,2,2,Radiant
TRUE,Korean,1500000,,FALSE,FALSE,,1,1,Radio Romance
FALSE,none,1000000,,FALSE,FALSE,2021-04-15,1,1,Radioactive
FALSE,Devanagari,4000000,,FALSE,FALSE,,1,1,Raees
FALSE,Latin,100000,,TRUE,TRUE,2018-09-21,1,1,Rafinha Bastos: Ultimatum
FALSE,Latin,200000,,FALSE,FALSE,,1,1,Rafters
FALSE,Japanese,200000,,FALSE,FALSE,,1,1,Rage
TRUE,none,246500000,46100000,TRUE,TRUE,2020-01-31,5,3,Ragnarok
FALSE,Chinese_or_Kanji,100000,,FALSE,FALSE,,1,1,Railroad Tigers
TRUE,Korean,17300000,600000,FALSE,FALSE,,2,1,Rain or Shine
TRUE,none,59700000,13300000,TRUE,TRUE,,6,3,Rainbow High
TRUE,none,15900000,600000,FALSE,FALSE,,4,2,Rainbow Rangers
TRUE,Korean,13800000,,FALSE,FALSE,,1,1,Rainbow Ruby
FALSE,none,800000,,TRUE,TRUE,2022-09-30,1,1,Rainbow
TRUE,none,71100000,4600000,TRUE,TRUE,2019-10-04,4,2,Raising Dion
FALSE,none,2400000,,FALSE,FALSE,,1,1,Raising the Bar (2016)
TRUE,Devanagari,1200000,100000,FALSE,FALSE,,2,1,"Raja, Rasoi aur Anya Kahaniyan"
FALSE,Devanagari,400000,,TRUE,TRUE,2018-11-30,1,1,Rajma Chawal
TRUE,none,1100000,,FALSE,FALSE,,5,5,Rake (2010)
FALSE,none,4600000,4300000,TRUE,TRUE,2023-10-31,1,1,Ralph Barbosa: Cowabunga
FALSE,none,200000,100000,FALSE,FALSE,,2,1,Ralphie May: Imperfectly Yours
FALSE,none,600000,100000,TRUE,TRUE,2015-02-27,2,1,Ralphie May: Unruly
FALSE,none,300000,,TRUE,TRUE,2018-04-06,1,1,"Ram Dass, Going Home"
FALSE,none,200000,,FALSE,FALSE,,1,1,Ram Prasad Ki Tehrvi
FALSE,Devanagari,200000,,FALSE,FALSE,,1,1,Ram-Jaane
FALSE,none,200000,,FALSE,FALSE,,1,1,Ramachari
FALSE,none,100000,,FALSE,FALSE,,1,1,Ramayya Vasthavayya
FALSE,none,1200000,,FALSE,FALSE,,1,1,Rambo (2008)
FALSE,none,100000,,FALSE,FALSE,,1,1,Rambo III
FALSE,none,100000,,FALSE,FALSE,,1,1,Rambo: First Blood Part II
FALSE,none,200000,,FALSE,FALSE,,1,1,Rambo: First Blood
FALSE,none,6300000,,FALSE,FALSE,,1,1,Rambo: Last Blood
FALSE,none,3800000,,FALSE,FALSE,,1,1,Rampage (2018)
FALSE,Korean,100000,,FALSE,FALSE,,1,1,Rampant
FALSE,none,100000,,FALSE,FALSE,,1,1,Rams (2020)
TRUE,Devanagari,53000000,800000,TRUE,TRUE,2023-03-10,2,1,Rana Naidu
TRUE,none,32000000,2000000,FALSE,FALSE,,20,10,Ranczo
FALSE,none,4300000,,FALSE,FALSE,,1,1,Random Hearts
FALSE,Devanagari,600000,,FALSE,FALSE,,1,1,Rang De Basanti
FALSE,none,1600000,,FALSE,FALSE,,1,1,Ranga Ranga Vaibhavanga
FALSE,none,23900000,,FALSE,FALSE,,1,1,Rango (2011)
TRUE,Japanese,7500000,300000,FALSE,FALSE,,4,2,Ranking of Kings
TRUE,Japanese,800000,,FALSE,FALSE,,2,2,Ranma 1/2
FALSE,none,600000,,FALSE,FALSE,,1,1,Ransom (1996)
FALSE,none,600000,,TRUE,TRUE,2022-07-08,1,1,Ranveer vs Wild with Bear Grylls
TRUE,none,200000,,TRUE,TRUE,2018-03-30,1,1,Rapture
FALSE,Japanese,200000,,FALSE,FALSE,,1,1,Rascal Does Not Dream of a Dreaming Girl
TRUE,Japanese,6100000,600000,FALSE,FALSE,,2,1,Rascal Does Not Dream of Bunny Girl Senpai
FALSE,Hebrew,800000,,FALSE,FALSE,,1,1,Rascals on Duty
FALSE,none,100000,,FALSE,FALSE,,1,1,Rasuk
FALSE,none,100000,,FALSE,FALSE,,1,1,Rat Race (2001)
TRUE,none,21500000,1600000,TRUE,TRUE,2020-09-18,2,1,Ratched
FALSE,none,100000,,FALSE,FALSE,,1,1,Ratchet and Clank
TRUE,Chinese_or_Kanji,200000,,FALSE,FALSE,,1,1,Rattan
FALSE,none,600000,,TRUE,TRUE,,1,1,RattleSnake - The Ahanna Story
FALSE,none,3000000,,TRUE,TRUE,2019-10-25,1,1,Rattlesnake
FALSE,none,2000000,100000,FALSE,FALSE,,2,1,Ratz (2003)
TRUE,Japanese,2500000,300000,FALSE,FALSE,,2,1,Raven of the Inner Palace
FALSE,Latin,1000000,,FALSE,FALSE,2018-03-02,1,1,Ravenous
FALSE,none,4100000,,FALSE,FALSE,,1,1,Raw (Hindi) (2022)
FALSE,Latin,500000,,FALSE,FALSE,,1,1,Raw
TRUE,none,2100000,,FALSE,FALSE,,7,7,Ray Donovan
FALSE,none,400000,200000,TRUE,TRUE,2019-02-05,2,1,"Ray Romano: Right Here, Around the Corner"
FALSE,none,200000,,FALSE,FALSE,,1,1,Raya Tak Jadi
TRUE,Arabic,300000,,FALSE,FALSE,,1,1,Rayah El Madam
FALSE,none,100000,100000,FALSE,FALSE,,1,1,Rayen Panday - Fenomeen
TRUE,Devanagari,1200000,200000,TRUE,TRUE,2021-06-25,2,1,Ray
FALSE,Japanese,16800000,,FALSE,FALSE,2023-02-13,1,1,Re/Member
TRUE,none,1000000,100000,TRUE,TRUE,2017-10-12,2,1,Re:Mind
TRUE,Japanese,7300000,300000,FALSE,FALSE,,4,2,Re:ZERO -Starting Life in Another World- Director's Cut
FALSE,Japanese,500000,,FALSE,FALSE,,1,1,Re:ZERO -Starting Life in Another World- Season 2
FALSE,none,1400000,100000,FALSE,FALSE,,2,1,REA(L)OVE
FALSE,none,300000,,FALSE,FALSE,,1,1,Ready (2008)
FALSE,none,4100000,,FALSE,FALSE,,1,1,Ready Player One
TRUE,none,200000,,FALSE,FALSE,,1,1,Ready Steady Cook (1994)
FALSE,Latin,2500000,,FALSE,FALSE,2019-10-02,1,1,Ready to Mingle
FALSE,Japanese,100000,,FALSE,FALSE,,1,1,Real Girl
TRUE,none,5200000,1600000,FALSE,FALSE,,1,1,"Real Husbands of Hollywood: More Kevin, More Problems"
TRUE,none,2600000,200000,TRUE,TRUE,2015-11-30,4,2,Real Rob
TRUE,none,5100000,400000,TRUE,TRUE,2020-06-10,2,1,Reality Z
FALSE,none,1200000,,TRUE,TRUE,,1,1,Really Love
FALSE,Korean,400000,,FALSE,FALSE,,1,1,Real
TRUE,Latin,600000,100000,TRUE,TRUE,2021-11-23,2,1,Reasonable Doubt: A Tale of Two Kidnappings
FALSE,none,5700000,,TRUE,TRUE,2020-10-21,1,1,Rebecca
TRUE,none,5100000,600000,TRUE,FALSE,2022-07-29,2,1,Rebel Cheer Squad: A Get Even Series
FALSE,none,63900000,300000,FALSE,FALSE,,2,1,Rebelde Way (2002): Temporada 1
FALSE,none,49400000,200000,FALSE,FALSE,,2,1,Rebelde Way (2002): Temporada 2
TRUE,none,13000000,1100000,TRUE,TRUE,2022-01-05,4,2,Rebelde
FALSE,Latin,400000,,FALSE,FALSE,,1,1,Rebellion
TRUE,none,7100000,800000,FALSE,FALSE,2016-04-08,4,2,Rebellion
FALSE,Latin,100000,,FALSE,FALSE,,1,1,Rebels
FALSE,none,300000,,TRUE,TRUE,2016-07-15,1,1,Rebirth
TRUE,none,5800000,700000,TRUE,TRUE,2018-03-30,4,2,Reboot: The Guardian Code
TRUE,Japanese,6500000,900000,FALSE,FALSE,,1,1,Rebooting
FALSE,Korean,19800000,,FALSE,FALSE,,1,1,Reborn Rich
TRUE,Korean,6200000,300000,FALSE,FALSE,,1,1,Reborn Rich
FALSE,Korean,500000,,FALSE,FALSE,,1,1,Recalled
FALSE,Japanese,200000,,FALSE,FALSE,,1,1,Recall
FALSE,none,800000,,FALSE,FALSE,,1,1,Recep İvedik 2
FALSE,none,800000,,FALSE,FALSE,,1,1,Recep Ivedik 3
FALSE,none,900000,,FALSE,FALSE,,1,1,Recep Ivedik
FALSE,Chinese_or_Kanji,200000,,TRUE,TRUE,2022-08-06,1,1,Reclaim
TRUE,Japanese,1700000,300000,FALSE,FALSE,,5,3,Recommendations for Solo Live Girls
TRUE,Japanese,400000,,FALSE,FALSE,,1,1,Record of Grancrest War
TRUE,Japanese,179300000,11100000,FALSE,FALSE,2021-06-17,4,2,Record of Ragnarok
TRUE,Korean,45400000,1100000,TRUE,TRUE,2020-09-07,2,1,Record of Youth
FALSE,none,400000,,TRUE,TRUE,2018-06-29,1,1,Recovery Boys
FALSE,Latin,6000000,,TRUE,TRUE,2022-07-27,1,1,Recurrence
FALSE,none,1400000,,FALSE,FALSE,,1,1,RED (2010)
FALSE,none,200000,,FALSE,FALSE,,1,1,Red (2020)
FALSE,none,400000,,FALSE,FALSE,,1,1,Red (2021)
FALSE,none,1600000,,FALSE,FALSE,,1,1,RED 2
TRUE,Korean,21600000,,FALSE,FALSE,,1,1,Red Balloon
FALSE,Chinese_or_Kanji,100000,,FALSE,FALSE,,1,1,Red Cliff II
FALSE,Chinese_or_Kanji,900000,,FALSE,FALSE,,1,1,Red Cliff: Theatrical Version
FALSE,none,300000,,FALSE,FALSE,,1,1,Red Dawn (2012)
FALSE,none,200000,,FALSE,FALSE,,1,1,Red Dog (2012)
FALSE,none,2300000,,TRUE,TRUE,2021-02-11,1,1,Red Dot
FALSE,none,9000000,,FALSE,FALSE,,1,1,Red Dragon
FALSE,none,1400000,,FALSE,FALSE,,1,1,Red Eye (2005)
FALSE,none,100000,,FALSE,FALSE,,1,1,Red Faction: Origins
FALSE,none,1000000,,FALSE,FALSE,,1,1,Red Joan
FALSE,none,68100000,,TRUE,TRUE,2021-11-12,1,1,Red Notice
FALSE,none,600000,,FALSE,FALSE,,1,1,Red Riding Hood (2011)
TRUE,none,82200000,2000000,TRUE,TRUE,2023-02-15,2,1,Red Rose
FALSE,none,300000,,FALSE,FALSE,,1,1,Red Snow (2019)
FALSE,Arabic,100000,,FALSE,FALSE,,1,1,Reda's clock
FALSE,none,3800000,,FALSE,FALSE,,1,1,Redemption (2013)
FALSE,none,4000000,,FALSE,FALSE,,1,1,Redemption Day
FALSE,none,100000,,FALSE,FALSE,,1,1,Redemption of a Rogue
TRUE,none,200000,,FALSE,FALSE,,2,2,Redfern Now
TRUE,Korean,11300000,300000,TRUE,TRUE,2021-10-13,2,1,Reflection of You
FALSE,none,300000,,FALSE,FALSE,,1,1,Refugiado
TRUE,Devanagari,100000,,FALSE,FALSE,,1,1,Regiment Diaries
FALSE,none,200000,,FALSE,FALSE,,1,1,Regression
TRUE,Japanese,1500000,300000,FALSE,FALSE,,1,1,Reign of the Seven Spellblades
FALSE,none,100000,,FALSE,FALSE,,1,1,Reign Over Me
TRUE,Latin,1800000,100000,TRUE,TRUE,2022-11-18,2,1,Reign Supreme
FALSE,Japanese,3600000,100000,FALSE,FALSE,,2,1,Reincarnated as a Sword
FALSE,none,1400000,,FALSE,FALSE,,1,1,Rekha
TRUE,none,100000,,FALSE,FALSE,,1,1,ReLIFE
FALSE,Latin,100000,,FALSE,FALSE,,1,1,Remains of Fairy Tales
TRUE,Korean,40400000,1600000,TRUE,TRUE,2022-07-15,2,1,Remarriage & Desires
FALSE,none,300000,,TRUE,TRUE,2019-04-26,1,1,ReMastered: Devil at the Crossroads
FALSE,none,100000,,TRUE,TRUE,2019-01-11,1,1,ReMastered: Massacre at the Stadium
FALSE,none,100000,,TRUE,TRUE,2019-05-17,1,1,ReMastered: The Lion's Share
FALSE,none,200000,,TRUE,TRUE,2019-03-22,1,1,ReMastered: The Miami Showband Massacre
FALSE,none,300000,,TRUE,TRUE,2019-02-08,1,1,ReMastered: The Two Killings of Sam Cooke
FALSE,none,300000,,TRUE,TRUE,2018-11-02,1,1,ReMastered: Tricky Dick & The Man in Black
FALSE,none,100000,,TRUE,TRUE,2018-12-07,1,1,ReMastered: Who Killed Jam Master Jay?
FALSE,none,400000,,TRUE,TRUE,2018-10-12,1,1,ReMastered: Who Shot the Sheriff
FALSE,none,100000,,FALSE,FALSE,,1,1,Remember (2015)
FALSE,none,100000,,FALSE,FALSE,,1,1,Remember Baghdad
FALSE,none,5600000,,FALSE,FALSE,,1,1,Remember Me (2010)
FALSE,Latin,100000,,FALSE,FALSE,,1,1,Remember us
FALSE,Korean,100000,,FALSE,FALSE,,1,1,Remember You
TRUE,Thai,1000000,,TRUE,TRUE,,1,1,Remember You
FALSE,Latin,200000,,FALSE,FALSE,,1,1,Remington and the Curse of the Zombadings
FALSE,none,2000000,,FALSE,FALSE,,1,1,Reminiscence (2021)
FALSE,Chinese_or_Kanji,200000,,FALSE,FALSE,,1,1,Reminiscence
TRUE,Japanese,200000,,FALSE,FALSE,,1,1,"Renaikansatsubaraetei ainori2 ""Bangladesh"""
TRUE,Japanese,200000,,FALSE,FALSE,,1,1,"Renaikansatsubaraetei ainori2 ""Cambodia"""
TRUE,Japanese,100000,,FALSE,FALSE,,1,1,Renaikansatsubaraetei ainori2 Z
FALSE,none,100000,,FALSE,FALSE,,1,1,Rencor tatuado
TRUE,Japanese,1100000,100000,FALSE,FALSE,,2,1,Renovation Like Magic
TRUE,Japanese,2200000,300000,FALSE,FALSE,,5,3,Rent-a-Girlfriend
FALSE,none,300000,,FALSE,FALSE,,1,1,Rentnercops - Jeder Tag zählt: Staffel 4
TRUE,none,13200000,2900000,TRUE,TRUE,2023-11-24,1,1,Replacing Chef Chico
FALSE,none,3000000,,FALSE,FALSE,,1,1,Replicas
TRUE,Korean,46800000,900000,TRUE,FALSE,,2,1,Reply 1988
FALSE,none,400000,,FALSE,FALSE,,1,1,Repo Men
TRUE,Latin,15300000,4000000,TRUE,TRUE,2023-09-06,1,1,Reporting for Duty
TRUE,Latin,17000000,300000,TRUE,TRUE,2023-01-20,2,1,Represent
FALSE,none,100000,,FALSE,FALSE,,1,1,Reprisal (2018)
FALSE,Latin,100000,,FALSE,FALSE,,1,1,Repulse
FALSE,none,100000,,FALSE,FALSE,,1,1,Requiem for a Dream
TRUE,none,7200000,600000,TRUE,TRUE,2018-03-23,2,1,Requiem
FALSE,Latin,200000,,FALSE,FALSE,,1,1,Requisitos para ser una persona normal
FALSE,none,1200000,,FALSE,FALSE,,1,1,Reroute
FALSE,none,9200000,,TRUE,TRUE,2022-03-17,1,1,Rescued by Ruby
FALSE,none,100000,,FALSE,FALSE,,1,1,Rescued from Hell: The Story of Jota Cardona
FALSE,none,3100000,,FALSE,FALSE,,1,1,Reservoir Dogs
FALSE,none,100000,,FALSE,FALSE,,1,1,Reset (2021)
TRUE,Chinese_or_Kanji,500000,,FALSE,FALSE,,1,1,Reset
FALSE,none,3800000,,FALSE,FALSE,,1,1,Resident Evil (2002)
FALSE,none,3100000,,FALSE,FALSE,,1,1,Resident Evil: Afterlife
FALSE,none,6400000,,FALSE,FALSE,,1,1,Resident Evil: Apocalypse
FALSE,none,100000,,FALSE,FALSE,,1,1,Resident Evil: Damnation
FALSE,Japanese,100000,,FALSE,FALSE,,1,1,Resident Evil: Degeneration
FALSE,none,1100000,,FALSE,FALSE,,1,1,Resident Evil: Extinction
TRUE,none,4800000,1000000,TRUE,TRUE,2021-07-08,2,1,RESIDENT EVIL: Infinite Darkness
FALSE,none,3100000,,FALSE,FALSE,,1,1,Resident Evil: Retribution
FALSE,none,3200000,,FALSE,FALSE,,1,1,Resident Evil: The Final Chapter
FALSE,none,200000,,FALSE,FALSE,,1,1,Resident Evil: Vendetta
FALSE,none,1000000,,FALSE,FALSE,,1,1,Resident Evil: Welcome to Raccoon City
TRUE,none,36900000,1600000,TRUE,TRUE,2022-07-14,2,1,Resident Evil
FALSE,Thai,100000,,FALSE,FALSE,,1,1,Reside
FALSE,none,3400000,,FALSE,FALSE,,1,1,Resistance (2020)
FALSE,none,8300000,,TRUE,TRUE,2021-07-29,1,1,Resort to Love
FALSE,Latin,500000,,FALSE,FALSE,,1,1,Respect
FALSE,Chinese_or_Kanji,700000,100000,FALSE,FALSE,,2,1,Restaurant to Another World 2
FALSE,Chinese_or_Kanji,900000,100000,FALSE,FALSE,,2,1,Restaurant to Another World
TRUE,none,3600000,300000,TRUE,FALSE,2020-02-28,4,2,Restaurants on the Edge
FALSE,none,100000,,FALSE,FALSE,,1,1,Restiamo amici
FALSE,Latin,8000000,,TRUE,TRUE,2022-02-25,1,1,Restless
FALSE,none,100000,,FALSE,FALSE,,1,1,Restoring the Shack
FALSE,none,100000,,FALSE,FALSE,,1,1,Resturlaub
FALSE,none,100000,,FALSE,FALSE,,1,1,Resurrecting a Legend
TRUE,Latin,38700000,,FALSE,FALSE,,4,4,Resurrection: Ertugrul
TRUE,Japanese,600000,100000,FALSE,FALSE,,2,1,Rettou Seiha (Tentative)
FALSE,Korean,100000,,FALSE,FALSE,,1,1,Return of the Mafia
TRUE,none,200000,100000,FALSE,FALSE,,2,1,Return of the Wild: The Bear Man of Buncrana
FALSE,none,600000,,FALSE,FALSE,,1,1,Return to Christmas Creek
FALSE,Latin,100000,,FALSE,FALSE,,1,1,Return to Montauk
FALSE,none,3200000,,TRUE,TRUE,2022-04-07,1,1,Return to Space
FALSE,none,1100000,,FALSE,FALSE,,1,1,Return to the Blue Lagoon
TRUE,Latin,2500000,500000,FALSE,FALSE,,1,1,Return
FALSE,none,400000,,FALSE,FALSE,,1,1,Reunion (2020)
FALSE,Latin,600000,,FALSE,FALSE,,1,1,Reunion 1.0
FALSE,Latin,100000,,FALSE,FALSE,,1,1,Reunion Z
TRUE,Korean,5000000,100000,FALSE,FALSE,,2,1,Reunited Worlds
TRUE,none,1000000,,FALSE,FALSE,,1,1,Revelation
FALSE,Latin,300000,,TRUE,TRUE,,1,1,Revenge of the Pontianak
FALSE,Korean,3700000,,TRUE,TRUE,2019-01-15,1,1,Revenger
TRUE,none,800000,,FALSE,FALSE,,1,1,Revenger
FALSE,none,3900000,,FALSE,FALSE,2018-06-01,1,1,Revenge
FALSE,none,100000,,TRUE,TRUE,2018-09-13,1,1,Reversing Roe
TRUE,none,1900000,200000,TRUE,FALSE,2019-01-09,2,1,revisions
TRUE,Korean,7800000,,TRUE,TRUE,,1,1,Revolutionary Love
FALSE,Korean,2700000,,FALSE,FALSE,,1,1,Revolutionary Sisters
FALSE,none,100000,,FALSE,FALSE,,1,1,Revolver (2005)
FALSE,Latin,100000,,FALSE,FALSE,,1,1,Rhino Season
TRUE,none,2400000,500000,TRUE,TRUE,2020-12-22,2,1,Rhyme Time Town Singalongs
TRUE,none,9000000,1000000,TRUE,TRUE,2020-06-19,4,2,Rhyme Time Town
FALSE,none,200000,100000,FALSE,FALSE,,2,1,Rhys Nicholson Live at the Athenaeum
TRUE,Latin,23300000,300000,TRUE,TRUE,2022-06-09,4,2,Rhythm + Flow France
TRUE,none,6600000,200000,TRUE,TRUE,2019-10-09,2,1,Rhythm + Flow
FALSE,Thai,500000,,FALSE,FALSE,,1,1,Riam Fighting Angel
FALSE,none,200000,100000,FALSE,FALSE,2018-01-24,2,1,Ricardo Quevedo: Hay gente así
FALSE,none,300000,100000,TRUE,TRUE,2019-04-03,2,1,Ricardo Quevedo: Los amargados somos más
FALSE,Latin,500000,200000,TRUE,TRUE,2022-08-02,2,1,Ricardo Quevedo: Tomorrow Will Be Worse
TRUE,none,6400000,1700000,FALSE,FALSE,,2,2,Rich Holiday Poor Holiday
FALSE,Latin,9400000,,TRUE,TRUE,2023-06-02,1,1,Rich in Love 2
FALSE,Latin,7200000,,TRUE,TRUE,2020-04-30,1,1,Rich in Love
FALSE,none,1500000,,FALSE,FALSE,,1,1,Richard Jewell
FALSE,none,1400000,400000,TRUE,TRUE,,2,1,Richard Pryor: Live in Concert
FALSE,none,600000,,FALSE,FALSE,,1,1,Richie Rich (1994)
TRUE,none,26100000,3100000,TRUE,FALSE,2015-02-20,4,2,Richie Rich
TRUE,none,177700000,23100000,FALSE,FALSE,,13,7,Rick and Morty
FALSE,none,200000,,FALSE,FALSE,,1,1,Ricki and the Flash
FALSE,none,8400000,8000000,FALSE,FALSE,2023-12-25,1,1,Ricky Gervais: Armageddon
FALSE,none,3500000,1300000,TRUE,TRUE,2018-03-13,2,1,Ricky Gervais: Humanity
FALSE,none,6200000,3000000,TRUE,TRUE,2022-05-24,2,1,Ricky Gervais: SuperNature
FALSE,Latin,300000,,FALSE,FALSE,,1,1,Ricky Rapper and the Strongman
TRUE,none,12000000,400000,FALSE,FALSE,,2,1,Ricky Zoom
FALSE,none,300000,,FALSE,FALSE,,1,1,Ricomincio da tre
FALSE,none,15400000,,FALSE,FALSE,,1,1,Riddick
FALSE,Latin,100000,,FALSE,FALSE,,1,1,Riddle Child
FALSE,none,100000,,FALSE,FALSE,,1,1,Ride (2018)
FALSE,none,2900000,,FALSE,FALSE,,1,1,Ride Along (2014)
FALSE,none,8200000,,FALSE,FALSE,,1,1,Ride Along 2
TRUE,Japanese,700000,,TRUE,FALSE,,5,5,RIDE ON TIME
FALSE,Chinese_or_Kanji,1100000,,TRUE,TRUE,2021-04-15,1,1,Ride or Die
FALSE,none,500000,,FALSE,FALSE,,1,1,Ride with the Devil
FALSE,none,100000,,FALSE,FALSE,,1,1,Rider on the Rain
FALSE,Latin,1700000,,FALSE,FALSE,,1,1,Riders of Justice
TRUE,Japanese,3100000,400000,FALSE,FALSE,,1,1,Riding a Unicorn
FALSE,none,100000,,FALSE,FALSE,,1,1,Riding in Cars with Boys
FALSE,Japanese,200000,,FALSE,FALSE,,1,1,Riding Uphill
FALSE,none,100000,,FALSE,FALSE,2020-11-27,1,1,Riding with Sugar
TRUE,none,28900000,2300000,TRUE,TRUE,2021-07-13,10,5,Ridley Jones
TRUE,none,200000,100000,FALSE,FALSE,,1,1,Riesending - Jede Stunde zählt
FALSE,Latin,100000,,FALSE,FALSE,,1,1,"Right On Target, Baby"
FALSE,none,2100000,,FALSE,FALSE,,1,1,Righteous Kill
FALSE,Korean,300000,,FALSE,FALSE,,1,1,Righteous Ties
TRUE,Japanese,400000,100000,FALSE,FALSE,,2,1,Rika -Rebirth-
TRUE,Japanese,1600000,100000,FALSE,FALSE,,2,1,Rika
TRUE,Japanese,900000,200000,TRUE,TRUE,2019-04-19,2,1,Rilakkuma and Kaoru
TRUE,Japanese,1100000,200000,TRUE,TRUE,2022-08-25,2,1,Rilakkuma's Theme Park Adventure
FALSE,none,10200000,,TRUE,TRUE,2019-05-24,1,1,Rim of the World
FALSE,Arabic,100000,,FALSE,FALSE,,1,1,Rima
FALSE,none,2800000,,FALSE,FALSE,,1,1,Rip Tide (2017)
FALSE,Latin,1400000,,TRUE,TRUE,,1,1,Riphagen - The Untouchable
FALSE,none,100000,,FALSE,FALSE,,1,1,Rise (2016)
FALSE,none,37800000,1400000,TRUE,TRUE,2022-12-29,2,1,Rise of Empires: Ottoman: Mehmed vs. Vlad
FALSE,none,20700000,1100000,TRUE,TRUE,2020-01-24,2,1,Rise of Empires: Ottoman: The Conquest of Constantinople
FALSE,none,500000,,FALSE,FALSE,,1,1,Rise of the Footsoldier 3: The Pat Tate Story
FALSE,none,500000,,FALSE,FALSE,,1,1,Rise of the Footsoldier Part II
FALSE,none,500000,,FALSE,FALSE,,1,1,Rise of the Footsoldier: Marbella
FALSE,none,13200000,,FALSE,FALSE,,1,1,Rise of the Guardians
FALSE,none,500000,,FALSE,FALSE,,1,1,Rise of the Krays
FALSE,Chinese_or_Kanji,2100000,,FALSE,FALSE,,1,1,Rise of the Legend
FALSE,none,6000000,,TRUE,TRUE,2022-08-05,1,1,Rise of the Teenage Mutant Ninja Turtles: The Movie
TRUE,none,17600000,1000000,FALSE,FALSE,,3,2,Rise of the Teenage Mutant Ninja Turtles
FALSE,none,8500000,,FALSE,FALSE,,1,1,Risen (2016)
FALSE,Latin,3000000,,TRUE,TRUE,2020-04-17,1,1,Rising High
FALSE,none,100000,,TRUE,TRUE,2020-08-26,1,1,Rising Phoenix
FALSE,Latin,100000,,FALSE,FALSE,,1,1,Risks and Side Effects
TRUE,Korean,900000,,FALSE,FALSE,,1,1,Risky Romance
TRUE,Korean,6600000,200000,TRUE,TRUE,2023-04-25,2,1,Risqué Business: Japan
TRUE,Korean,2000000,600000,TRUE,TRUE,2023-08-29,1,1,Risqué Business: Taiwan
FALSE,none,500000,,FALSE,FALSE,,1,1,Rita Moreno: Just a Girl Who Decided to Go for It
TRUE,none,15600000,1300000,TRUE,TRUE,2013-08-14,10,5,Rita
FALSE,Arabic,100000,,FALSE,FALSE,,1,1,Ritsa: Three Colors of Love
FALSE,Latin,200000,,FALSE,FALSE,,1,1,River Rascals
FALSE,none,1400000,,FALSE,FALSE,,1,1,River Runs Red
FALSE,Japanese,100000,,FALSE,FALSE,2019-02-15,1,1,River's Edge
TRUE,none,361900000,13500000,FALSE,FALSE,2017-01-27,14,7,Riverdale
FALSE,none,7300000,,FALSE,FALSE,2022-01-14,1,1,Riverdance: The Animated Adventure
FALSE,Latin,600000,,FALSE,FALSE,,1,1,Riviera East
FALSE,none,4800000,,FALSE,FALSE,,1,1,Road House
FALSE,Japanese,300000,,FALSE,FALSE,,1,1,Road To High & Low
FALSE,none,100000,,FALSE,FALSE,,1,1,Road To Ninja -Naruto The movie-
FALSE,none,2800000,,FALSE,FALSE,,1,1,Road to Perdition
TRUE,none,200000,,FALSE,FALSE,,1,1,Roadkill (2020)
FALSE,none,700000,,FALSE,FALSE,,1,1,Roadrunner: A Film About Anthony Bourdain
FALSE,none,81000000,,TRUE,TRUE,2022-12-25,1,1,Roald Dahl's Matilda The Musical
FALSE,none,200000,100000,TRUE,TRUE,2020-08-11,2,1,"Rob Schneider: Asian Momma, Mexican Kids"
FALSE,none,100000,,FALSE,FALSE,,1,1,Roba da ricchi
FALSE,none,500000,400000,TRUE,TRUE,,1,1,Robbie Williams Live at Knebworth
TRUE,none,28600000,8600000,TRUE,TRUE,2023-11-08,1,1,Robbie Williams
FALSE,Latin,2900000,,TRUE,TRUE,2022-10-26,1,1,Robbing Mussolini
FALSE,none,100000,,FALSE,FALSE,,1,1,Robert and the Toymaker
FALSE,none,300000,,FALSE,FALSE,,1,1,Robert the Doll
FALSE,none,4800000,,FALSE,FALSE,,1,1,Robin Hood (2010)
FALSE,none,1100000,,FALSE,FALSE,,1,1,Robin Hood (2018)
FALSE,none,100000,,FALSE,FALSE,,1,1,Robin Hood: Men in Tights
FALSE,none,5000000,,FALSE,FALSE,,1,1,Robin Hood: Prince of Thieves
TRUE,none,4300000,200000,FALSE,FALSE,,2,1,Robin Hood: Schlitzohr von Sherwood
FALSE,none,300000,,TRUE,TRUE,2021-11-24,1,1,Robin Robin
FALSE,Chinese_or_Kanji,900000,,FALSE,FALSE,,1,1,Robin-B-Hood
FALSE,none,400000,,FALSE,FALSE,,1,1,Robinson Crusoe (2016)
FALSE,none,200000,,FALSE,FALSE,,1,1,Robinù
FALSE,Korean,9500000,600000,TRUE,TRUE,,2,1,Robocar POLI Safety Series
FALSE,none,3000000,400000,TRUE,TRUE,,2,1,Robocar POLI Song Song Museum
FALSE,Korean,200000,200000,FALSE,FALSE,,1,1,Robocar POLI Special: The Story of the Desert Rescue
TRUE,none,32800000,2400000,TRUE,FALSE,,8,4,Robocar Poli
TRUE,none,6400000,,FALSE,FALSE,,2,2,Robot Trains
TRUE,none,4000000,500000,TRUE,TRUE,2018-10-25,4,2,Robozuna
FALSE,none,300000,,FALSE,FALSE,,1,1,Rock 'n Roll (2017)
FALSE,none,400000,,FALSE,FALSE,,1,1,Rock Dog
FALSE,none,5300000,,TRUE,TRUE,2019-01-17,1,1,Rock My Heart
FALSE,Devanagari,200000,,FALSE,FALSE,,1,1,Rock On!!
FALSE,none,900000,,FALSE,FALSE,,1,1,Rocketman (2019)
FALSE,none,1400000,,FALSE,FALSE,,1,1,RocknRolla
FALSE,none,400000,,TRUE,TRUE,2019-08-08,1,1,Rocko's Modern Life: Static Cling
FALSE,none,8400000,,FALSE,FALSE,,1,1,Rocky (1976)
FALSE,none,5100000,,FALSE,FALSE,,1,1,Rocky III
FALSE,none,5700000,,FALSE,FALSE,,1,1,Rocky II
FALSE,none,5900000,,FALSE,FALSE,,1,1,Rocky IV
FALSE,none,2700000,,FALSE,FALSE,,1,1,Rocky V
FALSE,none,400000,100000,TRUE,TRUE,2017-10-03,2,1,Rodney Carrington: Here Comes the Truth
FALSE,Latin,500000,100000,TRUE,TRUE,2022-09-06,2,1,Rodrigo Marques: King of Uncouth
FALSE,Latin,100000,,TRUE,TRUE,2022-05-19,1,1,"Rodrigo Sant'Anna: I'm Here, I'm Queer!"
FALSE,none,100000,,FALSE,FALSE,,1,1,Roger Waters: Us + Them
FALSE,none,300000,,FALSE,FALSE,,1,1,Rogue (2007)
FALSE,none,2400000,,FALSE,FALSE,2022-07-27,1,1,Rogue Agent
FALSE,Latin,11200000,,FALSE,FALSE,2020-10-30,1,1,Rogue City
FALSE,none,300000,,FALSE,FALSE,,1,1,Rogue Warfare: Death of a Nation
FALSE,none,200000,,FALSE,FALSE,,1,1,Roh (2019)
TRUE,Japanese,500000,100000,FALSE,FALSE,,2,1,Rokuhoudou Colorful Days
FALSE,Latin,300000,,FALSE,FALSE,,1,1,Roll and Run
FALSE,Latin,1000000,,FALSE,FALSE,,1,1,Rolling Snake Eyes 5: Is That Ours?
FALSE,none,100000,,FALSE,FALSE,,1,1,Rolling Stone: Life and Death of Brian Jones
FALSE,none,300000,,TRUE,TRUE,2019-06-12,1,1,Rolling Thunder Revue: A Bob Dylan Story by Martin Scorsese
FALSE,Latin,200000,,FALSE,FALSE,,1,1,Rolling to You
FALSE,none,10300000,1700000,TRUE,TRUE,2019-04-05,2,1,Roman Empire: Caligula: The Mad Emperor
FALSE,none,13500000,1300000,TRUE,TRUE,2016-11-11,2,1,Roman Empire: Commodus: Reign of Blood
FALSE,none,8200000,1000000,TRUE,TRUE,2018-07-27,2,1,Roman Empire: Julius Caesar: Master of Rome
FALSE,none,2600000,,FALSE,FALSE,,1,1,"Roman J. Israel, Esq."
FALSE,Japanese,300000,,FALSE,FALSE,,1,1,Romance Doll
FALSE,none,800000,,FALSE,FALSE,,1,1,Romance in Style
TRUE,Korean,30900000,900000,TRUE,TRUE,2019-01-26,2,1,Romance Is a Bonus Book
FALSE,Korean,100000,,FALSE,FALSE,,1,1,Romance of Their Own
TRUE,Japanese,100000,100000,FALSE,FALSE,,1,1,Romance Storm Zone
TRUE,Japanese,25300000,2100000,TRUE,TRUE,2022-10-27,2,1,Romantic Killer
FALSE,Japanese,100000,,FALSE,FALSE,,1,1,Romantic Prelude
FALSE,none,200000,,FALSE,FALSE,,1,1,Romantic Road
FALSE,none,200000,,TRUE,TRUE,,1,1,Romantik Komedi 2: Bekarlığa Veda
FALSE,none,300000,,FALSE,FALSE,,1,1,Romanzo Criminale (2005)
FALSE,none,800000,,TRUE,TRUE,2018-12-14,1,1,ROMA
FALSE,Devanagari,1200000,,FALSE,FALSE,,1,1,Romeo Akbar Walter
TRUE,Cyrillic,100000,,FALSE,FALSE,,1,1,Romeo And Juliet From  Cherkassy
TRUE,none,1400000,300000,TRUE,TRUE,2022-11-29,2,1,Romesh Ranganathan: The Cynic
FALSE,Latin,1400000,,FALSE,FALSE,,1,1,"Romina, My Life"
FALSE,none,100000,,FALSE,FALSE,,1,1,Rompis
FALSE,none,100000,,FALSE,FALSE,,1,1,Romy
FALSE,Latin,100000,,FALSE,FALSE,,1,1,Rom
TRUE,Japanese,4800000,900000,FALSE,FALSE,,1,1,Ron Kamonohashi's Forbidden Deductions
FALSE,none,1700000,700000,TRUE,TRUE,2018-10-16,2,1,"Ron White: If You Quit Listening, I'll Shut Up"
FALSE,none,100000,,FALSE,FALSE,,1,1,Ronald Goedemondt - Binnen De Lijntjes
FALSE,none,100000,,FALSE,FALSE,,1,1,Ronald Goedemondt - Dedication
FALSE,none,100000,,FALSE,FALSE,,1,1,Ronald Goedemondt - Geen Sprake Van
FALSE,none,100000,,FALSE,FALSE,,1,1,Ronald Goedemondt - Numero Uno
FALSE,none,100000,,FALSE,FALSE,,1,1,Ronald Goedemondt: De R van Ronald
FALSE,none,200000,,FALSE,FALSE,,1,1,Ronaldo Vs Messi: Face Off!
FALSE,none,1700000,,FALSE,FALSE,,1,1,Ronaldo
FALSE,none,100000,,FALSE,FALSE,,1,1,Ronny Chieng International Student: Season One
FALSE,none,900000,400000,TRUE,TRUE,2019-12-17,2,1,Ronny Chieng: Asian Comedian Destroys America!
FALSE,none,500000,200000,TRUE,TRUE,2022-04-05,2,1,Ronny Chieng: Speakeasy
FALSE,Korean,2200000,,FALSE,FALSE,,1,1,Rooftop Prince
TRUE,Korean,6800000,300000,FALSE,FALSE,,1,1,Rooftop Prince
FALSE,Devanagari,1000000,,FALSE,FALSE,,1,1,Roohi
TRUE,none,14400000,600000,FALSE,FALSE,,10,5,Rookie Blue
TRUE,none,1700000,800000,FALSE,FALSE,,2,2,Rookie Cops
TRUE,Korean,25100000,500000,TRUE,TRUE,2019-07-17,2,1,Rookie Historian Goo Hae-Ryung
FALSE,Chinese_or_Kanji,300000,,FALSE,FALSE,,1,1,Rookies the Movie: Graduation
FALSE,none,900000,,FALSE,FALSE,,1,1,Room (2015)
TRUE,none,2000000,300000,TRUE,TRUE,2020-12-07,2,1,Room 2806: The Accusation
FALSE,none,100000,,FALSE,FALSE,,1,1,Room in Rome
FALSE,none,100000,,FALSE,FALSE,,1,1,Room on the Broom
FALSE,Japanese,100000,,FALSE,FALSE,,1,1,Roommate
FALSE,none,400000,,TRUE,TRUE,2020-10-15,1,1,Rooting for Roona
FALSE,none,2100000,,FALSE,FALSE,,1,1,Roped
TRUE,Japanese,2400000,200000,FALSE,FALSE,,2,1,Roppongi Class
FALSE,none,100000,,TRUE,TRUE,2017-06-20,1,1,Rory Scovel Tries Stand-Up for the First Time
FALSE,Japanese,100000,,FALSE,FALSE,,1,1,Rosario + Vampire: Capu2
TRUE,Japanese,200000,,FALSE,FALSE,,1,1,Rosario + Vampire
TRUE,none,287400000,3200000,FALSE,FALSE,,6,3,Rosario Tijeras (Mexico)
FALSE,Latin,2900000,,TRUE,TRUE,2020-12-09,1,1,Rose Island
FALSE,none,100000,,FALSE,FALSE,,1,1,Rosita
TRUE,none,24100000,1400000,FALSE,FALSE,,8,4,"Roswell, New Mexico"
TRUE,none,7400000,600000,TRUE,TRUE,2018-01-05,4,2,Rotten
FALSE,Korean,100000,,FALSE,FALSE,,1,1,Rough Cut
TRUE,Latin,100000,,FALSE,FALSE,,1,1,Rough Cut
TRUE,none,91500000,2700000,TRUE,TRUE,2023-04-21,2,1,Rough Diamonds
FALSE,none,1800000,,FALSE,FALSE,,1,1,Rough Night
TRUE,none,300000,,FALSE,FALSE,,3,3,Round the Twist
FALSE,Arabic,600000,,FALSE,FALSE,,1,1,Route 10
FALSE,none,400000,,FALSE,FALSE,,1,1,Rowdy Fellow
FALSE,Devanagari,500000,,FALSE,FALSE,,1,1,Rowdy Rathore
FALSE,none,1400000,,TRUE,TRUE,2018-03-23,1,1,Roxanne Roxanne
TRUE,Thai,27400000,100000,FALSE,FALSE,,2,1,Royal Doctor
FALSE,Chinese_or_Kanji,200000,,FALSE,FALSE,,1,1,Royal Tramp II
FALSE,Chinese_or_Kanji,300000,,FALSE,FALSE,,1,1,Royal Tramp
FALSE,Latin,12800000,,TRUE,TRUE,2023-05-11,1,1,Royalteen: Princess Margrethe
FALSE,Latin,7600000,,TRUE,TRUE,2022-08-17,1,1,Royalteen
FALSE,none,29400000,,FALSE,FALSE,,1,1,RRR (Hindi)
FALSE,Latin,500000,,FALSE,FALSE,,1,1,Rudo y Cursi
FALSE,none,100000,,FALSE,FALSE,,1,1,Rudra: Secret of the Black Moon
FALSE,none,100000,,FALSE,FALSE,,1,1,Rudra: The Rise of King Pharaoh
FALSE,none,200000,,FALSE,FALSE,,1,1,Rudy
TRUE,Korean,18400000,400000,TRUE,TRUE,2020-03-28,2,1,Rugal
TRUE,none,21300000,1600000,FALSE,FALSE,,4,2,Rugrats (1991)
FALSE,Korean,100000,,FALSE,FALSE,,1,1,Rules of Dating
FALSE,none,6300000,,FALSE,FALSE,,1,1,Rumble (2021)
FALSE,none,300000,,FALSE,FALSE,,1,1,Rumble: The Indians Who Rocked the World
FALSE,none,600000,,FALSE,FALSE,,1,1,Rumor Has It... (2005)
FALSE,Latin,2800000,,TRUE,TRUE,2022-04-29,1,1,Rumspringa - An Amish in Berlin
FALSE,none,600000,,FALSE,FALSE,,1,1,Run & Gun
FALSE,none,1500000,,FALSE,FALSE,,1,1,Run All Night
TRUE,Japanese,5600000,500000,TRUE,TRUE,2022-11-15,2,1,Run for the Money
FALSE,Korean,100000,,FALSE,FALSE,,1,1,Run Off
TRUE,Korean,52700000,1300000,TRUE,TRUE,2020-12-16,2,1,Run On
FALSE,none,7300000,,FALSE,FALSE,2023-06-28,1,1,Run Rabbit Run
FALSE,Latin,100000,,FALSE,FALSE,,1,1,Run to the Beach
FALSE,Japanese,100000,,FALSE,FALSE,,1,1,Run! T High School Basketball Club
FALSE,none,600000,,FALSE,FALSE,,1,1,"Run, Fatboy, Run"
FALSE,none,1400000,,FALSE,FALSE,,1,1,Runaway Jury
TRUE,Latin,8500000,1200000,FALSE,FALSE,,1,1,Runaway
TRUE,Latin,4000000,300000,TRUE,TRUE,2023-04-13,2,1,Running for my Truth: Alex Schwazer
FALSE,Korean,200000,,FALSE,FALSE,,1,1,Running Man 2
FALSE,Korean,2100000,100000,TRUE,TRUE,,2,1,Running Man
FALSE,Korean,100000,,FALSE,FALSE,,1,1,Running Turtle
FALSE,Korean,100000,,FALSE,FALSE,,1,1,Running Wild
FALSE,none,3300000,,FALSE,FALSE,,1,1,Running with the Devil (2019)
FALSE,none,2800000,,TRUE,TRUE,2022-08-24,1,1,Running with the Devil: The Wild World of John McAfee
FALSE,none,10400000,,FALSE,FALSE,2021-04-02,1,1,Run
TRUE,none,20900000,500000,FALSE,FALSE,2017-03-24,8,6,RuPaul's Drag Race
TRUE,none,300000,,FALSE,FALSE,2020-05-02,1,1,RuPaul's Secret Celebrity Drag Race
TRUE,none,11100000,500000,FALSE,FALSE,2018-12-15,6,3,RuPaul’s Drag Race: All Stars
TRUE,none,400000,,FALSE,FALSE,2019-03-01,3,3,RuPaul’s Drag Race: Untucked!
FALSE,Japanese,2500000,,FALSE,FALSE,,1,1,Rurouni Kenshin: Kyoto Inferno
FALSE,Japanese,5400000,,FALSE,FALSE,,1,1,Rurouni Kenshin: Origins
FALSE,Japanese,11900000,,TRUE,TRUE,2021-07-30,1,1,Rurouni Kenshin: The Beginning
FALSE,Japanese,5300000,,TRUE,TRUE,2021-06-18,1,1,Rurouni Kenshin: The Final
FALSE,Japanese,2900000,,FALSE,FALSE,,1,1,Rurouni Kenshin: The Legend Ends
TRUE,Japanese,2700000,300000,FALSE,FALSE,,1,1,Rurouni Kenshin
FALSE,none,3700000,,FALSE,FALSE,,1,1,Rush (2013)
FALSE,none,3600000,,FALSE,FALSE,,1,1,Rush Hour (1998)
FALSE,none,3100000,,FALSE,FALSE,,1,1,Rush Hour 2
FALSE,none,3400000,,FALSE,FALSE,,1,1,Rush Hour 3
FALSE,none,200000,100000,TRUE,TRUE,2018-12-04,2,1,RUSSELL BRAND: RE:BIRTH
TRUE,none,800000,100000,TRUE,TRUE,2021-12-14,2,1,Russell Howard: Lubricant
FALSE,none,500000,200000,TRUE,TRUE,2017-12-19,2,1,Russell Howard: Recalibrate
FALSE,none,600000,200000,TRUE,TRUE,2016-10-07,2,1,Russell Peters: Almost Famous
TRUE,none,14100000,1500000,TRUE,TRUE,2019-02-01,4,2,Russian Doll
FALSE,none,2500000,,FALSE,FALSE,,1,1,Rust Creek
TRUE,none,32600000,2700000,TRUE,FALSE,2019-08-23,6,3,Rust Valley Restorers
FALSE,Korean,200000,,FALSE,FALSE,,1,1,RV: Resurrected Victims
FALSE,none,4900000,,FALSE,FALSE,,1,1,RV
TRUE,Japanese,100000,,FALSE,FALSE,,1,1,RWBY: Ice Queendom
FALSE,none,400000,100000,TRUE,TRUE,2017-08-29,2,1,Ryan Hamilton: Happy Face
FALSE,Chinese_or_Kanji,200000,,FALSE,FALSE,,1,1,S Storm
FALSE,none,100000,,FALSE,FALSE,,1,1,S.O.S. Titanic
FALSE,none,7500000,,FALSE,FALSE,,1,1,S.W.A.T. (2003)
TRUE,none,595400000,22200000,FALSE,FALSE,,11,6,S.W.A.T. (2017)
FALSE,none,8700000,,FALSE,FALSE,,1,1,S.W.A.T.: Firefight
FALSE,none,4500000,,FALSE,FALSE,,1,1,S.W.A.T.: Under Siege
FALSE,none,100000,,TRUE,TRUE,,1,1,Sa Balik Baju
FALSE,none,100000,,FALSE,FALSE,,1,1,Sa nu uiti pana diseara
FALSE,Devanagari,2200000,,FALSE,FALSE,,1,1,Saaho
FALSE,none,100000,,FALSE,FALSE,,1,1,Saakini Daakini (Malayalam)
FALSE,none,900000,,FALSE,FALSE,,1,1,Saakini Daakini
FALSE,Japanese,300000,,FALSE,FALSE,,1,1,Sabakan
FALSE,none,1700000,,FALSE,FALSE,,1,1,Sabotage (2014)
FALSE,none,1500000,,FALSE,FALSE,2018-11-19,1,1,Sabrina
FALSE,Latin,1200000,,FALSE,FALSE,,1,1,Sacred 2
TRUE,Devanagari,12000000,900000,TRUE,TRUE,2018-07-06,4,2,Sacred Games
FALSE,Latin,100000,,FALSE,FALSE,,1,1,Sacred
FALSE,Japanese,3400000,300000,FALSE,FALSE,,2,1,Sacrificial Princess and the King of Beasts
FALSE,Japanese,200000,,FALSE,FALSE,,1,1,Sado: Saunado 2021
FALSE,Japanese,200000,,FALSE,FALSE,,1,1,Sado: Saunado
FALSE,none,100000,,FALSE,FALSE,,1,1,Safari (2022)
FALSE,none,6800000,,FALSE,FALSE,,1,1,Safe (2012)
FALSE,none,900000,,FALSE,FALSE,,1,1,Safe Haven
FALSE,none,7800000,,FALSE,FALSE,,1,1,Safe House (2012)
TRUE,none,400000,,FALSE,FALSE,,2,2,Safe House
TRUE,none,33000000,2800000,TRUE,TRUE,2018-05-10,2,1,Safe
FALSE,Chinese_or_Kanji,200000,,FALSE,FALSE,,1,1,Saga of Tanya the Evil: The Movie
TRUE,Japanese,1500000,100000,FALSE,FALSE,,2,1,Saga of Tanya the Evil
FALSE,none,200000,,FALSE,FALSE,,1,1,Sahara (2005)
FALSE,none,3600000,,FALSE,FALSE,2017-05-12,1,1,Sahara
FALSE,none,100000,,FALSE,FALSE,,1,1,Sahasam Swasaga Sagipo
FALSE,Devanagari,400000,,FALSE,FALSE,,1,1,Saheb Biwi Aur Gangster Returns
FALSE,none,600000,,FALSE,FALSE,,1,1,Sai de Baixo: O Filme
TRUE,Japanese,4000000,300000,FALSE,FALSE,,2,1,Saihara the Loan Shark
TRUE,Japanese,7600000,800000,FALSE,FALSE,,6,3,Sailor Moon Crystal
FALSE,Japanese,200000,,FALSE,FALSE,,1,1,Sailor Moon R
FALSE,Japanese,100000,,FALSE,FALSE,,1,1,Sailor Moon S: The Movie
FALSE,Japanese,100000,,FALSE,FALSE,,1,1,Sailor Moon Super S the Movie: Black Dream Hole
TRUE,none,1500000,100000,FALSE,FALSE,,3,2,Sailor Moon S
TRUE,Japanese,700000,100000,FALSE,FALSE,,1,1,Saint Cecilia & Pastor Lawrence
FALSE,none,4100000,700000,TRUE,TRUE,2020-01-23,2,1,SAINT SEIYA: Knights of the Zodiac: Part II
FALSE,none,5600000,900000,TRUE,TRUE,2019-07-19,2,1,SAINT SEIYA: Knights of the Zodiac: Part I
TRUE,Japanese,800000,,FALSE,FALSE,,1,1,Saint Seiya: The Lost Canvas
FALSE,Japanese,100000,,FALSE,FALSE,,1,1,Saint Young Men
TRUE,Japanese,400000,100000,FALSE,FALSE,,1,1,Saitama Host Club
TRUE,none,2400000,100000,FALSE,FALSE,,2,1,Saiyo Sakato
FALSE,Chinese_or_Kanji,100000,,FALSE,FALSE,,1,1,Saiyuki
FALSE,none,100000,,FALSE,FALSE,,1,1,Sakaling Maging Tayo
TRUE,none,100000,,TRUE,TRUE,,1,1,Sakho & Mangane
FALSE,Devanagari,100000,,FALSE,FALSE,,1,1,Salaakhen
FALSE,Arabic,200000,,FALSE,FALSE,,1,1,Saladin
FALSE,none,100000,,FALSE,FALSE,,1,1,Salako
FALSE,none,7900000,,FALSE,FALSE,,1,1,Salt (2010)
TRUE,none,2200000,400000,TRUE,TRUE,2018-10-11,2,1,Salt Fat Acid Heat
TRUE,none,30300000,1400000,FALSE,FALSE,,4,2,Salvation
TRUE,none,158100000,5600000,FALSE,FALSE,,2,1,Sam & Cat
FALSE,none,500000,,FALSE,FALSE,,1,1,Sam & Kate
FALSE,none,300000,100000,TRUE,TRUE,2020-08-04,2,1,Sam Jay: 3 In The Morning
FALSE,none,500000,300000,TRUE,FALSE,2022-09-01,2,1,Sam Morril: Same Time Tomorrow
FALSE,none,300000,100000,FALSE,FALSE,,2,1,Sam Smith: Love Goes - Live at Abbey Road Studios
TRUE,none,100000,,TRUE,TRUE,2018-07-06,1,1,Samantha!
FALSE,none,400000,,FALSE,FALSE,,1,1,Samba (2014)
FALSE,none,800000,,FALSE,FALSE,,1,1,Same Kind of Different as Me
FALSE,Korean,100000,,FALSE,FALSE,,1,1,Samjin Company English Class
TRUE,none,4300000,100000,FALSE,FALSE,,2,1,Sammy & Co
FALSE,Latin,100000,,FALSE,FALSE,,1,1,Samotność w sieci
TRUE,none,3500000,300000,FALSE,FALSE,,4,2,SamSam (2007)
TRUE,Japanese,1700000,100000,FALSE,FALSE,,2,1,Samurai 7
TRUE,Japanese,900000,100000,TRUE,TRUE,2017-03-16,2,1,Samurai Gourmet
TRUE,none,13800000,1300000,TRUE,TRUE,2022-04-28,4,2,Samurai Rabbit: The Usagi Chronicles
FALSE,Japanese,100000,,FALSE,FALSE,,1,1,Samurai's Promise
FALSE,none,5200000,,FALSE,FALSE,,1,1,San Andreas
TRUE,Japanese,52500000,1900000,TRUE,FALSE,2023-05-04,2,1,Sanctuary
FALSE,none,8500000,,TRUE,TRUE,2017-04-21,1,1,Sand Castle
FALSE,Arabic,1100000,,FALSE,FALSE,2016-12-15,1,1,Sand Storm
FALSE,none,2300000,,TRUE,TRUE,2017-04-14,1,1,Sandy Wexler
FALSE,none,100000,,FALSE,FALSE,,1,1,Sangkar
FALSE,none,100000,,FALSE,FALSE,,1,1,Sangkuriang
FALSE,none,100000,,FALSE,FALSE,,1,1,Sanitation Day
FALSE,Devanagari,1200000,,FALSE,FALSE,,1,1,Sanju
TRUE,none,100000,,FALSE,FALSE,,1,1,Sankofa - A África Que Te Habita
FALSE,none,100000,,FALSE,FALSE,,1,1,Sankofa
TRUE,Latin,1100000,100000,TRUE,TRUE,2020-12-30,2,1,SanPa: Sins of the Savior
FALSE,Devanagari,100000,,FALSE,FALSE,,1,1,Santa Banta Pvt Ltd
TRUE,none,42300000,3900000,TRUE,TRUE,2017-02-03,6,3,Santa Clarita Diet
FALSE,none,3100000,,TRUE,TRUE,2020-08-28,1,1,Santana
TRUE,none,62900000,5200000,FALSE,FALSE,,2,1,Santiago of the Seas
FALSE,none,500000,,FALSE,FALSE,,1,1,Santo Cachón
TRUE,none,12600000,900000,TRUE,TRUE,2022-09-16,2,1,Santo
FALSE,none,100000,,FALSE,FALSE,,1,1,Sar Başa
FALSE,Latin,1500000,,FALSE,FALSE,2018-05-26,1,1,Sara's Notebook
TRUE,none,900000,100000,FALSE,FALSE,,4,3,Sarah & Duck
FALSE,none,300000,100000,TRUE,TRUE,2017-05-30,2,1,Sarah Silverman A Speck of Dust
FALSE,none,200000,,FALSE,FALSE,,1,1,Sarbath
FALSE,Devanagari,800000,,TRUE,TRUE,2021-05-18,1,1,Sardar Ka Grandson
FALSE,none,900000,,FALSE,FALSE,,1,1,Sarkar (Tamil) (2018)
FALSE,none,700000,,FALSE,FALSE,,1,1,Sarkar (Telugu) (2018)
FALSE,none,100000,,FALSE,FALSE,,1,1,Sarvam Thaala Mayam (Telugu Version)
FALSE,none,100000,,FALSE,FALSE,,1,1,Sarvam Thaala Mayam
FALSE,none,13500000,,FALSE,FALSE,2021-08-27,1,1,SAS: Rise of the Black Swan
TRUE,Japanese,700000,100000,FALSE,FALSE,,1,1,Sasaki and Miyano
FALSE,Latin,200000,,FALSE,FALSE,,1,1,Satan's Slaves
FALSE,none,600000,,FALSE,FALSE,,1,1,Satria Dewa: Gatotkaca
FALSE,none,100000,,TRUE,TRUE,,1,1,Satria Heroes: Revenge of the Darkness
TRUE,none,100000,,TRUE,TRUE,2021-12-10,1,1,Saturday Morning All Star Hits!
FALSE,none,300000,,FALSE,FALSE,,1,1,Satya 2
FALSE,none,400000,,FALSE,FALSE,,1,1,Sauerkrautkoma
FALSE,none,6400000,,FALSE,FALSE,,1,1,Sausage Party
TRUE,none,12700000,900000,TRUE,TRUE,2022-05-12,2,1,Savage Beauty
TRUE,Latin,4200000,500000,TRUE,TRUE,2022-03-02,2,1,Savage Rhythm
FALSE,none,4100000,,FALSE,FALSE,,1,1,Savages (2012)
FALSE,Korean,100000,,FALSE,FALSE,,1,1,Save the Green Planet!
FALSE,none,1000000,,FALSE,FALSE,,1,1,Save the Last Dance
FALSE,none,200000,,TRUE,TRUE,2017-11-21,1,1,Saving Capitalism
TRUE,none,8100000,700000,FALSE,FALSE,,5,5,Saving Hope
TRUE,Japanese,4300000,200000,FALSE,FALSE,,2,1,Saving My Stupid Youth
TRUE,none,1300000,100000,TRUE,TRUE,,1,1,Saving Our Marriage
FALSE,Latin,700000,,FALSE,FALSE,,1,1,Saving Private Perez
FALSE,none,1100000,,FALSE,FALSE,,1,1,Saving Private Ryan
FALSE,none,200000,,FALSE,FALSE,,1,1,Saving Zoë
FALSE,none,200000,,FALSE,FALSE,,1,1,Saw III
FALSE,none,900000,,FALSE,FALSE,,1,1,Saw II
FALSE,none,200000,,FALSE,FALSE,,1,1,Saw IV
FALSE,none,100000,,FALSE,FALSE,,1,1,Saw VI
FALSE,none,300000,,FALSE,FALSE,,1,1,Saw V
FALSE,none,200000,,FALSE,FALSE,,1,1,Saw: The Final Chapter
FALSE,none,1200000,,FALSE,FALSE,,1,1,Saw
TRUE,none,1800000,100000,TRUE,TRUE,2020-07-01,2,1,Say I Do
FALSE,Chinese_or_Kanji,100000,,FALSE,FALSE,,1,1,Say Yes Again
FALSE,Arabic,200000,,FALSE,FALSE,,1,1,Sayed the Servant
FALSE,Thai,100000,,FALSE,FALSE,,1,1,Sayew
TRUE,Japanese,800000,100000,TRUE,TRUE,2019-07-02,2,1,SCAMS
TRUE,none,29600000,3100000,TRUE,TRUE,2021-10-01,2,1,Scaredy Cats
FALSE,none,12600000,,FALSE,FALSE,,1,1,Scarface
FALSE,Chinese_or_Kanji,100000,,FALSE,FALSE,,1,1,Scarlet Heart 2
FALSE,Chinese_or_Kanji,900000,,FALSE,FALSE,,1,1,Scarlet Heart
TRUE,Latin,800000,100000,FALSE,FALSE,,2,1,Scarlet Hill
FALSE,Korean,200000,,FALSE,FALSE,,1,1,Scarlet Innocence
TRUE,none,100000,,FALSE,FALSE,,1,1,Scarlet Nexus
FALSE,none,2100000,,FALSE,FALSE,,1,1,Scary Movie (2000)
FALSE,none,700000,,FALSE,FALSE,,1,1,Scary Movie 2
FALSE,none,300000,,FALSE,FALSE,,1,1,Scary Movie 3
FALSE,none,500000,,FALSE,FALSE,,1,1,Scary Movie 5
FALSE,none,1100000,,FALSE,FALSE,,1,1,Scary Stories to Tell in the Dark
TRUE,Arabic,200000,,FALSE,FALSE,,1,1,Scattered Barriers
FALSE,none,7100000,,FALSE,FALSE,,1,1,Scent of a Woman (1992)
FALSE,none,1300000,,FALSE,FALSE,,1,1,Schindler's List
TRUE,none,62500000,6100000,FALSE,FALSE,,12,6,Schitt's Creek
TRUE,none,400000,,FALSE,FALSE,,1,1,Schlag den Star LIVE - 2019
TRUE,none,200000,,FALSE,FALSE,,1,1,Schlag den Star LIVE - 2020
TRUE,none,100000,,FALSE,FALSE,,1,1,Schlag den Star
TRUE,none,400000,,FALSE,FALSE,,1,1,Schloss Einstein
TRUE,Korean,7900000,300000,FALSE,FALSE,,2,1,School 2017
FALSE,none,500000,,FALSE,FALSE,,1,1,School for Scoundrels (2006)
FALSE,Latin,3800000,,FALSE,FALSE,2020-04-10,1,1,School Life
TRUE,none,13900000,1200000,TRUE,TRUE,2021-11-26,2,1,School of Chocolate
TRUE,none,200000,,FALSE,FALSE,,1,1,School of Roars
FALSE,none,400000,,FALSE,FALSE,,1,1,School of Rock (2003)
TRUE,Japanese,100000,,FALSE,FALSE,,1,1,School Police
TRUE,none,31000000,5000000,FALSE,FALSE,,1,1,School Spirits (2023)
TRUE,Thai,4500000,200000,TRUE,TRUE,2022-08-10,2,1,School Tales The Series
FALSE,none,100000,,FALSE,FALSE,,1,1,Schubert in Love
FALSE,none,100000,,TRUE,TRUE,2020-12-17,1,1,Schulz Saves America: Special
FALSE,none,1500000,,FALSE,FALSE,2021-09-15,1,1,Schumacher
FALSE,none,400000,,FALSE,FALSE,,1,1,Schweinskopf al dente
FALSE,none,100000,,FALSE,FALSE,,1,1,Science Fiction Volume One: The Osiris Child
TRUE,Chinese_or_Kanji,20000000,5100000,TRUE,TRUE,2020-01-10,7,4,Scissor Seven
FALSE,none,100000,,FALSE,FALSE,,1,1,Sconnessi
FALSE,none,1500000,,FALSE,FALSE,,1,1,Scoob!
FALSE,none,1700000,,FALSE,FALSE,,1,1,Scooby-Doo 2: Monsters Unleashed
TRUE,none,98300000,7100000,FALSE,FALSE,,4,2,Scooby-Doo!: Mystery Incorporated
FALSE,none,1500000,,FALSE,FALSE,,1,1,Scooby-Doo
TRUE,Devanagari,23200000,1000000,TRUE,TRUE,2023-06-01,2,1,Scoop
TRUE,none,22500000,6100000,TRUE,TRUE,2023-11-17,1,1,Scott Pilgrim Takes Off
FALSE,none,5400000,,FALSE,FALSE,,1,1,Scott Pilgrim vs. the World
FALSE,none,1400000,,FALSE,FALSE,,1,1,Scream (1996)
FALSE,none,3900000,,FALSE,FALSE,,1,1,Scream (2022)
FALSE,none,2200000,,FALSE,FALSE,,1,1,Scream 4
FALSE,Latin,100000,,FALSE,FALSE,,1,1,Scream Week
TRUE,none,10900000,300000,FALSE,FALSE,,6,3,Scream
FALSE,none,5000000,,TRUE,TRUE,2022-12-02,1,1,Scrooge: A Christmas Carol
TRUE,Japanese,900000,100000,FALSE,FALSE,,2,1,Scum's Wish
FALSE,none,100000,,FALSE,FALSE,,1,1,Scusa ma ti chiamo amore
FALSE,Chinese_or_Kanji,100000,,TRUE,TRUE,,1,1,SDU: Sex Duties Unit
FALSE,none,300000,,FALSE,FALSE,,1,1,Se mi vuoi bene
FALSE,none,200000,,FALSE,FALSE,,1,1,Se son rose
FALSE,none,200000,,FALSE,FALSE,,1,1,Sea Fever
FALSE,Korean,100000,,FALSE,FALSE,,1,1,Sea Fog
TRUE,none,5000000,700000,TRUE,TRUE,2022-05-23,2,1,Sea of Love
FALSE,none,500000,,FALSE,FALSE,,1,1,Sea of Time
TRUE,Latin,6800000,900000,FALSE,FALSE,,2,1,Sea Power
FALSE,none,3300000,,FALSE,FALSE,,1,1,Seabiscuit
TRUE,none,700000,,FALSE,FALSE,,3,3,SeaChange
FALSE,none,300000,,FALSE,FALSE,,1,1,Seal Team Six: The Raid on Osama Bin Laden
FALSE,none,6200000,,FALSE,FALSE,2021-12-31,1,1,Seal Team
TRUE,none,4100000,700000,FALSE,FALSE,2022-11-03,2,1,Sean eternos: Campeones de América
FALSE,none,400000,,FALSE,FALSE,,1,1,Search Party (2014)
FALSE,Korean,6400000,,FALSE,FALSE,,1,1,Search WWW
TRUE,Korean,2100000,100000,FALSE,FALSE,,1,1,Search WWW
FALSE,none,400000,,FALSE,FALSE,,1,1,Searching for Bobby Fischer
FALSE,none,100000,,TRUE,TRUE,2021-04-22,1,1,Searching For Sheela
FALSE,none,100000,,FALSE,FALSE,,1,1,Searching for Sugar Man
FALSE,none,500000,,FALSE,FALSE,,1,1,Searching
FALSE,none,100000,,FALSE,FALSE,,1,1,Season of the Witch (2011)
FALSE,Thai,100000,,FALSE,FALSE,,1,1,Seasons Change
FALSE,none,1100000,,TRUE,TRUE,2021-03-24,1,1,Seaspiracy
FALSE,Latin,100000,,FALSE,FALSE,,1,1,Sea
FALSE,none,1300000,700000,FALSE,FALSE,,2,1,Sebastian Maniscalco: Aren't You Embarrassed?
FALSE,none,2900000,900000,TRUE,TRUE,2022-12-06,2,1,Sebastian Maniscalco: Is It Me?
FALSE,none,1700000,600000,TRUE,TRUE,2019-01-15,2,1,Sebastian Maniscalco: Stay Hungry
FALSE,none,1400000,200000,TRUE,TRUE,,2,1,Sebastian Maniscalco: What's Wrong with People?
FALSE,none,1300000,500000,TRUE,TRUE,,2,1,Sebastian Maniscalco: Why Would You Do That?
FALSE,none,200000,,FALSE,FALSE,,1,1,Seberg
FALSE,Latin,100000,,FALSE,FALSE,,1,1,"Secluded, Near Woods"
FALSE,none,1000000,,FALSE,FALSE,2019-02-22,1,1,Second Act
FALSE,Latin,200000,,FALSE,FALSE,,2,1,Second Chance
FALSE,none,6800000,700000,FALSE,FALSE,2019-03-06,2,1,Secret City: Under the Eagle
FALSE,none,10400000,1000000,TRUE,TRUE,2018-06-26,2,1,Secret City
TRUE,Korean,8600000,300000,FALSE,FALSE,,2,1,Secret Garden
FALSE,none,700000,,FALSE,FALSE,,1,1,Secret in Their Eyes
TRUE,Korean,300000,,TRUE,TRUE,,1,1,Secret Jouju: Guardians of Star
TRUE,Korean,400000,,TRUE,TRUE,,2,2,Secret Jouju
FALSE,none,17400000,,FALSE,FALSE,2021-03-25,1,1,Secret Magic Control Agency
FALSE,none,8000000,,TRUE,TRUE,2019-07-18,1,1,Secret Obsession
TRUE,Korean,200000,,FALSE,FALSE,,1,1,Secret Romance
FALSE,Korean,1600000,,FALSE,FALSE,,1,1,Secret Royal Inspector & Joy
TRUE,Korean,3100000,200000,FALSE,FALSE,,1,1,Secret Royal Inspector & Joy
FALSE,Korean,200000,,FALSE,FALSE,,1,1,Secret Sunshine
FALSE,Devanagari,500000,,FALSE,FALSE,,1,1,Secret Superstar
FALSE,Latin,200000,,FALSE,FALSE,,1,1,Secret Wars
FALSE,none,2500000,,FALSE,FALSE,,1,1,Secret Window
FALSE,Korean,100000,,FALSE,FALSE,,1,1,Secret Zoo
FALSE,none,1000000,,FALSE,FALSE,,1,1,Secretary (2002)
TRUE,none,1500000,200000,FALSE,FALSE,,2,1,Secreto bien guardado
FALSE,Chinese_or_Kanji,300000,,FALSE,FALSE,,1,1,Secrets in the Hot Spring
TRUE,none,7200000,700000,FALSE,FALSE,,4,2,Secrets of Great British Castles
FALSE,none,100000,,FALSE,FALSE,,1,1,Secrets of Squirrels
TRUE,Latin,22900000,1400000,TRUE,TRUE,2022-02-16,4,2,Secrets of Summer
FALSE,none,4500000,,TRUE,TRUE,2020-10-28,1,1,Secrets of the Saqqara Tomb
TRUE,Chinese_or_Kanji,500000,,FALSE,FALSE,,1,1,Secrets of the Three Kingdoms
FALSE,none,100000,,FALSE,FALSE,,1,1,Secrets of the Tribe
FALSE,Chinese_or_Kanji,200000,,FALSE,FALSE,,1,1,Secret
FALSE,Korean,300000,,FALSE,FALSE,,1,1,Secret
FALSE,none,8100000,,FALSE,FALSE,,1,1,Security (2017)
FALSE,none,3900000,,TRUE,TRUE,2021-06-16,1,1,Security
FALSE,none,200000,,FALSE,FALSE,2022-04-12,1,1,See for Me
FALSE,Thai,200000,,FALSE,FALSE,,1,1,See How They Run
FALSE,none,200000,,FALSE,FALSE,,1,1,"See No Evil, Hear No Evil"
TRUE,Korean,153900000,11100000,TRUE,TRUE,2023-06-17,2,1,See You in My 19th Life
FALSE,none,900000,,TRUE,TRUE,2019-05-17,1,1,See You Yesterday
FALSE,none,6700000,,FALSE,FALSE,,1,1,Seed of Chucky
FALSE,none,200000,,TRUE,TRUE,2018-02-09,1,1,Seeing Allred
FALSE,none,200000,,FALSE,FALSE,,1,1,Seeking a Friend for the End of the World
FALSE,none,400000,,FALSE,FALSE,,1,1,Seeking Justice
TRUE,Arabic,100000,,FALSE,FALSE,,1,1,Seen
FALSE,none,500000,,FALSE,FALSE,,1,1,Seethamma Vakitlo Sirimalle Chettu
TRUE,Japanese,400000,,FALSE,FALSE,,1,1,Seiji Oda
TRUE,none,622900000,40700000,TRUE,TRUE,,18,9,Seinfeld
TRUE,none,2200000,200000,TRUE,TRUE,2019-10-03,2,1,Seis Manos
FALSE,none,100000,,FALSE,FALSE,,1,1,Sei
FALSE,Japanese,300000,,FALSE,FALSE,,1,1,Sekigahara
TRUE,Devanagari,1400000,100000,TRUE,TRUE,2018-12-28,2,1,Selection Day
FALSE,none,100000,,FALSE,FALSE,,1,1,Selena (1997)
TRUE,none,21700000,1700000,TRUE,TRUE,2020-12-04,4,2,Selena: The Series
TRUE,none,19000000,2300000,TRUE,TRUE,2020-03-20,2,1,Self Made: Inspired by the Life of Madam C.J. Walker
FALSE,none,1200000,,FALSE,FALSE,,1,1,Selfless (2015)
TRUE,Korean,10500000,200000,FALSE,FALSE,,2,1,Sell Your Haunted House
TRUE,none,259000000,19400000,TRUE,TRUE,2019-03-22,13,7,Selling Sunset
TRUE,none,4200000,400000,TRUE,TRUE,2021-12-15,2,1,Selling Tampa
TRUE,none,53700000,10000000,TRUE,TRUE,2022-08-24,3,2,Selling The OC
FALSE,none,100000,,FALSE,FALSE,,1,1,Selvhenter
FALSE,none,200000,,FALSE,FALSE,,1,1,Semi-Soet
FALSE,none,200000,,FALSE,FALSE,,1,1,Senario Lagi
FALSE,none,100000,,FALSE,FALSE,,1,1,Senario Lang Buana
FALSE,none,100000,,FALSE,FALSE,,1,1,Senario The Movie
FALSE,none,100000,,FALSE,FALSE,,1,1,Senario Xx
FALSE,Latin,400000,,FALSE,FALSE,,1,1,Seni Bulacam Oglum
FALSE,none,23200000,,TRUE,TRUE,2022-05-13,1,1,Senior Year
FALSE,Thai,100000,,FALSE,FALSE,,1,1,Senior
FALSE,none,100000,,FALSE,FALSE,,1,1,Senna
TRUE,Latin,3200000,500000,FALSE,FALSE,,4,2,Senninha and Friends
FALSE,none,3500000,,FALSE,FALSE,,1,1,Sense and Sensibility (1995)
TRUE,none,29500000,1000000,TRUE,TRUE,2015-06-05,4,2,Sense8
TRUE,none,100000,,FALSE,FALSE,,1,1,Sensitive Skin (2014)
FALSE,none,4600000,,TRUE,TRUE,2021-03-05,1,1,Sentinelle
TRUE,none,800000,100000,TRUE,TRUE,2022-04-07,2,1,Senzo: Murder of a Soccer Star
FALSE,Korean,300000,,FALSE,FALSE,,1,1,Seondal: The Man Who Sells the River
FALSE,Korean,5200000,,TRUE,TRUE,2022-08-26,1,1,Seoul Vibe
FALSE,none,2300000,,FALSE,FALSE,,1,1,Separation (2021)
FALSE,none,500000,,FALSE,FALSE,,1,1,Septembers of Shiraz
TRUE,none,9100000,200000,FALSE,FALSE,,2,1,Sequía
TRUE,Japanese,6400000,500000,FALSE,FALSE,,4,2,Seraph of the End
FALSE,none,1100000,,FALSE,FALSE,,1,1,Seratus
FALSE,none,100000,,FALSE,FALSE,,1,1,Serendipity (2001)
FALSE,none,700000,,FALSE,FALSE,,1,1,Serenity (2005)
FALSE,none,400000,,FALSE,FALSE,2019-03-08,1,1,Serenity
TRUE,Latin,200000,,FALSE,FALSE,2022-06-10,1,1,Sergio & Gasten
FALSE,none,100000,,TRUE,TRUE,,1,1,Sergio (2009)
FALSE,none,300000,,FALSE,FALSE,,1,1,"Sergio and Axel, Van de Kaart: Seizoen 1"
FALSE,none,1100000,,TRUE,TRUE,2020-04-17,1,1,Sergio
FALSE,Latin,100000,,FALSE,FALSE,,1,1,Serial (Bad) Weddings 2
FALSE,Latin,200000,,FALSE,FALSE,,1,1,Serial (Bad) Weddings
FALSE,Latin,200000,,FALSE,FALSE,,1,1,Serial Cook
FALSE,Devanagari,700000,,TRUE,TRUE,2020-10-02,1,1,Serious Men
FALSE,none,2600000,,TRUE,TRUE,2020-07-31,1,1,Seriously Single
TRUE,Cyrillic,1500000,,FALSE,FALSE,,3,3,Servant of the People
FALSE,Latin,200000,,FALSE,FALSE,,1,1,Servants of War
FALSE,none,800000,,FALSE,FALSE,,1,1,Sesame Street: Selections from Season 49
FALSE,none,1900000,100000,FALSE,FALSE,,2,1,Sesame Street: Selections from Season 50
FALSE,none,100000,,FALSE,FALSE,,1,1,Sesuai Aplikasi
FALSE,none,9600000,,TRUE,TRUE,2018-06-15,1,1,Set It Up
FALSE,none,700000,300000,TRUE,TRUE,2019-11-05,2,1,Seth Meyers: Lobby Baby
FALSE,none,100000,,TRUE,TRUE,2018-04-06,1,1,Seth Rogen's Hilarity for Charity
FALSE,none,100000,,FALSE,FALSE,,1,1,SETHUM AAYIRAM PON
FALSE,none,2000000,,FALSE,FALSE,,1,1,Seven (1995)
FALSE,none,100000,,FALSE,FALSE,,1,1,Seven (2019)
FALSE,none,100000,,FALSE,FALSE,,1,1,Seven (Tamil) (2019)
FALSE,none,200000,,FALSE,FALSE,,1,1,Seven (Telugu) (2019)
FALSE,none,300000,,FALSE,FALSE,,1,1,Seven and a half dates
FALSE,none,100000,,FALSE,FALSE,,1,1,Seven Nights in Japan
FALSE,none,3200000,,FALSE,FALSE,,1,1,Seven Pounds
FALSE,none,200000,,FALSE,FALSE,,1,1,Seven Psychopaths
TRUE,none,46400000,1900000,TRUE,TRUE,2018-02-23,2,1,Seven Seconds
FALSE,Thai,100000,,FALSE,FALSE,,1,1,Seven Something
FALSE,none,700000,,TRUE,TRUE,,1,1,Seven Sundays (2017)
FALSE,none,5200000,,FALSE,FALSE,,1,1,Seven Years in Tibet
FALSE,Korean,200000,,FALSE,FALSE,,1,1,Seven Years of Night
FALSE,Latin,1300000,,TRUE,TRUE,2019-10-18,1,1,Seventeen
FALSE,none,6200000,,FALSE,FALSE,,1,1,Seventh Son
FALSE,none,100000,,FALSE,FALSE,,1,1,Sew the Winter to My Skin
FALSE,none,1700000,,FALSE,FALSE,,1,1,Sex and the City 2
FALSE,none,4500000,,FALSE,FALSE,,1,1,Sex and the City: The Movie
FALSE,none,100000,,FALSE,FALSE,,1,1,Sex Drive
TRUE,none,658700000,75600000,TRUE,TRUE,2019-01-11,7,4,Sex Education
FALSE,Korean,100000,,FALSE,FALSE,,1,1,Sex Is Zero II
FALSE,none,2900000,,FALSE,FALSE,,1,1,Sex Tape (2014)
TRUE,none,700000,200000,TRUE,TRUE,2020-01-02,2,1,"Sex, Explained"
FALSE,none,200000,,FALSE,FALSE,,1,1,"sex, lies, and videotape"
TRUE,none,1500000,200000,TRUE,TRUE,2021-10-21,2,1,"Sex, Love & goop"
TRUE,none,373200000,12100000,TRUE,TRUE,2021-06-25,4,2,Sex/Life
TRUE,none,51200000,1100000,TRUE,TRUE,2021-04-28,4,2,Sexify
FALSE,none,9600000,,TRUE,TRUE,2019-08-16,1,1,Sextuplets
TRUE,none,2400000,300000,TRUE,TRUE,2021-07-21,4,2,Sexy Beasts
TRUE,Chinese_or_Kanji,100000,,TRUE,TRUE,,1,1,Sexy Central
FALSE,none,100000,,FALSE,FALSE,,1,1,Sezn@mka
TRUE,none,119500000,,FALSE,FALSE,,5,5,Señora Acero
TRUE,Korean,13500000,300000,FALSE,FALSE,,2,1,Sh**ting Stars
FALSE,Devanagari,1100000,,FALSE,FALSE,,1,1,Shaandaar
FALSE,Devanagari,2200000,,FALSE,FALSE,,1,1,Shabaash Mithu (Hindi)
TRUE,none,341300000,6500000,TRUE,TRUE,2021-04-23,4,2,Shadow and Bone
FALSE,none,100000,,FALSE,FALSE,,1,1,Shadow in the Cloud
FALSE,none,200000,,FALSE,FALSE,,1,1,Shadow Parties
FALSE,Japanese,100000,,FALSE,FALSE,,1,1,Shadowfall
FALSE,none,26000000,1300000,FALSE,FALSE,2019-02-26,2,1,Shadowhunters: The Mortal Instruments: Season 3B
TRUE,none,124600000,5500000,FALSE,FALSE,2016-01-13,6,3,Shadowhunters: The Mortal Instruments
FALSE,Latin,100000,,FALSE,FALSE,,1,1,Shadowplay
TRUE,Japanese,700000,,FALSE,FALSE,,2,2,Shadows House
FALSE,Chinese_or_Kanji,200000,,FALSE,FALSE,,1,1,Shadow
TRUE,Arabic,700000,,FALSE,FALSE,,1,1,Shadow
TRUE,none,4100000,200000,FALSE,FALSE,2019-03-08,2,1,Shadow
FALSE,none,300000,,FALSE,FALSE,,1,1,Shaft (2000)
FALSE,none,7800000,,FALSE,FALSE,2019-06-28,1,1,Shaft
TRUE,Latin,93000000,1400000,TRUE,TRUE,2023-01-20,2,1,Shahmaran
TRUE,none,4000000,600000,FALSE,FALSE,,2,2,Shahs of Sunset
FALSE,none,300000,,FALSE,FALSE,,1,1,Shaitaan
FALSE,none,1100000,,FALSE,FALSE,,1,1,Shaka Zulu
FALSE,none,500000,,FALSE,FALSE,,1,1,Shakini Dakini (Tamil)
TRUE,none,31400000,600000,TRUE,TRUE,2021-04-01,2,1,SHAMAN KING
FALSE,none,200000,,FALSE,FALSE,,1,1,Shame (2011)
FALSE,Arabic,100000,,FALSE,FALSE,,1,1,Shame Worse Than Death
TRUE,none,884000000,45200000,FALSE,FALSE,,22,11,Shameless (U.S.)
FALSE,Latin,300000,,FALSE,FALSE,,1,1,Shameless
TRUE,none,28900000,1500000,FALSE,FALSE,,22,11,Shameless
TRUE,none,3300000,200000,FALSE,FALSE,,2,1,Shamwari Untamed
FALSE,none,500000,,FALSE,FALSE,,1,1,Shane (1953)
FALSE,none,10600000,12000000,TRUE,TRUE,2023-09-05,1,1,Shane Gillis: Beautiful Dogs
FALSE,Chinese_or_Kanji,700000,,FALSE,FALSE,2019-09-13,1,1,Shanghai Fortress
FALSE,Chinese_or_Kanji,100000,,FALSE,FALSE,,1,1,Shanghai Grand
TRUE,Japanese,2900000,500000,FALSE,FALSE,,1,1,Shangri-La Frontier
FALSE,none,1300000,,FALSE,FALSE,,1,1,Shania Twain: Not Just a Girl
TRUE,none,32900000,1400000,TRUE,TRUE,2023-01-20,2,1,Shanty Town
FALSE,Chinese_or_Kanji,600000,,FALSE,FALSE,,1,1,Shaolin Soccer
FALSE,Chinese_or_Kanji,100000,,FALSE,FALSE,,1,1,Shaolin
TRUE,Chinese_or_Kanji,2400000,100000,TRUE,TRUE,2022-10-28,2,1,Shards of Her
FALSE,none,38700000,,FALSE,FALSE,,1,1,Shark Tale
FALSE,none,2600000,,TRUE,TRUE,2021-10-15,1,1,Sharkdog's Fintastic Halloween
TRUE,none,108000000,13700000,TRUE,TRUE,2021-09-03,6,3,Sharkdog
FALSE,none,100000,,FALSE,FALSE,,1,1,Sharks (2013)
FALSE,none,100000,,FALSE,FALSE,,1,1,Sharks: Monster Of The Media
FALSE,none,400000,,FALSE,FALSE,,1,1,Shaun of the Dead
FALSE,none,600000,,FALSE,FALSE,,1,1,Shaun the Sheep Movie
TRUE,none,35800000,7400000,TRUE,TRUE,2020-03-16,2,1,Shaun the Sheep: Adventures from Mossy Bottom
FALSE,none,2000000,,TRUE,TRUE,2021-12-03,1,1,Shaun the Sheep: The Flight Before Christmas
TRUE,none,13600000,2600000,FALSE,FALSE,,4,2,Shaun the Sheep
FALSE,none,200000,,TRUE,TRUE,2020-11-23,1,1,Shawn Mendes: In Wonder
FALSE,none,400000,100000,TRUE,TRUE,2020-11-25,2,1,Shawn Mendes: Live in Concert
FALSE,none,2800000,,FALSE,FALSE,,1,1,Shazam! (2019)
TRUE,Chinese_or_Kanji,6000000,100000,FALSE,FALSE,,2,1,She and Her Perfect Husband
TRUE,Japanese,700000,100000,FALSE,FALSE,,2,1,She Professed Herself Pupil of the Wise Man
FALSE,Chinese_or_Kanji,100000,,FALSE,FALSE,,1,1,"She Remembers, He Forgets"
FALSE,none,900000,,FALSE,FALSE,,1,1,She Said
TRUE,Japanese,1700000,100000,FALSE,FALSE,,2,1,She Was Pretty
TRUE,Korean,14500000,400000,FALSE,FALSE,,2,1,She was pretty
FALSE,Korean,18400000,,FALSE,FALSE,,1,1,She Would Never Know
TRUE,Korean,22700000,1300000,FALSE,FALSE,,1,1,She Would Never Know
FALSE,none,1000000,,FALSE,FALSE,,1,1,She's All That
FALSE,none,1000000,,TRUE,TRUE,,1,1,She's Dating the Gangster
FALSE,none,400000,,FALSE,FALSE,,1,1,She's Funny That Way
TRUE,Arabic,800000,200000,FALSE,FALSE,,1,1,She's Gone with Water
FALSE,none,100000,,TRUE,TRUE,,1,1,She's Gotta Have It (1986)
TRUE,none,2000000,200000,TRUE,TRUE,2017-11-23,4,2,She's Gotta Have It
FALSE,none,100000,,FALSE,FALSE,,1,1,She's Out of My League
FALSE,none,9600000,,FALSE,FALSE,,1,1,She's the Man
FALSE,none,300000,,FALSE,FALSE,,1,1,She's the One (2013)
TRUE,none,29900000,3000000,TRUE,TRUE,2018-11-13,10,5,She-Ra and the Princesses of Power
FALSE,Devanagari,24800000,,FALSE,FALSE,,1,1,Shehzada
FALSE,none,1200000,400000,TRUE,TRUE,2022-09-06,2,1,Sheng Wang: Sweet and Juicy
FALSE,none,200000,,FALSE,FALSE,,1,1,Shepherds and Butchers
FALSE,Devanagari,500000,,FALSE,FALSE,,1,1,Sherdil: The Pilibhit Saga
FALSE,Latin,200000,,FALSE,FALSE,,1,1,Sherina's Adventure
FALSE,none,2000000,,FALSE,FALSE,,1,1,Sherlock Holmes (2009)
FALSE,none,1600000,,FALSE,FALSE,,1,1,Sherlock Holmes: A Game of Shadows
FALSE,none,200000,,FALSE,FALSE,,1,1,Sherpa
TRUE,none,18900000,1800000,TRUE,TRUE,2020-03-20,4,2,She
FALSE,Cyrillic,100000,,FALSE,FALSE,,1,1,Shibil
FALSE,none,100000,,FALSE,FALSE,,1,1,Shikara
TRUE,Japanese,500000,,FALSE,FALSE,,1,1,Shikimori’s Not Just a Cutie
TRUE,Japanese,1800000,800000,FALSE,FALSE,,2,1,Shimajiro: A Wonderful Adventure
FALSE,Devanagari,800000,,FALSE,FALSE,,1,1,Shimla Mirchi
FALSE,none,1100000,,TRUE,TRUE,2017-06-09,1,1,Shimmer Lake
TRUE,Japanese,500000,,FALSE,FALSE,,1,1,Shin Yakuza no Daimon
FALSE,none,400000,,FALSE,FALSE,,1,1,Shinjuku Incident
FALSE,Japanese,200000,,FALSE,FALSE,,1,1,Shinjuku Swan 2
FALSE,Japanese,200000,,FALSE,FALSE,,1,1,Shinjuku Swan
FALSE,none,1500000,,TRUE,TRUE,2021-08-03,1,1,Shiny_Flakes: The Teenage Drug Lord
FALSE,none,100000,,FALSE,FALSE,,1,1,Shirdi Sai
FALSE,Chinese_or_Kanji,100000,,FALSE,FALSE,,1,1,Shitsurakuen
FALSE,none,100000,,FALSE,FALSE,,1,1,Shiva Baby
FALSE,none,100000,,FALSE,FALSE,,1,1,Shiva VS Autobots
FALSE,none,100000,,FALSE,FALSE,,1,1,Shiva: Journey to Plunotaria
FALSE,none,100000,,FALSE,FALSE,,1,1,Shiva: The Secret World Of Vedas City
FALSE,Latin,700000,,FALSE,FALSE,,1,1,Shiverstone Castle
FALSE,Chinese_or_Kanji,100000,,FALSE,FALSE,,1,1,Shock Wave 2
FALSE,Latin,100000,,FALSE,FALSE,,1,1,Shoky & Morthy: Last Big Thing
FALSE,none,32300000,,FALSE,FALSE,,1,1,Shooter (2007)
FALSE,none,500000,,FALSE,FALSE,,1,1,Shooters (2000)
TRUE,none,128500000,3000000,FALSE,FALSE,2016-11-16,6,3,Shooter
FALSE,none,800000,,FALSE,FALSE,,1,1,Shooting Stars (2023)
FALSE,Devanagari,200000,,FALSE,FALSE,,1,1,Shootout at Lokhandwala
FALSE,Devanagari,100000,,FALSE,FALSE,,1,1,Shootout at Wadala
FALSE,Japanese,100000,,FALSE,FALSE,,1,1,Shoplifters
FALSE,none,700000,,FALSE,FALSE,,1,1,Shot Caller
TRUE,none,4400000,300000,TRUE,TRUE,2017-11-17,2,1,Shot in the Dark
FALSE,none,700000,,FALSE,FALSE,,1,1,Show Dogs
FALSE,none,200000,,FALSE,FALSE,,1,1,Showtime (2002)
FALSE,none,47500000,,FALSE,FALSE,,1,1,Shrek 2
FALSE,none,40300000,,FALSE,FALSE,,1,1,Shrek Forever After
FALSE,none,22900000,,FALSE,FALSE,,1,1,Shrek the Third
FALSE,none,48100000,,FALSE,FALSE,,1,1,Shrek
TRUE,Latin,1000000,500000,FALSE,FALSE,,1,1,Shrew
TRUE,Hebrew,2100000,,TRUE,TRUE,2018-12-14,3,3,Shtisel
FALSE,Latin,100000,,FALSE,FALSE,,1,1,Shut Up and Do It
FALSE,none,1500000,,FALSE,FALSE,,1,1,Shutter (2008)
FALSE,none,10100000,,FALSE,FALSE,,1,1,Shutter Island
FALSE,Thai,100000,,FALSE,FALSE,,1,1,Shutter
FALSE,none,1000000,,FALSE,FALSE,,1,1,Shyam Singha Roy
FALSE,none,200000,,FALSE,FALSE,2019-05-10,1,1,Shéhérazade
FALSE,none,400000,,FALSE,FALSE,,1,1,Si Accettano Miracoli
FALSE,Latin,100000,,FALSE,FALSE,,1,1,Si Doel the Movie 3
FALSE,Latin,500000,,FALSE,FALSE,,1,1,Si saben como me pongo 2
FALSE,none,300000,,FALSE,FALSE,,1,1,Si saben cómo me pongo ¿pa' qué me invitan?
FALSE,none,400000,,FALSE,FALSE,,1,1,Si yo fuera rico
FALSE,Thai,100000,,FALSE,FALSE,,1,1,Siam Square
FALSE,none,100000,,FALSE,FALSE,,1,1,Siberia (2018)
FALSE,none,11300000,,FALSE,FALSE,,1,1,Sicario (2015)
FALSE,none,4600000,,FALSE,FALSE,,1,1,Sicario: Day of the Soldado
TRUE,none,3300000,500000,FALSE,FALSE,2018-11-23,4,2,Sick Note
FALSE,none,200000,,FALSE,FALSE,,1,1,Sid & Aya: Not a Love Story
TRUE,none,1000000,100000,FALSE,FALSE,,2,1,Side Dish
FALSE,none,4600000,,FALSE,FALSE,,1,1,Side Effects (2013)
FALSE,none,100000,,FALSE,FALSE,,1,1,Siegfried (2005)
FALSE,none,2900000,,TRUE,TRUE,2018-09-07,1,1,Sierra Burgess Is a Loser
FALSE,none,1400000,,FALSE,FALSE,,1,1,Sightless
FALSE,none,100000,,FALSE,FALSE,,1,1,Signal Rock
FALSE,Japanese,100000,,FALSE,FALSE,,1,1,Signal: Special (2021)
TRUE,Japanese,1600000,100000,FALSE,FALSE,,2,1,Signal
TRUE,Korean,11900000,200000,FALSE,FALSE,,2,1,Signal
TRUE,Latin,10500000,700000,TRUE,TRUE,2020-04-15,4,2,Signs
FALSE,Latin,100000,,FALSE,FALSE,,1,1,"Sihja, the Rebel Fairy"
FALSE,none,100000,,FALSE,FALSE,,1,1,Silam
FALSE,Korean,1600000,,FALSE,FALSE,,1,1,Silenced
FALSE,none,100000,,FALSE,FALSE,,1,1,Silencio Roto
FALSE,Latin,100000,,FALSE,FALSE,,1,1,Silent Companion
FALSE,none,1800000,,FALSE,FALSE,,1,1,Silent Hill
FALSE,none,800000,,FALSE,FALSE,,1,1,Silent Hours
FALSE,none,400000,,FALSE,FALSE,,1,1,Silent Night (2021)
FALSE,Japanese,200000,,FALSE,FALSE,,1,1,Silent Tokyo
FALSE,none,200000,,FALSE,FALSE,,1,1,Sillu Karuppatti
FALSE,Korean,100000,,FALSE,FALSE,,1,1,Silmido
FALSE,none,3200000,,FALSE,FALSE,,1,1,Silver Linings Playbook
FALSE,Cyrillic,3200000,,FALSE,FALSE,2021-05-05,1,1,Silver Skates
FALSE,Japanese,100000,,FALSE,FALSE,,1,1,Silver Spoon
FALSE,none,3800000,,FALSE,FALSE,,1,1,Silverado
FALSE,none,400000,,FALSE,FALSE,2022-06-29,1,1,Silverstar
FALSE,none,4800000,,TRUE,TRUE,2022-04-27,1,1,Silverton Siege
FALSE,none,100000,,FALSE,FALSE,,1,1,Simon (2016)
TRUE,none,79200000,8200000,FALSE,FALSE,,6,3,Simon (2016)
FALSE,none,100000,,TRUE,TRUE,2019-08-20,1,1,Simon Amstell: Set Free
FALSE,none,300000,,FALSE,FALSE,,1,1,Simonal
FALSE,Latin,100000,,FALSE,FALSE,2021-03-17,1,1,Simply Black
FALSE,none,500000,,FALSE,FALSE,,1,1,Simply Irresistible
TRUE,none,100000,,FALSE,FALSE,,1,1,Simply Raymond Blanc
FALSE,none,1800000,,FALSE,FALSE,,1,1,Sin Nombre
FALSE,none,100000,,FALSE,FALSE,,1,1,Sin rodeos
TRUE,none,61100000,,FALSE,FALSE,,3,3,Sin senos sí hay paraíso
TRUE,none,14400000,300000,FALSE,FALSE,,6,3,Sin Tetas No Hay Paraíso (2008)
FALSE,none,900000,,FALSE,FALSE,,1,1,Sinam
FALSE,none,200000,100000,FALSE,FALSE,,2,1,Sinbad: Afros and Bellbottoms: Live from NYC
FALSE,none,300000,,FALSE,FALSE,,1,1,Sinbad: Legend of the Seven Seas
FALSE,none,200000,100000,FALSE,FALSE,,2,1,Sinbad: Son of a Preacher Man
FALSE,none,100000,,FALSE,FALSE,,1,1,Sindhooram
FALSE,none,80500000,,FALSE,FALSE,,1,1,Sing (2016)
FALSE,none,76600000,,FALSE,FALSE,,1,1,Sing 2
TRUE,Thai,600000,,TRUE,TRUE,,1,1,Sing Again
TRUE,Latin,4000000,100000,FALSE,FALSE,,2,1,Sing For Me: Teen Edition
TRUE,none,200000,,TRUE,TRUE,2020-08-07,1,1,Sing On! Germany
TRUE,Latin,200000,,TRUE,TRUE,2020-07-24,1,1,Sing On! Spain
TRUE,none,4000000,300000,TRUE,TRUE,2020-09-16,2,1,Sing On!
FALSE,none,900000,,FALSE,FALSE,,1,1,Sing Street
TRUE,Korean,200000,100000,FALSE,FALSE,,2,1,"Sing, dance and learn along with Kongsuni!"
FALSE,Japanese,100000,,TRUE,TRUE,2022-06-16,1,1,"Sing, Dance, Act: Kabuki featuring Toma Ikuta"
FALSE,Chinese_or_Kanji,100000,,FALSE,FALSE,,1,1,Singapore Dreaming
TRUE,none,400000,,TRUE,TRUE,2019-11-22,1,1,Singapore Social
FALSE,Chinese_or_Kanji,200000,,FALSE,FALSE,,1,1,Singing All Along
FALSE,Thai,100000,,FALSE,FALSE,,1,1,Singing Bird Concert #1/2019: Concert by Request
FALSE,Thai,300000,,FALSE,FALSE,,1,1,Singing Bird Concert #2/2022: Lifetime Soundtrack Concert
FALSE,Latin,100000,,FALSE,FALSE,,1,1,Singing Mates
FALSE,none,100000,,FALSE,FALSE,,1,1,Single (2015)
FALSE,none,1200000,,TRUE,TRUE,2021-12-02,1,1,Single All The Way
FALSE,Thai,100000,,FALSE,FALSE,,1,1,Single Lady
FALSE,Latin,400000,,FALSE,FALSE,,1,1,Single Street
FALSE,none,100000,,FALSE,FALSE,,1,1,Single White Female
FALSE,none,200000,,FALSE,FALSE,,1,1,Singleholic
TRUE,Korean,151200000,7700000,TRUE,TRUE,2021-12-18,5,3,Single’s Inferno
FALSE,none,500000,,FALSE,FALSE,,1,1,Sinister
FALSE,Korean,200000,,FALSE,FALSE,,1,1,Sinkhole
TRUE,none,21200000,2900000,TRUE,TRUE,2022-09-14,2,1,Sins of Our Mother
TRUE,none,129000000,19900000,TRUE,TRUE,2019-08-09,7,4,Sintonia
FALSE,none,5200000,,FALSE,FALSE,,1,1,Sir (2023)
FALSE,none,9000000,,FALSE,FALSE,,1,1,Sir (Hindi) (2023)
FALSE,none,100000,,FALSE,FALSE,,1,1,Sir! No Sir!
TRUE,Korean,15500000,500000,TRUE,TRUE,2023-05-30,2,1,Siren: Survive the Island
TRUE,Japanese,4900000,500000,TRUE,FALSE,2018-07-19,2,1,Sirius the Jaeger
FALSE,Latin,200000,,FALSE,FALSE,,1,1,Sissi: The Fateful Years of the Empress
FALSE,Latin,100000,,FALSE,FALSE,,1,1,Sissi: The Story of Vickie
FALSE,Latin,200000,,FALSE,FALSE,,1,1,Sissi: The Young Empress
FALSE,Latin,300000,,FALSE,FALSE,,1,1,Sissi
TRUE,none,36300000,1500000,FALSE,FALSE,,12,6,"Sister, Sister"
FALSE,none,400000,,TRUE,TRUE,,1,1,Sisterakas
FALSE,none,500000,,FALSE,FALSE,,1,1,Sisters (2015)
FALSE,Latin,1300000,,FALSE,FALSE,,1,1,Sisters in Law
FALSE,none,200000,,TRUE,TRUE,2021-06-24,1,1,Sisters on Track
FALSE,Thai,100000,,FALSE,FALSE,,1,1,Sisters
TRUE,none,1700000,100000,FALSE,FALSE,2018-09-01,2,1,Sisters
TRUE,Korean,31600000,600000,TRUE,TRUE,2021-02-17,2,1,Sisyphus
FALSE,none,100000,,TRUE,TRUE,2020-03-08,1,1,Sitara: Let Girls Dream
FALSE,none,900000,,FALSE,FALSE,,1,1,Sitsit
FALSE,none,500000,,FALSE,FALSE,,1,1,Sivaji
TRUE,none,83700000,7300000,FALSE,FALSE,,5,5,Six Feet Under
FALSE,Arabic,100000,,TRUE,TRUE,,1,1,Six Windows in the Desert: Collection 1
FALSE,none,100000,,FALSE,FALSE,,1,1,Six-Pack (2000)
FALSE,Chinese_or_Kanji,100000,,FALSE,FALSE,,1,1,Sixty Million Dollar Man
TRUE,none,2600000,300000,FALSE,FALSE,2019-12-31,8,5,SKAM Italia
FALSE,none,1200000,,TRUE,TRUE,2022-09-16,1,1,Skandal! Bringing Down Wirecard
FALSE,none,3400000,,TRUE,TRUE,2021-06-11,1,1,Skater Girl
TRUE,Japanese,2600000,200000,FALSE,FALSE,,2,1,Skeleton Knight in Another World
TRUE,none,800000,,FALSE,FALSE,,1,1,Sket Dance
FALSE,none,700000,,FALSE,FALSE,,1,1,Skin (2018)
TRUE,none,4300000,400000,TRUE,TRUE,2020-07-15,2,1,Skin Decision: Before and After
FALSE,none,8400000,600000,FALSE,FALSE,,2,1,Skins (2007): Vol. 1
FALSE,none,6200000,400000,FALSE,FALSE,,2,1,Skins (2007): Vol. 2
FALSE,none,5600000,300000,FALSE,FALSE,,2,1,Skins (2007): Vol. 3
FALSE,none,3300000,300000,FALSE,FALSE,,2,1,Skins (2007): Vol. 4
FALSE,none,2100000,200000,FALSE,FALSE,,2,1,Skins (2007): Vol. 5
FALSE,none,2100000,100000,FALSE,FALSE,,2,1,Skins (2007): Vol. 6
FALSE,none,1000000,100000,FALSE,FALSE,,2,1,Skins (2007): Vol. 7
FALSE,Latin,400000,,TRUE,TRUE,,1,1,Skins
TRUE,Japanese,5600000,700000,FALSE,FALSE,,2,1,Skip and Loafer
FALSE,none,700000,,FALSE,FALSE,2016-11-16,1,1,Skiptrace
TRUE,none,13800000,2100000,TRUE,TRUE,2023-06-22,2,1,Skull Island
TRUE,Korean,16300000,300000,TRUE,TRUE,,2,1,SKY Castle
TRUE,Latin,102500000,4400000,TRUE,TRUE,2023-03-17,2,1,Sky High: The Series
FALSE,Latin,10500000,,FALSE,FALSE,2021-04-02,1,1,Sky High
FALSE,Chinese_or_Kanji,100000,,TRUE,TRUE,2016-10-14,1,1,Sky Ladder: The Art of Cai Guo-Qiang
FALSE,Chinese_or_Kanji,200000,,FALSE,FALSE,,1,1,Sky of Love
TRUE,none,125800000,3500000,TRUE,TRUE,2021-03-19,6,3,Sky Rojo
FALSE,none,6200000,,FALSE,FALSE,,1,1,Skyfall
TRUE,none,19200000,1500000,TRUE,TRUE,2016-10-28,6,3,Skylanders Academy
FALSE,none,3100000,,FALSE,FALSE,,1,1,Skylines (2020)
TRUE,none,1700000,100000,TRUE,TRUE,2019-09-27,2,1,Skylines
TRUE,none,29800000,1200000,FALSE,FALSE,,16,8,Slam Dunk
FALSE,Latin,100000,,TRUE,TRUE,2017-04-15,1,1,Slam
FALSE,none,800000,,FALSE,FALSE,,1,1,Slap Shot
FALSE,none,8700000,700000,TRUE,TRUE,2017-10-17,2,1,Slasher: Guilty Party
FALSE,none,9600000,800000,TRUE,TRUE,2019-05-23,2,1,Slasher: Solstice
FALSE,none,8500000,600000,TRUE,TRUE,2016-05-17,2,1,Slasher: The Executioner
FALSE,none,200000,,FALSE,FALSE,,1,1,Slay
FALSE,Latin,100000,,FALSE,FALSE,,1,1,Sleep Tight
TRUE,none,300000,100000,FALSE,FALSE,,1,1,Sleep With Me
TRUE,Japanese,100000,,FALSE,FALSE,,1,1,Sleepeeer Hit!
FALSE,none,2200000,,FALSE,FALSE,,1,1,Sleepers (1996)
FALSE,none,100000,,FALSE,FALSE,,1,1,Sleeping Beauty (2011)
TRUE,Latin,73800000,6900000,TRUE,TRUE,2023-06-22,2,1,Sleeping Dog
FALSE,none,3000000,,FALSE,FALSE,,1,1,Sleepless (2017)
FALSE,none,5200000,,FALSE,FALSE,,1,1,Sleepless in Seattle
TRUE,Thai,400000,,FALSE,FALSE,,1,1,Sleepless Society: Bedtime Wishes
TRUE,Thai,1100000,100000,TRUE,TRUE,,2,1,Sleepless Society: Insomnia
TRUE,Thai,300000,,FALSE,FALSE,,1,1,Sleepless Society: Nyctophobia
TRUE,Thai,300000,,TRUE,TRUE,,1,1,Sleepless Society: Two Pillows & A Lost Soul
FALSE,none,700000,,FALSE,FALSE,,1,1,Sleepy Hollow (1999)
TRUE,Japanese,400000,,FALSE,FALSE,,1,1,Sleepy Princess in the Demon Castle
FALSE,none,900000,,FALSE,FALSE,,1,1,Sleight
FALSE,none,1300000,,FALSE,FALSE,,1,1,Slender Man
FALSE,Thai,100000,,FALSE,FALSE,,1,1,Slice
FALSE,none,200000,,FALSE,FALSE,,1,1,Slither (2006)
FALSE,none,700000,,FALSE,FALSE,,1,1,Sliver
FALSE,Thai,100000,,FALSE,FALSE,,1,1,SLR
FALSE,none,26400000,,TRUE,TRUE,2022-11-18,1,1,Slumberland
FALSE,none,200000,,FALSE,FALSE,,1,1,Slumdog Millionaire
TRUE,Latin,700000,100000,FALSE,FALSE,,2,1,Sluzby specjalne
TRUE,none,1000000,100000,FALSE,FALSE,,2,1,Sløborn
FALSE,none,100000,,FALSE,FALSE,,1,1,Small Chops
FALSE,none,1500000,,TRUE,TRUE,2017-04-28,1,1,Small Crimes
FALSE,none,500000,,FALSE,FALSE,,1,1,Small Soldiers
FALSE,none,100000,,FALSE,FALSE,,1,1,Smaller and Smaller Circles
FALSE,none,600000,,FALSE,FALSE,,1,1,Smallfoot
TRUE,none,11400000,600000,TRUE,TRUE,2022-12-07,2,1,Smiley
FALSE,Latin,200000,,FALSE,FALSE,,1,1,Smilla's Sense of Snow
FALSE,Latin,100000,,FALSE,FALSE,,1,1,Smoke & Mirrors
FALSE,none,2700000,,FALSE,FALSE,,1,1,Smokey and the Bandit II
FALSE,none,7000000,,FALSE,FALSE,,1,1,Smokey and the Bandit
TRUE,Japanese,1900000,200000,TRUE,TRUE,,2,1,Smoking
FALSE,none,100000,,FALSE,FALSE,,1,1,Smoleńsk
TRUE,Latin,27700000,1600000,TRUE,TRUE,2022-04-13,4,2,Smother-in-Law
FALSE,none,22500000,,FALSE,FALSE,,1,1,Smurfs: The Lost Village
TRUE,none,22600000,2400000,TRUE,TRUE,2021-04-07,4,2,Snabba Cash
TRUE,none,28300000,1300000,TRUE,TRUE,2022-11-30,2,1,Snack VS. Chef
FALSE,none,23200000,,FALSE,FALSE,,1,1,Snake Eyes: G.I. Joe Origins
FALSE,Latin,100000,,FALSE,FALSE,,1,1,Snakes & Ladders
FALSE,Japanese,200000,,FALSE,FALSE,,1,1,Snakes and Earrings
FALSE,none,1500000,,FALSE,FALSE,,1,1,Snakes on a Plane
FALSE,none,2600000,,FALSE,FALSE,,1,1,Snatch (2000)
TRUE,none,3100000,500000,TRUE,TRUE,2020-09-25,2,1,Sneakerheads
FALSE,Latin,100000,,FALSE,FALSE,,1,1,Sniff the Dog Catch the Thief
FALSE,Latin,200000,,FALSE,FALSE,,1,1,Sniff the Dog the War Hero
FALSE,none,100000,,FALSE,FALSE,,1,1,Sniper 3
FALSE,none,8800000,,FALSE,FALSE,,1,1,Sniper: Assassin's End
FALSE,none,30100000,,FALSE,FALSE,,1,1,Sniper: Ghost Shooter
FALSE,none,6200000,,FALSE,FALSE,,1,1,Sniper: Legacy
FALSE,none,3300000,,FALSE,FALSE,,1,1,Sniper: Reloaded
FALSE,none,4200000,,FALSE,FALSE,,1,1,Sniper: Rogue Mission
FALSE,none,23900000,,FALSE,FALSE,,1,1,Sniper: Ultimate Kill
FALSE,none,900000,,FALSE,FALSE,,1,1,Snitch (2013)
TRUE,Arabic,100000,,FALSE,FALSE,,1,1,SNL Arabia
FALSE,none,2300000,600000,TRUE,TRUE,2022-06-16,2,1,Snoop Dogg's F*cn Around Comedy Special
FALSE,Japanese,100000,,FALSE,FALSE,,1,1,Snow Flower
FALSE,none,1700000,,FALSE,FALSE,,1,1,Snow White & the Huntsman
FALSE,none,1200000,,FALSE,FALSE,,1,1,Snow White: A Tale of Terror
FALSE,Latin,300000,,FALSE,FALSE,,1,1,"Snow, Tea and Love"
FALSE,none,1100000,,FALSE,FALSE,,1,1,Snowden
TRUE,none,8800000,500000,TRUE,TRUE,2022-06-22,2,1,Snowflake Mountain
FALSE,none,300000,,FALSE,FALSE,,1,1,Snowpiercer (2013)
TRUE,none,50800000,2800000,FALSE,FALSE,2020-05-25,6,3,Snowpiercer
FALSE,none,200000,,FALSE,FALSE,,1,1,So Connected
FALSE,Latin,100000,,FALSE,FALSE,,1,1,So Help Me God
TRUE,Japanese,3000000,100000,FALSE,FALSE,,2,1,"So I'm a Spider, So What?"
FALSE,none,100000,,FALSE,FALSE,,1,1,So It's You
FALSE,Latin,1600000,,FALSE,FALSE,2020-09-09,1,1,So Much Love to Give
FALSE,Latin,500000,,FALSE,FALSE,2021-01-22,1,1,So My Grandma’s a Lesbian!
TRUE,Korean,6100000,400000,TRUE,TRUE,2021-06-18,2,1,So Not Worth It
FALSE,none,400000,,FALSE,FALSE,,1,1,So Undercover
FALSE,Latin,100000,,FALSE,FALSE,,1,1,So What Is Love
FALSE,Cyrillic,100000,,FALSE,FALSE,,1,1,Sobibor
TRUE,Devanagari,4000000,300000,TRUE,TRUE,2023-06-21,2,1,Social Currency
FALSE,none,1000000,,FALSE,FALSE,,1,1,"Socorro, Virei uma Garota!"
FALSE,none,700000,,FALSE,FALSE,,1,1,Sodium Day
FALSE,Latin,100000,,FALSE,FALSE,,1,1,Soekarno
FALSE,none,1400000,,FALSE,FALSE,,1,1,Soft & Quiet
FALSE,Latin,300000,100000,FALSE,FALSE,2016-06-24,2,1,Sofía Niño de Rivera: Exposed
FALSE,none,300000,100000,FALSE,FALSE,2018-03-30,2,1,Sofía Niño de Rivera: Selección Natural
FALSE,Devanagari,100000,,FALSE,FALSE,,1,1,Sohni Mahiwal
TRUE,Latin,3500000,400000,TRUE,FALSE,2022-03-17,2,1,Soil
FALSE,none,500000,,FALSE,FALSE,,1,1,Sol (2019)
FALSE,none,4000000,,FALSE,FALSE,,1,1,Solace (2015)
FALSE,none,100000,,FALSE,FALSE,,1,1,Solar System: The Secrets Of The Universe
FALSE,none,100000,,FALSE,FALSE,,1,1,Soldier (1998)
FALSE,Arabic,100000,,FALSE,FALSE,,1,1,Soldiers in the Camp
FALSE,none,600000,,FALSE,FALSE,,1,1,Sole a Catinelle
FALSE,Japanese,2300000,100000,FALSE,FALSE,,2,1,Solitary Gourmet Special: Collection
TRUE,Japanese,9600000,1000000,FALSE,FALSE,,20,10,Solitary Gourmet
TRUE,Japanese,1000000,100000,FALSE,FALSE,,1,1,Solomon's Perjury
FALSE,none,1500000,,TRUE,TRUE,2019-01-11,1,1,Solo
FALSE,Thai,300000,,FALSE,FALSE,,1,1,Som Pla Noi
TRUE,none,26200000,1300000,TRUE,FALSE,2015-06-19,4,2,Some Assembly Required
TRUE,none,24300000,1900000,TRUE,TRUE,2018-01-12,12,6,Somebody Feed Phil
TRUE,Korean,16900000,700000,TRUE,TRUE,2022-11-18,2,1,Somebody
FALSE,Latin,200000,,FALSE,FALSE,,1,1,Someday in Heaven
FALSE,Chinese_or_Kanji,100000,,FALSE,FALSE,,1,1,Someday or One Day
TRUE,Chinese_or_Kanji,3200000,100000,FALSE,FALSE,,2,1,Someday or One Day
FALSE,Latin,11500000,,TRUE,TRUE,2022-10-11,1,1,Someone Borrowed
FALSE,none,3500000,,TRUE,TRUE,2019-04-19,1,1,Someone Great
TRUE,Latin,1500000,300000,TRUE,TRUE,2020-10-16,2,1,Someone Has to Die
FALSE,Korean,900000,,FALSE,FALSE,,1,1,Someone You Loved
TRUE,Korean,1500000,,FALSE,FALSE,,1,1,Something About 1%
FALSE,none,200000,,FALSE,FALSE,,1,1,Something Borrowed
TRUE,Korean,30400000,700000,TRUE,TRUE,2018-04-13,2,1,Something in the Rain
FALSE,none,1200000,,FALSE,FALSE,,1,1,Something New (2006)
FALSE,Latin,100000,,FALSE,FALSE,,1,1,Something New
TRUE,Latin,900000,100000,FALSE,FALSE,,2,1,Something to Hide
FALSE,none,1900000,,FALSE,FALSE,,1,1,Something's Gotta Give
FALSE,none,100000,,TRUE,TRUE,2018-05-01,1,1,Sometimes
FALSE,Latin,100000,,FALSE,FALSE,,1,1,Somewhere Amazing
TRUE,none,28600000,2600000,FALSE,FALSE,2018-06-29,2,1,Somewhere Between
TRUE,Chinese_or_Kanji,3000000,100000,FALSE,FALSE,,2,1,Somewhere Only We Know
FALSE,none,100000,,FALSE,FALSE,,1,1,Sommaren med Göran
FALSE,none,400000,,FALSE,FALSE,,1,1,Sommerfest
FALSE,none,600000,600000,FALSE,FALSE,,1,1,Sommore: A Queen with No Spades
FALSE,none,3600000,300000,TRUE,FALSE,2023-02-21,2,1,Sommore: Queen Chandelier
FALSE,none,100000,,FALSE,FALSE,,1,1,Somos gente honrada
TRUE,none,6100000,600000,TRUE,TRUE,2021-06-30,2,1,Somos.
FALSE,Arabic,100000,,FALSE,FALSE,,1,1,Son Of Adam
FALSE,none,100000,,FALSE,FALSE,,1,1,Son of Rambow
FALSE,none,2200000,,FALSE,FALSE,,1,1,Son of the Mask
FALSE,none,1600000,,FALSE,FALSE,,1,1,Son of the South
FALSE,none,200000,100000,TRUE,TRUE,2020-10-02,2,1,Song Exploder: Volume 1
FALSE,none,300000,100000,TRUE,TRUE,2020-12-15,2,1,Song Exploder: Volume 2
TRUE,Korean,60100000,7000000,TRUE,TRUE,2023-09-22,1,1,Song of the Bandits
FALSE,Latin,100000,,FALSE,FALSE,,1,1,Song Without a Name
FALSE,none,400000,,FALSE,FALSE,,1,1,Songbird
TRUE,none,86700000,3400000,FALSE,FALSE,,4,2,Sonic Boom
TRUE,none,165400000,24000000,TRUE,TRUE,2022-12-15,3,2,Sonic Prime
FALSE,none,300000,,FALSE,FALSE,,1,1,Sonic the Hedgehog (2020)
FALSE,none,600000,,FALSE,FALSE,,1,1,Sonic the Hedgehog 2
TRUE,Japanese,22900000,900000,TRUE,TRUE,,4,2,Sonic X
FALSE,Devanagari,200000,,TRUE,TRUE,2019-01-18,1,1,Soni
FALSE,none,200000,,FALSE,FALSE,,1,1,Sonny Boy (2011)
FALSE,none,100000,,FALSE,FALSE,,1,1,Sono tornato
FALSE,Latin,900000,,FALSE,FALSE,,1,1,"Sonora, The Devil’s Highway"
FALSE,Latin,200000,,FALSE,FALSE,,1,1,Sons Of 'Ndrangheta
TRUE,none,100000,,FALSE,FALSE,,1,1,Sons of the Caliphate
FALSE,none,200000,,FALSE,FALSE,,1,1,Sonsuz Aşk
FALSE,none,100000,,FALSE,FALSE,,1,1,Soof 2
FALSE,none,1500000,,FALSE,FALSE,,1,1,Soof 3
FALSE,none,100000,,FALSE,FALSE,,1,1,Soof
FALSE,none,700000,,FALSE,FALSE,,1,1,Soorma
FALSE,Devanagari,4100000,,TRUE,TRUE,,1,1,Sooryavanshi
FALSE,Latin,100000,,FALSE,FALSE,,1,1,Sophie Seeks 7
FALSE,none,100000,,FALSE,FALSE,,1,1,Sophie's Choice
TRUE,none,4400000,800000,TRUE,TRUE,2021-06-30,2,1,Sophie: A Murder in West Cork
FALSE,Latin,200000,,FALSE,FALSE,,1,1,Sorry for the Delay
FALSE,Latin,300000,,FALSE,FALSE,,1,1,Sorry If I Call You Love
FALSE,none,700000,,FALSE,FALSE,,1,1,Sorry to Bother You
FALSE,Arabic,100000,,FALSE,FALSE,,1,1,Sorry We Are Screwed!
FALSE,none,100000,,FALSE,FALSE,,1,1,Soul (2017)
FALSE,none,100000,,FALSE,FALSE,,1,1,Soul Reaper
FALSE,Chinese_or_Kanji,100000,,FALSE,FALSE,,1,1,Soul Snatcher
FALSE,none,2800000,,FALSE,FALSE,,1,1,Soul Surfer
TRUE,Chinese_or_Kanji,100000,,FALSE,FALSE,,1,1,Soulmate Adventure
FALSE,Arabic,100000,,FALSE,FALSE,,1,1,Soulmate
FALSE,none,200000,,FALSE,FALSE,,1,1,Sound of Metal
TRUE,Chinese_or_Kanji,300000,,FALSE,FALSE,,1,1,Sound of the Desert
FALSE,Japanese,700000,100000,FALSE,FALSE,,2,1,Sound! Euphonium 2
FALSE,Japanese,100000,,FALSE,FALSE,,1,1,Sound! Euphonium The Movie-Our Promise: A Brand New Day-
FALSE,Japanese,1100000,100000,FALSE,FALSE,,2,1,Sound! Euphonium
FALSE,Latin,2000000,,TRUE,TRUE,2021-09-29,1,1,Sounds Like Love
FALSE,none,400000,,FALSE,FALSE,,1,1,Source Code
FALSE,none,800000,,FALSE,FALSE,,1,1,Sous le même toit
FALSE,none,600000,,FALSE,FALSE,,1,1,South of Heaven
TRUE,none,200000,,FALSE,FALSE,,1,1,South of the River
TRUE,none,1900000,200000,TRUE,TRUE,2020-07-03,2,1,Southern Survival
FALSE,none,11000000,,FALSE,FALSE,,1,1,Southpaw (2015)
FALSE,none,500000,,FALSE,FALSE,,1,1,Soólè
FALSE,Chinese_or_Kanji,200000,,FALSE,FALSE,,1,1,SP: The Motion Picture Episode VI<The Final Episode>
FALSE,Chinese_or_Kanji,200000,,FALSE,FALSE,,1,1,SP: The Motion Picture Episode V
TRUE,Japanese,200000,,FALSE,FALSE,,1,1,Space Battleship Yamato 2199
TRUE,Japanese,4600000,100000,FALSE,FALSE,,2,1,Space Brothers
FALSE,none,300000,,FALSE,FALSE,,1,1,Space Chimps
TRUE,Japanese,300000,,FALSE,FALSE,,1,1,Space Cobra
FALSE,none,100000,,FALSE,FALSE,,1,1,Space Cowboys
TRUE,none,17900000,1600000,TRUE,TRUE,2020-05-29,4,2,Space Force
TRUE,Latin,1400000,100000,FALSE,FALSE,,2,1,Space Goofs
FALSE,none,6500000,,FALSE,FALSE,,1,1,Space Jam: A New Legacy
FALSE,none,4000000,,FALSE,FALSE,,1,1,Space Jam
FALSE,Korean,4000000,,TRUE,TRUE,2021-02-05,1,1,Space Sweepers
FALSE,none,100000,,FALSE,FALSE,,1,1,Spaceship Earth
FALSE,none,7100000,,FALSE,FALSE,,1,1,Spanglish
FALSE,Latin,300000,,FALSE,FALSE,,1,1,Spanish Affair 2
FALSE,Latin,300000,,FALSE,FALSE,,1,1,Spanish Affair
TRUE,none,1100000,200000,TRUE,TRUE,2021-08-31,2,1,Sparking Joy
FALSE,none,100000,,FALSE,FALSE,,1,1,Sparkle (2012)
TRUE,Cyrillic,100000,,FALSE,FALSE,,1,1,Sparta
FALSE,none,700000,,FALSE,FALSE,,1,1,Spawn (1997)
FALSE,none,1200000,,TRUE,TRUE,2016-04-29,1,1,Special Correspondents
FALSE,Chinese_or_Kanji,600000,,FALSE,FALSE,,1,1,Special ID
TRUE,Japanese,2100000,200000,FALSE,FALSE,,1,1,Special Order! Metro Police Special Accounting Department
TRUE,none,1800000,300000,TRUE,TRUE,2019-04-12,4,2,Special
FALSE,none,7300000,,TRUE,TRUE,2016-12-09,1,1,Spectral
TRUE,none,600000,100000,TRUE,TRUE,2020-02-20,2,1,Spectros
FALSE,none,400000,,FALSE,FALSE,,1,1,Speed Kills (2018)
FALSE,Chinese_or_Kanji,100000,,FALSE,FALSE,,1,1,Speed Rescue
FALSE,none,3500000,,FALSE,FALSE,,1,1,Spell (2020)
FALSE,none,1300000,,FALSE,FALSE,,1,1,Spellbound (2023)
FALSE,Korean,100000,,FALSE,FALSE,,1,1,Spellbound
FALSE,none,200000,,TRUE,TRUE,2020-06-03,1,1,Spelling the Dream
FALSE,none,100000,,FALSE,FALSE,,1,1,Spencer (2021)
FALSE,none,30100000,,TRUE,TRUE,2020-03-06,1,1,Spenser Confidential
TRUE,Chinese_or_Kanji,100000,,FALSE,FALSE,,1,1,Spice Up
FALSE,none,16000000,,FALSE,FALSE,,1,1,Spider-Man (2002)
FALSE,none,10400000,,FALSE,FALSE,,1,1,Spider-Man 2
FALSE,none,15900000,,FALSE,FALSE,,1,1,Spider-Man 3
FALSE,none,19500000,,FALSE,FALSE,,1,1,Spider-Man: Far from Home
FALSE,none,12200000,,FALSE,FALSE,,1,1,Spider-Man: Homecoming
FALSE,none,12500000,,FALSE,FALSE,,1,1,Spider-Man: Into the Spider-Verse
FALSE,none,10700000,,FALSE,FALSE,,1,1,Spider-Man: No Way Home (Extended Version)
FALSE,none,6500000,,FALSE,FALSE,,1,1,Spider-Man: No Way Home
FALSE,none,7700000,,TRUE,TRUE,2022-06-17,1,1,Spiderhead
FALSE,none,100000,,FALSE,FALSE,,1,1,Spievankovo a královna Harmónia
FALSE,none,100000,,FALSE,FALSE,,1,1,Spijt
TRUE,none,31600000,2300000,TRUE,TRUE,2020-01-01,2,1,Spinning Out
FALSE,none,1700000,,FALSE,FALSE,,1,1,Spiral: From the Book of Saw
TRUE,none,37700000,2300000,TRUE,TRUE,2022-10-10,4,2,Spirit Rangers
FALSE,none,900000,800000,TRUE,TRUE,2019-08-09,2,1,Spirit Riding Free: Pony Tales: Collection 1
FALSE,none,3800000,1100000,TRUE,TRUE,2019-10-18,2,1,Spirit Riding Free: Pony Tales: Collection 2
FALSE,none,1800000,,TRUE,TRUE,2020-12-08,1,1,Spirit Riding Free: Ride Along Adventure
TRUE,none,26500000,3900000,TRUE,TRUE,2020-04-03,4,2,Spirit Riding Free: Riding Academy
FALSE,none,1200000,,TRUE,TRUE,2019-12-06,1,1,Spirit Riding Free: Spirit of Christmas
TRUE,none,89700000,16300000,FALSE,FALSE,2017-05-05,16,8,Spirit Riding Free
FALSE,none,3600000,,FALSE,FALSE,,1,1,Spirit Untamed
FALSE,none,16200000,,FALSE,FALSE,,1,1,Spirit: Stallion of the Cimarron
FALSE,Japanese,15900000,,FALSE,FALSE,,1,1,Spirited Away
FALSE,Latin,600000,,TRUE,TRUE,,1,1,Spirited
TRUE,Japanese,100000,,FALSE,FALSE,,1,1,Spiritual House
FALSE,Korean,100000,,FALSE,FALSE,,1,1,Spiritwalker
FALSE,none,600000,,FALSE,FALSE,,1,1,Splice
FALSE,none,9400000,,FALSE,FALSE,,1,1,Split (2016)
FALSE,none,100000,,FALSE,FALSE,,1,1,Split at the Root
FALSE,Latin,10700000,,FALSE,FALSE,2021-11-26,1,1,Spoiled Brats
TRUE,none,188400000,15800000,FALSE,FALSE,,12,8,SpongeBob SquarePants
FALSE,none,500000,,FALSE,FALSE,,1,1,Spontaneous
FALSE,Korean,100000,,FALSE,FALSE,,1,1,Spookiz: The Movie
FALSE,none,200000,,FALSE,FALSE,,1,1,Spookley and the Christmas Kittens
FALSE,none,300000,,FALSE,FALSE,,1,1,Spookley the Square Pumpkin
TRUE,none,1700000,100000,FALSE,FALSE,2016-05-10,2,1,Spotless
FALSE,none,3000000,,FALSE,FALSE,,1,1,Spotlight (2015)
FALSE,none,700000,,FALSE,FALSE,,1,1,Spotlight (2016): Staffel 4
TRUE,none,1100000,,FALSE,FALSE,,2,2,Spotlight
FALSE,none,200000,,FALSE,FALSE,,1,1,Spree (2020)
TRUE,Japanese,7500000,600000,TRUE,TRUE,2022-06-18,2,1,SPRIGGAN
FALSE,none,200000,,FALSE,FALSE,,1,1,Spring Breakers
FALSE,none,400000,100000,TRUE,TRUE,2018-12-16,2,1,Springsteen on Broadway
FALSE,Cyrillic,1600000,,FALSE,FALSE,,1,1,Sputnik
TRUE,Japanese,2300000,100000,FALSE,FALSE,,2,1,Spy Classroom
FALSE,none,100000,,FALSE,FALSE,,1,1,Spy Game (2001)
FALSE,none,400000,,FALSE,FALSE,,1,1,Spy Kids 2: The Island of Lost Dreams
FALSE,none,100000,,FALSE,FALSE,,1,1,Spy Kids 3: Game Over
FALSE,none,7500000,,FALSE,FALSE,,1,1,Spy Kids: All the Time in the World
TRUE,none,12200000,1400000,TRUE,TRUE,2018-04-20,4,2,Spy Kids: Mission Critical
FALSE,none,400000,,FALSE,FALSE,,1,1,Spy Kids
TRUE,none,46200000,7700000,TRUE,TRUE,2023-09-08,1,1,Spy Ops
TRUE,Japanese,54300000,5500000,FALSE,FALSE,,3,2,SPY x FAMILY
TRUE,none,8800000,800000,TRUE,TRUE,2021-01-20,2,1,Spycraft
FALSE,none,300000,,FALSE,FALSE,,1,1,Spyder (2017)
TRUE,Korean,2400000,100000,FALSE,FALSE,,2,1,Squad 38
FALSE,none,100000,,FALSE,FALSE,,1,1,Squad Goals
FALSE,Latin,21900000,,TRUE,TRUE,2023-02-13,1,1,Squared Love All Over Again
FALSE,Latin,4900000,,TRUE,TRUE,2021-02-11,1,1,Squared Love
TRUE,none,270600000,33100000,TRUE,TRUE,2023-11-22,1,1,Squid Game: The Challenge
TRUE,Korean,204300000,14100000,TRUE,TRUE,2021-09-17,2,1,Squid Game
FALSE,none,900000,,TRUE,TRUE,2022-12-02,1,1,Sr.
TRUE,Thai,400000,,FALSE,FALSE,,1,1,Sri Ayodhaya
FALSE,none,200000,,FALSE,FALSE,,1,1,Sri Rama Rajyam
FALSE,none,100000,,FALSE,FALSE,,1,1,Srimannarayana
FALSE,Korean,200000,,FALSE,FALSE,,1,1,Ssurvival: 2021
FALSE,none,2900000,,FALSE,FALSE,,1,1,St. Vincent
FALSE,none,100000,,FALSE,FALSE,,1,1,Stalin's Daughter
FALSE,none,100000,,FALSE,FALSE,,1,1,Stalingrad (2013)
TRUE,none,3200000,800000,FALSE,FALSE,,2,2,Stalk
FALSE,none,6300000,,FALSE,FALSE,,1,1,Stand by Me (1986)
FALSE,Japanese,5700000,,FALSE,FALSE,2021-09-30,1,1,STAND BY ME Doraemon 2
FALSE,Japanese,4200000,,FALSE,FALSE,,1,1,STAND BY ME Doraemon
FALSE,Chinese_or_Kanji,100000,,FALSE,FALSE,,1,1,Stand By Me
FALSE,none,500000,100000,TRUE,TRUE,2022-06-09,2,1,Stand Out: An LGBTQ+ Celebration
TRUE,none,200000,100000,TRUE,TRUE,2018-12-24,2,1,Stand Up and Away! with Brian Regan
FALSE,none,700000,,FALSE,FALSE,,1,1,Stand Up Guys
FALSE,none,400000,,FALSE,FALSE,,1,1,Stander
FALSE,Latin,1100000,,FALSE,FALSE,,1,1,Standing Tall
TRUE,Latin,1200000,100000,TRUE,TRUE,2022-03-18,2,1,Standing Up
FALSE,Japanese,200000,,FALSE,FALSE,,1,1,Star Blazers 2202
FALSE,none,100000,,FALSE,FALSE,,1,1,Star Trek (2009)
FALSE,none,1400000,,FALSE,FALSE,,1,1,Star Trek Beyond
FALSE,none,300000,,FALSE,FALSE,,1,1,Star Trek Into Darkness
TRUE,none,45800000,1300000,FALSE,FALSE,,14,7,Star Trek: Deep Space Nine
TRUE,none,41800000,1300000,FALSE,FALSE,,8,4,Star Trek: Enterprise
TRUE,none,4500000,600000,FALSE,FALSE,,1,1,Star Trek: Prodigy
TRUE,none,300000,,FALSE,FALSE,,2,2,Star Trek: The Animated Series
TRUE,none,70100000,1500000,FALSE,FALSE,,14,7,Star Trek: The Next Generation
TRUE,none,71600000,1800000,FALSE,FALSE,,14,7,Star Trek: Voyager
TRUE,none,21600000,400000,FALSE,FALSE,,6,3,Star Trek
FALSE,none,1100000,,FALSE,FALSE,2021-12-14,1,1,StarBeam: Beaming in the New Year
FALSE,none,600000,,FALSE,FALSE,2020-10-06,1,1,StarBeam: Halloween Hero
TRUE,none,9300000,2400000,FALSE,FALSE,2020-04-03,8,4,StarBeam
FALSE,none,2200000,,FALSE,FALSE,,1,1,Stardust (2007)
FALSE,Chinese_or_Kanji,2900000,100000,TRUE,FALSE,,2,1,Starlight BnB
TRUE,Korean,200000,,FALSE,FALSE,,1,1,Stars Awakening
FALSE,none,300000,,FALSE,FALSE,,1,1,Stars in the Sky: A Hunting Story
FALSE,none,2600000,,FALSE,FALSE,,1,1,Starship Troopers (1997)
FALSE,none,700000,,FALSE,FALSE,,1,1,Starsky & Hutch (2004)
TRUE,none,1200000,500000,FALSE,FALSE,,2,2,Starstruck (2021)
FALSE,Latin,100000,,FALSE,FALSE,,1,1,Stars
FALSE,Korean,200000,,FALSE,FALSE,,1,1,Start-Up
TRUE,Korean,58800000,1300000,TRUE,TRUE,2020-10-17,2,1,Start-Up
FALSE,none,300000,,TRUE,TRUE,,1,1,Starting Over Again (2014)
TRUE,none,500000,,FALSE,FALSE,,3,3,Star
FALSE,none,1700000,,TRUE,TRUE,2022-11-10,1,1,State of Alabama vs. Brittany Smith
FALSE,none,1900000,,FALSE,FALSE,,1,1,State of Mind (2017)
FALSE,none,1100000,,FALSE,FALSE,,1,1,State of Play (2009)
TRUE,none,9200000,1100000,FALSE,FALSE,2020-07-08,2,1,Stateless
FALSE,none,100000,,FALSE,FALSE,,1,1,Status: It's Complicated!
FALSE,none,1900000,2100000,TRUE,TRUE,2023-12-05,1,1,Stavros Halkias: Fat Rascal
FALSE,Latin,100000,,FALSE,FALSE,,1,1,Stay Away From Me
TRUE,none,25700000,2000000,TRUE,TRUE,2021-12-31,2,1,Stay Close
TRUE,none,2400000,300000,TRUE,TRUE,2018-08-17,2,1,Stay Here
FALSE,none,100000,,TRUE,TRUE,2022-08-11,1,1,Stay on Board: The Leo Baker Story
TRUE,Japanese,500000,100000,TRUE,TRUE,,2,1,Stay Tuned!
FALSE,none,100000,,FALSE,FALSE,,1,1,Staying Alive (2015)
FALSE,Latin,4300000,,TRUE,TRUE,,1,1,Stealing Raden Saleh
FALSE,none,2000000,,FALSE,FALSE,,1,1,Stealth (2005)
FALSE,none,2600000,,FALSE,FALSE,,1,1,Steel Magnolias (1989)
FALSE,Korean,200000,,FALSE,FALSE,,1,1,Steel Rain2: Summit
FALSE,Korean,2800000,,TRUE,TRUE,2018-03-14,1,1,Steel Rain
FALSE,none,300000,,FALSE,FALSE,,1,1,Steig. Nicht. Aus!
TRUE,Japanese,1100000,100000,FALSE,FALSE,,2,1,Steins;Gate 0
FALSE,Japanese,2000000,100000,FALSE,FALSE,,2,1,Steins;Gate
FALSE,none,1300000,,FALSE,FALSE,,1,1,Stellungswechsel
FALSE,none,3200000,,FALSE,FALSE,,1,1,Step Brothers
FALSE,none,3000000,,TRUE,TRUE,2018-01-19,1,1,Step Sisters
FALSE,none,700000,,FALSE,FALSE,,1,1,Step Up 2: The Streets
FALSE,none,900000,,FALSE,FALSE,,1,1,Step Up 3
FALSE,none,200000,,FALSE,FALSE,,1,1,Step Up China
FALSE,none,2200000,,FALSE,FALSE,,1,1,Step Up: All In
FALSE,none,400000,,FALSE,FALSE,,1,1,Step Up: Revolution
FALSE,none,2800000,,FALSE,FALSE,,1,1,Step Up
FALSE,none,10600000,,FALSE,FALSE,,1,1,Stepmom
FALSE,Japanese,200000,,FALSE,FALSE,,1,1,Step
FALSE,none,300000,,FALSE,FALSE,,1,1,Stereo (2014)
FALSE,none,600000,,FALSE,FALSE,,1,1,Steve Jobs
FALSE,none,800000,200000,TRUE,TRUE,2018-05-25,2,1,Steve Martin and Martin Short: An Evening You Will Forget for the Rest of Your Life
TRUE,none,4200000,800000,FALSE,FALSE,,2,2,Steven Universe
FALSE,none,100000,,FALSE,FALSE,,1,1,Stick Man (2015)
FALSE,Japanese,200000,,FALSE,FALSE,,1,1,Stigmatized Properties
TRUE,Korean,13600000,500000,FALSE,FALSE,,2,1,Still 17
FALSE,Thai,600000,,FALSE,FALSE,,1,1,Still 2gether
FALSE,none,2200000,,FALSE,FALSE,,1,1,Still Alice
TRUE,none,37100000,5900000,FALSE,FALSE,,18,9,Still Game
FALSE,none,200000,,TRUE,TRUE,2019-05-14,1,1,Still LAUGH-IN: The Stars Celebrate
FALSE,Latin,500000,,TRUE,TRUE,2021-11-10,1,1,Still Out of My League
FALSE,Latin,30800000,,TRUE,TRUE,2023-03-16,1,1,Still Time
FALSE,Japanese,200000,,FALSE,FALSE,,1,1,Still Walking
FALSE,none,10400000,,FALSE,FALSE,,1,1,Stillwater (2021)
FALSE,none,100000,,FALSE,FALSE,,1,1,Stip & Pensil
FALSE,none,400000,,FALSE,FALSE,,1,1,Stir of Echoes
FALSE,Latin,100000,,FALSE,FALSE,,1,1,Stockholm East
FALSE,none,300000,,FALSE,FALSE,,1,1,Stolen (2012)
TRUE,Latin,26200000,1500000,FALSE,FALSE,2020-06-05,2,1,Stolen Away
FALSE,Latin,700000,,FALSE,FALSE,,1,1,Stolen Days
TRUE,Japanese,300000,,FALSE,FALSE,,1,1,Stolen face
FALSE,Japanese,100000,,FALSE,FALSE,,1,1,Stolen Identity 2
FALSE,Japanese,300000,,FALSE,FALSE,,1,1,Stolen Identity
FALSE,none,300000,,FALSE,FALSE,,1,1,Stomp the Yard
FALSE,Latin,200000,,FALSE,FALSE,,1,1,Stones for the Rampart
FALSE,Latin,100000,,FALSE,FALSE,,1,1,Stop My Stepmom
FALSE,Latin,100000,,FALSE,FALSE,,1,1,Stop Playing With The Stars
FALSE,none,400000,,FALSE,FALSE,,1,1,Stop! Or My Mom Will Shoot
TRUE,Devanagari,3000000,100000,FALSE,FALSE,,2,1,Stories by Rabindranath Tagore
TRUE,none,600000,100000,TRUE,TRUE,2021-12-25,2,1,Stories of a Generation - with Pope Francis
FALSE,none,100000,,FALSE,FALSE,,1,1,Stories We Tell
FALSE,none,14800000,,FALSE,FALSE,,1,1,Storks
FALSE,none,400000,,FALSE,FALSE,,1,1,Storm (2022)
FALSE,Latin,800000,,FALSE,FALSE,,1,1,Storm of Love: Staffel 16
FALSE,Latin,200000,,FALSE,FALSE,,1,1,Stormforce
FALSE,none,100000,,FALSE,FALSE,,1,1,Story of Dinda: Second Chance of Happiness
FALSE,none,100000,,FALSE,FALSE,,1,1,Story of Kale: When Someone's in Love
TRUE,Japanese,3300000,100000,FALSE,FALSE,,2,1,Story of My Family!!!
TRUE,Chinese_or_Kanji,1400000,,FALSE,FALSE,,1,1,Story of Yanxi Palace
FALSE,none,100000,,FALSE,FALSE,,1,1,Story of..Ramadan
FALSE,none,100000,,FALSE,FALSE,,1,1,Story of..Spice
FALSE,none,100000,,FALSE,FALSE,,1,1,Story of…Cheese
FALSE,none,100000,,FALSE,FALSE,,1,1,Story of…Coffee
FALSE,none,100000,,FALSE,FALSE,,1,1,Story of…Tea
TRUE,none,7500000,800000,FALSE,FALSE,,2,1,Story Time Book: Read-Along
TRUE,none,2900000,700000,FALSE,FALSE,,2,1,StoryBots Super Songs
TRUE,none,13400000,1900000,TRUE,TRUE,2022-11-21,3,2,StoryBots: Answer Time
FALSE,none,1200000,600000,TRUE,TRUE,2021-11-16,2,1,"StoryBots: Laugh, Learn, Sing: Collection 1"
FALSE,none,800000,700000,TRUE,TRUE,2022-07-18,2,1,"StoryBots: Laugh, Learn, Sing: Collection 2: Learn to Read"
FALSE,none,800000,,FALSE,FALSE,,1,1,Stowaway (2022)
FALSE,none,4600000,,FALSE,FALSE,2021-04-22,1,1,Stowaway
FALSE,none,5700000,,FALSE,FALSE,,1,1,Straight Outta Compton
FALSE,none,100000,,FALSE,FALSE,,1,1,Straight Up (2020)
FALSE,none,100000,,FALSE,FALSE,,1,1,Strain
FALSE,none,100000,,FALSE,FALSE,,1,1,Stranded (2019)
TRUE,Latin,35700000,5100000,TRUE,TRUE,2023-10-09,1,1,Stranded with my Mother-in-Law
FALSE,none,100000,,FALSE,FALSE,,1,1,Strange Voices
TRUE,none,616600000,30700000,TRUE,TRUE,2016-07-15,8,4,Stranger Things
FALSE,none,1800000,,FALSE,FALSE,,1,1,Strangers (2022)
TRUE,Korean,40900000,1000000,TRUE,FALSE,2017-06-13,4,2,Stranger
FALSE,none,200000,,FALSE,FALSE,,1,1,Strangeways Here We Come
TRUE,none,8100000,1100000,FALSE,FALSE,,4,2,Strawberry Shortcake: Berry in the Big City
FALSE,Latin,800000,,TRUE,TRUE,2019-10-12,1,1,Street Flow
TRUE,none,6900000,700000,TRUE,TRUE,2019-04-26,2,1,Street Food: Asia
TRUE,Latin,2300000,300000,TRUE,TRUE,2020-07-21,2,1,Street Food: Latin America
TRUE,none,7200000,700000,TRUE,TRUE,2022-07-26,2,1,Street Food: USA
FALSE,Devanagari,1300000,,FALSE,FALSE,,1,1,Stree
FALSE,none,100000,,FALSE,FALSE,,1,1,Streif: One Hell of a Ride
TRUE,none,3400000,300000,TRUE,TRUE,2017-11-17,4,2,Stretch Armstrong & the Flex Fighters
FALSE,none,300000,,TRUE,TRUE,2018-03-13,1,1,Stretch Armstrong: The Breakout
FALSE,none,100000,,FALSE,FALSE,,1,1,Striking Distance
FALSE,none,200000,,TRUE,TRUE,2021-02-05,1,1,"Strip Down, Rise Up"
FALSE,none,300000,,FALSE,FALSE,,1,1,Stripes
FALSE,none,300000,,FALSE,FALSE,,1,1,Stromberg - Der Film
FALSE,none,1700000,200000,FALSE,FALSE,,2,1,Stromberg: Staffel 1
FALSE,none,2000000,200000,FALSE,FALSE,,2,1,Stromberg: Staffel 2
FALSE,none,1500000,200000,FALSE,FALSE,,2,1,Stromberg: Staffel 3
FALSE,none,1500000,200000,FALSE,FALSE,,2,1,Stromberg: Staffel 4
FALSE,none,1300000,100000,FALSE,FALSE,,2,1,Stromberg: Staffel 5
FALSE,none,11300000,,TRUE,TRUE,2023-02-03,1,1,Stromboli
TRUE,Korean,34900000,1800000,FALSE,FALSE,,2,1,Strong Girl Bong-soon
TRUE,Korean,195700000,11500000,TRUE,TRUE,2023-10-07,1,1,Strong Girl Nam-soon
FALSE,none,100000,,TRUE,TRUE,2017-09-15,1,1,Strong Island
FALSE,Latin,600000,,FALSE,FALSE,,1,1,Stronger Than the World
FALSE,none,3800000,,FALSE,FALSE,,1,1,Stronger
TRUE,Korean,6700000,200000,FALSE,FALSE,,2,1,Strongest Deliveryman
FALSE,none,300000,,TRUE,TRUE,2018-12-21,1,1,Struggle: The Life and Lost Art of Szukalski
FALSE,none,3500000,,FALSE,FALSE,,1,1,Stuart Little 2
FALSE,none,100000,,FALSE,FALSE,,1,1,Stuart Little 3: Call of the Wild
FALSE,none,5800000,,FALSE,FALSE,,1,1,Stuart Little
FALSE,Latin,100000,,TRUE,TRUE,2021-01-08,1,1,Stuck Apart
FALSE,Latin,1800000,,TRUE,TRUE,2021-10-20,1,1,Stuck Together
FALSE,Latin,2400000,,TRUE,TRUE,2022-12-28,1,1,Stuck with You
FALSE,none,3000000,,FALSE,FALSE,,1,1,Student of the Year
FALSE,none,100000,,FALSE,FALSE,,1,1,Studio 666 (2022)
FALSE,Latin,100000,,FALSE,FALSE,,1,1,Stunt School
TRUE,Thai,1300000,100000,FALSE,FALSE,,2,1,Stupid Cupid
FALSE,none,200000,100000,TRUE,TRUE,2019-09-27,2,1,Sturgill Simpson Presents Sound & Fury
FALSE,none,6800000,,TRUE,TRUE,2022-11-14,1,1,Stutz
TRUE,none,1000000,100000,TRUE,TRUE,2019-08-30,2,1,Styling Hollywood
FALSE,none,100000,,FALSE,FALSE,,1,1,Subira
TRUE,none,800000,100000,FALSE,FALSE,,2,1,Submission
FALSE,none,100000,,FALSE,FALSE,,1,1,Suburbicon
TRUE,Latin,33500000,2900000,TRUE,TRUE,2017-10-06,6,3,Suburra: Blood on Rome
FALSE,none,300000,,FALSE,FALSE,,1,1,Suburra
TRUE,none,31700000,5300000,TRUE,TRUE,2023-11-14,1,1,Suburræterna
FALSE,none,200000,,FALSE,FALSE,,1,1,Sucker Punch (2011)
FALSE,none,200000,,FALSE,FALSE,,1,1,Suckseed
FALSE,none,100000,,FALSE,FALSE,,1,1,Sudani from Nigeria
FALSE,none,400000,,FALSE,FALSE,,1,1,Sudden Death (1995)
FALSE,Latin,100000,,FALSE,FALSE,,1,1,Suddenly
TRUE,none,1800000,200000,FALSE,FALSE,,2,1,Sudha Murthy - Stories of Wit and Magic
TRUE,none,300000,,TRUE,TRUE,2022-10-13,1,1,Sue Perkins: Perfectly Legal
FALSE,none,400000,,TRUE,TRUE,2020-07-31,1,1,Sugar High
FALSE,none,200000,,FALSE,FALSE,,1,1,Sugar Rush (2019)
TRUE,none,10400000,1500000,TRUE,TRUE,2019-11-29,4,2,Sugar Rush Christmas
FALSE,none,8600000,700000,TRUE,TRUE,2020-07-31,2,1,Sugar Rush: Extra Sweet
TRUE,Latin,15100000,3000000,TRUE,TRUE,2023-07-12,1,1,Sugar Rush: The Baking Point
TRUE,none,9400000,700000,TRUE,TRUE,2018-07-13,4,2,Sugar Rush
FALSE,none,5200000,,FALSE,FALSE,,1,1,Suicide Squad
FALSE,none,100000,,FALSE,FALSE,,1,1,Suite Française
TRUE,none,2185200000,144100000,TRUE,FALSE,,18,9,Suits (2011)
TRUE,Korean,200000,,FALSE,FALSE,,1,1,Suits (Korea)
FALSE,none,2500000,,FALSE,FALSE,,1,1,Sully
FALSE,Latin,100000,,FALSE,FALSE,,1,1,"Sultan Agung: Throne, Rebellion, and Love"
FALSE,Japanese,300000,,FALSE,FALSE,,1,1,Sumikko Gurashi the Movie
FALSE,none,100000,,FALSE,FALSE,,1,1,Summer '82: When Zappa Came to Sicily
FALSE,Japanese,100000,,FALSE,FALSE,,1,1,Summer Days with Coo
TRUE,Latin,3700000,300000,TRUE,TRUE,2022-01-21,2,1,Summer Heat
TRUE,none,6200000,200000,TRUE,TRUE,2022-12-16,2,1,Summer Job
FALSE,Korean,17000000,,FALSE,FALSE,,1,1,Summer Strike
TRUE,Korean,4300000,400000,FALSE,FALSE,,1,1,Summer Strike
TRUE,Japanese,8500000,300000,FALSE,FALSE,,2,1,Summer Time Rendering
FALSE,Korean,400000,,FALSE,FALSE,,1,1,Summer Time
FALSE,none,400000,,FALSE,FALSE,,1,1,Summerland (2020)
TRUE,none,12900000,900000,TRUE,TRUE,2020-04-29,6,3,Summertime
FALSE,none,200000,,FALSE,FALSE,,1,1,Summit Fever
FALSE,Japanese,100000,,FALSE,FALSE,,1,1,Sumodo - The Successors of Samurai
FALSE,none,200000,,TRUE,TRUE,,1,1,Sun Dogs (2017)
FALSE,Latin,200000,,FALSE,FALSE,,1,1,Sun in My Eyes
FALSE,Latin,300000,,FALSE,FALSE,,1,1,"Sun, Hay and a Few Slaps"
FALSE,Latin,200000,,FALSE,FALSE,,1,1,"Sun, Hay, Erotica"
FALSE,Latin,200000,,FALSE,FALSE,,1,1,"Sun, Hay, Strawberries"
FALSE,Latin,700000,,TRUE,TRUE,2018-06-15,1,1,Sunday's Illness
TRUE,none,1900000,200000,TRUE,TRUE,2018-12-14,4,2,Sunderland 'Til I Die
FALSE,none,200000,,FALSE,FALSE,,1,1,Sune i fjällen
FALSE,none,300000,,FALSE,FALSE,,1,1,Sune på bilsemester
FALSE,Korean,200000,,FALSE,FALSE,,1,1,Sunflower
TRUE,Korean,1100000,,FALSE,FALSE,,1,1,Sungkyunkwan Scandal
FALSE,Japanese,200000,,FALSE,FALSE,,1,1,Sunk Into the Womb
TRUE,none,18900000,5400000,TRUE,TRUE,,4,2,Sunny Bunnies
FALSE,Japanese,400000,,FALSE,FALSE,,1,1,Sunny: Our Hearts Beat Together
FALSE,Korean,400000,,FALSE,FALSE,,1,1,Sunny
FALSE,none,200000,,FALSE,FALSE,,1,1,Sunod
FALSE,Korean,100000,,FALSE,FALSE,,1,1,Sunset in My Hometown
TRUE,none,100000,,FALSE,FALSE,,1,1,Sunshine Eyes
TRUE,none,1900000,,FALSE,FALSE,,1,1,Suntok sa Buwan
TRUE,none,10300000,2800000,TRUE,TRUE,2023-07-20,2,2,Supa Team 4
TRUE,none,100000,100000,FALSE,FALSE,,1,1,Super Benny
TRUE,Japanese,3700000,300000,TRUE,TRUE,2021-11-25,2,1,Super Crooks
FALSE,none,700000,,FALSE,FALSE,,1,1,Super Deluxe
TRUE,none,200000,,TRUE,TRUE,2018-11-09,1,1,Super Drags
TRUE,none,6100000,600000,TRUE,TRUE,2022-08-04,2,1,Super Giant Robot Brothers
FALSE,none,200000,,FALSE,FALSE,,1,1,Super Mario Bros.
FALSE,Chinese_or_Kanji,2100000,,FALSE,FALSE,2021-05-08,1,1,Super Me
FALSE,Latin,200000,,FALSE,FALSE,,1,1,Super Miss
FALSE,none,300000,,TRUE,TRUE,2018-12-07,1,1,Super Monsters and the Wish Star
FALSE,none,400000,,TRUE,TRUE,2019-08-16,1,1,Super Monsters Back to School
FALSE,none,2400000,,TRUE,TRUE,2019-04-16,1,1,Super Monsters Furever Friends
TRUE,none,800000,500000,TRUE,TRUE,2019-06-07,2,1,Super Monsters Monster Pets
FALSE,none,100000,,TRUE,TRUE,2019-11-26,1,1,Super Monsters Save Christmas
FALSE,none,300000,,TRUE,TRUE,2018-10-05,1,1,Super Monsters Save Halloween
FALSE,none,400000,,TRUE,TRUE,2020-10-09,1,1,Super Monsters: Dia de los Monsters
FALSE,none,700000,,TRUE,TRUE,2021-06-01,1,1,Super Monsters: Once Upon a Rhyme
FALSE,none,300000,,TRUE,TRUE,2020-12-08,1,1,Super Monsters: Santa’s Super Monster Helpers
FALSE,none,800000,,TRUE,TRUE,2020-08-01,1,1,Super Monsters: The New Class
FALSE,none,200000,,TRUE,TRUE,2019-10-04,1,1,Super Monsters: Vida's First Halloween
TRUE,none,31100000,5600000,TRUE,TRUE,2017-10-13,6,3,Super Monsters
TRUE,none,10600000,1600000,FALSE,FALSE,,1,1,Super Pumped: The Battle for Uber
TRUE,none,19100000,1900000,TRUE,TRUE,2022-03-31,2,1,Super PupZ
TRUE,Japanese,800000,100000,FALSE,FALSE,,2,1,Super Radical Gag Family
FALSE,none,100000,,FALSE,FALSE,,1,1,Super Senior Heroes
FALSE,Latin,100000,,FALSE,FALSE,,1,1,Super Villains from Mars
TRUE,none,1100000,,FALSE,FALSE,,1,1,Super Why!
TRUE,none,500000,,FALSE,FALSE,,2,2,Super Wings
FALSE,none,3100000,,FALSE,FALSE,,1,1,Superbad
TRUE,none,8300000,1800000,FALSE,FALSE,,4,2,Superbro
FALSE,none,100000,,FALSE,FALSE,,1,1,Supercool
FALSE,none,200000,,FALSE,FALSE,,1,1,Superfly (2018)
TRUE,none,109400000,3200000,FALSE,FALSE,,12,6,Supergirl
FALSE,none,1100000,,FALSE,FALSE,,1,1,Superhero Movie
FALSE,none,200000,,FALSE,FALSE,,1,1,Superintelligence
FALSE,Latin,1700000,,TRUE,TRUE,,1,1,Superlopez
TRUE,none,6000000,200000,TRUE,TRUE,,2,1,Supermodel Me: Revolution
TRUE,none,383900000,12700000,FALSE,FALSE,,30,15,Supernatural (2005)
TRUE,none,3600000,200000,FALSE,FALSE,,2,1,Supernatural Academy
FALSE,none,100000,,FALSE,FALSE,,1,1,Supernova (2019)
TRUE,none,5100000,300000,FALSE,FALSE,2018-04-29,2,1,Superstition
TRUE,none,150900000,10300000,FALSE,FALSE,,12,6,Superstore
FALSE,Latin,200000,,FALSE,FALSE,,1,1,Superwho?
TRUE,Thai,200000,,FALSE,FALSE,,1,1,Suptar 2550
FALSE,none,700000,,FALSE,FALSE,,1,1,Surf's Up: Wave Mania
FALSE,none,4100000,,FALSE,FALSE,,1,1,Surf's Up
FALSE,none,100000,,FALSE,FALSE,,1,1,Surge
TRUE,none,55300000,15400000,TRUE,TRUE,2023-07-13,1,1,Survival of the Thickest
FALSE,none,2300000,,FALSE,FALSE,,1,1,Survive the Night (2020)
FALSE,Latin,100000,,FALSE,FALSE,,1,1,Survive
TRUE,none,12800000,1000000,TRUE,TRUE,2021-01-06,2,1,Surviving Death
TRUE,Latin,61400000,200000,FALSE,FALSE,2017-07-31,2,1,Surviving Escobar - Alias JJ
FALSE,none,4900000,,TRUE,TRUE,2022-03-03,1,1,Surviving Paradise: A Family Tale
TRUE,none,21200000,3200000,TRUE,TRUE,2023-10-20,1,1,Surviving Paradise
TRUE,none,1800000,100000,FALSE,FALSE,,2,1,Surviving R. Kelly Part II: The Reckoning
TRUE,none,6800000,200000,FALSE,FALSE,,2,1,Surviving R. Kelly Part III: The Final Chapter
FALSE,none,200000,,FALSE,FALSE,,1,1,Surviving R. Kelly: The Impact
TRUE,none,2600000,100000,FALSE,FALSE,,2,1,Surviving R. Kelly
TRUE,none,94600000,19500000,TRUE,TRUE,2022-06-03,3,2,Surviving Summer
FALSE,none,17000000,300000,FALSE,FALSE,,2,1,Survivor (2000): Season 18: Tocantins
FALSE,none,23100000,500000,FALSE,FALSE,,2,1,Survivor (2000): Season 32: Kaôh Rōng
FALSE,none,700000,,FALSE,FALSE,,1,1,Survivor (2015)
FALSE,none,200000,,FALSE,FALSE,,1,1,Susah Sinyal
FALSE,Japanese,100000,,FALSE,FALSE,,1,1,Suspect X
TRUE,Korean,27100000,900000,FALSE,FALSE,,2,1,Suspicious Partner
FALSE,none,100000,,FALSE,FALSE,,1,1,Susuk
FALSE,none,100000,,FALSE,FALSE,,1,1,Sutton's Case
FALSE,Latin,600000,,FALSE,FALSE,2023-01-13,1,1,Suzan & Freek: Between You & Me
FALSE,none,100000,,FALSE,FALSE,,1,1,Suzanne (2013)
FALSE,Latin,400000,,FALSE,FALSE,2019-04-03,1,1,Suzzanna: Buried Alive
FALSE,Korean,2000000,,TRUE,TRUE,2019-05-30,1,1,Svaha: The Sixth Finger
FALSE,Devanagari,1500000,,FALSE,FALSE,,1,1,Swades
FALSE,none,100000,,FALSE,FALSE,,1,1,Swallows and Amazons (2017)
FALSE,none,600000,,TRUE,TRUE,2021-10-01,1,1,Swallow
TRUE,none,6300000,800000,TRUE,TRUE,2021-11-09,4,2,Swap Shop
FALSE,none,100000,,TRUE,TRUE,2014-09-30,1,1,Swearnet Live
FALSE,none,400000,,TRUE,TRUE,,1,1,Swearnet: The Movie
FALSE,none,100000,,FALSE,FALSE,,1,1,Sweeney Todd: The Demon Barber of Fleet Street (2007)
FALSE,Korean,2000000,,TRUE,TRUE,2021-06-04,1,1,Sweet & Sour
FALSE,none,100000,,FALSE,FALSE,,1,1,Sweet 20 (2017)
FALSE,Latin,100000,,FALSE,FALSE,,1,1,Sweet 20
FALSE,Japanese,100000,,FALSE,FALSE,,1,1,Sweet Bean
FALSE,none,100000,,FALSE,FALSE,,1,1,Sweet Country (2017)
FALSE,none,23100000,,TRUE,TRUE,2021-08-20,1,1,Sweet Girl
TRUE,Korean,185000000,17300000,TRUE,TRUE,2020-12-18,3,2,Sweet Home
TRUE,none,339900000,35000000,TRUE,TRUE,2020-05-19,5,3,Sweet Magnolias
TRUE,Korean,500000,,FALSE,FALSE,,1,1,Sweet Munchies
TRUE,Korean,300000,,FALSE,FALSE,,1,1,Sweet Revenge
FALSE,none,100000,,FALSE,FALSE,2020-12-04,1,1,Sweet River
TRUE,none,316800000,6900000,TRUE,TRUE,2021-06-04,4,2,Sweet Tooth
FALSE,none,200000,,FALSE,FALSE,,1,1,Sweethearts (2019)
FALSE,Latin,100000,,FALSE,FALSE,,1,1,Sweethearts
FALSE,Latin,400000,,FALSE,FALSE,,1,1,Sweetie
FALSE,none,700000,,FALSE,FALSE,,1,1,Swept Away (2002)
FALSE,Cyrillic,100000,,FALSE,FALSE,,1,1,Swingers 2
FALSE,Cyrillic,300000,,FALSE,FALSE,,1,1,Swingers
FALSE,none,100000,,FALSE,FALSE,,1,1,Swinger
FALSE,Thai,100000,,FALSE,FALSE,,1,1,Switch On
TRUE,Japanese,2700000,300000,TRUE,TRUE,2018-08-01,2,1,Switched
FALSE,Chinese_or_Kanji,400000,,FALSE,FALSE,,1,1,Switch
FALSE,Japanese,200000,,FALSE,FALSE,,1,1,Switch
FALSE,Korean,5000000,,FALSE,FALSE,,1,1,Switch
FALSE,Japanese,4900000,300000,FALSE,FALSE,,2,1,Sword Art Online Alicization  War of Underworld
TRUE,Japanese,800000,100000,FALSE,FALSE,,2,1,Sword Art Online Alternative: Gun Gale Online
FALSE,Japanese,2900000,100000,FALSE,FALSE,,2,1,Sword Art Online II
FALSE,Japanese,200000,,FALSE,FALSE,,1,1,Sword Art Online the Movie: Ordinal Scale
FALSE,Japanese,6200000,300000,FALSE,FALSE,,2,1,Sword Art Online: Alicization
FALSE,Japanese,4600000,200000,FALSE,FALSE,,2,1,Sword Art Online
TRUE,Chinese_or_Kanji,4000000,100000,FALSE,FALSE,,2,1,Sword Snow Stride
FALSE,Japanese,2700000,300000,TRUE,TRUE,2018-07-30,2,1,SWORDGAI The Animation: Part II
FALSE,Japanese,5200000,500000,TRUE,TRUE,2018-03-23,2,1,SWORDGAI The Animation: Part I
FALSE,none,2100000,,FALSE,FALSE,,1,1,Sydney White
FALSE,none,200000,,FALSE,FALSE,,1,1,Syif Malam Raya
FALSE,Korean,100000,,FALSE,FALSE,,1,1,Sympathy for Mr. Vengeance
FALSE,none,20300000,,FALSE,FALSE,,1,1,Synchronic
FALSE,none,200000,,FALSE,FALSE,,1,1,Syriana
FALSE,Latin,200000,,FALSE,FALSE,2020-02-19,1,1,System Crasher
FALSE,none,100000,,FALSE,FALSE,,1,1,Sâdhaka: la senda del yoga
FALSE,none,200000,,FALSE,FALSE,,1,1,"Sí, Mi Amor"
FALSE,none,100000,,FALSE,FALSE,,1,1,Sörensen hat Angst
FALSE,none,400000,,FALSE,FALSE,,1,1,Süt Kardeşler
FALSE,none,2100000,,FALSE,FALSE,,1,1,T'choupi
FALSE,none,10000000,1400000,TRUE,TRUE,,2,1,T-Rex Ranch: Rise of the Dinomaster
FALSE,none,200000,,FALSE,FALSE,,1,1,T2 Trainspotting
TRUE,none,800000,,FALSE,FALSE,,2,2,Taarak Mehta Kka Chhota Chashmah
FALSE,Devanagari,3400000,,FALSE,FALSE,,1,1,Taare Zameen Par
FALSE,none,100000,,FALSE,FALSE,,1,1,"Tabaluga, the Little Green Dragon"
FALSE,Korean,200000,,FALSE,FALSE,,1,1,Tabloid Truth
TRUE,none,13600000,500000,FALSE,FALSE,,2,1,Taboo (2017)
FALSE,Latin,100000,,FALSE,FALSE,,1,1,Taboo
FALSE,none,100000,,FALSE,FALSE,,1,1,Tabula Rasa (2014)
TRUE,none,1000000,,FALSE,FALSE,2018-03-15,1,1,Tabula Rasa
FALSE,Latin,3200000,300000,TRUE,TRUE,2022-11-23,2,1,Taco Chronicles: Cross the Border
FALSE,Latin,500000,100000,TRUE,TRUE,2019-07-12,2,1,Taco Chronicles: Volume 1
FALSE,Latin,800000,100000,TRUE,TRUE,2020-09-15,2,1,Taco Chronicles: Volume 2
FALSE,none,100000,,FALSE,FALSE,,1,1,Tactical Force
FALSE,Japanese,100000,,FALSE,FALSE,,1,1,Tada's Do-It-All House: Disconcerto
FALSE,Japanese,100000,,FALSE,FALSE,,1,1,Tada's Do-It-All House
FALSE,none,600000,,FALSE,FALSE,,1,1,Tag (2018)
TRUE,none,3600000,400000,FALSE,FALSE,,6,3,Tagged
TRUE,Arabic,900000,300000,TRUE,TRUE,2023-09-06,1,1,Tahir's House
TRUE,Devanagari,600000,100000,TRUE,TRUE,2020-02-14,2,1,Taj Mahal 1989
TRUE,Japanese,500000,200000,FALSE,FALSE,,1,1,Takara-kun & Amagi-kun
TRUE,Korean,500000,,TRUE,TRUE,2022-10-14,1,1,Take 1
FALSE,none,21900000,,TRUE,TRUE,2023-06-19,1,1,Take Care of Maya
FALSE,Latin,100000,,FALSE,FALSE,,1,1,Take Him Back
FALSE,none,300000,,TRUE,TRUE,,1,1,Take Me (2017)
TRUE,Chinese_or_Kanji,700000,,FALSE,FALSE,2018-08-24,1,1,Take My Brother Away
FALSE,Latin,100000,,FALSE,FALSE,,1,1,Take My Eyes
TRUE,Korean,200000,,FALSE,FALSE,,1,1,Take My Heart
FALSE,Korean,600000,,FALSE,FALSE,,1,1,Take Point
FALSE,none,1500000,,TRUE,TRUE,2017-01-20,1,1,Take the 10
FALSE,none,300000,,FALSE,FALSE,,1,1,"Take the Ball, Pass the Ball"
FALSE,none,100000,,FALSE,FALSE,,1,1,Take This Waltz
FALSE,none,2600000,,TRUE,TRUE,2022-11-30,1,1,Take Your Pills: Xanax
FALSE,none,700000,,TRUE,TRUE,2018-03-16,1,1,Take Your Pills
FALSE,none,900000,,FALSE,FALSE,,1,1,Taken (2008)
FALSE,none,500000,,FALSE,FALSE,,1,1,Taken 2
FALSE,none,900000,,FALSE,FALSE,,1,1,Taken 3
FALSE,Latin,1500000,,FALSE,FALSE,,1,1,Takeover
FALSE,none,12300000,,FALSE,FALSE,,1,1,Takers
FALSE,none,2200000,,FALSE,FALSE,,1,1,Taking Lives
FALSE,Chinese_or_Kanji,300000,,TRUE,TRUE,,1,1,Takizawa Kabuki ZERO 2020 The Movie
TRUE,Arabic,100000,,TRUE,TRUE,2021-10-28,1,1,Takki
FALSE,none,700000,100000,FALSE,FALSE,,1,1,takt op.Destiny
FALSE,Devanagari,1400000,,FALSE,FALSE,,1,1,Talaash
FALSE,none,100000,,FALSE,FALSE,,1,1,Talak 3
FALSE,Korean,27700000,,FALSE,FALSE,,1,1,Tale of the Nine Tailed
TRUE,Korean,37300000,2000000,TRUE,TRUE,,1,1,Tale of the Nine Tailed
TRUE,none,2700000,500000,TRUE,FALSE,2016-11-10,6,3,Tales by Light
FALSE,Japanese,1400000,,FALSE,FALSE,,1,1,Tales from Earthsea
FALSE,Chinese_or_Kanji,100000,,FALSE,FALSE,,1,1,Tales From The Dark Part 1
FALSE,Chinese_or_Kanji,100000,,FALSE,FALSE,,1,1,Tales From The Dark Part 2
TRUE,Latin,200000,100000,FALSE,FALSE,,2,1,Tales of Africa
TRUE,none,4300000,300000,TRUE,TRUE,2019-06-07,2,1,Tales of the City
FALSE,Latin,200000,,FALSE,FALSE,,1,1,Talk to Her
FALSE,none,100000,,FALSE,FALSE,,1,1,Talk to Me (2007)
FALSE,Latin,100000,,FALSE,FALSE,,1,1,Talking Animals
TRUE,none,39200000,2500000,FALSE,FALSE,,4,2,Talking Tom and Friends
FALSE,none,10900000,,TRUE,TRUE,2022-02-11,1,1,Tall Girl 2
FALSE,none,10500000,,TRUE,TRUE,2019-09-13,1,1,Tall Girl
FALSE,Latin,500000,,FALSE,FALSE,,1,1,Tall Tales from the Magical Garden of Antoon Krings
FALSE,none,300000,,FALSE,FALSE,,1,1,Talladega Nights: The Ballad of Ricky Bobby
FALSE,none,3500000,,TRUE,TRUE,2016-07-29,1,1,Tallulah
FALSE,none,100000,,FALSE,FALSE,,1,1,Tamam mıyız?
FALSE,none,600000,,FALSE,FALSE,,1,1,Tamara (2016)
FALSE,none,600000,,FALSE,FALSE,,1,1,Tamara Vol. 2
FALSE,Devanagari,1400000,,FALSE,FALSE,,1,1,Tamasha
FALSE,Arabic,400000,,FALSE,FALSE,,1,1,Tamasih Elnil
FALSE,Latin,100000,,FALSE,FALSE,,1,1,Taming Crocodiles
FALSE,none,700000,,FALSE,FALSE,,1,1,Tammy (2014)
FALSE,none,100000,,FALSE,FALSE,,1,1,Tammy's Always Dying
FALSE,none,100000,,FALSE,FALSE,,1,1,Tangisan Akinabalu
TRUE,none,500000,,FALSE,FALSE,,3,3,Tangle
FALSE,none,100000,,FALSE,FALSE,,1,1,Tango Feroz
TRUE,none,900000,100000,FALSE,FALSE,,3,2,Tannbach - Schicksal eines Dorfes
FALSE,none,100000,,FALSE,FALSE,,1,1,Tannöd
FALSE,none,200000,,FALSE,FALSE,,1,1,Tanwa Savage
FALSE,Chinese_or_Kanji,500000,,FALSE,FALSE,,1,1,Tapestry
FALSE,Devanagari,6200000,,FALSE,FALSE,,1,1,Tara VS. Bilal
FALSE,none,100000,,FALSE,FALSE,,1,1,Taramani
FALSE,none,100000,,FALSE,FALSE,,1,1,Tarapaty
FALSE,none,100000,,FALSE,FALSE,,1,1,Target (2018)
FALSE,none,800000,,FALSE,FALSE,,1,1,Target Number One
FALSE,none,200000,,FALSE,FALSE,,1,1,Tarung Sarung
FALSE,none,2600000,,FALSE,FALSE,,1,1,Tarzan (2013)
TRUE,none,16100000,1800000,FALSE,FALSE,,12,6,Taskmaster
TRUE,Korean,400000,,FALSE,FALSE,,1,1,Taste of Tour
FALSE,Korean,400000,,FALSE,FALSE,,1,1,Tasty Guys: 2018-2019
FALSE,Korean,1000000,,FALSE,FALSE,,1,1,Tasty Guys: 2020
FALSE,Korean,700000,,FALSE,FALSE,,1,1,Tasty Guys: 2021
FALSE,Korean,700000,,FALSE,FALSE,,1,1,Tasty Guys: 2022
FALSE,Korean,1500000,,FALSE,FALSE,,1,1,Tasty Guys: 2023
FALSE,none,100000,,FALSE,FALSE,,1,1,Tattoo (2002)
TRUE,none,8600000,1200000,TRUE,TRUE,2021-07-28,2,1,Tattoo Redo
FALSE,none,100000,,FALSE,FALSE,,1,1,Tatuagem
FALSE,none,2800000,,TRUE,TRUE,2018-06-29,1,1,TAU
FALSE,none,100000,,FALSE,FALSE,,1,1,Taxi (1998)
FALSE,none,200000,,FALSE,FALSE,,1,1,Taxi 5
FALSE,none,4500000,,FALSE,FALSE,,1,1,Taxi Driver (1976)
FALSE,Latin,1400000,,FALSE,FALSE,,1,1,Taxi Drivers
FALSE,Korean,33700000,500000,FALSE,FALSE,,2,1,Taxi Driver
FALSE,none,300000,,FALSE,FALSE,,1,1,Taxi No. 9211
FALSE,none,15500000,5200000,TRUE,TRUE,2018-12-31,2,1,Taylor Swift reputation Stadium Tour
FALSE,none,3900000,1600000,TRUE,TRUE,2022-03-08,2,1,Taylor Tomlinson: Look At You
FALSE,none,2300000,1000000,TRUE,TRUE,2020-03-03,2,1,Taylor Tomlinson: Quarter-Life Crisis
FALSE,Arabic,100000,,FALSE,FALSE,,1,1,Taymour and Shafika
TRUE,Korean,3400000,500000,TRUE,TRUE,,2,1,Tayo and Little Wizards
TRUE,Korean,20100000,2000000,TRUE,FALSE,,4,3,Tayo The Little Bus
TRUE,Korean,1300000,600000,FALSE,FALSE,,4,2,Tayo's Singalong Show
FALSE,Korean,600000,,FALSE,FALSE,,1,1,Tazza: One Eyed Jack
FALSE,Korean,1400000,,FALSE,FALSE,,1,1,Tazza: The High Rollers
FALSE,Korean,1500000,,FALSE,FALSE,,1,1,Tazza: The Poker Queen
FALSE,none,400000,,FALSE,FALSE,,1,1,Te Ata
FALSE,none,300000,,FALSE,FALSE,,1,1,Te presento a Laura
TRUE,Korean,1700000,100000,FALSE,FALSE,,2,1,Tea Tea Cherry
FALSE,Latin,100000,,FALSE,FALSE,,1,1,Tea Time
FALSE,none,400000,,TRUE,TRUE,2016-04-29,1,1,Team Foxcatcher
TRUE,none,17500000,2600000,TRUE,TRUE,2019-09-23,6,3,Team Kaylie
TRUE,none,2300000,200000,FALSE,FALSE,,1,1,Team Ninja Warrior
TRUE,none,9300000,800000,TRUE,TRUE,2022-03-15,4,2,Team Zenko Go
FALSE,none,2400000,,FALSE,FALSE,,1,1,Teambuilding (2022)
TRUE,Latin,3600000,600000,TRUE,TRUE,2021-11-17,2,1,Tear Along the Dotted Line
FALSE,none,22200000,,FALSE,FALSE,,1,1,Tears of the Sun
FALSE,Chinese_or_Kanji,200000,,FALSE,FALSE,,1,1,Tears On Fire
TRUE,Japanese,4700000,400000,TRUE,FALSE,2019-07-07,5,3,Teasing Master Takagi-san
FALSE,none,26500000,,FALSE,FALSE,,1,1,Ted (2012)
FALSE,none,3900000,,FALSE,FALSE,,1,1,Ted 2
FALSE,none,100000,,FALSE,FALSE,,1,1,Ted Bundy: American Psycho
FALSE,Latin,200000,100000,FALSE,FALSE,2016-06-09,2,1,Teddy Show - Whatcha Sayin'...?!
FALSE,Thai,200000,,TRUE,TRUE,,1,1,Tee Shot: Ariya Jutanugarn
FALSE,none,400000,,FALSE,FALSE,,1,1,Teefa in Trouble
TRUE,none,500000,,FALSE,FALSE,,2,2,Teen Mom 2
FALSE,none,800000,,FALSE,FALSE,,1,1,Teen Titans Go! To the Movies
TRUE,none,297400000,12500000,FALSE,FALSE,,10,5,Teen Titans Go!
TRUE,none,166500000,,FALSE,FALSE,,6,6,Teen Wolf (2011)
TRUE,none,13000000,600000,TRUE,TRUE,2020-08-14,2,1,Teenage Bounty Hunters
FALSE,none,2100000,,FALSE,FALSE,,1,1,Teenage Mutant Ninja Turtles (2007)
TRUE,none,60600000,3000000,FALSE,FALSE,,6,4,Teenage Mutant Ninja Turtles (2012)
FALSE,none,900000,,FALSE,FALSE,,1,1,Teenage Mutant Ninja Turtles (2014)
FALSE,none,1600000,,FALSE,FALSE,,1,1,Teenage Mutant Ninja Turtles 2
FALSE,none,100000,,FALSE,FALSE,,1,1,Teenage Mutant Ninja Turtles II: The Secret of the Ooze
FALSE,none,100000,,FALSE,FALSE,,1,1,Teenage Mutant Ninja Turtles III
FALSE,none,100000,,FALSE,FALSE,,1,1,Teenage Mutant Ninja Turtles: The Movie
TRUE,Korean,19700000,400000,FALSE,FALSE,,5,4,Teenage Parents
FALSE,Arabic,100000,,FALSE,FALSE,,1,1,Teer Enta
FALSE,none,100000,,FALSE,FALSE,,1,1,Teetotaler
FALSE,none,3300000,,FALSE,FALSE,,1,1,Tegimpu
FALSE,Japanese,200000,,FALSE,FALSE,,1,1,Teiichi: Battle of Supreme High
FALSE,Arabic,100000,,FALSE,FALSE,,1,1,Tek Tek Boom
TRUE,none,6400000,900000,FALSE,FALSE,2022-08-18,2,1,Tekken: Bloodline
TRUE,none,1800000,100000,FALSE,FALSE,,2,1,Teletubbies (1997)
TRUE,none,46400000,2900000,FALSE,FALSE,2022-11-14,2,1,Teletubbies
FALSE,Latin,900000,,FALSE,FALSE,,1,1,Tell Me About the Darkness Inside
FALSE,Latin,1400000,,TRUE,TRUE,2021-04-21,1,1,Tell Me When
FALSE,none,1100000,,TRUE,TRUE,2019-10-18,1,1,Tell Me Who I Am
TRUE,Korean,800000,,FALSE,FALSE,,1,1,Tempted
FALSE,none,500000,,FALSE,FALSE,,1,1,Ten Dollar Death Trip
TRUE,Chinese_or_Kanji,100000,,FALSE,FALSE,,1,1,Ten Years Late
FALSE,none,100000,,FALSE,FALSE,,1,1,Tenant of the House
FALSE,none,7000000,,FALSE,FALSE,,1,1,Tenet
FALSE,none,100000,,FALSE,FALSE,,1,1,Teorie tygra
FALSE,none,100000,,FALSE,FALSE,,1,1,Terapia di coppia per amanti
TRUE,none,500000,100000,TRUE,TRUE,2022-09-15,2,1,Terim
FALSE,none,2600000,,FALSE,FALSE,,1,1,Term Life
FALSE,none,5700000,,FALSE,FALSE,,1,1,Terminator 2: Judgment Day
FALSE,none,1700000,,FALSE,FALSE,,1,1,Terminator 3: Rise of the Machines
FALSE,none,6300000,,FALSE,FALSE,,1,1,Terminator Genisys
FALSE,none,100000,,FALSE,FALSE,,1,1,Terminator Salvation
FALSE,Latin,2400000,,FALSE,FALSE,,1,1,Terra Willy
FALSE,Japanese,200000,,FALSE,FALSE,,1,1,Terrace House: 14th WEEK～
FALSE,Japanese,200000,,FALSE,FALSE,,1,1,Terrace House: 1st WEEK～
FALSE,Japanese,200000,,FALSE,FALSE,,1,1,Terrace House: 27th WEEK～
FALSE,Japanese,200000,,FALSE,FALSE,,1,1,Terrace House: 38th WEEK～
FALSE,Japanese,200000,,FALSE,FALSE,,1,1,Terrace House: 51st Week〜
FALSE,Japanese,200000,,FALSE,FALSE,,1,1,Terrace House: 63rd Week～
FALSE,Japanese,200000,,FALSE,FALSE,,1,1,Terrace House: 75th Week～
FALSE,Japanese,200000,,FALSE,FALSE,,1,1,Terrace House: 86th Week～
TRUE,Japanese,4600000,400000,TRUE,TRUE,2016-10-31,8,4,Terrace House: Aloha State
TRUE,Japanese,5900000,200000,TRUE,TRUE,2015-08-31,4,2,Terrace House: Boys & Girls in the City
TRUE,Japanese,8900000,700000,TRUE,FALSE,2017-12-18,12,6,Terrace House: Opening New Doors
TRUE,Japanese,2900000,200000,FALSE,FALSE,2019-05-13,4,2,Terrace House: Tokyo 2019-2020
FALSE,Japanese,200000,,FALSE,FALSE,,1,1,Terraformars
FALSE,Latin,100000,,FALSE,FALSE,,1,1,Terribly Happy
FALSE,none,100000,,FALSE,FALSE,,1,1,Terror at the Mall
FALSE,none,100000,,FALSE,FALSE,,1,1,Terror in Mumbai
TRUE,Japanese,100000,,FALSE,FALSE,,1,1,Terror in Resonance
TRUE,none,100000,100000,FALSE,FALSE,,1,1,Terror y Feria
TRUE,none,7900000,300000,TRUE,TRUE,2018-10-26,2,1,Terrorism Close Calls
FALSE,none,100000,,TRUE,TRUE,2021-04-01,1,1,Tersanjung the Movie
TRUE,none,47200000,3900000,TRUE,TRUE,2023-06-09,2,1,Tex Mex Motors
FALSE,none,200000,,FALSE,FALSE,,1,1,Texas Chainsaw 3D
FALSE,none,10800000,,TRUE,TRUE,2022-02-18,1,1,Texas Chainsaw Massacre
FALSE,none,2100000,,FALSE,FALSE,,1,1,Texas Chainsaw
FALSE,Thai,300000,,FALSE,FALSE,,1,1,Tha Rae United
FALSE,Devanagari,700000,,FALSE,FALSE,,1,1,Thackeray (Hindi)
TRUE,Thai,13700000,800000,TRUE,TRUE,2022-09-22,2,1,Thai Cave Rescue
FALSE,Devanagari,5900000,,FALSE,FALSE,,1,1,Thai Massage
FALSE,none,900000,,FALSE,FALSE,,1,1,Thalaikoothal
FALSE,none,1100000,,FALSE,FALSE,,1,1,Thalaivii
FALSE,none,100000,,FALSE,FALSE,,1,1,Thallumaala (Tamil)
FALSE,none,100000,,FALSE,FALSE,,1,1,Thallumaala (Telugu)
FALSE,none,500000,,FALSE,FALSE,,1,1,Thallumaala
FALSE,none,300000,,FALSE,FALSE,,1,1,Thambi (2019)
FALSE,none,100000,,FALSE,FALSE,,1,1,Thammudu
FALSE,none,500000,,FALSE,FALSE,,1,1,Thank You for Your Service (2017)
TRUE,Thai,700000,,FALSE,FALSE,,2,2,TharnType the series
FALSE,Devanagari,1800000,,TRUE,TRUE,2022-05-06,1,1,Thar
TRUE,none,100500000,1400000,TRUE,TRUE,2023-01-19,2,1,That '90s Show
FALSE,none,100000,,FALSE,FALSE,,1,1,That Awkward Moment
FALSE,Chinese_or_Kanji,200000,,FALSE,FALSE,,1,1,That Demon Within
FALSE,Devanagari,100000,,FALSE,FALSE,,1,1,That Girl in Yellow Boots
TRUE,none,87500000,5500000,FALSE,FALSE,2022-01-21,4,2,That Girl Lay Lay
FALSE,none,100000,,TRUE,TRUE,,1,1,That Thing Called Tadhana
FALSE,Japanese,1400000,400000,FALSE,FALSE,,2,1,That Time I Got Reincarnated as a Slime: OAD Season 1
FALSE,Japanese,1700000,1400000,FALSE,FALSE,,1,1,That Time I Got Reincarnated as a Slime: Visions of Coleus
TRUE,Japanese,30300000,1700000,FALSE,FALSE,,4,2,That Time I Got Reincarnated as a Slime
TRUE,Korean,17500000,500000,FALSE,FALSE,,2,1,"That Winter, the Wind Blows"
FALSE,none,10300000,,TRUE,TRUE,2022-08-25,1,1,That's Amor
FALSE,none,5100000,,FALSE,FALSE,,1,1,That's My Boy (2012)
TRUE,none,300000,100000,TRUE,TRUE,2022-06-07,2,1,That’s My Time with David Letterman
FALSE,Korean,100000,,FALSE,FALSE,,1,1,The  Shop next to the best
FALSE,none,5100000,,FALSE,FALSE,,1,1,The 'Burbs
FALSE,Japanese,100000,,FALSE,FALSE,,1,1,The 100th Love With You
TRUE,none,436700000,23100000,FALSE,FALSE,,14,7,The 100
FALSE,Latin,400000,,FALSE,FALSE,2017-04-24,1,1,The 101-Year-Old Man Who Skipped Out on the Bill and Disappeared
FALSE,Latin,100000,,FALSE,FALSE,,1,1,The 12th Man
FALSE,none,600000,,FALSE,FALSE,,1,1,The 15:17 to Paris
FALSE,none,7600000,,FALSE,FALSE,,1,1,The 2nd
FALSE,Latin,100000,,FALSE,FALSE,,1,1,The 3 Little Pigs 2
FALSE,none,300000,,FALSE,FALSE,,1,1,The 355
FALSE,Chinese_or_Kanji,200000,,FALSE,FALSE,,1,1,The 36th Chamber of Shaolin
FALSE,Latin,700000,,FALSE,FALSE,2019-06-13,1,1,The 3rd Eye 2
FALSE,Latin,600000,,FALSE,FALSE,2018-09-27,1,1,The 3rd Eye
FALSE,none,2100000,,FALSE,FALSE,,1,1,The 40-Year-Old Virgin
TRUE,Latin,700000,100000,TRUE,TRUE,,2,1,The 43
FALSE,Chinese_or_Kanji,100000,,FALSE,FALSE,,1,1,The 47 Ronin in Debt
FALSE,none,10000000,,FALSE,FALSE,,1,1,The 5th Wave
FALSE,none,1800000,,FALSE,FALSE,,1,1,The 6th Day
TRUE,Latin,10400000,700000,TRUE,TRUE,2022-04-28,2,1,The 7 Lives of Lea
FALSE,Korean,3300000,,TRUE,TRUE,2021-07-02,1,1,The 8th Night
FALSE,Chinese_or_Kanji,400000,,TRUE,TRUE,,1,1,The 9th Precinct
TRUE,none,18200000,1500000,TRUE,TRUE,2019-08-30,4,2,The A List
TRUE,none,1400000,,FALSE,FALSE,,1,1,The Accident (2019)
FALSE,Korean,400000,,FALSE,FALSE,,1,1,The Accidental Detective 2: In Action
FALSE,Korean,300000,,FALSE,FALSE,,1,1,The Accidental Detective
FALSE,none,200000,,FALSE,FALSE,,1,1,The Accidental Husband
FALSE,none,200000,,FALSE,FALSE,,1,1,The Accidental Spy (2001)
FALSE,Latin,100000,,FALSE,FALSE,,1,1,The Accompanist
FALSE,none,8900000,,FALSE,FALSE,,1,1,The Accountant (2016)
FALSE,none,1200000,,TRUE,TRUE,2022-11-28,1,1,The Action Pack Saves Christmas
FALSE,none,30100000,,TRUE,TRUE,2022-03-11,1,1,The Adam Project
FALSE,none,1600000,,FALSE,FALSE,,1,1,The Addams Family (1991)
FALSE,none,2600000,,FALSE,FALSE,,1,1,The Addams Family (2019)
FALSE,none,700000,,FALSE,FALSE,,1,1,The Adjustment Bureau
FALSE,Korean,300000,,FALSE,FALSE,,1,1,The Admiral: Roaring Currents
FALSE,Latin,700000,,FALSE,FALSE,,1,1,The Adolf Eichmann Trial
TRUE,Latin,300000,100000,FALSE,FALSE,,1,1,The Adventure Time
FALSE,none,300000,,FALSE,FALSE,,1,1,The Adventurer: The Curse of the Midas Box
FALSE,none,300000,,FALSE,FALSE,,1,1,The Adventures of Elmo in Grouchland
FALSE,none,2800000,500000,FALSE,FALSE,,2,1,The Adventures of Little Brown Bear
TRUE,none,23700000,1400000,FALSE,FALSE,,3,2,The Adventures of Paddington
TRUE,none,69300000,3500000,FALSE,FALSE,2015-01-16,12,6,The Adventures of Puss in Boots
FALSE,none,23000000,,FALSE,FALSE,,1,1,The Adventures of Sharkboy and Lavagirl
TRUE,none,2500000,100000,FALSE,FALSE,,2,1,The Adventures of Sonic the Hedgehog
FALSE,none,1000000,,FALSE,FALSE,,1,1,The Adventures of Tintin (2011)
TRUE,Latin,4400000,400000,FALSE,FALSE,,6,3,The Adventures of Tintin
FALSE,Latin,100000,,FALSE,FALSE,,1,1,The Adversary
FALSE,Korean,500000,,FALSE,FALSE,,1,1,The Advocate: A Missing Body
FALSE,Latin,200000,,FALSE,FALSE,,1,1,The African Doctor
FALSE,none,200000,,FALSE,FALSE,,1,1,The African Queen
FALSE,none,2200000,,TRUE,TRUE,2018-08-24,1,1,The After Party
FALSE,Korean,100000,,FALSE,FALSE,,1,1,The Aftermath of Murder
FALSE,none,12000000,,FALSE,FALSE,,1,1,The Age of Adaline
FALSE,Korean,200000,,FALSE,FALSE,,1,1,The Age of Blood
FALSE,none,1200000,,FALSE,FALSE,,1,1,The Age of Innocence
TRUE,Latin,2800000,300000,TRUE,TRUE,2019-06-14,2,1,The Alcàsser Murders
FALSE,none,10300000,700000,FALSE,FALSE,2020-10-22,2,1,The Alienist: Angel of Darkness
FALSE,none,18600000,1100000,FALSE,FALSE,2018-04-19,2,1,The Alienist
FALSE,Arabic,900000,,FALSE,FALSE,,1,1,The Alleys
FALSE,none,1600000,,FALSE,FALSE,,1,1,The Alpinist
FALSE,none,200000,,TRUE,TRUE,,1,1,The Amazing Praybeyt Benjamin
TRUE,none,4900000,300000,FALSE,FALSE,,5,4,The Amazing Race
FALSE,none,12000000,,FALSE,FALSE,,1,1,The Amazing Spider-Man (2012)
FALSE,none,7000000,,FALSE,FALSE,,1,1,The Amazing Spider-Man 2
TRUE,none,72900000,10000000,FALSE,FALSE,,2,2,The Amazing World of Gumball
FALSE,none,1200000,,FALSE,FALSE,,1,1,The American (2010)
FALSE,none,200000,,TRUE,TRUE,2018-12-07,1,1,The American Meme
FALSE,none,500000,,FALSE,FALSE,,1,1,The Amityville Horror (2005)
FALSE,none,100000,,FALSE,FALSE,,1,1,The Amityville Murders
FALSE,none,100000,,FALSE,FALSE,,1,1,The Amityville Theater
FALSE,Latin,200000,,FALSE,FALSE,,1,1,The Ancestral
FALSE,Japanese,300000,100000,FALSE,FALSE,,2,1,The Ancient Magus' Bride: Those Awaiting a Star (OVA)
FALSE,Japanese,2300000,100000,FALSE,FALSE,,2,1,The Ancient Magus' Bride
FALSE,Latin,400000,,FALSE,FALSE,,1,1,The Anderssons in Greece
TRUE,none,3000000,200000,TRUE,TRUE,2022-03-09,2,1,The Andy Warhol Diaries
FALSE,Japanese,5400000,600000,FALSE,FALSE,,2,1,The Angel Next Door Spoils Me Rotten
FALSE,none,2000000,,TRUE,TRUE,2018-09-14,1,1,The Angel
FALSE,none,24300000,,FALSE,FALSE,,1,1,The Angry Birds Movie 2
FALSE,none,28000000,,FALSE,FALSE,,1,1,The Angry Birds Movie
FALSE,none,7000000,,FALSE,FALSE,,1,1,The Animal
FALSE,none,200000,,FALSE,FALSE,,1,1,The Annulment
FALSE,none,1100000,,FALSE,FALSE,,1,1,The Ant Bully
FALSE,Arabic,100000,,FALSE,FALSE,,1,1,The Ant's Scream
FALSE,none,2200000,,TRUE,TRUE,2022-09-08,1,1,The Anthrax Attacks
FALSE,Thai,300000,,FALSE,FALSE,,1,1,The Antique Shop
FALSE,Japanese,100000,,FALSE,FALSE,,1,1,The Antique: Secret of the Old Books
TRUE,Japanese,18700000,4100000,FALSE,FALSE,,1,1,The Apothecary Diaries
TRUE,none,600000,,FALSE,FALSE,2022-02-01,1,1,The Apprentice: ONE Championship Edition
FALSE,none,200000,,FALSE,FALSE,,1,1,The Armstrong Lie
FALSE,none,200000,,FALSE,FALSE,,1,1,The Arrival (1996)
FALSE,none,100000,,FALSE,FALSE,,1,1,The Art of Love (2021)
FALSE,Latin,300000,,TRUE,TRUE,,1,1,The Art of Loving
FALSE,Latin,100000,,FALSE,FALSE,,1,1,The Art of Passion
FALSE,none,200000,,FALSE,FALSE,,1,1,The Art of Self-Defense
FALSE,none,900000,,FALSE,FALSE,,1,1,The Art of the Steal (2013)
FALSE,none,700000,,FALSE,FALSE,,1,1,The Art of War
FALSE,Latin,100000,,FALSE,FALSE,,1,1,The Ash Lad: In the Hall of the Mountain King
FALSE,none,100000,,FALSE,FALSE,,1,1,The Assassination of Jesse James by the Coward Robert Ford
FALSE,none,400000,,FALSE,FALSE,,1,1,The Assignment (2016)
FALSE,none,1900000,,TRUE,TRUE,,1,1,The Assistant (2022)
FALSE,none,400000,,FALSE,FALSE,,1,1,The Associate
FALSE,Korean,200000,,FALSE,FALSE,,1,1,The Attorney
FALSE,none,200000,,FALSE,FALSE,2022-03-24,1,1,The Auschwitz Report
FALSE,Latin,100000,,FALSE,FALSE,,1,1,The Autobiography of Nicolae Ceausescu
FALSE,none,200000,,FALSE,FALSE,,1,1,The Autopsy of Jane Doe
FALSE,none,5200000,,FALSE,FALSE,,1,1,The Aviator (2004)
FALSE,Latin,1400000,,TRUE,TRUE,2019-10-25,1,1,The Awakening of Motti Wolkenbruch
FALSE,Latin,2600000,,FALSE,FALSE,2023-04-27,1,1,The Awkward Weekend
FALSE,Latin,200000,,FALSE,FALSE,,1,1,The Baader Meinhof Complex
FALSE,none,100000,,FALSE,FALSE,,1,1,The Babadook
FALSE,none,200000,,FALSE,FALSE,,1,1,The Baby Sitters Club (1995)
TRUE,none,56000000,6200000,TRUE,TRUE,2020-07-03,4,2,The Baby-Sitters Club
FALSE,none,12100000,,TRUE,TRUE,2020-09-10,1,1,The Babysitter: Killer Queen
FALSE,none,7600000,,TRUE,TRUE,2017-10-13,1,1,The Babysitter
FALSE,Latin,200000,,FALSE,FALSE,,1,1,The Bachelor 2
FALSE,Latin,200000,,FALSE,FALSE,,1,1,The Bachelor 3
FALSE,Latin,200000,,FALSE,FALSE,,1,1,The Bachelor
FALSE,Chinese_or_Kanji,100000,,FALSE,FALSE,,1,1,The Back of Shadow
FALSE,none,100000,,FALSE,FALSE,,1,1,The Backwoods
FALSE,none,5200000,,FALSE,FALSE,2017-09-22,1,1,The Bad Batch
FALSE,none,200000,,FALSE,FALSE,,1,1,The Bad Education Movie
FALSE,Latin,200000,,FALSE,FALSE,,1,1,The Bad Family
FALSE,none,32700000,,FALSE,FALSE,,1,1,The Bad Guys (2022)
FALSE,Korean,2300000,,FALSE,FALSE,,1,1,The Bad Guys: Reign of Chaos
TRUE,none,4900000,,FALSE,FALSE,,1,1,The Baker and the Beauty (2020)
FALSE,none,10100000,,TRUE,TRUE,2018-11-16,1,1,The Ballad of Buster Scruggs
FALSE,Latin,100000,,FALSE,FALSE,,1,1,The Banger
FALSE,none,3700000,,FALSE,FALSE,,1,1,The Bank Job
FALSE,Chinese_or_Kanji,100000,,FALSE,FALSE,,1,1,The Banquet
TRUE,Latin,14400000,700000,FALSE,FALSE,2020-09-11,2,1,The Barrier
FALSE,Latin,100000,,FALSE,FALSE,,1,1,The Bar
FALSE,none,1800000,,FALSE,FALSE,,1,1,The Batman (2022)
TRUE,none,17000000,2300000,FALSE,FALSE,,10,5,The Batman
FALSE,none,400000,,TRUE,TRUE,2014-07-11,1,1,The Battered Bastards of Baseball
FALSE,Japanese,100000,,FALSE,FALSE,,1,1,The Battery
FALSE,Latin,100000,,FALSE,FALSE,,1,1,The Battle of Austerlitz
FALSE,none,700000,,FALSE,FALSE,,1,1,The Battle of Chernobyl
FALSE,Korean,300000,,FALSE,FALSE,,1,1,The Battle: Roar to Victory
FALSE,Korean,1100000,,FALSE,FALSE,,1,1,The Battleship Island
FALSE,none,100000,,FALSE,FALSE,,1,1,The Beach Bum
FALSE,Chinese_or_Kanji,200000,,FALSE,FALSE,,1,1,The Beast Stalker
FALSE,Latin,7400000,,TRUE,TRUE,2020-11-27,1,1,The Beast
TRUE,none,600000,100000,FALSE,FALSE,,2,1,The Beautiful Lie
FALSE,Korean,100000,,FALSE,FALSE,,1,1,The Beauty Inside
TRUE,Hebrew,64000000,4100000,FALSE,FALSE,2022-05-20,3,2,The Beauty Queen of Jerusalem
FALSE,Thai,100000,,FALSE,FALSE,,1,1,The Bedside Detective
FALSE,none,200000,,TRUE,TRUE,,1,1,The Beginning of Life
FALSE,none,500000,,FALSE,FALSE,,1,1,The Beguiled (2017)
FALSE,Latin,100000,,FALSE,FALSE,,1,1,The Beguines
FALSE,none,11400000,,FALSE,FALSE,,1,1,The Benchwarmers
TRUE,Japanese,800000,100000,FALSE,FALSE,,2,1,The Bento brings happiness
FALSE,Korean,300000,,FALSE,FALSE,,1,1,The Berlin File
TRUE,Japanese,100000,,FALSE,FALSE,,1,1,The Best Divorce
FALSE,none,5700000,,FALSE,FALSE,,1,1,The Best Man Holiday
FALSE,none,2000000,,FALSE,FALSE,,1,1,The Best of Enemies (2019)
FALSE,none,9300000,,FALSE,FALSE,,1,1,The Best of Me
FALSE,none,200000,100000,TRUE,TRUE,2022-07-17,2,1,The Best of Netflix Is a Joke: The Festival
FALSE,none,1000000,,FALSE,FALSE,,1,1,The Best of the Wiggles
FALSE,none,100000,,FALSE,FALSE,,1,1,The Best Offer
FALSE,Latin,500000,,FALSE,FALSE,,1,1,The Best Summer of My Life
FALSE,Latin,300000,,FALSE,FALSE,,1,1,The Best Years
FALSE,none,2900000,,FALSE,FALSE,,1,1,The BFG
FALSE,none,18300000,,TRUE,TRUE,2022-12-15,1,1,The Big 4
FALSE,Latin,500000,,FALSE,FALSE,,1,1,The Big Bad Fox and Other Tales
TRUE,none,833700000,52800000,FALSE,FALSE,,24,12,The Big Bang Theory
TRUE,none,300000,100000,FALSE,FALSE,,2,1,The Big Boss: A 21st Century Criminal
FALSE,none,600000,100000,TRUE,TRUE,2021-02-14,2,1,The Big Day: Collection 1
FALSE,none,1100000,100000,TRUE,TRUE,2021-04-07,2,1,The Big Day: Collection 2
TRUE,none,8500000,300000,TRUE,TRUE,2017-11-03,4,2,The Big Family Cooking Showdown
TRUE,none,2800000,200000,TRUE,TRUE,2020-05-18,2,1,The Big Flower Fight
FALSE,none,100000,,FALSE,FALSE,,1,1,The Big Hit (1998)
FALSE,none,100000,,FALSE,FALSE,,1,1,The Big Lebowski
FALSE,none,500000,,FALSE,FALSE,,1,1,The Big Man
TRUE,none,28500000,3700000,TRUE,TRUE,2023-08-04,1,1,The Big Nailed It Baking Challenge
FALSE,none,3900000,,FALSE,FALSE,,1,1,The Big Short
FALSE,none,1800000,2200000,TRUE,TRUE,2020-12-09,2,1,The Big Show Show: Christmas
TRUE,none,18400000,2600000,TRUE,TRUE,2020-04-06,2,1,The Big Show Show
FALSE,Latin,200000,,FALSE,FALSE,,1,1,The Big Slime Movie
FALSE,Korean,100000,,FALSE,FALSE,,1,1,The Big Swindle
FALSE,none,600000,,FALSE,FALSE,,1,1,The Big Ugly
FALSE,none,1200000,,FALSE,FALSE,,1,1,The Big Wedding
FALSE,none,200000,,FALSE,FALSE,,1,1,The Biggest Little Farm
TRUE,none,5400000,600000,TRUE,TRUE,2021-10-07,2,1,The Billion Dollar Code
TRUE,Latin,20800000,8300000,TRUE,TRUE,2023-11-08,1,1,"The Billionaire, The Butler, and the Boyfriend"
FALSE,Thai,200000,,FALSE,FALSE,,1,1,The Billionaire
FALSE,Latin,1800000,,FALSE,FALSE,2020-10-02,1,1,The Binding
FALSE,none,2500000,,FALSE,FALSE,,1,1,The Birds
FALSE,Latin,100000,,FALSE,FALSE,,1,1,The Birth Reborn
FALSE,Latin,100000,,FALSE,FALSE,,1,1,The Bishop's Bedroom
TRUE,Japanese,100000,,FALSE,FALSE,,1,1,The Bittersweet Tale of Otaku
FALSE,none,200000,,FALSE,FALSE,,1,1,The Black Balloon
FALSE,none,200000,,TRUE,TRUE,2019-06-07,1,1,The Black Godfather
FALSE,Japanese,1000000,100000,FALSE,FALSE,,2,1,The Black Leather Notebook: Black Leather Notebook
FALSE,none,2800000,,FALSE,FALSE,,1,1,The Black Phone
TRUE,none,1072000000,30200000,FALSE,FALSE,,20,10,The Blacklist
FALSE,none,300000,,FALSE,FALSE,,1,1,The Blair Witch Project
FALSE,none,800000,,TRUE,TRUE,2018-07-27,1,1,The Bleeding Edge
TRUE,none,5200000,300000,FALSE,FALSE,,2,1,The Bletchley Circle: San Francisco
FALSE,none,8000000,,FALSE,FALSE,,1,1,The Blind Side
FALSE,none,100000,,FALSE,FALSE,,1,1,The Bling Lagosians
FALSE,none,1900000,,TRUE,TRUE,,1,1,The Block Island Sound
FALSE,Japanese,300000,,FALSE,FALSE,,1,1,The Blood of Wolves
FALSE,Arabic,100000,,FALSE,FALSE,,1,1,The Blue Elephant 2
FALSE,none,4900000,,FALSE,FALSE,,1,1,The Blue Lagoon
FALSE,Japanese,200000,,FALSE,FALSE,,1,1,The Blue Sky You Have Lost
FALSE,Chinese_or_Kanji,1700000,,FALSE,FALSE,,1,1,The Blue Whisper
FALSE,none,200000,,FALSE,FALSE,,1,1,The Blues Brothers
TRUE,Latin,12300000,700000,FALSE,FALSE,,14,7,The Boarding School
TRUE,Latin,8000000,300000,FALSE,FALSE,,6,3,The Boat
TRUE,Latin,500000,,FALSE,FALSE,,1,1,The Body Collector
FALSE,none,500000,,FALSE,FALSE,,1,1,The Bodyguard (1992)
FALSE,Thai,200000,,FALSE,FALSE,,1,1,The Bodyguard 2
FALSE,Thai,200000,,FALSE,FALSE,,1,1,The Bodyguard
FALSE,Devanagari,1300000,,FALSE,FALSE,,1,1,The Body
FALSE,Chinese_or_Kanji,100000,,FALSE,FALSE,,1,1,The Bold The Corrupt And The Beautiful
TRUE,none,20800000,400000,FALSE,FALSE,,8,4,The Bold Type
FALSE,Latin,6400000,,TRUE,TRUE,2022-03-09,1,1,The Bombardment
FALSE,none,5000000,,FALSE,FALSE,,1,1,The Bone Collector
TRUE,Latin,29300000,1400000,TRUE,TRUE,2019-12-26,2,1,The Bonfire of Destiny
FALSE,none,6000000,,FALSE,FALSE,,1,1,The Book of Eli
FALSE,Korean,100000,,FALSE,FALSE,,1,1,The Book of Fish
FALSE,none,1200000,,FALSE,FALSE,,1,1,The Book of Henry
FALSE,Arabic,400000,,FALSE,FALSE,,1,1,The Book of Sun
FALSE,none,500000,,FALSE,FALSE,,1,1,The Bookshop
FALSE,none,400000,,FALSE,FALSE,,1,1,The Boondock Saints II: All Saints Day
TRUE,none,700000,,FALSE,FALSE,,3,3,The Borgias (2011)
FALSE,none,200000,,FALSE,FALSE,,1,1,The Borrowers (1997)
FALSE,none,1800000,,FALSE,FALSE,,1,1,The Boss (2016)
TRUE,none,130800000,11800000,TRUE,TRUE,2018-04-06,8,4,The Boss Baby: Back in Business
TRUE,none,87100000,5800000,TRUE,TRUE,2022-05-19,4,2,The Boss Baby: Back in the Crib
FALSE,none,6000000,,TRUE,TRUE,2022-12-06,1,1,The Boss Baby: Christmas Bonus
FALSE,none,5700000,,FALSE,FALSE,,1,1,The Boss Baby: Family Business
FALSE,none,7400000,,TRUE,TRUE,2020-09-01,1,1,The Boss Baby: Get That Baby!
FALSE,none,75100000,,FALSE,FALSE,,1,1,The Boss Baby
FALSE,Latin,100000,,FALSE,FALSE,,1,1,The Boss's Daughter
FALSE,none,3500000,,FALSE,FALSE,,1,1,The Bounty Hunter (2010)
FALSE,none,6900000,,FALSE,FALSE,,1,1,The Bourne Identity
FALSE,none,17600000,,FALSE,FALSE,,1,1,The Bourne Legacy
FALSE,none,6200000,,FALSE,FALSE,,1,1,The Bourne Supremacy
FALSE,none,4900000,,FALSE,FALSE,,1,1,The Bourne Ultimatum
FALSE,none,2600000,,FALSE,FALSE,,1,1,The Boxtrolls
FALSE,Korean,100000,,FALSE,FALSE,,1,1,The Box
FALSE,none,6400000,,FALSE,FALSE,,1,1,The Boy (2016)
FALSE,none,10500000,,FALSE,FALSE,,1,1,The Boy in the Striped Pajamas
FALSE,none,3800000,,FALSE,FALSE,,1,1,The Boy Next Door
FALSE,none,1600000,,FALSE,FALSE,,1,1,The Boy Who Cried Werewolf (2010)
FALSE,none,10500000,,FALSE,FALSE,2019-03-01,1,1,The Boy Who Harnessed the Wind
FALSE,none,600000,,TRUE,TRUE,2020-09-30,1,1,The Boys in the Band
FALSE,Latin,300000,,FALSE,FALSE,,1,1,The Brats
FALSE,Japanese,1200000,100000,FALSE,FALSE,,2,1,"The Brave ""Yoshihiko"" and Great Satan's Castle"
FALSE,Japanese,900000,100000,FALSE,FALSE,,2,1,"The Brave ""Yoshihiko"" and The Demon's Key"
FALSE,Japanese,800000,100000,FALSE,FALSE,,2,1,"The Brave ""Yoshihiko"" and The Seven Driven People"
TRUE,none,6500000,400000,TRUE,TRUE,2022-09-16,2,1,The Brave Ones
FALSE,none,300000,,FALSE,FALSE,,1,1,The Breadwinner
FALSE,none,400000,,FALSE,FALSE,2019-02-15,1,1,The Breaker Upperers
FALSE,none,5500000,,FALSE,FALSE,,1,1,The Breakfast Club
FALSE,none,200000,,TRUE,TRUE,,1,1,The Breakup Playlist
TRUE,Latin,1700000,100000,FALSE,FALSE,,3,2,The Break
FALSE,none,100000,,FALSE,FALSE,,1,1,The Bride and the Lover
TRUE,Korean,16400000,400000,FALSE,FALSE,,2,1,The Bride of Habaek
FALSE,Thai,7600000,400000,FALSE,FALSE,,1,1,The Bride of Naga
FALSE,Cyrillic,500000,,FALSE,FALSE,,1,1,The Bride
FALSE,none,200000,,FALSE,FALSE,,1,1,The Bridge (2017)
FALSE,Chinese_or_Kanji,300000,,TRUE,TRUE,,1,1,The Bridge Curse
FALSE,none,100000,,FALSE,FALSE,,1,1,The Bridge on the River Kwai
TRUE,Latin,11700000,600000,FALSE,FALSE,,8,4,The Bridge
FALSE,Latin,300000,,FALSE,FALSE,,1,1,The Brigade
FALSE,none,300000,,FALSE,FALSE,,1,1,The Bromley Boys
FALSE,Korean,600000,,FALSE,FALSE,,1,1,The Bros
FALSE,none,400000,,FALSE,FALSE,,1,1,The Brothers (2001)
FALSE,none,200000,,FALSE,FALSE,,1,1,The Brothers Grimm
FALSE,none,1900000,,FALSE,FALSE,,1,1,The Brothers Grimsby
FALSE,none,3600000,,TRUE,TRUE,2022-04-01,1,1,The Bubble
FALSE,none,200000,,FALSE,FALSE,,1,1,The Bucket List
FALSE,Chinese_or_Kanji,100000,,FALSE,FALSE,,1,1,The Bullet Vanishes
FALSE,none,100000,,FALSE,FALSE,,1,1,The Bunker Game
TRUE,none,55900000,3800000,TRUE,FALSE,,4,2,The Bureau of Magical Things
FALSE,Latin,200000,,FALSE,FALSE,,1,1,The Burning Sea
TRUE,none,6000000,600000,TRUE,TRUE,2020-07-14,2,1,The Business of Drugs
FALSE,Latin,200000,,FALSE,FALSE,,1,1,The Butler
FALSE,none,800000,,FALSE,FALSE,,1,1,The Butterfly Effect
FALSE,Latin,200000,,TRUE,TRUE,,1,1,The Butterfly's Dream
FALSE,none,600000,,FALSE,FALSE,,1,1,The Bye Bye Man
FALSE,none,100000,,FALSE,FALSE,,1,1,The Byzantine Cat
FALSE,none,600000,,FALSE,FALSE,,1,1,The Cabin in the Woods
TRUE,none,2400000,300000,TRUE,TRUE,2020-10-13,2,1,The Cabin with Bert Kreischer
FALSE,none,3800000,,FALSE,FALSE,,1,1,The Cable Guy
TRUE,Arabic,500000,,TRUE,TRUE,2022-09-23,1,1,The Cage
FALSE,none,500000,,FALSE,FALSE,,1,1,The Call (2013)
FALSE,none,900000,,FALSE,FALSE,,1,1,The Caller (2011)
FALSE,Korean,4600000,,TRUE,TRUE,2020-11-27,1,1,The Call
FALSE,none,200000,,FALSE,FALSE,,1,1,The Calm Beyond
FALSE,none,300000,,FALSE,FALSE,,1,1,The Campaign (2012)
FALSE,Latin,200000,,FALSE,FALSE,,1,1,The Camp
FALSE,Latin,100000,,FALSE,FALSE,,1,1,The Can
FALSE,none,300000,,FALSE,FALSE,,1,1,The Captive
TRUE,none,300000,,FALSE,FALSE,,1,1,The Capture
FALSE,none,100000,,FALSE,FALSE,,1,1,The Car: Road to Revenge
FALSE,none,700000,,FALSE,FALSE,,1,1,The Card Counter
TRUE,Latin,1700000,700000,FALSE,FALSE,,1,1,The Case of Iwona Wieczorek 
TRUE,Japanese,300000,,FALSE,FALSE,,2,2,The Case Study of Vanitas
TRUE,none,100000,,FALSE,FALSE,2019-06-21,1,1,The Casketeers
FALSE,Japanese,2300000,,FALSE,FALSE,,1,1,The Cat Returns
TRUE,none,1800000,600000,FALSE,FALSE,,1,1,The Catch (2023)
FALSE,Latin,4700000,,TRUE,TRUE,2022-09-14,1,1,The Catholic School
FALSE,none,500000,,FALSE,FALSE,,1,1,The Cave (2005)
TRUE,none,4000000,600000,TRUE,TRUE,2021-08-20,2,1,The Chair
TRUE,Latin,300000,100000,FALSE,FALSE,2018-04-17,1,1,The Chalet
FALSE,Latin,12900000,,FALSE,FALSE,2022-10-24,1,1,The Chalk Line
TRUE,none,100000,,FALSE,FALSE,,1,1,The Challenge (1998)
FALSE,none,100000,,FALSE,FALSE,,1,1,The Chamber (1996)
FALSE,Latin,200000,,FALSE,FALSE,,1,1,The Chambermaid
FALSE,none,3300000,,FALSE,FALSE,,1,1,The Champion (2020)
FALSE,none,8700000,,FALSE,FALSE,,1,1,The Change-Up
FALSE,Latin,700000,,FALSE,FALSE,,1,1,The Chaos Class Goes to Cyprus: Summer Games
FALSE,Latin,500000,,FALSE,FALSE,,1,1,The Chaos Class Is Waking Up
FALSE,Latin,400000,,FALSE,FALSE,,1,1,The Chaos Class Returns
TRUE,Thai,2400000,100000,TRUE,TRUE,,2,1,The Charming Stepmom
FALSE,Korean,200000,,FALSE,FALSE,,1,1,The Chaser
FALSE,Korean,500000,,FALSE,FALSE,,1,1,The Chase
FALSE,Thai,9200000,500000,FALSE,FALSE,,1,1,"The Cheery Lee, Village Headman"
FALSE,Thai,200000,,FALSE,FALSE,,1,1,The Cheese Sisters
FALSE,Chinese_or_Kanji,200000,,FALSE,FALSE,,1,1,The Chef of South Polar
FALSE,none,1500000,100000,TRUE,TRUE,2019-06-07,2,1,The Chef Show: Season 1 - Volume 1
FALSE,none,1100000,100000,TRUE,TRUE,2019-09-13,2,1,The Chef Show: Season 1 - Volume 2
FALSE,none,1500000,200000,TRUE,TRUE,2020-02-19,2,1,The Chef Show: Season 1 - Volume 3
FALSE,none,2300000,300000,TRUE,TRUE,2020-09-24,2,1,The Chef Show: Season 2 - Volume 1
TRUE,Latin,26800000,2600000,TRUE,TRUE,2021-09-29,2,1,The Chestnut Man
FALSE,Latin,12500000,3500000,FALSE,FALSE,,2,1,The Children’s Kingdom: Bichikids
FALSE,Latin,22900000,4200000,FALSE,FALSE,,2,1,The Children’s Kingdom: Zenon The Farmer
FALSE,Latin,6800000,3200000,FALSE,FALSE,,2,1,The Children’s Kingdom: Zoo Songs
FALSE,none,13800000,,FALSE,FALSE,,1,1,The Choice (2016)
TRUE,Latin,48200000,10400000,TRUE,TRUE,2019-06-28,5,2,The Chosen One
FALSE,Korean,100000,,FALSE,FALSE,,1,1,The Chosen: Forbidden Cave
TRUE,none,83100000,8500000,FALSE,FALSE,,4,3,The Chosen
FALSE,none,8500000,,TRUE,TRUE,2020-11-25,1,1,The Christmas Chronicles: Part Two
FALSE,none,7000000,,TRUE,TRUE,2018-11-22,1,1,The Christmas Chronicles
FALSE,Korean,200000,,FALSE,FALSE,,1,1,The Chronicles of Evil
FALSE,none,14000000,,FALSE,FALSE,,1,1,The Chronicles of Riddick
FALSE,none,400000,,FALSE,FALSE,,1,1,The Cider House Rules
FALSE,Japanese,300000,,FALSE,FALSE,,1,1,The Cinderella Addiction
TRUE,Latin,1400000,100000,FALSE,FALSE,2020-03-11,2,1,The Circle Brazil
TRUE,Latin,1500000,100000,FALSE,FALSE,2020-04-09,2,1,The Circle France
FALSE,none,1600000,,FALSE,FALSE,2017-06-30,1,1,The Circle
TRUE,none,92500000,1200000,TRUE,TRUE,2020-01-01,10,5,The Circle
TRUE,Latin,1600000,200000,FALSE,FALSE,,4,2,The City of Friends
FALSE,Korean,300000,,FALSE,FALSE,,1,1,The City of Violence
FALSE,none,900000,,FALSE,FALSE,,1,1,The Clapper
FALSE,Korean,200000,,FALSE,FALSE,,1,1,The Classic
FALSE,Korean,100000,,FALSE,FALSE,,1,1,The Classified File
FALSE,Latin,600000,,TRUE,TRUE,2021-12-07,1,1,The Claus Family 2
FALSE,Latin,100000,,FALSE,FALSE,2022-12-07,1,1,The Claus Family 3
FALSE,Latin,500000,,TRUE,TRUE,2020-12-07,1,1,The Claus Family
FALSE,Latin,100000,,FALSE,FALSE,,1,1,The Clerics
FALSE,none,3100000,,FALSE,FALSE,,1,1,The Client (1994)
FALSE,none,2300000,,FALSE,FALSE,,1,1,The Client List (2010)
FALSE,Korean,200000,,FALSE,FALSE,,1,1,The Client
FALSE,Latin,1600000,,FALSE,FALSE,2017-12-29,1,1,The Climb
FALSE,Latin,100000,,FALSE,FALSE,,1,1,The Closed Circuit
FALSE,Korean,400000,,FALSE,FALSE,,1,1,The Closet
FALSE,none,7300000,,FALSE,FALSE,,1,1,The Clovehitch Killer
FALSE,none,5000000,,TRUE,TRUE,2018-02-04,1,1,The Cloverfield Paradox
FALSE,Latin,100000,,FALSE,FALSE,,1,1,The Club
TRUE,Latin,47800000,4700000,TRUE,TRUE,2019-11-15,5,2,The Club
FALSE,none,1200000,,FALSE,FALSE,,1,1,The Cobbler
FALSE,none,200000,,FALSE,FALSE,,1,1,The Code (2009)
FALSE,none,500000,,FALSE,FALSE,,1,1,The Cold Light Of Day (2012)
FALSE,none,1800000,,TRUE,TRUE,2020-02-08,1,1,The Coldest Game
FALSE,none,100000,,FALSE,FALSE,,1,1,The Colditz Story
TRUE,none,700000,100000,TRUE,TRUE,2018-07-03,3,2,The Comedy Lineup
FALSE,none,2300000,300000,FALSE,FALSE,,2,1,The Comey Rule
FALSE,none,500000,,FALSE,FALSE,,1,1,The Coming War on China
FALSE,none,700000,,FALSE,FALSE,,1,1,The Commuter
FALSE,none,10000000,,FALSE,FALSE,,1,1,The Company Men
FALSE,Korean,100000,,FALSE,FALSE,,1,1,The Con Artists
FALSE,Thai,1000000,,FALSE,FALSE,,1,1,The Con-Heartist
FALSE,Korean,200000,,FALSE,FALSE,,1,1,The Concubine
FALSE,none,20800000,,FALSE,FALSE,,1,1,The Condemned (2007)
FALSE,none,600000,,FALSE,FALSE,,1,1,The Conductor (2019)
TRUE,none,4500000,500000,TRUE,TRUE,2019-12-06,2,1,The Confession Killer
TRUE,none,7100000,600000,TRUE,TRUE,2017-09-08,4,2,The Confession Tapes
FALSE,Japanese,300000,,FALSE,FALSE,,1,1,THE CONFIDENCE MAN JP－The Movie-
FALSE,none,5200000,,FALSE,FALSE,,1,1,The Conjuring 2
FALSE,none,3900000,,FALSE,FALSE,,1,1,The Conjuring: The Devil Made Me Do It
FALSE,none,7200000,,FALSE,FALSE,,1,1,The Conjuring
FALSE,Chinese_or_Kanji,300000,,FALSE,FALSE,,1,1,The Conman
FALSE,Chinese_or_Kanji,100000,,FALSE,FALSE,,1,1,The Conmen in Vegas
FALSE,Latin,900000,,FALSE,FALSE,,1,1,The Connection
FALSE,none,100000,,FALSE,FALSE,,1,1,The Conquest of Everest
FALSE,none,7400000,,FALSE,FALSE,,1,1,The Constant Gardener
FALSE,none,400000,,FALSE,FALSE,,1,1,The Contract (2006)
FALSE,none,1000000,,FALSE,FALSE,,1,1,The Contractor (2007)
TRUE,Latin,49300000,2000000,FALSE,FALSE,2021-04-08,2,1,The Cook of Castamar
FALSE,Latin,100000,,FALSE,FALSE,,1,1,The Cordillera of Dreams
FALSE,none,11100000,,FALSE,FALSE,,1,1,The Core
TRUE,none,800000,,FALSE,FALSE,,4,4,The Coroner (2019)
TRUE,Japanese,100000,,TRUE,TRUE,,1,1,The Could’ve-Gone-All-the-Way Committee
FALSE,Latin,300000,,FALSE,FALSE,,1,1,The Country Cowboy
FALSE,none,3300000,,FALSE,FALSE,,1,1,The Courier (2019)
FALSE,none,700000,,FALSE,FALSE,,1,1,The Courier (2020)
FALSE,none,900000,,FALSE,FALSE,,1,1,The Covenant (2006)
FALSE,Japanese,100000,,FALSE,FALSE,,1,1,The Cowards Who Looked to the Sky
TRUE,Latin,1400000,100000,TRUE,TRUE,2021-12-02,2,1,The Coyotes
FALSE,none,1500000,,FALSE,FALSE,,1,1,The Craft: Legacy
FALSE,none,1700000,,FALSE,FALSE,,1,1,The Craft
FALSE,none,6400000,,FALSE,FALSE,,1,1,The Craigslist Killer
FALSE,none,800000,,FALSE,FALSE,,1,1,THE CRAZIES (2010)
FALSE,none,74100000,5800000,TRUE,TRUE,2022-04-12,2,1,The Creature Cases: Chapter 1
FALSE,none,6000000,4700000,TRUE,TRUE,2022-11-30,2,1,The Creature Cases: Chapter 2
FALSE,none,45900000,7000000,TRUE,TRUE,2023-05-22,2,1,The Creature Cases: Chapter 3
TRUE,none,6100000,500000,TRUE,TRUE,2021-02-15,2,1,The Crew
FALSE,Latin,1700000,,TRUE,TRUE,2020-08-20,1,1,The Crimes That Bind
FALSE,Arabic,200000,,FALSE,FALSE,,1,1,The Crime
TRUE,Latin,2100000,400000,TRUE,TRUE,,4,2,The Crime
FALSE,Latin,200000,,FALSE,FALSE,,1,1,The Crimson Rivers
FALSE,none,19700000,,FALSE,FALSE,,1,1,The Croods: A New Age
FALSE,none,56400000,,FALSE,FALSE,,1,1,The Croods
FALSE,none,400000,,FALSE,FALSE,,1,1,The Crooked Man (2016)
FALSE,Korean,6700000,,TRUE,TRUE,,1,1,The Crowned Clown
TRUE,Korean,1600000,100000,TRUE,TRUE,,1,1,The Crowned Clown
TRUE,none,662000000,49600000,TRUE,TRUE,2016-11-04,11,6,The Crown
FALSE,none,100000,,FALSE,FALSE,,1,1,The Crucifixion (2017)
FALSE,none,100000,,FALSE,FALSE,,1,1,The Cruel Sea
TRUE,none,1700000,200000,FALSE,FALSE,,2,1,The Cry
TRUE,none,3800000,200000,FALSE,FALSE,2016-12-08,2,1,The Cuba Libre Story
TRUE,none,1100000,100000,FALSE,FALSE,,2,1,The Cult of the Family
FALSE,none,100000,,FALSE,FALSE,,1,1,The Cup (2011)
TRUE,none,81400000,10400000,TRUE,TRUE,2022-02-18,6,3,The Cuphead Show!
FALSE,none,6800000,,FALSE,FALSE,,1,1,The Curious Case of Benjamin Button
TRUE,none,700000,200000,TRUE,TRUE,2018-10-12,2,1,The Curious Creations of Christine McConnell
FALSE,none,100000,,FALSE,FALSE,,1,1,The Current War
TRUE,Japanese,100000,,FALSE,FALSE,,1,1,The Curry Songs
FALSE,none,11500000,,TRUE,TRUE,2022-10-14,1,1,The Curse of Bridge Hollow
FALSE,none,100000,,FALSE,FALSE,,1,1,The Curse of Halloween Jack
FALSE,none,100000,,FALSE,FALSE,,1,1,The Curse of Hobbes House
FALSE,none,500000,,FALSE,FALSE,,1,1,The Curse of La Llorona
FALSE,none,100000,,FALSE,FALSE,,1,1,The Curse of Robert the Doll
FALSE,Korean,100000,,FALSE,FALSE,,1,1,The Cursed Lesson
FALSE,Korean,1100000,,FALSE,FALSE,,1,1,The Cursed: Dead Man's Prey
FALSE,Korean,2300000,,FALSE,FALSE,,1,1,The Cursed
TRUE,Korean,1800000,100000,FALSE,FALSE,,1,1,The Cursed
FALSE,none,8400000,,FALSE,FALSE,,1,1,The Da Vinci Code
FALSE,Chinese_or_Kanji,9300000,800000,FALSE,FALSE,,2,1,The Daily Life of the Immortal King
TRUE,Chinese_or_Kanji,3000000,400000,FALSE,FALSE,,3,2,The Daily Life of the Immortal King
FALSE,Latin,100000,,FALSE,FALSE,,1,1,The Dancer and the Thief
FALSE,none,400000,,FALSE,FALSE,,1,1,The Danish Girl
FALSE,none,100000,,FALSE,FALSE,,1,1,The Dare
TRUE,none,5500000,300000,TRUE,TRUE,2019-08-30,2,1,The Dark Crystal: Age of Resistance
FALSE,Latin,100000,,FALSE,FALSE,,1,1,The Dark House
FALSE,none,18300000,,FALSE,FALSE,,1,1,The Dark Knight (2008)
FALSE,none,4300000,,FALSE,FALSE,,1,1,The Dark Knight Rises
FALSE,none,1300000,,FALSE,FALSE,,1,1,The Dark Tower
FALSE,none,100000,,FALSE,FALSE,,1,1,The Darkest Hour
FALSE,none,1300000,,FALSE,FALSE,,1,1,The Darkness (2016)
FALSE,none,100000,,FALSE,FALSE,,1,1,The Day After Valentine's
FALSE,Japanese,100000,,FALSE,FALSE,,1,1,The Day I Became a God
TRUE,Latin,5100000,700000,TRUE,TRUE,2017-10-20,2,1,The Day I Met El Chapo
FALSE,Latin,800000,,TRUE,TRUE,2020-10-30,1,1,The Day of the Lord
FALSE,none,100000,,FALSE,FALSE,,1,1,The Day of the Siege: September Eleven 1683
TRUE,Latin,100000,,FALSE,FALSE,,1,1,The Day Will Come
TRUE,none,82700000,3000000,TRUE,FALSE,2023-06-01,2,1,THE DAYS
FALSE,none,1300000,,FALSE,FALSE,,1,1,The Dead Don't Die
TRUE,Thai,3100000,100000,FALSE,FALSE,,2,1,The Deadly Affair
FALSE,Arabic,100000,,FALSE,FALSE,,1,1,The Deal
FALSE,Korean,200000,,FALSE,FALSE,,1,1,The Deal
FALSE,none,100000,,TRUE,TRUE,2017-10-06,1,1,The Death and Life of Marsha P. Johnson
FALSE,none,200000,,FALSE,FALSE,,1,1,The Debt (2010)
FALSE,none,2900000,,FALSE,FALSE,,1,1,The Debt Collector (2018)
FALSE,none,3200000,,FALSE,FALSE,,1,1,The Debt Collector 2
FALSE,none,100000,,FALSE,FALSE,,1,1,The Debutantes
TRUE,none,700000,100000,FALSE,FALSE,,2,1,The Deceived
FALSE,Latin,3500000,,TRUE,TRUE,2020-03-27,1,1,The Decline
FALSE,Latin,100000,,FALSE,FALSE,,1,1,The Deed of Death
TRUE,none,7600000,600000,FALSE,FALSE,,4,3,The Deep (2015)
FALSE,none,28100000,,FALSE,FALSE,,1,1,The Deep End of the Ocean
FALSE,none,2000000,,FALSE,FALSE,,1,1,The Deep House
TRUE,none,10900000,700000,TRUE,TRUE,2021-08-18,2,1,The Defeated
TRUE,Chinese_or_Kanji,500000,,FALSE,FALSE,,1,1,The Defected
TRUE,none,200000,,FALSE,FALSE,2018-03-23,1,1,The Defiant Ones
TRUE,none,1000000,200000,TRUE,TRUE,2018-10-30,4,2,The Degenerates
FALSE,none,100000,,FALSE,FALSE,,1,1,The Delivery Boy
TRUE,Chinese_or_Kanji,400000,,FALSE,FALSE,,1,1,The Demi Gods and Semi Devils
FALSE,none,6500000,,FALSE,FALSE,,1,1,The Departed (2006)
FALSE,none,100000,,FALSE,FALSE,,1,1,The Descent
FALSE,Thai,1100000,,FALSE,FALSE,,1,1,The Desire
FALSE,none,100000,,FALSE,FALSE,,1,1,The Desperate Hour
TRUE,Chinese_or_Kanji,500000,,FALSE,FALSE,,1,1,The Destiny of White Snake
FALSE,none,8500000,,TRUE,TRUE,2020-09-16,1,1,The Devil All The Time
FALSE,none,1400000,,FALSE,FALSE,,1,1,The Devil Below
TRUE,Japanese,100000,,FALSE,FALSE,,1,1,The Devil Is a Part-Timer!
FALSE,Korean,2000000,,FALSE,FALSE,,1,1,The Devil Judge
TRUE,Korean,24400000,1200000,TRUE,TRUE,,1,1,The Devil Judge
TRUE,none,7800000,1100000,TRUE,TRUE,2019-11-04,2,1,The Devil Next Door
TRUE,Chinese_or_Kanji,5400000,100000,TRUE,TRUE,2020-10-25,2,1,The Devil Punisher
FALSE,none,3400000,,FALSE,FALSE,,1,1,The Devil to Pay
FALSE,none,1300000,,FALSE,FALSE,,1,1,The Devil's Advocate
FALSE,Latin,200000,,FALSE,FALSE,,1,1,The Devil's Forest
FALSE,none,1000000,,FALSE,FALSE,,1,1,The Devil's Own
FALSE,Chinese_or_Kanji,200000,,FALSE,FALSE,,1,1,The Devil's Path
TRUE,Korean,72400000,5400000,TRUE,TRUE,2023-09-26,1,1,The Devil's Plan
FALSE,Latin,500000,,FALSE,FALSE,,1,1,The Diary of Anne Frank
FALSE,none,6100000,,FALSE,FALSE,,1,1,The Dictator
FALSE,none,4600000,,TRUE,TRUE,2021-01-29,1,1,The Dig
FALSE,none,13700000,,FALSE,FALSE,,1,1,The Dilemma
FALSE,none,100000,,FALSE,FALSE,,1,1,The Dinosaur Project
TRUE,none,257000000,6400000,TRUE,TRUE,2023-04-20,2,1,The Diplomat
FALSE,Devanagari,200000,,TRUE,TRUE,,1,1,The Dirty Picture
FALSE,none,7100000,,TRUE,TRUE,2019-03-22,1,1,The Dirt
TRUE,none,14000000,400000,TRUE,TRUE,2019-03-15,2,1,The Disappearance of Madeleine McCann
TRUE,Japanese,4700000,1000000,TRUE,TRUE,2019-12-30,2,1,The Disastrous Life of Saiki K.: Reawakened
TRUE,Japanese,51600000,3400000,TRUE,TRUE,,6,3,The Disastrous Life of Saiki K.
FALSE,none,1700000,,TRUE,TRUE,2017-03-31,1,1,The Discovery
FALSE,none,100000,,FALSE,FALSE,,1,1,The Dish (2000)
FALSE,none,200000,,FALSE,FALSE,,1,1,The Dissident
FALSE,Latin,100000,,FALSE,FALSE,,1,1,The Distinguished Citizen
FALSE,none,1900000,,FALSE,FALSE,,1,1,The Divergent Series: Allegiant - Part 1
FALSE,none,1300000,,FALSE,FALSE,,1,1,The Divergent Series: Insurgent
FALSE,none,100000,,FALSE,FALSE,,1,1,The Divide (2015)
FALSE,Korean,1100000,,FALSE,FALSE,,1,1,The Divine Fury
FALSE,Korean,800000,,FALSE,FALSE,,1,1,The Divine Move 2: The Wrathful
FALSE,Korean,300000,,FALSE,FALSE,,1,1,The Divine Move
FALSE,Latin,200000,,FALSE,FALSE,,1,1,The Divine Other
FALSE,none,11500000,,TRUE,TRUE,2016-05-27,1,1,The Do-Over
TRUE,none,200000,,FALSE,FALSE,,1,1,The Dog Rescuers
FALSE,none,600000,,FALSE,FALSE,,1,1,The Doll (2016)
FALSE,none,600000,,FALSE,FALSE,,1,1,The Doll 2
FALSE,none,600000,,FALSE,FALSE,,1,1,The Doll 3
FALSE,Japanese,700000,,TRUE,TRUE,,1,1,The Door into Summer
FALSE,none,300000,,FALSE,FALSE,,1,1,The Doorman (2020)
FALSE,none,100000,,FALSE,FALSE,,1,1,The Double (2011)
FALSE,Chinese_or_Kanji,100000,,FALSE,FALSE,,1,1,The Dragon Chronicles - The Maidens of Heavenly Mountain
TRUE,none,63600000,10700000,TRUE,TRUE,2018-09-14,9,5,The Dragon Prince
TRUE,Chinese_or_Kanji,100000,,FALSE,FALSE,,1,1,The Dream Job
FALSE,none,400000,,FALSE,FALSE,,1,1,The Dreamers (2003)
FALSE,none,100000,,TRUE,TRUE,2022-09-22,1,1,The Dreamlife of Georgie Stone
FALSE,Latin,1600000,,FALSE,FALSE,,1,1,The Dreamseller
FALSE,none,200000,,FALSE,FALSE,,1,1,The Dressmaker (2015)
TRUE,none,1100000,100000,FALSE,FALSE,,2,1,The Drowning
FALSE,Korean,1600000,,TRUE,TRUE,2019-02-21,1,1,The Drug King
FALSE,none,1600000,,FALSE,FALSE,,1,1,The Dry (2021)
FALSE,none,200000,,FALSE,FALSE,,1,1,The Duchess (2008)
TRUE,none,3300000,600000,TRUE,TRUE,2020-09-11,2,1,The Duchess
FALSE,Korean,200000,,FALSE,FALSE,,1,1,The Dude In Me
FALSE,none,800000,,FALSE,FALSE,,1,1,The Duel (2016)
FALSE,none,5400000,,FALSE,FALSE,,1,1,The DUFF
FALSE,none,300000,,FALSE,FALSE,,1,1,The Duke (2021)
FALSE,Latin,400000,,FALSE,FALSE,,1,1,The Dumpling Affair
FALSE,none,200000,,FALSE,FALSE,,1,1,The Eagle (2011)
TRUE,none,200000,,TRUE,TRUE,2020-05-08,1,1,The Eddy
FALSE,Latin,200000,,TRUE,TRUE,2019-06-19,1,1,The Edge of Democracy
FALSE,none,4000000,,FALSE,FALSE,,1,1,The Edge of Seventeen
FALSE,none,100000,,FALSE,FALSE,,1,1,The Efficiency Expert
FALSE,Chinese_or_Kanji,100000,,FALSE,FALSE,,1,1,The Eight Hundred
FALSE,none,100000,,FALSE,FALSE,,1,1,The Electrical Life of Louis Wain
FALSE,Latin,100000,,FALSE,FALSE,,1,1,The Elementary Particles
FALSE,none,7100000,,TRUE,TRUE,2022-12-08,1,1,The Elephant Whisperers
FALSE,Arabic,100000,,FALSE,FALSE,,1,1,The Emigrant
FALSE,Japanese,7500000,400000,FALSE,FALSE,,2,1,The Eminence in Shadow: 1st Season
FALSE,Japanese,2700000,600000,FALSE,FALSE,,1,1,The Eminence in Shadow: 2nd Season
FALSE,none,26300000,,FALSE,FALSE,,1,1,The Emoji Movie
TRUE,Korean,21100000,200000,FALSE,FALSE,,2,1,The Empress Ki
TRUE,Latin,84800000,5000000,TRUE,TRUE,2022-09-29,2,1,The Empress
FALSE,Japanese,800000,,TRUE,TRUE,,1,1,The End of Evangelion
TRUE,none,26600000,4600000,TRUE,TRUE,2018-01-05,4,2,The End of the F***ing World
TRUE,Latin,55000000,1200000,TRUE,TRUE,2023-01-25,2,1,The Endless Night
FALSE,Latin,1400000,,FALSE,FALSE,2020-02-28,1,1,The Endless Trench
FALSE,Latin,100000,,FALSE,FALSE,,1,1,The End
FALSE,none,100000,,FALSE,FALSE,,1,1,The Enemies
TRUE,none,9500000,1100000,TRUE,TRUE,2020-03-20,2,1,The English Game
FALSE,none,1300000,,TRUE,TRUE,2022-07-29,1,1,The Entitled
FALSE,Latin,300000,,FALSE,FALSE,,1,1,The Entity
TRUE,none,10200000,2100000,TRUE,TRUE,2020-07-10,2,1,The Epic Tales of Captain Underpants in Space
TRUE,none,68400000,6700000,TRUE,TRUE,2018-07-13,6,3,The Epic Tales of Captain Underpants
FALSE,none,13600000,,FALSE,FALSE,,1,1,The Equalizer (2014)
FALSE,none,14300000,,FALSE,FALSE,,1,1,The Equalizer 2
FALSE,none,400000,,FALSE,FALSE,,1,1,The Escort (2016)
FALSE,none,100000,,FALSE,FALSE,,1,1,The Estate (2022)
FALSE,Latin,300000,,FALSE,FALSE,,1,1,The Eternal Feminine
FALSE,Japanese,300000,,FALSE,FALSE,,1,1,The Eternal Zero
FALSE,Latin,100000,,FALSE,FALSE,,1,1,The Eve of Never
FALSE,Latin,200000,,FALSE,FALSE,,1,1,The Even Bigger Slime Movie
TRUE,Arabic,23500000,800000,TRUE,TRUE,2023-02-08,2,1,The Exchange
FALSE,Korean,100000,,FALSE,FALSE,,1,1,The Exclusive: Beat the Devil's Tattoo
TRUE,Japanese,200000,,FALSE,FALSE,,1,1,The Executioner and Her Way of Life
FALSE,none,1100000,,FALSE,FALSE,,1,1,The Exorcism of Emily Rose
FALSE,none,300000,,FALSE,FALSE,,1,1,The Exorcism Of Karen Walker
FALSE,none,300000,,FALSE,FALSE,,1,1,The Exorcist 3
FALSE,none,2500000,,FALSE,FALSE,,1,1,The Expendables (2010)
FALSE,none,4600000,,FALSE,FALSE,,1,1,The Expendables 2
FALSE,none,8600000,,FALSE,FALSE,,1,1,The Expendables 3
TRUE,Japanese,2300000,300000,FALSE,FALSE,,1,1,The Expert of Changing Jobs
FALSE,none,900000,,FALSE,FALSE,,1,1,The Express
FALSE,none,1200000,,FALSE,FALSE,,1,1,The Eye (2008)
FALSE,Chinese_or_Kanji,100000,,FALSE,FALSE,,1,1,The Eye 10
FALSE,Chinese_or_Kanji,100000,,FALSE,FALSE,,1,1,The Eye 2
FALSE,none,100000,,FALSE,FALSE,,1,1,The Eye of the Storm
FALSE,Chinese_or_Kanji,100000,,FALSE,FALSE,,1,1,The Eye
FALSE,none,100000,,FALSE,FALSE,,1,1,The F Word (2013)
FALSE,none,9300000,,TRUE,TRUE,,1,1,The F**k-It List
FALSE,Japanese,2500000,,FALSE,FALSE,,1,1,THE FABLE: The Killer Who Doesn't Kill
FALSE,Japanese,1300000,,FALSE,FALSE,,1,1,THE FABLE
FALSE,Thai,100000,,FALSE,FALSE,,1,1,The Fabric
TRUE,Korean,40900000,1200000,TRUE,TRUE,2022-12-23,2,1,The Fabulous
FALSE,Korean,300000,,FALSE,FALSE,,1,1,The Face Reader
TRUE,none,75400000,7800000,FALSE,FALSE,,9,6,The Fairly OddParents
FALSE,Latin,100000,,FALSE,FALSE,,1,1,The Fall of the American Empire
TRUE,none,223400000,27000000,TRUE,TRUE,2023-10-12,1,1,The Fall of the House of Usher
FALSE,Chinese_or_Kanji,200000,,TRUE,TRUE,2022-01-29,1,1,The Falls
TRUE,none,36300000,3000000,FALSE,FALSE,2013-05-27,6,3,The Fall
TRUE,Devanagari,3200000,300000,TRUE,TRUE,2022-02-25,2,1,The Fame Game
FALSE,none,2200000,,FALSE,FALSE,,1,1,The Family (2013)
TRUE,none,63800000,8900000,FALSE,FALSE,,4,4,The Family Business
FALSE,none,200000,,FALSE,FALSE,,1,1,The Family Man (2000)
TRUE,Latin,800000,100000,TRUE,TRUE,2021-12-09,2,1,The Family That Sings Together: The Camargos
TRUE,none,4100000,500000,TRUE,TRUE,2019-08-09,2,1,The Family
FALSE,Latin,200000,,FALSE,FALSE,,1,1,The Famous Five 4
FALSE,none,200000,,FALSE,FALSE,,1,1,The Fanatic
FALSE,none,100000,,FALSE,FALSE,,1,1,The Farewell (2019)
FALSE,Latin,100000,,FALSE,FALSE,,1,1,The Farmer and the Hipster
TRUE,Arabic,700000,100000,TRUE,TRUE,2021-11-23,2,1,The Fastest
FALSE,Korean,100000,,FALSE,FALSE,,1,1,The Fatal Encounter
FALSE,none,9600000,,FALSE,FALSE,,1,1,The Father (2021)
FALSE,Latin,5800000,,TRUE,TRUE,2021-09-17,1,1,The Father Who Moves Mountains
TRUE,Chinese_or_Kanji,100000,,FALSE,FALSE,,1,1,The Fearless
TRUE,Chinese_or_Kanji,600000,,FALSE,FALSE,,1,1,The Female Prime Minister
FALSE,none,2400000,,FALSE,FALSE,,1,1,The Festival (2019)
FALSE,Latin,1000000,,TRUE,TRUE,2022-09-02,1,1,The Festival of Troubadours
TRUE,Chinese_or_Kanji,900000,,FALSE,FALSE,,1,1,The Fierce Wife
FALSE,Korean,9600000,200000,FALSE,FALSE,,2,1,The Fiery Priest
FALSE,none,900000,,FALSE,FALSE,,1,1,The Fifth Element
TRUE,Latin,700000,100000,FALSE,FALSE,2022-10-05,2,1,The Fight for Justice: Paolo Guerrero
FALSE,none,600000,,FALSE,FALSE,,1,1,The Fighter (2010)
FALSE,Latin,100000,,FALSE,FALSE,,1,1,The Fighter
FALSE,Latin,1200000,,TRUE,TRUE,2022-08-25,1,1,The Figo Affair: The Transfer that Changed Football
FALSE,none,200000,,FALSE,FALSE,,1,1,The Figurine (Araromire)
FALSE,Japanese,200000,,FALSE,FALSE,,1,1,The Files of Young Kindaichi Special
TRUE,Japanese,3600000,100000,FALSE,FALSE,,3,2,The Files of Young Kindaichi
FALSE,Latin,100000,,FALSE,FALSE,,1,1,The Film from Dylan Haegens
FALSE,none,700000,,FALSE,FALSE,,1,1,The Final Destination
FALSE,none,200000,,FALSE,FALSE,,1,1,The Final Girls
TRUE,Latin,4000000,300000,FALSE,FALSE,2022-11-02,2,1,The Final Score
TRUE,none,13600000,700000,TRUE,TRUE,2018-11-20,2,1,The Final Table
FALSE,none,700000,,FALSE,FALSE,,1,1,The Firm (1993)
TRUE,Cyrillic,500000,100000,FALSE,FALSE,,1,1,The First Days
FALSE,none,100000,,FALSE,FALSE,,1,1,The First Monday in May
TRUE,Latin,1000000,,FALSE,FALSE,,1,1,The First Nanny
FALSE,Japanese,400000,,FALSE,FALSE,,1,1,The Fish Tale
FALSE,Latin,100000,,FALSE,FALSE,,1,1,The Fisherman and His Wife
TRUE,Korean,10500000,200000,FALSE,FALSE,,4,4,The Fisherman and the City
FALSE,none,400000,,TRUE,TRUE,,1,1,The Fisherman's Diary
TRUE,Latin,34400000,1600000,TRUE,TRUE,2021-10-06,2,1,The Five Juanas
FALSE,none,4100000,,FALSE,FALSE,,1,1,The Five-Year Engagement
FALSE,Latin,2900000,,FALSE,FALSE,,1,1,The Fix-It Man
TRUE,none,500000,,TRUE,TRUE,2018-12-14,1,1,The Fix
FALSE,Chinese_or_Kanji,100000,,FALSE,FALSE,,1,1,The Flaming Brothers
TRUE,none,546600000,15600000,FALSE,FALSE,,18,9,The Flash (2014)
FALSE,none,5200000,,FALSE,FALSE,,1,1,The Flintstones (1994)
FALSE,none,100000,,FALSE,FALSE,,1,1,The Flintstones in Viva Rock Vegas
FALSE,none,100000,,FALSE,FALSE,,1,1,The Florida Project
FALSE,Arabic,100000,,FALSE,FALSE,,1,1,The Flower of Aleppo
FALSE,Latin,200000,,FALSE,FALSE,,1,1,The Flower of My Secret
FALSE,none,300000,,FALSE,FALSE,,1,1,The Fog (2005)
FALSE,none,1000000,,FALSE,FALSE,,1,1,The Football Factory
FALSE,Latin,100000,,FALSE,FALSE,,1,1,The Forbidden Door
FALSE,none,400000,,FALSE,FALSE,,1,1,The Forbidden Kingdom
FALSE,none,2700000,,FALSE,FALSE,2017-12-15,1,1,The Foreigner
FALSE,none,3100000,,FALSE,FALSE,,1,1,The Forest (2016)
TRUE,Japanese,200000,,FALSE,FALSE,2020-04-30,1,1,The Forest of Love: Deep Cut
FALSE,Japanese,200000,,TRUE,TRUE,2019-10-11,1,1,The Forest of Love
TRUE,Latin,22100000,2400000,TRUE,TRUE,2018-06-29,2,1,The Forest
FALSE,none,9100000,,FALSE,FALSE,,1,1,The Forever Purge
FALSE,none,1400000,,FALSE,FALSE,,1,1,The Forgotten (2004)
FALSE,Latin,13600000,,TRUE,TRUE,2021-10-15,1,1,The Forgotten Battle
FALSE,none,100000,,FALSE,FALSE,,1,1,The Forgotten Kingdom
FALSE,Korean,1000000,,FALSE,FALSE,,1,1,The Fortress
FALSE,none,100000,,TRUE,TRUE,2020-10-09,1,1,The Forty-Year-Old Version
FALSE,none,9900000,,FALSE,FALSE,,1,1,The Founder (2016)
FALSE,Latin,1600000,,TRUE,TRUE,2021-10-15,1,1,The Four of Us
FALSE,none,1900000,,FALSE,FALSE,,1,1,The Four Seasons (1981)
FALSE,none,100000,,FALSE,FALSE,,1,1,The Fourth Kind
FALSE,none,100000,,FALSE,FALSE,,1,1,The Fox (2017)
TRUE,none,800000,,FALSE,FALSE,,2,2,The Frankenstein Chronicles
FALSE,Latin,200000,,FALSE,FALSE,,1,1,The French Kissers
TRUE,none,1700000,,FALSE,FALSE,,6,6,The Fresh Prince of Bel-Air
FALSE,none,200000,,FALSE,FALSE,,1,1,The Frighteners
FALSE,Korean,200000,,FALSE,FALSE,,1,1,The Front Line
FALSE,none,300000,,FALSE,FALSE,,1,1,The Frozen Ground
TRUE,Japanese,21600000,800000,FALSE,FALSE,,4,2,The Full-Time Wife Escapist
FALSE,none,3300000,,TRUE,TRUE,2016-06-24,1,1,The Fundamentals of Caring
FALSE,none,200000,,FALSE,FALSE,,1,1,The Funeral Director
FALSE,none,100000,,FALSE,FALSE,,1,1,The Furies (2019)
FALSE,Latin,100000,,FALSE,FALSE,,1,1,The Fury of a Patient Man
FALSE,Latin,100000,,FALSE,FALSE,,1,1,The Fury
TRUE,Japanese,500000,,TRUE,FALSE,2021-12-14,2,2,The Future Diary
TRUE,none,2900000,200000,TRUE,TRUE,2022-06-21,2,1,The Future Of
TRUE,none,700000,100000,TRUE,TRUE,2022-05-19,2,1,The G Word with Adam Conover
FALSE,none,200000,,FALSE,FALSE,,1,1,The Gallows Act II
FALSE,none,2800000,,FALSE,FALSE,,1,1,The Game (1997)
TRUE,none,15300000,1000000,FALSE,FALSE,,6,3,The Game (2006)
FALSE,none,1700000,,TRUE,TRUE,,1,1,The Game Changers (2018)
FALSE,Latin,200000,,FALSE,FALSE,,1,1,The Game
FALSE,Korean,1200000,,FALSE,FALSE,,1,1,"The Gangster, The Cop, The Devil"
FALSE,Thai,200000,,FALSE,FALSE,,1,1,The Gangster
FALSE,Japanese,100000,,FALSE,FALSE,,1,1,The Garden of Words
TRUE,none,117700000,4500000,FALSE,FALSE,,8,4,The Garfield Show
FALSE,none,1000000,,FALSE,FALSE,,1,1,The Gateway (2021)
TRUE,Latin,2500000,,FALSE,FALSE,,1,1,The General's Daughter
FALSE,Latin,100000,,FALSE,FALSE,,1,1,The Generation That Gave Up On Love
TRUE,Japanese,300000,,FALSE,FALSE,,1,1,The Genius Prince's Guide to Raising a Nation Out of Debt
FALSE,Korean,2400000,,TRUE,TRUE,,1,1,The Gentlemen's League: 2021-2022
FALSE,Korean,6500000,,TRUE,TRUE,,1,1,The Gentlemen's League: 2023
TRUE,Korean,3300000,200000,TRUE,TRUE,,1,1,The Gentlemen's League
FALSE,none,13000000,,FALSE,FALSE,,1,1,The Gentlemen
FALSE,Latin,300000,,FALSE,FALSE,,1,1,The German Doctor
TRUE,none,3500000,300000,TRUE,TRUE,2016-08-12,4,2,The Get Down
FALSE,Latin,1100000,,TRUE,TRUE,2022-03-16,1,1,The Getaway King
FALSE,none,1900000,,FALSE,FALSE,,1,1,The Ghost (2022)
FALSE,none,2300000,,FALSE,FALSE,,1,1,The Ghost (Hindi) (2022)
FALSE,none,400000,,FALSE,FALSE,,1,1,The Ghost (Tamil) (2022)
FALSE,none,300000,,FALSE,FALSE,,1,1,The Ghost and the Tout Too
FALSE,none,100000,,FALSE,FALSE,,1,1,The Ghost and the Tout
FALSE,Chinese_or_Kanji,3200000,200000,TRUE,TRUE,2020-01-23,2,1,The Ghost Bride: Volume 1
FALSE,none,400000,,FALSE,FALSE,,1,1,The Ghost Writer
FALSE,Latin,600000,,FALSE,FALSE,,1,1,The Giant
FALSE,none,2200000,,FALSE,FALSE,,1,1,The Gift (2000)
FALSE,none,1300000,,FALSE,FALSE,,1,1,The Gift (2015)
FALSE,none,300000,,FALSE,FALSE,,1,1,The Gifted (2014)
TRUE,Thai,1500000,100000,FALSE,FALSE,,2,1,The Gifted
TRUE,Latin,24200000,1600000,TRUE,TRUE,2019-12-27,6,3,The Gift
FALSE,Latin,200000,,FALSE,FALSE,,1,1,The Girl Allergic to Wi-Fi
FALSE,Latin,100000,,FALSE,FALSE,,1,1,The Girl and the Gun
TRUE,Hebrew,9900000,1000000,FALSE,FALSE,2021-12-19,2,1,The Girl from Oslo
FALSE,Latin,200000,,FALSE,FALSE,,1,1,The Girl from Paris
TRUE,Japanese,1400000,300000,FALSE,FALSE,,1,1,The Girl I Like Forgot Her Glasses
FALSE,Latin,200000,,FALSE,FALSE,,1,1,The Girl in the Fog
TRUE,Latin,11400000,500000,TRUE,TRUE,2022-08-19,2,1,The Girl in the Mirror
FALSE,none,1300000,,FALSE,FALSE,,1,1,The Girl in the Spider's Web
FALSE,none,100000,,FALSE,FALSE,,1,1,The Girl in the Yellow Jumper
FALSE,none,5800000,,FALSE,FALSE,,1,1,The Girl Next Door (2004)
FALSE,none,100000,,FALSE,FALSE,,1,1,The Girl Next Door (2007)
FALSE,Korean,100000,,FALSE,FALSE,,1,1,The Girl on a Bulldozer
FALSE,none,2100000,,FALSE,FALSE,,1,1,The Girl on the Train (2016)
FALSE,Devanagari,1800000,,TRUE,TRUE,2021-02-26,1,1,The Girl on the Train
TRUE,Korean,7600000,300000,FALSE,FALSE,,2,1,The Girl Who Sees Scents
FALSE,none,6400000,,FALSE,FALSE,2017-05-25,1,1,The Girl with All the Gifts
FALSE,none,5500000,,FALSE,FALSE,,1,1,The Girl with the Dragon Tattoo (2011)
TRUE,Latin,10000000,600000,TRUE,TRUE,2022-09-23,2,1,The Girls at the Back
FALSE,none,1800000,,FALSE,FALSE,,1,1,The Giver
FALSE,Chinese_or_Kanji,4000000,100000,FALSE,FALSE,,2,1,The Glamorous Imperial Concubine
FALSE,none,16600000,,FALSE,FALSE,,1,1,The Glass Castle
FALSE,none,3100000,,FALSE,FALSE,,1,1,The Glass House (2001)
TRUE,Korean,689700000,4700000,TRUE,TRUE,2022-12-30,2,1,The Glory
FALSE,Latin,1000000,,FALSE,FALSE,,1,1,The Goat and Her Three Kids
FALSE,none,600000,,FALSE,FALSE,,1,1,The God Committee
TRUE,Korean,100000,,FALSE,FALSE,,1,1,The God of High School
FALSE,none,4500000,,FALSE,FALSE,,1,1,The Godfather Coda: The Death of Michael Corleone
FALSE,none,10200000,,FALSE,FALSE,,1,1,The Godfather: Part II
FALSE,none,15400000,,FALSE,FALSE,,1,1,The Godfather
FALSE,Latin,100000,,FALSE,FALSE,,1,1,The Golden Ball
FALSE,Korean,100000,,FALSE,FALSE,,1,1,The Golden Holiday
TRUE,Latin,29500000,6000000,FALSE,FALSE,,1,1,The Golden Hour
FALSE,none,200000,,FALSE,FALSE,,1,1,The Goldfinch
FALSE,Latin,1400000,,FALSE,FALSE,,1,1,The Goldfish
TRUE,Korean,208000000,3700000,TRUE,TRUE,2023-04-26,2,1,The Good Bad Mother
TRUE,Latin,20900000,200000,FALSE,FALSE,2019-08-30,2,1,The Good Bandit
TRUE,none,16000000,700000,TRUE,TRUE,2018-09-21,2,1,The Good Cop
TRUE,Korean,19100000,400000,FALSE,FALSE,,4,2,The Good Detective
TRUE,none,402500000,15200000,FALSE,FALSE,,11,6,The Good Doctor
FALSE,none,100000,,FALSE,FALSE,,1,1,The Good Guy
FALSE,none,3100000,,FALSE,FALSE,,1,1,The Good Liar
FALSE,none,100000,,FALSE,FALSE,,1,1,The Good Nazi
FALSE,none,30000000,,TRUE,TRUE,2022-10-26,1,1,The Good Nurse
TRUE,none,135800000,11900000,FALSE,FALSE,2017-08-21,8,4,The Good Place
FALSE,none,900000,,FALSE,FALSE,,1,1,The Good Shepherd
FALSE,Arabic,100000,,FALSE,FALSE,,1,1,"The Good, The Bad, and The Playful"
FALSE,Korean,100000,,FALSE,FALSE,,1,1,"The Good, the Bad, the Weird"
TRUE,none,700000,100000,TRUE,TRUE,2020-01-24,2,1,the goop lab with Gwyneth Paltrow
TRUE,none,500000,,FALSE,FALSE,,1,1,The Governor (2016)
TRUE,Thai,100000,,FALSE,FALSE,,1,1,The Graduates
FALSE,none,100000,,FALSE,FALSE,,1,1,The Graduate
FALSE,none,58300000,,TRUE,TRUE,2022-07-22,1,1,The Gray Man
FALSE,Korean,100000,,FALSE,FALSE,,1,1,The Great Battle
FALSE,Latin,200000,,FALSE,FALSE,,1,1,The Great Beauty
FALSE,none,23200000,900000,FALSE,FALSE,2022-09-16,2,1,The Great British Baking Show: Collection 10
FALSE,none,49600000,4900000,FALSE,FALSE,2023-09-29,1,1,The Great British Baking Show: Collection 11
FALSE,none,19900000,1100000,FALSE,FALSE,2018-08-31,2,1,The Great British Baking Show: Collection 5
FALSE,none,14500000,800000,FALSE,FALSE,2018-11-09,2,1,The Great British Baking Show: Collection 6
FALSE,none,13700000,700000,FALSE,FALSE,2019-08-30,2,1,The Great British Baking Show: Collection 7
FALSE,none,12900000,600000,FALSE,FALSE,2020-09-25,2,1,The Great British Baking Show: Collection 8
FALSE,none,13100000,700000,FALSE,FALSE,2021-09-24,2,1,The Great British Baking Show: Collection 9
TRUE,none,14900000,6700000,FALSE,FALSE,2018-11-30,11,6,The Great British Baking Show: Holidays
TRUE,none,27900000,1800000,FALSE,FALSE,2023-02-01,3,2,The Great British Baking Show: The Professionals
TRUE,none,600000,,FALSE,FALSE,,5,5,The Great Canadian Baking Show
FALSE,Arabic,200000,,FALSE,FALSE,,1,1,The Great Chinese Beans
FALSE,none,100000,,FALSE,FALSE,,1,1,The Great Debaters
FALSE,Korean,1000000,,FALSE,FALSE,,1,1,The Great Doctor
FALSE,none,1100000,,FALSE,FALSE,,1,1,The Great Gatsby (2013)
FALSE,none,900000,,TRUE,TRUE,2019-07-24,1,1,The Great Hack
TRUE,Japanese,1800000,100000,FALSE,FALSE,,2,1,The Great Haruko
TRUE,Latin,5900000,800000,TRUE,TRUE,2020-08-14,2,1,The Great Heist
FALSE,Chinese_or_Kanji,200000,,FALSE,FALSE,,1,1,The Great Magician
FALSE,none,800000,,FALSE,FALSE,,1,1,The Great Raid
TRUE,Latin,4600000,700000,TRUE,TRUE,2022-03-16,2,1,The Great Robbery of Brazil's Central Bank
TRUE,none,1300000,200000,FALSE,FALSE,,2,1,The Great Train Robbery
FALSE,none,17400000,,FALSE,FALSE,,1,1,The Great Wall (2016)
FALSE,Latin,100000,,FALSE,FALSE,,1,1,The Greater Caucasus
TRUE,Japanese,2900000,400000,FALSE,FALSE,,2,1,The Greatest Demon Lord Is Reborn as a Typical Nobody
FALSE,Latin,500000,,FALSE,FALSE,,1,1,The Greatest Miracle
FALSE,none,100000,,FALSE,FALSE,,1,1,The Greatest Painters of the World: Salvador Dalí
FALSE,none,100000,,FALSE,FALSE,,1,1,The Greatest Painters of the World: Van Gogh
TRUE,Latin,8000000,300000,TRUE,TRUE,2022-10-19,2,1,The Green Glove Gang
FALSE,none,100000,,FALSE,FALSE,,1,1,The Green Inferno
FALSE,none,800000,,FALSE,FALSE,,1,1,The Green Knight
FALSE,none,4000000,,FALSE,FALSE,,1,1,The Green Mile
FALSE,none,2500000,,FALSE,FALSE,,1,1,The Grey (2011)
FALSE,none,300000,,FALSE,FALSE,,1,1,The Griot
FALSE,none,300000,,FALSE,FALSE,,1,1,The Grizzlies
FALSE,Latin,200000,,FALSE,FALSE,,1,1,The Group With No Goals
FALSE,Latin,100000,,FALSE,FALSE,,1,1,The Grown-Ups
FALSE,none,200000,,FALSE,FALSE,,1,1,The Grudge (2004)
FALSE,none,11400000,,FALSE,FALSE,,1,1,The Grudge (2020)
FALSE,none,100000,,FALSE,FALSE,,1,1,The Gruffalo's Child
FALSE,none,200000,,FALSE,FALSE,,1,1,The Gruffalo
FALSE,none,400000,,FALSE,FALSE,,1,1,The Guard (2011)
FALSE,Latin,100000,,FALSE,FALSE,,1,1,The Guard Post
TRUE,none,1400000,200000,TRUE,TRUE,2022-03-01,2,1,The Guardians of Justice
FALSE,Latin,100000,,FALSE,FALSE,,1,1,The Guardians
FALSE,Latin,200000,,TRUE,TRUE,,1,1,The Guardian
FALSE,none,2200000,,FALSE,FALSE,2018-08-10,1,1,The Guernsey Literary and Potato Peel Pie Society
TRUE,Korean,10000000,200000,FALSE,FALSE,,2,1,The Guest
FALSE,Latin,2400000,,TRUE,TRUE,2021-07-14,1,1,The Guide to the Perfect Family
FALSE,none,100000,,FALSE,FALSE,,1,1,The Guilt Trip
FALSE,none,16200000,,TRUE,TRUE,2021-10-01,1,1,The Guilty
TRUE,none,100000,,FALSE,FALSE,,1,1,The Gulf
FALSE,none,2700000,,FALSE,FALSE,,1,1,The Gunman (2015)
FALSE,none,500000,,FALSE,FALSE,,1,1,The Guns of Navarone
FALSE,none,100000,,FALSE,FALSE,,1,1,The Guys (2017)
FALSE,Latin,700000,,FALSE,FALSE,,1,1,The Hairdresser
FALSE,none,2800000,,TRUE,TRUE,2020-05-01,1,1,The Half Of It
FALSE,none,500000,100000,TRUE,TRUE,2022-05-19,2,1,"The Hall: Honoring George Carlin, Robin Williams, Joan Rivers and Richard Pryor"
FALSE,Latin,900000,,TRUE,TRUE,2021-12-15,1,1,The Hand of God
FALSE,Korean,700000,,FALSE,FALSE,,1,1,The Handmaiden
FALSE,none,18300000,,FALSE,FALSE,,1,1,The Hangover: Part III
FALSE,none,17900000,,FALSE,FALSE,,1,1,The Hangover: Part II
FALSE,none,28100000,,FALSE,FALSE,,1,1,The Hangover
FALSE,none,1400000,,FALSE,FALSE,,1,1,The Happytime Murders
FALSE,none,400000,,FALSE,FALSE,,1,1,The Hard Corps
FALSE,none,11100000,,TRUE,TRUE,,1,1,The Hard Way (2019)
FALSE,none,23300000,,TRUE,TRUE,2021-11-03,1,1,The Harder They Fall
FALSE,Latin,100000,,FALSE,FALSE,,1,1,The Hardest Thing
FALSE,none,38700000,,TRUE,TRUE,2023-01-10,1,1,The Hatchet Wielding Hitchhiker
TRUE,none,2100000,,FALSE,FALSE,,1,1,The Hateful Eight: Extended Version
FALSE,none,5400000,,FALSE,FALSE,,1,1,The Hateful Eight
FALSE,Latin,3900000,,TRUE,TRUE,2020-07-29,1,1,The Hater
FALSE,Korean,300000,,FALSE,FALSE,,1,1,The Haunted House: The Secret of the Cave
TRUE,Korean,19000000,900000,TRUE,FALSE,,4,2,The Haunted House
FALSE,none,40000000,2600000,TRUE,TRUE,2020-10-09,2,1,The Haunting of Bly Manor
FALSE,none,55200000,3400000,TRUE,TRUE,2018-10-12,2,1,The Haunting of Hill House
FALSE,none,200000,,FALSE,FALSE,,1,1,The Haunting of Sharon Tate
FALSE,none,6600000,,FALSE,FALSE,,1,1,The Healer (2017)
TRUE,none,9500000,1100000,TRUE,TRUE,2020-01-13,2,1,The Healing Powers of Dude
FALSE,none,100000,,FALSE,FALSE,2021-01-14,1,1,The Heartbreak Club
FALSE,none,1500000,,FALSE,FALSE,,1,1,The Heartbreak Kid (2007)
FALSE,Chinese_or_Kanji,2400000,100000,FALSE,FALSE,,1,1,The Heart
TRUE,Japanese,100000,,FALSE,FALSE,,1,1,The Heike Story
FALSE,none,300000,,FALSE,FALSE,,1,1,The Heiress (2019)
TRUE,Japanese,700000,,FALSE,FALSE,,1,1,The Heroic Legend of Arslan
FALSE,Latin,100000,,FALSE,FALSE,,1,1,The Hero
TRUE,none,12500000,2300000,TRUE,TRUE,2022-06-22,2,1,The Hidden Lives of Pets
FALSE,none,1500000,,FALSE,FALSE,,1,1,The High Note
FALSE,none,100000,,FALSE,FALSE,,1,1,The Highway Rat
FALSE,none,16500000,,TRUE,TRUE,2019-03-29,1,1,The Highwaymen
TRUE,none,11400000,800000,FALSE,FALSE,,6,4,The Hills
FALSE,Korean,400000,,FALSE,FALSE,,1,1,The Himalayas
FALSE,none,500000,,FALSE,FALSE,,1,1,The Hitcher (2007)
FALSE,none,4000000,,FALSE,FALSE,,1,1,The Hitman's Wife's Bodyguard
FALSE,none,8300000,,FALSE,FALSE,2017-08-25,1,1,The Hitman’s Bodyguard
FALSE,none,2000000,,FALSE,FALSE,,1,1,The Hobbit: An Unexpected Journey
FALSE,none,1800000,,FALSE,FALSE,,1,1,The Hobbit: The Battle of the Five Armies
FALSE,none,1800000,,FALSE,FALSE,,1,1,The Hobbit: The Desolation of Smaug
TRUE,Latin,400000,,FALSE,FALSE,2019-09-20,1,1,The Hockey Girls
FALSE,none,5400000,,FALSE,FALSE,,1,1,The Holiday (2006)
FALSE,none,800000,,TRUE,TRUE,2018-11-02,1,1,The Holiday Calendar
TRUE,none,1200000,100000,FALSE,FALSE,,2,1,The Holiday
FALSE,none,200000,,FALSE,FALSE,,1,1,The Hollars
TRUE,none,18900000,2000000,TRUE,TRUE,2018-06-08,4,2,The Hollow
FALSE,Thai,100000,,FALSE,FALSE,,1,1,The Holy Man 2
FALSE,Thai,200000,,FALSE,FALSE,,1,1,The Holy Man 3
FALSE,Thai,100000,,FALSE,FALSE,,1,1,The Holy Man
FALSE,none,100000,,FALSE,FALSE,,1,1,The Homesman
FALSE,none,100000,,TRUE,TRUE,2018-04-17,1,1,The Honeymoon Stand Up Special: Collection
TRUE,Latin,7200000,1200000,TRUE,TRUE,2018-12-07,6,3,The Hook Up Plan
FALSE,none,300000,,FALSE,FALSE,,1,1,The Hopeful Romantic
TRUE,Chinese_or_Kanji,400000,,FALSE,FALSE,,1,1,The Hospital
FALSE,none,200000,,FALSE,FALSE,,1,1,The Host (2013)
FALSE,Arabic,100000,,FALSE,FALSE,,1,1,The Hostage
FALSE,Korean,800000,,FALSE,FALSE,,1,1,The Host
TRUE,Chinese_or_Kanji,900000,100000,FALSE,FALSE,,2,1,The Hot Life
FALSE,Latin,900000,,FALSE,FALSE,,1,1,The Hours with You
TRUE,none,1900000,200000,TRUE,TRUE,,2,1,The House Arrest of Us
FALSE,none,3600000,,FALSE,FALSE,,1,1,The House Bunny
FALSE,none,100000,,FALSE,FALSE,,1,1,The House Next Door: Meet the Blacks 2
TRUE,Latin,100000,,FALSE,FALSE,,1,1,The House of Dark Secrets
FALSE,Latin,200000,200000,TRUE,TRUE,2019-11-01,2,1,The House of Flowers Presents: The Funeral
FALSE,Latin,700000,,TRUE,TRUE,2021-06-23,1,1,The House of Flowers: The Movie
TRUE,Latin,15600000,1200000,TRUE,TRUE,2018-08-10,6,3,The House of Flowers
FALSE,none,900000,,FALSE,FALSE,,1,1,The House of the Spirits
FALSE,none,100000,,FALSE,FALSE,,1,1,The House That Jack Built (2018)
FALSE,Japanese,100000,,FALSE,FALSE,,1,1,The House Where the Mermaid Sleeps
FALSE,none,1300000,,FALSE,FALSE,,1,1,The House with a Clock in Its Walls
FALSE,none,1700000,,TRUE,TRUE,2022-01-14,1,1,The House
TRUE,Japanese,3000000,600000,FALSE,FALSE,,1,1,The Hovering Blade
FALSE,none,1400000,,FALSE,FALSE,,1,1,The Hows of Us
FALSE,Arabic,700000,,FALSE,FALSE,,1,1,The Humans and the Mongoose
FALSE,none,400000,,FALSE,FALSE,,1,1,The Hundred-Foot Journey
FALSE,none,28200000,,FALSE,FALSE,,1,1,The Hunger Games: Catching Fire
FALSE,none,19100000,,FALSE,FALSE,,1,1,The Hunger Games: Mockingjay - Part 1
FALSE,none,20600000,,FALSE,FALSE,,1,1,The Hunger Games: Mockingjay - Part 2
FALSE,none,39300000,,FALSE,FALSE,,1,1,The Hunger Games
FALSE,none,500000,,FALSE,FALSE,,1,1,The Hungover Games
TRUE,Korean,700000,,TRUE,TRUE,2021-12-11,1,1,The Hungry and the Hairy
FALSE,none,6300000,,FALSE,FALSE,,1,1,The Hunt (2020)
FALSE,none,1400000,,FALSE,FALSE,,1,1,The Hunt for Red October
FALSE,none,100000,,FALSE,FALSE,,1,1,The Hunt for Transylvanian Gold
TRUE,none,12200000,3600000,TRUE,TRUE,2023-08-04,1,1,The Hunt for Veerappan
TRUE,none,100000,,FALSE,FALSE,,1,1,The Hunting
FALSE,none,10500000,,FALSE,FALSE,,1,1,The Huntsman: Winter's War
FALSE,Korean,100000,,FALSE,FALSE,,1,1,The Hunt
FALSE,none,17300000,,FALSE,FALSE,,1,1,The Hurricane Heist
FALSE,none,3300000,,FALSE,FALSE,,1,1,The Hurt Locker
TRUE,Thai,500000,,FALSE,FALSE,,1,1,The Husbands
FALSE,none,3500000,,FALSE,FALSE,,1,1,The Hustle (2019)
FALSE,Latin,100000,,FALSE,FALSE,,1,1,The Hypnotist
TRUE,none,17400000,2000000,TRUE,TRUE,2019-09-12,2,1,The I-Land
FALSE,Japanese,2700000,300000,FALSE,FALSE,,2,1,The Ice Guy and His Cool Female Colleague
FALSE,none,9800000,,FALSE,FALSE,2021-06-25,1,1,The Ice Road
FALSE,none,200000,,FALSE,FALSE,,1,1,The Iceman
TRUE,Latin,1900000,300000,TRUE,TRUE,2020-09-10,4,2,The Idhun Chronicles
TRUE,none,200000,100000,TRUE,TRUE,2020-04-01,2,1,The Iliza Shlesinger Sketch Show
FALSE,none,1200000,,FALSE,FALSE,,1,1,The Illusionist (2006)
FALSE,none,7200000,,FALSE,FALSE,,1,1,The Imitation Game (2014)
FALSE,none,800000,,FALSE,FALSE,,1,1,The Immaculate Room
FALSE,Latin,700000,,FALSE,FALSE,,1,1,The Immortal
TRUE,none,40900000,1900000,TRUE,TRUE,2022-09-08,2,1,The Imperfects
TRUE,Chinese_or_Kanji,2100000,,FALSE,FALSE,,1,1,The Imperial Age
TRUE,Chinese_or_Kanji,1000000,,FALSE,FALSE,,1,1,The Imperial Coroner
FALSE,none,9500000,,FALSE,FALSE,,1,1,The Impossible
FALSE,none,300000,,FALSE,FALSE,,1,1,The Imposter (2012)
FALSE,none,1900000,1400000,TRUE,TRUE,2023-11-07,1,1,The Improv: 60 and Still Standing
FALSE,none,10500000,,FALSE,FALSE,2022-04-08,1,1,The In Between
TRUE,Chinese_or_Kanji,100000,,FALSE,FALSE,,1,1,The In-Laws
TRUE,none,76900000,8100000,TRUE,TRUE,2019-08-09,4,2,The InBESTigators
FALSE,Japanese,100000,,FALSE,FALSE,,1,1,The Incite Mill
FALSE,none,3400000,,FALSE,FALSE,,1,1,The Incredible Hulk (1977)
FALSE,none,1000000,,FALSE,FALSE,,1,1,The Incredible Hulk (2008)
FALSE,none,500000,,TRUE,TRUE,2017-07-28,1,1,The Incredible Jessica James
TRUE,none,2000000,300000,TRUE,TRUE,2017-12-18,2,1,The Indian Detective
FALSE,none,200000,,FALSE,FALSE,,1,1,The Infiltrator
TRUE,Latin,21300000,1700000,TRUE,TRUE,2023-12-13,1,1,The Influencer
FALSE,Latin,2100000,,FALSE,FALSE,2019-10-11,1,1,The Influence
FALSE,none,10400000,,FALSE,FALSE,2020-07-03,1,1,The Informer
TRUE,Japanese,300000,100000,TRUE,FALSE,2021-08-29,2,1,The Ingenuity of the Househusband
FALSE,Latin,800000,,FALSE,FALSE,,1,1,The Inhabitant
FALSE,Latin,100000,,FALSE,FALSE,,1,1,The Inheritance
TRUE,Latin,44400000,1900000,FALSE,FALSE,2018-12-07,2,1,The Inmate
TRUE,none,9400000,500000,TRUE,TRUE,2020-04-15,2,1,The Innocence Files
TRUE,none,7000000,700000,TRUE,TRUE,2018-12-14,2,1,The Innocent Man
FALSE,Latin,100000,,FALSE,FALSE,,1,1,The Innocents
TRUE,none,4500000,400000,TRUE,TRUE,2018-08-24,2,1,The Innocents
TRUE,Latin,24300000,1500000,TRUE,TRUE,2021-04-30,2,1,The Innocent
FALSE,none,200000,,FALSE,FALSE,,1,1,The Inspection
TRUE,Korean,115200000,900000,TRUE,TRUE,2022-12-21,2,1,The Interest of Love
FALSE,none,6500000,,FALSE,FALSE,,1,1,The Intern (2015)
FALSE,none,1700000,,FALSE,FALSE,,1,1,The International
FALSE,none,700000,,FALSE,FALSE,,1,1,The Internship
FALSE,none,500000,,FALSE,FALSE,,1,1,The Interpreter (2005)
FALSE,none,8600000,,FALSE,FALSE,,1,1,The Interview (2014)
FALSE,none,1800000,,FALSE,FALSE,,1,1,The Intruder (2019)
FALSE,none,1100000,,FALSE,FALSE,,1,1,The Invention of Lying
FALSE,Latin,100000,,FALSE,FALSE,,1,1,The Invisible Eye
FALSE,Latin,3500000,,FALSE,FALSE,,1,1,The Invisible Guardian
FALSE,Latin,300000,,FALSE,FALSE,,1,1,The Invisible Guest
FALSE,none,3800000,,FALSE,FALSE,,1,1,The Invisible Man (2020)
FALSE,Latin,500000,,TRUE,TRUE,2022-03-04,1,1,The Invisible Thread
FALSE,Latin,300000,,FALSE,FALSE,,1,1,The Invisible Witness
FALSE,Latin,100000,,FALSE,FALSE,,1,1,The Invisible
FALSE,none,16400000,,FALSE,FALSE,,1,1,The Invitation (2022)
FALSE,none,28800000,,TRUE,TRUE,2019-11-27,1,1,The Irishman
FALSE,none,300000,,FALSE,FALSE,,1,1,The Iron Giant
FALSE,none,100000,,FALSE,FALSE,,1,1,The Iron Lady
TRUE,Korean,12800000,500000,FALSE,FALSE,,3,3,The Iron Squad
FALSE,Japanese,100000,,FALSE,FALSE,,1,1,The Irregular at Magic High School The Movie: The Girl Who Summons the Stars
FALSE,Japanese,1400000,100000,FALSE,FALSE,,2,1,The Irregular at Magic High School: Visitor Arc
FALSE,Japanese,5200000,200000,FALSE,FALSE,,2,1,The Irregular at Magic High School
TRUE,none,17300000,1000000,TRUE,TRUE,2021-03-26,2,1,The Irregulars
FALSE,none,600000,,FALSE,FALSE,,1,1,The Island (2005)
TRUE,none,1200000,100000,FALSE,FALSE,,3,2,The Island with Bear Grylls
FALSE,Arabic,100000,,FALSE,FALSE,,1,1,The Island
TRUE,none,12700000,1500000,TRUE,FALSE,,10,5,The IT Crowd
FALSE,Latin,100000,,FALSE,FALSE,,1,1,The Italian Consul
FALSE,none,5000000,,FALSE,FALSE,,1,1,The Italian Job (2003)
FALSE,none,300000,,TRUE,TRUE,2016-11-04,1,1,The Ivory Game
FALSE,none,1300000,,FALSE,FALSE,,1,1,The Jackal
FALSE,none,100000,,FALSE,FALSE,,1,1,The Jane Austen Book Club
FALSE,Latin,600000,,FALSE,FALSE,,1,1,The Jewel
FALSE,none,200000,,TRUE,TRUE,2018-02-18,1,1,The Joel McHale Show with Joel McHale: Season 1 Part 1
FALSE,none,200000,,TRUE,TRUE,2018-07-15,1,1,The Joel McHale Show with Joel McHale: Season 1 Part 2
FALSE,none,100000,,FALSE,FALSE,,1,1,The Jonestown Haunting
FALSE,Chinese_or_Kanji,100000,,FALSE,FALSE,,1,1,The Journalist
TRUE,Japanese,2000000,200000,TRUE,TRUE,2022-01-13,2,1,The Journalist
TRUE,Chinese_or_Kanji,300000,,FALSE,FALSE,,1,1,The Journey of Flower
FALSE,Japanese,100000,,FALSE,FALSE,,1,1,The Journey
TRUE,Arabic,500000,,FALSE,FALSE,,1,1,The Journey
FALSE,none,6500000,,FALSE,FALSE,,1,1,The Judge (2014)
FALSE,Latin,100000,,FALSE,FALSE,,1,1,The Jungle Bunch: The Movie
FALSE,none,100000,,FALSE,FALSE,,1,1,The Juror
TRUE,Korean,200000,,FALSE,FALSE,,1,1,The K-chicken War
FALSE,Latin,200000,,FALSE,FALSE,,1,1,The K.E.OP/S System
TRUE,Korean,38400000,900000,FALSE,FALSE,,2,1,The K2
FALSE,none,5100000,,FALSE,FALSE,,1,1,The Karate Kid (1984)
FALSE,none,25000000,,FALSE,FALSE,,1,1,The Karate Kid (2010)
FALSE,none,2200000,,FALSE,FALSE,,1,1,The Karate Kid Part III
FALSE,none,2400000,,FALSE,FALSE,,1,1,The Karate Kid Part II
FALSE,none,300000,,FALSE,FALSE,,1,1,The Keeper (2009)
TRUE,none,8000000,600000,TRUE,TRUE,2017-05-19,2,1,The Keepers
FALSE,none,700000,,FALSE,FALSE,,1,1,The Kid Detective
FALSE,none,100000,,FALSE,FALSE,,1,1,The Kill Team
FALSE,Korean,2400000,,FALSE,FALSE,,1,1,The Killer: A Girl Who Deserves to Die
FALSE,Chinese_or_Kanji,100000,,FALSE,FALSE,,1,1,The Killer
FALSE,Latin,3100000,,TRUE,TRUE,2017-11-10,1,1,The Killer
FALSE,Latin,300000,,FALSE,FALSE,,1,1,The Killing of a Journalist
FALSE,none,200000,,FALSE,FALSE,,1,1,The Killing of a Sacred Deer
TRUE,Korean,23500000,1600000,FALSE,FALSE,,1,1,The Killing Vote
TRUE,Latin,800000,,FALSE,FALSE,,3,3,The Killing
FALSE,none,400000,,FALSE,FALSE,2018-10-12,1,1,The Kindergarten Teacher
FALSE,none,1400000,,FALSE,FALSE,,1,1,The Kindness of Strangers
FALSE,Japanese,400000,100000,FALSE,FALSE,,2,1,The King of Minami Returns: Expose the Scandal!
FALSE,Japanese,1800000,100000,FALSE,FALSE,,2,1,The King of Minami Returns
FALSE,none,2600000,,FALSE,FALSE,,1,1,The King of Staten Island
TRUE,Latin,5500000,2500000,TRUE,TRUE,2023-07-04,1,1,The King Who Never Was
TRUE,Korean,102700000,2300000,TRUE,TRUE,2021-10-11,2,1,The King's Affection
TRUE,Chinese_or_Kanji,8800000,100000,TRUE,TRUE,,2,1,The King's Avatar
FALSE,none,500000,,FALSE,FALSE,,1,1,The King's Speech
TRUE,Korean,71700000,1600000,TRUE,TRUE,2020-04-17,2,1,The King: Eternal Monarch
FALSE,none,15400000,,FALSE,FALSE,,1,1,The Kingdom (2007)
FALSE,none,600000,,FALSE,FALSE,,1,1,The Kingdom (2020)
TRUE,Latin,17100000,200000,TRUE,TRUE,2021-08-12,4,2,The Kingdom
TRUE,Korean,900000,,FALSE,FALSE,,1,1,The Kingmaker: The Change of Destiny
FALSE,Latin,11400000,,FALSE,FALSE,2023-01-04,1,1,The Kings of the World
FALSE,Korean,400000,,FALSE,FALSE,,1,1,The King
FALSE,none,13000000,,TRUE,TRUE,2019-11-01,1,1,The King
FALSE,Korean,700000,,FALSE,FALSE,,1,1,The King’s Case Note
TRUE,Thai,1700000,,FALSE,FALSE,,1,1,The Kinnaree Conspiracy
FALSE,Latin,100000,,FALSE,FALSE,,1,1,The Kiss of a Killer
FALSE,none,20100000,,TRUE,TRUE,2020-07-24,1,1,The Kissing Booth 2
FALSE,none,15700000,,TRUE,TRUE,2021-08-11,1,1,The Kissing Booth 3
FALSE,none,24000000,,TRUE,TRUE,2018-05-11,1,1,The Kissing Booth
FALSE,none,1700000,,TRUE,TRUE,2019-11-21,1,1,The Knight Before Christmas
FALSE,Chinese_or_Kanji,200000,,FALSE,FALSE,,1,1,The Knight of Shadows: Between Yin and Yang
FALSE,Arabic,300000,,FALSE,FALSE,,1,1,The Knower
TRUE,none,15600000,2400000,TRUE,TRUE,2018-11-16,6,3,The Kominsky Method
TRUE,Japanese,600000,,FALSE,FALSE,,1,1,The Kotaki brothers’ 12 Sufferings
TRUE,Korean,12400000,100000,TRUE,FALSE,,2,1,The Lady in Dignity
FALSE,none,300000,,FALSE,FALSE,,1,1,The Lady in the Van
FALSE,none,100000,,FALSE,FALSE,,1,1,The Lancaster at War
FALSE,none,5200000,,FALSE,FALSE,,1,1,The Land Before Time (1988)
FALSE,none,100000,,FALSE,FALSE,,1,1,The Land Before Time II: The Great Valley Adventure
FALSE,none,100000,,FALSE,FALSE,,1,1,The Land Before Time X: The Great Longneck Migration
FALSE,none,300000,,FALSE,FALSE,,1,1,The Land Before Time XIV: Journey of the Brave
FALSE,Latin,100000,,FALSE,FALSE,,1,1,The Land of Five Towers
FALSE,none,1300000,,TRUE,TRUE,2018-09-14,1,1,The Land of Steady Habits
FALSE,Latin,200000,,FALSE,FALSE,,1,1,The Land
FALSE,none,6000000,,TRUE,TRUE,2020-07-23,1,1,The Larva Island Movie
FALSE,none,8800000,,FALSE,FALSE,,1,1,The Last Airbender
FALSE,Latin,100000,,FALSE,FALSE,,1,1,The Last Aristocrat
TRUE,Latin,1400000,,FALSE,FALSE,,1,1,The Last Bastion
FALSE,none,200000,,FALSE,FALSE,,1,1,The Last Blockbuster
TRUE,none,6200000,400000,TRUE,TRUE,2022-04-01,2,1,The Last Bus
FALSE,none,1700000,,FALSE,FALSE,,1,1,The Last Castle
TRUE,none,8600000,900000,TRUE,TRUE,2019-07-03,2,1,The Last Czars
TRUE,none,46600000,2000000,FALSE,FALSE,2020-04-20,2,1,The Last Dance
FALSE,none,1400000,,TRUE,TRUE,,1,1,The Last Days (1998)
FALSE,none,11800000,,TRUE,TRUE,2020-06-05,1,1,The Last Days of American Crime
FALSE,Latin,1400000,,TRUE,TRUE,2022-11-25,1,1,The Last Dolphin King
FALSE,none,100000,,FALSE,FALSE,,1,1,The Last Emperor (1987)
FALSE,Korean,15400000,300000,FALSE,FALSE,,2,1,The Last Empress
FALSE,none,100000,,FALSE,FALSE,,1,1,The Last Exorcism Part II
FALSE,none,100000,,FALSE,FALSE,,1,1,The Last Exorcism
FALSE,Latin,800000,,FALSE,FALSE,,1,1,The Last Forest
FALSE,none,1200000,,FALSE,FALSE,,1,1,The Last Full Measure
TRUE,Latin,9200000,4300000,TRUE,TRUE,2023-08-03,1,1,The Last Hours of Mario Biondo
FALSE,none,200000,,FALSE,FALSE,,1,1,The Last House on Cemetery Lane
FALSE,none,4100000,,FALSE,FALSE,,1,1,The Last House on the Left (2009)
FALSE,none,9100000,3600000,TRUE,TRUE,2019-09-17,2,1,The Last Kids on Earth: Book 1
FALSE,none,19800000,2200000,TRUE,TRUE,2020-04-17,2,1,The Last Kids on Earth: Book 2
FALSE,none,14200000,1500000,TRUE,TRUE,2020-10-16,2,1,The Last Kids on Earth: Book 3
FALSE,none,1900000,,TRUE,TRUE,2021-04-06,1,1,The Last Kids on Earth: Happy Apocalypse to You
FALSE,none,83200000,,TRUE,TRUE,2023-04-14,1,1,The Last Kingdom: Seven Kings Must Die
TRUE,none,341900000,13100000,TRUE,FALSE,2015-12-28,10,5,The Last Kingdom
FALSE,none,2700000,,TRUE,TRUE,2019-01-11,1,1,The Last Laugh
FALSE,none,500000,,FALSE,FALSE,,1,1,The Last Legion
FALSE,none,5400000,,FALSE,FALSE,2021-07-23,1,1,The Last Letter From Your Lover
FALSE,Latin,5800000,,FALSE,FALSE,,1,1,The Last Man on Earth
FALSE,Latin,12600000,,TRUE,TRUE,2021-07-30,1,1,The Last Mercenary
FALSE,none,1400000,,FALSE,FALSE,,1,1,The Last of the Mohicans (1992)
FALSE,Latin,1400000,,TRUE,TRUE,2021-02-05,1,1,The Last Paradiso
FALSE,Korean,200000,,FALSE,FALSE,,1,1,The Last Princess
FALSE,Latin,2000000,,TRUE,TRUE,,1,1,The Last Runway
FALSE,none,1500000,,FALSE,FALSE,,1,1,The Last Samurai (2003)
FALSE,none,500000,,FALSE,FALSE,,1,1,The Last Shift
FALSE,none,20900000,,FALSE,FALSE,,1,1,The Last Stand (2013)
FALSE,none,2300000,,TRUE,TRUE,2019-05-03,1,1,The Last Summer
FALSE,Chinese_or_Kanji,100000,,FALSE,FALSE,,1,1,The Last Supper
FALSE,none,7000000,,TRUE,TRUE,2020-02-21,1,1,The Last Thing He Wanted
FALSE,none,600000,,FALSE,FALSE,,1,1,The Last Vermeer
FALSE,none,9900000,,FALSE,FALSE,,1,1,The Last Witch Hunter
TRUE,Latin,2300000,300000,TRUE,TRUE,2020-09-17,2,1,The Last Word
FALSE,none,500000,,FALSE,FALSE,,1,1,The Last: Naruto the Movie
FALSE,none,500000,,FALSE,FALSE,,1,1,The Late Bloomer
FALSE,none,4000000,,TRUE,TRUE,2019-10-18,1,1,The Laundromat
TRUE,Latin,100900000,3300000,TRUE,TRUE,2023-02-15,2,1,The Law According to Lidia Poët
TRUE,Latin,2800000,,FALSE,FALSE,,1,1,The Law of Revenge
TRUE,Latin,10000000,300000,FALSE,FALSE,2023-03-15,2,1,The Law of the Jungle
FALSE,Latin,100000,,TRUE,TRUE,2018-08-31,1,1,The Laws of Thermodynamics
FALSE,none,2100000,,FALSE,FALSE,,1,1,The Layover (2017)
FALSE,none,500000,,FALSE,FALSE,,1,1,The Lazarus Project (2008)
TRUE,Latin,1300000,200000,FALSE,FALSE,,5,3,The Least Expected Day: Inside the Movistar Team 2019
FALSE,none,400000,,FALSE,FALSE,,1,1,The Ledge (2022)
FALSE,none,400000,,TRUE,TRUE,2018-07-06,1,1,The Legacy of a Whitetail Deer Hunter
FALSE,Japanese,200000,,FALSE,FALSE,,1,1,The Legacy of Dr. Death: Black File
FALSE,Latin,3200000,,FALSE,FALSE,2020-04-17,1,1,The Legacy of the Bones
TRUE,Latin,400000,,FALSE,FALSE,,3,3,The Legacy
FALSE,Chinese_or_Kanji,13400000,500000,FALSE,FALSE,,1,1,The Legend of Anle
FALSE,Devanagari,300000,,FALSE,FALSE,,1,1,The Legend of Bhagat Singh
FALSE,Latin,300000,,FALSE,FALSE,,1,1,The Legend of Black Snake
TRUE,Chinese_or_Kanji,4400000,100000,FALSE,FALSE,,2,1,The Legend of Bruce Lee
FALSE,none,600000,,TRUE,TRUE,2019-03-29,1,1,The Legend of Cocaine Island
FALSE,Chinese_or_Kanji,100000,,FALSE,FALSE,,1,1,The Legend of Hei
FALSE,none,17000000,1500000,FALSE,FALSE,,2,1,The Legend of Korra: Book Four: Balance
FALSE,none,25700000,2400000,FALSE,FALSE,,2,1,The Legend of Korra: Book One: Air
FALSE,none,18800000,1700000,FALSE,FALSE,,2,1,The Legend of Korra: Book Three: Change
FALSE,none,22600000,1800000,FALSE,FALSE,,2,1,The Legend of Korra: Book Two: Spirits
TRUE,Chinese_or_Kanji,2200000,,FALSE,FALSE,,1,1,The Legend of Mi Yue
FALSE,Latin,100000,,FALSE,FALSE,,1,1,The Legend of Sundel Bolong
FALSE,none,5600000,,FALSE,FALSE,,1,1,The Legend of Tarzan (2016)
TRUE,Korean,21500000,500000,FALSE,FALSE,,2,1,The Legend of the Blue Sea
FALSE,Latin,300000,,FALSE,FALSE,,1,1,The Legend of the Christmas Witch
FALSE,Latin,1100000,,FALSE,FALSE,,1,1,The Legend of the Chupacabra
TRUE,Chinese_or_Kanji,1400000,,FALSE,FALSE,,1,1,The Legend of The Condor Heroes 2017
FALSE,Chinese_or_Kanji,400000,,FALSE,FALSE,,1,1,The Legend of the Condor Heroes
TRUE,Chinese_or_Kanji,4700000,100000,FALSE,FALSE,,2,1,The Legend of White Snake
FALSE,none,1800000,,FALSE,FALSE,,1,1,The Legend of Zorro
TRUE,Chinese_or_Kanji,600000,,FALSE,FALSE,,1,1,The Legends
FALSE,Latin,100000,,FALSE,FALSE,,1,1,The Legionnaire
FALSE,Latin,300000,,FALSE,FALSE,,1,1,The Legions
FALSE,none,1800000,,FALSE,FALSE,,1,1,The Lego Batman Movie
FALSE,none,1600000,,FALSE,FALSE,,1,1,The LEGO Movie 2: The Second Part
FALSE,none,2400000,,FALSE,FALSE,,1,1,The Lego Movie
FALSE,none,1300000,,FALSE,FALSE,,1,1,The LEGO Ninjago Movie
FALSE,Latin,100000,,FALSE,FALSE,,1,1,The Lesser Caucasus – Between Mount Ararat and the Caspian Sea
TRUE,Hebrew,600000,100000,FALSE,FALSE,,2,1,The Lesson
TRUE,none,5300000,700000,TRUE,TRUE,2018-04-21,4,2,The Letdown
TRUE,none,17000000,1100000,TRUE,TRUE,2020-03-20,2,1,The Letter for the King
FALSE,none,300000,,FALSE,FALSE,,1,1,The Liability
TRUE,none,3400000,500000,TRUE,TRUE,2020-11-11,2,1,The Liberator
FALSE,Japanese,200000,,FALSE,FALSE,,1,1,The Lies She Loved
TRUE,Korean,8900000,300000,TRUE,TRUE,2019-10-12,2,1,The Lies Within
FALSE,Latin,2500000,,TRUE,TRUE,2020-11-13,1,1,The Life Ahead
TRUE,Latin,6000000,500000,TRUE,TRUE,2022-05-13,2,1,The Life and Movies of Erşan Kuneri
FALSE,none,100000,,FALSE,FALSE,,1,1,The Life of David Gale
FALSE,none,300000,,FALSE,FALSE,,1,1,The Lift Boy
FALSE,none,200000,,FALSE,FALSE,,1,1,The Light Between Oceans
TRUE,Korean,10500000,200000,TRUE,TRUE,,2,1,The Light in Your Eyes
FALSE,none,3800000,,TRUE,TRUE,2023-04-25,1,1,The Light We Carry: Michelle Obama and Oprah Winfrey
FALSE,none,500000,,FALSE,FALSE,,1,1,The Lighthouse (2019)
FALSE,Latin,800000,,FALSE,FALSE,2017-04-06,1,1,The Lighthouse of the Orcas
FALSE,none,100000,,FALSE,FALSE,,1,1,The Limit Of
FALSE,none,1400000,,FALSE,FALSE,,1,1,The Lincoln Lawyer (2011)
TRUE,none,512300000,56200000,TRUE,TRUE,2022-05-13,3,2,The Lincoln Lawyer
FALSE,none,100000,,FALSE,FALSE,,1,1,The Lion in Winter (1968)
FALSE,Latin,100000,,FALSE,FALSE,,1,1,The Lion of Flanders
FALSE,Thai,100000,,FALSE,FALSE,,1,1,The Little Comedian
FALSE,Latin,100000,,FALSE,FALSE,,1,1,The Little Gangster
FALSE,none,1400000,,FALSE,FALSE,,1,1,The Little Hours
FALSE,none,500000,,FALSE,FALSE,2016-08-05,1,1,The Little Prince
FALSE,none,6000000,,FALSE,FALSE,,1,1,The Little Rascals (1994)
FALSE,none,800000,,FALSE,FALSE,,1,1,The Little Rascals Save the Day
FALSE,Latin,200000,,FALSE,FALSE,2019-08-16,1,1,The Little Switzerland
FALSE,none,2000000,,FALSE,FALSE,,1,1,The Little Things (2021)
FALSE,Latin,700000,,FALSE,FALSE,,1,1,The Little Vampire
FALSE,Latin,100000,,FALSE,FALSE,,1,1,The Little Witch
FALSE,Latin,200000,,FALSE,FALSE,,1,1,The Lives of Others
FALSE,none,100000,,FALSE,FALSE,,1,1,The Lobster
FALSE,Latin,200000,100000,TRUE,TRUE,2020-08-25,2,1,The Lockdown Plan
FALSE,none,8500000,,FALSE,FALSE,,1,1,The Lodge (2019)
FALSE,Japanese,600000,,FALSE,FALSE,,1,1,The Lone Ume Tree
FALSE,Chinese_or_Kanji,5400000,100000,FALSE,FALSE,,2,1,The Long Ballad
FALSE,none,400000,,FALSE,FALSE,,1,1,The Long Dumb Road
FALSE,Chinese_or_Kanji,2200000,,FALSE,FALSE,,1,1,The Long River
FALSE,none,700000,,FALSE,FALSE,,1,1,The Long Road to War
FALSE,Latin,100000,,FALSE,FALSE,,1,1,The Long Walk
TRUE,Chinese_or_Kanji,300000,,FALSE,FALSE,,1,1,The Longest Day In Chang'an
TRUE,Latin,17900000,1300000,TRUE,TRUE,2022-07-08,2,1,The Longest Night
FALSE,Chinese_or_Kanji,40100000,1200000,FALSE,FALSE,,1,1,The Longest Promise
FALSE,none,27100000,,FALSE,FALSE,,1,1,The Longest Yard (2005)
TRUE,none,54400000,5700000,FALSE,FALSE,,2,2,The Looney Tunes Show
FALSE,Latin,500000,,FALSE,FALSE,,1,1,The Loop
FALSE,none,15300000,,FALSE,FALSE,,1,1,The Lord of the Rings: The Fellowship of the Ring
FALSE,none,11100000,,FALSE,FALSE,,1,1,The Lord of the Rings: The Return of the King
FALSE,none,11700000,,FALSE,FALSE,,1,1,The Lord of the Rings: The Two Towers
FALSE,Latin,400000,,FALSE,FALSE,,1,1,The Lord of the Seagulls
FALSE,none,3100000,,FALSE,FALSE,,1,1,The Losers (2010)
FALSE,Chinese_or_Kanji,300000,,FALSE,FALSE,,1,1,The Lost Bladesman
FALSE,Thai,100000,,FALSE,FALSE,,1,1,The Lost Case
FALSE,none,1000000,,FALSE,FALSE,,1,1,The Lost City (2022)
FALSE,none,2800000,,FALSE,FALSE,2021-12-31,1,1,The Lost Daughter
FALSE,none,5000000,,FALSE,FALSE,,1,1,The Lost Husband
FALSE,Thai,3200000,,TRUE,TRUE,2022-11-16,1,1,The Lost Lotteries
FALSE,Latin,6300000,,TRUE,TRUE,2022-11-25,1,1,The Lost Patient
TRUE,none,8200000,800000,TRUE,TRUE,2021-03-15,2,1,The Lost Pirate Kingdom
FALSE,none,200000,,FALSE,FALSE,,1,1,The Lost Son
FALSE,none,11300000,,FALSE,FALSE,,1,1,The Lost World: Jurassic Park
FALSE,none,14500000,,TRUE,TRUE,2021-08-20,1,1,The Loud House Movie
TRUE,none,106900000,5500000,FALSE,FALSE,,4,2,The Loud House
FALSE,Latin,200000,,FALSE,FALSE,,1,1,The Love Account
FALSE,none,400000,,TRUE,TRUE,,1,1,The Love Affair
FALSE,Thai,100000,,FALSE,FALSE,,1,1,The Love of Siam
FALSE,none,1000000,,FALSE,FALSE,,1,1,The Love Punch
FALSE,none,1200000,,TRUE,TRUE,2020-05-22,1,1,The Lovebirds
FALSE,Latin,100000,,FALSE,FALSE,,1,1,The Loveliest Riddle
FALSE,none,100000,,FALSE,FALSE,,1,1,The Lover (1992)
FALSE,none,100000,,FALSE,FALSE,,1,1,The Lovers (2017)
FALSE,none,1600000,,FALSE,FALSE,,1,1,The Lucky One
FALSE,Latin,5700000,,FALSE,FALSE,,1,1,The Lulú Club
TRUE,Latin,12300000,200000,TRUE,TRUE,2023-01-04,2,1,The Lying Life of Adults
TRUE,Latin,20700000,1800000,TRUE,TRUE,2022-09-14,2,1,The Lørenskog Disappearance
FALSE,none,100000,,FALSE,FALSE,,1,1,The Machinist
FALSE,none,2600000,,FALSE,FALSE,,1,1,The Mad Hatter
FALSE,Chinese_or_Kanji,100000,,FALSE,FALSE,,1,1,The Mad Monk
FALSE,Latin,100000,,FALSE,FALSE,,1,1,The Magic Quill
FALSE,none,300000,,FALSE,FALSE,,1,1,The Magic Roundabout (2006)
FALSE,none,700000,,TRUE,TRUE,2020-12-26,1,1,The Magic School Bus Rides Again In the Zone
FALSE,none,600000,,TRUE,TRUE,2020-08-07,1,1,The Magic School Bus Rides Again Kids In Space
FALSE,none,600000,,TRUE,TRUE,2020-10-20,1,1,The Magic School Bus Rides Again The Frizz Connection
TRUE,none,19500000,1600000,TRUE,TRUE,2017-09-29,4,2,The Magic School Bus Rides Again
TRUE,none,11000000,800000,FALSE,FALSE,,2,1,The Magic School Bus
FALSE,Chinese_or_Kanji,100000,,FALSE,FALSE,,1,1,The Magician on the Skywalk
FALSE,none,48300000,,TRUE,TRUE,2023-03-17,1,1,The Magician's Elephant
TRUE,none,28400000,1300000,FALSE,FALSE,,10,5,The Magicians (2015)
FALSE,Chinese_or_Kanji,100000,,FALSE,FALSE,,1,1,The Magnificent Scoundrels
FALSE,none,100000,,FALSE,FALSE,,1,1,The Magnificent Seven (2016)
FALSE,Thai,400000,,FALSE,FALSE,2020-07-08,1,1,The Maid
FALSE,none,7800000,,TRUE,TRUE,2020-04-10,1,1,The Main Event
FALSE,none,200000,,FALSE,FALSE,,1,1,The Majestic Life of Queen Elizabeth II
FALSE,Chinese_or_Kanji,700000,,FALSE,FALSE,,1,1,The Majesty of Wolf
FALSE,Latin,100000,,FALSE,FALSE,,1,1,The Major Fisherman
TRUE,Japanese,30200000,500000,TRUE,TRUE,2023-01-12,2,1,The Makanai: Cooking for the Maiko House
FALSE,Chinese_or_Kanji,200000,,FALSE,FALSE,,1,1,The Making of an Ordinary Woman
FALSE,Korean,500000,,FALSE,FALSE,,1,1,The Man from Nowhere
FALSE,none,100000,,FALSE,FALSE,,1,1,The Man from Snowy River II
FALSE,none,200000,,FALSE,FALSE,,1,1,The Man from Snowy River
FALSE,none,28900000,,TRUE,TRUE,2022-06-24,1,1,The Man from Toronto
FALSE,none,800000,,FALSE,FALSE,,1,1,The Man from U.N.C.L.E. (2015)
FALSE,none,200000,,FALSE,FALSE,,1,1,The Man on the Other Side
FALSE,Korean,200000,,FALSE,FALSE,,1,1,The Man Standing Next
FALSE,none,500000,,FALSE,FALSE,,1,1,The Man Who Wanted to See It All
FALSE,none,600000,,FALSE,FALSE,,1,1,The Man With the Iron Fists 2
FALSE,none,900000,,FALSE,FALSE,,1,1,The Man with the Iron Fists
FALSE,Latin,1300000,,FALSE,FALSE,2019-11-01,1,1,The Man Without Gravity
FALSE,none,100000,,FALSE,FALSE,,1,1,The Manchurian Candidate (2004)
FALSE,Latin,52000000,9000000,TRUE,TRUE,2023-12-24,1,1,The Manny
TRUE,Latin,1400000,,FALSE,FALSE,,1,1,The Manor House
FALSE,Latin,900000,,FALSE,FALSE,,1,1,The Mansion
TRUE,Japanese,200000,,TRUE,TRUE,2017-08-23,1,1,The Many Faces of Ito
FALSE,none,1300000,,FALSE,FALSE,,1,1,The Many Saints of Newark
FALSE,Korean,100000,,FALSE,FALSE,,1,1,The Map Against the World
TRUE,Latin,375100000,7400000,TRUE,TRUE,2022-04-20,4,2,The Marked Heart
FALSE,none,5700000,,FALSE,FALSE,,1,1,The Marksman (2021)
FALSE,Latin,5800000,,TRUE,TRUE,2022-12-07,1,1,The Marriage App
FALSE,Latin,300000,,FALSE,FALSE,,1,1,The Marriage Escape
FALSE,none,100000,,TRUE,TRUE,2017-05-05,1,1,The Mars Generation
FALSE,none,700000,,TRUE,TRUE,2022-06-17,1,1,The Martha Mitchell Effect
FALSE,none,600000,,FALSE,FALSE,,1,1,The Mask (1994)
FALSE,none,4100000,,FALSE,FALSE,,1,1,The Mask of Zorro
FALSE,Latin,1500000,,TRUE,TRUE,2022-12-01,1,1,The Masked Scammer
TRUE,none,1700000,200000,FALSE,FALSE,,1,1,The Masked Singer South Africa
FALSE,none,100000,,FALSE,FALSE,,1,1,The Massively Mixed-Up Middle School Mystery
FALSE,none,100000,,FALSE,FALSE,,1,1,The Master of Disguise
FALSE,Arabic,600000,,FALSE,FALSE,,1,1,The Master Plan
FALSE,Japanese,100000,,FALSE,FALSE,,1,1,The Master Plan
TRUE,Korean,8000000,300000,FALSE,FALSE,,2,1,The Master's Sun
TRUE,Japanese,6100000,1200000,FALSE,FALSE,,1,1,The Masterful Cat Is Depressed Again Today
FALSE,Chinese_or_Kanji,400000,,FALSE,FALSE,,1,1,The Master
TRUE,Korean,7600000,400000,FALSE,FALSE,,1,1,The Matchmakers
FALSE,Arabic,1700000,,TRUE,TRUE,2023-04-27,1,1,The Matchmaker
FALSE,Latin,300000,,FALSE,FALSE,2020-09-01,1,1,The Match
FALSE,none,1000000,,FALSE,FALSE,,1,1,The Matrix Reloaded
FALSE,none,900000,,FALSE,FALSE,,1,1,The Matrix Resurrections
FALSE,none,700000,,FALSE,FALSE,,1,1,The Matrix Revolutions
FALSE,none,1800000,,FALSE,FALSE,,1,1,The Matrix
FALSE,none,4100000,,FALSE,FALSE,,1,1,The Mauritanian
FALSE,none,300000,,FALSE,FALSE,,1,1,The Maus
FALSE,Korean,100000,,FALSE,FALSE,,1,1,The Mayor
FALSE,none,1200000,,FALSE,FALSE,,1,1,The Mechanic (2011)
TRUE,Latin,7200000,500000,TRUE,TRUE,2018-03-23,4,2,The Mechanism
FALSE,none,100000,,FALSE,FALSE,,1,1,The Medallion
FALSE,none,1400000,,FALSE,FALSE,,1,1,The Meddler
FALSE,Latin,300000,,FALSE,FALSE,,1,1,The Medicine
TRUE,Latin,100000,,FALSE,FALSE,,1,1,The Mediterranean
FALSE,Thai,700000,,FALSE,FALSE,,1,1,The Medium
FALSE,none,8900000,,FALSE,FALSE,,1,1,The Meg
TRUE,none,100000,,FALSE,FALSE,,1,1,The Mekong River with Sue Perkins
FALSE,Japanese,100000,,FALSE,FALSE,,1,1,The Memory Eraser
FALSE,none,200000,,FALSE,FALSE,,1,1,The Men Who Stare at Goats
TRUE,none,12500000,700000,FALSE,FALSE,,14,7,The Mentalist
FALSE,Korean,800000,,FALSE,FALSE,,1,1,The Merciless
FALSE,none,100000,,FALSE,FALSE,,1,1,The Merger (2018)
TRUE,Latin,13300000,900000,TRUE,TRUE,2020-12-11,2,1,The Mess You Leave Behind
FALSE,Chinese_or_Kanji,100000,,FALSE,FALSE,,1,1,The Message
FALSE,Latin,100000,,FALSE,FALSE,,1,1,The Messenger
FALSE,Japanese,200000,,FALSE,FALSE,,1,1,The Method of Repulsing the Dove
FALSE,Latin,200000,,FALSE,FALSE,,1,1,The Method
FALSE,none,3800000,,TRUE,TRUE,2017-10-13,1,1,The Meyerowitz Stories (New and Selected)
TRUE,none,43600000,4300000,FALSE,FALSE,,4,2,The Mick
FALSE,Chinese_or_Kanji,100000,,FALSE,FALSE,,1,1,The Midnight After
TRUE,none,45600000,1700000,TRUE,TRUE,2022-10-07,2,1,The Midnight Club
TRUE,none,11500000,1400000,TRUE,TRUE,2020-04-20,2,1,The Midnight Gospel
FALSE,Chinese_or_Kanji,100000,,FALSE,FALSE,,1,1,The Midnight Maiden War
FALSE,none,8300000,,TRUE,TRUE,2020-12-23,1,1,The Midnight Sky
FALSE,none,100000,,FALSE,FALSE,,1,1,The Milk System
FALSE,Latin,100000,,FALSE,FALSE,,1,1,The Mille Miglia Race
FALSE,none,200000,,FALSE,FALSE,,1,1,The Millions
FALSE,Korean,100000,,FALSE,FALSE,,1,1,The Mimic
TRUE,none,6500000,1400000,TRUE,TRUE,2019-09-12,4,2,"The Mind, Explained"
TRUE,none,80500000,2700000,FALSE,FALSE,,12,6,The Mindy Project
FALSE,none,1700000,,TRUE,TRUE,2021-01-01,1,1,The Minimalists: Less Is Now
TRUE,Latin,4100000,200000,FALSE,FALSE,,2,1,The Minimighty Kids
TRUE,Latin,4800000,400000,TRUE,TRUE,2020-11-13,2,1,The Minions of Midas
TRUE,Thai,500000,,FALSE,FALSE,,1,1,The Miracle of Teddy Bear
FALSE,none,100000,,FALSE,FALSE,,1,1,The Miracle Season
FALSE,Latin,700000,,TRUE,TRUE,,1,1,The Miracle
TRUE,Korean,500000,,FALSE,FALSE,,1,1,The Miracle
FALSE,Latin,4000000,200000,TRUE,TRUE,2021-07-07,2,1,The Mire '97
FALSE,Latin,2200000,200000,TRUE,TRUE,2019-12-21,2,1,The Mire
FALSE,none,300000,,FALSE,FALSE,,1,1,The Mirror Has Two Faces
TRUE,Chinese_or_Kanji,300000,,FALSE,FALSE,,1,1,The Mirror
FALSE,Latin,500000,,TRUE,TRUE,2021-02-10,1,1,The Misadventures of Hedi and Cokeman
FALSE,Latin,100000,,FALSE,FALSE,,1,1,The Miser
TRUE,Japanese,8800000,800000,FALSE,FALSE,,4,2,The Misfit of Demon King Academy
FALSE,none,900000,,FALSE,FALSE,,1,1,The Misfits (2021)
FALSE,none,1300000,,FALSE,FALSE,,1,1,The Missing (2003)
TRUE,none,7200000,300000,FALSE,FALSE,2015-01-31,5,3,The Missing
FALSE,none,7000000,,FALSE,FALSE,,1,1,The Mist (2007)
FALSE,none,500000,,TRUE,TRUE,,1,1,The Mistress (2012)
TRUE,none,27300000,1700000,FALSE,FALSE,2017-08-25,2,1,The Mist
FALSE,none,36900000,,TRUE,TRUE,2021-04-30,1,1,The Mitchells vs. The Machines
TRUE,none,500000,,FALSE,FALSE,,2,2,The Mole (2001)
FALSE,Latin,100000,,FALSE,FALSE,,1,1,The Mole Agent
FALSE,Japanese,100000,,FALSE,FALSE,,1,1,The Mole Song: Hong Kong Capriccio
FALSE,Japanese,200000,,FALSE,FALSE,,1,1,The Mole Song: Undercover Agent Reiji
TRUE,none,31000000,1000000,FALSE,FALSE,2022-10-07,2,1,The Mole
TRUE,Korean,8900000,200000,FALSE,FALSE,,2,1,The Moon Embracing the Sun
TRUE,none,100000,,FALSE,FALSE,,1,1,The Mopes
FALSE,none,600000,,FALSE,FALSE,,1,1,The Mortal Instruments: City of Bones
FALSE,Latin,100000,,TRUE,TRUE,2018-09-06,1,1,The Most Assassinated Woman in the World
TRUE,Latin,10700000,500000,TRUE,TRUE,2022-12-07,2,1,The Most Beautiful Flower
TRUE,Japanese,200000,,FALSE,FALSE,,1,1,The Most Difficult Romance
TRUE,none,5800000,800000,TRUE,TRUE,2022-07-27,2,1,The Most Hated Man on the Internet
FALSE,none,1000000,,TRUE,TRUE,2017-03-24,1,1,The Most Hated Woman in America
FALSE,none,249900000,,TRUE,TRUE,2023-05-12,1,1,The Mother
FALSE,Latin,300000,,FALSE,FALSE,2018-08-17,1,1,The Motive
TRUE,Hebrew,2900000,600000,TRUE,TRUE,2021-10-28,2,1,The Motive
FALSE,Korean,100000,,FALSE,FALSE,,1,1,The Movie WillBengers: Mysterious Camping
TRUE,none,8400000,900000,TRUE,TRUE,2019-11-29,6,3,The Movies That Made Us
TRUE,none,3100000,,FALSE,FALSE,2015-10-09,4,4,The Mr. Peabody and Sherman Show
FALSE,none,400000,,FALSE,FALSE,,1,1,The Mule (2014)
FALSE,none,17800000,,FALSE,FALSE,,1,1,The Mule (2018)
FALSE,none,15100000,,FALSE,FALSE,,1,1,The Mummy (1999)
FALSE,none,12500000,,FALSE,FALSE,,1,1,The Mummy (2017)
FALSE,none,4900000,,FALSE,FALSE,,1,1,The Mummy Returns
FALSE,none,2900000,,FALSE,FALSE,,1,1,The Mummy: Tomb of the Dragon Emperor
FALSE,none,1000000,,FALSE,FALSE,,1,1,The Munsters (2022)
FALSE,none,6700000,,FALSE,FALSE,,1,1,The Mustang
FALSE,none,2800000,,FALSE,FALSE,,1,1,The Mystery of Her
FALSE,none,3100000,,TRUE,TRUE,2022-04-27,1,1,The Mystery of Marilyn Monroe: The Unheard Tapes
FALSE,Chinese_or_Kanji,600000,,FALSE,FALSE,,1,1,The Myth
TRUE,Japanese,10100000,800000,TRUE,TRUE,2019-08-08,4,2,The Naked Director
FALSE,none,200000,,FALSE,FALSE,,1,1,The Name of the Rose
FALSE,none,1300000,,FALSE,FALSE,,1,1,The Nanny Diaries
TRUE,Latin,700000,100000,FALSE,FALSE,,1,1,The Nanny
FALSE,Latin,100000,,FALSE,FALSE,,1,1,The National Third Wheel
FALSE,none,200000,,FALSE,FALSE,,1,1,The Natural
FALSE,Korean,300000,,FALSE,FALSE,,1,1,The Negotiation
FALSE,none,100000,,FALSE,FALSE,,1,1,The Negotiators
FALSE,none,3900000,,FALSE,FALSE,,1,1,The Negotiator
TRUE,Latin,1700000,200000,TRUE,TRUE,2019-12-31,4,2,The Neighbor
FALSE,none,500000,,FALSE,FALSE,,1,1,The Nest (2020)
TRUE,none,600000,,FALSE,FALSE,,1,1,The Nest
FALSE,none,1800000,,FALSE,FALSE,,1,1,The Net (1995)
FALSE,none,1700000,700000,TRUE,TRUE,2023-11-14,1,1,The Netflix Cup
FALSE,none,100000,,FALSE,FALSE,,1,1,The NeverEnding Story (1984)
TRUE,Latin,3700000,100000,FALSE,FALSE,,2,1,The New Adventures of Lucky Luke
FALSE,none,500000,,FALSE,FALSE,,1,1,The New Adventures of Pippi Longstocking
FALSE,none,2100000,100000,FALSE,FALSE,,2,1,The New Adventures of “Lassie” - Season 1
FALSE,none,100000,,FALSE,FALSE,,1,1,The New Guy
FALSE,Latin,400000,,FALSE,FALSE,,1,1,The New Kid
FALSE,Chinese_or_Kanji,100000,,FALSE,FALSE,,1,1,The New King of Comedy
TRUE,none,28500000,3200000,TRUE,TRUE,2018-04-27,4,2,The New Legends of Monkey
TRUE,Cyrillic,200000,,FALSE,FALSE,,1,1,The New One
FALSE,Japanese,200000,,FALSE,FALSE,,1,1,The New Prince of Tennis: U-17 World Cup
FALSE,Japanese,100000,,FALSE,FALSE,,1,1,The New Prince of Tennis
FALSE,none,18900000,,TRUE,TRUE,2022-08-19,1,1,The Next 365 Days
FALSE,none,2100000,,FALSE,FALSE,,1,1,The Next Karate Kid
FALSE,Latin,600000,,TRUE,TRUE,,1,1,The Next Skin
TRUE,none,4300000,200000,FALSE,FALSE,,5,3,The Next Step
FALSE,none,1700000,,FALSE,FALSE,,1,1,The Next Three Days
FALSE,none,6100000,,FALSE,FALSE,,1,1,The Nice Guys
TRUE,none,967600000,19000000,TRUE,TRUE,2023-03-23,2,1,The Night Agent
FALSE,none,900000,,FALSE,FALSE,,1,1,The Night Before (2015)
FALSE,Japanese,100000,,FALSE,FALSE,,1,1,The Night Beyond the Tricornered Window
FALSE,none,1600000,,FALSE,FALSE,2020-06-06,1,1,The Night Clerk
FALSE,none,4300000,,TRUE,TRUE,2018-10-19,1,1,The Night Comes for Us
FALSE,Korean,100000,,FALSE,FALSE,,1,1,The Night Owl
TRUE,none,5300000,400000,FALSE,FALSE,,8,4,The Night Shift
FALSE,none,200000,,FALSE,FALSE,,1,1,The Nightingale (2018)
FALSE,Latin,200000,,FALSE,FALSE,,1,1,The Nightsiren
FALSE,none,3000000,,FALSE,FALSE,,1,1,The Ninth Gate
FALSE,none,10800000,,TRUE,TRUE,2022-11-24,1,1,The Noel Diary
TRUE,Korean,3000000,100000,FALSE,FALSE,,1,1,The Nokdu Flower
FALSE,none,1200000,,FALSE,FALSE,,1,1,The Northman
FALSE,none,3500000,,FALSE,FALSE,,1,1,The Notebook (2004)
FALSE,none,600000,,FALSE,FALSE,,1,1,The November Man
FALSE,none,100000,,FALSE,FALSE,,1,1,The Number 23
FALSE,none,100000,,FALSE,FALSE,,1,1,The Nun (2005)
FALSE,none,2500000,,FALSE,FALSE,,1,1,The Nun (2018)
TRUE,Latin,76100000,3400000,TRUE,TRUE,2023-04-27,2,1,The Nurse
FALSE,none,400000,,FALSE,FALSE,,1,1,The Nut Job 2: Nutty by Nature
FALSE,none,100000,,FALSE,FALSE,,1,1,The Nut Job
TRUE,Latin,8700000,500000,FALSE,FALSE,2022-10-12,2,1,The Nutty Boy
FALSE,none,5400000,,FALSE,FALSE,,1,1,The Nutty Professor (1996)
FALSE,none,4100000,,FALSE,FALSE,,1,1,The Nutty Professor II: The Klumps
TRUE,none,500000,,FALSE,FALSE,,4,4,The O.C.
FALSE,none,15300000,900000,TRUE,TRUE,2019-03-22,2,1,The OA: Part II
FALSE,none,26500000,1500000,TRUE,TRUE,2016-12-16,2,1,The OA: Part I
FALSE,Latin,100000,,FALSE,FALSE,,1,1,The Oak
TRUE,Chinese_or_Kanji,2400000,100000,FALSE,FALSE,,2,1,The Oath of Love
TRUE,Chinese_or_Kanji,100000,,FALSE,FALSE,,1,1,The Oath
FALSE,Latin,1700000,,TRUE,TRUE,2020-03-25,1,1,The Occupant
FALSE,Korean,100000,,FALSE,FALSE,,1,1,The Odd Family: Zombie On Sale
FALSE,Latin,100000,,FALSE,FALSE,,1,1,The Oddsockeaters
FALSE,Latin,600000,,FALSE,FALSE,,1,1,The Odyssey
FALSE,none,100000,,FALSE,FALSE,,1,1,The Offering (2022)
TRUE,none,609600000,33400000,FALSE,FALSE,,18,9,The Office (U.S.)
FALSE,Latin,300000,,FALSE,FALSE,,1,1,The Official Story
FALSE,none,28100000,,TRUE,TRUE,2020-07-10,1,1,The Old Guard
FALSE,none,2800000,,TRUE,TRUE,,1,1,The Old Ways
FALSE,none,3500000,,FALSE,FALSE,,1,1,The One (2001)
TRUE,Korean,2400000,100000,FALSE,FALSE,,2,1,The One and Only
TRUE,none,6300000,500000,TRUE,TRUE,2021-03-12,2,1,The One
FALSE,none,3900000,,TRUE,TRUE,2018-01-19,1,1,The Open House
FALSE,none,400000,,FALSE,FALSE,,1,1,The Operative (2019)
TRUE,Japanese,1200000,200000,TRUE,TRUE,2022-01-28,2,1,The Orbital Children
FALSE,none,300000,,FALSE,FALSE,,1,1,The Order of Myths
FALSE,none,1200000,,FALSE,FALSE,,1,1,The Order of Things (2022)
TRUE,none,65100000,4000000,TRUE,TRUE,2019-03-07,4,2,The Order
FALSE,Arabic,100000,,FALSE,FALSE,,1,1,The Originals
TRUE,none,80000000,1800000,FALSE,FALSE,,10,5,The Originals
FALSE,Latin,2100000,,FALSE,FALSE,,1,1,The Orphanage
FALSE,none,4800000,,FALSE,FALSE,,1,1,The Other Boleyn Girl (2008)
FALSE,Korean,900000,,FALSE,FALSE,,1,1,The Other Child
FALSE,none,8600000,,FALSE,FALSE,,1,1,The Other Guys
FALSE,none,200000,,TRUE,TRUE,2015-05-22,1,1,The Other One: The Long Strange Trip of Bob Weir
FALSE,none,1100000,,FALSE,FALSE,,1,1,The Other Side of the Mountain (1975)
FALSE,none,1400000,,FALSE,FALSE,,1,1,The Ottoman Lieutenant
FALSE,none,1800000,,FALSE,FALSE,,1,1,The Outfit (2022)
FALSE,Korean,200000,,FALSE,FALSE,,1,1,The Outlaws
FALSE,none,6500000,,FALSE,FALSE,,1,1,The Outpost (2020)
FALSE,none,6700000,,TRUE,TRUE,2018-03-09,1,1,The Outsider
FALSE,none,1000000,,FALSE,FALSE,,1,1,The Owners (2020)
FALSE,none,85500000,9600000,FALSE,FALSE,,1,1,The Pacific
FALSE,none,5300000,,TRUE,TRUE,2018-08-10,1,1,The Package
FALSE,Latin,100000,,FALSE,FALSE,,1,1,The Pack
FALSE,none,300000,,FALSE,FALSE,,1,1,The Paedophile Hunter
FALSE,none,1400000,,FALSE,FALSE,,1,1,The Painted Veil
FALSE,none,120500000,,TRUE,TRUE,2023-01-06,1,1,The Pale Blue Eye
FALSE,none,400000,,FALSE,FALSE,,1,1,The Panti Sisters
FALSE,none,200000,,FALSE,FALSE,,1,1,The Paper Tigers
TRUE,Latin,100000,,FALSE,FALSE,,1,1,The Paradise
FALSE,Latin,3900000,,TRUE,TRUE,2020-09-16,1,1,The Paramedic
TRUE,Latin,27500000,1000000,TRUE,FALSE,2021-06-23,6,3,The Parisian Agency: Exclusive Properties
TRUE,none,50100000,3400000,FALSE,FALSE,,10,5,The Parkers
FALSE,Latin,100000,,FALSE,FALSE,,1,1,The Past
TRUE,Latin,32400000,600000,TRUE,TRUE,,2,1,The Patients of Dr. García
FALSE,Latin,400000,,FALSE,FALSE,,1,1,The Patriarch
FALSE,none,2400000,,FALSE,FALSE,,1,1,The Patriot (2000)
FALSE,none,200000,,FALSE,FALSE,,1,1,The Peacemaker (1997)
FALSE,none,500000,,FALSE,FALSE,,1,1,The Peanut Butter Falcon
FALSE,Latin,300000,,FALSE,FALSE,,1,1,The Pearl Button
FALSE,none,100000,,FALSE,FALSE,,1,1,The Pelican Brief
FALSE,none,200000,,FALSE,FALSE,,1,1,The Penalty
TRUE,none,3300000,500000,TRUE,TRUE,2022-05-05,2,1,The Pentaverate
TRUE,Korean,57800000,1800000,FALSE,FALSE,,6,3,The Penthouse: War in Life
FALSE,none,200000,,FALSE,FALSE,,1,1,The People vs. Larry Flynt
FALSE,none,10700000,,TRUE,TRUE,2019-04-12,1,1,The Perfect Date
FALSE,Latin,2600000,,TRUE,TRUE,,1,1,The Perfect Dictatorship
FALSE,Latin,7700000,,FALSE,FALSE,2022-05-11,1,1,The Perfect Family
FALSE,none,25400000,,TRUE,TRUE,2023-06-23,1,1,The Perfect Find
FALSE,none,300000,,FALSE,FALSE,,1,1,The Perfect Guy
FALSE,none,3200000,,FALSE,FALSE,,1,1,The Perfect Man (2005)
FALSE,none,2200000,,FALSE,FALSE,,1,1,The Perfect Match (2016)
TRUE,Chinese_or_Kanji,5400000,100000,TRUE,FALSE,,2,1,The Perfect Match
TRUE,Latin,17000000,1700000,TRUE,TRUE,2022-06-03,2,1,The Perfect Mother
FALSE,none,900000,,FALSE,FALSE,,1,1,The Perfect Storm
FALSE,none,1700000,,TRUE,TRUE,2019-05-24,1,1,The Perfection
FALSE,Latin,2300000,,TRUE,TRUE,2022-09-21,1,1,The Perfumier
FALSE,none,2600000,,FALSE,FALSE,,1,1,The Perks of Being a Wallflower
FALSE,none,200000,,FALSE,FALSE,,1,1,The Personal History of David Copperfield
FALSE,none,5500000,,FALSE,FALSE,,1,1,The Pez Outlaw
FALSE,none,1200000,,TRUE,TRUE,,1,1,The Phantom (2021)
FALSE,none,600000,,FALSE,FALSE,,1,1,The Phantom of the Open
FALSE,none,500000,,FALSE,FALSE,,1,1,The Phantom of the Opera (2004)
FALSE,none,200000,,FALSE,FALSE,,1,1,The Phantom of the Opera at the Royal Albert Hall
TRUE,none,10300000,2100000,TRUE,TRUE,2020-02-05,2,1,The Pharmacist
FALSE,Korean,100000,,FALSE,FALSE,,1,1,The Phone
FALSE,none,300000,,FALSE,FALSE,,1,1,The Photograph (2020)
FALSE,Latin,3700000,,TRUE,TRUE,2019-02-22,1,1,The Photographer Of Mauthausen
FALSE,Latin,400000,,TRUE,TRUE,2022-05-19,1,1,The Photographer: Murder in Pinamar
FALSE,none,500000,,FALSE,FALSE,,1,1,The Pianist (2002)
FALSE,none,100000,,FALSE,FALSE,,1,1,The Piano
FALSE,none,2400000,,FALSE,FALSE,,1,1,The Pink Panther (2006)
FALSE,none,1300000,,FALSE,FALSE,,1,1,The Pink Panther 2
FALSE,none,500000,,FALSE,FALSE,,1,1,The Pirates of Somalia
FALSE,none,500000,,FALSE,FALSE,,1,1,The Pirates! Band of Misfits
FALSE,Korean,7200000,,TRUE,TRUE,2022-03-02,1,1,The Pirates: The Last Royal Treasure
FALSE,Korean,200000,,FALSE,FALSE,,1,1,The Pirates
FALSE,Latin,1900000,,TRUE,TRUE,2020-01-30,1,1,The Plagues of Breslau
TRUE,none,2400000,100000,FALSE,FALSE,,2,1,The Plan
FALSE,Latin,13600000,,FALSE,FALSE,2020-03-20,1,1,The Platform
TRUE,Arabic,300000,,FALSE,FALSE,,3,3,The Platform
FALSE,none,100000,,FALSE,FALSE,,1,1,The Playbirds
TRUE,none,1700000,200000,TRUE,TRUE,2020-09-22,2,1,The Playbook
FALSE,Latin,900000,,FALSE,FALSE,2020-07-15,1,1,The Players
TRUE,Latin,11200000,1300000,TRUE,FALSE,2023-06-09,2,1,The Playing Card Killer
TRUE,none,19500000,1000000,TRUE,TRUE,2022-10-13,2,1,The Playlist
FALSE,none,9200000,,FALSE,FALSE,,1,1,The Pledge (2001)
FALSE,Latin,300000,,FALSE,FALSE,,1,1,The Pocket Hercules Naim
FALSE,Korean,5500000,,FALSE,FALSE,,1,1,The Point Men
FALSE,none,4200000,,FALSE,FALSE,,1,1,The Poison Rose
FALSE,none,700000,,FALSE,FALSE,,1,1,The Polar Express
FALSE,Korean,2400000,,FALSE,FALSE,,1,1,The Policeman's Lineage
TRUE,none,5600000,400000,TRUE,TRUE,2019-09-27,4,2,The Politician
FALSE,none,800000,,TRUE,TRUE,2018-01-12,1,1,The Polka King
FALSE,Korean,300000,,FALSE,FALSE,,1,1,The Pororo Movie: Adventures in The Magical Kingdom
FALSE,none,100000,,FALSE,FALSE,,1,1,The Portrait of a Lady (1996)
FALSE,Latin,100000,,FALSE,FALSE,,1,1,The Portrait
FALSE,none,2000000,,FALSE,FALSE,,1,1,The Possession of Hannah Grace
FALSE,none,300000,,FALSE,FALSE,,1,1,The Possession
FALSE,Chinese_or_Kanji,2300000,,TRUE,TRUE,2023-01-21,1,1,The Post-Truth World
FALSE,none,1500000,,FALSE,FALSE,,1,1,The Postcard Killings
FALSE,Latin,100000,,FALSE,FALSE,,1,1,The Postman
FALSE,none,400000,,FALSE,FALSE,,1,1,The Post
FALSE,none,4800000,,TRUE,TRUE,2021-12-01,1,1,The Power of the Dog
TRUE,none,62500000,8000000,FALSE,FALSE,,12,6,The Powerpuff Girls (1998)
FALSE,none,300000,,FALSE,FALSE,,1,1,The Powerpuff Girls Rule!!!
FALSE,none,900000,,FALSE,FALSE,,1,1,The Powerpuff Girls: 'Twas The Fight Before Christmas
FALSE,Korean,400000,,FALSE,FALSE,,1,1,The Precious Memory of Gogo Brothers 2
FALSE,Korean,300000,,FALSE,FALSE,,1,1,The Precious memory of Gogo Brothers
FALSE,none,200000,,FALSE,FALSE,,1,1,The Prenup
FALSE,none,400000,,FALSE,FALSE,,1,1,The Prestige
FALSE,none,400000,,FALSE,FALSE,,1,1,The Pretty One
FALSE,Latin,100000,,FALSE,FALSE,,1,1,The Prey
FALSE,Latin,16800000,,FALSE,FALSE,2022-12-19,1,1,The Price of Family
TRUE,Latin,79600000,1600000,FALSE,FALSE,,2,1,The Price of Glory
FALSE,Korean,100000,,FALSE,FALSE,,1,1,The Priests
FALSE,none,1700000,,FALSE,FALSE,,1,1,The Prince & Me
FALSE,none,100000,,FALSE,FALSE,,1,1,The Prince and the Pauper (1977)
FALSE,none,2400000,,FALSE,FALSE,,1,1,The Prince of Egypt
TRUE,Chinese_or_Kanji,8000000,100000,TRUE,TRUE,2019-12-04,2,1,The Prince of Tennis ~ Match! Tennis Juniors ~
TRUE,Japanese,1700000,,FALSE,FALSE,,1,1,The Prince of Tennis
TRUE,Chinese_or_Kanji,400000,,TRUE,TRUE,,1,1,The Prince Who Turns into a Frog
FALSE,Korean,300000,,FALSE,FALSE,,1,1,The Princess and the Matchmaker
FALSE,none,100000,,FALSE,FALSE,,1,1,The Princess Bride
FALSE,none,3600000,,TRUE,TRUE,2021-11-18,1,1,The Princess Switch 3: Romancing the Star
FALSE,none,4000000,,TRUE,TRUE,2020-11-19,1,1,The Princess Switch: Switched Again
FALSE,none,6000000,,TRUE,TRUE,2018-11-16,1,1,The Princess Switch
TRUE,Chinese_or_Kanji,17100000,200000,FALSE,FALSE,,2,1,The Princess Weiyoung
TRUE,none,4500000,800000,TRUE,TRUE,2022-03-22,2,1,The Principles of Pleasure
FALSE,Korean,900000,,FALSE,FALSE,,1,1,The Prison
FALSE,Latin,5600000,,TRUE,TRUE,2022-02-09,1,1,The Privilege
TRUE,Korean,3700000,100000,FALSE,FALSE,,2,1,The Producers
FALSE,none,1800000,,FALSE,FALSE,,1,1,The Professionals (1966)
FALSE,none,500000,,FALSE,FALSE,,1,1,The Professor and the Madman
TRUE,Latin,6900000,600000,FALSE,FALSE,,1,1,The Professor
FALSE,Chinese_or_Kanji,100000,,FALSE,FALSE,,1,1,The Promised Land
TRUE,Japanese,6700000,500000,FALSE,FALSE,,4,2,The Promised Neverland
FALSE,Thai,200000,,FALSE,FALSE,,1,1,The Promise
TRUE,Latin,6300000,,FALSE,FALSE,,1,1,The Promise
FALSE,none,1000000,,TRUE,TRUE,2020-12-11,1,1,The Prom
FALSE,none,100000,,FALSE,FALSE,,1,1,The Protector (1985)
FALSE,Thai,100000,,FALSE,FALSE,,1,1,The Protector 2
TRUE,Latin,83000000,6800000,TRUE,TRUE,2018-12-14,8,4,The Protector
FALSE,none,600000,,FALSE,FALSE,,1,1,The Protege
FALSE,none,5900000,,FALSE,FALSE,,1,1,The Punisher (2004)
FALSE,Latin,100000,,FALSE,FALSE,,1,1,The Punishment
TRUE,none,5400000,1400000,TRUE,TRUE,2022-01-18,2,1,The Puppet Master: Hunting the Ultimate Conman
FALSE,none,2900000,,FALSE,FALSE,,1,1,The Purge (2013)
FALSE,none,4200000,,FALSE,FALSE,,1,1,The Purge: Anarchy
FALSE,none,6300000,,FALSE,FALSE,,1,1,The Purge: Election Year
FALSE,none,10600000,,FALSE,FALSE,,1,1,The Pursuit of Happyness (2006)
FALSE,none,500000,,FALSE,FALSE,,1,1,The Queen (2006)
FALSE,none,100000,,FALSE,FALSE,,1,1,The Queen and I (2008)
TRUE,Latin,16400000,200000,FALSE,FALSE,2020-05-20,2,1,The Queen and the Conqueror
FALSE,Latin,100000,,FALSE,FALSE,,1,1,The Queen of Black Magic (1981)
FALSE,Latin,200000,,FALSE,FALSE,,1,1,The Queen of Black Magic (2019)
TRUE,Latin,241100000,1800000,FALSE,FALSE,2018-11-09,4,2,The Queen of Flow
FALSE,Latin,400000,,FALSE,FALSE,,1,1,The Queen of Spain
TRUE,Japanese,100000,,FALSE,FALSE,,1,1,The Queen's Classroom
FALSE,none,300000,,FALSE,FALSE,,1,1,The Queen's Corgi
TRUE,none,83000000,5600000,TRUE,TRUE,2020-10-23,2,1,The Queen's Gambit
FALSE,none,4300000,,FALSE,FALSE,,1,1,The Quick and the Dead (1995)
FALSE,none,100000,,FALSE,FALSE,,1,1,The Quiet Hour
FALSE,Japanese,1400000,200000,FALSE,FALSE,,2,1,The Quintessential Quintuplets 2
FALSE,Japanese,1100000,100000,FALSE,FALSE,,2,1,The Quintessential Quintuplets
FALSE,none,600000,,TRUE,TRUE,2018-04-27,1,1,The Rachel Divide
FALSE,Latin,18600000,,FALSE,FALSE,,1,1,The Raid 2
FALSE,none,3000000,,FALSE,FALSE,,1,1,The Raid: Redemption
FALSE,none,100000,,FALSE,FALSE,,1,1,The Railway Children (1970)
FALSE,none,600000,,FALSE,FALSE,,1,1,The Railway Man
TRUE,Devanagari,42100000,10600000,TRUE,TRUE,2023-11-18,1,1,The Railway Men - The Untold Story Of Bhopal 1984
FALSE,Latin,100000,,FALSE,FALSE,,1,1,The Rainbow Troops
TRUE,Korean,4400000,600000,TRUE,TRUE,2021-10-22,2,1,The Raincoat Killer: Chasing a Predator in Korea
FALSE,none,1800000,,FALSE,FALSE,,1,1,The Rainmaker
TRUE,none,76600000,7900000,TRUE,TRUE,2018-05-04,6,3,The Rain
TRUE,none,146200000,12400000,TRUE,TRUE,2016-04-01,16,8,The Ranch
TRUE,Latin,600000,300000,FALSE,FALSE,,1,1,The Rapist's Journal 
TRUE,Chinese_or_Kanji,15500000,300000,TRUE,TRUE,2021-06-18,2,1,The Rational Life
FALSE,none,300000,,FALSE,FALSE,,1,1,The Raven (2012)
FALSE,none,300000,,FALSE,FALSE,,1,1,The Razz Guy
FALSE,none,1400000,,FALSE,FALSE,,1,1,The Reader
TRUE,none,12000000,1300000,TRUE,TRUE,2022-09-21,2,1,The Real Bling Ring: Hollywood Heist
FALSE,Korean,16500000,,FALSE,FALSE,,1,1,The Real Has Come!
TRUE,Korean,63700000,1100000,FALSE,FALSE,,1,1,The Real Has Come!
TRUE,none,500000,,FALSE,FALSE,,1,1,The Real Housewives of Atlanta
TRUE,none,54400000,700000,FALSE,FALSE,,8,4,The Real Housewives of Beverly Hills
FALSE,Latin,200000,,FALSE,FALSE,,1,1,The Real Life of Teachers
TRUE,Japanese,100000,,FALSE,FALSE,,1,1,The Real Thing
TRUE,none,7200000,200000,FALSE,FALSE,,4,2,The Real World
FALSE,Latin,100000,,FALSE,FALSE,,1,1,The Realm
FALSE,none,100000,,FALSE,FALSE,,1,1,The Reason I Jump
TRUE,Japanese,2100000,200000,FALSE,FALSE,,2,1,The Reason Why Raeliana Ended up at the Duke's Mansion
FALSE,none,200000,,FALSE,FALSE,,1,1,The Rebound (2009)
FALSE,none,200000,,FALSE,FALSE,,1,1,The Reckoning (2021)
TRUE,none,188600000,5700000,TRUE,TRUE,2022-12-16,2,1,The Recruit
FALSE,Latin,100000,,FALSE,FALSE,,1,1,The Red Captain
FALSE,Latin,2700000,,FALSE,FALSE,,1,1,The Red Point of Marriage
FALSE,none,7000000,,TRUE,TRUE,2019-07-31,1,1,The Red Sea Diving Resort
FALSE,none,6900000,,TRUE,TRUE,2022-10-07,1,1,The Redeem Team
FALSE,none,700000,,FALSE,FALSE,,1,1,The Remaining
FALSE,none,4000000,,FALSE,FALSE,,1,1,The Remains of the Day
FALSE,none,2100000,,FALSE,FALSE,,1,1,The Rental
FALSE,none,1300000,,FALSE,FALSE,,1,1,The Replacement Killers
FALSE,none,400000,,FALSE,FALSE,,1,1,The Resident (2010)
FALSE,Latin,1500000,,TRUE,TRUE,2018-09-10,1,1,The Resistance Banker
TRUE,Latin,300000,,FALSE,FALSE,,3,3,The Restaurant
FALSE,none,200000,,FALSE,FALSE,,1,1,The Resurrection of Gavin Stone
FALSE,Korean,100000,,FALSE,FALSE,,1,1,The Return
FALSE,none,800000,,FALSE,FALSE,,1,1,The Revenant (2015)
TRUE,Japanese,2800000,200000,FALSE,FALSE,,2,1,The Revenge Widow
FALSE,none,100000,,FALSE,FALSE,,1,1,The Rewrite
FALSE,Latin,300000,,FALSE,FALSE,,1,1,"The Rich, the Pauper and the Butler"
FALSE,none,100000,,FALSE,FALSE,,1,1,The Riddle of the Leaning Tower
FALSE,none,12100000,,TRUE,TRUE,2015-12-11,1,1,The Ridiculous 6
FALSE,none,900000,,FALSE,FALSE,,1,1,The Right Kind of Wrong
FALSE,none,2000000,,FALSE,FALSE,,1,1,The Ring (2002)
TRUE,none,9000000,1400000,TRUE,TRUE,2020-12-16,2,1,The Ripper
TRUE,Chinese_or_Kanji,9900000,100000,FALSE,FALSE,2018-09-14,2,1,The Rise of Phoenixes
TRUE,Japanese,15900000,1700000,FALSE,FALSE,,5,3,The Rising of the Shield Hero
FALSE,none,900000,,FALSE,FALSE,,1,1,The Rite (2011)
FALSE,none,4400000,,FALSE,FALSE,2018-02-09,1,1,The Ritual
FALSE,none,600000,,TRUE,TRUE,,1,1,The River Runner
FALSE,none,300000,,FALSE,FALSE,,1,1,The River Wild
FALSE,none,200000,,FALSE,FALSE,,1,1,The Road (2009)
FALSE,none,100000,,TRUE,TRUE,2019-10-29,1,1,The Road to El Camino: Behind the Scenes of El Camino: A Breaking Bad Movie
FALSE,none,5700000,,FALSE,FALSE,,1,1,The Road to El Dorado
TRUE,Latin,42900000,500000,FALSE,FALSE,2019-12-04,2,1,The Road to Love
TRUE,Japanese,1200000,400000,FALSE,FALSE,,1,1,The Road to Murder
FALSE,Korean,100000,,FALSE,FALSE,,1,1,The Road to Race Track
TRUE,Japanese,200000,,FALSE,FALSE,,1,1,The Road to Red Restaurants List
FALSE,Latin,300000,,FALSE,FALSE,,1,1,The Robber Hotzenplotz
FALSE,Latin,100000,,FALSE,FALSE,,1,1,The Robbers
FALSE,Thai,200000,,FALSE,FALSE,,1,1,The Rocket Angels
TRUE,Chinese_or_Kanji,200000,,FALSE,FALSE,,1,1,The Romance of Hua Rong
TRUE,Chinese_or_Kanji,400000,,FALSE,FALSE,,1,1,The Romance of Tiger and Rose
FALSE,Chinese_or_Kanji,100000,,FALSE,FALSE,,1,1,The Romancing Star
TRUE,none,10000000,300000,TRUE,TRUE,2023-02-14,2,1,The Romantics
TRUE,none,210300000,9000000,FALSE,FALSE,,7,4,The Rookie
FALSE,none,1200000,,FALSE,FALSE,,1,1,The Room (2019)
FALSE,none,3400000,,FALSE,FALSE,,1,1,The Roommate (2011)
FALSE,Latin,3800000,,FALSE,FALSE,,1,1,The Roommates Party
TRUE,Thai,800000,,FALSE,FALSE,,1,1,The Root
FALSE,Chinese_or_Kanji,300000,,TRUE,TRUE,2020-12-29,1,1,The Rope Curse 2
FALSE,Latin,100000,,FALSE,FALSE,,1,1,The rope
FALSE,Korean,700000,,FALSE,FALSE,,1,1,The Roundup
FALSE,none,100000,,FALSE,FALSE,,1,1,The Rover (2014)
FALSE,none,100000,,FALSE,FALSE,,1,1,The Royal Bengal Tiger
FALSE,Latin,100000,,FALSE,FALSE,,1,1,The Royal Game
FALSE,none,300000,,FALSE,FALSE,,1,1,The Royal Hibiscus Hotel
FALSE,none,11300000,,TRUE,TRUE,2022-01-20,1,1,The Royal Treatment
TRUE,none,100000,,FALSE,FALSE,,1,1,The Royal Wives of Windsor
TRUE,none,17300000,400000,FALSE,FALSE,,8,4,The Royals (2015)
FALSE,none,1300000,,FALSE,FALSE,,1,1,The Rugrats Movie
FALSE,none,3000000,,FALSE,FALSE,,1,1,The Ruins
FALSE,none,2000000,,FALSE,FALSE,,1,1,The Rundown
FALSE,Latin,2900000,,FALSE,FALSE,2019-04-19,1,1,The Ruthless
FALSE,none,200000,,FALSE,FALSE,,1,1,The Ryan White Story
TRUE,Latin,6000000,100000,FALSE,FALSE,,2,1,The Sacrifice
FALSE,none,100000,,FALSE,FALSE,,1,1,The Saint (1997)
TRUE,Japanese,2000000,200000,FALSE,FALSE,,2,1,The Saintʼs Magic Power Is Omnipotent
FALSE,none,1800000,,FALSE,FALSE,,1,1,The Salvation
TRUE,Thai,700000,,FALSE,FALSE,,1,1,The Sand Princess
TRUE,none,86600000,3300000,TRUE,TRUE,2022-08-05,2,1,The Sandman
FALSE,none,300000,,FALSE,FALSE,,1,1,The Sapphires
FALSE,none,100000,,FALSE,FALSE,,1,1,The Saturn V Story
FALSE,Korean,100000,,FALSE,FALSE,,1,1,The Scam
FALSE,none,200000,,FALSE,FALSE,,1,1,The Scandalous Four
FALSE,none,200000,,FALSE,FALSE,,1,1,The Scapegoat (2012)
FALSE,Latin,200000,,FALSE,FALSE,,1,1,The Scent of Blood
FALSE,none,46900000,,TRUE,TRUE,2022-10-19,1,1,The School for Good and Evil
TRUE,Korean,2600000,200000,TRUE,TRUE,2020-09-25,2,1,The School Nurse Files
FALSE,Arabic,100000,,FALSE,FALSE,,1,1,The School of Mischief 
FALSE,none,100000,,FALSE,FALSE,,1,1,The School Of The Damned
FALSE,none,1500000,,FALSE,FALSE,,1,1,The Scorpion King 2: Rise of a Warrior
FALSE,none,1800000,,FALSE,FALSE,,1,1,The Scorpion King
FALSE,none,62700000,,TRUE,TRUE,2022-07-08,1,1,The Sea Beast
TRUE,Latin,74000000,1000000,FALSE,FALSE,,5,3,The Sea Beyond
FALSE,Latin,500000,,FALSE,FALSE,,1,1,The Seal: Number 10 from the Street
FALSE,Latin,100000,,FALSE,FALSE,,1,1,The Search for Hitler's Bomb
TRUE,Latin,4700000,700000,TRUE,TRUE,2020-06-12,2,1,The Search
TRUE,Thai,300000,,FALSE,FALSE,,1,1,The Seawave
TRUE,none,1300000,200000,FALSE,FALSE,,2,1,The Secret (2016)
FALSE,Latin,2100000,,TRUE,TRUE,2021-08-18,1,1,The Secret Diary of an Exchange Student
FALSE,none,600000,,FALSE,FALSE,,1,1,The Secret Garden (2020)
FALSE,Korean,6700000,,FALSE,FALSE,,1,1,The Secret Life of My Secretary
TRUE,Korean,9900000,600000,FALSE,FALSE,,1,1,The Secret Life of My Secretary
FALSE,none,3300000,,FALSE,FALSE,,1,1,The Secret Life of Pets 2
FALSE,none,27100000,,FALSE,FALSE,,1,1,The Secret Life of Pets
TRUE,none,500000,,FALSE,FALSE,,4,4,The Secret Life of Us
FALSE,Korean,100000,,FALSE,FALSE,,1,1,The Secret Mission
FALSE,none,1300000,,FALSE,FALSE,,1,1,The Secret of My Success (1987)
TRUE,none,8400000,700000,FALSE,FALSE,,2,2,The Secret of Skinwalker Ranch
TRUE,Latin,11100000,600000,TRUE,TRUE,,2,1,The Secret of the Greco Family
TRUE,none,200000,,FALSE,FALSE,,1,1,The Secret River
FALSE,none,8200000,,FALSE,FALSE,,1,1,The Secret: Dare to Dream
FALSE,Latin,100000,,FALSE,FALSE,,1,1,"The Secrets at Phaistos – Facts, Finds and Forgery"
FALSE,none,100000,,FALSE,FALSE,,1,1,The Secrets We Keep
FALSE,none,2500000,,FALSE,FALSE,,1,1,The Sentinel (2006)
FALSE,Latin,100000,,FALSE,FALSE,,1,1,The Serpent's Way
TRUE,none,19000000,1300000,TRUE,TRUE,2021-04-02,2,1,The Serpent
FALSE,Korean,400000,,FALSE,FALSE,,1,1,The Servant
FALSE,none,300000,,FALSE,FALSE,,1,1,The Set Up (2019)
FALSE,Japanese,2800000,,TRUE,TRUE,,1,1,The Seven Deadly Sins the Movie: Prisoners of the Sky
FALSE,Japanese,3300000,,TRUE,TRUE,2021-10-01,1,1,The Seven Deadly Sins: Cursed by Light
FALSE,Japanese,41400000,2000000,TRUE,TRUE,2021-01-13,2,1,The Seven Deadly Sins: Dragon's Judgement
TRUE,Japanese,1000000,200000,FALSE,FALSE,,1,1,The Seven Deadly Sins: Four Knights of the Apocalypse
FALSE,Japanese,3100000,,TRUE,TRUE,2022-12-20,1,1,The Seven Deadly Sins: Grudge of Edinburgh Part 1
FALSE,Japanese,46000000,2300000,FALSE,FALSE,2019-10-14,2,1,The Seven Deadly Sins: Imperial Wrath of the Gods
FALSE,Japanese,52800000,2600000,FALSE,FALSE,2018-01-12,2,1,The Seven Deadly Sins: Revival of The Commandments
FALSE,Japanese,8700000,2600000,FALSE,FALSE,2016-09-01,2,1,The Seven Deadly Sins: Signs of Holy War
FALSE,Japanese,62500000,3100000,FALSE,FALSE,2015-08-31,2,1,The Seven Deadly Sins
FALSE,Latin,100000,,FALSE,FALSE,,1,1,The Seven Ravens
FALSE,none,1400000,,FALSE,FALSE,,1,1,The Seventh Day
FALSE,Latin,100000,,FALSE,FALSE,,1,1,The Seventh Dwarf
FALSE,none,300000,,FALSE,FALSE,,1,1,The Seventh Sign
FALSE,none,1400000,,FALSE,FALSE,,1,1,The Shack
FALSE,none,5700000,,FALSE,FALSE,,1,1,The Shallows
FALSE,Korean,400000,,FALSE,FALSE,,1,1,The Shameless
TRUE,none,17400000,900000,FALSE,FALSE,,4,2,The Shannara Chronicles
FALSE,none,2100000,,FALSE,FALSE,,1,1,The Shawshank Redemption
FALSE,Korean,200000,,FALSE,FALSE,,1,1,The Sheriff in Town
FALSE,none,100000,,FALSE,FALSE,,1,1,The Shiralee 1
FALSE,none,600000,,TRUE,TRUE,2013-12-12,1,1,The Short Game
FALSE,none,2100000,,FALSE,FALSE,,1,1,The Show Must Go On: The Queen + Adam Lambert Story
FALSE,Korean,100000,,FALSE,FALSE,,1,1,The Show Must Go On
FALSE,Thai,100000,,FALSE,FALSE,,1,1,The Siam Renaissance
FALSE,none,3500000,,TRUE,TRUE,2016-10-07,1,1,The Siege of Jadotville
TRUE,Latin,100000,,FALSE,FALSE,,1,1,The Siege
TRUE,Latin,12300000,200000,FALSE,FALSE,2023-04-04,2,1,The Signing
FALSE,Latin,100000,,FALSE,FALSE,,1,1,The Silence of Others
FALSE,Latin,500000,,FALSE,FALSE,2020-04-22,1,1,The Silence of the Marsh
FALSE,none,13700000,,FALSE,FALSE,2019-04-10,1,1,The Silence
FALSE,none,3400000,,FALSE,FALSE,,1,1,The Silencing
FALSE,none,100000,,FALSE,FALSE,,1,1,The Silent Enemy
TRUE,Korean,14800000,1100000,TRUE,TRUE,2021-12-24,2,1,The Silent Sea
FALSE,Latin,600000,,FALSE,FALSE,2020-02-03,1,1,The Silent War
FALSE,none,100000,,FALSE,FALSE,,1,1,The Silver Stallion
FALSE,Latin,200000,,FALSE,FALSE,,1,1,The Sinking Of Van Der Wijck
FALSE,none,31600000,2000000,FALSE,FALSE,2017-11-07,2,1,The Sinner: Season 1: Cora
FALSE,none,25900000,1500000,FALSE,FALSE,2018-11-08,2,1,The Sinner: Season 2: Julian
FALSE,none,24600000,1300000,FALSE,FALSE,2020-06-19,2,1,The Sinner: Season 3: Jamie
FALSE,none,54100000,2400000,FALSE,FALSE,2022-01-26,2,1,The Sinner: Season 4: Percy
TRUE,none,2300000,200000,FALSE,FALSE,,2,1,The Sister (2020)
FALSE,none,100000,,FALSE,FALSE,,1,1,The Sisterhood of the Traveling Pants
FALSE,none,300000,,FALSE,FALSE,,1,1,The Sisters Brothers
FALSE,none,700000,,FALSE,FALSE,,1,1,The Skeleton Key
FALSE,Latin,300000,,FALSE,FALSE,,1,1,The Skin I Live In
FALSE,Latin,2500000,,TRUE,TRUE,2018-07-06,1,1,The Skin of the Wolf
FALSE,Devanagari,1200000,,FALSE,FALSE,,1,1,The Sky Is Pink
FALSE,none,9700000,,TRUE,TRUE,2020-08-21,1,1,The Sleepover
TRUE,Japanese,1900000,300000,FALSE,FALSE,,2,1,The Slime Diaries: That time I got reincarnated as a Slime
FALSE,Latin,600000,,FALSE,FALSE,,1,1,The Slurb in Danger
FALSE,Latin,1000000,,FALSE,FALSE,,1,1,The Slurb in Luck
TRUE,none,800000,,FALSE,FALSE,,1,1,The Smart Money Woman
FALSE,Latin,100000,,FALSE,FALSE,,1,1,The Smile
FALSE,none,14200000,,FALSE,FALSE,,1,1,The Smurfs (2011)
TRUE,none,136100000,8800000,FALSE,FALSE,,2,1,The Smurfs (2021)
FALSE,none,7100000,,FALSE,FALSE,,1,1,The Smurfs 2
TRUE,Latin,64200000,500000,FALSE,FALSE,2021-07-28,2,1,The Snitch Cartel: Origins
TRUE,Latin,150300000,3400000,TRUE,TRUE,2023-01-27,2,1,The Snow Girl
FALSE,Cyrillic,100000,,FALSE,FALSE,,1,1,The Snow Queen 3: Fire and Ice
FALSE,none,200000,,FALSE,FALSE,,1,1,The Snow Walker
FALSE,Japanese,200000,,FALSE,FALSE,,1,1,The Snow White Murder Case
FALSE,none,12100000,,FALSE,FALSE,,1,1,The Snowman (2017)
FALSE,none,8100000,,TRUE,TRUE,2022-11-09,1,1,The Soccer Football Movie
FALSE,none,2900000,,TRUE,TRUE,2020-09-09,1,1,The Social Dilemma
FALSE,none,6500000,,FALSE,FALSE,,1,1,The Social Network
TRUE,none,24500000,1100000,TRUE,TRUE,2019-05-10,2,1,The Society
FALSE,none,200000,,FALSE,FALSE,,1,1,The Soloist (2009)
FALSE,none,15200000,,FALSE,FALSE,,1,1,The Son (2022)
FALSE,none,100000,,FALSE,FALSE,,1,1,The Song (2014)
FALSE,none,2500000,,FALSE,FALSE,,1,1,The Song of Names
TRUE,none,6900000,700000,TRUE,TRUE,2021-05-05,2,1,The Sons of Sam: A Descent into Darkness
FALSE,Latin,1000000,,FALSE,FALSE,2019-07-26,1,1,The Son
FALSE,Chinese_or_Kanji,400000,,TRUE,TRUE,2021-04-14,1,1,The Soul
TRUE,Korean,11600000,800000,TRUE,TRUE,2022-05-06,2,1,The Sound of Magic
FALSE,Korean,300000,,FALSE,FALSE,,1,1,The Sound of Your Heart 1
FALSE,Korean,400000,,FALSE,FALSE,,1,1,The Sound of Your Heart 2
TRUE,Korean,400000,,TRUE,TRUE,2018-10-28,2,2,The Sound of Your Heart: Reboot
TRUE,Korean,2800000,200000,TRUE,TRUE,2017-01-31,2,1,The Sound of Your Heart
FALSE,none,500000,,FALSE,FALSE,,1,1,The Space Between (2021)
FALSE,Latin,1200000,,FALSE,FALSE,,1,1,The Space Between the Lines
FALSE,none,1000000,,FALSE,FALSE,2017-06-03,1,1,The Space Between Us
TRUE,none,3100000,,FALSE,FALSE,,2,2,The Spanish Princess
FALSE,none,100000,,FALSE,FALSE,,1,1,The Sparks Brothers
FALSE,Japanese,2200000,200000,FALSE,FALSE,,2,1,The Sparks: 第1シリーズ
FALSE,none,100000,,FALSE,FALSE,,1,1,The Specialist (1994)
FALSE,none,300000,,FALSE,FALSE,,1,1,The Spectacular Now
FALSE,none,1500000,,TRUE,TRUE,2020-07-29,1,1,The Speed Cubers
FALSE,none,5800000,,FALSE,FALSE,,1,1,The Spiderwick Chronicles
FALSE,none,200000,,FALSE,FALSE,,1,1,The Spider’s Web: Britain’s Second Empire
FALSE,none,31400000,,FALSE,FALSE,2020-11-05,1,1,The SpongeBob Movie: Sponge on the Run
FALSE,none,22200000,,FALSE,FALSE,,1,1,The SpongeBob Movie: Sponge Out of Water
FALSE,none,23900000,,FALSE,FALSE,,1,1,The SpongeBob SquarePants Movie
FALSE,Latin,100000,,FALSE,FALSE,,1,1,The Spooks
FALSE,none,1700000,,TRUE,TRUE,2019-10-08,1,1,The Spooky Tale of Captain Underpants Hack-a-ween
FALSE,Korean,600000,,FALSE,FALSE,,1,1,The Spy Gone North
FALSE,none,1000000,,FALSE,FALSE,,1,1,The Spy Next Door
FALSE,none,600000,,FALSE,FALSE,,1,1,The Spy Who Dumped Me
FALSE,Korean,400000,,FALSE,FALSE,,1,1,The Spy
TRUE,none,11300000,1200000,TRUE,TRUE,2019-09-06,2,1,The Spy
FALSE,Latin,100000,,FALSE,FALSE,2014-01-17,1,1,The Square
TRUE,none,9100000,400000,TRUE,TRUE,2018-06-08,2,1,The Staircase
FALSE,none,1500000,,FALSE,FALSE,,1,1,The Stand at Paxton County
FALSE,none,300000,,FALSE,FALSE,,1,1,The Stand Up
FALSE,none,1500000,,FALSE,FALSE,2020-12-16,1,1,The Stand-In
TRUE,none,4200000,500000,TRUE,TRUE,2017-07-04,6,3,The Standups
FALSE,none,300000,,FALSE,FALSE,,1,1,The Stanford Prison Experiment
FALSE,none,6400000,,FALSE,FALSE,,1,1,The Star (2017)
FALSE,none,8200000,,TRUE,TRUE,2021-09-24,1,1,The Starling
FALSE,none,100000,,FALSE,FALSE,,1,1,The Steal
FALSE,none,9100000,,FALSE,FALSE,,1,1,The Stepfather (2009)
FALSE,none,3900000,,FALSE,FALSE,,1,1,The Sting
FALSE,none,600000,,FALSE,FALSE,,1,1,The Stolen
FALSE,Chinese_or_Kanji,100000,,FALSE,FALSE,,1,1,The Storm Riders
FALSE,Latin,100000,,FALSE,FALSE,,1,1,The Story of a Godfather
FALSE,Chinese_or_Kanji,10100000,100000,FALSE,FALSE,,2,1,The Story of Minglan
FALSE,Latin,100000,,FALSE,FALSE,,1,1,The Story of My Wife
TRUE,Thai,7100000,500000,TRUE,TRUE,2019-11-14,2,1,The Stranded
FALSE,Latin,2100000,,FALSE,FALSE,2021-05-14,1,1,The Strange House
FALSE,Japanese,100000,,FALSE,FALSE,,1,1,The Stranger by the Beach
FALSE,none,8600000,,FALSE,FALSE,2022-10-19,1,1,The Stranger
TRUE,none,47700000,3700000,TRUE,TRUE,2020-01-30,2,1,The Stranger
FALSE,none,56500000,,TRUE,TRUE,2023-02-22,1,1,The Strays
TRUE,Korean,1100000,,FALSE,FALSE,,1,1,The Strongest Man in the World
TRUE,Japanese,800000,100000,FALSE,FALSE,,2,1,The Strongest Sage with the Weakest Crest
FALSE,Latin,5200000,,FALSE,FALSE,2021-09-17,1,1,The Stronghold
FALSE,none,500000,,FALSE,FALSE,,1,1,The Substitute (1996)
FALSE,Latin,6700000,,FALSE,FALSE,,1,1,The Substitute
FALSE,none,1400000,,FALSE,FALSE,,1,1,The Subtle Art of Not Giving a F*ck
FALSE,Korean,200000,,FALSE,FALSE,,1,1,The Suicide Forecast
FALSE,none,2200000,,FALSE,FALSE,,1,1,The Suicide Squad (Dubbed Version)
FALSE,none,4900000,,FALSE,FALSE,,1,1,The Suicide Squad
FALSE,Arabic,200000,,FALSE,FALSE,,1,1,The Suit
FALSE,none,5300000,,FALSE,FALSE,,1,1,The Sum of All Fears
FALSE,Latin,300000,,FALSE,FALSE,2021-11-30,1,1,The Summit of the Gods
TRUE,Japanese,400000,,FALSE,FALSE,,1,1,The Sun Stands Still -The Eclipse-
FALSE,Japanese,100000,,FALSE,FALSE,,1,1,The Sun Stands Still
FALSE,Japanese,300000,,FALSE,FALSE,,1,1,The Sunday Runoff
TRUE,Japanese,2300000,600000,FALSE,FALSE,,1,1,The Sunflower Disappeared In The Rain
FALSE,none,400000,,FALSE,FALSE,,1,1,The Super (2017)
FALSE,none,700000,,TRUE,TRUE,,1,1,The Super Parental Guardians
TRUE,none,3600000,400000,TRUE,TRUE,2020-12-09,2,1,The Surgeon's Cut
TRUE,Latin,331900000,10500000,TRUE,FALSE,2023-06-14,2,1,The Surrogacy
FALSE,Korean,100000,,FALSE,FALSE,,1,1,The Surrogate Woman
FALSE,Korean,100000,,FALSE,FALSE,,1,1,The Suspect
FALSE,none,4300000,,FALSE,FALSE,,1,1,The Swan Princess
FALSE,Latin,2800000,,FALSE,FALSE,2021-08-06,1,1,The Swarm
FALSE,Latin,200000,,FALSE,FALSE,,1,1,The Sweet Taste of Salted Bread and Undies
FALSE,none,800000,,FALSE,FALSE,,1,1,The Sweetest Thing
FALSE,Thai,100000,,FALSE,FALSE,,1,1,The Swimmers
FALSE,none,28800000,,TRUE,TRUE,2022-11-23,1,1,The Swimmers
FALSE,Latin,100000,,FALSE,FALSE,,1,1,The Swimming Pool
FALSE,Korean,1500000,,FALSE,FALSE,,1,1,The Swindlers
TRUE,none,300000,,FALSE,FALSE,,1,1,The Swiss Family Robinson (1981)
FALSE,none,1000000,,FALSE,FALSE,,1,1,The Switch (2010)
FALSE,Korean,200000,,FALSE,FALSE,,1,1,The Swordsman
TRUE,none,2800000,200000,FALSE,FALSE,,2,1,The Syndicate
TRUE,Latin,265200000,39300000,TRUE,TRUE,2023-05-02,4,3,The Tailor
FALSE,Latin,16800000,,TRUE,TRUE,2022-05-06,1,1,The Takedown
FALSE,none,14500000,,TRUE,TRUE,2022-11-01,1,1,The Takeover
FALSE,none,6500000,,FALSE,FALSE,,1,1,The Taking of Pelham 123 (2009)
FALSE,none,2900000,,FALSE,FALSE,,1,1,The Tale of Despereaux
TRUE,Korean,4800000,100000,FALSE,FALSE,,2,1,The Tale of Nokdu
FALSE,Japanese,1700000,,FALSE,FALSE,,1,1,The Tale of The Princess Kaguya
FALSE,none,700000,,FALSE,FALSE,,1,1,The Tall Man (2012)
FALSE,Arabic,100000,,FALSE,FALSE,,1,1,The Tambour of Retribution
FALSE,Latin,4300000,,TRUE,TRUE,2022-04-13,1,1,The Taming of the Shrewd
FALSE,Korean,100000,,FALSE,FALSE,,1,1,The Taste of Money
FALSE,none,5400000,,FALSE,FALSE,,1,1,The Tax Collector
FALSE,none,1800000,,FALSE,FALSE,,1,1,The Teacher (2022)
TRUE,none,3400000,200000,FALSE,FALSE,,2,1,The Teacher (2022)
FALSE,Latin,100000,,FALSE,FALSE,,1,1,The Teacher's Diary
TRUE,none,600000,,FALSE,FALSE,,2,2,The Team
FALSE,Latin,100000,,FALSE,FALSE,,1,1,The Tenth Man
FALSE,none,1100000,,FALSE,FALSE,,1,1,The Terminal
FALSE,Korean,100000,,FALSE,FALSE,,1,1,The Terror Live
FALSE,none,500000,,FALSE,FALSE,,1,1,The Theory of Everything
FALSE,Korean,1100000,,FALSE,FALSE,,1,1,The Thieves
FALSE,none,16300000,,FALSE,FALSE,,1,1,The Thing (2011)
TRUE,Korean,14300000,800000,TRUE,FALSE,,2,1,The Third Charm
FALSE,Japanese,100000,,FALSE,FALSE,,1,1,The Third Murder
FALSE,none,200000,,TRUE,TRUE,,1,1,The Third Party
FALSE,Chinese_or_Kanji,200000,,FALSE,FALSE,,1,1,The Thousand Faces of Dunjia
FALSE,Latin,600000,,TRUE,TRUE,2020-10-14,1,1,The Three Deaths of Marisela Escobedo
FALSE,Latin,600000,,FALSE,FALSE,,1,1,The Three Exclamation Marks
FALSE,Latin,100000,,FALSE,FALSE,,1,1,The Three Maidens
FALSE,none,100000,,FALSE,FALSE,,1,1,The Three Musketeers (2011)
FALSE,Latin,100000,,FALSE,FALSE,,1,1,The Threesome
FALSE,Korean,100000,,FALSE,FALSE,,1,1,The Throne
FALSE,none,1200000,,FALSE,FALSE,,1,1,The Throwaways
TRUE,none,216700000,11500000,FALSE,FALSE,,8,4,The Thundermans
FALSE,Latin,200000,,FALSE,FALSE,,1,1,The Ties
FALSE,none,100000,,FALSE,FALSE,,1,1,The Tiger Rising
FALSE,Korean,100000,,FALSE,FALSE,,1,1,The Tiger
TRUE,Latin,3300000,500000,TRUE,TRUE,2021-10-29,2,1,The Time It Takes
FALSE,Thai,100000,,FALSE,FALSE,,1,1,The Tin Mine
FALSE,none,4400000,,TRUE,TRUE,2022-02-02,1,1,The Tinder Swindler
FALSE,none,4800000,,FALSE,FALSE,2018-03-30,1,1,The Titan
FALSE,none,200000,,FALSE,FALSE,,1,1,The To Do List
FALSE,none,100000,,FALSE,FALSE,,1,1,The Tokoloshe
FALSE,Japanese,100000,,FALSE,FALSE,,1,1,The Tokyo Night Sky is Always the Densest Shade of Blue
TRUE,none,38100000,4000000,FALSE,FALSE,,4,3,The Tom and Jerry Show
FALSE,Chinese_or_Kanji,200000,,FALSE,FALSE,,1,1,The Top Secret: Murder in Mind
FALSE,none,1900000,,FALSE,FALSE,,1,1,The Tourist
FALSE,none,13100000,,FALSE,FALSE,,1,1,The Tournament (2009)
FALSE,Korean,100000,,FALSE,FALSE,,1,1,The Tower
FALSE,none,2500000,,FALSE,FALSE,,1,1,The Town (2010)
FALSE,Japanese,100000,,FALSE,FALSE,,1,1,The Town of Headcounts
TRUE,none,4300000,500000,TRUE,TRUE,2017-12-22,6,3,The Toys That Made Us
FALSE,Latin,100000,,FALSE,FALSE,,1,1,The Toy
FALSE,none,200000,,TRUE,TRUE,2018-02-09,1,1,The Trader (Sovdagari)
FALSE,Latin,1000000,,FALSE,FALSE,,1,1,The Traitor
FALSE,none,4000000,,FALSE,FALSE,,1,1,The Transporter Refueled
FALSE,none,600000,,FALSE,FALSE,,1,1,The Transporter
FALSE,none,3200000,,TRUE,TRUE,,1,1,The Trap (2019)
FALSE,Thai,1500000,,TRUE,TRUE,2022-10-05,1,1,The Trapped 13: How We Survived The Thai Cave
FALSE,Japanese,100000,,FALSE,FALSE,,1,1,The Travelling Cat Chronicles
FALSE,Korean,500000,,FALSE,FALSE,,1,1,The Treacherous
FALSE,Latin,1300000,,TRUE,TRUE,2019-02-08,1,1,The Tree of Blood
FALSE,Latin,100000,,FALSE,FALSE,,1,1,The Tree of Wooden Clogs
FALSE,none,2700000,,TRUE,TRUE,2020-10-16,1,1,The Trial of the Chicago 7
TRUE,none,13100000,1100000,TRUE,TRUE,2020-02-26,2,1,The Trials of Gabriel Fernandez
FALSE,Latin,100000,,FALSE,FALSE,,1,1,The Trial
TRUE,Latin,17800000,900000,TRUE,TRUE,2019-12-17,2,1,The Trial
FALSE,Latin,800000,,FALSE,FALSE,2018-11-21,1,1,The Tribe
FALSE,Latin,800000,,FALSE,FALSE,,1,1,The Trip 4 - The Family goes to Miami
FALSE,Latin,5400000,,FALSE,FALSE,2021-10-15,1,1,The Trip
FALSE,Latin,1900000,,FALSE,FALSE,,1,1,The troubleshooter
FALSE,Latin,100000,,FALSE,FALSE,,1,1,The True Story of Puss 'n Boots
FALSE,none,600000,,FALSE,FALSE,,1,1,The Truman Show
FALSE,Korean,100000,,FALSE,FALSE,,1,1,The Truth Beneath
TRUE,Chinese_or_Kanji,100000,,FALSE,FALSE,,1,1,The Truth Seekers
FALSE,Latin,500000,,FALSE,FALSE,,1,1,The Tunnel Gang
FALSE,none,800000,,FALSE,FALSE,,1,1,The Turning (2020)
FALSE,Latin,1000000,,TRUE,TRUE,2022-04-20,1,1,The Turning Point
FALSE,none,1900000,,FALSE,FALSE,,1,1,The Tuxedo (2002)
FALSE,Latin,1000000,,FALSE,FALSE,,1,1,The Twelve Stories of Glen Anggara
TRUE,Latin,9100000,500000,FALSE,FALSE,2020-04-17,2,1,The Twelve
TRUE,none,29400000,,FALSE,FALSE,,2,2,The Twilight Saga: Breaking Dawn
FALSE,none,12100000,,FALSE,FALSE,,1,1,The Twilight Saga: Eclipse
FALSE,none,14100000,,FALSE,FALSE,,1,1,The Twilight Saga: New Moon
FALSE,none,400000,,FALSE,FALSE,,1,1,The Twin (2022)
FALSE,none,3900000,,TRUE,TRUE,2019-12-20,1,1,The Two Popes
FALSE,none,3300000,,FALSE,FALSE,,1,1,The Ugly Truth
TRUE,none,900000,,FALSE,FALSE,,5,5,The Ultimate Braai Master
TRUE,Latin,24300000,400000,TRUE,TRUE,2022-12-30,2,1,The Ultimatum: France
TRUE,none,105500000,11900000,TRUE,TRUE,2022-04-06,3,2,The Ultimatum: Marry or Move On
TRUE,none,64700000,1200000,TRUE,TRUE,2023-05-24,2,1,The Ultimatum: Queer Love
TRUE,Chinese_or_Kanji,100000,,FALSE,FALSE,,1,1,The Ultimatum
TRUE,none,123200000,5800000,TRUE,TRUE,2019-02-15,6,3,The Umbrella Academy
FALSE,none,900000,,FALSE,FALSE,,1,1,The Unbearable Weight of Massive Talent
FALSE,none,600000,,FALSE,FALSE,,1,1,The Unborn (2009)
FALSE,Latin,1000000,,FALSE,FALSE,,1,1,The Unborn Soul
TRUE,Latin,131200000,700000,FALSE,FALSE,2022-11-23,2,1,The Unbroken Voice
FALSE,Korean,119200000,8700000,TRUE,TRUE,2023-07-29,1,1,The Uncanny Counter: Season 2: Counter Punch
TRUE,Korean,125600000,5800000,TRUE,TRUE,2020-11-28,2,1,The Uncanny Counter
TRUE,none,3000000,200000,FALSE,FALSE,,9,7,The Undateables (2012)
TRUE,Korean,400000,,FALSE,FALSE,,1,1,The Undateables
TRUE,Thai,1500000,100000,TRUE,TRUE,,2,1,The Underclass
FALSE,none,100000,,FALSE,FALSE,,1,1,The Underdogs
TRUE,Latin,1000000,,FALSE,FALSE,,4,4,The Undertaker
FALSE,Korean,100000,,FALSE,FALSE,,1,1,The Unfair
FALSE,none,14100000,,TRUE,TRUE,2021-12-10,1,1,The Unforgivable
FALSE,none,9900000,,FALSE,FALSE,,1,1,The Unholy (2021)
FALSE,none,500000,,FALSE,FALSE,,1,1,The Uninvited (2009)
FALSE,none,200000,,FALSE,FALSE,,1,1,The United States vs. Billie Holiday
FALSE,Korean,900000,,FALSE,FALSE,,1,1,The Unjust
TRUE,Latin,6200000,400000,FALSE,FALSE,,3,2,The Unknown Hitman: The Story of El Cholo Adrián
FALSE,Arabic,200000,,FALSE,FALSE,,1,1,The Unknown Saint
TRUE,Latin,1500000,200000,TRUE,TRUE,2021-11-05,2,1,The Unlikely Murderer
TRUE,none,11700000,900000,TRUE,TRUE,2019-10-17,2,1,THE UNLISTED
FALSE,none,400000,,TRUE,TRUE,,1,1,The Unmarried Wife
TRUE,Latin,1100000,200000,TRUE,TRUE,2020-05-15,4,2,The Unremarkable Juanquini
TRUE,none,100000,,FALSE,FALSE,,1,1,The Unsettling
TRUE,Chinese_or_Kanji,17200000,200000,FALSE,FALSE,,2,1,The Untamed
FALSE,none,2000000,,FALSE,FALSE,,1,1,The Untouchables (1987)
TRUE,none,3000000,100000,FALSE,FALSE,,2,1,The Unusual Suspects
TRUE,none,32800000,2100000,FALSE,FALSE,,4,3,The UnXplained with William Shatner
TRUE,none,88600000,12900000,TRUE,TRUE,2021-05-12,7,4,The Upshaws
FALSE,none,600000,,FALSE,FALSE,,1,1,The Upside
FALSE,none,200000,,FALSE,FALSE,,1,1,The Usual Suspects (1995)
FALSE,none,200000,,FALSE,FALSE,,1,1,The Utah Cabin Murders
FALSE,none,300000,,FALSE,FALSE,,1,1,The Valachi Papers
TRUE,Latin,20300000,2000000,TRUE,TRUE,2020-03-13,2,1,The Valhalla Murders
FALSE,none,200000,,FALSE,FALSE,,1,1,The Valley of a Thousand Hills
TRUE,none,433300000,25900000,FALSE,FALSE,,16,8,The Vampire Diaries
FALSE,Japanese,600000,,FALSE,FALSE,,1,1,The Vampire Dies in No Time
TRUE,Japanese,500000,,FALSE,FALSE,,1,1,The Vampire Dies in No Time
FALSE,none,600000,,FALSE,FALSE,,1,1,The Vanished (2020)
FALSE,none,2800000,,FALSE,FALSE,,1,1,The Vanishing (2018)
FALSE,none,200000,,FALSE,FALSE,,1,1,The Vatican Tapes
FALSE,none,16600000,,FALSE,FALSE,,1,1,The Vault (2021)
FALSE,none,100000,,FALSE,FALSE,,1,1,The Vendor
FALSE,Latin,100000,,FALSE,FALSE,,1,1,The Very Last Morning
FALSE,Latin,100000,,FALSE,FALSE,,1,1,The Very Private Life of Mister Sim
TRUE,Chinese_or_Kanji,2900000,100000,TRUE,TRUE,2020-04-30,2,1,The Victims' Game
FALSE,Japanese,5700000,,FALSE,FALSE,2023-06-16,1,1,THE VILLAGE
FALSE,Korean,300000,,FALSE,FALSE,,1,1,The Villainess
FALSE,Japanese,1500000,,FALSE,FALSE,2022-11-18,1,1,The Violence Action
FALSE,none,300000,,FALSE,FALSE,,1,1,The Virtuoso
FALSE,none,1600000,,FALSE,FALSE,,1,1,The Visit (2015)
FALSE,Japanese,300000,,FALSE,FALSE,,1,1,The Voice of Sin
FALSE,none,13700000,,TRUE,TRUE,2022-12-16,1,1,The Volcano: Rescue from Whakaari
FALSE,none,3700000,,FALSE,FALSE,,1,1,The Vow (2012)
FALSE,Korean,100000,,FALSE,FALSE,,1,1,The Wailing
FALSE,none,2400000,,FALSE,FALSE,,1,1,The Wait (2021)
FALSE,none,100000,,FALSE,FALSE,,1,1,The Waiting City
FALSE,none,200000,,FALSE,FALSE,,1,1,The Walk (2015)
TRUE,none,1272500000,46800000,FALSE,FALSE,,22,11,The Walking Dead
FALSE,none,100000,,FALSE,FALSE,,1,1,The Wall: Climb for Gold
FALSE,Thai,100000,,FALSE,FALSE,,1,1,The Wall
FALSE,Korean,100000,,FALSE,FALSE,,1,1,The Wandering Chef
FALSE,Chinese_or_Kanji,4200000,,TRUE,TRUE,2019-04-30,1,1,The Wandering Earth
FALSE,none,200000,,FALSE,FALSE,,1,1,The War Below
TRUE,Latin,9700000,900000,TRUE,TRUE,2021-07-07,4,2,The War Next-door
TRUE,none,200000,,FALSE,FALSE,,1,1,The War of the Worlds
FALSE,none,2000000,,FALSE,FALSE,,1,1,The War with Grandpa
FALSE,Latin,1200000,,FALSE,FALSE,2018-07-24,1,1,The Warning
TRUE,none,200000,100000,FALSE,FALSE,,1,1,The Warriors
FALSE,Latin,1500000,,TRUE,TRUE,2022-01-06,1,1,The Wasteland
TRUE,none,97600000,5900000,TRUE,TRUE,2022-10-13,2,1,The Watcher
FALSE,none,100000,,FALSE,FALSE,,1,1,The Water Diviner
FALSE,none,1600000,,FALSE,FALSE,,1,1,The Water Horse: Legend of the Deep
FALSE,none,6200000,,FALSE,FALSE,2021-07-09,1,1,The Water Man
FALSE,Latin,200000,,FALSE,FALSE,,1,1,The Watermill Princess 2
FALSE,Latin,400000,,FALSE,FALSE,,2,1,The Wave
FALSE,none,500000,,FALSE,FALSE,,1,1,The Way Back (2010)
FALSE,none,1600000,,FALSE,FALSE,,1,1,The Way Back (2020)
FALSE,Latin,200000,,FALSE,FALSE,,1,1,The Way He Looks
FALSE,Korean,100000,,FALSE,FALSE,,1,1,The Way Home
FALSE,none,100000,,FALSE,FALSE,,1,1,The Way I Love You
TRUE,Japanese,1400000,100000,FALSE,FALSE,,2,1,The Way Of The Hot & Spicy
TRUE,Japanese,1800000,100000,FALSE,FALSE,,2,1,The Way of the Househusband (2020)
FALSE,Japanese,300000,,FALSE,FALSE,,1,1,The Way of The Househusband: The Movie
TRUE,Japanese,16300000,1900000,TRUE,TRUE,2021-04-08,4,2,The Way of the Househusband
FALSE,Latin,100000,,FALSE,FALSE,,1,1,The Way of the World
FALSE,Latin,200000,,FALSE,FALSE,,1,1,The Way We Are
TRUE,Chinese_or_Kanji,200000,,FALSE,FALSE,,1,1,The Way We Were
TRUE,Chinese_or_Kanji,2400000,100000,FALSE,FALSE,,2,1,The Way You Shine
TRUE,none,100000,,TRUE,TRUE,2021-04-07,1,1,The Wedding Coach
FALSE,none,8200000,,FALSE,FALSE,,1,1,The Wedding Date
FALSE,none,300000,,TRUE,TRUE,,1,1,The Wedding Party 2: Destination Dubai
FALSE,none,900000,,FALSE,FALSE,,1,1,The Wedding Planner
FALSE,Hebrew,200000,,FALSE,FALSE,,1,1,The Wedding Plan
FALSE,none,9100000,,FALSE,FALSE,,1,1,The Wedding Ringer
FALSE,Latin,100000,,FALSE,FALSE,,1,1,The Wedding Shaman
FALSE,Latin,400000,,FALSE,FALSE,,1,1,The Wedding Unplanner
FALSE,none,200000,,FALSE,FALSE,,1,1,The Wedding Veil Legacy
FALSE,none,8100000,,FALSE,FALSE,,1,1,The Wedding Year
FALSE,Latin,400000,,FALSE,FALSE,,2,1,The Wedding
FALSE,none,12400000,,TRUE,TRUE,2018-04-27,1,1,The Week Of
FALSE,none,9200000,,TRUE,TRUE,2022-03-03,1,1,The Weekend Away
FALSE,Latin,100000,,FALSE,FALSE,,1,1,The Weight Of The World On My Shoulders
FALSE,Korean,100000,,FALSE,FALSE,,1,1,The Weird Missing Case of Mr. J
FALSE,Latin,200000,,FALSE,FALSE,,1,1,The Western Condominium
FALSE,none,100000,,FALSE,FALSE,,1,1,The Whistleblower (2010)
FALSE,Cyrillic,400000,,FALSE,FALSE,,1,1,The White Crow
FALSE,Arabic,100000,,TRUE,TRUE,2016-09-16,1,1,The White Helmets
FALSE,Latin,200000,,FALSE,FALSE,,1,1,The White Masai
TRUE,none,1800000,,FALSE,FALSE,,1,1,The White Princess
TRUE,none,1800000,,FALSE,FALSE,,1,1,The White Queen
FALSE,Latin,100000,,FALSE,FALSE,,1,1,The White Ribbon
FALSE,none,5100000,,TRUE,TRUE,2021-01-22,1,1,The White Tiger
TRUE,none,6900000,600000,TRUE,TRUE,2018-05-11,2,1,The Who Was? Show
FALSE,none,500000,,FALSE,FALSE,,1,1,The Whole Nine Yards
FALSE,none,2600000,,FALSE,FALSE,,1,1,The Whole Truth (2016)
FALSE,Thai,5200000,,TRUE,TRUE,2021-12-02,1,1,The Whole Truth
TRUE,none,4100000,400000,FALSE,FALSE,,2,1,The Wiggles' World
FALSE,none,800000,,FALSE,FALSE,,1,1,"The Wiggles, Nursery Rhymes"
TRUE,none,17700000,1600000,FALSE,FALSE,,7,4,"The Wiggles: Ready, Steady, Wiggle"
FALSE,none,2100000,,FALSE,FALSE,,1,1,The Wildflower
FALSE,none,14400000,,TRUE,TRUE,2020-04-22,1,1,The Willoughbys
TRUE,Korean,15600000,200000,FALSE,FALSE,,2,1,The Wind Blows
FALSE,Japanese,1600000,,FALSE,FALSE,,1,1,The Wind Rises
TRUE,none,3600000,700000,TRUE,TRUE,,6,3,The Windsors
FALSE,Japanese,200000,,FALSE,FALSE,,1,1,The Wings of the Kirin
FALSE,Latin,100000,,FALSE,FALSE,,1,1,The Winter of The Fairies
FALSE,Latin,100000,,FALSE,FALSE,,1,1,The Wishing Tree: Childhood Memories
FALSE,none,2400000,,FALSE,FALSE,,1,1,The Witch (2015)
FALSE,Korean,600000,,FALSE,FALSE,,1,1,The Witch: Part 1 - The Subversion
FALSE,none,100000,,TRUE,TRUE,2021-12-16,1,1,"The Witcher Bestiary Season 1, Part 1"
FALSE,none,100000,,TRUE,TRUE,2021-12-16,1,1,"The Witcher Bestiary Season 1, Part 2"
TRUE,none,100000,100000,TRUE,TRUE,2020-09-02,1,1,The Witcher: A Look Inside the Episodes
TRUE,none,87900000,6600000,TRUE,TRUE,2022-12-25,2,1,The Witcher: Blood Origin
FALSE,none,900000,500000,TRUE,TRUE,2021-12-17,2,1,The Witcher: Fireplace
FALSE,none,2400000,,TRUE,TRUE,2021-08-23,1,1,The Witcher: Nightmare of the Wolf
TRUE,none,751300000,76200000,TRUE,TRUE,2019-12-20,6,3,The Witcher
FALSE,none,100000,,FALSE,FALSE,,1,1,The Witches (1990)
FALSE,none,900000,,FALSE,FALSE,,1,1,The Witches (2020)
FALSE,Korean,200000,,FALSE,FALSE,,1,1,The Witness
FALSE,none,100000,,FALSE,FALSE,,1,1,The Wolf and the Lion
FALSE,none,9100000,,FALSE,FALSE,,1,1,The Wolf of Wall Street
FALSE,Korean,100000,,FALSE,FALSE,,1,1,The Wolf Returns
FALSE,Latin,4900000,,FALSE,FALSE,2019-06-20,1,1,The Wolf's Call
FALSE,none,400000,,FALSE,FALSE,,1,1,The Wolfman
FALSE,none,200000,,FALSE,FALSE,,1,1,The Woman in Black (2012)
TRUE,none,26800000,4300000,TRUE,TRUE,2022-01-28,2,1,The Woman in the House Across the Street from the Girl in the Window
TRUE,Latin,100000,,FALSE,FALSE,,1,1,The Woman in the Septic Tank 3: The Real Untold Story of Josephine Bracken
FALSE,none,6400000,,TRUE,TRUE,2021-05-14,1,1,The Woman in the Window
FALSE,none,44900000,,FALSE,FALSE,,1,1,The Woman King
FALSE,Latin,2800000,,TRUE,TRUE,,1,1,The Womb
FALSE,Latin,900000,,TRUE,TRUE,2021-09-09,1,1,The Women and the Murderer
FALSE,Latin,11000000,,TRUE,TRUE,2023-06-09,1,1,The Wonder Weeks
TRUE,Chinese_or_Kanji,100000,,FALSE,FALSE,,1,1,The Wonder Woman
FALSE,none,300000,,FALSE,FALSE,,1,1,The Wonderful: Stories from the Space Station
FALSE,none,16600000,,TRUE,TRUE,2022-11-16,1,1,The Wonder
TRUE,Latin,12700000,1200000,TRUE,TRUE,2020-06-12,2,1,The Woods
FALSE,Latin,100000,,FALSE,FALSE,,1,1,The Word
TRUE,none,600000,,FALSE,FALSE,,1,1,The World Between Us (2021)
FALSE,Latin,100000,,FALSE,FALSE,,1,1,The World Is Mine
FALSE,Latin,700000,,FALSE,FALSE,2018-11-30,1,1,The World Is Yours
TRUE,Korean,27500000,500000,FALSE,FALSE,,2,1,The World of the Married
FALSE,none,200000,,FALSE,FALSE,,1,1,The World To Come
TRUE,none,9400000,600000,TRUE,TRUE,2021-06-18,4,2,The World's Most Amazing Vacation Rentals
FALSE,none,100000,,FALSE,FALSE,,1,1,The World's Most Dangerous Borders
FALSE,none,200000,,FALSE,FALSE,,1,1,The World's Most Extraordinary Homes: Season 2 Part A
FALSE,none,300000,,FALSE,FALSE,,1,1,The World's Most Extraordinary Homes: Season 2 Part B
TRUE,none,100000,,FALSE,FALSE,,1,1,The World's Most Extraordinary Homes
TRUE,Japanese,3700000,300000,FALSE,FALSE,,2,1,The World’s Best Assassin: To Reincarnate in a Different World Aristocrat
FALSE,Latin,100000,,FALSE,FALSE,,1,1,The Worst Christmas of My Life
FALSE,Latin,300000,,FALSE,FALSE,,1,1,The Worst Person in the World
TRUE,none,78300000,5800000,TRUE,TRUE,2017-07-21,8,4,The Worst Witch
FALSE,Arabic,800000,,FALSE,FALSE,,1,1,The Worthy
FALSE,Latin,3700000,,TRUE,TRUE,2022-06-15,1,1,The Wrath of God
FALSE,none,2200000,,FALSE,FALSE,,1,1,The Wretched
TRUE,Arabic,300000,,FALSE,FALSE,,1,1,The Writer
FALSE,none,21000000,,TRUE,TRUE,2020-05-13,1,1,The Wrong Missy
FALSE,Japanese,3100000,500000,FALSE,FALSE,,2,1,The Yakuza's Guide to Babysitting
FALSE,Latin,19100000,,TRUE,TRUE,,1,1,The Year I Started Masturbating
FALSE,none,4800000,,FALSE,FALSE,,1,1,The Yellow Birds
FALSE,none,200000,,FALSE,FALSE,,1,1,The Yeti Adventures
FALSE,Chinese_or_Kanji,3000000,,TRUE,TRUE,2021-03-19,1,1,The Yin Yang Master
FALSE,Chinese_or_Kanji,2500000,,TRUE,TRUE,2021-02-04,1,1,The Yin-Yang Master: Dream Of Eternity
FALSE,none,200000,,FALSE,FALSE,,1,1,The Young and Prodigious T.S. Spivet
FALSE,none,400000,,FALSE,FALSE,,1,1,The Young Messiah
FALSE,none,500000,,FALSE,FALSE,,1,1,The Young Offenders (2016)
FALSE,none,5100000,,FALSE,FALSE,,1,1,The Young Victoria
FALSE,none,100000,,FALSE,FALSE,,1,1,The Yukon Assignment
FALSE,none,1500000,,FALSE,FALSE,,1,1,The Zookeeper's Wife
FALSE,Devanagari,600000,,FALSE,FALSE,,1,1,The Zoya Factor
TRUE,none,900000,,FALSE,FALSE,,1,1,The-Cook-A-Long
FALSE,Latin,1600000,,FALSE,FALSE,,1,1,Theera Kadhal
FALSE,none,200000,,FALSE,FALSE,,1,1,Thelma (2011)
FALSE,Latin,200000,,FALSE,FALSE,,1,1,Them
FALSE,none,1500000,400000,TRUE,TRUE,2016-02-26,2,1,Theo Von: No Offense
FALSE,none,4600000,1600000,TRUE,TRUE,2021-10-19,2,1,Theo Von: Regular People
TRUE,Thai,300000,,FALSE,FALSE,,1,1,Theory of Love
FALSE,none,300000,,FALSE,FALSE,,1,1,There Be Dragons
TRUE,Japanese,200000,100000,FALSE,FALSE,,1,1,There Is No Other
FALSE,none,8100000,,FALSE,FALSE,,1,1,There Will Be Blood
TRUE,Cyrillic,300000,,FALSE,FALSE,,1,1,There Will Be People
TRUE,Japanese,100000,,FALSE,FALSE,,1,1,There's a Reason for the Love I'm Wearing
FALSE,none,6400000,,TRUE,TRUE,2021-10-06,1,1,There's Someone Inside Your House
TRUE,Japanese,1500000,100000,TRUE,TRUE,2022-03-28,2,1,Thermae Romae Novae
FALSE,none,100000,,FALSE,FALSE,,1,1,These Foolish Things
FALSE,Latin,100000,,FALSE,FALSE,,1,1,They Are Everywhere
FALSE,Latin,100000,,FALSE,FALSE,,1,1,They Call Me Jeeg
FALSE,none,200000,,FALSE,FALSE,,1,1,They Came Together
FALSE,none,100000,,TRUE,TRUE,2018-11-02,1,1,They’ll Love Me When I’m Dead
FALSE,Latin,600000,,TRUE,TRUE,,1,1,Thi Mai
FALSE,none,1300000,300000,TRUE,TRUE,2020-07-02,2,1,Thiago Ventura: POKAS
FALSE,Thai,400000,,FALSE,FALSE,,1,1,Thibaan The Series 2.1
FALSE,Thai,600000,,FALSE,FALSE,,1,1,Thibaan The Series 2.2
FALSE,Thai,500000,,FALSE,FALSE,,1,1,Thibaan The Series
FALSE,Thai,300000,,FALSE,FALSE,,1,1,Thibaan × BNK48
FALSE,Latin,100000,,FALSE,FALSE,,1,1,Thick As Thieves
TRUE,Latin,45400000,2000000,TRUE,TRUE,2023-04-07,2,1,Thicker Than Water
FALSE,Arabic,100000,,FALSE,FALSE,,1,1,Thieves in Thailand
TRUE,Latin,100000,,TRUE,TRUE,2020-01-02,1,1,Thieves of the Wood
FALSE,none,500000,,FALSE,FALSE,,1,1,Thimmarusu
FALSE,none,13000000,,TRUE,TRUE,2021-04-29,1,1,Things Heard & Seen
FALSE,none,1300000,,FALSE,FALSE,2020-07-03,1,1,Think Like a Dog
FALSE,none,3600000,,FALSE,FALSE,,1,1,Think Like a Man Too
FALSE,none,3400000,,FALSE,FALSE,,1,1,Think Like a Man
FALSE,Latin,100000,,FALSE,FALSE,,1,1,Third Is My First
FALSE,Korean,200000,,FALSE,FALSE,,1,1,Thirst
FALSE,none,1500000,,FALSE,FALSE,,1,1,Thirteen (2003)
TRUE,Thai,1200000,100000,FALSE,FALSE,,2,1,ThirTEEN Terrors
FALSE,Latin,1100000,,FALSE,FALSE,,1,1,"Thirty Something, Single and Fabulous"
TRUE,Korean,37400000,1100000,TRUE,TRUE,2022-02-16,2,1,Thirty-Nine
FALSE,none,2000000,,FALSE,FALSE,,1,1,Thiruvin Kural
FALSE,none,400000,,FALSE,FALSE,,1,1,This Changes Everything (2019)
FALSE,none,2300000,,FALSE,FALSE,,1,1,This Christmas
TRUE,none,200000,,FALSE,FALSE,,1,1,This Could Go Anywhere
FALSE,Latin,200000,,FALSE,FALSE,,1,1,This Earth of Mankind
FALSE,none,12500000,,FALSE,FALSE,,1,1,This Is 40
TRUE,none,3500000,300000,TRUE,TRUE,2021-04-07,2,1,This Is a Robbery: The World's Biggest Art Heist
FALSE,Latin,100000,,TRUE,TRUE,2022-01-14,1,1,This Is Not a Comedy
TRUE,none,3200000,300000,TRUE,TRUE,2021-06-22,2,1,This Is Pop
FALSE,none,7200000,,FALSE,FALSE,,1,1,This Is the End (2013)
FALSE,none,100000,,FALSE,FALSE,,1,1,This Is the Night
TRUE,none,11800000,100000,FALSE,FALSE,,7,6,This Is Us
FALSE,none,18600000,,FALSE,FALSE,,1,1,This Is Where I Leave You
FALSE,none,200000,,FALSE,FALSE,,1,1,This Lady Called Life
FALSE,none,7100000,,TRUE,TRUE,,1,1,This Little Love of Mine
FALSE,none,100000,,FALSE,FALSE,,1,1,This Time (2016)
FALSE,none,100000,,FALSE,FALSE,,1,1,This Time I'll Be Sweeter
TRUE,Latin,10700000,1100000,TRUE,TRUE,2023-06-09,2,1,This World Can't Tear Me Down
TRUE,none,23600000,1000000,FALSE,FALSE,,4,2,Thomas & Friends: All Engines Go
FALSE,none,100000,,FALSE,FALSE,,1,1,Thomas & Friends: Digs & Discoveries: All Track's Lead to Rome
FALSE,none,100000,,FALSE,FALSE,,1,1,Thomas & Friends: Digs & Discoveries: Mines of Mystery
FALSE,none,100000,,FALSE,FALSE,,1,1,Thomas & Friends: Marvelous Machinery: A New Arrival
FALSE,none,200000,,FALSE,FALSE,,1,1,Thomas & Friends: Marvelous Machinery: World of Tomorrow
FALSE,none,1200000,,FALSE,FALSE,,1,1,Thomas & Friends: Race for the Sodor Cup
FALSE,none,300000,,FALSE,FALSE,,1,1,Thomas & Friends: Steam Team to the Rescue
FALSE,none,1000000,,FALSE,FALSE,,1,1,Thomas & Friends: The Mystery of Lookout Mountain
FALSE,none,100000,,FALSE,FALSE,,1,1,Thomas & Friends: Thomas and the Royal Engine
TRUE,none,20900000,2400000,FALSE,FALSE,,11,6,Thomas and Friends
FALSE,Latin,100000,,FALSE,FALSE,,1,1,Thorium
FALSE,none,100000,,FALSE,FALSE,,1,1,Thoroughbreds
FALSE,Latin,1100000,,FALSE,FALSE,,1,1,Thoroughbred
FALSE,none,3900000,,FALSE,FALSE,,1,1,Those Who Wish Me Dead
FALSE,none,100000,,FALSE,FALSE,,1,1,Thottapan
FALSE,Korean,100000,,FALSE,FALSE,,1,1,Thread of Lies
FALSE,none,400000,,FALSE,FALSE,,1,1,Three (Telugu) (2012)
FALSE,none,700000,,FALSE,FALSE,,1,1,Three Day Millionaire
TRUE,Latin,4300000,1300000,TRUE,TRUE,2019-12-06,2,1,Three Days of Christmas
FALSE,none,100000,,FALSE,FALSE,,1,1,Three Days of Terror: The Charlie Hebdo Attacks
FALSE,none,500000,,FALSE,FALSE,,1,1,Three Identical Strangers
TRUE,none,700000,,FALSE,FALSE,,1,1,Three Kingdoms (Theatrical Release Version)
FALSE,Chinese_or_Kanji,100000,,FALSE,FALSE,,1,1,Three Little Pigs and the Magic Lamp
FALSE,Latin,100000,,FALSE,FALSE,,1,1,Three Many Weddings
FALSE,Korean,700000,,FALSE,FALSE,,1,1,Three Sisters
FALSE,none,1100000,,FALSE,FALSE,,1,1,Three Thousand Years of Longing
FALSE,Latin,100000,,FALSE,FALSE,,1,1,"Three Turkish Men, One Baby – No Idea"
FALSE,Latin,200000,,TRUE,TRUE,,1,1,Three Widows Against The World
FALSE,Latin,200000,,FALSE,FALSE,,1,1,Three Wishes for Cinderella
TRUE,none,200000,,FALSE,FALSE,,1,1,Three Wives One Husband
FALSE,none,300000,,FALSE,FALSE,,1,1,Three Words to Forever
FALSE,Chinese_or_Kanji,100000,,FALSE,FALSE,,1,1,Three
FALSE,none,900000,,FALSE,FALSE,,1,1,Thrishanku
FALSE,Latin,42900000,,TRUE,TRUE,2023-06-23,1,1,Through My Window 2: Across the Sea
FALSE,Latin,33000000,,TRUE,TRUE,2022-02-04,1,1,Through My Window
FALSE,none,100000,,FALSE,FALSE,,1,1,Through Night and Day
TRUE,Korean,6300000,200000,FALSE,FALSE,,2,1,Through the Darkness
FALSE,none,200000,,FALSE,FALSE,,1,1,Thug Life (2017)
FALSE,Korean,300000,,FALSE,FALSE,,1,1,Thumbnail Battle: The Strongest Hearts
FALSE,none,10300000,,TRUE,TRUE,2021-04-09,1,1,Thunder Force
FALSE,none,600000,,FALSE,FALSE,,1,1,Thunderstruck (2012)
FALSE,none,10500000,,FALSE,FALSE,,1,1,Thunivu (Hindi)
FALSE,none,100000,,FALSE,FALSE,,1,1,Thunivu (Kannada)
FALSE,none,300000,,FALSE,FALSE,,1,1,Thunivu (Malayalam)
FALSE,none,8100000,,FALSE,FALSE,,1,1,Thunivu
FALSE,Latin,400000,,FALSE,FALSE,,1,1,Thursday's Widows
TRUE,Latin,55300000,12400000,TRUE,TRUE,2023-09-14,1,1,Thursday's Widows
TRUE,Japanese,1200000,200000,TRUE,TRUE,2021-02-18,2,1,Thus Spoke Kishibe Rohan
FALSE,none,1400000,,TRUE,TRUE,2021-11-19,1,1,"tick, tick...BOOM!"
FALSE,none,4700000,,FALSE,FALSE,,1,1,Ticket to Paradise (2022)
FALSE,Latin,100000,,FALSE,FALSE,,1,1,Ticket to the Moon
FALSE,Korean,300000,,FALSE,FALSE,,1,1,Tidal Wave
TRUE,none,18400000,1200000,TRUE,TRUE,2018-12-14,2,1,Tidelands
FALSE,none,2600000,,FALSE,FALSE,,1,1,Tides (2021)
TRUE,none,3900000,300000,TRUE,TRUE,2019-01-01,2,1,Tidying Up with Marie Kondo
FALSE,Latin,100000,,FALSE,FALSE,,1,1,Tie Me Up! Tie Me Down!
FALSE,none,700000,,FALSE,FALSE,,1,1,Tiempo de valientes
TRUE,none,400000,,TRUE,TRUE,2019-08-13,2,2,Tiffany Haddish Presents: They Ready
FALSE,none,200000,100000,TRUE,TRUE,2019-12-03,2,1,Tiffany Haddish: Black Mitzvah
FALSE,none,200000,100000,TRUE,TRUE,,2,1,Tiffany Haddish: She Ready! From the Hood To Hollywood!
FALSE,none,300000,100000,TRUE,TRUE,2018-05-22,2,1,Tig Notaro Happy To Be Here
FALSE,none,800000,,FALSE,FALSE,2022-04-08,1,1,TIGER & BUNNY 2
FALSE,none,700000,,TRUE,TRUE,2016-12-13,1,1,TIGER & BUNNY
TRUE,Japanese,4700000,100000,FALSE,FALSE,,2,1,Tiger and Dragon
FALSE,none,2700000,300000,TRUE,TRUE,2021-11-17,2,1,Tiger King 2
FALSE,none,1900000,300000,TRUE,TRUE,2021-12-10,2,1,Tiger King: The Doc Antle Story
FALSE,none,6700000,500000,TRUE,TRUE,2020-03-20,2,1,Tiger King
FALSE,none,100000,,FALSE,FALSE,,1,1,TIGER-TEAM - DER BERG DER 1000 DRACHEN
FALSE,none,500000,100000,TRUE,TRUE,2015-07-17,2,1,Tig
TRUE,none,1400000,100000,TRUE,TRUE,2019-04-05,2,1,Tijuana
TRUE,Chinese_or_Kanji,100000,,FALSE,FALSE,2019-08-15,1,1,Til Death Do Us Part
TRUE,Latin,195000000,700000,FALSE,FALSE,2022-10-19,2,1,Til Money Do Us Part
FALSE,none,1400000,,FALSE,FALSE,,1,1,Till Death (2021)
FALSE,Latin,100000,,FALSE,FALSE,,1,1,Till Death (Azalea's Wrath)
TRUE,Arabic,8600000,300000,FALSE,FALSE,,5,3,Till Death
FALSE,Latin,100000,,FALSE,FALSE,,1,1,Till Judge Do Us Part
TRUE,none,33900000,10500000,TRUE,TRUE,2023-11-01,1,1,Till Murder Do Us Part: Soering vs. Haysom
FALSE,Chinese_or_Kanji,31500000,300000,FALSE,FALSE,,2,1,Till The End of The Moon
FALSE,none,500000,200000,FALSE,FALSE,2022-08-16,2,1,Tim Dillon: A Real Hero
FALSE,none,400000,,FALSE,FALSE,,1,1,Tim Maia
FALSE,none,100000,,FALSE,FALSE,,1,1,Time & Again (2019)
TRUE,Latin,12700000,500000,TRUE,TRUE,2022-12-25,2,1,Time Hustler
FALSE,Latin,300000,,FALSE,FALSE,,1,1,Time of Happiness
FALSE,Arabic,100000,,FALSE,FALSE,,1,1,Time Out
FALSE,Korean,100000,,FALSE,FALSE,,1,1,Time Renegades
FALSE,Latin,100000,,FALSE,FALSE,2018-11-30,1,1,Time Share
FALSE,Devanagari,200000,,FALSE,FALSE,,1,1,Time to Dance
FALSE,Korean,5800000,,TRUE,TRUE,2020-04-23,1,1,Time to Hunt
FALSE,Chinese_or_Kanji,100000,,FALSE,FALSE,,1,1,Time to Love
FALSE,none,9500000,,FALSE,FALSE,,1,1,Time Trap
FALSE,Latin,400000,,FALSE,FALSE,,1,1,Time You Change
TRUE,none,1800000,200000,TRUE,TRUE,2017-09-15,2,1,Time: The Kalief Browder Story
TRUE,none,7000000,,FALSE,FALSE,,2,2,Timeless
FALSE,Chinese_or_Kanji,100000,,FALSE,FALSE,,1,1,Time
FALSE,none,49700000,,TRUE,TRUE,2023-05-26,1,1,Tin & Tina
FALSE,none,200000,,FALSE,FALSE,,1,1,Tina
FALSE,none,400000,,FALSE,FALSE,,1,1,"Tinker, Tailor, Soldier, Spy (2011)"
TRUE,none,6100000,800000,TRUE,TRUE,2020-08-07,2,1,Tiny Creatures
FALSE,none,3000000,300000,TRUE,TRUE,2019-05-09,2,1,Tiny House Nation: Volume 1
FALSE,none,5400000,500000,TRUE,TRUE,2019-09-29,2,1,Tiny House Nation: Volume 2
TRUE,none,22000000,1200000,TRUE,TRUE,2020-12-14,2,1,Tiny Pretty Things
TRUE,none,400000,100000,FALSE,FALSE,,2,1,Tip the Mouse
FALSE,Latin,200000,,FALSE,FALSE,,1,1,Tiramisu
TRUE,Korean,1100000,100000,FALSE,FALSE,,2,1,Tish Tash
TRUE,none,198400000,11900000,FALSE,FALSE,2019-01-11,8,4,Titans
FALSE,none,2600000,100000,FALSE,FALSE,,2,1,Titeuf (2001): Saison 2
TRUE,Korean,11600000,1100000,TRUE,FALSE,,4,2,Titipo Titipo
FALSE,Arabic,300000,,FALSE,FALSE,,1,1,Title Holder
TRUE,none,2300000,300000,TRUE,TRUE,2021-08-27,2,1,Titletown High
FALSE,Arabic,100000,,FALSE,FALSE,,1,1,Tito
FALSE,none,23200000,,TRUE,TRUE,2018-08-17,1,1,To All the Boys I’ve Loved Before
FALSE,none,14500000,,TRUE,TRUE,2021-02-12,1,1,To All The Boys: Always And Forever
FALSE,none,15500000,,TRUE,TRUE,2020-02-12,1,1,To All the Boys: P.S. I Still Love You
FALSE,Korean,1200000,,FALSE,FALSE,,1,1,To All the Guys who Loved Me
FALSE,Latin,100000,,FALSE,FALSE,,1,1,To Better Days
TRUE,Cyrillic,300000,,FALSE,FALSE,,1,1,To Catch the Kaidash
FALSE,Latin,600000,,TRUE,TRUE,2018-06-24,1,1,"To Each, Her Own"
FALSE,none,9400000,,FALSE,FALSE,,1,1,To Leslie
TRUE,Japanese,600000,100000,FALSE,FALSE,,1,1,"To Live, To Die, And My Dad"
FALSE,Latin,700000,,FALSE,FALSE,,1,1,To Love Is To Grow
FALSE,Latin,100000,,FALSE,FALSE,,1,1,To Love Someone
FALSE,Thai,100000,,FALSE,FALSE,,1,1,To My Puzzle Pieces
FALSE,none,200000,,FALSE,FALSE,,1,1,To Rome With Love (2012)
FALSE,none,800000,,TRUE,TRUE,,1,1,To Russia with Love (2022)
FALSE,Latin,200000,,FALSE,FALSE,,1,1,To Save A Ghost
FALSE,Latin,100000,,FALSE,FALSE,,1,1,To Steal from a Thief
FALSE,none,6200000,,TRUE,TRUE,2017-07-14,1,1,To the Bone
FALSE,Chinese_or_Kanji,100000,,FALSE,FALSE,,1,1,To the Fore
TRUE,Cyrillic,26000000,1600000,TRUE,TRUE,2020-10-07,2,1,To the Lake
TRUE,Thai,33600000,1200000,FALSE,FALSE,,2,1,To the Moon and Back
FALSE,none,100000,,FALSE,FALSE,,1,1,To verdener
TRUE,Japanese,3200000,,FALSE,FALSE,,2,2,To Your Eternity
TRUE,Korean,300000,100000,FALSE,FALSE,,1,1,Tobot Daedo’s Heroes
FALSE,Korean,1400000,200000,TRUE,TRUE,,2,1,TOBOT Galaxy Detectives: Swag’s Secret
TRUE,Korean,16200000,700000,TRUE,TRUE,,4,2,Tobot Galaxy Detectives
FALSE,none,400000,,FALSE,FALSE,,1,1,"TOC - Transtornada, Obsessiva, Compulsiva"
FALSE,none,2400000,,TRUE,TRUE,,1,1,Toc Toc
FALSE,Latin,900000,,FALSE,FALSE,2022-03-16,1,1,Today We Fix the World
FALSE,none,200000,100000,TRUE,TRUE,2017-12-26,2,1,Todd Barry: Spicy Honey
FALSE,none,100000,,FALSE,FALSE,,1,1,Todo sobre el asado
FALSE,none,1900000,,FALSE,FALSE,,1,1,Todos queremos a alguien
FALSE,none,100000,,FALSE,FALSE,,1,1,Together Free
FALSE,none,700000,,FALSE,FALSE,,1,1,Together Together
FALSE,Latin,600000,,FALSE,FALSE,,1,1,Together
FALSE,none,2300000,,TRUE,TRUE,2022-10-05,1,1,Togo
FALSE,Devanagari,700000,,FALSE,FALSE,,1,1,Toilet: Ek Prem Katha
FALSE,none,100000,,FALSE,FALSE,,1,1,Tokan
FALSE,none,300000,,FALSE,FALSE,,1,1,Tokatçı
TRUE,Japanese,3200000,100000,FALSE,FALSE,,2,1,Tokkai: Bad Asset Wars
FALSE,none,100000,,FALSE,FALSE,,1,1,Toko Barang Mantan
TRUE,Japanese,100000,,FALSE,FALSE,,1,1,Tokusatsu Gagaga
FALSE,Japanese,100000,,FALSE,FALSE,,1,1,Tokyo Ghoul S
FALSE,Japanese,6200000,600000,FALSE,FALSE,,2,1,Tokyo Ghoul √A
FALSE,Japanese,8400000,400000,FALSE,FALSE,,2,1,Tokyo Ghoul:re
FALSE,Japanese,9000000,800000,FALSE,FALSE,,3,1,Tokyo Ghoul
TRUE,Japanese,7100000,800000,FALSE,FALSE,,1,1,Tokyo MER: Mobile Emergency Room
FALSE,Japanese,200000,,FALSE,FALSE,,1,1,Tokyo Revengers
TRUE,Japanese,7500000,300000,FALSE,FALSE,,2,1,Tokyo Revengers
TRUE,Japanese,200000,,FALSE,FALSE,,1,1,Tokyo Tarareba Girls
TRUE,none,900000,100000,TRUE,TRUE,,2,1,Tokyo Trial
TRUE,Japanese,100000,,FALSE,FALSE,,1,1,Tokyo Twenty Fourth Ward
TRUE,none,1200000,200000,FALSE,FALSE,,1,1,Tokyo Vice
FALSE,none,800000,,FALSE,FALSE,,1,1,Tolo Tolo
TRUE,none,49200000,7200000,FALSE,FALSE,,4,2,Tom and Jerry Tales
FALSE,none,800000,,FALSE,FALSE,,1,1,Tom and Jerry: The Movie
FALSE,none,2900000,,FALSE,FALSE,,1,1,Tom and Jerry
FALSE,none,400000,200000,FALSE,FALSE,,2,1,Tom Papa Live in New York City
FALSE,none,1700000,600000,TRUE,TRUE,2022-12-13,2,1,Tom Papa: What A Day!
FALSE,none,900000,400000,TRUE,TRUE,2020-02-04,2,1,Tom Papa: You're Doing Great!
FALSE,none,3600000,1700000,TRUE,TRUE,2020-03-24,2,1,Tom Segura: Ball Hog
FALSE,none,1100000,100000,FALSE,FALSE,,2,1,Tom Segura: Completely Normal
FALSE,none,3700000,1500000,TRUE,TRUE,2018-01-12,2,1,Tom Segura: Disgraceful
FALSE,none,2200000,1000000,TRUE,TRUE,2016-01-08,2,1,Tom Segura: Mostly Stories
FALSE,none,12200000,11800000,TRUE,TRUE,2023-07-04,1,1,Tom Segura: Sledgehammer
FALSE,Thai,100000,,FALSE,FALSE,,1,1,Tom Yum Goong
FALSE,Korean,2300000,,FALSE,FALSE,,1,1,Tomb of the River
FALSE,none,100000,,FALSE,FALSE,,1,1,Tomb Raider
FALSE,none,500000,,FALSE,FALSE,,1,1,Tomcats (2001)
TRUE,Japanese,1600000,100000,FALSE,FALSE,,2,1,Tomo-chan Is a Girl!
FALSE,Japanese,100000,,FALSE,FALSE,,1,1,Tomodachi Game 2
FALSE,Japanese,100000,,FALSE,FALSE,,1,1,Tomorrow's Dinner Table
TRUE,Korean,55600000,1800000,TRUE,TRUE,2022-04-01,2,1,Tomorrow
FALSE,none,300000,,FALSE,FALSE,,1,1,Toni Morrison: The Pieces I Am
FALSE,Latin,30300000,,TRUE,TRUE,2023-03-01,1,1,Tonight You're Sleeping with Me
FALSE,Japanese,100000,,FALSE,FALSE,,1,1,Tonkatsu-DJ Agetaro
FALSE,none,400000,,TRUE,TRUE,2021-01-06,1,1,Tony Parker: The Final Shot
FALSE,none,1000000,,TRUE,TRUE,2016-07-15,1,1,Tony Robbins: I Am Not Your Guru
FALSE,Korean,100000,,FALSE,FALSE,,1,1,Too Beautiful to Lie
FALSE,none,1500000,,FALSE,FALSE,,1,1,Too Close for Christmas
FALSE,Latin,500000,,FALSE,FALSE,,1,1,Too Handsome to Handle
TRUE,Latin,13300000,700000,TRUE,TRUE,2021-07-21,4,2,Too Hot to Handle: Brazil
TRUE,none,48600000,1100000,TRUE,TRUE,2023-02-28,2,1,Too Hot to Handle: Germany
TRUE,Latin,5300000,400000,TRUE,TRUE,2021-09-15,2,1,Too Hot To Handle: Latino
TRUE,none,231500000,19600000,TRUE,TRUE,2020-04-17,9,5,Too Hot to Handle
FALSE,Latin,6100000,,TRUE,TRUE,2022-07-18,1,1,Too Old for Fairy Tales
FALSE,none,200000,,FALSE,FALSE,,1,1,Too Young the Hero
FALSE,Japanese,100000,,FALSE,FALSE,,1,1,Too Young To Die!
FALSE,Devanagari,1000000,,FALSE,FALSE,,1,1,Toolsidas Junior
TRUE,none,100000,,TRUE,TRUE,2019-10-18,1,1,Toon
TRUE,Devanagari,10400000,200000,TRUE,TRUE,2023-04-20,2,1,Tooth Pari: When Love Bites
FALSE,Thai,500000,,TRUE,TRUE,,1,1,Tootsies & The Fake
TRUE,none,16100000,3600000,TRUE,TRUE,,4,2,Top Boy: Summerhouse
TRUE,none,205600000,25600000,TRUE,TRUE,2019-09-13,5,3,Top Boy
TRUE,none,11200000,1100000,FALSE,FALSE,,3,3,Top Chef (2006)
FALSE,none,100000,,FALSE,FALSE,,1,1,Top End Wedding
TRUE,none,2100000,100000,FALSE,FALSE,,6,5,Top Gear (2003)
FALSE,none,4700000,,FALSE,FALSE,,1,1,Top Gun: Maverick
FALSE,none,10100000,,FALSE,FALSE,,1,1,Top Gun
TRUE,none,700000,,FALSE,FALSE,,2,2,Top of the Lake
TRUE,none,25000000,2500000,TRUE,TRUE,2021-08-03,2,1,Top Secret UFO Projects: Declassified
TRUE,none,5400000,200000,FALSE,FALSE,,2,1,Top Wing
TRUE,Japanese,1900000,,FALSE,FALSE,,1,1,Tora-san Series
FALSE,Japanese,100000,,FALSE,FALSE,,1,1,"Tora-san, Wish You Were Here"
TRUE,Japanese,8500000,400000,FALSE,FALSE,,2,1,Toradora!
FALSE,Devanagari,700000,,TRUE,TRUE,,1,1,Torbaaz
TRUE,none,5700000,1800000,TRUE,TRUE,2023-10-27,1,1,Tore
FALSE,Korean,700000,300000,FALSE,FALSE,,2,1,Toriroti 1
FALSE,Korean,700000,300000,FALSE,FALSE,,2,1,Toriroti 2
FALSE,Korean,600000,200000,FALSE,FALSE,,2,1,Toriroti: Toritori 3
FALSE,Korean,600000,200000,FALSE,FALSE,,2,1,Toriroti: Toritori 4
TRUE,Korean,400000,200000,FALSE,FALSE,,1,1,Toriroti
TRUE,none,200000,,FALSE,FALSE,,1,1,Tornado
FALSE,none,100000,,FALSE,FALSE,,1,1,Torno indietro e cambio vita
FALSE,none,400000,,FALSE,FALSE,,1,1,Toro (2016)
TRUE,Japanese,500000,100000,FALSE,FALSE,,1,1,Torosamon no kuzumenntari
FALSE,none,400000,,FALSE,FALSE,,1,1,Torpedo: U-235
FALSE,Latin,300000,,FALSE,FALSE,,1,1,Torrente 2: Mission in Marbella
FALSE,none,200000,,FALSE,FALSE,,1,1,Torrente 3: El protector
FALSE,none,300000,,FALSE,FALSE,,1,1,Torrente 4: Lethal Crisis
FALSE,none,400000,,FALSE,FALSE,,1,1,Torrente 5: Operacion Eurovegas
FALSE,Latin,400000,,FALSE,FALSE,,1,1,Torrente: The Dumb Arm of the Law
FALSE,none,8100000,,TRUE,TRUE,2022-05-18,1,1,Toscana
FALSE,none,60700000,3500000,FALSE,FALSE,,2,1,Total Drama Island
FALSE,none,30900000,1800000,FALSE,FALSE,,2,1,Total Drama: Action
FALSE,none,6600000,800000,FALSE,FALSE,,2,1,Total Drama: All Stars
FALSE,none,4900000,600000,FALSE,FALSE,,2,1,Total Drama: Pahkitew Island
FALSE,none,6300000,800000,FALSE,FALSE,,2,1,Total Drama: Revenge of the Island
FALSE,none,7100000,400000,FALSE,FALSE,,2,1,Total Drama: The Ridonculous Race
FALSE,none,16900000,1100000,FALSE,FALSE,,2,1,Total Drama: World Tour
FALSE,none,200000,,FALSE,FALSE,,1,1,Total Recall (1990)
FALSE,none,700000,,FALSE,FALSE,,1,1,Total Recall (2012)
FALSE,Latin,100000,,FALSE,FALSE,,1,1,Totally Innocent
TRUE,none,4700000,200000,FALSE,FALSE,,4,2,Totally Spies!
FALSE,none,100000,,FALSE,FALSE,,1,1,Totem (2017)
FALSE,Latin,9500000,7100000,FALSE,FALSE,,2,1,Totoy Kids - Hungry Hungry José
FALSE,none,6500000,,FALSE,FALSE,,1,1,Totoy Kids - José Comilão 2
FALSE,Latin,1600000,1200000,FALSE,FALSE,,2,1,Totoy Kids - Musical Series
FALSE,none,100000,,FALSE,FALSE,,1,1,Toubab
FALSE,Korean,12600000,,TRUE,TRUE,,1,1,Touch Your Heart
TRUE,Korean,4200000,200000,TRUE,TRUE,,1,1,Touch Your Heart
FALSE,none,200000,,FALSE,FALSE,,1,1,Touching the Void
TRUE,Japanese,300000,,FALSE,FALSE,,1,1,Touch
FALSE,none,100000,,FALSE,FALSE,,1,1,Tough Boats: Journey Down the Nile
TRUE,Latin,36100000,2600000,TRUE,FALSE,2023-06-08,2,1,Tour de France: Unchained
FALSE,none,200000,,FALSE,FALSE,,1,1,Tout nous sépare
FALSE,none,8500000,,FALSE,FALSE,,1,1,Tower Heist
TRUE,Korean,200000,,FALSE,FALSE,,1,1,Tower of God
FALSE,Korean,800000,,FALSE,FALSE,,1,1,Toxic
FALSE,none,100000,,FALSE,FALSE,,1,1,Toxikoma
TRUE,none,46600000,1900000,FALSE,FALSE,2020-02-28,4,2,Toy Boy
FALSE,Latin,100000,,FALSE,FALSE,,1,1,Trabant: There and Back Again
FALSE,none,300000,,FALSE,FALSE,,1,1,Tracks (2013)
FALSE,none,200000,100000,TRUE,TRUE,2017-05-16,2,1,Tracy Morgan: Staying Alive
FALSE,none,900000,,FALSE,FALSE,,1,1,Trading Paint
FALSE,none,4700000,,FALSE,FALSE,,1,1,Traffic (2000)
FALSE,Latin,200000,,FALSE,FALSE,,1,1,Traffic Department
FALSE,none,1100000,,FALSE,FALSE,,1,1,Traffik (2018)
FALSE,Latin,900000,,FALSE,FALSE,2021-06-09,1,1,Tragic Jungle
FALSE,none,300000,100000,TRUE,TRUE,2014-11-14,2,1,Trailer Park Boys Live at the North Pole
FALSE,none,200000,100000,TRUE,TRUE,2014-05-31,2,1,Trailer Park Boys Live In F**kin' Dublin
FALSE,none,1100000,,FALSE,FALSE,,1,1,Trailer Park Boys: Countdown to Liquor Day
FALSE,none,100000,,FALSE,FALSE,,1,1,Trailer Park Boys: Don't Legalize It
FALSE,none,100000,,TRUE,TRUE,2015-12-09,1,1,"Trailer Park Boys: Drunk, High and Unemployed: Live in Austin"
TRUE,none,1900000,200000,TRUE,TRUE,2016-10-28,2,1,Trailer Park Boys: Out of the Park: Europe
TRUE,none,2800000,300000,TRUE,TRUE,2017-11-24,2,1,Trailer Park Boys: Out of the Park: USA
FALSE,none,300000,,TRUE,TRUE,,1,1,Trailer Park Boys: Say Goodnight to the Bad Guys
TRUE,none,13500000,1400000,TRUE,TRUE,2019-03-31,4,2,Trailer Park Boys: The Animated Series
FALSE,none,1400000,,FALSE,FALSE,,1,1,Trailer Park Boys: The Movie
FALSE,none,200000,,TRUE,TRUE,,1,1,Trailer Park Boys: Xmas Special
TRUE,none,143700000,18900000,TRUE,TRUE,2010-09-22,24,12,Trailer Park Boys
FALSE,Korean,7800000,,FALSE,FALSE,,1,1,Train to Busan
FALSE,none,2000000,,FALSE,FALSE,,1,1,Training Day (2001)
FALSE,none,200000,,FALSE,FALSE,,1,1,Trainwreck (2015)
FALSE,none,8300000,1300000,TRUE,TRUE,2022-08-03,2,1,Trainwreck: Woodstock '99
TRUE,none,4800000,500000,TRUE,TRUE,2019-03-29,2,1,Traitors
FALSE,none,100000,,TRUE,TRUE,2017-04-21,1,1,Tramps
TRUE,none,53400000,1400000,TRUE,TRUE,2023-04-07,2,1,Transatlantic
FALSE,none,500000,,FALSE,FALSE,,1,1,Transcendence (2014)
FALSE,none,15000000,,FALSE,FALSE,,1,1,Transformers (2007)
TRUE,none,13500000,1400000,FALSE,FALSE,,2,1,Transformers Earthspark
TRUE,none,7800000,400000,FALSE,FALSE,,2,1,Transformers Prime
TRUE,none,3700000,200000,FALSE,FALSE,,2,1,Transformers Rescue Bots Academy
FALSE,none,17900000,,FALSE,FALSE,,1,1,Transformers: Age of Extinction
TRUE,none,6600000,700000,FALSE,FALSE,2022-03-25,2,1,Transformers: BotBots
TRUE,none,1800000,200000,FALSE,FALSE,,4,2,Transformers: Cyberverse
FALSE,none,28100000,,FALSE,FALSE,,1,1,Transformers: Dark of the Moon
TRUE,none,6200000,300000,FALSE,FALSE,,2,1,Transformers: Rescue Bots
FALSE,none,28300000,,FALSE,FALSE,,1,1,Transformers: Revenge of the Fallen
TRUE,none,2800000,100000,FALSE,FALSE,,2,1,Transformers: Robots in Disguise (2015)
FALSE,none,20300000,,FALSE,FALSE,,1,1,Transformers: The Last Knight
FALSE,none,2800000,400000,TRUE,TRUE,2020-12-30,2,1,Transformers: War for Cybertron: Earthrise: Earthrise
FALSE,none,4300000,600000,TRUE,TRUE,2021-07-29,2,1,Transformers: War for Cybertron: Kingdom: Kingdom
FALSE,none,2700000,500000,TRUE,TRUE,2020-07-30,2,1,Transformers: War for Cybertron: Siege: Siege
FALSE,none,100000,,FALSE,FALSE,,1,1,Transition
TRUE,none,4700000,400000,FALSE,FALSE,,3,3,Transplant
FALSE,none,200000,,FALSE,FALSE,,1,1,Transporter 2
FALSE,none,500000,,FALSE,FALSE,,1,1,Transporter 3
FALSE,none,100000,,FALSE,FALSE,,1,1,Trapped (2002)
FALSE,none,100000,,FALSE,FALSE,,1,1,Trapped (2008)
TRUE,none,12900000,800000,FALSE,FALSE,,4,2,Trapped (2015)
TRUE,Japanese,400000,200000,FALSE,FALSE,,1,1,Trapped Lemming
TRUE,none,37300000,6500000,TRUE,TRUE,2020-11-10,4,2,Trash Truck
FALSE,Latin,600000,,FALSE,FALSE,,1,1,Trash
TRUE,none,1000000,,FALSE,FALSE,,5,5,Trauma (2010)
FALSE,none,200000,,FALSE,FALSE,,1,1,Trauma Center (2019)
FALSE,none,500000,,FALSE,FALSE,,1,1,Traumfrauen
TRUE,none,900000,100000,FALSE,FALSE,,6,5,Travel Man: 48 Hours in...
TRUE,none,70000000,3400000,TRUE,TRUE,2016-12-23,6,3,Travelers
FALSE,none,1400000,,FALSE,FALSE,,1,1,Travelin' Band: Creedence Clearwater Revival at the Royal Albert Hall
FALSE,Latin,100000,,FALSE,FALSE,,1,1,Travelling thru time!
FALSE,Korean,700000,,FALSE,FALSE,,1,1,Travelogue Earth: 2021-2022
FALSE,Korean,600000,,FALSE,FALSE,,1,1,Travelogue Earth: 2023
TRUE,Korean,400000,,FALSE,FALSE,,1,1,Travelogue Earth
FALSE,none,500000,,TRUE,TRUE,2019-08-28,1,1,Travis Scott: Look Mom I Can Fly
FALSE,none,700000,,FALSE,FALSE,,1,1,Tre metri sopra il cielo
FALSE,none,100000,,FALSE,FALSE,,1,1,Tre tigri contro tre tigri
FALSE,none,500000,,FALSE,FALSE,,1,1,Tre uomini e una gamba
TRUE,none,97800000,6700000,TRUE,TRUE,2022-12-26,2,1,Treason
TRUE,none,100000,,FALSE,FALSE,,1,1,Tree House Tales
TRUE,none,4700000,500000,TRUE,TRUE,2018-06-08,4,2,Treehouse Detectives
FALSE,none,2300000,,TRUE,TRUE,2022-06-10,1,1,Trees of Peace
FALSE,Latin,100000,,FALSE,FALSE,,1,1,Trekking the Great Wall
FALSE,none,2200000,,FALSE,FALSE,,1,1,Tremors (1990)
FALSE,none,400000,,FALSE,FALSE,,1,1,Tremors 2: Aftershocks
FALSE,none,100000,,FALSE,FALSE,,1,1,Tremors 5:  Bloodline
FALSE,none,1600000,,FALSE,FALSE,,1,1,Tremors: Shrieker Island
FALSE,Latin,100000,,FALSE,FALSE,,1,1,"Trenk, the Little Knight"
FALSE,none,100000,,FALSE,FALSE,,1,1,Tres 60
FALSE,none,600000,,FALSE,FALSE,,1,1,Tres metros sobre el cielo
TRUE,none,2600000,400000,TRUE,TRUE,2021-06-10,2,1,Trese
FALSE,none,1000000,400000,TRUE,TRUE,2017-02-21,2,1,Trevor Noah: Afraid of the Dark
FALSE,none,4000000,1800000,TRUE,TRUE,2022-11-22,2,1,Trevor Noah: I Wish You Would
FALSE,none,1000000,500000,TRUE,TRUE,2018-11-20,2,1,Trevor Noah: Son of Patricia
FALSE,none,6300000,5600000,FALSE,FALSE,2023-12-19,1,1,Trevor Noah: Where Was I
TRUE,Chinese_or_Kanji,3600000,400000,TRUE,TRUE,2019-12-06,2,1,Triad Princess
TRUE,none,6200000,600000,TRUE,TRUE,2020-11-11,2,1,Trial 4
FALSE,none,3200000,,FALSE,FALSE,,1,1,Trial by Fire (2018)
TRUE,Devanagari,15300000,400000,TRUE,TRUE,2023-01-12,2,1,Trial by Fire
TRUE,none,4700000,300000,TRUE,TRUE,2020-05-11,2,1,Trial By Media
FALSE,none,100000,,FALSE,FALSE,,1,1,Triangle (2009)
TRUE,none,10600000,1000000,TRUE,TRUE,2021-02-19,2,1,Tribes of Europa
FALSE,Devanagari,800000,,TRUE,TRUE,2021-01-15,1,1,Tribhanga - Tedhi Medhi Crazy
FALSE,Japanese,100000,,FALSE,FALSE,,1,1,Trick Shinsaku Special: TRICK SPECIAL
FALSE,Japanese,200000,,FALSE,FALSE,,1,1,Trick The Movie: Last Stage
FALSE,Japanese,100000,,FALSE,FALSE,,1,1,Trick the Movie: Psychic Battle Royale
FALSE,Japanese,100000,,FALSE,FALSE,,1,1,Trick: The Movie 2
FALSE,Japanese,200000,,FALSE,FALSE,,1,1,Trick: The Movie
FALSE,Chinese_or_Kanji,200000,,FALSE,FALSE,,1,1,Tricky Brains
TRUE,none,100000,,TRUE,TRUE,2019-01-18,1,1,Trigger Warning with Killer Mike
FALSE,none,700000,100000,FALSE,FALSE,,1,1,Trigun Stampede
TRUE,none,800000,,FALSE,FALSE,,1,1,Trigun
TRUE,Japanese,10900000,1400000,FALSE,FALSE,,1,1,Trillion Game
FALSE,none,100000,,FALSE,FALSE,,1,1,"Trinity, The Nekad Traveler"
TRUE,none,11400000,1200000,TRUE,TRUE,2019-06-14,4,2,Trinkets
FALSE,none,7700000,,FALSE,FALSE,,1,1,Triple 9
FALSE,none,26500000,,TRUE,TRUE,2019-03-13,1,1,Triple Frontier
FALSE,none,400000,,FALSE,FALSE,2019-03-22,1,1,Triple Threat
FALSE,Latin,100000,,FALSE,FALSE,,1,1,Triple Trouble
FALSE,none,300000,,TRUE,TRUE,2021-06-04,1,1,Trippin' with the Kandasamys
TRUE,Latin,167900000,5000000,TRUE,TRUE,2023-02-22,2,1,Triptych
FALSE,none,100000,,FALSE,FALSE,,1,1,Triumph of the Heart
TRUE,none,4100000,400000,TRUE,TRUE,2022-04-01,2,1,Trivia Quest
FALSE,none,4600000,13000000,TRUE,TRUE,2022-11-08,2,1,Triviaverse
TRUE,Korean,45500000,400000,TRUE,TRUE,2022-12-19,2,1,Trolley
FALSE,none,8600000,,TRUE,TRUE,2021-07-21,1,1,Trollhunters: Rise of the Titans
TRUE,none,94600000,6200000,TRUE,TRUE,2016-12-23,6,3,Trollhunters: Tales of Arcadia
FALSE,none,3900000,,TRUE,TRUE,,1,1,Trolls Holiday Special
FALSE,none,28900000,,FALSE,FALSE,,1,1,Trolls World Tour
TRUE,none,63000000,11800000,TRUE,TRUE,2018-01-19,16,8,Trolls: The Beat Goes On!
FALSE,none,73400000,,FALSE,FALSE,,1,1,Trolls
FALSE,none,36600000,,TRUE,TRUE,2022-12-01,1,1,Troll
FALSE,none,300000,,FALSE,FALSE,,1,1,Troppo napoletano
FALSE,none,13800000,1300000,FALSE,FALSE,,2,1,Trotro
FALSE,none,600000,,FALSE,FALSE,,1,1,Trouble (2019)
FALSE,Latin,100000,,FALSE,FALSE,,1,1,Trouble Everywhere
TRUE,none,25900000,1500000,TRUE,TRUE,2018-04-06,2,1,Troy: Fall of a City
FALSE,none,5800000,,FALSE,FALSE,,1,1,Troy
FALSE,none,7300000,2200000,TRUE,TRUE,2019-05-03,2,1,True and the Rainbow Kingdom: Mushroom Town
FALSE,none,900000,200000,FALSE,FALSE,2017-10-27,2,1,True and the Rainbow Kingdom: The Rainbow Kingdom Part B
FALSE,none,20600000,2500000,TRUE,TRUE,2017-08-11,2,1,True and the Rainbow Kingdom: The Rainbow Kingdom
FALSE,none,13100000,3100000,TRUE,TRUE,2019-08-30,2,1,True and the Rainbow Kingdom: Wild Wild Yetis
FALSE,Korean,87300000,,FALSE,FALSE,,1,1,True Beauty
TRUE,Korean,174800000,8700000,FALSE,FALSE,,1,1,True Beauty
TRUE,none,91600000,8800000,FALSE,FALSE,,7,7,True Blood
TRUE,none,1300000,400000,FALSE,FALSE,,1,1,True Colours
FALSE,none,700000,,FALSE,FALSE,,1,1,True Grit (2010)
FALSE,none,4200000,,TRUE,TRUE,2016-11-11,1,1,True Memoirs of an International Assassin
FALSE,Japanese,100000,,FALSE,FALSE,,1,1,True Mothers
FALSE,Japanese,200000,,FALSE,FALSE,,1,1,True Scary Story -Accident property entertainer-2
FALSE,Japanese,100000,,FALSE,FALSE,,1,1,True Scary Story -Accident property entertainer-3
FALSE,Japanese,100000,,FALSE,FALSE,,1,1,True Scary Story -Accident property entertainer-4
FALSE,Japanese,100000,,FALSE,FALSE,,1,1,True Scary Story -Accident property entertainer-
FALSE,none,56700000,,TRUE,TRUE,2023-02-03,1,1,True Spirit
TRUE,none,9200000,900000,TRUE,TRUE,2021-11-24,2,1,True Story
FALSE,Korean,5700000,,FALSE,FALSE,,1,1,True to Love
TRUE,Korean,1200000,100000,FALSE,FALSE,,1,1,True to Love
FALSE,none,900000,1100000,TRUE,TRUE,2019-07-12,2,1,True Tunes: Songs
FALSE,none,1200000,,TRUE,TRUE,2020-09-01,1,1,True: Friendship Day
FALSE,none,600000,,TRUE,TRUE,2019-11-01,1,1,True: Grabbleapple Harvest
FALSE,none,700000,,TRUE,TRUE,2019-02-01,1,1,True: Happy Hearts Day
TRUE,none,9000000,2200000,TRUE,TRUE,2018-06-15,2,1,True: Magical Friends
FALSE,none,1200000,,TRUE,TRUE,2020-06-02,1,1,True: Rainbow Rescue
TRUE,none,6000000,3000000,TRUE,TRUE,2020-05-12,2,1,True: Terrific Tales
FALSE,none,1400000,,TRUE,TRUE,2019-09-20,1,1,True: Tricky Treat Day
FALSE,none,1700000,,TRUE,TRUE,2019-11-26,1,1,True: Winter Wishes
TRUE,none,13100000,3100000,TRUE,TRUE,2018-06-15,2,1,True: Wonderful Wishes
FALSE,none,800000,,TRUE,TRUE,2020-03-27,1,1,True: Wuzzle Wegg Day
FALSE,none,100000,,FALSE,FALSE,,1,1,Truman (2015)
TRUE,none,5700000,800000,TRUE,TRUE,2018-03-30,2,1,Trump: An American Dream
FALSE,none,3900000,,FALSE,FALSE,,1,1,Trust (2021)
TRUE,none,2600000,700000,FALSE,FALSE,,1,1,Trust Me (2017)
FALSE,none,2100000,,TRUE,TRUE,2022-03-30,1,1,Trust No One: The Hunt for the Crypto King
FALSE,Thai,300000,,FALSE,FALSE,,1,1,Truth Reveals
FALSE,none,100000,,FALSE,FALSE,,1,1,Tsotsi
FALSE,Japanese,3300000,500000,FALSE,FALSE,,2,1,TSUKIMICHI -Moonlit Fantasy-
FALSE,Japanese,1800000,100000,FALSE,FALSE,,2,1,Tsurune -Linking Shot-
TRUE,Japanese,1300000,100000,FALSE,FALSE,,2,1,Tsurune
FALSE,Devanagari,27100000,,FALSE,FALSE,,1,1,Tu Jhoothi Main Makkaar
FALSE,none,100000,,FALSE,FALSE,,1,1,Tu Mi Nascondi Qualcosa
TRUE,none,1900000,200000,TRUE,TRUE,2019-05-03,2,1,Tuca & Bertie
FALSE,none,600000,,FALSE,FALSE,,1,1,Tucker and Dale vs. Evil
FALSE,none,800000,,FALSE,FALSE,,1,1,Tucker: The Man and His Dream
FALSE,none,600000,,FALSE,FALSE,,1,1,Tuesdays & Fridays
FALSE,none,200000,,FALSE,FALSE,,1,1,Tughlaq Durbar (Telugu)
FALSE,none,300000,,FALSE,FALSE,,1,1,Tughlaq Durbar
FALSE,none,100000,,FALSE,FALSE,,1,1,Tulip Fever
FALSE,none,800000,,FALSE,FALSE,,1,1,Tully (2018)
TRUE,none,200000,,FALSE,FALSE,,1,1,Tundukkan Playboy Itu
FALSE,Korean,2100000,,TRUE,TRUE,2019-11-05,1,1,Tune in for Love
TRUE,none,300000,,FALSE,FALSE,,1,1,Tunnel (2019)
FALSE,Korean,2800000,,FALSE,FALSE,,1,1,Tunnel
TRUE,Thai,2900000,100000,TRUE,TRUE,,2,1,Tunnel
TRUE,none,500000,100000,FALSE,FALSE,,2,1,Tuntematon sotilas
FALSE,none,41100000,,FALSE,FALSE,,1,1,Turbo (2013)
TRUE,none,5000000,,FALSE,FALSE,2013-12-24,3,3,Turbo FAST
FALSE,Latin,300000,,FALSE,FALSE,,1,1,Turkish Dance School
FALSE,Latin,1400000,,FALSE,FALSE,,1,1,Turkish for Beginners
FALSE,Latin,100000,,FALSE,FALSE,,1,1,Turkish Tiger
TRUE,Latin,42700000,2000000,TRUE,TRUE,2023-05-26,2,1,Turn of the Tide
TRUE,Japanese,6300000,700000,FALSE,FALSE,,1,1,Turn to me Mukai-kun
TRUE,none,7500000,800000,TRUE,TRUE,2019-03-15,2,1,Turn Up Charlie
FALSE,Korean,100000,,FALSE,FALSE,,1,1,Turning Mecard W
TRUE,none,20000000,1800000,TRUE,TRUE,2021-09-01,2,1,Turning Point: 9/11 and the War on Terror
FALSE,Latin,100000,,FALSE,FALSE,,1,1,Tuscan Wedding
FALSE,none,100000,,FALSE,FALSE,,1,1,Tutta colpa di Freud (2014)
FALSE,none,100000,,FALSE,FALSE,,1,1,Tutta la vita davanti
FALSE,none,900000,,FALSE,FALSE,,1,1,Tutta un'altra vita
FALSE,none,100000,,FALSE,FALSE,,1,1,Tutte lo vogliono
FALSE,none,100000,,FALSE,FALSE,,1,1,Tutti per 1 – 1 per Tutti
FALSE,none,100000,,FALSE,FALSE,,1,1,Tutti per Uma
TRUE,Korean,200000,,FALSE,FALSE,,1,1,TV Kindergarten I can do it with Kkoya
TRUE,Korean,800000,100000,FALSE,FALSE,,2,1,TV Kindergarten I wanna cook with Kkoya
TRUE,none,6400000,500000,TRUE,TRUE,2019-07-29,2,1,Twelve Forever
TRUE,Chinese_or_Kanji,200000,,FALSE,FALSE,,1,1,Twelve Legends
TRUE,Korean,200000,,FALSE,FALSE,,1,1,Twelve Nights
TRUE,Korean,83200000,1800000,TRUE,TRUE,2022-02-12,2,1,Twenty Five Twenty One
TRUE,Chinese_or_Kanji,1400000,,FALSE,FALSE,,2,2,Twenty Your Life On
TRUE,none,3800000,100000,TRUE,TRUE,2021-12-10,2,1,Twentysomethings: Austin
FALSE,Korean,400000,,FALSE,FALSE,,1,1,Twenty
TRUE,Latin,1000000,200000,TRUE,TRUE,2019-12-19,2,1,Twice Upon A Time
FALSE,none,21900000,,FALSE,FALSE,,1,1,Twilight (2008)
FALSE,none,100000,,FALSE,FALSE,,1,1,Twilight of the Yakuza
FALSE,Japanese,100000,,FALSE,FALSE,,1,1,Twilight: Saya in Sasara
FALSE,Latin,5500000,,FALSE,FALSE,2020-03-06,1,1,Twin Murders: the Silence of the White City
FALSE,Latin,800000,,FALSE,FALSE,,1,1,Twin Sisters
TRUE,Korean,300000,,FALSE,FALSE,,2,2,Twinkle Pri☆channel
FALSE,none,9100000,,FALSE,FALSE,,1,1,Twins (1988)
FALSE,Chinese_or_Kanji,100000,,FALSE,FALSE,,1,1,Twins Mission
TRUE,none,7900000,400000,FALSE,FALSE,,2,1,Twirlywoos
FALSE,Japanese,400000,,FALSE,FALSE,,1,1,Twisted Justice
FALSE,none,100000,,FALSE,FALSE,,1,1,Twister (1996)
FALSE,Latin,100000,,FALSE,FALSE,,1,1,Twivortiare: Is It Love?
TRUE,none,16300000,1100000,FALSE,FALSE,,23,12,Two and a Half Men
FALSE,Latin,100000,,FALSE,FALSE,,1,1,Two Blue Stripes
FALSE,Latin,100000,,FALSE,FALSE,,1,1,Two Brides and One Wedding
FALSE,Latin,500000,,FALSE,FALSE,,1,1,Two Brothers
FALSE,Latin,100000,,TRUE,TRUE,2018-09-28,1,1,Two Catalonias
FALSE,none,600000,,TRUE,TRUE,2021-04-09,1,1,Two Distant Strangers
TRUE,Chinese_or_Kanji,800000,,FALSE,FALSE,,1,1,Two Fathers
FALSE,none,200000,,FALSE,FALSE,,1,1,Two for the Money
FALSE,none,100000,,FALSE,FALSE,,1,1,Two Hands
FALSE,Latin,700000,,FALSE,FALSE,,1,1,Two Hearts
TRUE,Japanese,100000,,FALSE,FALSE,,1,1,Two Homelands
FALSE,Latin,100000,,FALSE,FALSE,,1,1,Two Hours to Kill
FALSE,Latin,100000,,FALSE,FALSE,,1,1,Two Irenes
FALSE,Latin,500000,,FALSE,FALSE,,1,1,Two Is a Family
FALSE,none,1000000,,FALSE,FALSE,,1,1,Two Lovers and a Bear
TRUE,Latin,900000,300000,FALSE,FALSE,,2,1,Two Santas
TRUE,none,4600000,700000,FALSE,FALSE,,6,3,Two Sentence Horror Stories
TRUE,Latin,9300000,700000,FALSE,FALSE,2022-06-03,2,1,Two Summers
FALSE,Latin,300000,,FALSE,FALSE,,1,1,Two Times You
FALSE,Latin,500000,,FALSE,FALSE,,1,1,Two Types of People
FALSE,none,1000000,,FALSE,FALSE,,1,1,Two Weeks Notice
FALSE,none,400000,100000,TRUE,TRUE,,2,1,Two Weeks to a Stronger Core: Volume 1
TRUE,Korean,400000,,TRUE,TRUE,2020-06-26,1,1,Twogether
FALSE,Latin,1000000,,TRUE,TRUE,2021-12-10,1,1,Two
FALSE,none,400000,,FALSE,FALSE,,1,1,Tyler Perry's A Madea Christmas
FALSE,none,13300000,,FALSE,FALSE,,1,1,Tyler Perry's I Can Do Bad All by Myself
FALSE,none,200000,,FALSE,FALSE,,1,1,Tyler Perry's Madea's Big Happy Family
FALSE,none,100000,,FALSE,FALSE,,1,1,Tyler Perry's Madea's Tough Love
FALSE,none,400000,,FALSE,FALSE,,1,1,Tyler Perry's Madea's Witness Protection
FALSE,none,6200000,,FALSE,FALSE,,1,1,Tyler Perry's Meet the Browns (2008)
FALSE,none,2500000,,FALSE,FALSE,,1,1,Tyler Perry's Temptation: Confessions of a Marriage Counselor
FALSE,none,7500000,,FALSE,FALSE,,1,1,Tyler Perry's The Family That Preys
FALSE,none,100000,,FALSE,FALSE,,1,1,Tyler Perry's The Single Moms Club
FALSE,none,700000,,FALSE,FALSE,,1,1,Tyler Perry's Why Did I Get Married Too?
TRUE,Devanagari,2300000,300000,TRUE,TRUE,2019-07-19,2,1,Typewriter
FALSE,Korean,100000,,FALSE,FALSE,,1,1,Typhoon
FALSE,none,3000000,,FALSE,FALSE,,1,1,Tô Ryca
TRUE,none,900000,,FALSE,FALSE,,1,1,Türk Malı
FALSE,none,9700000,900000,FALSE,FALSE,,2,1,Türkisch für Anfänger: Staffel 1
FALSE,none,16200000,800000,FALSE,FALSE,,2,1,Türkisch für Anfänger: Staffel 2
FALSE,none,10300000,700000,FALSE,FALSE,,2,1,Türkisch für Anfänger: Staffel 3
FALSE,Latin,200000,,FALSE,FALSE,,1,1,U Get What U Kiss 2
FALSE,Latin,200000,,FALSE,FALSE,,1,1,U Get What U Kiss 3
TRUE,Chinese_or_Kanji,600000,,FALSE,FALSE,,1,1,U Motherbaker
FALSE,none,300000,,FALSE,FALSE,,1,1,U Pana Boga w ogródku
FALSE,none,200000,,TRUE,TRUE,,1,1,U Turn (2016)
FALSE,none,100000,,FALSE,FALSE,,1,1,U Turn (2021)
FALSE,none,100000,,FALSE,FALSE,,1,1,U-900
FALSE,none,500000,,TRUE,TRUE,,1,1,U-Turn (2020)
FALSE,none,500000,,FALSE,FALSE,,1,1,U.S. Marshals
TRUE,Japanese,200000,,FALSE,FALSE,,1,1,Uchimura Summers
TRUE,Japanese,600000,,FALSE,FALSE,,1,1,Uchisama World
FALSE,Devanagari,200000,,FALSE,FALSE,,1,1,Udaan
FALSE,none,700000,,FALSE,FALSE,,1,1,UFO Sweden
FALSE,none,2000000,,FALSE,FALSE,2022-02-23,1,1,UFO
TRUE,none,90400000,6000000,FALSE,FALSE,,4,4,Ugly Betty
TRUE,none,2200000,200000,TRUE,TRUE,2018-02-23,4,2,Ugly Delicious
FALSE,none,13300000,,FALSE,FALSE,,1,1,UglyDolls
FALSE,none,400000,,FALSE,FALSE,2018-08-31,1,1,Ultimate Beastmaster Australia: Survival of the Fittest
FALSE,none,800000,,FALSE,FALSE,2017-02-24,1,1,Ultimate Beastmaster Brasil: No Mercy
FALSE,none,400000,,FALSE,FALSE,2017-12-15,1,1,Ultimate Beastmaster Brasil: No Surrender
FALSE,none,2000000,100000,FALSE,FALSE,2018-08-31,2,1,Ultimate Beastmaster Brasil: Survival of the Fittest
FALSE,none,500000,,FALSE,FALSE,2017-12-15,1,1,Ultimate Beastmaster France: No Surrender
FALSE,none,200000,,FALSE,FALSE,2017-02-24,1,1,Ultimate Beastmaster Germany: No Mercy
FALSE,none,300000,,FALSE,FALSE,2018-08-31,1,1,Ultimate Beastmaster Germany: Survival of the Fittest
FALSE,none,300000,,FALSE,FALSE,2018-08-31,1,1,Ultimate Beastmaster Great Britain: Survival of the Fittest
FALSE,Latin,200000,,FALSE,FALSE,2017-12-15,1,1,Ultimate Beastmaster Italy: No Surrender
FALSE,Latin,700000,,FALSE,FALSE,2017-02-24,1,1,Ultimate Beastmaster Mexico: No Mercy
FALSE,Latin,400000,,FALSE,FALSE,2017-12-15,1,1,Ultimate Beastmaster Mexico: No Surrender
FALSE,Latin,2100000,100000,FALSE,FALSE,2018-08-31,2,1,Ultimate Beastmaster Mexico: Survival of the Fittest
FALSE,Latin,400000,,FALSE,FALSE,2017-12-15,1,1,Ultimate Beastmaster Spain: No Surrender
FALSE,none,5000000,200000,TRUE,TRUE,2017-02-24,2,1,Ultimate Beastmaster: No Mercy
FALSE,none,3000000,100000,TRUE,TRUE,2017-12-15,2,1,Ultimate Beastmaster: No Surrender
FALSE,none,9400000,400000,TRUE,TRUE,2018-08-31,2,1,Ultimate Beastmaster: Survival of the Fittest
TRUE,none,200000,,FALSE,FALSE,,2,2,Ultimate Force
TRUE,none,17900000,800000,TRUE,FALSE,2019-04-01,6,3,Ultraman
TRUE,Japanese,5100000,400000,TRUE,FALSE,2019-04-07,2,1,Ultramarine Magmell
FALSE,none,600000,,TRUE,TRUE,2020-03-20,1,1,Ultras
FALSE,none,100000,,FALSE,FALSE,,1,1,Ultraviolet (2006)
TRUE,none,500000,,TRUE,TRUE,2019-12-19,1,1,Ultraviolet
FALSE,none,200000,,FALSE,FALSE,,1,1,Ulvesommer
FALSE,none,2200000,,FALSE,FALSE,,1,1,Um Suburbano Sortudo
FALSE,none,100000,,FALSE,FALSE,,1,1,Uma História de Amor e Fúria
FALSE,none,200000,,FALSE,FALSE,,1,1,Uma Maheswara Ugra Roopasya
FALSE,none,200000,,FALSE,FALSE,,1,1,Uma Professora muito maluquinha
FALSE,none,3900000,,FALSE,FALSE,,1,1,Uma Quase Dupla
FALSE,none,700000,,FALSE,FALSE,,1,1,Ummah - Unter Freunden
FALSE,none,700000,,FALSE,FALSE,,1,1,Umma
FALSE,none,100000,,FALSE,FALSE,,1,1,Umrika
FALSE,none,300000,,FALSE,FALSE,,1,1,Un boss in Salotto
FALSE,none,200000,,FALSE,FALSE,,1,1,Un fantastico Via Vai
FALSE,none,500000,,FALSE,FALSE,,1,1,Un Figlio di nome Erasmus
TRUE,none,8400000,300000,FALSE,FALSE,,8,5,"Un gars, une fille (1999)"
FALSE,none,400000,,FALSE,FALSE,,1,1,Un Homme Idéal
FALSE,none,1200000,,FALSE,FALSE,,1,1,Un medico in famiglia: Stagione 1
FALSE,none,700000,,FALSE,FALSE,,1,1,Un medico in famiglia: Stagione 2
FALSE,none,800000,,FALSE,FALSE,,1,1,Un medico in famiglia: Stagione 3
FALSE,none,900000,,FALSE,FALSE,,1,1,Un medico in famiglia: Stagione 4
TRUE,none,20000000,1000000,FALSE,FALSE,,12,6,Un Paso Adelante
FALSE,Latin,100000,,FALSE,FALSE,,1,1,Un plus une
FALSE,none,200000,,FALSE,FALSE,,1,1,Un'estate ai Caraibi
FALSE,none,300000,,FALSE,FALSE,,1,1,Una festa esagerata
FALSE,none,700000,,FALSE,FALSE,,1,1,Una notte da dottore
FALSE,none,100000,,FALSE,FALSE,,1,1,Una nuvola di polvere... un grido di morte... arriva Sartana
FALSE,none,5100000,,FALSE,FALSE,,1,1,Una película de huevos
FALSE,none,100000,,FALSE,FALSE,,1,1,Una piccola impresa meridionale
TRUE,none,300000,100000,FALSE,FALSE,,1,1,Una Squadra
TRUE,none,2400000,700000,FALSE,FALSE,,1,1,Una vida Bárbara
TRUE,none,4400000,300000,TRUE,TRUE,,2,1,Unabomber - In His Own Words
TRUE,Latin,94500000,3000000,TRUE,TRUE,2019-02-08,4,2,Unauthorized Living
TRUE,none,55400000,4400000,TRUE,TRUE,2019-09-13,2,1,Unbelievable
FALSE,none,300000,,TRUE,TRUE,2020-05-12,1,1,Unbreakable Kimmy Schmidt: Kimmy vs. the Reverend
TRUE,none,31600000,2300000,TRUE,TRUE,2015-03-06,8,4,Unbreakable Kimmy Schmidt
FALSE,Latin,100000,,FALSE,FALSE,,1,1,Unbridled
FALSE,none,9800000,,FALSE,FALSE,,1,1,Unbroken (2014)
FALSE,none,26400000,,FALSE,FALSE,,1,1,Uncharted (2022)
FALSE,none,200000,,FALSE,FALSE,,1,1,Uncharted Amazon
FALSE,none,100000,,FALSE,FALSE,,1,1,Uncle Buck (1989)
FALSE,none,2700000,,FALSE,FALSE,,1,1,Uncle Drew
TRUE,Japanese,18400000,1300000,TRUE,FALSE,2022-07-06,2,1,Uncle from Another World
FALSE,Arabic,200000,,FALSE,FALSE,,1,1,Uncle Naji 2
TRUE,Chinese_or_Kanji,4900000,100000,FALSE,FALSE,,1,1,Uncle
FALSE,none,100000,,FALSE,FALSE,,1,1,Uncommon Valor
TRUE,none,100000,,FALSE,FALSE,,1,1,Unconditional
TRUE,Korean,7100000,200000,FALSE,FALSE,,2,1,Uncontrollably Fond
FALSE,none,2700000,,TRUE,TRUE,2020-03-27,1,1,Uncorked
TRUE,none,7600000,,TRUE,TRUE,2022-07-29,1,1,Uncoupled
FALSE,none,6700000,,FALSE,FALSE,2020-01-31,1,1,Uncut Gems
TRUE,Japanese,2500000,500000,FALSE,FALSE,,1,1,Undead Girl Murder Farce
TRUE,Japanese,1600000,300000,FALSE,FALSE,,1,1,Undead Unluck
FALSE,none,200000,,FALSE,FALSE,,1,1,Undefeated
TRUE,Latin,14200000,800000,TRUE,FALSE,2022-08-24,3,2,Under Fire
FALSE,Latin,5300000,,TRUE,TRUE,2022-08-31,1,1,Under Her Control
TRUE,none,3100000,1100000,TRUE,TRUE,2023-12-12,1,1,Under Pressure: The U.S. Women's World Cup Team
FALSE,none,1400000,,FALSE,FALSE,,1,1,Under Siege (1992)
FALSE,none,2300000,,FALSE,FALSE,,1,1,Under Siege 2: Dark Territory
FALSE,none,600000,,FALSE,FALSE,,1,1,Under Suspicion (2000)
TRUE,Latin,800000,100000,TRUE,TRUE,2021-03-17,2,1,Under Suspicion: Uncovering the Wesphael Case
FALSE,Latin,1600000,,TRUE,TRUE,2022-07-13,1,1,Under the Amalfi Sun
FALSE,Arabic,100000,,FALSE,FALSE,,1,1,Under the Bombs
TRUE,Chinese_or_Kanji,2600000,,FALSE,FALSE,,1,1,Under the Power
TRUE,Korean,64200000,1000000,TRUE,TRUE,2022-10-15,2,1,Under the Queen's Umbrella
FALSE,Latin,2000000,,TRUE,TRUE,2020-07-01,1,1,Under the Riccione Sun
FALSE,Latin,300000,,FALSE,FALSE,,1,1,Under the Same Roof
FALSE,none,300000,,TRUE,TRUE,,1,1,Under the Shadow
FALSE,Japanese,100000,,FALSE,FALSE,,1,1,Under the Stars
FALSE,Latin,200000,,FALSE,FALSE,,1,1,Under the Sun
FALSE,none,100000,,FALSE,FALSE,,1,1,Underclassman
TRUE,Korean,1000000,100000,FALSE,FALSE,,2,1,Undercover Food Fighters
TRUE,Latin,34000000,400000,FALSE,FALSE,2018-08-31,2,1,Undercover Law
TRUE,none,60800000,4900000,TRUE,TRUE,2019-05-03,6,3,Undercover
FALSE,none,100000,,FALSE,FALSE,,1,1,Undertow (2018)
FALSE,none,6200000,,FALSE,FALSE,,1,1,Underworld (2003)
FALSE,none,200000,,FALSE,FALSE,,1,1,Underworld: Awakening
FALSE,none,500000,,FALSE,FALSE,,1,1,Underworld: Evolution
FALSE,none,300000,,FALSE,FALSE,,1,1,Underworld: Rise of the Lycans
FALSE,none,100000,,FALSE,FALSE,,1,1,Undisputed III: Redemption
FALSE,none,400000,,FALSE,FALSE,,1,1,Une famille à louer
FALSE,none,100000,,FALSE,FALSE,,1,1,Une intime conviction
FALSE,none,400000,,FALSE,FALSE,,1,1,Unexpectedly Yours
FALSE,none,500000,,FALSE,FALSE,,1,1,Unforgettable (2017)
FALSE,none,300000,,FALSE,FALSE,,1,1,Unforgettable (2019)
FALSE,none,200000,,FALSE,FALSE,,1,1,Unforgiven (1992)
FALSE,none,1800000,,FALSE,FALSE,,1,1,Unfriended
FALSE,none,100000,,FALSE,FALSE,,1,1,Unge andersen
FALSE,Devanagari,700000,,FALSE,FALSE,,1,1,Ungli
FALSE,none,2000000,,FALSE,FALSE,,1,1,Unhinged (2020)
FALSE,none,61200000,13200000,TRUE,TRUE,2023-11-02,1,1,Unicorn Academy: Chapter 1
FALSE,none,300000,,TRUE,TRUE,2019-04-05,1,1,Unicorn Store
FALSE,Latin,100000,,FALSE,FALSE,,1,1,Unidentified
TRUE,Latin,8200000,,FALSE,FALSE,2019-06-14,2,2,Unit 42
FALSE,none,200000,,FALSE,FALSE,,1,1,United (2011)
FALSE,none,2200000,,FALSE,FALSE,,1,1,United 93
TRUE,none,200000,,FALSE,FALSE,,1,1,UniteUp!
FALSE,none,100000,,FALSE,FALSE,,1,1,Universo Z: 1ª temporada
TRUE,none,300000,,FALSE,FALSE,,1,1,Universo Z
FALSE,none,2800000,,FALSE,FALSE,,1,1,Unknown (2011)
FALSE,Latin,2000000,,TRUE,TRUE,2020-08-28,1,1,Unknown Origins
FALSE,none,100000,,FALSE,FALSE,,1,1,Unknown Runner
TRUE,Hebrew,800000,100000,FALSE,FALSE,,1,1,Unknowns
TRUE,none,800000,100000,FALSE,FALSE,,1,1,Unknown
FALSE,none,6500000,,FALSE,FALSE,,1,1,Unleashed (2005)
FALSE,none,300000,,FALSE,FALSE,,1,1,Unli Life
FALSE,Korean,34500000,,FALSE,FALSE,,1,1,Unlock My Boss
TRUE,Korean,6400000,500000,FALSE,FALSE,,1,1,Unlock My Boss
FALSE,Korean,42500000,,TRUE,TRUE,2023-02-17,1,1,Unlocked
FALSE,none,3700000,,FALSE,FALSE,2017-12-30,1,1,Unlocked
FALSE,none,900000,100000,FALSE,FALSE,,2,1,Unloving U
TRUE,Thai,500000,,TRUE,TRUE,,1,1,Unlucky Ploy
FALSE,Latin,100000,,FALSE,FALSE,,1,1,Unlucky
TRUE,none,1300000,100000,TRUE,TRUE,2019-10-18,2,1,Unnatural Selection
FALSE,none,200000,,FALSE,FALSE,,1,1,Uno di famiglia
TRUE,none,9400000,1400000,TRUE,TRUE,2020-03-26,2,1,Unorthodox
FALSE,Chinese_or_Kanji,200000,,FALSE,FALSE,,1,1,Unreliable
TRUE,Chinese_or_Kanji,3100000,100000,FALSE,FALSE,2019-07-16,3,1,Unrequited Love
TRUE,Chinese_or_Kanji,200000,,FALSE,FALSE,,2,2,Unriddle
FALSE,none,300000,,FALSE,FALSE,,1,1,Unroyal
FALSE,none,100000,,FALSE,FALSE,,1,1,Unsane
TRUE,none,80000000,4500000,TRUE,TRUE,2023-03-29,2,1,Unseen
TRUE,none,100000,,FALSE,FALSE,,1,1,Unser Sandmännchen und seine Freunde
TRUE,none,200000,,FALSE,FALSE,,1,1,Unser Sandmännchen
FALSE,none,17000000,1600000,TRUE,TRUE,2020-07-01,2,1,Unsolved Mysteries: Volume 1
FALSE,none,11600000,900000,TRUE,TRUE,2020-10-19,2,1,Unsolved Mysteries: Volume 2
FALSE,none,56000000,2200000,TRUE,TRUE,2022-10-18,2,1,Unsolved Mysteries: Volume 3
FALSE,none,18100000,1000000,TRUE,FALSE,2018-06-18,2,1,Unsolved: Tupac & Biggie
FALSE,none,300000,,FALSE,FALSE,,1,1,Unspeakable Acts
TRUE,none,40700000,1600000,TRUE,TRUE,2023-03-30,2,1,Unstable
FALSE,Korean,800000,,FALSE,FALSE,,1,1,Unstoppable
TRUE,Latin,2700000,300000,TRUE,TRUE,2020-02-28,2,1,Unstoppable
TRUE,Latin,3200000,200000,TRUE,TRUE,2022-08-17,2,1,Unsuspicious
TRUE,Latin,8200000,1200000,TRUE,TRUE,,1,1,Untameable
FALSE,none,100000,,FALSE,FALSE,,1,1,Untamed Albania
FALSE,Latin,200000,,FALSE,FALSE,,1,1,Untangle
FALSE,none,300000,,FALSE,FALSE,,1,1,Unthinkable
TRUE,Latin,100000,,TRUE,TRUE,2020-01-10,1,1,Until Dawn
TRUE,Latin,400000,,TRUE,TRUE,2022-02-10,1,1,Until Life Do Us Part
TRUE,Japanese,800000,200000,FALSE,FALSE,,1,1,Until The Cherry Blossom Falls
FALSE,Korean,200000,,FALSE,FALSE,,1,1,Untold Scandal
FALSE,none,500000,,TRUE,TRUE,2021-09-07,1,1,Untold: Breaking Point
FALSE,none,900000,,TRUE,TRUE,2021-08-24,1,1,Untold: Caitlyn Jenner
FALSE,none,900000,,TRUE,TRUE,2021-08-31,1,1,Untold: Crime & Penalties
FALSE,none,400000,,TRUE,TRUE,2021-08-17,1,1,Untold: Deal With the Devil
FALSE,none,1000000,,TRUE,TRUE,2021-08-10,1,1,Untold: Malice at the Palace
FALSE,none,1300000,,TRUE,TRUE,2022-08-30,1,1,Untold: Operation Flagrant Foul
TRUE,none,29200000,9400000,TRUE,TRUE,2023-08-22,1,1,Untold: Swamp Kings
FALSE,none,2200000,,TRUE,TRUE,2022-08-16,1,1,Untold: The Girlfriend Who Didn't Exist
FALSE,none,700000,,TRUE,TRUE,2022-09-06,1,1,Untold: The Race of the Century
FALSE,none,1300000,,TRUE,TRUE,2022-08-23,1,1,Untold: The Rise and Fall of AND1
FALSE,Korean,200000,,FALSE,FALSE,,1,1,Untouchable Lawmen
FALSE,Latin,2200000,,FALSE,FALSE,,1,1,Untouchable
FALSE,none,2300000,,FALSE,FALSE,,1,1,Untraceable
FALSE,none,100000,,FALSE,FALSE,,1,1,UnTrue
FALSE,Latin,600000,,FALSE,FALSE,,1,1,Up for Love
FALSE,none,800000,,FALSE,FALSE,,1,1,Up in the Air
FALSE,none,200000,,TRUE,TRUE,,1,1,Up North (2018)
FALSE,Chinese_or_Kanji,300000,,TRUE,TRUE,2021-10-03,1,1,Upcoming Summer
TRUE,Korean,1700000,200000,FALSE,FALSE,,1,1,upGRADE you: Teachers
FALSE,none,300000,,FALSE,FALSE,,1,1,Upin & Ipin: Jeng Jeng Jeng!
TRUE,none,300000,300000,FALSE,FALSE,,1,1,Upin & Ipin: The Helping Heroes
FALSE,Latin,1400000,,FALSE,FALSE,,1,1,Upin & Ipin: The Lone Gibbon Kris
TRUE,none,23700000,2700000,FALSE,FALSE,,23,12,Upin&Ipin
FALSE,none,300000,,FALSE,FALSE,,1,1,Uppena
TRUE,none,2400000,300000,FALSE,FALSE,,6,3,Upper Middle Bogan
FALSE,Devanagari,100000,,TRUE,TRUE,2019-10-18,1,1,Upstarts
FALSE,Latin,100000,,FALSE,FALSE,,1,1,Upstream
FALSE,none,100000,,FALSE,FALSE,,1,1,Urban Legend (1998)
FALSE,Korean,800000,,FALSE,FALSE,,1,1,Urban Myths
FALSE,none,100000,,FALSE,FALSE,,1,1,Uriyadi 2
TRUE,Japanese,1700000,,FALSE,FALSE,,1,1,Urusei Yatsura
FALSE,none,500000,,FALSE,FALSE,,1,1,Urvasivo Rakshasivo
FALSE,none,200000,100000,TRUE,TRUE,2020-07-14,2,1,Urzila Carlson: Overqualified Loser
FALSE,none,300000,,FALSE,FALSE,,1,1,Us (2019)
FALSE,none,200000,,FALSE,FALSE,,1,1,Us Again (2020)
FALSE,Chinese_or_Kanji,400000,,TRUE,TRUE,2018-06-21,1,1,Us and Them
TRUE,Japanese,100000,,FALSE,FALSE,,1,1,Us Forever
FALSE,Latin,200000,,FALSE,FALSE,,1,1,Us in the U.S.
FALSE,Latin,100000,,FALSE,FALSE,,1,1,"Us, at the End of the Year"
FALSE,Chinese_or_Kanji,8300000,200000,FALSE,FALSE,,2,1,Use For My Talent
FALSE,Japanese,500000,,FALSE,FALSE,,1,1,Ushijima The Loan Shark Part 2
FALSE,Japanese,400000,,FALSE,FALSE,,1,1,Ushijima the Loan Shark Part 3
FALSE,Japanese,400000,,FALSE,FALSE,,1,1,Ushijima the Loan Shark The Final 
FALSE,Japanese,500000,,FALSE,FALSE,,1,1,Ushijima The Loan Shark
TRUE,Japanese,5500000,700000,FALSE,FALSE,,6,3,Ushijima The Loan Shark
TRUE,Japanese,800000,,FALSE,FALSE,,1,1,Ushio & Tora
FALSE,Japanese,900000,,FALSE,FALSE,,1,1,Usogui
FALSE,none,400000,,FALSE,FALSE,,1,1,Utopía
FALSE,none,500000,,FALSE,FALSE,,1,1,Uyare
FALSE,Devanagari,100000,,FALSE,FALSE,,1,1,Uyire
FALSE,none,700000,,FALSE,FALSE,,1,1,V for Vendetta
FALSE,none,100000,,FALSE,FALSE,,1,1,V for Vengeance
TRUE,none,21800000,1200000,TRUE,TRUE,2019-12-05,2,1,V Wars
FALSE,none,800000,,FALSE,FALSE,,1,1,Vaashi (Malayalam)
FALSE,none,100000,,FALSE,FALSE,,1,1,Vaathi (Kannada)
FALSE,none,100000,,FALSE,FALSE,,1,1,Vaathi (Malayalam)
FALSE,none,6300000,,FALSE,FALSE,,1,1,Vaathi
FALSE,none,4800000,,FALSE,FALSE,,1,1,Vacation (2015)
FALSE,Devanagari,8600000,,FALSE,FALSE,,1,1,Vadh
TRUE,Korean,41200000,1200000,TRUE,TRUE,2019-09-20,2,1,Vagabond
TRUE,none,100000,,TRUE,TRUE,2018-11-15,1,1,Vai Anitta
FALSE,none,400000,,FALSE,FALSE,,1,1,Vai que Dá Certo 2
FALSE,none,400000,,FALSE,FALSE,,1,1,Vai que Dá Certo
FALSE,none,100000,,FALSE,FALSE,,1,1,Valentina (2020)
FALSE,Latin,1000000,,FALSE,FALSE,,1,1,Valentina's Wedding
FALSE,none,1300000,,FALSE,FALSE,,1,1,Valentine's Day (2010)
TRUE,Arabic,500000,,FALSE,FALSE,,1,1,Valentino
FALSE,none,7000000,,FALSE,FALSE,,1,1,Valerian and the City of a Thousand Planets
TRUE,none,137900000,9300000,TRUE,TRUE,2020-05-08,6,3,Valeria
FALSE,Latin,6200000,,TRUE,TRUE,2022-07-11,1,1,Valley of the Dead
TRUE,none,1800000,100000,FALSE,FALSE,,2,1,Valor
FALSE,none,1300000,,FALSE,FALSE,,1,1,Vampire Academy (2014)
FALSE,none,100000,,FALSE,FALSE,,1,1,Vampire Dog
TRUE,Japanese,1800000,400000,TRUE,TRUE,2022-05-16,2,1,Vampire in the Garden
FALSE,Latin,300000,,FALSE,FALSE,,1,1,Vampire Sisters 2: Bats in the Belly
FALSE,Latin,300000,,FALSE,FALSE,,1,1,Vampire Sisters 3: Journey to Transylvania
FALSE,Latin,400000,,FALSE,FALSE,,1,1,Vampire Sisters
FALSE,none,700000,,FALSE,FALSE,,1,1,Vampires (1998)
FALSE,none,2000000,,TRUE,TRUE,2020-10-02,1,1,Vampires vs. the Bronx
TRUE,none,2900000,300000,TRUE,TRUE,2020-03-20,2,1,Vampires
FALSE,none,100000,,FALSE,FALSE,,1,1,Vampyres (2015)
FALSE,none,8600000,,FALSE,FALSE,,1,1,Van Helsing (2004)
TRUE,none,82700000,4100000,TRUE,TRUE,2016-12-17,10,5,Van Helsing
TRUE,none,100000,,FALSE,FALSE,,1,1,Van Vlees en Bloed
TRUE,none,3200000,300000,FALSE,FALSE,,2,2,Vanderpump Rules
FALSE,none,700000,,FALSE,FALSE,,1,1,Vanguard
FALSE,none,3100000,,FALSE,FALSE,,1,1,Vanilla Sky
FALSE,Korean,100000,,FALSE,FALSE,,1,1,Vanishing Time: A Boy Who Returned
FALSE,none,300000,,FALSE,FALSE,,1,1,Vanity Fair (2004)
FALSE,none,4200000,,FALSE,FALSE,,1,1,Vanquish
FALSE,none,1000000,,FALSE,FALSE,,1,1,Vantage Point
FALSE,none,3300000,,FALSE,FALSE,,1,1,Varalaru Mukkiyam
FALSE,none,500000,,FALSE,FALSE,,1,1,Varane Avashyamund
TRUE,none,600000,,FALSE,FALSE,,2,2,Varg Veum
TRUE,Latin,3400000,800000,TRUE,TRUE,2023-09-27,1,1,Vasco Rossi: Living It
FALSE,none,100000,,FALSE,FALSE,,1,1,Vaterfreuden
TRUE,Latin,21100000,1300000,TRUE,TRUE,2022-10-20,2,1,Vatican Girl: The Disappearance of Emanuela Orlandi
FALSE,none,100000,,FALSE,FALSE,,1,1,Vault
FALSE,none,100000,,FALSE,FALSE,,1,1,Vegan Alert: A Boom and Its Dangers
TRUE,none,10800000,500000,FALSE,FALSE,2017-02-24,4,2,VeggieTales in the City
TRUE,none,100000,,FALSE,FALSE,,1,1,VeggieTales in the House
FALSE,none,400000,,FALSE,FALSE,,1,1,Vehicle 19
FALSE,none,2000000,,TRUE,TRUE,2019-02-01,1,1,Velvet Buzzsaw
FALSE,none,500000,,FALSE,FALSE,,1,1,Velvet Colección: Grand Finale
TRUE,none,8600000,500000,FALSE,FALSE,,4,2,Velvet Colección
FALSE,none,100000,,FALSE,FALSE,,1,1,Velvet Goldmine
TRUE,none,57500000,1600000,FALSE,FALSE,,8,4,Velvet
FALSE,none,100000,,FALSE,FALSE,,1,1,Vem Dançar com o Universo Z: 1ª temporada
TRUE,none,200000,100000,FALSE,FALSE,,2,1,Vem Dançar com o Universo Z
FALSE,none,500000,,FALSE,FALSE,,1,1,Vendetta (2013)
FALSE,none,3600000,,FALSE,FALSE,,1,1,Vendetta (2015)
TRUE,Latin,900000,100000,TRUE,TRUE,2021-09-24,2,1,"Vendetta: Truth, Lies and The Mafia"
FALSE,Latin,400000,,FALSE,FALSE,,1,1,Vendors' Meeting
FALSE,none,10400000,,FALSE,FALSE,,1,1,Vengeance (2017)
FALSE,none,200000,,FALSE,FALSE,,1,1,Vengeance (2022)
FALSE,Latin,100000,,FALSE,FALSE,,1,1,"Vengeance Is Mine, All Others Pay Cash"
FALSE,none,500000,,FALSE,FALSE,,1,1,Vengo anch'io
FALSE,none,1800000,,FALSE,FALSE,,1,1,Venom (2018)
FALSE,none,4300000,,FALSE,FALSE,,1,1,Venom: Let There Be Carnage
TRUE,none,2300000,1300000,TRUE,TRUE,2023-11-28,1,1,Verified Stand-Up
FALSE,none,100000,,FALSE,FALSE,,1,1,Verliefd Op Cuba
FALSE,Latin,4600000,,FALSE,FALSE,,1,1,Veronica
FALSE,none,100000,,FALSE,FALSE,,1,1,"Verpiss dich, Schneewittchen"
FALSE,none,300000,,FALSE,FALSE,,1,1,Verrückt nach Fixi
TRUE,none,10100000,300000,FALSE,FALSE,,4,3,Versailles
FALSE,none,100000,,FALSE,FALSE,,1,1,Verschwende deine Jugend
FALSE,none,2300000,,FALSE,FALSE,,1,1,Vertical Limit
FALSE,Arabic,100000,,TRUE,TRUE,,1,1,Very Big Shot
FALSE,none,1100000,,FALSE,FALSE,,1,1,Vesper
FALSE,Korean,1100000,,FALSE,FALSE,,1,1,Veteran
FALSE,none,200000,,FALSE,FALSE,,1,1,Večírek
FALSE,none,200000,,FALSE,FALSE,,1,1,Vice (2018)
FALSE,none,100000,,FALSE,FALSE,,1,1,Viceroy's House
FALSE,Latin,200000,,FALSE,FALSE,,1,1,Vicious
FALSE,Latin,6700000,,FALSE,FALSE,2021-12-24,1,1,Vicky and Her Mystery
FALSE,none,200000,,FALSE,FALSE,,1,1,Vicky and the Treasure of the Gods
FALSE,none,100000,,FALSE,FALSE,,1,1,Vicky Cristina Barcelona
FALSE,Latin,200000,,FALSE,FALSE,,1,1,Vicky the Viking
FALSE,Latin,1700000,,FALSE,FALSE,,1,1,Vico C
TRUE,Latin,10700000,800000,FALSE,FALSE,2019-08-16,2,1,Victim Number 8
FALSE,none,200000,,FALSE,FALSE,,1,1,Victim of Beauty
FALSE,none,11000000,,TRUE,TRUE,2023-05-23,1,1,Victim/Suspect
FALSE,Latin,100000,,FALSE,FALSE,,1,1,Victim
FALSE,none,200000,,FALSE,FALSE,,1,1,Victor & Célia
FALSE,none,2000000,,FALSE,FALSE,,1,1,Victoria & Abdul
FALSE,none,100000,,FALSE,FALSE,,1,1,Victoria (2015)
FALSE,Latin,100000,,FALSE,FALSE,,1,1,Victoria Angel
TRUE,Latin,100000,,FALSE,FALSE,,1,1,Victorious Mehmets
TRUE,none,164400000,10100000,FALSE,FALSE,,6,3,Victorious
FALSE,none,300000,,FALSE,FALSE,,1,1,Vieni avanti cretino
FALSE,none,1600000,100000,FALSE,FALSE,,2,1,Vientos de Agua
TRUE,Latin,200000,100000,FALSE,FALSE,,2,1,Vietnamese Horror Story
FALSE,Latin,67500000,,TRUE,TRUE,2023-02-03,1,1,Viking Wolf
TRUE,none,416300000,17700000,FALSE,FALSE,,12,6,Vikings (2013)
TRUE,none,387100000,9700000,TRUE,TRUE,2022-02-25,4,2,Vikings: Valhalla
FALSE,none,100000,,FALSE,FALSE,,1,1,Vikrithi
FALSE,none,100000,,FALSE,FALSE,,1,1,Villa Nabila
FALSE,none,2000000,,FALSE,FALSE,,1,1,Villain (2020)
FALSE,none,100000,,FALSE,FALSE,,1,1,Villains (2019)
FALSE,Latin,100000,,FALSE,FALSE,,1,1,Villaviciosa
FALSE,none,200000,,TRUE,TRUE,,1,1,Vince and Kath and James
FALSE,Latin,100000,,FALSE,FALSE,,1,1,Vincent Wants to Sea
TRUE,Korean,129500000,2100000,TRUE,TRUE,2021-02-20,2,1,Vincenzo
FALSE,none,100000,,FALSE,FALSE,,1,1,Vincere
TRUE,Japanese,140200000,3500000,TRUE,FALSE,,4,2,VINLAND SAGA
TRUE,none,9700000,400000,FALSE,FALSE,,2,1,Viola come il mare
FALSE,none,1000000,,FALSE,FALSE,,1,1,Violent Night
FALSE,Japanese,1300000,,TRUE,TRUE,,1,1,Violet Evergarden the Movie
FALSE,Japanese,600000,,TRUE,TRUE,,1,1,Violet Evergarden: Eternity and the Auto Memory Doll
FALSE,Japanese,200000,,FALSE,FALSE,2022-12-15,1,1,Violet Evergarden: Recollections
FALSE,Japanese,400000,300000,TRUE,FALSE,,2,1,Violet Evergarden: Special: Extra Episode
TRUE,Japanese,8100000,800000,TRUE,TRUE,2018-01-11,2,1,Violet Evergarden
TRUE,none,14200000,400000,FALSE,FALSE,,2,1,VIP (2019)
FALSE,none,100000,,TRUE,TRUE,2017-04-25,1,1,Vir Das: Abroad Understanding
FALSE,none,300000,100000,TRUE,TRUE,2020-01-26,2,1,Vir Das: For India
FALSE,none,900000,200000,TRUE,TRUE,2022-12-26,2,1,Vir Das: Landing
FALSE,none,200000,100000,TRUE,TRUE,2018-12-11,2,1,Vir Das: Losing It
FALSE,none,100000,,FALSE,FALSE,,1,1,Virando a Mesa
FALSE,none,300000,,FALSE,FALSE,,1,1,Virata Parvam (Tamil)
FALSE,none,400000,,FALSE,FALSE,,1,1,Virata Parvam
FALSE,none,400000,,FALSE,FALSE,,1,1,Virgilio
TRUE,none,731900000,69100000,TRUE,TRUE,2019-12-06,9,5,Virgin River
FALSE,none,300000,,TRUE,TRUE,2014-11-07,1,1,Virunga
FALSE,none,100000,,FALSE,FALSE,,1,1,Virupaksha (Kannada)
FALSE,none,100000,,FALSE,FALSE,,1,1,Virupaksha (Malayalam)
FALSE,none,900000,,FALSE,FALSE,,1,1,Virupaksha (Tamil)
FALSE,none,7600000,,FALSE,FALSE,,1,1,Virupaksha
FALSE,none,200000,,TRUE,TRUE,,1,1,Visaranai
FALSE,none,100000,,FALSE,FALSE,,1,1,Vitus
TRUE,none,9500000,1000000,FALSE,FALSE,,1,1,Vivant
FALSE,none,100000,,FALSE,FALSE,,1,1,Vivarium
FALSE,none,27500000,,TRUE,TRUE,2021-08-06,1,1,Vivo
TRUE,none,200000,,FALSE,FALSE,,1,1,Vivy -Fluorite Eye’s Song-
FALSE,none,200000,,FALSE,FALSE,,1,1,Vizontele Tuuba
FALSE,none,300000,,TRUE,TRUE,,1,1,Vizontele
FALSE,Latin,200000,,FALSE,FALSE,,1,1,Vlad the Impaler
FALSE,Korean,4800000,200000,TRUE,TRUE,,2,1,Voice 2
FALSE,Korean,300000,,FALSE,FALSE,,1,1,Voice 3
FALSE,Korean,100000,,FALSE,FALSE,,1,1,Voice Of Silence
FALSE,none,200000,,FALSE,FALSE,,1,1,Voiceless (2020)
TRUE,none,1400000,200000,TRUE,TRUE,2020-11-20,2,1,Voices of Fire
TRUE,none,100000,,FALSE,FALSE,2022-05-02,1,1,Voices of Liberation
FALSE,Thai,100000,,FALSE,FALSE,,1,1,Voices of the New Gen
TRUE,Thai,4200000,100000,TRUE,TRUE,,2,1,Voice
TRUE,none,100000,,TRUE,TRUE,2021-12-06,1,1,Voir
FALSE,none,200000,,FALSE,FALSE,,1,1,Volta (2017)
TRUE,none,23500000,2700000,TRUE,FALSE,2016-06-10,16,8,Voltron: Legendary Defender
TRUE,none,700000,200000,TRUE,TRUE,,1,1,Volume
FALSE,none,900000,,FALSE,FALSE,,1,1,Volver (2006)
FALSE,none,400000,,FALSE,FALSE,,1,1,Vorstadtkrokodile 2
FALSE,none,400000,,FALSE,FALSE,,1,1,Vorstadtkrokodile 3
TRUE,none,21900000,1300000,TRUE,TRUE,,2,1,Vortex
TRUE,none,600000,,FALSE,FALSE,,1,1,Vostro Onore
FALSE,none,700000,,FALSE,FALSE,,1,1,Voyagers (2021)
FALSE,none,800000,,TRUE,TRUE,2017-12-01,1,1,Voyeur
TRUE,Korean,9000000,300000,FALSE,FALSE,,2,1,W – Two Worlds Apart
FALSE,none,200000,100000,TRUE,TRUE,2018-06-26,2,1,W. Kamau Bell: Private School Negro
TRUE,none,200000,,TRUE,TRUE,2015-11-13,1,1,W/ Bob & David
FALSE,Chinese_or_Kanji,200000,,FALSE,FALSE,,1,1,Wacko at Law
TRUE,none,46400000,1600000,TRUE,TRUE,2023-03-22,2,1,Waco: American Apocalypse
FALSE,none,100000,,TRUE,TRUE,2021-11-23,1,1,Waffles + Mochi's Holiday Feast
TRUE,none,1000000,200000,TRUE,TRUE,2022-10-17,2,1,Waffles + Mochi's Restaurant
TRUE,none,2300000,200000,TRUE,TRUE,2021-03-16,2,1,Waffles + Mochi
FALSE,none,1200000,,FALSE,FALSE,,1,1,Waist Deep
FALSE,none,100000,,FALSE,FALSE,,1,1,"Wait Until Spring, Bandini"
TRUE,Chinese_or_Kanji,3300000,100000,FALSE,FALSE,,2,1,"Wait, My Youth"
FALSE,Japanese,200000,,FALSE,FALSE,,1,1,Waiting for Spring
FALSE,Latin,100000,,FALSE,FALSE,,1,1,Waiting for Sunset
FALSE,none,2100000,,FALSE,FALSE,,1,1,Waiting for the Barbarians (2019)
FALSE,none,200000,,FALSE,FALSE,,1,1,Waiting... (2005)
FALSE,Thai,1100000,100000,FALSE,FALSE,,2,1,Wake Up Ladies: The Series
FALSE,Devanagari,800000,,FALSE,FALSE,,1,1,Wake Up Sid
TRUE,Latin,8500000,1800000,FALSE,FALSE,2023-07-06,1,1,"Wake Up, Carlo!"
TRUE,Chinese_or_Kanji,200000,,FALSE,FALSE,,2,2,Wake Up
TRUE,Latin,1000000,200000,TRUE,TRUE,,2,1,Wakfu: The Quest for the Six Eliatrope Dofus
TRUE,none,21700000,1300000,TRUE,TRUE,2014-09-12,6,3,Wakfu
FALSE,none,400000,,FALSE,FALSE,,1,1,Waking the Titanic
FALSE,Latin,100000,,FALSE,FALSE,,1,1,Waking up yesterday
FALSE,none,1300000,,FALSE,FALSE,,1,1,Walk of Shame
FALSE,none,3600000,,TRUE,TRUE,2019-03-08,1,1,Walk. Ride. Rodeo.
FALSE,none,1600000,,FALSE,FALSE,,1,1,Walking Tall (2004)
FALSE,Latin,100000,,FALSE,FALSE,,1,1,Walking Vengeance
FALSE,none,400000,,FALSE,FALSE,,1,1,Walking with Dinosaurs (2013)
TRUE,none,1300000,,FALSE,FALSE,,4,4,Wallander
FALSE,Latin,100000,,FALSE,FALSE,,1,1,Wall
FALSE,none,10200000,,FALSE,FALSE,,1,1,Waltair Veerayya
FALSE,none,900000,,FALSE,FALSE,,1,1,Walter (2019)
FALSE,none,100000,,FALSE,FALSE,,1,1,Walwal
FALSE,none,4800000,900000,TRUE,TRUE,2023-05-23,2,1,Wanda Sykes: I'm an Entertainer
FALSE,none,1200000,300000,TRUE,TRUE,2019-05-21,2,1,Wanda Sykes: Not Normal
FALSE,none,200000,,FALSE,FALSE,,1,1,Wander Darkly
FALSE,none,300000,,FALSE,FALSE,,1,1,Wanderlust (2012)
TRUE,none,6500000,700000,TRUE,TRUE,2018-10-19,2,1,Wanderlust
FALSE,none,100000,,FALSE,FALSE,,1,1,Wander
FALSE,none,100000,,FALSE,FALSE,,1,1,Wanita Terindah
FALSE,Arabic,200000,,FALSE,FALSE,,1,1,Wannabe Courageous
FALSE,none,7000000,,FALSE,FALSE,,1,1,Wanted (2008)
TRUE,none,21700000,2000000,FALSE,FALSE,2017-10-24,6,3,Wanted
FALSE,none,19900000,,FALSE,FALSE,,1,1,War (2007)
FALSE,none,1500000,,FALSE,FALSE,,1,1,War Dogs (2016)
FALSE,none,3100000,,TRUE,TRUE,2017-05-26,1,1,War Machine
FALSE,none,300000,,FALSE,FALSE,,1,1,War of the Worlds (2005)
TRUE,Japanese,8500000,100000,FALSE,FALSE,,2,1,War of Trap
TRUE,Latin,600000,100000,FALSE,FALSE,,2,1,War on Beasts
TRUE,Latin,30000000,1900000,TRUE,TRUE,2023-04-02,2,1,War Sailor
TRUE,none,2700000,800000,TRUE,TRUE,2023-12-28,1,1,War: Wrath and Revenge
FALSE,none,10500000,,FALSE,FALSE,,1,1,Warcraft
FALSE,Korean,4400000,100000,FALSE,FALSE,,2,1,Warm and Cozy
FALSE,none,800000,,FALSE,FALSE,,1,1,Warm Bodies
FALSE,Korean,100000,,FALSE,FALSE,,1,1,Warning: Do Not Play
FALSE,none,1600000,,FALSE,FALSE,,1,1,Warrior (2011)
TRUE,none,76700000,4700000,TRUE,TRUE,2020-07-02,4,2,Warrior Nun
FALSE,Chinese_or_Kanji,9100000,,TRUE,TRUE,2022-12-02,1,1,Warriors of Future
TRUE,Latin,7600000,700000,TRUE,TRUE,2018-11-13,2,1,Warrior
FALSE,Latin,100000,,FALSE,FALSE,,1,1,Warsaw 44
FALSE,none,100000,,FALSE,FALSE,,1,1,Warsaw by Night
TRUE,Korean,11700000,300000,TRUE,TRUE,2020-07-08,2,1,Was It Love?
FALSE,Japanese,200000,,FALSE,FALSE,,1,1,Wasao
FALSE,Arabic,100000,,FALSE,FALSE,,1,1,Washing machine
FALSE,none,4300000,,FALSE,FALSE,2020-06-19,1,1,Wasp Network
TRUE,Korean,100000,,TRUE,TRUE,,1,1,Wassup Man GO!
FALSE,none,1500000,,FALSE,FALSE,,1,1,Wasteland (2012)
FALSE,Latin,1800000,,FALSE,FALSE,2022-08-24,1,1,"Watch Out, We're Mad"
FALSE,Latin,100000,,FALSE,FALSE,,1,1,Watchdogs
FALSE,none,1200000,,FALSE,FALSE,,1,1,Watcher (2022)
FALSE,none,200000,,FALSE,FALSE,,1,1,Watchmen (2009)
FALSE,Latin,100000,,FALSE,FALSE,,1,1,Water and Fire
TRUE,none,5200000,600000,TRUE,TRUE,2018-12-23,2,1,Watership Down
FALSE,none,4100000,,FALSE,FALSE,,1,1,Waterworld
TRUE,Chinese_or_Kanji,9200000,100000,TRUE,TRUE,2023-04-28,2,1,Wave Makers
FALSE,none,1000000,,FALSE,FALSE,,1,1,Waves (2019)
FALSE,Korean,300000,,FALSE,FALSE,,2,1,Way Back Home
FALSE,none,100000,,FALSE,FALSE,,1,1,Way Down
FALSE,Japanese,100000,,FALSE,FALSE,,1,1,Way To Find The Best Life
FALSE,Devanagari,200000,,FALSE,FALSE,,1,1,Wazir
TRUE,none,100000,100000,FALSE,FALSE,,1,1,We Are Black and British
FALSE,Korean,100000,,FALSE,FALSE,,1,1,We Are Brothers
FALSE,Devanagari,800000,,FALSE,FALSE,,1,1,We Are Family
TRUE,Japanese,200000,,FALSE,FALSE,,1,1,We Are Just Not Divorced
FALSE,Chinese_or_Kanji,300000,,FALSE,FALSE,,1,1,We Are Legends
TRUE,none,2500000,300000,TRUE,TRUE,2020-11-17,2,1,We Are the Champions
TRUE,Latin,2500000,200000,TRUE,TRUE,2019-11-01,2,1,We Are the Wave
TRUE,none,100000,,TRUE,TRUE,2021-01-29,1,1,We Are: The Brooklyn Saints
FALSE,Latin,100000,,FALSE,FALSE,,1,1,We Can Be Heroes
FALSE,none,52800000,,TRUE,TRUE,2020-12-25,1,1,We Can Be Heroes
FALSE,Japanese,200000,,TRUE,TRUE,2021-11-05,1,1,We Couldn't Become Adults
FALSE,none,2400000,,FALSE,FALSE,,1,1,We Die Young
FALSE,none,124400000,,TRUE,TRUE,2023-02-24,1,1,We Have a Ghost
FALSE,none,11300000,1800000,TRUE,TRUE,2023-03-21,2,1,We Lost Our Human
FALSE,Japanese,200000,,FALSE,FALSE,,1,1,We Love
FALSE,Japanese,1000000,,FALSE,FALSE,,1,1,We Made a Beautiful Bouquet
FALSE,Japanese,100000,,FALSE,FALSE,,1,1,We Make Antiques! Kyoto Rendezvous
FALSE,Chinese_or_Kanji,100000,,FALSE,FALSE,,1,1,We Make Antiques!
FALSE,none,100000,,FALSE,FALSE,,1,1,We Need a Little Christmas
FALSE,none,300000,,FALSE,FALSE,,1,1,We Need to Talk About Kevin
FALSE,none,200000,,FALSE,FALSE,,1,1,We Own the Night
FALSE,Latin,500000,,FALSE,FALSE,,1,1,We Started Together
FALSE,none,500000,,FALSE,FALSE,,1,1,We Steal Secrets: The Story of WikiLeaks
FALSE,none,100000,,FALSE,FALSE,,1,1,We the Animals
FALSE,none,200000,,FALSE,FALSE,,1,1,We Were Soldiers
FALSE,Japanese,200000,,FALSE,FALSE,,1,1,We Were There: First Love
FALSE,Japanese,200000,,FALSE,FALSE,,1,1,We Were There: True Love
FALSE,none,100000,,FALSE,FALSE,,1,1,We're Back! A Dinosaur's Story
TRUE,none,1900000,200000,TRUE,TRUE,2017-01-10,2,1,We're Lalaloopsy
FALSE,none,24000000,,FALSE,FALSE,,1,1,We're the Millers
TRUE,Japanese,100000,,FALSE,FALSE,,1,1,Weakest Beast
FALSE,none,300000,,FALSE,FALSE,,1,1,Weather for Two
FALSE,Japanese,2500000,,FALSE,FALSE,,1,1,Weathering with You
FALSE,none,800000,,TRUE,TRUE,2023-04-14,1,1,Weathering
TRUE,none,13800000,1000000,TRUE,TRUE,2022-06-15,2,1,"Web of Make Believe: Death, Lies and the Internet"
FALSE,Latin,200000,,FALSE,FALSE,,1,1,"Wedded, Worried, Wearied"
FALSE,none,100000,,FALSE,FALSE,,1,1,Wedding Agreement
FALSE,none,6100000,,FALSE,FALSE,,1,1,Wedding Crashers
FALSE,Latin,100000,,FALSE,FALSE,,1,1,Wedding Partner
FALSE,none,9300000,,TRUE,TRUE,2022-08-04,1,1,Wedding Season
FALSE,Latin,1000000,,FALSE,FALSE,,1,1,Wedding Unplanned
FALSE,Latin,100000,,FALSE,FALSE,,1,1,Weddings and Other Disasters
FALSE,Latin,2000000,,FALSE,FALSE,,1,1,"Weddings, Christenings and Funerals"
TRUE,none,670400000,23900000,TRUE,TRUE,2022-11-23,2,1,Wednesday
FALSE,none,300000,,TRUE,TRUE,,1,1,Weed the People
FALSE,none,100000,,FALSE,FALSE,,1,1,Weg van Jou
TRUE,Korean,14800000,400000,FALSE,FALSE,,2,1,Weightlifting Fairy Kim Bok Joo
FALSE,none,500000,,FALSE,FALSE,,1,1,Weird: The Al Yankovic Story
TRUE,none,2100000,400000,FALSE,FALSE,,8,4,Weissensee
FALSE,none,600000,,FALSE,FALSE,,1,1,Weißbier im Blut
FALSE,Latin,1100000,,FALSE,FALSE,,1,1,Welcome at Esposito's
FALSE,none,2700000,,FALSE,FALSE,,1,1,Welcome Home Roscoe Jenkins
FALSE,Latin,100000,,FALSE,FALSE,,1,1,"Welcome Home, Bro!"
FALSE,Latin,100000,,FALSE,FALSE,,1,1,Welcome Mr. President!
TRUE,Japanese,10500000,300000,FALSE,FALSE,,6,3,Welcome to Demon School!  Iruma-kun
FALSE,Korean,100000,,FALSE,FALSE,,1,1,Welcome to Dongmakgol
TRUE,Latin,193200000,6200000,TRUE,TRUE,2022-05-06,4,2,Welcome to Eden
TRUE,Korean,2900000,,FALSE,FALSE,,1,1,Welcome to Fishermen's Seafood Bar
FALSE,none,300000,,FALSE,FALSE,,1,1,Welcome to Monster High
TRUE,Korean,48200000,4700000,TRUE,TRUE,2023-12-02,1,1,Welcome to Samdal-ri
FALSE,none,1800000,,FALSE,FALSE,,1,1,Welcome to Sudden Death
TRUE,Latin,4700000,300000,TRUE,TRUE,2018-07-27,2,1,Welcome to the Family
FALSE,Latin,200000,,FALSE,FALSE,,1,1,Welcome to the Sticks
FALSE,Korean,4900000,100000,FALSE,FALSE,,2,1,Welcome to Waikiki 2
FALSE,Korean,14300000,300000,TRUE,TRUE,,2,1,Welcome to Waikiki
TRUE,Korean,5200000,300000,TRUE,TRUE,2022-05-23,2,1,Welcome to Wedding Hell
FALSE,Devanagari,900000,,FALSE,FALSE,,1,1,Welcome
FALSE,Latin,100000,,FALSE,FALSE,,1,1,"Well, We Were Lucky With The Weather - Again"
TRUE,Chinese_or_Kanji,25600000,900000,TRUE,FALSE,2019-05-17,4,2,Well-Intended Love
TRUE,none,50900000,2300000,TRUE,TRUE,2023-03-29,2,1,Wellmania
FALSE,none,100000,,FALSE,FALSE,,1,1,Wellness für Paare
FALSE,none,4300000,,TRUE,TRUE,2022-10-28,1,1,Wendell & Wild
FALSE,Latin,100000,,FALSE,FALSE,,1,1,Wendy 2 – Friends Forever
FALSE,Latin,100000,,FALSE,FALSE,,1,1,Wendy
TRUE,none,71800000,4200000,FALSE,FALSE,,16,8,Wentworth
FALSE,none,100000,,FALSE,FALSE,,1,1,Wer's Glaubt Wird Selig
FALSE,none,3500000,,FALSE,FALSE,,1,1,Werewolf: The Beast Among Us
FALSE,none,100000,,FALSE,FALSE,,1,1,Werewolves Of The Third Reich
FALSE,none,200000,,FALSE,FALSE,,1,1,Werewolves Within
FALSE,Arabic,100000,,FALSE,FALSE,,1,1,West Beirut
TRUE,none,9400000,700000,TRUE,TRUE,,12,6,West Coast Customs
TRUE,none,1800000,200000,TRUE,TRUE,2015-07-31,2,1,Wet Hot American Summer: First Day of Camp
TRUE,none,1800000,100000,TRUE,TRUE,2017-08-04,2,1,Wet Hot American Summer: Ten Years Later
FALSE,Japanese,100000,,FALSE,FALSE,,1,1,Wet Woman in the Wind
FALSE,Latin,100000,,FALSE,FALSE,,1,1,Wetlands
FALSE,none,23500000,1200000,TRUE,TRUE,2019-05-24,2,1,WHAT / IF: Part I
FALSE,Latin,300000,,FALSE,FALSE,,1,1,What a Crush!
FALSE,none,700000,,FALSE,FALSE,,1,1,What a Girl Wants
FALSE,Korean,100000,,FALSE,FALSE,,1,1,What a Man Wants
FALSE,Latin,100000,,FALSE,FALSE,,1,1,What a Party! Stories About Gabriel García Márquez
FALSE,Latin,200000,,FALSE,FALSE,,1,1,What A Party!
TRUE,Japanese,1700000,100000,FALSE,FALSE,,2,1,What Did You Eat Yesterday?
FALSE,none,800000,,FALSE,FALSE,,1,1,What Dreams May Come
FALSE,none,6400000,,FALSE,FALSE,2017-08-18,1,1,What Happened to Monday
FALSE,Korean,100000,,TRUE,TRUE,2021-01-01,1,1,What Happened to Mr. Cha?
FALSE,none,500000,,TRUE,TRUE,2015-06-26,1,1,"What Happened, Miss Simone?"
FALSE,none,10500000,,FALSE,FALSE,,1,1,What Happens in Vegas
FALSE,Latin,100000,,FALSE,FALSE,,1,1,What Have I Done to Deserve This?
FALSE,Arabic,100000,,FALSE,FALSE,,1,1,What If?: Season 1‎
FALSE,Latin,200000,,FALSE,FALSE,,1,1,What Killed the Ice Age Giants?
FALSE,none,900000,,FALSE,FALSE,,1,1,What Lies Below
FALSE,Japanese,100000,,FALSE,FALSE,,1,1,What She Likes...
TRUE,Chinese_or_Kanji,100000,,FALSE,FALSE,,1,1,What She Put on the Table
FALSE,Devanagari,100000,,FALSE,FALSE,,1,1,What the Fish
FALSE,none,1400000,,TRUE,TRUE,,1,1,What the Health
TRUE,Chinese_or_Kanji,4300000,200000,FALSE,FALSE,,1,1,What the Hell Is Love
TRUE,none,200000,,TRUE,TRUE,2020-01-30,1,1,What the Love! with Karan Johar
FALSE,Latin,100000,,FALSE,FALSE,,1,1,What Time Is It?
FALSE,none,1300000,,FALSE,FALSE,,1,1,What to Expect When You're Expecting
FALSE,Latin,200000,,FALSE,FALSE,,1,1,What We Leave Behind
FALSE,Latin,1300000,,TRUE,TRUE,2020-11-11,1,1,What We Wanted
FALSE,none,100000,,TRUE,TRUE,2021-01-15,1,1,What Would Sophia Loren Do?
FALSE,Latin,300000,,FALSE,FALSE,,1,1,What's the Big Deal
FALSE,Latin,100000,,FALSE,FALSE,,1,1,What's Up With Love?
TRUE,Korean,34300000,900000,FALSE,FALSE,,2,1,What's Wrong with Secretary Kim
FALSE,Korean,200000,,FALSE,FALSE,,1,1,Whatcha Wearin'?
FALSE,none,300000,,FALSE,FALSE,,1,1,Whatever It Takes (2000)
FALSE,Latin,200000,,FALSE,FALSE,,1,1,Whatsoeverly
FALSE,Latin,200000,,FALSE,FALSE,,1,1,Wheat Grain
FALSE,none,2600000,,TRUE,TRUE,2017-10-20,1,1,Wheelman
FALSE,none,900000,,FALSE,FALSE,,1,1,Wheels of Fortune
FALSE,Chinese_or_Kanji,100000,,FALSE,FALSE,,1,1,Wheels on Meals
FALSE,none,100000,,FALSE,FALSE,,1,1,Wheely
FALSE,none,1100000,,FALSE,FALSE,,1,1,When a Stranger Calls (2006)
FALSE,Latin,1400000,,TRUE,TRUE,2018-12-28,1,1,When Angels Sleep
TRUE,none,6700000,400000,FALSE,FALSE,,8,6,When Calls the Heart
FALSE,none,100000,,FALSE,FALSE,,1,1,When Cousins Marry
FALSE,Chinese_or_Kanji,100000,,FALSE,FALSE,,1,1,When Fortune Smiles
TRUE,Hebrew,8900000,500000,TRUE,TRUE,2019-01-10,2,1,When Heroes Fly
FALSE,Chinese_or_Kanji,26900000,1900000,FALSE,FALSE,,1,1,When I Fly Towards You
FALSE,Japanese,2100000,,FALSE,FALSE,,1,1,When Marnie Was There
TRUE,none,23600000,1500000,FALSE,FALSE,,4,2,When Missing Turns to Murder
TRUE,Korean,11100000,300000,TRUE,TRUE,,2,1,When My Love Blooms
FALSE,none,3200000,,FALSE,FALSE,,1,1,When the Bough Breaks (2016)
TRUE,Korean,15900000,400000,TRUE,TRUE,2019-09-18,2,1,When the Camellia Blooms
FALSE,none,1400000,,FALSE,FALSE,,1,1,When the Game Stands Tall
TRUE,Korean,25200000,400000,FALSE,FALSE,,2,1,When the Weather Is Fine
FALSE,Japanese,300000,,FALSE,FALSE,,1,1,When They Cry
TRUE,none,18500000,2300000,TRUE,TRUE,2019-05-31,2,1,When They See Us
FALSE,none,5000000,,TRUE,TRUE,2018-02-09,1,1,When We First Met
FALSE,Latin,100000,,FALSE,FALSE,,1,1,When We Were Boys
FALSE,Latin,100000,,FALSE,FALSE,,1,1,When We Were Young
FALSE,Latin,100000,,FALSE,FALSE,,1,1,When Will You Get Married?
FALSE,Latin,900000,,FALSE,FALSE,,1,1,Where Am I Going?
FALSE,Chinese_or_Kanji,100000,,FALSE,FALSE,,1,1,Where Got Ghost?
FALSE,none,4900000,,FALSE,FALSE,,1,1,Where Hands Touch
FALSE,Latin,100000,,FALSE,FALSE,,1,1,Where Is Francis?
TRUE,Latin,3000000,400000,TRUE,TRUE,2021-11-05,2,1,Where is Marta?
TRUE,Korean,5400000,100000,FALSE,FALSE,,2,1,Where Stars Land
FALSE,none,31000000,,FALSE,FALSE,,1,1,Where the Crawdads Sing
FALSE,Latin,20800000,,FALSE,FALSE,2023-05-26,1,1,Where the Tracks End
FALSE,none,100000,,FALSE,FALSE,,1,1,"Where'd You Go, Bernadette?"
FALSE,none,2000000,,FALSE,FALSE,,1,1,Where's the Money
TRUE,Korean,6000000,200000,FALSE,FALSE,,2,1,While You Were Sleeping
FALSE,Latin,2900000,900000,TRUE,TRUE,2019-08-15,2,1,Whindersson Nunes: Adult
FALSE,Latin,3100000,900000,TRUE,TRUE,2022-03-03,2,1,Whindersson Nunes: My Own Show!
FALSE,Latin,12900000,1200000,TRUE,TRUE,2023-02-19,2,1,Whindersson Nunes: Preaching to the Choir
FALSE,none,4100000,,FALSE,FALSE,,1,1,Whiplash (2014)
FALSE,none,100000,,FALSE,FALSE,,1,1,Whiskey Tango Foxtrot
FALSE,Japanese,2500000,,FALSE,FALSE,,1,1,Whisper of the Heart
FALSE,Korean,100000,,FALSE,FALSE,,1,1,Whispering Corridors 6: The Humming
TRUE,Arabic,100000,,TRUE,TRUE,2020-06-11,1,1,Whispers
FALSE,none,300000,,FALSE,FALSE,,1,1,Whistleblower (2016)
FALSE,Japanese,200000,,FALSE,FALSE,,1,1,Whistleblower
FALSE,none,2700000,,FALSE,FALSE,,1,1,White Boy Rick
FALSE,none,3900000,,TRUE,TRUE,,1,1,White Boy
FALSE,none,41400000,,FALSE,FALSE,,1,1,White Chicks
FALSE,none,500000,,FALSE,FALSE,,1,1,White Christmas
FALSE,none,3300000,,FALSE,FALSE,2018-07-06,1,1,White Fang
FALSE,none,1900000,,TRUE,TRUE,,1,1,White Girl
TRUE,none,4200000,700000,TRUE,TRUE,2017-08-17,4,2,White Gold
FALSE,none,800000,,TRUE,TRUE,2022-04-19,1,1,White Hot: The Rise & Fall of Abercrombie & Fitch
FALSE,none,7500000,,FALSE,FALSE,,1,1,White House Down
FALSE,Japanese,100000,,FALSE,FALSE,,1,1,White Lily
TRUE,none,16000000,900000,TRUE,TRUE,2020-05-15,2,1,White Lines
TRUE,Korean,5000000,100000,TRUE,TRUE,2016-11-21,2,1,White Nights
FALSE,Korean,700000,,FALSE,FALSE,,1,1,White Night
FALSE,none,33500000,,TRUE,TRUE,2022-12-30,1,1,White Noise
TRUE,none,900000,100000,TRUE,TRUE,2016-12-09,2,1,White Rabbit Project
FALSE,Chinese_or_Kanji,400000,,FALSE,FALSE,,1,1,White Snake
FALSE,none,100000,,FALSE,FALSE,,1,1,White Wedding
FALSE,none,100000,,FALSE,FALSE,2020-05-08,1,1,Whitestar
FALSE,none,200000,100000,TRUE,TRUE,2019-07-30,2,1,Whitney Cummings: Can I Touch It?
FALSE,none,200000,100000,FALSE,FALSE,2022-07-26,2,1,Whitney Cummings: Jokes
FALSE,none,25700000,,FALSE,FALSE,,1,1,Whitney Houston: I Wanna Dance with Somebody
FALSE,Latin,600000,,FALSE,FALSE,,1,1,Who Am I
TRUE,Korean,7800000,200000,FALSE,FALSE,,2,1,Who Are You: School 2015
FALSE,Latin,200000,,FALSE,FALSE,,1,1,Who Finds a Friend Finds a Treasure
TRUE,none,286200000,50100000,TRUE,TRUE,2023-08-24,1,1,Who is Erin Carter?
TRUE,Japanese,500000,100000,FALSE,FALSE,,1,1,Who is the Wolf? (Love)
FALSE,Latin,3500000,,FALSE,FALSE,,1,1,Who Is This Family?
TRUE,none,21300000,9200000,TRUE,TRUE,2023-09-26,1,1,Who Killed Jill Dando?
TRUE,Latin,2800000,300000,TRUE,TRUE,2019-11-20,2,1,Who Killed Little Gregory?
TRUE,none,1300000,100000,TRUE,TRUE,2020-02-07,2,1,Who Killed Malcolm X?
FALSE,none,500000,,TRUE,TRUE,2022-12-15,1,1,Who Killed Santa? A Murderville Murder Mystery
TRUE,Latin,47700000,4000000,TRUE,TRUE,2021-03-24,6,3,Who Killed Sara?
TRUE,Chinese_or_Kanji,100000,,FALSE,FALSE,,1,1,Who Killed the Good Man
TRUE,Latin,200000,,TRUE,TRUE,2022-09-08,1,1,Who Likes My Follower?
TRUE,Japanese,1200000,100000,FALSE,FALSE,,2,1,Who Needs True Love?
TRUE,Chinese_or_Kanji,30000000,500000,FALSE,FALSE,,2,1,Who Rules the World
FALSE,Japanese,100000,,FALSE,FALSE,,1,1,Who Wants to Come to Japan: シーズン1
FALSE,none,400000,,FALSE,FALSE,,1,1,Who We Are: A Chronicle of Racism in America
TRUE,Latin,116900000,5000000,TRUE,TRUE,2023-03-24,2,1,Who Were We Running From?
FALSE,Latin,200000,,TRUE,TRUE,2019-04-12,1,1,Who Would You Take to a Deserted Island?
FALSE,Latin,7200000,,TRUE,TRUE,2022-11-23,1,1,Who's a Good Boy?
TRUE,none,200000,100000,TRUE,TRUE,2020-09-28,2,1,"Whose Vote Counts, Explained"
TRUE,none,1100000,200000,TRUE,TRUE,2021-04-16,2,1,Why Are You Like This
TRUE,Japanese,100000,,FALSE,FALSE,,1,1,Why did you come to Japan?
FALSE,none,1500000,,TRUE,TRUE,2021-04-14,1,1,Why Did You Kill Me?
TRUE,Japanese,10600000,200000,FALSE,FALSE,,2,1,Why didn’t I tell you a million times?
TRUE,Korean,3300000,200000,FALSE,FALSE,,1,1,Why Her
FALSE,Latin,100000,,FALSE,FALSE,,1,1,Why Men Don't Listen and Women Can't Read Maps
FALSE,Latin,200000,,FALSE,FALSE,,1,1,Why Not!
TRUE,Japanese,100000,,FALSE,FALSE,,1,1,Why there?
FALSE,Chinese_or_Kanji,300000,,FALSE,FALSE,,1,1,Why Women Love
FALSE,none,1000000,,FALSE,FALSE,,1,1,Widows (2018)
TRUE,none,4200000,200000,FALSE,FALSE,,2,1,Wiggle Wiggle Wiggle!
FALSE,none,100000,,FALSE,FALSE,,1,1,Wild (2018)
TRUE,Latin,300000,,TRUE,TRUE,2022-03-30,1,1,Wild Abandon
FALSE,none,200000,,FALSE,FALSE,,1,1,Wild and Free
TRUE,none,26000000,2600000,TRUE,TRUE,2022-05-05,2,1,Wild Babies
FALSE,none,1100000,,FALSE,FALSE,,1,1,Wild Bill (2011)
FALSE,none,100000,,FALSE,FALSE,,1,1,Wild Boar: The Comeback
FALSE,none,4600000,,FALSE,FALSE,,1,1,Wild Card (2015)
FALSE,Latin,300000,,FALSE,FALSE,,1,1,Wild Chicks in Love
FALSE,none,3000000,,FALSE,FALSE,,1,1,Wild Child
FALSE,none,100000,,FALSE,FALSE,,1,1,Wild City: Secret World
TRUE,none,20000000,1200000,TRUE,TRUE,2022-10-12,2,1,Wild Croc Territory
TRUE,Latin,14900000,900000,FALSE,FALSE,2018-10-19,4,2,Wild District
FALSE,none,200000,,FALSE,FALSE,,1,1,Wild Dog (Tamil)
FALSE,none,800000,,FALSE,FALSE,,1,1,Wild Dog
FALSE,none,10300000,,TRUE,TRUE,2022-10-28,1,1,Wild Is the Wind
TRUE,Latin,100000,,FALSE,FALSE,,1,1,Wild Italy
TRUE,none,3700000,200000,FALSE,FALSE,,5,3,Wild Kratts
FALSE,none,200000,,FALSE,FALSE,,1,1,Wild Little Love
FALSE,none,600000,,FALSE,FALSE,,1,1,Wild Mountain Thyme
FALSE,none,300000,,FALSE,FALSE,,1,1,Wild Oats (2016)
FALSE,none,100000,,FALSE,FALSE,,1,1,Wild Rose (2019)
FALSE,Latin,100000,,FALSE,FALSE,,1,1,Wild Switzerland: Unsere wilde Schweiz
FALSE,Latin,400000,,FALSE,FALSE,,1,1,Wild Tales
FALSE,none,100000,,FALSE,FALSE,,1,1,Wild Target (2010)
FALSE,none,1000000,,FALSE,FALSE,,1,1,Wild Things
FALSE,none,100000,,FALSE,FALSE,,1,1,Wild Venice
TRUE,none,8800000,600000,TRUE,TRUE,2018-03-16,2,1,Wild Wild Country
FALSE,Korean,200000,,FALSE,FALSE,,1,1,Wild Wild Quiz
FALSE,none,200000,,FALSE,FALSE,,1,1,Wild Wild West
TRUE,none,15800000,200000,FALSE,FALSE,,4,2,Wildflower
FALSE,Korean,100000,,FALSE,FALSE,,1,1,Will You Be There?
FALSE,none,200000,,TRUE,TRUE,,1,1,Will You Marry
FALSE,Latin,100000,,FALSE,FALSE,,1,1,Willy Fog: La vuelta al mundo en 80 dias
FALSE,none,400000,,FALSE,FALSE,,1,1,Willy's Wonderland
FALSE,none,500000,,TRUE,TRUE,2017-04-06,1,1,Win It All
TRUE,none,7300000,500000,TRUE,TRUE,2020-04-22,2,1,Win the Wilderness
FALSE,none,200000,,FALSE,FALSE,,1,1,Winchester
FALSE,none,10800000,,FALSE,FALSE,,1,1,Wind River
FALSE,none,1800000,,TRUE,TRUE,2022-03-18,1,1,Windfall
FALSE,Latin,100000,,FALSE,FALSE,,1,1,Wind
FALSE,none,5900000,,TRUE,TRUE,2019-05-10,1,1,Wine Country
FALSE,none,100000,,FALSE,FALSE,,1,1,Wingman (2015)
FALSE,Latin,100000,,FALSE,FALSE,,1,1,Winning Streak
TRUE,Korean,700000,,FALSE,FALSE,,1,1,Winningshot
FALSE,Latin,200000,,FALSE,FALSE,,1,1,Winter Dream
FALSE,none,200000,,TRUE,TRUE,2015-10-09,1,1,Winter on Fire: Ukraine's Fight for Freedom
TRUE,Latin,400000,,FALSE,FALSE,,1,1,Winter Sun
FALSE,none,400000,,FALSE,FALSE,,1,1,Winterkartoffelknödel
TRUE,none,11600000,400000,FALSE,FALSE,,5,3,Winx Club
TRUE,none,13200000,600000,FALSE,FALSE,,1,1,Wipeout (2008)
FALSE,none,300000,,FALSE,FALSE,,1,1,Wir sind die Neuen
FALSE,none,400000,,TRUE,TRUE,,1,1,Wira
TRUE,Japanese,1700000,200000,FALSE,FALSE,,2,1,Wise Man's Grandchild
FALSE,none,35400000,,TRUE,TRUE,2021-06-11,1,1,Wish Dragon
FALSE,none,1200000,,FALSE,FALSE,,1,1,Wish Upon a Unicorn
FALSE,none,200000,,FALSE,FALSE,,1,1,Wish You Were Here (2012)
FALSE,Korean,500000,,TRUE,TRUE,,1,1,Wish You
FALSE,Korean,2800000,,FALSE,FALSE,,1,1,Witch at Court
TRUE,Korean,7500000,500000,FALSE,FALSE,,1,1,Witch at Court
FALSE,Latin,600000,,FALSE,FALSE,,1,1,Witching & Bitching
FALSE,Latin,100000,,FALSE,FALSE,,1,1,With Great Joy
FALSE,Japanese,400000,,FALSE,FALSE,,1,1,With Mother: Henteko Sekai Karano Dashutsu
FALSE,Japanese,300000,,FALSE,FALSE,,1,1,With Mother: Surikae Kamen wo Tsukamaero!
FALSE,none,1100000,,FALSE,FALSE,,1,1,Without a Paddle
FALSE,Latin,4200000,,FALSE,FALSE,2022-03-18,1,1,Without Saying Goodbye
TRUE,none,4200000,1400000,FALSE,FALSE,,1,1,Witness Number 3
TRUE,none,15300000,1700000,TRUE,TRUE,2020-08-07,2,1,Wizards: Tales of Arcadia
FALSE,none,100000,,FALSE,FALSE,,1,1,Wiñaypacha
FALSE,none,100000,,FALSE,FALSE,,1,1,Wkręceni 2
FALSE,none,100000,,FALSE,FALSE,,1,1,Wkręceni
TRUE,Korean,18400000,400000,FALSE,FALSE,,2,1,Wok of Love
FALSE,none,400000,,FALSE,FALSE,,1,1,Woke up Like This
FALSE,Latin,700000,100000,FALSE,FALSE,,2,1,Wolf 2039
FALSE,none,200000,,FALSE,FALSE,,1,1,Wolf Creek (2005)
FALSE,none,300000,,FALSE,FALSE,,1,1,Wolf Creek 2
FALSE,Japanese,200000,,FALSE,FALSE,,1,1,Wolf Girl & Black Prince
FALSE,Latin,300000,,FALSE,FALSE,,2,1,Wolf
TRUE,Latin,13200000,700000,FALSE,FALSE,2018-12-21,2,1,Wolf
FALSE,none,600000,,FALSE,FALSE,,1,1,Wolke unterm Dach
TRUE,Japanese,500000,100000,FALSE,FALSE,,1,1,Woman -My Life for My Children-
FALSE,none,1300000,,FALSE,FALSE,,1,1,Woman in Gold
TRUE,Latin,99600000,3100000,TRUE,TRUE,2022-11-15,2,1,Woman of the Dead
FALSE,Latin,100000,,FALSE,FALSE,,1,1,Woman on the top
FALSE,Latin,100000,,FALSE,FALSE,,1,1,Women at War 1914-1918
FALSE,Latin,100000,,FALSE,FALSE,,1,1,Women at War 1939-1945
TRUE,Latin,103400000,1800000,TRUE,TRUE,2022-10-27,2,1,Women at War
FALSE,Latin,600000,,FALSE,FALSE,,1,1,Women of Mafia
TRUE,Latin,1800000,200000,FALSE,FALSE,,4,2,Women of Mafia
TRUE,Latin,10300000,700000,TRUE,TRUE,,2,1,Women of the Night
FALSE,Latin,200000,,FALSE,FALSE,,1,1,Women on the Verge of a Nervous Breakdown
FALSE,Latin,100000,,FALSE,FALSE,,1,1,Women´s Revenge
FALSE,none,400000,,FALSE,FALSE,,1,1,Won't You Be My Neighbor?
FALSE,Latin,200000,,FALSE,FALSE,2021-06-26,1,1,Wonder Boy
FALSE,none,9300000,,FALSE,FALSE,,1,1,Wonder Park
FALSE,none,4100000,,FALSE,FALSE,,1,1,Wonder Woman (2017)
FALSE,none,3200000,,FALSE,FALSE,,1,1,Wonder Woman 1984
FALSE,Korean,200000,,FALSE,FALSE,,1,1,Wonderful Nightmare
FALSE,none,100000,,FALSE,FALSE,,1,1,Wonderland (2017)
FALSE,none,100000,,FALSE,FALSE,,1,1,Wonderlus
FALSE,none,12400000,,FALSE,FALSE,,1,1,Wonder
FALSE,Korean,400000,,FALSE,FALSE,,1,1,Woochi
FALSE,none,1400000,,FALSE,FALSE,,1,1,Woodlawn
FALSE,Latin,100000,,FALSE,FALSE,,1,1,Woodplum
FALSE,Latin,500000,,FALSE,FALSE,,1,1,Woof
FALSE,Latin,200000,,FALSE,FALSE,,1,1,Woozle and Pip in Search of the Scallywagger!
FALSE,Chinese_or_Kanji,5100000,100000,FALSE,FALSE,,2,1,Word of Honor
TRUE,none,18900000,1900000,TRUE,TRUE,2021-12-28,2,1,Word Party Presents: Math!
TRUE,none,1700000,1600000,TRUE,TRUE,2020-08-07,2,1,Word Party Songs
TRUE,none,55300000,9200000,TRUE,TRUE,2016-07-08,10,5,Word Party
FALSE,Japanese,1900000,,TRUE,TRUE,2021-07-22,1,1,Words Bubble Up Like Soda Pop
FALSE,none,900000,,FALSE,FALSE,,1,1,Words on Bathroom Walls
FALSE,none,10400000,,TRUE,TRUE,2020-08-07,1,1,Work It
TRUE,none,218300000,12100000,TRUE,FALSE,2019-01-04,14,7,Workin' Moms
TRUE,none,10300000,1000000,TRUE,TRUE,2023-05-17,2,1,Working: What We Do All Day
TRUE,Korean,12000000,100000,FALSE,FALSE,,2,1,World Dice Tour
FALSE,none,300000,,FALSE,FALSE,,1,1,World Famous Lover
TRUE,none,11300000,1000000,TRUE,TRUE,2016-11-04,4,2,World of Winx
TRUE,none,100000,,FALSE,FALSE,,1,1,World on Fire
FALSE,none,100000,,FALSE,FALSE,,1,1,World Trade Center
TRUE,Japanese,7400000,500000,FALSE,FALSE,,6,3,World Trigger
TRUE,Latin,300000,,FALSE,FALSE,,1,1,World under Head
FALSE,Latin,200000,,FALSE,FALSE,,1,1,World War A: Aliens Invade Earth
TRUE,none,62500000,12900000,TRUE,TRUE,2023-12-07,1,1,World War II: From the Frontlines
FALSE,none,21800000,,FALSE,FALSE,,1,1,World War Z
TRUE,none,13500000,1500000,TRUE,TRUE,2020-08-05,2,1,World's Most Wanted
TRUE,Korean,1900000,100000,FALSE,FALSE,,2,1,Worlds Within
FALSE,none,1200000,100000,TRUE,TRUE,2017-12-15,2,1,Wormwood: Chapters 1-6
TRUE,none,200000,,TRUE,TRUE,2021-04-01,1,1,Worn Stories
TRUE,none,16300000,1700000,TRUE,TRUE,2022-03-01,2,1,Worst Roommate Ever
FALSE,none,5200000,,FALSE,FALSE,2021-09-03,1,1,Worth
FALSE,Japanese,200000,,FALSE,FALSE,,1,1,Wotakoi: Love is Hard for Otaku
TRUE,Korean,1500000,100000,FALSE,FALSE,,2,1,Would You Like a Cup of Coffee?
FALSE,none,2100000,,FALSE,FALSE,2019-10-18,1,1,Wounds
FALSE,none,100000,,FALSE,FALSE,,1,1,Wołyń
FALSE,none,4800000,,FALSE,FALSE,,1,1,Wrath of Man
FALSE,none,1900000,,FALSE,FALSE,,1,1,Wrath of the Titans
TRUE,none,7900000,1200000,TRUE,TRUE,2023-09-13,1,1,Wrestlers
FALSE,Korean,100000,,FALSE,FALSE,,1,1,Wretches
FALSE,none,19100000,,FALSE,FALSE,,1,1,Wrong Place
TRUE,Latin,290200000,5500000,FALSE,FALSE,2022-05-20,4,2,Wrong Side of the Tracks
FALSE,none,3200000,,FALSE,FALSE,,1,1,Wrong Turn (2003)
FALSE,none,200000,,FALSE,FALSE,,1,1,Wrong Turn (2021)
FALSE,none,100000,,FALSE,FALSE,,1,1,Wrongfully Accused
TRUE,none,28700000,1800000,TRUE,TRUE,2019-08-08,2,1,Wu Assassins
FALSE,Chinese_or_Kanji,2800000,,FALSE,FALSE,,1,1,Wu Kong
TRUE,none,29400000,1600000,TRUE,TRUE,2021-12-22,2,1,WWII in Color: Road to Victory
FALSE,none,200000,,FALSE,FALSE,,1,1,Wyatt Earp
TRUE,none,7900000,500000,FALSE,FALSE,,8,4,Wynonna Earp
FALSE,Latin,1300000,,TRUE,TRUE,2021-02-12,1,1,Xico's Journey
FALSE,none,400000,,FALSE,FALSE,,1,1,Xingu
TRUE,none,245000000,8700000,TRUE,TRUE,2023-05-18,2,1,"XO, Kitty"
FALSE,none,200000,,TRUE,TRUE,2016-08-26,1,1,XOXO
FALSE,Latin,11400000,,TRUE,TRUE,2021-06-04,1,1,Xtreme
FALSE,none,1300000,,FALSE,FALSE,,1,1,xXx: Return of Xander Cage
FALSE,none,1700000,,FALSE,FALSE,,1,1,XXX: State of the Union
FALSE,none,4200000,,FALSE,FALSE,,1,1,xXx
FALSE,none,200000,,FALSE,FALSE,,1,1,XXY
TRUE,Japanese,1500000,200000,FALSE,FALSE,,2,1,Ya Boy Kongming!
FALSE,none,1300000,,FALSE,FALSE,,1,1,Ya veremos
FALSE,Latin,400000,,FALSE,FALSE,,1,1,Yahsi Bati
TRUE,none,9700000,800000,TRUE,TRUE,2022-04-20,2,1,Yakamoz S-245
TRUE,none,3500000,300000,FALSE,FALSE,,4,2,Yakari (2005)
TRUE,Japanese,900000,,FALSE,FALSE,,1,1,Yakitate!! Japan
TRUE,Japanese,6600000,700000,TRUE,FALSE,2023-05-18,2,1,Yakitori: Soldiers of Misfortune
FALSE,Korean,6000000,,TRUE,TRUE,2022-04-08,1,1,Yaksha: Ruthless Operations
TRUE,Japanese,400000,,FALSE,FALSE,,1,1,Yakuza no Onna
FALSE,none,2500000,,FALSE,FALSE,2022-04-20,1,1,Yakuza Princess
FALSE,Japanese,100000,,FALSE,FALSE,,1,1,Yakuza Wives
FALSE,Japanese,100000,,FALSE,FALSE,,1,1,Yamato
TRUE,Japanese,100000,,FALSE,FALSE,,1,1,Yamazaki Ichimon -Nihontouitsu Gaiden-
FALSE,none,100000,,FALSE,FALSE,,1,1,Yanimda Kal
TRUE,none,28300000,1100000,TRUE,TRUE,2019-06-14,2,1,Yankee
TRUE,Chinese_or_Kanji,2100000,200000,TRUE,TRUE,2019-12-31,2,1,Yanxi Palace: Princess Adventures
FALSE,none,7800000,,TRUE,TRUE,2021-11-05,1,1,Yara
TRUE,Japanese,500000,,FALSE,FALSE,,2,2,Yashahime: Princess Half-Demon
TRUE,none,5000000,800000,TRUE,TRUE,2021-04-29,2,1,Yasuke
FALSE,none,6600000,,FALSE,FALSE,,1,1,Year One (2009)
FALSE,Devanagari,200000,,TRUE,TRUE,2020-02-21,1,1,Yeh Ballet
FALSE,Devanagari,6700000,,FALSE,FALSE,,1,1,Yeh Jawaani Hai Deewani
TRUE,Devanagari,4700000,400000,TRUE,TRUE,2022-01-14,2,1,Yeh Kaali Kaali Ankhein
TRUE,Korean,500000,100000,FALSE,FALSE,,2,1,Yellow Muzi & Friends
FALSE,none,100000,,FALSE,FALSE,,1,1,Yellow Rose
TRUE,none,20700000,2100000,FALSE,FALSE,,1,1,Yellowjackets
FALSE,none,29400000,,TRUE,TRUE,2021-03-12,1,1,YES DAY
FALSE,none,1300000,,FALSE,FALSE,,1,1,Yes Man
FALSE,none,1100000,,FALSE,FALSE,,1,1,Yesterday (2019)
FALSE,none,100000,,FALSE,FALSE,,1,1,Yesterday Today Tomorrow
FALSE,none,1200000,,FALSE,FALSE,,1,1,Yevadu
TRUE,none,4100000,200000,FALSE,FALSE,,4,3,Yizo Yizo
FALSE,none,400000,,FALSE,FALSE,,1,1,"Yo, ""El Vaquilla"""
TRUE,none,3100000,200000,FALSE,FALSE,,2,1,Yo-Kai Watch (2015)
FALSE,none,100000,,FALSE,FALSE,,1,1,Yodha (1991)
FALSE,none,500000,100000,TRUE,TRUE,,2,1,Yoga with Xochilt: Volume 1
FALSE,none,600000,100000,TRUE,FALSE,,2,1,Yoga: Volume 1
FALSE,none,300000,,FALSE,FALSE,,1,1,Yogi (2007)
FALSE,none,100000,,FALSE,FALSE,,1,1,Yogi Bear
TRUE,none,10700000,3100000,TRUE,TRUE,2023-12-15,1,1,Yoh! Christmas
FALSE,Japanese,200000,,FALSE,FALSE,,1,1,Yokame no semi
FALSE,none,200000,,FALSE,FALSE,,1,1,Yoko (2012)
TRUE,Chinese_or_Kanji,100000,,FALSE,FALSE,,1,1,Yong Jiu Grocery Store
TRUE,Korean,4700000,200000,FALSE,FALSE,,2,1,Yong Pal
TRUE,none,6300000,700000,TRUE,TRUE,2019-03-15,6,3,YooHoo to the Rescue
TRUE,Japanese,800000,,FALSE,FALSE,,2,2,Yoshimoto Shinkigeki
FALSE,Thai,2800000,,FALSE,FALSE,,1,1,You & Me & Me
FALSE,Latin,300000,,FALSE,FALSE,,1,1,You and Me and the Ending
TRUE,Korean,7600000,300000,FALSE,FALSE,,2,1,You are Beautiful
TRUE,Korean,8100000,100000,FALSE,FALSE,,2,1,You are My Destiny
TRUE,Thai,1100000,,FALSE,FALSE,,1,1,You Are My Heartbeat
FALSE,none,800000,,FALSE,FALSE,,1,1,You Are My Home
TRUE,Thai,1300000,,FALSE,FALSE,,1,1,You Are My Makeup Artist
TRUE,Korean,16800000,400000,TRUE,TRUE,2021-07-05,2,1,You Are My Spring
FALSE,Latin,100000,,FALSE,FALSE,,1,1,You Are Not Alone
FALSE,none,300000,,FALSE,FALSE,,1,1,You Are Not My Mother
FALSE,Chinese_or_Kanji,100000,,FALSE,FALSE,,1,1,You Are the Apple of My Eye
FALSE,Japanese,300000,,FALSE,FALSE,,1,1,You Are the Apple of My Eye
FALSE,Latin,100000,,FALSE,FALSE,,1,1,You Can Do It Dear!
TRUE,Latin,18000000,1200000,FALSE,FALSE,2020-01-24,2,1,You Cannot Hide
FALSE,Latin,300000,,FALSE,FALSE,,1,1,You Choose!
FALSE,Latin,29400000,,TRUE,TRUE,2023-06-09,1,1,You Do You
TRUE,none,15900000,1600000,TRUE,TRUE,2022-06-17,2,1,You Don't Know Me
FALSE,none,5700000,,FALSE,FALSE,,1,1,You Don't Mess with the Zohan
FALSE,none,4900000,,FALSE,FALSE,2017-06-23,1,1,You Get Me
FALSE,none,500000,,FALSE,FALSE,,1,1,You Got Served
FALSE,Latin,100000,,FALSE,FALSE,,1,1,You Kiss Like a Devil
FALSE,Latin,100000,,FALSE,FALSE,,1,1,You Kiss Like a God
FALSE,Latin,100000,,FALSE,FALSE,,1,1,You Know Him
TRUE,none,7300000,100000,FALSE,FALSE,2017-02-10,6,5,You Me Her
FALSE,Latin,100000,,FALSE,FALSE,,1,1,You Me Lenin
FALSE,none,181800000,,TRUE,TRUE,2023-01-27,1,1,You People
FALSE,Japanese,100000,,FALSE,FALSE,,1,1,You Shine in the Moonlight
FALSE,none,700000,,FALSE,FALSE,,1,1,You Should Have Left
FALSE,Latin,100000,,FALSE,FALSE,,1,1,You Take the Kids!
FALSE,none,100000,,FALSE,FALSE,,1,1,You to Me Are Everything
FALSE,none,1700000,,TRUE,TRUE,2021-09-14,1,1,You vs. Wild: Out Cold
TRUE,none,16500000,3100000,TRUE,TRUE,2019-04-10,2,1,You vs. Wild
FALSE,none,3700000,,FALSE,FALSE,,1,1,You Will Meet a Tall Dark Stranger
FALSE,Latin,200000,,TRUE,TRUE,,1,1,You're Everything To Me
FALSE,Latin,800000,,FALSE,FALSE,,1,1,You're Killing Me Susana
FALSE,none,300000,,TRUE,TRUE,,1,1,You're My Boss
TRUE,Chinese_or_Kanji,3000000,100000,TRUE,TRUE,,2,1,You're My Destiny
FALSE,Japanese,100000,,FALSE,FALSE,,1,1,"You're not normal, either!"
FALSE,none,300000,,FALSE,FALSE,,1,1,You've Got Mail
FALSE,Latin,6600000,,TRUE,TRUE,2020-10-02,1,1,You've Got This
FALSE,none,400000,,FALSE,FALSE,,1,1,"You, Me and Dupree"
FALSE,Latin,100000,,FALSE,FALSE,,1,1,Young & Beautiful
FALSE,Chinese_or_Kanji,200000,,FALSE,FALSE,,1,1,Young & Dangerous 3
FALSE,Latin,500000,,FALSE,FALSE,,1,1,Young & Wild
FALSE,Korean,100000,,FALSE,FALSE,,1,1,Young Adult Matters
FALSE,none,500000,,FALSE,FALSE,,1,1,Young Adult
FALSE,Chinese_or_Kanji,100000,,FALSE,FALSE,,1,1,Young and Dangerous: The Prequel
FALSE,Chinese_or_Kanji,100000,,FALSE,FALSE,,1,1,Young Detective Dee: Rise of the Sea Dragon
FALSE,Latin,1300000,,FALSE,FALSE,,1,1,Young Doctors: Staffel 4
FALSE,Latin,1100000,,FALSE,FALSE,,1,1,Young Doctors: Staffel 5
FALSE,none,300000,,FALSE,FALSE,,1,1,Young Guns II
TRUE,none,600000,100000,FALSE,FALSE,,1,1,Young Justice
FALSE,Korean,58500000,,FALSE,FALSE,,1,1,Young Lady and Gentleman
TRUE,Korean,34400000,600000,FALSE,FALSE,,1,1,Young Lady and Gentleman
TRUE,none,30800000,3200000,TRUE,TRUE,2021-07-01,4,2,Young Royals
TRUE,none,695500000,88300000,FALSE,FALSE,,11,6,Young Sheldon
FALSE,none,7000000,800000,TRUE,TRUE,2022-02-17,2,1,Young Wallander: Killer's Shadow
TRUE,none,10400000,1000000,TRUE,TRUE,2020-09-03,2,1,Young Wallander
TRUE,none,27600000,700000,TRUE,TRUE,2022-03-18,4,2,"Young, Famous & African"
FALSE,none,300000,,FALSE,FALSE,,1,1,Your Excellency
FALSE,Japanese,1400000,,FALSE,FALSE,,1,1,Your Eyes Tell
FALSE,none,200000,,FALSE,FALSE,,1,1,Your Highness (2011)
TRUE,none,1000000,100000,FALSE,FALSE,,3,2,"Your Home, Made Perfect"
TRUE,Japanese,200000,,FALSE,FALSE,,1,1,Your lie in April
FALSE,Chinese_or_Kanji,600000,,TRUE,TRUE,2020-12-23,1,1,Your Name Engraved Herein
FALSE,Japanese,1000000,,FALSE,FALSE,,1,1,Your Name
FALSE,none,163000000,,TRUE,TRUE,2023-02-10,1,1,Your Place or Mine
FALSE,Latin,4500000,,TRUE,TRUE,2019-03-01,1,1,Your Son
TRUE,Japanese,200000,,FALSE,FALSE,,1,1,Your Tales of the Unusual
TRUE,Japanese,300000,,FALSE,FALSE,,1,1,Your Turn to Kill
TRUE,Chinese_or_Kanji,200000,,FALSE,FALSE,,1,1,Yours Fatefully
FALSE,none,100000,,TRUE,TRUE,2020-04-24,1,1,"Yours Sincerely, Kanan Gill"
TRUE,Korean,5600000,100000,FALSE,FALSE,,2,1,Youth of May
TRUE,none,868100000,12700000,TRUE,TRUE,2018-12-26,8,4,You
TRUE,Latin,8800000,800000,TRUE,TRUE,2022-09-02,2,1,You’re Nothing Special
FALSE,Japanese,4500000,100000,FALSE,FALSE,,2,1,Yowamushi Pedal (2013)
FALSE,Japanese,200000,,FALSE,FALSE,,1,1,Yowamushi Pedal (2020)
FALSE,Japanese,2200000,100000,FALSE,FALSE,,2,1,Yowamushi Pedal Grande Road
FALSE,Japanese,1200000,100000,FALSE,FALSE,,2,1,Yowamushi Pedal: Glory Line
FALSE,Japanese,1400000,100000,FALSE,FALSE,,2,1,Yowamushi Pedal: New Generation
TRUE,Japanese,3600000,100000,FALSE,FALSE,,2,1,Yowamushi Pedal
FALSE,none,100000,,FALSE,FALSE,,1,1,Yowis Ben 3
TRUE,Japanese,13200000,700000,FALSE,FALSE,,8,4,Yu Yu Hakusho: Ghost Files
TRUE,Japanese,69200000,16500000,TRUE,TRUE,2023-12-14,1,1,Yu Yu Hakusho
FALSE,Chinese_or_Kanji,100000,,FALSE,FALSE,,1,1,Yu-Gi-Oh!: The Dark Side of Dimensions
TRUE,Japanese,28500000,600000,FALSE,FALSE,,9,5,Yu-Gi-Oh!
FALSE,none,1100000,,FALSE,FALSE,2019-02-15,1,1,Yucatán
FALSE,none,100000,,FALSE,FALSE,,1,1,Yuma (2012)
TRUE,none,400000,,TRUE,FALSE,2019-01-18,2,2,Yummy Mummies
FALSE,none,100000,,FALSE,FALSE,,1,1,Yung
FALSE,Latin,200000,,TRUE,TRUE,2022-06-02,1,1,Yuri Marçal: Honest Mistake
TRUE,Japanese,1500000,200000,FALSE,FALSE,,1,1,Yuria’s Red String of Fate
FALSE,none,100000,,FALSE,FALSE,,1,1,Yusuf & Yusuf
FALSE,Devanagari,200000,,FALSE,FALSE,,1,1,Yuva
TRUE,none,47800000,1800000,FALSE,FALSE,,10,5,Z Nation
FALSE,none,200000,100000,FALSE,FALSE,,2,1,Zach Galifianakis: Live at the Purple Onion
TRUE,none,300000,,FALSE,FALSE,,1,1,Zach Stone Is Gonna Be Famous
TRUE,none,1100000,100000,FALSE,FALSE,,2,1,Zack & Quack
FALSE,none,100000,,FALSE,FALSE,,1,1,Zack and Miri Make a Porno
TRUE,Latin,2500000,100000,FALSE,FALSE,,2,1,Zak Storm
TRUE,Japanese,1000000,,FALSE,FALSE,,3,3,Zatch Bell!
FALSE,none,2700000,,FALSE,FALSE,,1,1,Zathura: A Space Adventure
FALSE,none,100000,,FALSE,FALSE,,1,1,Zenek
FALSE,Japanese,100000,,FALSE,FALSE,,1,1,Zenigata
FALSE,none,800000,,FALSE,FALSE,,1,1,Zero (2018)
TRUE,none,19200000,2100000,TRUE,TRUE,2021-03-15,2,1,Zero Chill
FALSE,none,2800000,,FALSE,FALSE,,1,1,Zero Dark Thirty
FALSE,Chinese_or_Kanji,800000,,TRUE,TRUE,2021-11-05,1,1,Zero to Hero
FALSE,none,100000,,FALSE,FALSE,,1,1,Zeroville
TRUE,none,200000,,FALSE,FALSE,,1,1,ZeroZeroZero
TRUE,none,3600000,500000,TRUE,TRUE,2021-04-21,2,1,Zero
FALSE,none,100000,,FALSE,FALSE,,1,1,Ziarno prawdy
TRUE,none,69600000,3200000,FALSE,FALSE,,4,2,Zig & Sharko
TRUE,Devanagari,800000,200000,FALSE,FALSE,,2,1,Zindagi in Short
FALSE,Devanagari,4100000,,FALSE,FALSE,,1,1,Zindagi Na Milegi Dobara
FALSE,none,100000,,TRUE,TRUE,2018-08-10,1,1,Zion
FALSE,Latin,200000,,FALSE,FALSE,,1,1,Zip & Zap and the Marble Gang
FALSE,none,100000,,FALSE,FALSE,,1,1,Zipi y Zape y la isla del capitán
FALSE,none,3600000,,FALSE,FALSE,,1,1,Zodiac (2007)
TRUE,none,22700000,2000000,FALSE,FALSE,,4,2,Zoey 101
FALSE,none,100000,,FALSE,FALSE,2018-07-20,1,1,Zoe
FALSE,none,100000,,FALSE,FALSE,,1,1,Zog
FALSE,Japanese,100000,,FALSE,FALSE,,1,1,Zoids Wild Zero
FALSE,Japanese,100000,,FALSE,FALSE,,1,1,Zokki
FALSE,Japanese,100000,,FALSE,FALSE,,1,1,Zoku-Owarimonogatari
FALSE,none,100000,,FALSE,FALSE,,1,1,Zola
TRUE,Japanese,28400000,5900000,FALSE,FALSE,,1,1,Zom 100: Bucket List of the Dead
FALSE,Korean,900000,,FALSE,FALSE,,1,1,Zombie Detective
FALSE,Japanese,100000,,FALSE,FALSE,,1,1,ZOMBIE LAND SAGA: Revenge
TRUE,Japanese,100000,,FALSE,FALSE,,1,1,ZOMBIE LAND SAGA
FALSE,none,100000,,FALSE,FALSE,,1,1,Zombie Tidal Wave
FALSE,none,6700000,,FALSE,FALSE,,1,1,Zombieland: Double Tap
FALSE,none,10500000,,FALSE,FALSE,,1,1,Zombieland
TRUE,none,200000,,FALSE,FALSE,,2,2,ZombieLars
TRUE,Korean,29600000,4000000,TRUE,TRUE,2023-08-08,1,1,Zombieverse
FALSE,Latin,100000,,FALSE,FALSE,,1,1,Zone 261
FALSE,none,900000,,FALSE,FALSE,,1,1,Zone 414
TRUE,none,2500000,,FALSE,FALSE,,3,3,Zoo (2015)
FALSE,none,8800000,,FALSE,FALSE,,1,1,Zookeeper
FALSE,none,200000,,FALSE,FALSE,,1,1,Zoolander 2
FALSE,none,1600000,,FALSE,FALSE,,1,1,Zoom: Academy for Superheroes
FALSE,none,100000,,FALSE,FALSE,,1,1,Zulu
TRUE,none,7000000,300000,FALSE,FALSE,2020-01-10,2,1,Zumbo's Just Desserts
FALSE,none,1400000,,FALSE,FALSE,,1,1,Zwanger & Co
FALSE,none,300000,,FALSE,FALSE,,1,1,ZZ TOP: THAT LITTLE OL' BAND FROM TEXAS
FALSE,none,100000,,FALSE,FALSE,,1,1,Züğürt Ağa
FALSE,none,2700000,,FALSE,FALSE,,1,1,¡Asu Mare! Los amigos
FALSE,none,300000,,TRUE,TRUE,,1,1,"¡Ay, mi madre!"
FALSE,none,53500000,,TRUE,TRUE,2023-05-11,1,1,¡Que viva México!
FALSE,none,200000,,FALSE,FALSE,,1,1,¿Qué le dijiste a Dios?
FALSE,none,2300000,,FALSE,FALSE,,1,1,Æon Flux (2005)
FALSE,none,200000,,FALSE,FALSE,,1,1,Çakallarla Dans 4
FALSE,none,300000,,FALSE,FALSE,,1,1,Çakallarla Dans 5
FALSE,none,200000,,FALSE,FALSE,,1,1,Çalgı Çengi İkimiz
FALSE,none,900000,,FALSE,FALSE,,1,1,Çember: Chamber
FALSE,none,100000,,FALSE,FALSE,,1,1,Çiçek Abbas
FALSE,none,300000,,FALSE,FALSE,,1,1,Çöpçüler Kralı
FALSE,none,1100000,,FALSE,FALSE,,1,1,É Fada!
FALSE,none,200000,,FALSE,FALSE,,1,1,Érase una vez en Euskadi
FALSE,none,1300000,,TRUE,TRUE,2020-10-02,1,1,Òlòtūré
FALSE,none,100000,,FALSE,FALSE,,1,1,Ödipussi
FALSE,none,100000,,FALSE,FALSE,,1,1,Üç Harfliler 2: Hablis
FALSE,none,100000,,FALSE,FALSE,,1,1,Üç Harfliler 3: Karabüyü
FALSE,none,100000,,FALSE,FALSE,,1,1,Üç Harfliler: Adak
FALSE,none,100000,,FALSE,FALSE,,1,1,Üç Harfliler: Beddua
FALSE,none,200000,,FALSE,FALSE,,1,1,Čertoviny
FALSE,none,100000,,FALSE,FALSE,,1,1,Čtyřlístek Ve Službách Krále
TRUE,Japanese,19700000,3400000,TRUE,FALSE,2023-06-29,2,1,Ōoku: The Inner Chambers
FALSE,none,200000,,FALSE,FALSE,,1,1,Řachanda
TRUE,none,400000,200000,FALSE,FALSE,,1,1,Ślub Doskonały
FALSE,none,300000,,FALSE,FALSE,,1,1,Şaban Oğlu Şaban
FALSE,none,100000,,FALSE,FALSE,,1,1,Şahane Hayaller
FALSE,none,300000,,FALSE,FALSE,,1,1,Şansımı Seveyim
FALSE,none,200000,,FALSE,FALSE,,1,1,Şekerpare
FALSE,none,100000,,FALSE,FALSE,,1,1,Špindl
FALSE,none,100000,,FALSE,FALSE,,1,1,Żyć nie umierać
FALSE,none,100000,,FALSE,FALSE,2022-01-20,1,1,أصحاب ...ولا أعزّ
TRUE,none,100000,,FALSE,FALSE,,1,1,الناموس
TRUE,none,500000,100000,FALSE,FALSE,,1,1,تحت الوصاية
TRUE,none,400000,,FALSE,FALSE,,3,3,حكايات بنات الجزء ١
FALSE,none,100000,,FALSE,FALSE,,1,1,راس السنة
FALSE,none,600000,,TRUE,TRUE,2022-11-04,1,1,Ẹlẹṣin Ọba: The King's Horseman
TRUE,none,8700000,1800000,TRUE,TRUE,2023-12-15,1,1,​Carol & The End of The World
TRUE,Japanese,35200000,2300000,FALSE,FALSE,,2,1,【OSHI NO KO】
TRUE,Chinese_or_Kanji,1800000,,FALSE,FALSE,,1,1,三国
FALSE,none,100000,,FALSE,FALSE,,1,1,心が叫びたがってるんだ。
TRUE,none,5100000,100000,FALSE,FALSE,,2,1,달의 연인 - 보보경심 려
FALSE,none,100000,,FALSE,FALSE,,1,1,두근두근 내 인생
TRUE,none,200000,,FALSE,FALSE,,1,1,두다다쿵
FALSE,none,100000,,FALSE,FALSE,,1,1,라디오 스타
FALSE,none,200000,,FALSE,FALSE,,1,1,레드슈즈
FALSE,none,18600000,,FALSE,FALSE,,1,1,비상선언
FALSE,none,100000,,FALSE,FALSE,,1,1,선생 김봉두
FALSE,none,400000,,FALSE,FALSE,,1,1,침묵
FALSE,none,200000,,FALSE,FALSE,,1,1,표적
