title,year,age,imdb_rating_catalog_2021,rotten_tomatoes,hulu,prime_video,disney_plus,n_platforms,exclusive,imdb_ratecount_2021,hours_viewed_2023,views_2023,available_globally_ever,available_globally_always,release_date_earliest,n_distinct_seasons,tconst,imdb_title_type
Star Trek,1966,7+,8.3,82/100,1,1,0,3,FALSE,75379,21600000,400000,FALSE,FALSE,,3,tt0060028,tvSeries
Monty Python's Flying Circus,1969,16+,8.8,81/100,0,0,0,1,TRUE,68780,1700000,100000,TRUE,TRUE,,4,tt0063929,tvSeries
Danger Mouse,1981,7+,7.4,54/100,0,0,0,1,TRUE,3236,2900000,300000,FALSE,FALSE,2016-04-29,2,tt0081848,tvSeries
Star Trek: The Next Generation,1987,7+,8.6,86/100,1,1,0,3,FALSE,104632,70100000,1500000,FALSE,FALSE,,7,tt0092455,tvSeries
Star Trek: Deep Space Nine,1993,7+,8,80/100,1,1,0,3,FALSE,54886,45800000,1300000,FALSE,FALSE,,7,tt0106145,tvSeries
Heartbreak High,1994,7+,7.8,51/100,0,0,0,1,TRUE,2826,39800000,1800000,TRUE,TRUE,2022-09-14,1,tt0108800,tvSeries
The Magic School Bus,1994,all,7.8,62/100,0,0,0,1,TRUE,8586,11000000,800000,FALSE,FALSE,,1,tt0108847,tvSeries
"Sister, Sister",1994,7+,6.3,59/100,1,0,0,2,FALSE,11551,36300000,1500000,FALSE,FALSE,,6,tt0108927,tvSeries
Neon Genesis Evangelion,1995,16+,8.5,82/100,0,0,0,1,TRUE,54195,17600000,900000,TRUE,TRUE,,1,tt0112159,tvSeries
Star Trek: Voyager,1995,7+,7.8,78/100,1,1,0,3,FALSE,61077,71600000,1800000,FALSE,FALSE,,7,tt0112178,tvSeries
Moesha,1996,7+,5.8,50/100,1,0,0,2,FALSE,3357,12100000,400000,FALSE,FALSE,,6,tt0115275,tvSeries
Popples,1986,all,6.5,39/100,0,0,0,1,TRUE,209,1100000,,TRUE,TRUE,2015-10-30,3,tt0174420,tvSeries
The Parkers,1999,7+,6.9,48/100,0,0,0,1,TRUE,2028,50100000,3400000,FALSE,FALSE,,5,tt0200353,tvSeries
Gilmore Girls,2000,16+,8.1,84/100,0,0,0,1,TRUE,105104,1200500000,45100000,TRUE,TRUE,,7,tt0238784,tvSeries
Star Trek: Enterprise,2001,7+,7.5,76/100,1,1,0,3,FALSE,47588,41800000,1300000,FALSE,FALSE,,4,tt0244365,tvSeries
Still Game,2002,16+,8.8,61/100,0,0,0,1,TRUE,6473,37100000,5900000,FALSE,FALSE,,9,tt0281491,tvSeries
One on One,2001,16+,7.2,54/100,0,1,0,2,FALSE,2004,14100000,700000,FALSE,FALSE,,5,tt0284770,tvSeries
Okupas,2000,18+,9.1,52/100,0,0,0,1,TRUE,964,2900000,200000,FALSE,FALSE,,1,tt0289649,tvMiniSeries
InuYasha,2000,16+,7.9,69/100,1,0,0,2,FALSE,14947,92300000,1500000,FALSE,FALSE,,6,tt0290223,tvSeries
Trailer Park Boys,2001,18+,8.5,71/100,0,0,0,1,TRUE,38386,143700000,18900000,TRUE,TRUE,2010-09-22,12,tt0290988,tvSeries
Half & Half,2002,7+,7.1,51/100,0,0,0,1,TRUE,1541,11400000,600000,FALSE,FALSE,,4,tt0320024,tvSeries
Chappelle's Show,2003,18+,8.7,83/100,0,0,0,1,TRUE,56797,12500000,1400000,FALSE,FALSE,,2,tt0353049,tvSeries
NCIS,2003,16+,7.7,81/100,0,0,0,1,TRUE,123588,595200000,16700000,FALSE,FALSE,,15,tt0364845,tvSeries
Arrested Development,2003,16+,8.7,87/100,1,0,0,2,FALSE,281893,73900000,4800000,FALSE,FALSE,2010-04-01,4,tt0367279,tvSeries
Sonic X,2003,16+,6.2,57/100,1,1,0,3,FALSE,3898,22900000,900000,TRUE,TRUE,,2,tt0367413,tvSeries
One Piece,1999,7+,8.8,85/100,1,0,0,2,FALSE,77850,682200000,42700000,FALSE,FALSE,,1,tt0388629,tvSeries
The Staircase,2005,16+,7.9,74/100,0,0,0,1,TRUE,19786,9100000,400000,TRUE,TRUE,2018-06-08,1,tt0388644,tvSeries
Naruto,2002,7+,8.3,81/100,1,0,0,2,FALSE,76916,255600000,11700000,FALSE,FALSE,,9,tt0409591,tvSeries
Grey's Anatomy,2005,16+,7.5,87/100,1,0,0,2,FALSE,261413,1346800000,50700000,FALSE,FALSE,,19,tt0413573,tvSeries
Code Lyoko,2003,7+,7.3,57/100,0,0,0,1,TRUE,4708,1600000,,TRUE,FALSE,,4,tt0417311,tvSeries
Fullmetal Alchemist,2003,16+,8.5,73/100,0,0,0,1,TRUE,64098,800000,,FALSE,FALSE,,1,tt0421357,tvSeries
Winx Club,2004,all,6.2,57/100,0,0,0,1,TRUE,4595,11600000,400000,FALSE,FALSE,,3,tt0421482,tvSeries
Cold Case Files,1999,18+,8.1,60/100,1,1,0,3,FALSE,1511,54800000,1900000,FALSE,FALSE,,2,tt0426666,tvSeries
Bleach,2004,18+,8.1,73/100,1,0,0,2,FALSE,45599,2600000,,TRUE,TRUE,2018-09-14,1,tt0434665,tvSeries
Johnny Test,2005,all,5.1,53/100,0,0,0,1,TRUE,7130,17700000,1800000,TRUE,TRUE,2021-07-16,2,tt0454349,tvSeries
Vientos de agua,2006,"",8.8,55/100,0,0,0,1,TRUE,937,1600000,100000,FALSE,FALSE,,1,tt0459724,tvMiniSeries
The IT Crowd,2006,16+,8.5,86/100,0,0,0,1,TRUE,137591,12700000,1500000,TRUE,FALSE,,5,tt0487831,tvSeries
Pocoyo,2005,all,7.4,48/100,1,1,0,3,FALSE,1292,68000000,6900000,FALSE,FALSE,,4,tt0487849,tvSeries
H2O: Just Add Water,2006,all,7.2,64/100,1,0,0,2,FALSE,13116,115500000,4400000,FALSE,FALSE,,3,tt0491603,tvSeries
The Game,2006,16+,6.7,59/100,1,1,0,3,FALSE,3991,200000,,FALSE,FALSE,,1,tt0772137,tvSeries
Monty Python's Personal Best,2006,16+,7.9,46/100,0,0,0,1,TRUE,404,200000,,FALSE,FALSE,,1,tt0795156,tvSeries
Ouran High School Host Club,2006,16+,8.2,66/100,1,0,0,2,FALSE,8635,7400000,200000,FALSE,FALSE,,1,tt0816397,tvSeries
Death Note,2006,16+,9,84/100,1,0,0,2,FALSE,256207,500000,,FALSE,FALSE,,1,tt0877057,tvSeries
Breaking Bad,2008,18+,9.4,100/100,0,0,0,1,TRUE,1527259,850500000,36400000,FALSE,FALSE,,5,tt0903747,tvSeries
The Innocent Man,2018,18+,7.3,65/100,0,0,0,1,TRUE,5247,7000000,700000,TRUE,TRUE,2018-12-14,1,tt0914376,tvMiniSeries
Gurren Lagann,2007,16+,8.3,66/100,0,0,0,1,TRUE,15360,100000,,FALSE,FALSE,,1,tt0948103,tvSeries
Shaun the Sheep,2007,all,8.2,65/100,0,1,0,2,FALSE,12571,13600000,2600000,FALSE,FALSE,,2,tt0983983,tvSeries
Horrid Henry,2006,7+,6.4,44/100,0,1,0,2,FALSE,711,26300000,1400000,FALSE,FALSE,,5,tt0985991,tvSeries
Code Geass: Lelouch of the Rebellion,2006,18+,8.7,72/100,0,0,0,1,TRUE,54471,3700000,100000,FALSE,FALSE,,2,tt0994314,tvSeries
Blood of Zeus,2020,"",7.5,62/100,0,0,0,1,TRUE,13487,8200000,900000,TRUE,TRUE,2020-10-27,1,tt10009170,tvSeries
My Husband Won't Fit,2019,"",6.7,46/100,0,0,0,1,TRUE,677,2000000,200000,TRUE,TRUE,2019-03-20,1,tt10027946,tvSeries
Gentefied,2020,16+,7.4,60/100,0,0,0,1,TRUE,1741,5400000,300000,TRUE,TRUE,2020-02-21,2,tt10037034,tvSeries
You vs. Wild,2019,"",7,55/100,0,0,0,1,TRUE,2291,16500000,3100000,TRUE,TRUE,2019-04-10,1,tt10044952,tvSeries
The Queen's Gambit,2020,18+,8.6,92/100,0,0,0,1,TRUE,322175,83000000,5600000,TRUE,TRUE,2020-10-23,1,tt10048342,tvMiniSeries
Followers,2020,18+,6.2,42/100,0,0,0,1,TRUE,417,1200000,100000,TRUE,TRUE,2020-02-27,1,tt10049610,tvSeries
Mighty Little Bheem,2019,all,6.7,44/100,0,0,0,1,TRUE,199,53100000,11500000,TRUE,TRUE,2019-04-12,3,tt10050752,tvSeries
I Think You Should Leave with Tim Robinson,2019,18+,7.8,81/100,0,0,0,1,TRUE,6275,27400000,8400000,TRUE,TRUE,2019-04-23,3,tt10050772,tvSeries
Abyss,2019,16+,7.1,53/100,0,0,0,1,TRUE,1398,24000000,800000,TRUE,TRUE,2019-05-06,1,tt10055734,tvSeries
Never Have I Ever,2020,16+,7.9,86/100,0,0,0,1,TRUE,27637,479200000,28700000,TRUE,TRUE,2020-04-27,4,tt10062292,tvSeries
Stolen Away,2020,"",7.1,48/100,0,0,0,1,TRUE,1922,26200000,1500000,FALSE,FALSE,2020-06-05,1,tt10064124,tvSeries
Home for Christmas,2019,18+,7.7,60/100,0,0,0,1,TRUE,10961,10400000,3100000,TRUE,TRUE,2019-12-05,2,tt10069398,tvSeries
Tiffany Haddish Presents: They Ready,2019,"",6.3,43/100,0,0,0,1,TRUE,476,400000,,TRUE,TRUE,2019-08-13,2,tt10085386,tvSeries
Morphle,2019,all,4.9,34/100,1,0,0,2,FALSE,50,20400000,7700000,TRUE,TRUE,,1,tt10087694,tvSeries
Move,2020,"",,40/100,0,0,0,1,TRUE,84,200000,,TRUE,TRUE,2020-10-23,1,tt10092764,tvSeries
Feel Good,2020,18+,7.5,77/100,0,0,0,1,TRUE,6299,2500000,400000,TRUE,TRUE,2021-06-04,1,tt10098620,tvSeries
Curon,2020,18+,5.8,56/100,0,0,0,1,TRUE,3477,5400000,500000,TRUE,TRUE,2020-06-10,1,tt10101518,tvSeries
Seis Manos,2019,18+,7.2,61/100,0,0,0,1,TRUE,1209,2200000,200000,TRUE,TRUE,2019-10-03,1,tt10106108,tvSeries
The Defected,2019,"",7.2,40/100,0,0,0,1,TRUE,48,500000,,FALSE,FALSE,,1,tt10141612,tvSeries
Spectros,2020,18+,4.7,41/100,0,0,0,1,TRUE,338,600000,100000,TRUE,TRUE,2020-02-20,1,tt10145110,tvSeries
The Minions of Midas,2020,"",6.6,53/100,0,0,0,1,TRUE,3374,4800000,400000,TRUE,TRUE,2020-11-13,1,tt10147520,tvMiniSeries
Sneakerheads,2020,"",6.2,47/100,0,0,0,1,TRUE,1115,3100000,500000,TRUE,TRUE,2020-09-25,1,tt10151772,tvSeries
Julie and the Phantoms,2020,7+,8.5,74/100,0,0,0,1,TRUE,7138,21300000,2200000,TRUE,TRUE,2020-09-10,1,tt10183988,tvSeries
It's Bruno!,2019,7+,7.5,63/100,0,0,0,1,TRUE,2610,1000000,100000,TRUE,TRUE,2019-05-17,1,tt10186846,tvSeries
One Spring Night,2019,"",7.9,51/100,0,0,0,1,TRUE,1653,27000000,800000,TRUE,TRUE,2019-05-22,1,tt10192576,tvSeries
Sons of the Caliphate,2016,"",,13/100,0,0,0,1,TRUE,27,100000,,FALSE,FALSE,,1,tt10202268,tvSeries
Pandora,2019,7+,4.2,52/100,0,1,0,2,FALSE,3094,2700000,,FALSE,FALSE,2017-03-17,1,tt10207090,tvSeries
Chief of Staff,2019,16+,7.9,44/100,0,0,0,1,TRUE,321,5100000,200000,TRUE,TRUE,2019-06-14,2,tt10220476,tvSeries
Legend Quest: Masters of Myth,2019,"",7.7,39/100,0,0,0,1,TRUE,101,1900000,200000,TRUE,TRUE,2019-10-05,1,tt10228032,tvSeries
Bombay Begums,2021,"",4.9,48/100,0,0,0,1,TRUE,3469,2000000,200000,TRUE,TRUE,2021-03-08,1,tt10238792,tvSeries
Reality Z,2020,18+,5.4,53/100,0,0,0,1,TRUE,2098,5100000,400000,TRUE,TRUE,2020-06-10,1,tt10241238,tvSeries
Crime Diaries: Night Out,2019,"",7.8,44/100,0,0,0,1,TRUE,702,5400000,600000,TRUE,TRUE,2019-05-03,1,tt10242266,tvMiniSeries
Jailbirds,2019,18+,7.1,49/100,0,0,0,1,TRUE,908,8000000,700000,TRUE,TRUE,2019-05-10,1,tt10243628,tvSeries
Killer Ratings,2019,18+,8,53/100,0,0,0,1,TRUE,1334,2300000,200000,TRUE,TRUE,2019-05-31,1,tt10243692,tvMiniSeries
Oktoberfest: Beer & Blood,2020,"",6.8,50/100,0,0,0,1,TRUE,1730,3200000,400000,TRUE,TRUE,2020-10-01,1,tt10244612,tvMiniSeries
Extracurricular,2020,18+,7.7,56/100,0,0,0,1,TRUE,3315,15400000,700000,TRUE,TRUE,2020-04-29,1,tt10262630,tvSeries
Put Your Head on My Shoulder,2019,7+,8,51/100,0,0,0,1,TRUE,1212,16400000,500000,FALSE,FALSE,,1,tt10265158,tvSeries
My Perfect Landing,2020,"",6.3,42/100,0,0,0,1,TRUE,108,20600000,1700000,FALSE,FALSE,,1,tt10268080,tvSeries
Outer Banks,2020,18+,7.6,79/100,0,0,0,1,TRUE,22148,865400000,14700000,TRUE,TRUE,2020-04-15,3,tt10293938,tvSeries
Pup Academy,2019,"",6.6,44/100,0,0,0,1,TRUE,395,62300000,6600000,TRUE,TRUE,2020-02-21,2,tt10302548,tvSeries
#blackAF,2020,18+,6.8,54/100,0,0,0,1,TRUE,4079,2500000,200000,TRUE,TRUE,2020-04-17,1,tt10311562,tvSeries
Someone Has to Die,2020,"",6.3,54/100,0,0,0,1,TRUE,3777,1500000,300000,TRUE,TRUE,2020-10-16,1,tt10311932,tvMiniSeries
The Writer,2019,7+,6.6,40/100,0,0,0,1,TRUE,237,300000,,FALSE,FALSE,,1,tt10312958,tvSeries
I Hear You,2019,all,7.8,40/100,0,0,0,1,TRUE,431,11500000,400000,FALSE,FALSE,,1,tt10327440,tvSeries
Alias Grace,2017,18+,7.7,79/100,0,0,0,1,TRUE,27725,19400000,2400000,TRUE,TRUE,2017-11-03,1,tt1034007,tvMiniSeries
Miniforce X,2019,"",4.3,34/100,0,1,0,2,FALSE,9,100000,,FALSE,FALSE,,1,tt10340828,tvSeries
All For Love,2020,7+,7,47/100,0,0,0,1,TRUE,117,68200000,600000,FALSE,FALSE,2020-06-26,1,tt10347886,tvSeries
Her Mother's Killer,2020,16+,7.7,46/100,0,0,0,1,TRUE,208,54100000,700000,FALSE,FALSE,2020-08-26,1,tt10348078,tvSeries
The Queen and the Conqueror,2020,16+,6.7,52/100,0,0,0,1,TRUE,124,16400000,200000,FALSE,FALSE,2020-05-20,1,tt10348700,tvSeries
El Final del Paraíso,2019,"",5.5,51/100,0,0,0,1,TRUE,153,76400000,400000,FALSE,FALSE,,1,tt10367818,tvSeries
A Thousand Goodnights,2019,"",,36/100,0,0,0,1,TRUE,68,900000,,FALSE,FALSE,2019-05-31,1,tt10370952,tvSeries
Awake: The Million Dollar Game,2019,7+,5.9,45/100,0,0,0,1,TRUE,660,4600000,400000,TRUE,TRUE,2019-06-14,1,tt10370956,tvSeries
Exhibit A,2019,18+,6.2,44/100,0,1,0,2,FALSE,839,1800000,300000,TRUE,TRUE,2019-06-28,1,tt10376904,tvSeries
Dino Girl Gauko,2019,7+,6.7,39/100,0,0,0,1,TRUE,55,2600000,400000,TRUE,FALSE,2019-11-22,2,tt10380814,tvSeries
City of Ghosts,2021,7+,8,49/100,0,1,0,2,FALSE,159,600000,200000,TRUE,TRUE,2021-03-05,1,tt10380896,tvSeries
Scissor Seven,2018,7+,8.3,57/100,0,0,0,1,TRUE,190,20000000,5100000,TRUE,TRUE,2020-01-10,4,tt10384610,tvSeries
Next in Fashion,2020,16+,7.3,52/100,0,0,0,1,TRUE,2996,111200000,2000000,TRUE,TRUE,2020-01-29,2,tt10394770,tvSeries
In The Bosom of a Thorn,2019,16+,7.3,35/100,0,0,0,1,TRUE,35,500000,,FALSE,FALSE,,1,tt10397430,tvSeries
Designated Survivor: 60 Days,2019,"",8.1,51/100,0,0,0,1,TRUE,869,9900000,200000,TRUE,TRUE,2019-07-01,1,tt10405394,tvSeries
Rookie Historian Goo Hae-Ryung,2019,"",8.2,51/100,0,0,0,1,TRUE,1304,25100000,500000,TRUE,TRUE,2019-07-17,1,tt10406128,tvSeries
Family Business,2019,16+,7.4,56/100,0,0,0,1,TRUE,2601,11200000,1500000,TRUE,TRUE,2019-06-28,3,tt10423460,tvSeries
Scams,2019,"",6.3,40/100,0,0,0,1,TRUE,267,800000,100000,TRUE,TRUE,2019-07-02,1,tt10448486,tvMiniSeries
Unrequited Love,2019,"",7.3,40/100,0,0,0,1,TRUE,177,3100000,100000,FALSE,FALSE,2019-07-16,1,tt10449632,tvSeries
Somewhere Only We Know,2019,"",7.3,41/100,0,0,0,1,TRUE,123,3000000,100000,FALSE,FALSE,,1,tt10472296,tvSeries
Grand Army,2020,"",7.6,61/100,0,0,0,1,TRUE,4154,10800000,500000,TRUE,TRUE,2020-10-16,1,tt10473150,tvSeries
The Naked Director,2019,18+,7.7,66/100,0,0,0,1,TRUE,4470,10100000,800000,TRUE,TRUE,2019-08-08,2,tt10477528,tvSeries
Kipo and the Age of Wonderbeasts,2020,7+,8.4,70/100,0,0,0,1,TRUE,3727,19100000,2200000,TRUE,TRUE,2020-01-14,3,tt10482560,tvSeries
Capitani,2019,"",6.6,51/100,0,0,0,1,TRUE,3103,21400000,1600000,TRUE,TRUE,2021-02-11,2,tt10483610,tvSeries
Prank Encounters,2019,16+,5.2,48/100,0,0,0,1,TRUE,2411,5400000,800000,TRUE,TRUE,2019-10-25,2,tt10487072,tvSeries
The Shannara Chronicles,2016,16+,7.2,77/100,0,0,0,1,TRUE,55517,17400000,900000,FALSE,FALSE,,2,tt1051220,tvSeries
Justice,2019,7+,5.2,37/100,0,0,0,1,TRUE,62,400000,,FALSE,FALSE,,1,tt10513300,tvSeries
Love 101,2020,18+,7.5,61/100,0,0,0,1,TRUE,9910,16000000,1100000,TRUE,TRUE,2020-04-24,2,tt10516352,tvSeries
Extreme Engagement,2019,18+,5.7,38/100,0,0,0,1,TRUE,329,900000,100000,TRUE,TRUE,2019-07-12,1,tt10521644,tvSeries
Snabba Cash,2021,"",7.6,59/100,0,0,0,1,TRUE,5996,22600000,2400000,TRUE,TRUE,2021-04-07,2,tt10540276,tvSeries
The Healing Powers of Dude,2020,all,6.6,48/100,0,0,0,1,TRUE,701,9500000,1100000,TRUE,TRUE,2020-01-13,1,tt10540562,tvSeries
The Trial,2019,"",7,50/100,0,0,0,1,TRUE,2472,17800000,900000,TRUE,TRUE,2019-12-17,1,tt10549212,tvSeries
Age of Samurai: Battle for Japan,2021,"",7.4,56/100,0,0,0,1,TRUE,3004,10100000,1100000,TRUE,TRUE,2021-02-24,1,tt10551256,tvMiniSeries
The Untamed,2019,16+,9,66/100,0,0,0,1,TRUE,4374,17200000,200000,FALSE,FALSE,,1,tt10554898,tvSeries
Teenage Bounty Hunters,2020,18+,7.7,72/100,0,0,0,1,TRUE,8918,13000000,600000,TRUE,TRUE,2020-08-14,1,tt10584608,tvSeries
The Legend of Bruce Lee,2008,"",7,53/100,0,1,0,2,FALSE,1317,4400000,100000,FALSE,FALSE,,1,tt1059455,tvSeries
Levius,2019,"",7,50/100,0,0,0,1,TRUE,431,1200000,100000,TRUE,TRUE,2019-11-28,1,tt10619444,tvMiniSeries
Zero,2021,"",5.7,50/100,0,0,0,1,TRUE,940,3600000,500000,TRUE,TRUE,2021-04-21,1,tt10619486,tvSeries
The Legend of White Snake,2019,all,7.7,41/100,0,0,0,1,TRUE,163,4700000,100000,FALSE,FALSE,,1,tt10628250,tvSeries
Queen of the South,2016,16+,8,79/100,0,0,0,1,TRUE,22100,204400000,12300000,TRUE,FALSE,,5,tt1064899,tvSeries
Betaal,2020,18+,5.4,56/100,0,0,0,1,TRUE,8067,5000000,600000,TRUE,TRUE,2020-05-24,1,tt10651790,tvSeries
Masaba Masaba,2020,"",6.7,46/100,0,0,0,1,TRUE,1490,2400000,300000,TRUE,TRUE,2020-08-28,2,tt10655506,tvSeries
The Movies That Made Us,2019,18+,7.8,75/100,0,0,0,1,TRUE,2955,8400000,900000,TRUE,TRUE,2019-11-29,3,tt10681222,tvSeries
"Breakfast, Lunch & Dinner",2019,18+,6.8,51/100,0,0,0,1,TRUE,909,1100000,100000,TRUE,TRUE,2019-10-23,1,tt10681670,tvSeries
Terrace House: Tokyo 2019-2020,2019,"",7.4,47/100,0,0,0,1,TRUE,606,2900000,200000,FALSE,FALSE,2019-05-13,2,tt10686814,tvSeries
Dragons: Rescue Riders,2019,7+,6.1,45/100,0,0,0,1,TRUE,220,50100000,4500000,TRUE,TRUE,2019-09-27,2,tt10687134,tvSeries
Hello Ninja,2019,all,6.6,34/100,0,0,0,1,TRUE,88,22300000,4900000,TRUE,TRUE,2019-11-01,4,tt10687170,tvSeries
StarBeam,2020,all,6.9,47/100,0,0,0,1,TRUE,64,9300000,2400000,FALSE,FALSE,2020-04-03,4,tt10687184,tvSeries
Izzy's Koala World,2020,all,8,45/100,0,0,0,1,TRUE,151,16900000,3900000,TRUE,TRUE,2020-09-15,2,tt10687266,tvSeries
Emily's Wonder Lab,2020,all,8.6,44/100,0,0,0,1,TRUE,128,13500000,3200000,TRUE,TRUE,2020-08-25,1,tt10687464,tvSeries
Dollar,2019,18+,6.7,44/100,0,0,0,1,TRUE,537,200000,,TRUE,TRUE,2019-08-08,1,tt10687564,tvSeries
Basketball or Nothing,2019,7+,7.5,43/100,0,0,0,1,TRUE,506,600000,100000,TRUE,TRUE,2019-08-02,1,tt10698408,tvSeries
Secreto bien guardado,2019,"",4.9,36/100,0,0,0,1,TRUE,156,1500000,200000,FALSE,FALSE,,1,tt10702412,tvMiniSeries
The Family,2019,16+,6.4,59/100,0,0,0,1,TRUE,3136,4100000,500000,TRUE,TRUE,2019-08-09,1,tt10715148,tvMiniSeries
Styling Hollywood,2019,16+,7.3,35/100,0,0,0,1,TRUE,307,1000000,100000,TRUE,TRUE,2019-08-30,1,tt10715202,tvSeries
The Big Show Show,2020,all,6.4,52/100,0,0,0,1,TRUE,2068,18400000,2600000,TRUE,TRUE,2020-04-06,1,tt10726356,tvSeries
Happy Jail,2019,18+,8,34/100,0,0,0,1,TRUE,222,400000,100000,TRUE,TRUE,2019-08-14,1,tt10753590,tvSeries
Tiny Pretty Things,2020,"",5.9,55/100,0,0,0,1,TRUE,7809,22000000,1200000,TRUE,TRUE,2020-12-14,1,tt10767748,tvSeries
Alice in Borderland,2020,"",7.7,67/100,0,0,0,1,TRUE,21278,310700000,8200000,TRUE,TRUE,2020-12-10,2,tt10795658,tvSeries
"The Mind, Explained",2019,16+,8,62/100,0,0,0,1,TRUE,4313,6500000,1400000,TRUE,TRUE,2019-09-12,2,tt10810430,tvSeries
Ginny & Georgia,2021,16+,7.5,75/100,0,0,0,1,TRUE,33052,1098100000,13900000,TRUE,TRUE,2021-02-24,2,tt10813940,tvSeries
When the Camellia Blooms,2019,"",8,55/100,0,0,0,1,TRUE,1689,15900000,400000,TRUE,TRUE,2019-09-18,1,tt10826064,tvSeries
The Club,2019,18+,6.3,50/100,0,0,0,1,TRUE,728,47800000,4700000,TRUE,TRUE,2019-11-15,2,tt10833132,tvSeries
Get Organized with The Home Edit,2020,"",4.8,43/100,0,0,0,1,TRUE,166,15100000,1000000,TRUE,TRUE,2020-09-09,2,tt10834478,tvSeries
Inside Bill's Brain: Decoding Bill Gates,2019,16+,7.9,65/100,0,0,0,1,TRUE,9749,2500000,500000,TRUE,TRUE,2019-09-20,1,tt10837476,tvMiniSeries
My Country: The New Age,2019,"",8.3,51/100,0,0,0,1,TRUE,1356,17300000,400000,TRUE,TRUE,2019-10-04,1,tt10850888,tvSeries
Crash Landing on You,2019,16+,8.7,71/100,0,0,0,1,TRUE,15494,231600000,5000000,TRUE,TRUE,2019-12-14,1,tt10850932,tvMiniSeries
LEGO Jurassic World: Legend of Isla Nublar,2019,all,6.8,45/100,0,0,0,1,TRUE,190,5700000,,FALSE,FALSE,,1,tt10872880,tvMiniSeries
Marianne,2019,18+,7.5,73/100,0,0,0,1,TRUE,12537,9300000,800000,TRUE,TRUE,2019-09-13,1,tt10875696,tvSeries
Love & Anarchy,2020,"",7.4,52/100,0,0,0,1,TRUE,6534,10100000,1100000,TRUE,TRUE,2020-11-04,2,tt10888876,tvSeries
The Irregulars,2021,18+,5.9,63/100,0,0,0,1,TRUE,12010,17300000,1000000,TRUE,TRUE,2021-03-26,1,tt10893694,tvSeries
Nowhere Man,2019,18+,5.6,40/100,0,0,0,1,TRUE,298,400000,,TRUE,TRUE,2019-10-31,1,tt10895588,tvSeries
The Lies Within,2019,"",7,48/100,0,0,0,1,TRUE,243,8900000,300000,TRUE,TRUE,2019-10-12,1,tt10919902,tvSeries
Brews Brothers,2020,18+,5.1,49/100,0,0,0,1,TRUE,1674,400000,100000,TRUE,TRUE,2020-04-10,1,tt10930958,tvSeries
Ricky Zoom,2019,all,6.5,39/100,0,0,0,1,TRUE,67,12000000,400000,FALSE,FALSE,,1,tt10932166,tvSeries
The Upshaws,2021,16+,6.9,53/100,0,0,0,1,TRUE,1552,88600000,12900000,TRUE,TRUE,2021-05-12,4,tt10945036,tvSeries
Who Killed Malcolm X?,2019,"",7.6,52/100,0,0,0,1,TRUE,1782,1300000,100000,TRUE,TRUE,2020-02-07,1,tt10948316,tvMiniSeries
The Gift,2019,18+,7.2,69/100,1,0,0,2,FALSE,13,24200000,1600000,TRUE,TRUE,2019-12-27,3,tt10956962,tvSeries
The Haunting of Bly Manor,2020,"",7.4,74/100,0,0,0,1,TRUE,75839,40000000,2600000,TRUE,TRUE,2020-10-09,1,tt10970552,tvMiniSeries
The Crew,2021,16+,6.6,56/100,0,0,0,1,TRUE,4275,6100000,500000,TRUE,TRUE,2021-02-15,1,tt10971022,tvSeries
Queer Eye: We're in Japan!,2019,16+,8.2,54/100,0,0,0,1,TRUE,2100,1700000,200000,TRUE,TRUE,2019-11-01,1,tt10971532,tvSeries
Equinox,2020,18+,6.1,57/100,0,0,0,1,TRUE,5150,5600000,600000,TRUE,TRUE,2020-12-30,1,tt10973800,tvSeries
Living Undocumented,2019,18+,6.6,42/100,0,0,0,1,TRUE,524,900000,100000,TRUE,TRUE,2019-10-02,1,tt10977486,tvSeries
Nailed It! Spain,2019,"",5.5,29/100,0,0,0,1,TRUE,81,600000,100000,TRUE,TRUE,2019-10-25,1,tt10981666,tvSeries
Criminal: Spain,2019,7+,6.9,51/100,0,0,0,1,TRUE,3605,1500000,400000,TRUE,TRUE,2019-09-20,1,tt10986050,tvMiniSeries
Criminal: France,2019,7+,7.2,52/100,0,0,0,1,TRUE,3505,1200000,300000,TRUE,TRUE,2019-09-20,1,tt10986052,tvMiniSeries
Criminal: Germany,2019,"",,42/100,0,0,0,1,TRUE,4490,1800000,400000,TRUE,TRUE,2019-09-20,1,tt10986056,tvMiniSeries
Nailed It! France,2019,16+,6.4,37/100,0,0,0,1,TRUE,95,800000,100000,TRUE,TRUE,2019-10-25,1,tt10990804,tvSeries
BEASTARS,2019,18+,7.8,67/100,0,0,0,1,TRUE,6744,12800000,1400000,TRUE,TRUE,2019-10-07,2,tt11043632,tvSeries
Move to Heaven,2021,"",8.7,62/100,0,0,0,1,TRUE,1730,33500000,1700000,TRUE,TRUE,2021-05-14,1,tt11052470,tvMiniSeries
We Are the Wave,2019,18+,6.1,52/100,0,0,0,1,TRUE,2333,2500000,200000,TRUE,TRUE,2019-11-01,1,tt11053220,tvSeries
My Holo Love,2020,"",7.7,48/100,0,0,0,1,TRUE,1706,28600000,1100000,TRUE,TRUE,2020-02-07,1,tt11058644,tvMiniSeries
Unnatural Selection,2019,"",8,54/100,0,0,0,1,TRUE,1635,1300000,100000,TRUE,TRUE,2019-10-18,1,tt11063952,tvSeries
The Iliza Shlesinger Sketch Show,2020,18+,5,40/100,0,0,0,1,TRUE,796,200000,100000,TRUE,TRUE,2020-04-01,1,tt11092086,tvSeries
Katla,2021,18+,7.1,70/100,0,0,0,1,TRUE,260,12600000,800000,TRUE,TRUE,2021-06-17,1,tt11102190,tvSeries
Unstoppable,2020,18+,7.3,49/100,1,0,0,2,FALSE,770,2700000,300000,TRUE,TRUE,2020-02-28,1,tt11120674,tvMiniSeries
Kissing Game,2020,18+,6.4,52/100,0,0,0,1,TRUE,642,100000,,TRUE,TRUE,2020-07-17,1,tt11131962,tvSeries
Nobody's Looking,2019,18+,7.8,52/100,0,0,0,1,TRUE,1536,2200000,300000,TRUE,TRUE,2019-11-22,1,tt11131980,tvSeries
Dorohedoro,2020,18+,8.2,64/100,0,0,0,1,TRUE,5759,5700000,500000,TRUE,TRUE,2020-01-11,1,tt11147852,tvSeries
Little Singham,2018,"",3.6,43/100,0,0,0,1,TRUE,55,1000000,,FALSE,FALSE,,1,tt11151836,tvSeries
A Little Thing Called First Love,2019,all,8,53/100,0,1,0,2,FALSE,252,10000000,200000,TRUE,TRUE,,1,tt11152058,tvSeries
The Disastrous Life of Saiki K.: Reawakened,2019,"",7.9,51/100,0,0,0,1,TRUE,1050,4700000,1000000,TRUE,TRUE,2019-12-30,1,tt11163352,tvSeries
The Devil Next Door,2019,18+,7.6,70/100,0,0,0,1,TRUE,11003,7800000,1100000,TRUE,TRUE,2019-11-04,1,tt11165002,tvMiniSeries
Maradona in Mexico,2019,"",7.2,43/100,0,0,0,1,TRUE,1000,800000,100000,TRUE,TRUE,2019-11-13,1,tt11168104,tvMiniSeries
Sugar Rush Christmas,2019,"",6.9,45/100,0,0,0,1,TRUE,451,10400000,1500000,TRUE,TRUE,2019-11-29,2,tt11168116,tvSeries
Broken,2019,16+,6.9,52/100,0,0,0,1,TRUE,931,6200000,700000,TRUE,TRUE,2019-11-27,1,tt11168226,tvSeries
Singapore Social,2019,"",5.1,31/100,0,0,0,1,TRUE,511,400000,,TRUE,TRUE,2019-11-22,1,tt11194508,tvSeries
Narcoworld: Dope Stories,2019,"",6.6,41/100,0,0,0,1,TRUE,272,3800000,600000,TRUE,TRUE,2019-11-22,1,tt11215112,tvSeries
No Time for Shame,2019,"",5.7,29/100,0,0,0,1,TRUE,72,100000,,FALSE,FALSE,2019-11-19,1,tt11215130,tvMiniSeries
The King: Eternal Monarch,2020,16+,8.3,66/100,0,0,0,1,TRUE,7537,71700000,1600000,TRUE,TRUE,2020-04-17,1,tt11228748,tvSeries
Magical Andes,2019,"",7.8,48/100,0,0,0,1,TRUE,427,3400000,700000,FALSE,FALSE,2019-10-14,2,tt11229002,tvSeries
Itaewon Class,2020,"",8.2,62/100,0,0,0,1,TRUE,7406,54200000,1300000,TRUE,TRUE,2020-01-31,1,tt11239552,tvSeries
Holiday Secrets,2019,16+,6.5,44/100,0,0,0,1,TRUE,963,800000,300000,TRUE,TRUE,2019-11-20,1,tt11243536,tvMiniSeries
Once Upon a Time in Lingjian Mountain,2019,all,7.7,43/100,0,0,0,1,TRUE,197,3700000,100000,FALSE,FALSE,,1,tt11261994,tvSeries
Who Killed Little Gregory?,2019,"",7.4,55/100,0,0,0,1,TRUE,2408,2800000,300000,TRUE,TRUE,2019-11-20,1,tt11269714,tvMiniSeries
Summertime,2020,18+,5.5,57/100,1,0,0,2,FALSE,1898,12900000,900000,TRUE,TRUE,2020-04-29,3,tt11269886,tvSeries
My Dear Warrior,2019,"",3.9,33/100,0,0,0,1,TRUE,15,200000,,TRUE,TRUE,,1,tt11281912,tvSeries
Ethos,2020,"",8.6,63/100,0,0,0,1,TRUE,22952,2100000,200000,TRUE,TRUE,2020-11-12,1,tt11301642,tvSeries
Crazy Delicious,2020,7+,6.7,52/100,0,0,0,1,TRUE,725,4000000,400000,TRUE,TRUE,2020-06-24,1,tt11301834,tvSeries
The Confession Killer,2019,16+,7.4,68/100,0,0,0,1,TRUE,7327,4500000,500000,TRUE,TRUE,2019-12-06,1,tt11307176,tvMiniSeries
Big Time Rush,2009,all,6.4,63/100,1,1,0,3,FALSE,10616,10100000,100000,FALSE,FALSE,,4,tt1131746,tvSeries
Don't F**k with Cats: Hunting an Internet Killer,2019,18+,8,74/100,0,0,0,1,TRUE,41656,7000000,1100000,TRUE,TRUE,2019-12-18,1,tt11318602,tvMiniSeries
Caliphate,2020,18+,8.2,68/100,0,0,0,1,TRUE,14771,11200000,1000000,TRUE,TRUE,2020-03-18,1,tt11398870,tvSeries
Yanxi Palace: Princess Adventures,2019,"",5.8,38/100,0,0,0,1,TRUE,225,2100000,200000,TRUE,TRUE,2019-12-31,1,tt11399844,tvSeries
Drifting Dragons,2020,"",6,45/100,0,0,0,1,TRUE,471,1700000,200000,TRUE,FALSE,2020-01-08,1,tt11418344,tvSeries
Cheer,2020,16+,8.1,70/100,0,0,0,1,TRUE,4190,10100000,600000,TRUE,TRUE,2020-01-08,2,tt11426660,tvSeries
Little Baby Bum: Nursery Rhyme Friends,2016,all,6.7,36/100,0,0,0,1,TRUE,26,78600000,8400000,TRUE,TRUE,,2,tt11460334,tvSeries
Nailed It! Germany,2020,"",5.8,35/100,0,0,0,1,TRUE,84,200000,,TRUE,TRUE,2020-01-17,1,tt11460744,tvSeries
Killer Inside: The Mind of Aaron Hernandez,2020,18+,7.4,67/100,0,0,0,1,TRUE,14367,9800000,1600000,TRUE,TRUE,2020-01-15,1,tt11475228,tvMiniSeries
Pandemic: How to Prevent an Outbreak,2020,16+,6.4,50/100,0,0,0,1,TRUE,2583,800000,100000,TRUE,TRUE,2020-01-22,1,tt11497904,tvMiniSeries
Night on Earth,2020,7+,8.2,60/100,0,0,0,1,TRUE,3586,13100000,1300000,TRUE,TRUE,2020-01-29,1,tt11497922,tvMiniSeries
Valentino,2020,"",5.5,40/100,0,0,0,1,TRUE,169,500000,,FALSE,FALSE,,1,tt11508212,tvSeries
Bangkok Buddies,2019,all,6.8,29/100,0,0,0,1,TRUE,13,100000,,TRUE,TRUE,,1,tt11513508,tvSeries
Hyena,2020,"",7.8,47/100,0,0,0,1,TRUE,576,8100000,200000,TRUE,TRUE,2020-02-21,1,tt11534164,tvSeries
Handsome Siblings,2020,"",8.2,49/100,0,0,0,1,TRUE,486,12900000,200000,FALSE,FALSE,2020-01-16,1,tt11541444,tvSeries
Omniscient,2020,18+,6.4,53/100,0,0,0,1,TRUE,1742,2200000,200000,TRUE,TRUE,2020-01-29,1,tt11542920,tvSeries
Find Yourself,2020,"",7.8,53/100,0,0,0,1,TRUE,87,8900000,100000,TRUE,TRUE,,1,tt11569628,tvSeries
The Pharmacist,2020,"",7.7,60/100,0,0,0,1,TRUE,5945,10300000,2100000,TRUE,TRUE,2020-02-05,1,tt11600174,tvMiniSeries
Sweet Home,2020,"",7.4,65/100,0,0,0,1,TRUE,11584,185000000,17300000,TRUE,TRUE,2020-12-18,2,tt11612120,tvSeries
The Midnight Gospel,2020,18+,8.2,74/100,0,0,0,1,TRUE,13374,11500000,1400000,TRUE,TRUE,2020-04-20,1,tt11639414,tvSeries
The Cabin with Bert Kreischer,2020,18+,7.3,49/100,0,0,0,1,TRUE,1294,2400000,300000,TRUE,TRUE,2020-10-13,1,tt11666848,tvSeries
Great Pretender,2020,18+,8,69/100,0,0,0,1,TRUE,3135,5800000,500000,TRUE,TRUE,2020-06-01,2,tt11680468,tvSeries
Sing On! Spain,2020,"",6.2,35/100,0,0,0,1,TRUE,110,200000,,TRUE,TRUE,2020-07-24,1,tt11698668,tvSeries
Love Is Blind,2020,18+,6.1,65/100,0,1,0,2,FALSE,5104,577800000,19600000,TRUE,TRUE,2020-02-13,5,tt11704040,tvSeries
Nadiya Bakes,2020,"",7.1,41/100,0,0,0,1,TRUE,170,2200000,200000,TRUE,TRUE,2021-02-12,1,tt11714872,tvSeries
Country Comfort,2021,7+,6.9,52/100,0,0,0,1,TRUE,2408,14200000,1600000,TRUE,TRUE,2021-03-19,1,tt11717394,tvSeries
Taj Mahal 1989,2020,"",7.5,50/100,0,0,0,1,TRUE,1322,600000,100000,TRUE,TRUE,2020-02-14,1,tt11725706,tvSeries
Total Drama Island,2007,7+,7.2,61/100,0,0,0,1,TRUE,8767,60700000,3500000,FALSE,FALSE,,1,tt1173427,tvSeries
Babies,2020,"",7,46/100,0,0,0,1,TRUE,639,3300000,300000,TRUE,TRUE,2020-02-21,2,tt11744632,tvSeries
The Daily Life of the Immortal King,2020,16+,7.4,53/100,0,0,0,1,TRUE,303,3000000,400000,FALSE,FALSE,,2,tt11755260,tvSeries
Hospital Playlist,2020,"",8.7,65/100,0,0,0,1,TRUE,2417,111400000,2400000,TRUE,TRUE,2020-03-12,2,tt11769304,tvSeries
Rugal,2020,"",6.4,49/100,0,0,0,1,TRUE,621,18400000,400000,TRUE,TRUE,2020-03-28,1,tt11769798,tvSeries
"Hi Bye, Mama!",2020,"",8,48/100,0,0,0,1,TRUE,1142,19000000,400000,TRUE,TRUE,2020-02-22,1,tt11804034,tvSeries
The Trials of Gabriel Fernandez,2020,18+,8.1,64/100,0,0,0,1,TRUE,9061,13100000,1100000,TRUE,TRUE,2020-02-26,1,tt11822998,tvMiniSeries
Fary: Hexagone,2020,"",6.5,40/100,0,0,0,1,TRUE,108,400000,200000,TRUE,TRUE,2020-03-12,2,tt11823028,tvSeries
Vampires,2020,18+,5.6,54/100,0,0,0,1,TRUE,1038,2900000,300000,TRUE,TRUE,2020-03-20,1,tt11829316,tvSeries
Buddi,2020,all,6.9,36/100,0,0,0,1,TRUE,39,2500000,700000,FALSE,FALSE,2020-03-20,2,tt11829340,tvSeries
Mighty Express,2020,all,5,40/100,0,0,0,1,TRUE,74,25800000,5300000,TRUE,TRUE,2020-09-22,7,tt11860336,tvSeries
Love on the Spectrum,2019,all,8.5,59/100,0,0,0,1,TRUE,3209,6100000,700000,TRUE,TRUE,2022-05-18,1,tt11904786,tvSeries
She,2020,18+,6.5,62/100,0,0,0,1,TRUE,2939,18900000,1800000,TRUE,TRUE,2020-03-20,2,tt11905720,tvSeries
Beyblade Burst Rise,2020,7+,6.5,44/100,0,0,0,1,TRUE,97,10900000,500000,FALSE,FALSE,,1,tt11916718,tvSeries
Control Z,2020,18+,6.9,61/100,0,0,0,1,TRUE,5288,32500000,2100000,TRUE,TRUE,2020-05-22,3,tt11937662,tvSeries
Daughter From Another Mother,2021,18+,7.4,54/100,0,0,0,1,TRUE,1170,76700000,3100000,TRUE,TRUE,2021-01-20,3,tt11937732,tvSeries
Who Killed Sara?,2021,18+,6.4,71/100,0,0,0,1,TRUE,9533,47700000,4000000,TRUE,TRUE,2021-03-24,3,tt11937816,tvSeries
J-Style Trip,2020,16+,5.4,37/100,0,0,0,1,TRUE,95,100000,,TRUE,TRUE,2020-03-21,1,tt11942052,tvSeries
Ladies Up,2020,"",4.3,35/100,0,0,0,1,TRUE,201,100000,,TRUE,TRUE,2020-03-27,1,tt11942100,tvSeries
Over Christmas,2020,"",6.7,44/100,0,0,0,1,TRUE,1672,1900000,700000,TRUE,TRUE,2020-11-27,1,tt11951234,tvMiniSeries
History 101,2020,7+,6.8,56/100,0,0,0,1,TRUE,3452,7700000,700000,TRUE,TRUE,2020-05-22,2,tt11958648,tvSeries
The Innocence Files,2020,18+,8,65/100,0,0,0,1,TRUE,2252,9400000,500000,TRUE,TRUE,2020-04-15,1,tt11958922,tvMiniSeries
How to Fix a Drug Scandal,2020,18+,7,56/100,0,0,0,1,TRUE,2564,5700000,900000,TRUE,TRUE,2020-04-01,1,tt11958942,tvMiniSeries
Fatma,2021,"",7.5,61/100,0,0,0,1,TRUE,6071,2700000,300000,TRUE,TRUE,2021-04-27,1,tt11961378,tvSeries
Trial by Media,2020,16+,7.2,65/100,0,0,0,1,TRUE,2463,4700000,300000,TRUE,TRUE,2020-05-11,1,tt11963042,tvSeries
Shaun the Sheep: Adventures from Mossy Bottom,2020,"",8.1,46/100,0,0,0,1,TRUE,346,35800000,7400000,TRUE,TRUE,2020-03-16,1,tt11983342,tvSeries
Too Hot to Handle,2020,18+,4.6,61/100,0,0,0,1,TRUE,8405,231500000,19600000,TRUE,TRUE,2020-04-17,5,tt12004280,tvSeries
BNA,2020,16+,7.2,65/100,0,0,0,1,TRUE,1771,3500000,300000,TRUE,TRUE,2020-03-20,1,tt12013558,tvSeries
Absurd Planet,2020,7+,3.9,40/100,0,0,0,1,TRUE,1321,9900000,1000000,TRUE,TRUE,2020-04-22,1,tt12027008,tvSeries
Middleditch & Schwartz,2020,18+,8.6,72/100,0,0,0,1,TRUE,4072,500000,100000,TRUE,TRUE,2020-04-21,1,tt12027034,tvSeries
Japan Sinks: 2020,2020,18+,6.4,56/100,0,0,0,1,TRUE,2459,1800000,200000,TRUE,TRUE,2020-07-09,1,tt12031040,tvMiniSeries
"Wait, My Youth",2019,all,8.6,39/100,0,0,0,1,TRUE,82,3300000,100000,FALSE,FALSE,,1,tt12071466,tvMiniSeries
The Victims' Game,2020,18+,7.4,51/100,0,0,0,1,TRUE,1035,2900000,100000,TRUE,TRUE,2020-04-30,1,tt12079212,tvSeries
The Forest of Love: Deep Cut,2020,"",6.8,43/100,0,0,0,1,TRUE,291,200000,,FALSE,FALSE,2020-04-30,1,tt12079236,tvMiniSeries
Zero Chill,2021,"",5.7,49/100,0,0,0,1,TRUE,1031,19200000,2100000,TRUE,TRUE,2021-03-15,1,tt12083014,tvSeries
Inhuman Resources,2020,"",7.2,50/100,0,0,0,1,TRUE,3250,10600000,800000,TRUE,TRUE,2020-05-15,1,tt12101170,tvMiniSeries
True: Terrific Tales,2020,"",5.5,32/100,0,0,0,1,TRUE,11,6000000,3000000,TRUE,TRUE,2020-05-12,1,tt12140808,tvSeries
Almost Happy,2020,"",6.8,41/100,0,0,0,1,TRUE,608,700000,,FALSE,FALSE,2020-05-01,2,tt12146940,tvMiniSeries
Cooked With Cannabis,2020,18+,6.6,48/100,0,0,0,1,TRUE,268,4500000,500000,FALSE,FALSE,2020-04-20,1,tt12176398,tvSeries
The Unremarkable Juanquini,2020,"",4.4,36/100,0,0,0,1,TRUE,159,1100000,200000,TRUE,TRUE,2020-05-15,2,tt12189308,tvSeries
"Coronavirus, Explained",2020,7+,7.6,55/100,0,0,0,1,TRUE,1851,100000,,TRUE,TRUE,2020-04-26,1,tt12189310,tvMiniSeries
Lenox Hill,2020,"",8.7,70/100,0,0,0,1,TRUE,1952,13000000,400000,TRUE,TRUE,2020-06-10,1,tt12190580,tvSeries
The Big Flower Fight,2020,"",7.4,56/100,0,0,0,1,TRUE,918,2800000,200000,TRUE,TRUE,2020-05-18,1,tt12200714,tvSeries
Mystic Pop-up Bar,2020,16+,8,54/100,0,0,0,1,TRUE,1298,11000000,400000,TRUE,TRUE,2020-05-20,1,tt12246190,tvSeries
Jeffrey Epstein: Filthy Rich,2020,18+,7.1,69/100,0,0,0,1,TRUE,19381,10000000,1400000,TRUE,TRUE,2020-05-27,1,tt12312250,tvMiniSeries
Ju-On: Origins,2020,18+,6.1,60/100,0,0,0,1,TRUE,3804,2700000,400000,TRUE,TRUE,2020-07-03,1,tt12313914,tvMiniSeries
Power Rangers Dino Fury,2021,7+,6.8,52/100,0,0,0,1,TRUE,179,104300000,4700000,FALSE,FALSE,2021-06-14,2,tt12360292,tvSeries
The Search,2020,"",5.5,44/100,0,0,0,1,TRUE,540,4700000,700000,TRUE,TRUE,2020-06-12,1,tt12364156,tvMiniSeries
Floor is Lava,2020,all,5.3,51/100,0,0,0,1,TRUE,1827,67900000,9500000,TRUE,TRUE,2020-06-19,3,tt12370124,tvSeries
We Are the Champions,2020,"",7.1,50/100,0,0,0,1,TRUE,1120,2500000,300000,TRUE,TRUE,2020-11-17,1,tt12409154,tvSeries
Paranormal,2020,7+,8.5,71/100,0,0,0,1,TRUE,68725,2700000,200000,TRUE,TRUE,2020-11-05,1,tt12411074,tvSeries
Home Game,2020,"",7.1,46/100,0,0,0,1,TRUE,709,2300000,200000,TRUE,TRUE,2020-06-26,1,tt12429046,tvSeries
It's Okay to Not Be Okay,2020,16+,8.8,70/100,0,0,0,1,TRUE,12841,94900000,2100000,TRUE,TRUE,2020-06-20,1,tt12451520,tvMiniSeries
Word of Honor,2021,"",9.1,65/100,0,0,0,1,TRUE,1924,5100000,100000,FALSE,FALSE,,1,tt12458172,tvSeries
Sisyphus,2021,"",7.1,53/100,0,0,0,1,TRUE,24,31600000,600000,TRUE,TRUE,2021-02-17,1,tt12477912,tvSeries
Twogether,2020,"",8.5,48/100,0,0,0,1,TRUE,311,400000,,TRUE,TRUE,2020-06-26,1,tt12486430,tvSeries
The Good Detective,2020,"",7.5,45/100,0,0,0,1,TRUE,445,19100000,400000,FALSE,FALSE,,2,tt12504214,tvSeries
Graceful Friends,2020,"",6.7,38/100,0,0,0,1,TRUE,94,1700000,,FALSE,FALSE,,1,tt12531492,tvSeries
Say I Do,2020,"",7.8,45/100,0,0,0,1,TRUE,438,1800000,100000,TRUE,TRUE,2020-07-01,1,tt12540060,tvSeries
Dark Desire,2020,18+,6.5,61/100,0,0,0,1,TRUE,4115,70300000,2800000,TRUE,TRUE,2020-07-15,2,tt12540080,tvSeries
Private Lives,2020,"",6.6,46/100,0,0,0,1,TRUE,472,8600000,300000,TRUE,TRUE,2020-10-07,1,tt12560270,tvSeries
Juman,2019,"",5.4,43/100,0,0,0,1,TRUE,71,900000,,FALSE,FALSE,,1,tt12567164,tvSeries
Indian Matchmaking,2020,16+,6.2,56/100,0,0,0,1,TRUE,2738,53200000,1600000,TRUE,TRUE,2020-07-16,3,tt12580168,tvSeries
Down to Earth with Zac Efron,2020,7+,8.1,67/100,0,0,0,1,TRUE,5553,3000000,200000,FALSE,FALSE,2020-07-10,1,tt12585152,tvSeries
Southern Survival,2020,"",5.7,37/100,0,0,0,1,TRUE,269,1900000,200000,TRUE,TRUE,2020-07-03,1,tt12588286,tvSeries
Skin Decision: Before and After,2020,"",5.8,39/100,0,0,0,1,TRUE,338,4300000,400000,TRUE,TRUE,2020-07-15,1,tt12588326,tvSeries
Fear City: New York vs The Mafia,2020,18+,7.1,65/100,0,0,0,1,TRUE,6171,10500000,1800000,TRUE,TRUE,2020-07-22,1,tt12588372,tvMiniSeries
The Business of Drugs,2020,18+,7.2,53/100,0,0,0,1,TRUE,1415,6000000,600000,TRUE,TRUE,2020-07-14,1,tt12588416,tvMiniSeries
The Great Heist,2020,18+,7.3,61/100,0,0,0,1,TRUE,2133,5900000,800000,TRUE,TRUE,2020-08-14,1,tt12624844,tvSeries
The Underclass,2020,"",6.2,38/100,0,0,0,1,TRUE,39,1500000,100000,TRUE,TRUE,,1,tt12665438,tvSeries
Mismatched,2020,18+,5.5,49/100,0,0,0,1,TRUE,3142,12200000,1000000,TRUE,TRUE,2020-11-20,2,tt12719250,tvSeries
Mystery Lab,2020,7+,7.7,50/100,0,0,0,1,TRUE,614,700000,100000,TRUE,TRUE,2020-08-04,1,tt12723962,tvSeries
Paprika,2018,all,,21/100,0,0,0,1,TRUE,12,100000,,FALSE,FALSE,,1,tt12740488,tvSeries
The Witcher: A Look Inside the Episodes,2020,"",7.1,42/100,0,0,0,1,TRUE,62,100000,100000,TRUE,TRUE,2020-09-02,1,tt12748032,tvSeries
Sing On! Germany,2020,"",5.5,32/100,0,0,0,1,TRUE,113,200000,,TRUE,TRUE,2020-08-07,1,tt12748264,tvSeries
Word Party Songs,2020,"",3.2,30/100,0,0,0,1,TRUE,8,1700000,1600000,TRUE,TRUE,2020-08-07,1,tt12748268,tvSeries
World's Most Wanted,2020,16+,7.2,52/100,0,0,0,1,TRUE,1981,13500000,1500000,TRUE,TRUE,2020-08-05,1,tt12753698,tvSeries
Immigration Nation,2020,16+,7.4,57/100,0,0,0,1,TRUE,972,1800000,100000,TRUE,TRUE,2020-08-03,1,tt12754910,tvSeries
Tiny Creatures,2020,7+,4.9,40/100,0,0,0,1,TRUE,1018,6100000,800000,TRUE,TRUE,2020-08-07,1,tt12759334,tvSeries
(Un)Well,2020,18+,6.4,50/100,0,0,0,1,TRUE,871,4800000,400000,TRUE,TRUE,2020-08-12,1,tt12759384,tvSeries
High Score,2020,16+,7.4,65/100,0,0,0,1,TRUE,6632,4100000,400000,TRUE,TRUE,2020-08-19,1,tt12759400,tvMiniSeries
DeMarcus Family Rules,2020,"",6.2,34/100,0,0,0,1,TRUE,81,400000,100000,TRUE,TRUE,2020-08-19,1,tt12759420,tvSeries
Alien TV,2020,7+,6.2,42/100,0,0,0,1,TRUE,209,41500000,3800000,TRUE,TRUE,2020-08-21,2,tt12765530,tvSeries
Bhaag Beanie Bhaag,2020,"",3.8,34/100,0,0,0,1,TRUE,3608,400000,100000,TRUE,TRUE,2020-12-04,1,tt12775836,tvSeries
Toradora!,2008,16+,8,66/100,0,1,0,2,FALSE,11548,8500000,400000,FALSE,FALSE,,1,tt1279024,tvSeries
Sweet Tooth,2021,16+,7.9,84/100,0,0,0,1,TRUE,17418,316800000,6900000,TRUE,TRUE,2021-06-04,2,tt12809988,tvSeries
Do Do Sol Sol La La Sol,2020,"",7.4,48/100,0,0,0,1,TRUE,966,19200000,500000,TRUE,TRUE,2020-10-07,1,tt12850262,tvMiniSeries
Record of Youth,2020,16+,7.3,47/100,0,0,0,1,TRUE,1524,45400000,1100000,TRUE,TRUE,2020-09-07,1,tt12850322,tvSeries
Dead Set,2008,18+,7.6,74/100,0,0,0,1,TRUE,18887,100000,,FALSE,FALSE,,1,tt1285482,tvMiniSeries
Start-Up,2020,16+,8.1,60/100,0,0,0,1,TRUE,5189,58800000,1300000,TRUE,TRUE,2020-10-17,1,tt12867810,tvSeries
Felipe Esparza: Bad Decisions,2020,"",5,36/100,0,0,0,1,TRUE,135,500000,100000,TRUE,TRUE,2020-09-01,1,tt12875768,tvMiniSeries
La Línea: Shadow of Narco,2020,"",6.4,39/100,0,0,0,1,TRUE,326,1200000,200000,TRUE,TRUE,2020-09-09,1,tt12875794,tvMiniSeries
The School Nurse Files,2020,"",6.5,44/100,0,0,0,1,TRUE,875,2600000,200000,TRUE,TRUE,2020-09-25,1,tt12879522,tvSeries
Million Dollar Beach House,2020,18+,4.1,40/100,0,0,0,1,TRUE,642,2100000,300000,TRUE,TRUE,2020-08-26,1,tt12882136,tvSeries
Bread Barbershop,2020,"",8.8,44/100,0,0,0,1,TRUE,78,45600000,3200000,TRUE,FALSE,,3,tt12912830,tvSeries
Chef's Table: BBQ,2020,"",7.8,49/100,0,0,0,1,TRUE,777,2500000,300000,TRUE,TRUE,2020-09-02,1,tt12917170,tvMiniSeries
Bad Boy Billionaires: India,2020,"",8,52/100,0,0,0,1,TRUE,2601,2300000,500000,TRUE,TRUE,2020-10-04,1,tt12923630,tvSeries
Sing On!,2020,"",6.3,39/100,0,0,0,1,TRUE,308,4000000,300000,TRUE,TRUE,2020-09-16,1,tt12923734,tvSeries
The Playbook,2020,"",7.5,49/100,0,0,0,1,TRUE,1111,1700000,200000,TRUE,TRUE,2020-09-22,1,tt12930602,tvSeries
A Perfect Crime,2020,"",7.3,54/100,0,0,0,1,TRUE,1163,800000,100000,TRUE,TRUE,2020-09-25,1,tt12939836,tvMiniSeries
Becoming,2020,16+,6.8,38/100,0,0,1,2,FALSE,39,1000000,,TRUE,TRUE,2020-05-06,1,tt12944764,tvSeries
Country Ever After,2020,"",6.5,36/100,0,0,0,1,TRUE,122,1200000,100000,TRUE,TRUE,2020-11-06,1,tt12987872,tvSeries
"Good Morning, Verônica",2020,"",7.6,52/100,0,0,0,1,TRUE,2747,29300000,2900000,TRUE,TRUE,2020-10-01,2,tt12987918,tvSeries
"Whose Vote Counts, Explained",2020,"",7.3,48/100,0,0,0,1,TRUE,882,200000,100000,TRUE,TRUE,2020-09-28,1,tt13005714,tvMiniSeries
Dad Stop Embarrassing Me!,2021,7+,4.2,48/100,0,0,0,1,TRUE,1525,5000000,600000,TRUE,TRUE,2021-04-14,1,tt13018090,tvSeries
La Révolution,2020,16+,6.5,54/100,0,0,0,1,TRUE,4741,9600000,800000,TRUE,TRUE,2020-10-16,1,tt13044528,tvSeries
The Platform,2020,"",7,45/100,0,0,0,1,TRUE,218,300000,,FALSE,FALSE,,3,tt13057984,tvSeries
Deaf U,2020,18+,6.4,45/100,0,0,0,1,TRUE,398,100000,,TRUE,TRUE,2020-10-09,1,tt13070478,tvSeries
Last Chance U: Basketball,2021,18+,8.4,57/100,0,0,0,1,TRUE,1827,16300000,400000,TRUE,TRUE,2021-03-10,2,tt13087512,tvSeries
The Umbrella Academy,2019,16+,8,87/100,0,0,0,1,TRUE,171030,123200000,5800000,TRUE,TRUE,2019-02-15,3,tt1312171,tvSeries
The Sons of Sam: A Descent Into Darkness,2021,18+,7,60/100,0,0,0,1,TRUE,5213,6900000,700000,TRUE,TRUE,2021-05-05,1,tt13156316,tvMiniSeries
Dream Home Makeover,2020,all,5.6,47/100,0,0,0,1,TRUE,860,28800000,3800000,TRUE,TRUE,2020-10-16,4,tt13161310,tvSeries
Detention,2020,"",6.3,46/100,0,1,0,2,FALSE,353,800000,100000,TRUE,TRUE,2020-12-05,1,tt13175760,tvMiniSeries
Paava Kadhaigal,2020,"",8.1,54/100,0,0,0,1,TRUE,4658,500000,,TRUE,TRUE,2020-12-18,1,tt13206988,tvMiniSeries
Carmel: Who Killed Maria Marta?,2020,"",7.1,54/100,0,0,0,1,TRUE,1820,1700000,200000,TRUE,TRUE,2020-11-05,1,tt13244092,tvMiniSeries
Holiday Home Makeover with Mr. Christmas,2020,all,5.7,38/100,0,0,0,1,TRUE,240,2100000,800000,TRUE,TRUE,2020-11-18,1,tt13255112,tvSeries
Run On,2020,"",7.6,56/100,0,0,0,1,TRUE,1453,52700000,1300000,TRUE,TRUE,2020-12-16,1,tt13271834,tvSeries
The Uncanny Counter,2020,"",8.2,58/100,0,0,0,1,TRUE,3236,125600000,5800000,TRUE,TRUE,2020-11-28,1,tt13273826,tvSeries
Thus Spoke Kishibe Rohan,2021,"",7.7,49/100,0,0,0,1,TRUE,86,1200000,200000,TRUE,TRUE,2021-02-18,1,tt13280486,tvMiniSeries
The House Arrest of Us,2020,7+,7.5,46/100,0,0,0,1,TRUE,79,1900000,200000,TRUE,TRUE,,1,tt13280838,tvSeries
Aunty Donna's Big Ol' House of Fun,2020,"",8,57/100,0,0,0,1,TRUE,5024,600000,100000,TRUE,TRUE,2020-11-11,1,tt13316746,tvSeries
The Devil Punisher,2020,"",5.9,37/100,0,0,0,1,TRUE,106,5400000,100000,TRUE,TRUE,2020-10-25,1,tt13317376,tvSeries
Voices of Fire,2020,"",6.9,42/100,0,0,0,1,TRUE,328,1400000,200000,TRUE,TRUE,2020-11-20,1,tt13329282,tvSeries
High-Rise Invasion,2021,18+,6.7,54/100,0,0,0,1,TRUE,1579,9600000,800000,TRUE,TRUE,2021-02-25,1,tt13352232,tvSeries
The Way of the Househusband,2021,16+,8.6,45/100,0,0,0,1,TRUE,2045,16300000,1900000,TRUE,TRUE,2021-04-08,2,tt13357124,tvSeries
Trial 4,2020,"",7.4,53/100,0,0,0,1,TRUE,1704,6200000,600000,TRUE,TRUE,2020-11-11,1,tt13363298,tvMiniSeries
Heaven Official's Blessing,2020,"",8.4,55/100,0,0,0,1,TRUE,678,4700000,700000,FALSE,FALSE,,2,tt13375866,tvSeries
Lovestruck in the City,2020,16+,7.8,55/100,0,0,0,1,TRUE,1263,10600000,500000,TRUE,TRUE,2020-12-22,1,tt13394544,tvMiniSeries
Moving On,2009,7+,7.5,49/100,0,0,0,1,TRUE,342,100000,,FALSE,FALSE,,1,tt1340758,tvSeries
Vincenzo,2021,"",8.5,66/100,0,0,0,1,TRUE,6076,129500000,2100000,TRUE,TRUE,2021-02-20,1,tt13433812,tvSeries
Fabulous Lives of Bollywood Wives,2020,"",4.7,55/100,0,0,0,1,TRUE,6896,4100000,400000,TRUE,TRUE,2020-11-27,2,tt13452100,tvSeries
Kings of Jo'Burg,2020,"",5.4,45/100,0,0,0,1,TRUE,416,51500000,1500000,TRUE,TRUE,2020-12-04,2,tt13453828,tvSeries
Alien Worlds,2020,7+,6.5,54/100,0,0,0,1,TRUE,2888,6300000,900000,TRUE,TRUE,2020-12-02,1,tt13464340,tvSeries
Anitta: Made in Honório,2020,"",7,42/100,0,0,0,1,TRUE,336,600000,100000,TRUE,TRUE,2020-12-15,1,tt13486136,tvMiniSeries
The Surgeon's Cut,2020,"",8.5,53/100,0,0,0,1,TRUE,802,3600000,400000,TRUE,TRUE,2020-12-09,1,tt13487106,tvSeries
The Ripper,2020,"",7.1,58/100,0,0,0,1,TRUE,7437,9000000,1400000,TRUE,TRUE,2020-12-16,1,tt13492374,tvMiniSeries
Rhyme Time Town Singalongs,2020,all,8.3,39/100,0,0,0,1,TRUE,11,2400000,500000,TRUE,TRUE,2020-12-22,1,tt13530018,tvSeries
Room 2806: The Accusation,2020,"",7,51/100,0,0,0,1,TRUE,1857,2000000,300000,TRUE,TRUE,2020-12-07,1,tt13540900,tvMiniSeries
Fullmetal Alchemist: Brotherhood,2009,16+,9.1,88/100,1,0,0,2,FALSE,131332,6600000,800000,FALSE,FALSE,,5,tt1355642,tvSeries
Best Leftovers Ever!,2020,all,5.7,44/100,0,0,0,1,TRUE,395,5700000,400000,TRUE,TRUE,2020-12-30,1,tt13563634,tvSeries
BREAK IT ALL: The History of Rock in Latin America,2020,18+,7.6,51/100,0,0,0,1,TRUE,1059,1600000,100000,TRUE,TRUE,2020-12-16,1,tt13570366,tvMiniSeries
Headspace Guide to Meditation,2021,7+,8.5,53/100,0,0,0,1,TRUE,1171,6400000,900000,TRUE,TRUE,2021-01-01,1,tt13617024,tvMiniSeries
History of Swear Words,2021,18+,6.4,57/100,0,0,0,1,TRUE,3981,1600000,200000,TRUE,TRUE,2021-01-05,1,tt13617060,tvSeries
Beyond Evil,2021,"",8.1,61/100,0,0,0,1,TRUE,594,5100000,300000,FALSE,FALSE,,1,tt13634872,tvSeries
Surviving Death,2021,18+,6.1,46/100,0,0,0,1,TRUE,1574,12800000,1000000,TRUE,TRUE,2021-01-06,1,tt13649692,tvSeries
Night Stalker: The Hunt For a Serial Killer,2021,18+,7.5,70/100,0,0,0,1,TRUE,19114,11100000,1600000,TRUE,TRUE,2021-01-13,1,tt13651632,tvMiniSeries
We Are: The Brooklyn Saints,2021,"",6.5,41/100,0,0,0,1,TRUE,122,100000,,TRUE,TRUE,2021-01-29,1,tt13656220,tvSeries
Black Space,2020,"",6.8,59/100,0,0,0,1,TRUE,722,7200000,500000,FALSE,FALSE,2021-05-27,1,tt13660638,tvSeries
Bling Empire,2021,18+,5.8,50/100,0,0,0,1,TRUE,2200,14300000,700000,TRUE,TRUE,2021-01-15,3,tt13660962,tvSeries
"Hello, Me!",2021,"",7.2,46/100,0,0,0,1,TRUE,284,14300000,300000,TRUE,TRUE,2021-02-17,1,tt13670090,tvSeries
Record of Ragnarok,2021,18+,6.2,59/100,0,0,0,1,TRUE,210,179300000,11100000,FALSE,FALSE,2021-06-17,2,tt13676344,tvSeries
Dealer,2021,18+,6.2,48/100,0,0,0,1,TRUE,536,1800000,500000,TRUE,TRUE,2021-03-10,1,tt13702252,tvMiniSeries
Boys Over Flowers,2009,16+,7.9,63/100,1,0,0,2,FALSE,9623,38900000,1400000,FALSE,FALSE,,1,tt1370334,tvSeries
SanPa: Sins of the Savior,2020,"",7.8,52/100,0,0,0,1,TRUE,1255,1100000,100000,TRUE,TRUE,2020-12-30,1,tt13731400,tvMiniSeries
Spycraft,2021,18+,6.7,53/100,0,0,0,1,TRUE,1387,8800000,800000,TRUE,TRUE,2021-01-20,1,tt13789092,tvSeries
Stretch Armstrong & the Flex Fighters,2017,7+,6.5,42/100,0,0,0,1,TRUE,265,3400000,300000,TRUE,TRUE,2017-11-17,2,tt1379164,tvSeries
Love (ft. Marriage and Divorce),2021,7+,5.9,48/100,0,0,0,1,TRUE,162,75400000,1800000,TRUE,TRUE,2021-01-23,3,tt13814840,tvSeries
Crime Scene: The Vanishing at the Cecil Hotel,2021,"",5.9,55/100,0,0,0,1,TRUE,14575,8800000,1100000,TRUE,TRUE,2021-02-10,1,tt13837672,tvMiniSeries
The Charming Stepmom,2019,"",,37/100,0,0,0,1,TRUE,12,2400000,100000,TRUE,TRUE,,1,tt13846404,tvSeries
Buried by the Bernards,2021,16+,7.3,44/100,0,0,0,1,TRUE,301,400000,100000,TRUE,TRUE,2021-02-12,1,tt13848380,tvSeries
Pitta Kathalu,2021,"",5,46/100,0,0,0,1,TRUE,627,400000,,TRUE,TRUE,2021-02-19,1,tt13878800,tvSeries
The One,2021,18+,6.6,61/100,0,0,0,1,TRUE,10339,6300000,500000,TRUE,TRUE,2021-03-12,1,tt13879466,tvSeries
Navillera,2021,"",8.8,55/100,0,0,0,1,TRUE,891,12600000,600000,TRUE,TRUE,2021-03-22,1,tt13885302,tvSeries
Law School,2021,"",8.2,58/100,0,0,0,1,TRUE,632,12900000,300000,TRUE,TRUE,2021-04-14,1,tt13885336,tvSeries
Canine Intervention,2021,16+,6.5,47/100,0,0,0,1,TRUE,772,4000000,400000,TRUE,TRUE,2021-02-24,1,tt13932598,tvSeries
Diamond City,2018,"",,20/100,0,0,0,1,TRUE,9,200000,,FALSE,FALSE,,1,tt13953182,tvSeries
Dinotrux,2015,7+,6.9,44/100,0,0,0,1,TRUE,401,34000000,4200000,FALSE,FALSE,2015-08-14,5,tt1396212,tvSeries
Amend: The Fight for America,2021,18+,7.9,56/100,0,0,0,1,TRUE,15,1100000,100000,TRUE,TRUE,2021-02-17,1,tt13972246,tvMiniSeries
Murder Among the Mormons,2021,16+,7,60/100,0,0,0,1,TRUE,4574,3100000,500000,TRUE,TRUE,2021-03-03,1,tt13987620,tvMiniSeries
Korean Pork Belly Rhapsody,2020,"",,43/100,0,0,0,1,TRUE,19,600000,200000,TRUE,TRUE,,1,tt14017966,tvSeries
MINE,2021,"",7.8,53/100,0,0,0,1,TRUE,157,34700000,800000,TRUE,TRUE,2021-05-08,1,tt14023192,tvSeries
Waffles + Mochi,2021,"",7.6,47/100,0,0,0,1,TRUE,315,2300000,200000,TRUE,TRUE,2021-03-16,1,tt14035218,tvSeries
Marriage or Mortgage,2021,"",5.2,42/100,0,0,0,1,TRUE,335,3100000,200000,TRUE,TRUE,2021-03-10,1,tt14037542,tvSeries
The Vampire Diaries,2009,16+,7.7,86/100,0,0,0,1,TRUE,290534,433300000,25900000,FALSE,FALSE,,8,tt1405406,tvSeries
The Lost Pirate Kingdom,2021,18+,6.6,53/100,0,0,0,1,TRUE,1981,8200000,800000,TRUE,TRUE,2021-03-15,1,tt14057360,tvSeries
Under Suspicion: Uncovering the Wesphael Case,2021,"",6.3,48/100,0,0,0,1,TRUE,446,800000,100000,TRUE,TRUE,2021-03-17,1,tt14078186,tvSeries
Nevenka: Breaking the Silence,2021,"",7,49/100,0,0,0,1,TRUE,506,300000,100000,TRUE,TRUE,2021-03-05,1,tt14091172,tvMiniSeries
This Is Pop,2021,"",6.9,58/100,0,0,0,1,TRUE,10,3200000,300000,TRUE,TRUE,2021-06-22,1,tt14155414,tvSeries
Haunted: Latin America,2021,16+,5.4,47/100,0,0,0,1,TRUE,447,2600000,400000,TRUE,TRUE,2021-03-31,1,tt14164238,tvSeries
Let's Fight Ghost,2021,"",7.7,40/100,0,0,0,1,TRUE,57,2500000,100000,TRUE,TRUE,,1,tt14168868,tvSeries
Worn Stories,2021,"",6.6,45/100,0,0,0,1,TRUE,233,200000,,TRUE,TRUE,2021-04-01,1,tt14177168,tvMiniSeries
Pui Pui Molcar,2021,"",8.1,47/100,0,0,0,1,TRUE,146,6700000,4500000,FALSE,FALSE,,1,tt14202738,tvSeries
The Wedding Coach,2021,"",4.9,42/100,0,0,0,1,TRUE,52,100000,,TRUE,TRUE,2021-04-07,1,tt14210424,tvSeries
This is a Robbery: The World's Biggest Art Heist,2021,18+,6.4,58/100,0,0,0,1,TRUE,3078,3500000,300000,TRUE,TRUE,2021-04-07,1,tt14223858,tvMiniSeries
Sexify,2021,"",6.5,58/100,0,0,0,1,TRUE,3621,51200000,1100000,TRUE,TRUE,2021-04-28,2,tt14315542,tvSeries
Pet Stars,2021,"",5.8,41/100,0,0,0,1,TRUE,79,4200000,800000,TRUE,TRUE,2021-04-30,1,tt14318392,tvSeries
Headspace Guide to Sleep,2021,"",6.8,47/100,0,0,0,1,TRUE,213,5800000,1200000,TRUE,TRUE,2021-04-28,1,tt14318406,tvSeries
The Rational Life,2021,"",8.2,53/100,0,0,0,1,TRUE,16,15500000,300000,TRUE,TRUE,2021-06-18,1,tt14376958,tvSeries
Community,2009,7+,8.5,90/100,1,1,0,3,FALSE,227412,164000000,10400000,TRUE,TRUE,,6,tt1439629,tvSeries
Racket Boys,2021,16+,1.1,42/100,0,0,0,1,TRUE,624,9300000,200000,TRUE,TRUE,2021-05-31,1,tt14482414,tvSeries
"Money, Explained",2021,"",6.9,57/100,0,0,0,1,TRUE,1133,3300000,700000,TRUE,TRUE,2021-05-11,1,tt14492910,tvMiniSeries
Lava Ka Dhaava,2021,"",6.1,41/100,0,0,0,1,TRUE,38,100000,,FALSE,FALSE,2021-05-05,1,tt14492912,tvSeries
High on the Hog: How African American Cuisine Transformed America,2021,"",7.7,59/100,0,0,0,1,TRUE,327,4000000,1000000,TRUE,TRUE,2021-05-26,2,tt14540468,tvSeries
The Prince Who Turns into a Frog,2005,"",7,43/100,0,0,0,1,TRUE,103,400000,,TRUE,TRUE,,1,tt1454440,tvSeries
Human: The World Within,2021,"",6.8,54/100,0,0,0,1,TRUE,187,15100000,1200000,TRUE,TRUE,2021-06-04,1,tt14574154,tvSeries
Mad for Each Other,2021,"",7.9,58/100,0,0,0,1,TRUE,109,12100000,800000,TRUE,TRUE,2021-05-24,1,tt14596414,tvSeries
Creator's File: GOLD,2021,"",6.5,40/100,0,0,0,1,TRUE,8,100000,,FALSE,FALSE,2021-06-03,1,tt14611486,tvSeries
Elite Short Stories: Guzmán Caye Rebe,2021,18+,7.5,60/100,0,0,0,1,TRUE,491,300000,300000,TRUE,TRUE,2021-06-14,1,tt14668192,tvMiniSeries
Elite Short Stories: Carla Samuel,2021,18+,7,63/100,0,0,0,1,TRUE,257,900000,700000,TRUE,TRUE,2021-06-17,1,tt14675560,tvMiniSeries
Elite Short Stories: Omar Ander Alexis,2021,18+,7.4,59/100,0,0,0,1,TRUE,314,200000,200000,TRUE,TRUE,2021-06-16,1,tt14676004,tvMiniSeries
Penguin Town,2021,"",8,59/100,0,0,0,1,TRUE,56,2600000,300000,TRUE,TRUE,2021-06-16,1,tt14677850,tvSeries
The Garfield Show,2009,all,5.4,46/100,0,0,0,1,TRUE,2138,117700000,4500000,FALSE,FALSE,,4,tt1470837,tvSeries
Use for My Talent,2021,"",,45/100,0,0,0,1,TRUE,53,8300000,200000,FALSE,FALSE,,1,tt14747972,tvSeries
Pawn Stars,2009,7+,7.2,65/100,1,1,0,3,FALSE,15585,21900000,1000000,FALSE,FALSE,,2,tt1492088,tvSeries
Hoarders,2009,7+,6.4,59/100,1,0,0,2,FALSE,2643,57900000,2500000,FALSE,FALSE,,2,tt1497563,tvSeries
Bo on the Go!,2007,all,4,35/100,0,0,0,1,TRUE,102,6300000,400000,FALSE,FALSE,,1,tt1516172,tvSeries
The Walking Dead,2010,18+,8.2,93/100,0,0,0,1,TRUE,874835,1272500000,46800000,FALSE,FALSE,,11,tt1520211,tvSeries
Dinosaur King,2007,7+,5.7,43/100,0,0,0,1,TRUE,587,28300000,600000,FALSE,FALSE,,1,tt1524993,tvSeries
Borgen,2010,18+,8.5,79/100,0,0,0,1,TRUE,20760,26000000,1000000,TRUE,TRUE,,3,tt1526318,tvSeries
Shameless,2011,18+,8.5,90/100,1,1,0,3,FALSE,211108,28900000,1500000,FALSE,FALSE,,11,tt1586680,tvSeries
Victorious,2010,7+,6.9,68/100,0,0,0,1,TRUE,21234,164400000,10100000,FALSE,FALSE,,3,tt1604099,tvSeries
Downton Abbey,2010,16+,8.7,83/100,0,1,0,2,FALSE,168315,264900000,12900000,FALSE,FALSE,,6,tt1606375,tvSeries
Angel Beats!,2010,16+,7.7,63/100,0,0,0,1,TRUE,12385,100000,,FALSE,FALSE,,1,tt1639109,tvSeries
Ancient Aliens,2010,7+,7.2,67/100,1,1,0,3,FALSE,9988,29100000,2800000,FALSE,FALSE,,4,tt1643266,tvSeries
The Ultimatum,2009,"",5.4,33/100,0,0,0,1,TRUE,5,100000,,FALSE,FALSE,,1,tt1682704,tvSeries
La Reina del Sur,2011,18+,8,62/100,0,0,0,1,TRUE,2153,758200000,3200000,TRUE,FALSE,2011-09-05,3,tt1704637,tvSeries
Trollhunters: Tales of Arcadia,2016,7+,8.4,69/100,0,0,0,1,TRUE,14076,94600000,6200000,TRUE,TRUE,2016-12-23,3,tt1734135,tvSeries
My Little Pony: Friendship Is Magic,2010,7+,7.6,68/100,1,0,0,2,FALSE,19311,98100000,4700000,TRUE,FALSE,,6,tt1751105,tvSeries
Iris,2009,"",7.9,56/100,0,0,0,1,TRUE,1767,8900000,200000,FALSE,FALSE,,1,tt1757202,tvSeries
Dash & Lily,2020,7+,8,65/100,0,0,0,1,TRUE,12303,11300000,3000000,TRUE,TRUE,2020-11-10,1,tt1758589,tvMiniSeries
Puella Magi Madoka Magica,2011,16+,8.3,65/100,1,0,0,2,FALSE,7879,700000,100000,FALSE,FALSE,,1,tt1773185,tvMiniSeries
Blue Exorcist,2011,16+,7.4,62/100,1,0,0,2,FALSE,11498,4400000,300000,FALSE,FALSE,,1,tt1799631,tvSeries
Aurora,2010,"",,14/100,1,0,0,2,FALSE,183,200000,,FALSE,FALSE,2019-04-25,1,tt1807106,tvSeries
Wakfu,2008,7+,8.2,56/100,0,0,0,1,TRUE,1263,21700000,1300000,TRUE,TRUE,2014-09-12,3,tt1807824,tvSeries
Teen Mom 2,2011,7+,4.3,55/100,0,1,0,2,FALSE,2134,500000,,FALSE,FALSE,,2,tt1821220,tvSeries
New Girl,2011,16+,7.7,85/100,0,0,0,1,TRUE,198083,125100000,,FALSE,FALSE,,7,tt1826940,tvSeries
Top Boy,2011,18+,8.4,77/100,0,0,0,1,TRUE,14419,205600000,25600000,TRUE,TRUE,2019-09-13,3,tt1830379,tvSeries
Longmire,2012,16+,8.3,80/100,0,0,0,1,TRUE,30203,99600000,5300000,FALSE,FALSE,2013-05-15,6,tt1836037,tvSeries
13 Reasons Why,2017,18+,7.6,79/100,0,0,0,1,TRUE,262804,149500000,5800000,TRUE,TRUE,2017-03-31,4,tt1837492,tvSeries
House of Cards,2013,18+,8.7,88/100,0,0,0,1,TRUE,473776,145700000,7200000,TRUE,FALSE,2013-02-01,6,tt1856010,tvSeries
Daughters of Destiny,2017,"",,36/100,0,0,0,1,TRUE,805,1000000,100000,TRUE,TRUE,2017-07-28,1,tt1877895,tvMiniSeries
The Woods,2020,18+,6.5,58/100,0,0,0,1,TRUE,4525,12700000,1200000,TRUE,TRUE,2020-06-12,1,tt1910645,tvMiniSeries
Lilyhammer,2012,18+,8,76/100,0,0,0,1,TRUE,27181,13700000,1000000,FALSE,FALSE,2012-02-06,3,tt1958961,tvSeries
Rita,2012,16+,8.1,64/100,0,0,0,1,TRUE,7933,15600000,1300000,TRUE,TRUE,2013-08-14,5,tt1973692,tvSeries
Call the Midwife,2012,16+,8.4,78/100,0,0,0,1,TRUE,21081,115400000,9100000,FALSE,FALSE,,12,tt1983079,tvSeries
Fate/Zero,2011,18+,8.3,64/100,0,0,0,1,TRUE,10874,300000,,FALSE,FALSE,,2,tt2051178,tvSeries
TIGER & BUNNY,2011,16+,7.4,52/100,1,0,0,2,FALSE,797,700000,,TRUE,TRUE,2016-12-13,1,tt2061527,tvSeries
Oscar's Oasis,2010,"",7.5,42/100,0,0,0,1,TRUE,493,21200000,1000000,FALSE,FALSE,,1,tt2080922,tvSeries
Black Mirror,2011,18+,8.8,92/100,0,0,0,1,TRUE,462672,438700000,41400000,TRUE,FALSE,2013-02-28,6,tt2085059,tvSeries
Transformers: Rescue Bots,2012,7+,6.5,50/100,0,1,0,2,FALSE,784,6200000,300000,FALSE,FALSE,,1,tt2139371,tvSeries
MeatEater,2012,16+,7.7,51/100,0,0,0,1,TRUE,1216,2700000,400000,TRUE,TRUE,2019-10-18,1,tt2169245,tvSeries
Marco Polo,2014,18+,8,77/100,0,1,0,2,FALSE,66364,57500000,3200000,TRUE,TRUE,2014-12-12,2,tt2189461,tvSeries
Arrow,2012,16+,7.5,84/100,0,0,0,1,TRUE,412411,271800000,7300000,FALSE,FALSE,,8,tt2193021,tvSeries
Beauty and the Beast,2012,7+,7,69/100,0,0,1,2,FALSE,35156,5000000,,FALSE,FALSE,,1,tt2193041,tvSeries
Mia and Me,2012,all,6.6,45/100,0,0,0,1,TRUE,539,7900000,300000,FALSE,FALSE,,2,tt2203143,tvSeries
Last Tango in Halifax,2012,16+,8.3,73/100,0,0,0,1,TRUE,5770,4900000,500000,FALSE,FALSE,,4,tt2216156,tvSeries
Sword Art Online,2012,18+,7.6,71/100,1,0,0,2,FALSE,38586,4600000,200000,FALSE,FALSE,,1,tt2250192,tvSeries
Altered Carbon,2018,18+,8,83/100,0,0,0,1,TRUE,147232,49100000,2900000,TRUE,TRUE,2018-02-02,2,tt2261227,tvSeries
Girls und Panzer,2012,16+,7.4,52/100,1,0,0,2,FALSE,1015,100000,,FALSE,FALSE,,1,tt2294076,tvMiniSeries
Meet the Adebanjos,2012,7+,7.6,37/100,0,0,0,1,TRUE,59,400000,,FALSE,FALSE,,3,tt2344781,tvSeries
Kuroko's Basketball,2012,"",8.3,72/100,0,0,0,1,TRUE,6116,59300000,2500000,FALSE,FALSE,,3,tt2348803,tvSeries
Orange Is the New Black,2013,18+,8,87/100,0,0,0,1,TRUE,282734,425400000,15900000,TRUE,TRUE,2013-07-11,7,tt2372162,tvSeries
The Next Step,2013,all,6.2,57/100,0,0,0,1,TRUE,1679,4300000,200000,FALSE,FALSE,,3,tt2374744,tvSeries
Pac-Man and the Ghostly Adventures,2013,7+,4.9,48/100,0,1,0,2,FALSE,534,1500000,100000,FALSE,FALSE,,1,tt2392179,tvSeries
Shadow and Bone,2021,16+,7.7,82/100,0,0,0,1,TRUE,53025,341300000,6500000,TRUE,TRUE,2021-04-23,2,tt2403776,tvSeries
The Bridge,2013,18+,7.6,69/100,1,0,0,2,FALSE,18031,11700000,600000,FALSE,FALSE,,4,tt2406376,tvSeries
Sense8,2015,18+,8.3,84/100,0,0,0,1,TRUE,142819,29500000,1000000,TRUE,TRUE,2015-06-05,2,tt2431438,tvSeries
Wentworth,2013,18+,8.6,73/100,0,0,0,1,TRUE,17834,71800000,4200000,FALSE,FALSE,,8,tt2433738,tvSeries
Peaky Blinders,2013,18+,8.8,93/100,0,0,0,1,TRUE,380565,507400000,45500000,FALSE,FALSE,2014-09-30,6,tt2442560,tvSeries
HAPPY!,2017,18+,8.2,77/100,0,0,0,1,TRUE,34400,14500000,1000000,TRUE,TRUE,2018-04-26,2,tt2452242,tvSeries
The Night Shift,2014,16+,7.4,66/100,0,0,0,1,TRUE,11198,5300000,400000,FALSE,FALSE,,4,tt2477230,tvSeries
Sam & Cat,2013,7+,5.7,59/100,0,0,0,1,TRUE,7924,158100000,5600000,FALSE,FALSE,,1,tt2487090,tvSeries
El Reemplazante,2012,16+,8.5,47/100,0,0,0,1,TRUE,636,2100000,,FALSE,FALSE,,2,tt2488050,tvMiniSeries
Lupin,2021,18+,7.5,87/100,0,0,0,1,TRUE,69419,472100000,92100000,TRUE,TRUE,2021-01-08,3,tt2531336,tvSeries
EastSiders,2012,"",6.9,54/100,0,0,0,1,TRUE,2383,400000,,TRUE,TRUE,,4,tt2558816,tvSeries
Attack on Titan,2013,18+,9,95/100,1,0,0,2,FALSE,234365,52100000,2900000,FALSE,FALSE,,2,tt2560140,tvSeries
Miraculous: Tales of Ladybug & Cat Noir,2015,7+,7.7,73/100,0,0,0,1,TRUE,7761,113700000,5800000,FALSE,FALSE,,1,tt2580046,tvSeries
Sammy & Co,2014,"",5.3,35/100,0,0,0,1,TRUE,24,4300000,100000,FALSE,FALSE,,1,tt2580128,tvSeries
Derek,2013,7+,8,72/100,0,0,0,1,TRUE,28937,2900000,700000,TRUE,TRUE,2013-09-12,3,tt2616280,tvSeries
The Originals,2013,16+,8.2,80/100,0,0,0,1,TRUE,121156,80000000,1800000,FALSE,FALSE,,5,tt2632424,tvSeries
Hostages,2013,16+,6.7,62/100,0,0,0,1,TRUE,9657,1000000,100000,FALSE,FALSE,,2,tt2647258,tvSeries
The 100,2014,16+,7.6,86/100,0,0,0,1,TRUE,224183,436700000,23100000,FALSE,FALSE,,7,tt2661044,tvSeries
Narcos,2015,18+,8.8,90/100,0,0,0,1,TRUE,370855,213000000,10200000,TRUE,TRUE,2015-08-28,3,tt2707408,tvSeries
Black Ink Crew New York,2013,16+,4.6,49/100,1,0,0,2,FALSE,356,100000,,FALSE,FALSE,,1,tt2738096,tvSeries
The Blacklist,2013,16+,8,88/100,0,0,0,1,TRUE,207861,1072000000,30200000,FALSE,FALSE,,10,tt2741602,tvSeries
"That Winter, the Wind Blows",2013,"",7.7,50/100,0,0,0,1,TRUE,1510,17500000,500000,FALSE,FALSE,,1,tt2806646,tvMiniSeries
Velvet,2014,16+,8.1,62/100,0,0,0,1,TRUE,5372,57500000,1600000,FALSE,FALSE,,4,tt2955402,tvSeries
Dare Me,2019,18+,6.7,66/100,0,0,0,1,TRUE,3835,13000000,900000,FALSE,FALSE,2020-03-20,1,tt2983222,tvSeries
Outlander,2014,18+,8.4,88/100,0,0,0,1,TRUE,132777,434400000,16300000,FALSE,FALSE,2016-03-31,7,tt3006802,tvSeries
Locke & Key,2020,16+,7.4,77/100,0,0,0,1,TRUE,45895,104900000,5600000,TRUE,TRUE,2020-02-07,3,tt3007572,tvSeries
Turbo FAST,2013,7+,6.5,43/100,0,0,0,1,TRUE,497,5000000,,FALSE,FALSE,2013-12-24,3,tt3010520,tvSeries
Better Call Saul,2015,18+,8.8,94/100,0,0,0,1,TRUE,341285,455900000,18200000,FALSE,FALSE,2015-02-08,6,tt3032476,tvSeries
Mother Goose Club,2010,"",7.4,43/100,0,0,0,1,TRUE,152,5500000,900000,FALSE,FALSE,,2,tt3040470,tvSeries
Man Down,2013,18+,7.6,58/100,0,0,0,1,TRUE,3375,2400000,400000,FALSE,FALSE,,4,tt3063454,tvSeries
Shtisel,2013,16+,8.6,65/100,0,0,0,1,TRUE,5618,2100000,,TRUE,TRUE,2018-12-14,3,tt3069894,tvSeries
The Chase,2013,all,7.4,50/100,1,0,0,2,FALSE,757,500000,,FALSE,FALSE,,1,tt3077336,tvSeries
Rabbids Invasion,2013,7+,5,50/100,1,0,0,2,FALSE,1502,28900000,1100000,FALSE,FALSE,,3,tt3105674,tvSeries
Sailor Moon Crystal,2014,16+,8,62/100,1,0,0,2,FALSE,1868,7600000,800000,FALSE,FALSE,,3,tt3124992,tvSeries
How to Get Away with Murder,2014,16+,8.1,83/100,1,0,0,2,FALSE,134305,262200000,12100000,FALSE,FALSE,,6,tt3205802,tvSeries
Tayo the Little Bus,2010,"",5.6,40/100,1,1,0,3,FALSE,131,20100000,2000000,TRUE,FALSE,,3,tt3270208,tvSeries
Unbreakable Kimmy Schmidt,2015,16+,7.6,79/100,0,0,0,1,TRUE,64978,31600000,2300000,TRUE,TRUE,2015-03-06,4,tt3339966,tvSeries
Let's Eat,2013,16+,7.7,55/100,0,0,0,1,TRUE,525,500000,,TRUE,TRUE,,1,tt3385484,tvSeries
BoJack Horseman,2014,18+,8.7,86/100,0,0,0,1,TRUE,120928,111300000,9600000,TRUE,TRUE,2014-08-22,6,tt3398228,tvSeries
Some Assembly Required,2014,all,3.7,44/100,0,1,0,2,FALSE,756,26200000,1300000,TRUE,FALSE,2015-06-19,2,tt3441810,tvSeries
Are You The One?,2014,16+,6.5,61/100,1,0,0,2,FALSE,1958,3900000,,FALSE,FALSE,,2,tt3484274,tvSeries
Madam Secretary,2014,16+,7.6,73/100,0,0,0,1,TRUE,20462,97600000,3500000,FALSE,FALSE,,6,tt3501074,tvSeries
iZombie,2015,16+,7.8,80/100,0,0,0,1,TRUE,61628,74500000,3800000,FALSE,FALSE,,5,tt3501584,tvSeries
Bloodline,2015,18+,7.9,76/100,0,0,0,1,TRUE,45398,82400000,3400000,FALSE,FALSE,2015-03-20,3,tt3520702,tvSeries
Schitt's Creek,2015,16+,8.5,86/100,0,0,0,1,TRUE,84994,62500000,6100000,FALSE,FALSE,,6,tt3526078,tvSeries
Autumn's Concerto,2009,16+,8,50/100,0,0,0,1,TRUE,398,3500000,100000,TRUE,TRUE,,1,tt3530668,tvSeries
Black Money Love,2014,"",7.3,61/100,0,0,0,1,TRUE,5197,80900000,300000,FALSE,FALSE,,1,tt3565486,tvSeries
Jane the Virgin,2014,16+,7.8,80/100,0,0,0,1,TRUE,40680,291100000,7700000,TRUE,FALSE,,5,tt3566726,tvSeries
Puffin Rock,2015,all,8.7,49/100,0,0,0,1,TRUE,765,21300000,2500000,TRUE,FALSE,2015-09-01,2,tt3590338,tvSeries
Henry Danger,2014,all,5.7,61/100,0,0,0,1,TRUE,3765,279300000,14300000,FALSE,FALSE,,5,tt3596174,tvSeries
"Nicky, Ricky, Dicky & Dawn",2014,all,5.2,51/100,0,0,0,1,TRUE,2065,116200000,7100000,FALSE,FALSE,,4,tt3596176,tvSeries
Bella and the Bulldogs,2015,all,5.4,53/100,0,0,0,1,TRUE,1484,37100000,2300000,FALSE,FALSE,,2,tt3596178,tvSeries
Grace and Frankie,2015,18+,8.3,80/100,0,0,0,1,TRUE,40701,138000000,9400000,TRUE,TRUE,2015-05-08,7,tt3609352,tvSeries
VeggieTales In The House,2014,all,4.4,39/100,0,0,0,1,TRUE,265,100000,,FALSE,FALSE,,1,tt3692064,tvSeries
She's Gotta Have It,2017,18+,6.8,64/100,0,0,0,1,TRUE,4223,2000000,200000,TRUE,TRUE,2017-11-23,2,tt3713588,tvSeries
Hap and Leonard,2016,18+,7.7,61/100,0,0,0,1,TRUE,6928,700000,,FALSE,FALSE,,3,tt3729898,tvSeries
Real Rob,2015,18+,6.4,48/100,0,0,0,1,TRUE,2594,2600000,200000,TRUE,TRUE,2015-11-30,2,tt3741346,tvSeries
Akame ga Kill!,2014,18+,7.8,68/100,1,0,0,2,FALSE,18489,7600000,800000,FALSE,FALSE,,1,tt3742982,tvSeries
Gotham,2014,16+,7.8,83/100,0,0,0,1,TRUE,214938,37900000,100000,FALSE,FALSE,,5,tt3749900,tvSeries
People Just Do Nothing,2014,18+,8.5,61/100,0,0,0,1,TRUE,4620,3600000,700000,FALSE,FALSE,,5,tt3762198,tvSeries
All Hail King Julien,2014,7+,7.1,53/100,0,0,0,1,TRUE,1651,47500000,3900000,TRUE,TRUE,2014-12-19,5,tt3807022,tvSeries
The Adventures of Puss in Boots,2015,7+,6.7,51/100,0,0,0,1,TRUE,1447,69300000,3500000,FALSE,FALSE,2015-01-16,6,tt3807034,tvSeries
Entangled,2014,"",6.9,34/100,0,0,0,1,TRUE,33,100000,,FALSE,FALSE,,1,tt3812468,short
Versailles,2015,18+,7.9,73/100,0,0,0,1,TRUE,14575,10100000,300000,FALSE,FALSE,,3,tt3830558,tvSeries
Spotless,2015,"",7.8,67/100,0,0,0,1,TRUE,3379,1700000,100000,FALSE,FALSE,2016-05-10,1,tt3834000,tvSeries
The Son,2017,16+,7.5,67/100,1,0,0,2,FALSE,5490,1000000,,FALSE,FALSE,2019-07-26,1,tt3839822,tvSeries
Z Nation,2014,16+,6.7,68/100,0,0,0,1,TRUE,33556,47800000,1800000,FALSE,FALSE,,5,tt3843168,tvSeries
Into the Badlands,2015,16+,8,80/100,0,0,0,1,TRUE,42624,10300000,500000,FALSE,FALSE,,3,tt3865236,tvSeries
The Magic School Bus Rides Again,2017,all,6.2,48/100,0,0,0,1,TRUE,690,19500000,1600000,TRUE,TRUE,2017-09-29,2,tt3869122,tvSeries
The Irregular at Magic High School,2014,16+,7.2,61/100,0,0,0,1,TRUE,2601,5200000,200000,FALSE,FALSE,,1,tt3874528,tvSeries
Your Lie in April,2014,7+,8.6,72/100,1,0,0,2,FALSE,20002,200000,,FALSE,FALSE,,1,tt3895150,tvSeries
Good Witch,2015,7+,7.3,68/100,0,0,0,1,TRUE,7985,157500000,10400000,FALSE,FALSE,,7,tt3906732,tvSeries
The Seven Deadly Sins,2014,16+,8,75/100,0,0,0,1,TRUE,25225,62500000,3100000,FALSE,FALSE,2015-08-31,1,tt3909224,tvSeries
Inspector Gadget,2015,all,4.6,40/100,0,0,1,2,FALSE,472,9400000,800000,FALSE,FALSE,2015-03-27,4,tt3910690,tvSeries
Bad Guys,2014,18+,7.9,52/100,0,0,0,1,TRUE,1310,3900000,100000,TRUE,TRUE,,1,tt3914520,tvSeries
Fuller House,2016,7+,6.7,67/100,0,0,0,1,TRUE,25285,182000000,12200000,TRUE,TRUE,2016-02-26,5,tt3986586,tvSeries
Marseille,2016,18+,6.9,56/100,0,0,0,1,TRUE,4778,10500000,1200000,TRUE,TRUE,2016-05-04,2,tt4003966,tvSeries
Supergirl,2015,16+,6.2,77/100,0,0,0,1,TRUE,114321,109400000,3200000,FALSE,FALSE,,6,tt4016454,tvSeries
Tokyo Trial,2016,"",7.4,47/100,0,0,0,1,TRUE,1199,900000,100000,TRUE,TRUE,,1,tt4040530,tvMiniSeries
Lovesick,2014,18+,8.1,64/100,0,0,0,1,TRUE,17144,4300000,600000,TRUE,TRUE,2015-04-15,3,tt4051832,tvSeries
Lucifer,2016,16+,8.1,90/100,0,0,0,1,TRUE,253035,804000000,30400000,FALSE,FALSE,2017-07-23,6,tt4052886,tvSeries
Love,2016,18+,7.7,77/100,0,0,0,1,TRUE,38433,17500000,1300000,TRUE,TRUE,2016-02-19,3,tt4061080,tvSeries
Crazy Ex-Girlfriend,2015,16+,7.8,76/100,0,0,0,1,TRUE,17590,18600000,900000,FALSE,FALSE,,4,tt4094300,tvSeries
Cloudy with a Chance of Meatballs,2017,all,3.3,40/100,0,0,0,1,TRUE,666,7700000,300000,FALSE,FALSE,,1,tt4123482,tvSeries
Between,2015,16+,6,62/100,0,0,0,1,TRUE,8503,15200000,1300000,FALSE,FALSE,2015-05-21,2,tt4132692,tvSeries
PJ Masks,2015,all,5.5,55/100,0,0,1,2,FALSE,978,147700000,6600000,TRUE,FALSE,,4,tt4148744,tvSeries
Dark Matter,2015,18+,7.5,78/100,0,1,0,2,FALSE,39572,300000,,FALSE,FALSE,,3,tt4159076,tvSeries
Richie Rich,2015,all,3.3,37/100,0,0,0,1,TRUE,855,26100000,3100000,TRUE,FALSE,2015-02-20,2,tt4160920,tvSeries
The Crime,2015,"",6.2,38/100,0,0,0,1,TRUE,531,2100000,400000,TRUE,TRUE,,2,tt4173216,tvSeries
The Last Kingdom,2015,18+,8.4,85/100,0,0,0,1,TRUE,92036,341900000,13100000,TRUE,FALSE,2015-12-28,5,tt4179452,tvSeries
Shooter,2016,16+,7.5,73/100,0,0,0,1,TRUE,32590,128500000,3000000,FALSE,FALSE,2016-11-16,3,tt4181172,tvSeries
Glitch,2015,16+,7.3,70/100,0,0,0,1,TRUE,15589,70800000,6200000,TRUE,TRUE,2016-10-14,3,tt4192782,tvSeries
The Frankenstein Chronicles,2015,16+,7.3,67/100,0,0,0,1,TRUE,10391,800000,,FALSE,FALSE,,2,tt4206804,tvSeries
Colony,2016,16+,7.4,77/100,0,0,0,1,TRUE,32137,11000000,400000,FALSE,FALSE,,3,tt4209256,tvSeries
Into the Wild,2014,"",8.5,41/100,0,1,0,2,FALSE,110,500000,,FALSE,FALSE,,1,tt4228738,tvSeries
Call My Agent!,2015,16+,8.3,68/100,0,0,0,1,TRUE,10694,15100000,1300000,FALSE,FALSE,2016-12-20,4,tt4277922,tvSeries
The Fierce Wife,2010,16+,6.8,40/100,0,0,0,1,TRUE,76,900000,,FALSE,FALSE,,1,tt4304720,tvSeries
Resurrection: Ertugrul,2014,16+,8,73/100,0,0,0,1,TRUE,30416,38700000,,FALSE,FALSE,,4,tt4320258,tvSeries
F is for Family,2015,18+,8,74/100,0,0,0,1,TRUE,30656,51800000,5800000,TRUE,TRUE,2015-12-18,5,tt4326894,tvSeries
Wet Hot American Summer: First Day of Camp,2015,16+,7.4,67/100,0,0,0,1,TRUE,22650,1800000,200000,TRUE,TRUE,2015-07-31,1,tt4341500,tvMiniSeries
Outback Truckers,2012,"",7.4,48/100,0,0,0,1,TRUE,219,1000000,,FALSE,FALSE,,3,tt4345548,tvSeries
Babylon Berlin,2017,18+,8.4,72/100,0,0,0,1,TRUE,20361,3100000,200000,FALSE,FALSE,2018-01-30,3,tt4378376,tvSeries
Office Girls,2011,"",6.9,40/100,0,0,0,1,TRUE,116,800000,,TRUE,TRUE,,1,tt4381290,tvMiniSeries
Silver Spoon,2014,16+,7.7,53/100,0,0,0,1,TRUE,1423,100000,,FALSE,FALSE,,1,tt4426042,tvSeries
Locked Up,2015,18+,8.2,67/100,0,0,0,1,TRUE,18141,161300000,7800000,FALSE,FALSE,2015-10-18,4,tt4524056,tvSeries
DC's Legends of Tomorrow,2016,16+,6.8,80/100,0,0,0,1,TRUE,94480,72500000,3300000,FALSE,FALSE,,7,tt4532368,tvSeries
Knightfall,2017,16+,6.8,68/100,0,0,0,1,TRUE,17700,21500000,1000000,TRUE,FALSE,,2,tt4555364,tvSeries
Fauda,2015,16+,8.2,77/100,0,0,0,1,TRUE,21153,224900000,7400000,TRUE,TRUE,2016-12-02,4,tt4565380,tvSeries
Chhota Bheem,2008,"",4.3,27/100,0,0,0,1,TRUE,623,1100000,,FALSE,FALSE,,8,tt4570986,tvSeries
Stranger Things,2016,16+,8.7,96/100,0,0,0,1,TRUE,864533,616600000,30700000,TRUE,TRUE,2016-07-15,4,tt4574334,tvSeries
Luna Petunia,2016,all,6.3,31/100,0,0,0,1,TRUE,47,3300000,500000,TRUE,TRUE,2016-12-09,3,tt4588068,tvSeries
BUNK'D,2015,all,5.4,56/100,0,0,0,1,TRUE,2670,145000000,7400000,FALSE,FALSE,,6,tt4591680,tvSeries
The Get Down,2016,16+,8.3,66/100,0,0,0,1,TRUE,21339,3500000,300000,TRUE,TRUE,2016-08-12,2,tt4592410,tvMiniSeries
The Sound of Your Heart,2016,"",8.3,49/100,0,0,0,1,TRUE,845,2800000,200000,TRUE,TRUE,2017-01-31,1,tt4613520,tvSeries
Master of None,2015,18+,8.3,83/100,0,0,0,1,TRUE,69562,4700000,400000,TRUE,TRUE,2015-11-06,3,tt4635276,tvSeries
Green Eggs and Ham,2019,7+,8.2,63/100,0,0,0,1,TRUE,1947,22500000,1800000,TRUE,TRUE,2019-11-08,1,tt4651448,tvSeries
Documentary Now!,2015,18+,8.1,72/100,0,0,0,1,TRUE,5578,2000000,100000,FALSE,FALSE,,4,tt4677934,tvSeries
Club de Cuervos,2015,18+,8.2,66/100,0,0,0,1,TRUE,5099,25200000,1300000,TRUE,TRUE,2015-08-07,4,tt4680240,tvSeries
Forged in Fire,2015,7+,8.4,65/100,1,1,0,3,FALSE,2945,20800000,300000,FALSE,FALSE,,1,tt4680444,tvSeries
Frontier,2016,18+,7.2,71/100,0,0,0,1,TRUE,17860,52900000,6600000,TRUE,TRUE,2017-01-20,3,tt4686698,tvSeries
Rebellion,2016,16+,7.2,60/100,0,0,0,1,TRUE,3006,7100000,800000,FALSE,FALSE,2016-04-08,2,tt4699982,tvSeries
Beat Bugs,2016,all,7.6,46/100,0,0,0,1,TRUE,478,5800000,400000,TRUE,TRUE,2016-08-03,3,tt4716268,tvSeries
Is It Wrong to Try to Pick Up Girls in a Dungeon?,2015,16+,7.4,64/100,1,0,0,2,FALSE,5992,8300000,700000,FALSE,FALSE,,4,tt4728568,tvSeries
Robocar Poli,2011,"",6.7,39/100,0,0,0,1,TRUE,83,32800000,2400000,TRUE,FALSE,,4,tt4763642,tvSeries
Llama Llama,2018,all,6.5,33/100,0,0,0,1,TRUE,244,11900000,1100000,TRUE,TRUE,2018-01-26,2,tt4781350,tvSeries
The Crown,2016,18+,8.6,89/100,0,0,0,1,TRUE,166234,662000000,49600000,TRUE,TRUE,2016-11-04,6,tt4786824,tvSeries
Lady Dynamite,2016,16+,7.4,63/100,0,0,0,1,TRUE,3351,300000,,TRUE,TRUE,2016-05-20,2,tt4789300,tvSeries
Terrace House: Boys & Girls in the City,2015,7+,8.1,55/100,0,0,0,1,TRUE,1463,5900000,200000,TRUE,TRUE,2015-08-31,2,tt4790546,tvSeries
Atelier,2015,16+,7.2,48/100,0,0,0,1,TRUE,862,1700000,100000,TRUE,TRUE,2015-08-31,1,tt4790548,tvMiniSeries
Oh My Ghost,2015,"",8.1,59/100,0,0,0,1,TRUE,3604,5600000,100000,FALSE,FALSE,2018-09-24,1,tt4799574,tvSeries
Alone,2015,16+,8.4,77/100,1,0,0,2,FALSE,3593,67400000,5000000,FALSE,FALSE,,5,tt4803766,tvSeries
Dragons: Race to the Edge,2015,7+,8.3,57/100,0,0,0,1,TRUE,5062,156700000,13500000,TRUE,FALSE,2015-06-26,6,tt4816058,tvSeries
Yu-Gi-Oh!,1998,"",7.9,62/100,1,1,0,3,FALSE,1612,28500000,600000,FALSE,FALSE,,5,tt4834194,tvSeries
A Series of Unfortunate Events,2017,7+,7.8,79/100,0,0,0,1,TRUE,55098,65300000,4400000,TRUE,TRUE,2017-01-13,3,tt4834206,tvSeries
Hotel Transylvania,2017,7+,5.5,43/100,0,0,0,1,TRUE,541,16200000,500000,FALSE,FALSE,,1,tt4858114,tvSeries
Project Mc²,2015,all,6,47/100,0,0,0,1,TRUE,803,22500000,5400000,TRUE,TRUE,2015-08-07,6,tt4861760,tvSeries
Wynonna Earp,2016,16+,7.5,78/100,0,0,0,1,TRUE,20246,7900000,500000,FALSE,FALSE,,4,tt4878326,tvSeries
Stateless,2020,16+,7.6,65/100,0,0,0,1,TRUE,7025,9200000,1100000,FALSE,FALSE,2020-07-08,1,tt4878488,tvMiniSeries
3%,2016,18+,7.4,72/100,0,0,0,1,TRUE,22653,30000000,2100000,TRUE,TRUE,2016-11-24,4,tt4922804,tvSeries
Cathedral of the Sea,2018,16+,7.5,56/100,0,0,0,1,TRUE,3440,14900000,1000000,TRUE,TRUE,2018-08-31,1,tt4944694,tvSeries
Great News,2017,7+,7,66/100,0,0,0,1,TRUE,5766,7500000,700000,TRUE,TRUE,2018-08-23,2,tt4955480,tvSeries
The Good Place,2016,16+,8.2,88/100,0,0,0,1,TRUE,123949,135800000,11900000,FALSE,FALSE,2017-08-21,4,tt4955642,tvSeries
Greenleaf,2016,18+,7.4,59/100,0,0,0,1,TRUE,4522,74000000,4600000,TRUE,TRUE,2017-03-03,5,tt4971144,tvSeries
Flaked,2016,18+,7.2,64/100,0,0,0,1,TRUE,10575,5400000,500000,TRUE,TRUE,2016-03-11,2,tt4973548,tvSeries
Secret City,2016,18+,7.4,71/100,0,0,0,1,TRUE,6839,10400000,1000000,TRUE,TRUE,2018-06-26,1,tt4976512,tvSeries
The Ranch,2016,16+,7.5,67/100,0,0,0,1,TRUE,34735,146200000,12400000,TRUE,TRUE,2016-04-01,8,tt4998212,tvSeries
Ice Fantasy,2016,16+,7.1,42/100,0,0,0,1,TRUE,541,200000,,FALSE,FALSE,,1,tt5022298,tvSeries
Legend Quest,2017,7+,7.4,43/100,0,0,0,1,TRUE,403,2800000,200000,TRUE,TRUE,2017-02-24,1,tt5038900,tvSeries
Cannon Busters,2019,18+,6.8,57/100,0,0,0,1,TRUE,1004,1800000,100000,FALSE,FALSE,2019-08-15,1,tt5066664,tvSeries
Ozark,2017,18+,8.4,89/100,0,0,0,1,TRUE,201029,220300000,8600000,TRUE,TRUE,2017-07-21,4,tt5071412,tvSeries
Lego Bionicle: The Journey to One,2016,7+,5.5,40/100,0,0,0,1,TRUE,149,2400000,1100000,TRUE,TRUE,2016-03-04,2,tt5075942,tvSeries
Troy: Fall of a City,2018,18+,3.8,54/100,0,0,0,1,TRUE,12669,25900000,1500000,TRUE,TRUE,2018-04-06,1,tt5103758,tvSeries
The Method,2015,18+,7.4,56/100,0,0,0,1,TRUE,2499,200000,,FALSE,FALSE,,1,tt5135336,tvSeries
The Witcher,2019,18+,8.2,89/100,0,0,0,1,TRUE,321578,751300000,76200000,TRUE,TRUE,2019-12-20,3,tt5180504,tvSeries
Secrets of Great British Castles,2015,7+,7.8,52/100,0,0,0,1,TRUE,884,7200000,700000,FALSE,FALSE,,2,tt5181284,tvSeries
Reply 1988,2015,"",9.1,67/100,0,0,0,1,TRUE,4257,46800000,900000,TRUE,FALSE,,1,tt5182866,tvSeries
Making a Murderer,2015,16+,8.6,84/100,0,0,0,1,TRUE,88435,24300000,1100000,TRUE,TRUE,2015-12-18,2,tt5189670,tvSeries
The Break,2016,18+,7.6,60/100,0,0,0,1,TRUE,203,1700000,100000,FALSE,FALSE,,2,tt5191128,tvSeries
Dawn of the Croods,2015,7+,6,46/100,0,0,0,1,TRUE,564,43500000,3700000,FALSE,FALSE,2015-12-24,4,tt5193172,tvSeries
Wanted,2016,16+,7.7,63/100,0,0,0,1,TRUE,4916,21700000,2000000,FALSE,FALSE,2017-10-24,3,tt5193358,tvSeries
Van Helsing,2016,16+,6.2,66/100,0,0,0,1,TRUE,18851,82700000,4100000,TRUE,TRUE,2016-12-17,5,tt5197820,tvSeries
Tabula Rasa,2017,18+,8,63/100,0,0,0,1,TRUE,8949,1000000,,FALSE,FALSE,2018-03-15,1,tt5197860,tvMiniSeries
Imposters,2017,16+,7.8,73/100,0,0,0,1,TRUE,11302,20500000,1400000,FALSE,FALSE,,2,tt5212822,tvSeries
Netflix Presents: The Characters,2016,18+,5.4,54/100,0,0,0,1,TRUE,730,200000,,TRUE,TRUE,2016-03-11,1,tt5228026,tvSeries
A Touch of Green,2015,"",8.4,46/100,0,0,0,1,TRUE,238,300000,,FALSE,FALSE,,1,tt5231950,tvSeries
Lost in Space,2018,7+,7.3,80/100,1,0,0,2,FALSE,75450,108700000,6200000,TRUE,TRUE,2018-04-13,3,tt5232792,tvSeries
Word Party,2016,all,5.9,37/100,0,0,0,1,TRUE,309,55300000,9200000,TRUE,TRUE,2016-07-08,5,tt5235950,tvSeries
ERASED,2016,16+,8.5,74/100,1,0,0,2,FALSE,33610,2400000,200000,TRUE,TRUE,2017-12-15,1,tt5249462,tvMiniSeries
Marcella,2016,18+,7.4,72/100,0,0,0,1,TRUE,25873,44000000,4100000,TRUE,TRUE,2016-07-01,3,tt5269594,tvSeries
Chelsea Does,2016,18+,7.2,55/100,0,0,0,1,TRUE,2358,900000,,TRUE,TRUE,2016-01-23,1,tt5275894,tvSeries
Mindhunter,2017,18+,8.6,90/100,0,0,0,1,TRUE,230492,90700000,5000000,TRUE,TRUE,2017-10-13,2,tt5290382,tvSeries
Crashing,2016,"",7.7,65/100,0,0,0,1,TRUE,15748,2100000,400000,FALSE,FALSE,2016-08-31,1,tt5295524,tvSeries
Designated Survivor,2016,7+,7.5,77/100,0,0,0,1,TRUE,80319,318900000,9200000,TRUE,TRUE,2016-09-22,3,tt5296406,tvSeries
The Cuba Libre Story,2016,16+,7.7,48/100,0,0,0,1,TRUE,66,3800000,200000,FALSE,FALSE,2016-12-08,1,tt5319838,tvMiniSeries
Degrassi: Next Class,2016,7+,6.9,58/100,0,0,0,1,TRUE,2803,6000000,600000,TRUE,TRUE,2016-01-15,4,tt5320160,tvSeries
Power Rangers Ninja Steel,2017,7+,6,45/100,0,0,0,1,TRUE,722,69900000,3500000,FALSE,FALSE,,2,tt5335606,tvSeries
Charité,2017,7+,7.9,59/100,0,0,0,1,TRUE,2800,3000000,300000,FALSE,FALSE,,3,tt5337806,tvSeries
One Day at a Time,2017,7+,8.2,77/100,0,0,0,1,TRUE,13872,38300000,2700000,TRUE,TRUE,2017-01-06,3,tt5339440,tvSeries
Mobile Suit Gundam: Iron-Blooded Orphans,2015,18+,7.9,56/100,0,0,0,1,TRUE,1320,6500000,300000,TRUE,FALSE,,2,tt5344382,tvSeries
Cooked,2016,7+,8.1,56/100,0,0,0,1,TRUE,2761,1000000,100000,TRUE,TRUE,2016-02-19,1,tt5347906,tvMiniSeries
Tales by Light,2015,"",8.3,55/100,0,0,0,1,TRUE,1803,2700000,500000,TRUE,FALSE,2016-11-10,3,tt5350276,tvSeries
White Nights,2016,"",7,40/100,1,0,0,2,FALSE,6,5000000,100000,TRUE,TRUE,2016-11-21,1,tt5363068,movie
Disenchantment,2018,16+,7.2,74/100,0,0,0,1,TRUE,49988,139400000,20000000,TRUE,TRUE,2018-08-17,5,tt5363918,tvSeries
Riverdale,2017,16+,6.8,81/100,1,0,0,2,FALSE,125116,361900000,13500000,FALSE,FALSE,2017-01-27,7,tt5420376,tvSeries
Anne with an E,2017,all,8.7,80/100,0,0,0,1,TRUE,41979,168000000,11700000,TRUE,TRUE,2017-05-12,3,tt5421602,tvSeries
Gilmore Girls: A Year in the Life,2016,16+,7.6,68/100,0,0,0,1,TRUE,32300,37900000,3400000,TRUE,TRUE,2016-11-25,1,tt5435008,tvMiniSeries
La Esclava Blanca,2016,"",,24/100,0,0,0,1,TRUE,492,2400000,,FALSE,FALSE,,1,tt5458128,tvSeries
Kong: King of the Apes,2016,7+,5.8,37/100,0,0,0,1,TRUE,279,21700000,1700000,TRUE,TRUE,2016-04-15,2,tt5462936,tvSeries
Gypsy,2017,18+,6.8,67/100,0,0,0,1,TRUE,14742,19000000,900000,TRUE,TRUE,2017-06-30,1,tt5503718,tvSeries
Godless,2017,18+,8.3,80/100,0,0,0,1,TRUE,55926,55700000,3400000,TRUE,TRUE,2017-11-22,1,tt5516154,tvMiniSeries
Good Morning Call,2016,all,7.5,53/100,0,0,0,1,TRUE,2833,14800000,600000,TRUE,FALSE,2016-02-11,2,tt5520732,tvSeries
Kabaneri of the Iron Fortress,2016,18+,7.2,59/100,0,0,0,1,TRUE,4544,300000,,FALSE,FALSE,,1,tt5556656,tvSeries
Easy,2016,18+,6.9,69/100,0,0,0,1,TRUE,12589,11100000,1200000,TRUE,TRUE,2016-09-22,3,tt5562056,tvSeries
60 Days In,2016,16+,7.7,62/100,1,1,0,3,FALSE,2217,16500000,800000,FALSE,FALSE,,3,tt5564124,tvSeries
Friends from College,2017,18+,6.9,66/100,0,0,0,1,TRUE,18742,26700000,3700000,TRUE,TRUE,2017-07-14,2,tt5565334,tvSeries
Maniac,2018,18+,7.8,78/100,0,0,0,1,TRUE,68414,8300000,600000,TRUE,TRUE,2018-09-21,1,tt5580146,tvMiniSeries
Santa Clarita Diet,2017,18+,7.8,79/100,0,0,0,1,TRUE,59187,42300000,3900000,TRUE,TRUE,2017-02-03,3,tt5580540,tvSeries
Voltron: Legendary Defender,2016,7+,8.1,69/100,0,0,0,1,TRUE,7904,23500000,2700000,TRUE,FALSE,2016-06-10,8,tt5580664,tvSeries
Manhunt,2017,16+,8.1,72/100,0,0,0,1,TRUE,53548,900000,,FALSE,FALSE,2018-05-04,1,tt5618256,tvSeries
Flowers,2016,"",8.2,72/100,0,0,0,1,TRUE,4583,300000,,FALSE,FALSE,,2,tt5619658,tvSeries
Pinky Malinky,2019,7+,5.7,38/100,0,0,0,1,TRUE,360,17500000,1800000,TRUE,TRUE,2019-01-01,3,tt5621544,tvSeries
The Mist,2017,16+,5.4,65/100,0,0,0,1,TRUE,22778,27300000,1700000,FALSE,FALSE,2017-08-25,1,tt5639976,tvSeries
Travelers,2016,16+,8.1,77/100,0,0,0,1,TRUE,48252,70000000,3400000,TRUE,TRUE,2016-12-23,3,tt5651844,tvSeries
Wet Hot American Summer: Ten Years Later,2017,16+,6.9,61/100,0,0,0,1,TRUE,7616,1800000,100000,TRUE,TRUE,2017-08-04,1,tt5669272,tvMiniSeries
Watership Down,2018,7+,7.2,64/100,0,0,0,1,TRUE,5489,5200000,600000,TRUE,TRUE,2018-12-23,1,tt5670764,tvMiniSeries
72 Dangerous Places to Live,2016,18+,6.2,43/100,0,0,0,1,TRUE,294,9600000,800000,TRUE,TRUE,,1,tt5674272,tvMiniSeries
Cable Girls,2017,18+,7.6,63/100,0,0,0,1,TRUE,12674,50100000,3400000,TRUE,TRUE,2017-04-28,4,tt5674718,tvSeries
Sin Senos Sí Hay Paraíso,2016,16+,6.7,56/100,0,0,0,1,TRUE,459,61100000,,FALSE,FALSE,,3,tt5676412,tvSeries
Another Miss Oh,2016,"",7.9,52/100,0,0,0,1,TRUE,1419,13200000,300000,TRUE,TRUE,,1,tt5679572,tvSeries
Dear My Friends,2016,"",8.3,41/100,0,0,0,1,TRUE,242,2900000,,FALSE,FALSE,,1,tt5689030,tvSeries
The Windsors,2016,18+,7.1,60/100,0,0,0,1,TRUE,2318,3600000,700000,TRUE,TRUE,,3,tt5692740,tvSeries
Coach Snoop,2016,all,6.9,44/100,0,0,0,1,TRUE,540,1300000,200000,TRUE,TRUE,2018-02-02,1,tt5697642,tvSeries
Toon,2016,"",7.7,46/100,0,0,0,1,TRUE,779,100000,,TRUE,TRUE,2019-10-18,1,tt5698140,tvSeries
Girlboss,2017,18+,7,63/100,0,0,0,1,TRUE,16017,13600000,1000000,TRUE,TRUE,2017-04-21,1,tt5706996,tvSeries
Marlon,2017,7+,7.1,55/100,1,0,0,2,FALSE,3648,13300000,900000,FALSE,FALSE,2018-06-14,2,tt5720168,tvSeries
The Worst Witch,2017,7+,7.3,53/100,0,0,0,1,TRUE,2018,78300000,5800000,TRUE,TRUE,2017-07-21,4,tt5721172,tvSeries
El Chema,2016,16+,6.8,48/100,0,0,0,1,TRUE,267,43200000,,FALSE,FALSE,,1,tt5730624,tvSeries
Kiss Me First,2018,18+,6.3,57/100,0,0,0,1,TRUE,3574,600000,100000,TRUE,TRUE,2018-06-29,1,tt5730690,tvMiniSeries
Dark,2017,16+,8.8,93/100,0,0,0,1,TRUE,305450,90500000,5100000,TRUE,TRUE,2017-12-01,3,tt5753856,tvSeries
Home: Adventures with Tip & Oh,2016,7+,6,43/100,0,0,0,1,TRUE,525,23000000,1800000,FALSE,FALSE,2016-07-29,4,tt5759196,tvSeries
GLOW,2017,18+,8,79/100,0,0,0,1,TRUE,41553,10600000,900000,TRUE,TRUE,2017-06-23,3,tt5770786,tvSeries
Sick Note,2017,18+,6.8,63/100,0,0,0,1,TRUE,6337,3300000,500000,FALSE,FALSE,2018-11-23,2,tt5770788,tvSeries
Julie's Greenroom,2017,"",8.4,43/100,0,0,0,1,TRUE,294,200000,,TRUE,TRUE,2017-03-17,1,tt5779222,tvSeries
The Indian Detective,2017,"",6.5,55/100,0,0,0,1,TRUE,2791,2000000,300000,TRUE,TRUE,2017-12-18,1,tt5797220,tvMiniSeries
72 Cutest Animals,2016,"",5.8,42/100,0,0,0,1,TRUE,387,4100000,300000,FALSE,FALSE,,1,tt5815824,tvMiniSeries
El marginal,2016,18+,8.2,60/100,0,0,0,1,TRUE,2960,38700000,2600000,FALSE,FALSE,2016-10-06,5,tt5820976,tvSeries
Rainbow Ruby,2016,all,6.6,39/100,0,0,0,1,TRUE,59,13800000,,FALSE,FALSE,,1,tt5828144,tvSeries
Paranoid,2016,"",6.7,59/100,0,0,0,1,TRUE,7213,12700000,1000000,TRUE,TRUE,2016-11-17,1,tt5839454,tvMiniSeries
Ask the Storybots,2016,all,8.4,49/100,0,0,0,1,TRUE,722,28100000,4000000,TRUE,FALSE,2016-08-12,3,tt5846856,tvSeries
Paquita Salas,2016,"",8,51/100,0,0,0,1,TRUE,2635,2500000,600000,TRUE,TRUE,2017-10-03,3,tt5866074,tvSeries
World of Winx,2016,7+,6.8,46/100,0,0,0,1,TRUE,627,11300000,1000000,TRUE,TRUE,2016-11-04,2,tt5874596,tvSeries
Fearless,2016,"",7.2,45/100,0,1,0,2,FALSE,267,3300000,400000,TRUE,TRUE,2016-08-19,1,tt5883700,tvSeries
Disjointed,2017,18+,6.8,60/100,0,0,0,1,TRUE,9192,15300000,1300000,FALSE,FALSE,2017-08-25,2,tt5884792,tvSeries
Cyborg 009: Call of Justice,2017,"",5.8,41/100,0,0,0,1,TRUE,163,700000,100000,TRUE,TRUE,2017-02-09,1,tt5894272,tvSeries
Kuromukuro,2016,16+,7.2,48/100,0,0,0,1,TRUE,1144,3100000,300000,TRUE,TRUE,2016-04-10,2,tt5895314,tvSeries
Norsemen,2016,18+,7.8,65/100,0,0,0,1,TRUE,15507,11400000,1700000,TRUE,TRUE,2017-08-17,3,tt5905354,tvSeries
GHOUL,2018,18+,7.1,69/100,0,0,0,1,TRUE,12855,2700000,500000,TRUE,TRUE,2018-08-24,1,tt5909930,tvMiniSeries
Kim's Convenience,2016,16+,8.2,73/100,0,0,0,1,TRUE,11104,79500000,11400000,TRUE,FALSE,,5,tt5912064,tvSeries
Skylanders Academy,2016,7+,6.6,45/100,0,0,0,1,TRUE,618,19200000,1500000,TRUE,TRUE,2016-10-28,3,tt5916218,tvSeries
The Spy,2019,18+,7.9,75/100,0,0,0,1,TRUE,35011,11300000,1200000,TRUE,TRUE,2019-09-06,1,tt5952634,tvMiniSeries
The Fix,2018,18+,7.1,45/100,0,0,0,1,TRUE,1617,500000,,TRUE,TRUE,2018-12-14,1,tt5960546,tvSeries
The K2,2016,16+,7.8,57/100,0,0,0,1,TRUE,4200,38400000,900000,FALSE,FALSE,,1,tt5966882,tvSeries
Cheer Squad,2016,7+,7.4,45/100,0,0,0,1,TRUE,147,700000,,FALSE,FALSE,,1,tt5993744,tvSeries
White Gold,2017,18+,7.4,67/100,0,0,0,1,TRUE,9792,4200000,700000,TRUE,TRUE,2017-08-17,2,tt6010920,tvSeries
Bottersnikes & Gumbles,2016,7+,5.2,32/100,0,0,0,1,TRUE,39,1700000,200000,FALSE,FALSE,2016-08-19,2,tt6015820,tvSeries
Bill Nye Saves the World,2017,7+,3.6,47/100,0,0,0,1,TRUE,6674,900000,,TRUE,TRUE,2017-04-21,3,tt6021260,tvSeries
Man to Man,2017,"",7.4,56/100,0,0,0,1,TRUE,1004,17500000,1000000,FALSE,FALSE,,1,tt6032762,tvSeries
Kulipari: An Army of Frogs,2016,7+,7,35/100,0,0,0,1,TRUE,226,1700000,200000,TRUE,TRUE,2016-09-02,1,tt6035850,tvSeries
Crazyhead,2016,16+,7.3,64/100,0,0,0,1,TRUE,4538,1000000,100000,TRUE,TRUE,2016-12-16,1,tt6038584,tvMiniSeries
Black Lightning,2018,16+,6.1,71/100,0,0,0,1,TRUE,22795,62900000,2800000,FALSE,FALSE,2018-01-23,4,tt6045840,tvSeries
Molang,2015,all,8.6,49/100,1,1,0,3,FALSE,244,23700000,2300000,FALSE,FALSE,,4,tt6046238,tvSeries
White Rabbit Project,2016,7+,6.9,50/100,0,0,0,1,TRUE,1562,900000,100000,TRUE,TRUE,2016-12-09,1,tt6048644,tvSeries
Takki,2012,all,7.1,41/100,0,0,0,1,TRUE,98,100000,,TRUE,TRUE,2021-10-28,1,tt6052432,tvMiniSeries
Love O2O,2016,16+,8,42/100,0,0,0,1,TRUE,1852,15700000,400000,TRUE,FALSE,,1,tt6055498,tvSeries
Greenhouse Academy,2017,7+,6.9,59/100,0,0,0,1,TRUE,5177,39400000,4400000,TRUE,TRUE,2017-09-08,4,tt6076336,tvSeries
Sacred Games,2018,18+,8.6,80/100,0,0,0,1,TRUE,79222,12000000,900000,TRUE,TRUE,2018-07-06,2,tt6077448,tvSeries
Chef's Table: France,2016,16+,8.3,51/100,0,0,0,1,TRUE,1620,700000,100000,TRUE,TRUE,2016-09-02,1,tt6088326,tvMiniSeries
Life Sentence,2018,16+,6.6,59/100,0,0,0,1,TRUE,3528,3200000,100000,FALSE,FALSE,,1,tt6088922,tvSeries
Damnation,2017,18+,7.7,65/100,0,0,0,1,TRUE,7289,2800000,100000,TRUE,FALSE,2018-02-01,1,tt6106704,tvSeries
My Only Love Song,2017,18+,6.9,45/100,0,0,0,1,TRUE,543,4200000,200000,TRUE,TRUE,2017-06-08,1,tt6125832,tvSeries
Dynasty,2017,16+,7.3,71/100,0,0,0,1,TRUE,16128,198100000,5900000,TRUE,TRUE,2017-10-12,5,tt6128300,tvSeries
Time: The Kalief Browder Story,2017,16+,8.5,67/100,0,0,0,1,TRUE,2398,1800000,200000,TRUE,TRUE,2017-09-15,1,tt6133034,tvMiniSeries
Unit 42,2017,7+,7,54/100,0,0,0,1,TRUE,1918,8200000,,FALSE,FALSE,2019-06-14,2,tt6136644,tvSeries
Workin' Moms,2017,18+,7.6,70/100,0,0,0,1,TRUE,11272,218300000,12100000,TRUE,FALSE,2019-01-04,7,tt6143796,tvSeries
Midnight Diner: Tokyo Stories,2016,16+,8.4,57/100,0,0,0,1,TRUE,3604,5000000,500000,TRUE,TRUE,2016-10-20,2,tt6150576,tvSeries
Occupied,2015,16+,7.7,62/100,0,0,0,1,TRUE,42,2400000,200000,FALSE,FALSE,,3,tt6152568,short
StoryBots Super Songs,2016,all,8.5,39/100,0,0,0,1,TRUE,147,2900000,700000,FALSE,FALSE,,1,tt6163070,tvSeries
Killer Women with Piers Morgan,2016,"",6.5,49/100,1,0,0,2,FALSE,671,500000,100000,FALSE,FALSE,,2,tt6172806,tvSeries
My Sassy Girl,2017,"",6.9,43/100,0,0,0,1,TRUE,407,9400000,300000,TRUE,FALSE,,1,tt6175760,tvSeries
The Hollow,2018,7+,7.2,63/100,0,0,0,1,TRUE,3608,18900000,2000000,TRUE,TRUE,2018-06-08,2,tt6193336,tvSeries
Voice,2017,16+,7.7,54/100,0,0,0,1,TRUE,1380,4200000,100000,TRUE,TRUE,,1,tt6212854,tvSeries
One More Time,2016,"",6.9,45/100,0,0,0,1,TRUE,504,200000,,FALSE,FALSE,2017-01-26,1,tt6212990,tvMiniSeries
Super Monsters,2017,all,6.5,43/100,0,0,0,1,TRUE,341,31100000,5600000,TRUE,TRUE,2017-10-13,3,tt6214876,tvSeries
Captive,2016,"",6.9,50/100,0,0,0,1,TRUE,600,5500000,200000,TRUE,TRUE,2016-12-09,1,tt6246500,tvSeries
The End of the F***ing World,2017,18+,8.1,85/100,0,0,0,1,TRUE,154424,26600000,4600000,TRUE,TRUE,2018-01-05,2,tt6257970,tvSeries
Sisters,2017,"",7.5,52/100,0,0,0,1,TRUE,1499,1700000,100000,FALSE,FALSE,2018-09-01,1,tt6258050,tvMiniSeries
Be with You,2015,"",7.1,30/100,0,0,0,1,TRUE,15,300000,,FALSE,FALSE,,1,tt6270550,tvSeries
Back to 1989,2016,"",8.4,46/100,0,0,0,1,TRUE,83,500000,,TRUE,TRUE,,1,tt6273088,tvSeries
Seven Seconds,2018,18+,7.7,71/100,0,0,0,1,TRUE,13850,46400000,1900000,TRUE,TRUE,2018-02-23,1,tt6297682,tvMiniSeries
My Secret Romance,2017,16+,7.1,55/100,0,0,0,1,TRUE,2239,8900000,,TRUE,TRUE,,1,tt6300100,tvSeries
Samurai Gourmet,2017,"",8.1,53/100,0,0,0,1,TRUE,1858,900000,100000,TRUE,TRUE,2017-03-16,1,tt6304676,tvMiniSeries
Atypical,2017,16+,8.3,88/100,0,0,0,1,TRUE,64352,66500000,5400000,TRUE,TRUE,2017-08-11,4,tt6315640,tvSeries
Abstract: The Art of Design,2017,16+,8.4,73/100,0,0,0,1,TRUE,4962,2400000,200000,TRUE,TRUE,2017-02-10,2,tt6333098,tvSeries
Hot Girls Wanted: Turned On,2017,18+,6.6,62/100,0,0,0,1,TRUE,2024,1600000,100000,TRUE,TRUE,2017-04-21,1,tt6333104,tvMiniSeries
Little Witch Academia,2017,7+,7.9,60/100,0,0,0,1,TRUE,2536,10200000,1000000,TRUE,FALSE,2017-01-08,2,tt6352180,tvSeries
The Disastrous Life of Saiki K.,2016,16+,8.3,65/100,0,0,0,1,TRUE,4444,51600000,3400000,TRUE,TRUE,,3,tt6354518,tvSeries
Tunnel,2017,16+,8.3,56/100,0,0,0,1,TRUE,2080,2900000,100000,TRUE,TRUE,,1,tt6356086,tvSeries
Inborn Pair,2011,"",6.9,38/100,0,0,0,1,TRUE,76,1800000,,TRUE,TRUE,,1,tt6357282,tvSeries
Hilda,2018,7+,8.6,74/100,0,0,0,1,TRUE,7738,33900000,4600000,TRUE,TRUE,2018-09-21,3,tt6385540,tvSeries
Bad Blood,2017,18+,7.5,68/100,0,0,0,1,TRUE,7937,100000,,FALSE,FALSE,,1,tt6423364,tvSeries
Fate/Apocrypha,2017,18+,6.6,47/100,0,0,0,1,TRUE,1886,6000000,500000,TRUE,TRUE,2017-07-02,2,tt6424454,tvSeries
Stranger,2017,18+,8.6,66/100,0,0,0,1,TRUE,6134,40900000,1000000,TRUE,FALSE,2017-06-13,2,tt6461346,tvSeries
LEGO Friends: The Power of Friendship,2016,7+,6,36/100,0,0,0,1,TRUE,31,1600000,900000,TRUE,TRUE,2016-03-04,2,tt6464612,tvSeries
Somewhere Between,2017,16+,6.3,55/100,0,0,0,1,TRUE,5024,28600000,2600000,FALSE,FALSE,2018-06-29,1,tt6467294,tvSeries
Money Heist,2017,18+,8.3,90/100,0,0,0,1,TRUE,331604,447700000,28300000,TRUE,TRUE,2017-07-01,5,tt6468322,tvSeries
Champions,2018,16+,6.1,57/100,1,0,0,2,FALSE,3287,2000000,300000,FALSE,FALSE,2018-06-11,1,tt6470396,tvSeries
Good Girls,2018,16+,7.8,84/100,1,0,0,2,FALSE,37048,240500000,14200000,TRUE,TRUE,2018-07-03,4,tt6474378,tvSeries
Insatiable,2018,18+,6.5,67/100,0,0,0,1,TRUE,23649,74500000,4000000,TRUE,TRUE,2018-08-10,2,tt6487482,tvSeries
Eternal Love,2017,7+,8.3,54/100,0,0,0,1,TRUE,1868,21200000,300000,TRUE,FALSE,,1,tt6488862,tvSeries
Final Fantasy XIV: Dad of Light,2017,7+,7,51/100,0,0,0,1,TRUE,526,100000,,FALSE,FALSE,,1,tt6497076,tvMiniSeries
Valor,2017,16+,6,57/100,0,0,0,1,TRUE,2925,1800000,100000,FALSE,FALSE,,1,tt6503244,tvSeries
Castlevania,2017,18+,8.3,82/100,0,0,0,1,TRUE,48976,53500000,10000000,TRUE,TRUE,2017-07-07,4,tt6517102,tvSeries
Little Things,2016,18+,8.3,61/100,0,0,0,1,TRUE,4812,4300000,700000,TRUE,TRUE,2018-10-05,4,tt6522580,tvSeries
Big Mouth,2017,18+,7.9,81/100,0,0,0,1,TRUE,60228,193200000,24800000,TRUE,TRUE,2017-09-29,7,tt6524350,tvSeries
The Forest,2017,"",7.2,58/100,0,0,0,1,TRUE,8677,22100000,2400000,TRUE,TRUE,2018-06-29,1,tt6560040,tvMiniSeries
VeggieTales in the City,2017,all,6,42/100,0,0,0,1,TRUE,88,10800000,500000,FALSE,FALSE,2017-02-24,2,tt6562134,tvSeries
Booba,2014,all,7,49/100,0,1,0,2,FALSE,311,130000000,22200000,TRUE,TRUE,,3,tt6581428,tvSeries
Five Came Back,2017,16+,8.3,73/100,0,0,0,1,TRUE,4165,1300000,200000,TRUE,TRUE,2017-03-31,1,tt6587094,tvMiniSeries
Terrace House: Aloha State,2016,"",7.5,49/100,0,0,0,1,TRUE,878,4600000,400000,TRUE,TRUE,2016-10-31,4,tt6588218,tvSeries
Buddy Thunderstruck,2017,7+,7.8,45/100,0,0,0,1,TRUE,456,900000,100000,TRUE,TRUE,2017-03-10,1,tt6591468,tvSeries
Hitler's Circle of Evil,2017,"",8,58/100,0,0,0,1,TRUE,3447,12700000,700000,TRUE,TRUE,,1,tt6600720,tvMiniSeries
Kingdom,2019,18+,8.4,82/100,1,0,0,2,FALSE,32544,31200000,3000000,TRUE,TRUE,2019-01-25,2,tt6611916,tvSeries
Deadwind,2018,18+,7.2,61/100,0,0,0,1,TRUE,7059,33400000,1700000,TRUE,TRUE,2018-08-23,3,tt6616260,tvSeries
Samantha!,2018,7+,6.7,44/100,0,0,0,1,TRUE,474,100000,,TRUE,TRUE,2018-07-06,1,tt6626676,tvSeries
The Rain,2018,18+,6.3,65/100,0,0,0,1,TRUE,32319,76600000,7900000,TRUE,TRUE,2018-05-04,3,tt6656238,tvSeries
Million Yen Women,2017,"",,14/100,0,0,0,1,TRUE,1587,1100000,100000,TRUE,TRUE,2017-04-06,1,tt6686450,tvMiniSeries
El Chapo,2017,18+,7.8,66/100,0,0,0,1,TRUE,15746,199200000,10900000,TRUE,TRUE,2017-06-16,3,tt6692188,tvSeries
The Miracle,2016,"",6.5,38/100,0,0,0,1,TRUE,166,500000,,FALSE,FALSE,,1,tt6703344,tvSeries
Two Fathers,2013,"",,18/100,0,0,0,1,TRUE,39,800000,,FALSE,FALSE,,1,tt6707142,tvSeries
Requiem,2018,18+,6.5,64/100,0,0,0,1,TRUE,5604,7200000,600000,TRUE,TRUE,2018-03-23,1,tt6712390,tvMiniSeries
Spy Kids: Mission Critical,2018,all,4.9,39/100,0,0,0,1,TRUE,278,12200000,1400000,TRUE,TRUE,2018-04-20,2,tt6714408,tvSeries
Collateral,2018,18+,6.8,68/100,0,0,0,1,TRUE,15178,14500000,1700000,TRUE,TRUE,2018-03-09,1,tt6729080,tvMiniSeries
Morocco: Love in Times of War,2017,"",7.6,52/100,0,0,0,1,TRUE,2645,600000,,FALSE,FALSE,,1,tt6740146,tvSeries
The Haunting of Hill House,2018,18+,8.6,82/100,0,0,0,1,TRUE,191583,55200000,3400000,TRUE,TRUE,2018-10-12,1,tt6763664,tvMiniSeries
Inside the Criminal Mind,2018,18+,5.5,45/100,1,0,0,2,FALSE,858,3600000,500000,TRUE,TRUE,2018-08-31,1,tt6775794,tvSeries
Terrorism Close Calls,2018,"",5.2,40/100,0,0,0,1,TRUE,569,7900000,300000,TRUE,TRUE,2018-10-26,1,tt6775816,tvSeries
The New Legends of Monkey,2018,7+,6.5,62/100,0,0,0,1,TRUE,3801,28500000,3200000,TRUE,TRUE,2018-04-27,2,tt6807662,tvSeries
Perfume,2018,18+,7.1,56/100,0,0,0,1,TRUE,7595,8400000,800000,TRUE,TRUE,2018-12-21,1,tt6811236,tvSeries
Jenni Rivera: Mariposa de Barrio,2017,"",7.3,45/100,0,0,0,1,TRUE,201,8700000,,FALSE,FALSE,,1,tt6834120,tvSeries
Dogs of Berlin,2018,16+,7.6,59/100,0,0,0,1,TRUE,11107,9400000,500000,TRUE,TRUE,2018-12-07,1,tt6839788,tvSeries
Sparta,2018,18+,6.6,48/100,0,0,0,1,TRUE,241,100000,,FALSE,FALSE,,1,tt6840106,tvSeries
ReBoot: The Guardian Code,2018,7+,3.8,43/100,0,0,0,1,TRUE,1095,5800000,700000,TRUE,TRUE,2018-03-30,2,tt6849940,tvSeries
The King's Avatar,2017,7+,7.7,57/100,0,0,0,1,TRUE,899,8800000,100000,TRUE,TRUE,,1,tt6859260,tvSeries
All Hail King Julien: Exiled,2017,7+,7.5,45/100,0,0,0,1,TRUE,451,12000000,900000,TRUE,TRUE,2017-05-12,1,tt6865906,tvSeries
Jimmy: The True Story of a True Idiot,2018,all,6.8,31/100,0,0,0,1,TRUE,61,1200000,100000,TRUE,FALSE,2018-07-20,1,tt6866914,tvSeries
The Mechanism,2018,18+,8.4,74/100,0,0,0,1,TRUE,35654,7200000,500000,TRUE,TRUE,2018-03-23,2,tt6873658,tvSeries
American Vandal,2017,16+,8.2,78/100,0,0,0,1,TRUE,27590,3600000,300000,TRUE,TRUE,2017-09-15,2,tt6877772,tvSeries
Tidelands,2018,18+,7,66/100,0,0,0,1,TRUE,6988,18400000,1200000,TRUE,TRUE,2018-12-14,1,tt6898970,tvSeries
Nightflyers,2018,18+,5.9,61/100,0,0,0,1,TRUE,12052,6200000,400000,TRUE,TRUE,2019-02-01,1,tt6903284,tvSeries
The Dark Crystal: Age of Resistance,2019,7+,8.4,77/100,0,0,0,1,TRUE,22156,5500000,300000,TRUE,TRUE,2019-08-30,1,tt6905542,tvSeries
Alexa & Katie,2018,all,7.5,62/100,0,0,0,1,TRUE,3459,106900000,11800000,TRUE,TRUE,2018-03-23,4,tt6916746,tvSeries
Free Rein,2017,all,7.3,53/100,0,0,0,1,TRUE,1736,76300000,8100000,TRUE,TRUE,2017-06-22,3,tt6928052,tvSeries
Miss in Kiss,2016,"",7.6,45/100,0,0,0,1,TRUE,81,400000,,FALSE,FALSE,,1,tt6954524,tvSeries
Larva,2011,all,7.2,39/100,0,0,0,1,TRUE,381,47500000,7200000,TRUE,TRUE,,3,tt6966158,tvSeries
My Runway,2016,7+,6.4,41/100,0,0,0,1,TRUE,211,700000,100000,TRUE,TRUE,,1,tt6968336,tvSeries
Unauthorized Living,2018,18+,7.5,56/100,0,0,0,1,TRUE,3620,94500000,3000000,TRUE,TRUE,2019-02-08,2,tt6970700,tvSeries
Cocaine Coast,2018,18+,7.9,61/100,0,0,0,1,TRUE,3313,3300000,200000,FALSE,FALSE,,1,tt6970710,tvMiniSeries
Kantaro: The Sweet Tooth Salaryman,2017,7+,7.5,55/100,0,0,0,1,TRUE,696,200000,,TRUE,TRUE,2017-07-06,1,tt6983520,tvSeries
Nailed It!,2018,7+,7.4,69/100,0,0,0,1,TRUE,4024,26600000,4200000,TRUE,TRUE,2018-03-09,6,tt6987788,tvSeries
Strongest Deliveryman,2017,"",7.3,44/100,0,0,0,1,TRUE,421,6700000,200000,FALSE,FALSE,,1,tt7022748,tvSeries
Life Plan A and B,2017,7+,7.6,38/100,0,0,0,1,TRUE,90,200000,,FALSE,FALSE,,1,tt7034962,tvMiniSeries
Carmen Sandiego,2019,7+,7.9,61/100,0,0,0,1,TRUE,4621,27700000,3800000,TRUE,TRUE,2019-01-18,4,tt7042146,tvSeries
Osmosis,2019,16+,5.9,60/100,0,0,0,1,TRUE,2677,2300000,200000,TRUE,TRUE,2019-03-29,1,tt7043380,tvSeries
The Rise of Phoenixes,2018,7+,8.6,56/100,0,0,0,1,TRUE,1280,9900000,100000,FALSE,FALSE,2018-09-14,1,tt7052634,tvSeries
The Toys That Made Us,2017,16+,8.1,70/100,0,0,0,1,TRUE,5010,4300000,500000,TRUE,TRUE,2017-12-22,3,tt7053920,tvSeries
Violet Evergarden,2018,16+,8.5,69/100,0,0,0,1,TRUE,14078,8100000,800000,TRUE,TRUE,2018-01-11,1,tt7078180,tvMiniSeries
Everything Sucks!,2018,16+,7.5,72/100,0,0,0,1,TRUE,15774,3300000,300000,TRUE,TRUE,2018-02-16,1,tt7078710,tvSeries
Tales of the City,2019,16+,7.4,60/100,0,0,0,1,TRUE,6722,4300000,300000,TRUE,TRUE,2019-06-07,1,tt7087260,tvMiniSeries
Mr. Sunshine,2018,18+,8.8,67/100,0,0,0,1,TRUE,4918,59800000,800000,TRUE,TRUE,2018-07-07,1,tt7094780,tvSeries
Live Up To Your Name,2017,"",7.9,48/100,0,0,0,1,TRUE,829,22100000,500000,TRUE,TRUE,,1,tt7094874,tvSeries
A Korean Odyssey,2017,"",8.1,59/100,0,0,0,1,TRUE,3486,42700000,700000,TRUE,TRUE,2017-12-29,1,tt7099334,tvSeries
The Standups,2017,"",6.7,55/100,0,0,0,1,TRUE,993,4200000,500000,TRUE,TRUE,2017-07-04,3,tt7107518,tvSeries
Derry Girls,2018,16+,8.4,81/100,0,0,0,1,TRUE,23427,36400000,7200000,TRUE,FALSE,2018-12-21,3,tt7120662,tvSeries
The Dream Job,2016,"",6.1,31/100,0,0,0,1,TRUE,12,100000,,FALSE,FALSE,,1,tt7131688,tvSeries
Yours Fatefully,2012,"",6.6,30/100,0,0,0,1,TRUE,10,200000,,FALSE,FALSE,,1,tt7131690,tvSeries
The Truth Seekers,2016,"",7.1,33/100,0,0,0,1,TRUE,15,100000,,FALSE,FALSE,,1,tt7131694,tvSeries
Kakegurui,2017,16+,7.2,60/100,0,0,0,1,TRUE,5831,2500000,400000,TRUE,TRUE,,2,tt7131720,tvSeries
Elite,2018,18+,7.5,86/100,0,0,0,1,TRUE,53841,345300000,35800000,TRUE,TRUE,2018-10-05,7,tt7134908,tvSeries
When They See Us,2019,18+,8.9,86/100,0,0,0,1,TRUE,99840,18500000,2300000,TRUE,TRUE,2019-05-31,1,tt7137906,tvMiniSeries
The Many Faces of Ito,2017,"",6.4,42/100,0,0,0,1,TRUE,175,200000,,TRUE,TRUE,2017-08-23,1,tt7138120,movie
The Bureau of Magical Things,2018,7+,6.7,65/100,0,0,0,1,TRUE,1001,55900000,3800000,TRUE,FALSE,,2,tt7153034,tvSeries
Fugitiva,2018,18+,5.7,39/100,0,0,0,1,TRUE,566,17700000,900000,TRUE,TRUE,2018-11-23,1,tt7158972,tvSeries
Yummy Mummies,2017,7+,4.1,40/100,0,0,0,1,TRUE,605,400000,,TRUE,FALSE,2019-01-18,2,tt7172230,tvSeries
The Good Cop,2018,16+,7.1,58/100,0,0,0,1,TRUE,5071,16000000,700000,TRUE,TRUE,2018-09-21,1,tt7183074,tvSeries
Ask the Doctor,2017,"",6.6,39/100,0,0,0,1,TRUE,240,1200000,100000,FALSE,FALSE,2018-10-18,1,tt7188736,tvSeries
Luo Bao Bei,2018,all,7.6,34/100,0,0,0,1,TRUE,25,2900000,100000,FALSE,FALSE,,1,tt7192414,tvSeries
Suburra: Blood on Rome,2017,18+,7.9,62/100,0,0,0,1,TRUE,12673,33500000,2900000,TRUE,TRUE,2017-10-06,3,tt7197684,tvSeries
A Little Help with Carol Burnett,2018,"",6.2,43/100,0,0,0,1,TRUE,211,500000,,TRUE,TRUE,2018-05-04,1,tt7204366,tvSeries
Lost Song,2018,16+,7.2,45/100,0,0,0,1,TRUE,318,1200000,100000,TRUE,FALSE,2018-03-31,1,tt7211600,tvSeries
Robot Trains,2017,all,6.2,40/100,0,1,0,2,FALSE,64,6400000,,FALSE,FALSE,,2,tt7216288,tvSeries
AMO,2018,18+,6.5,47/100,0,0,0,1,TRUE,375,700000,100000,TRUE,TRUE,2018-04-09,1,tt7218736,tvMiniSeries
Cobra Kai,2018,16+,8.6,89/100,0,0,0,1,TRUE,119657,337700000,29200000,TRUE,TRUE,2020-08-28,5,tt7221388,tvSeries
Zumbo's Just Desserts,2016,7+,6.9,52/100,0,0,0,1,TRUE,1904,7000000,300000,FALSE,FALSE,2020-01-10,1,tt7239256,tvSeries
The Kominsky Method,2018,18+,8.2,82/100,0,0,0,1,TRUE,30079,15600000,2400000,TRUE,TRUE,2018-11-16,3,tt7255502,tvSeries
Queer Eye,2018,16+,8.5,78/100,0,0,0,1,TRUE,15831,80100000,2600000,TRUE,TRUE,2018-02-07,7,tt7259746,tvSeries
Undercover,2019,18+,7.8,64/100,0,1,0,2,FALSE,12255,60800000,4900000,TRUE,TRUE,2019-05-03,3,tt7263154,tvSeries
Sunny Bunnies,2015,all,6.8,42/100,0,0,0,1,TRUE,68,18900000,5400000,TRUE,TRUE,,2,tt7264084,tvSeries
Because This Is My First Life,2017,16+,8.1,55/100,0,0,0,1,TRUE,3009,34400000,1000000,TRUE,TRUE,,1,tt7278588,tvSeries
Fire Chasers,2017,"",6.6,37/100,0,0,0,1,TRUE,324,900000,100000,TRUE,TRUE,2017-09-08,1,tt7293754,tvMiniSeries
Black,2017,16+,8,63/100,0,0,0,1,TRUE,2997,1200000,,FALSE,FALSE,2017-10-25,1,tt7298976,tvSeries
Chosen,2018,"",5.5,39/100,0,1,0,2,FALSE,114,4200000,300000,TRUE,TRUE,2022-01-27,1,tt7317178,tvSeries
The Letdown,2017,"",7.5,63/100,0,0,0,1,TRUE,2837,5300000,700000,TRUE,TRUE,2018-04-21,2,tt7320300,tvSeries
The Eddy,2020,18+,7.2,60/100,0,0,0,1,TRUE,2570,200000,,TRUE,TRUE,2020-05-08,1,tt7322210,tvMiniSeries
YOU,2018,18+,7.7,85/100,0,0,0,1,TRUE,153777,868100000,12700000,TRUE,TRUE,2018-12-26,4,tt7335184,tvSeries
Revolutionary Love,2017,7+,7.1,42/100,0,0,0,1,TRUE,508,7800000,,TRUE,TRUE,,1,tt7340800,tvSeries
Neo Yokio,2017,18+,5.9,52/100,0,0,0,1,TRUE,3115,100000,,TRUE,TRUE,2017-09-22,1,tt7343832,tvMiniSeries
The Confession Tapes,2017,16+,7.5,65/100,0,0,0,1,TRUE,4949,7100000,600000,TRUE,TRUE,2017-09-08,2,tt7349602,tvSeries
Black Crows,2018,18+,5.6,40/100,0,0,0,1,TRUE,229,800000,,TRUE,TRUE,,1,tt7356518,tvSeries
1983,2018,18+,6.8,67/100,0,0,0,1,TRUE,3809,3100000,200000,TRUE,TRUE,2018-11-30,1,tt7371666,tvSeries
Pine Gap,2018,16+,7.2,62/100,0,0,0,1,TRUE,4012,15600000,900000,FALSE,FALSE,2018-12-07,1,tt7371868,tvMiniSeries
Traitors,2019,18+,6.6,61/100,0,0,0,1,TRUE,2446,4800000,500000,TRUE,TRUE,2019-03-29,1,tt7371896,tvSeries
All American,2018,16+,7.7,79/100,0,0,0,1,TRUE,6863,224500000,5500000,FALSE,FALSE,,5,tt7414406,tvSeries
Diablero,2018,16+,6.7,53/100,0,0,0,1,TRUE,2276,8200000,700000,TRUE,TRUE,2018-12-21,2,tt7414954,tvSeries
Ratched,2020,18+,7.3,72/100,0,0,0,1,TRUE,43389,21500000,1600000,TRUE,TRUE,2020-09-18,1,tt7423538,tvSeries
My Dead Ex,2018,"",7.2,47/100,0,0,0,1,TRUE,347,200000,,FALSE,FALSE,,1,tt7428106,tvSeries
Medal of Honor,2018,16+,8.4,55/100,0,1,0,2,FALSE,1473,3700000,300000,TRUE,TRUE,2018-11-09,1,tt7440274,tvSeries
Jack Whitehall: Travels with My Father,2017,18+,7.7,57/100,0,0,0,1,TRUE,4159,8300000,1500000,TRUE,TRUE,2017-09-22,5,tt7453996,tvSeries
Children of the Whales,2017,16+,7.1,52/100,0,0,0,1,TRUE,1367,1700000,100000,TRUE,TRUE,2017-10-07,1,tt7484994,tvMiniSeries
The Who Was? Show,2018,"",6.8,42/100,0,0,0,1,TRUE,547,6900000,600000,TRUE,TRUE,2018-05-11,1,tt7488702,tvSeries
Welcome to the Family,2018,16+,6.7,41/100,0,0,0,1,TRUE,378,4700000,300000,TRUE,TRUE,2018-07-27,1,tt7490342,tvSeries
Kibaoh Klashers,2017,7+,6.3,27/100,0,0,0,1,TRUE,13,3800000,300000,TRUE,TRUE,,2,tt7492122,tvSeries
Bodyguard,2018,18+,8.1,83/100,0,0,0,1,TRUE,100802,92100000,6600000,TRUE,TRUE,2018-10-24,1,tt7493974,tvMiniSeries
Ainori Love Wagon: Asian Journey,2017,"",6.9,40/100,0,0,0,1,TRUE,236,3600000,200000,TRUE,FALSE,2017-10-26,2,tt7510930,tvSeries
Ultraviolet,2017,18+,7,55/100,1,0,0,2,FALSE,1408,500000,,TRUE,TRUE,2019-12-19,1,tt7514746,tvSeries
The Big Family Cooking Showdown,2017,7+,7,45/100,0,0,0,1,TRUE,578,8500000,300000,TRUE,TRUE,2017-11-03,2,tt7518558,tvSeries
Russian Doll,2019,18+,7.9,82/100,0,0,0,1,TRUE,70851,14100000,1500000,TRUE,TRUE,2019-02-01,2,tt7520794,tvSeries
Trolls: The Beat Goes On!,2018,all,5.9,48/100,0,0,0,1,TRUE,698,63000000,11800000,TRUE,TRUE,2018-01-19,8,tt7539608,tvSeries
Chilling Adventures of Sabrina,2018,16+,7.5,80/100,0,0,0,1,TRUE,81283,123600000,7000000,TRUE,TRUE,2018-10-26,4,tt7569592,tvSeries
Creeped Out,2017,7+,6.6,53/100,0,0,0,1,TRUE,1507,23600000,2400000,TRUE,TRUE,2018-10-04,2,tt7573024,tvSeries
"Roswell, New Mexico",2019,16+,6.2,70/100,0,0,0,1,TRUE,9419,24100000,1400000,FALSE,FALSE,,4,tt7588054,tvSeries
Trump: An American Dream,2017,"",7.2,51/100,0,0,0,1,TRUE,3742,5700000,800000,TRUE,TRUE,2018-03-30,1,tt7596008,tvMiniSeries
The Twelve,2019,16+,7.5,57/100,0,0,0,1,TRUE,4239,9100000,500000,FALSE,FALSE,2020-04-17,1,tt7605396,tvSeries
Wanderlust,2018,16+,7.1,60/100,0,0,0,1,TRUE,4713,6500000,700000,TRUE,TRUE,2018-10-19,1,tt7608238,tvSeries
The Final Table,2018,all,7.7,59/100,0,0,0,1,TRUE,3485,13600000,700000,TRUE,TRUE,2018-11-20,1,tt7619858,tvSeries
Prison Playbook,2017,"",8.4,57/100,0,0,0,1,TRUE,1996,28200000,500000,TRUE,TRUE,2017-12-01,1,tt7622902,tvSeries
Man Like Mobeen,2017,18+,8,53/100,0,0,0,1,TRUE,1885,2400000,600000,FALSE,FALSE,,3,tt7639280,tvSeries
Shot in the Dark,2017,18+,8.3,51/100,0,0,0,1,TRUE,1617,4400000,300000,TRUE,TRUE,2017-11-17,1,tt7644680,tvSeries
Baby,2018,18+,6.8,65/100,0,0,0,1,TRUE,9073,22900000,2700000,TRUE,TRUE,2018-11-30,3,tt7645192,tvSeries
Black Earth Rising,2018,16+,7.5,64/100,0,0,0,1,TRUE,4204,4200000,300000,TRUE,TRUE,2019-01-25,1,tt7660730,tvSeries
All About the Washingtons,2018,all,4.5,45/100,0,0,0,1,TRUE,626,3400000,400000,TRUE,TRUE,2018-08-10,1,tt7661368,tvSeries
Barbie Dreamhouse Adventures,2018,all,6.8,43/100,0,0,0,1,TRUE,393,76500000,11800000,TRUE,FALSE,,3,tt7661472,tvSeries
The Protector,2018,18+,6.7,61/100,0,0,0,1,TRUE,32645,83000000,6800000,TRUE,TRUE,2018-12-14,4,tt7668518,tvSeries
Messiah,2020,18+,7.6,70/100,0,0,0,1,TRUE,39272,33900000,1400000,TRUE,TRUE,2020-01-01,1,tt7671598,tvSeries
Ponysitters Club,2018,all,7.1,33/100,0,0,0,1,TRUE,94,6000000,800000,FALSE,FALSE,2018-08-10,2,tt7692572,tvSeries
Glitch Techs,2020,all,7.9,52/100,0,0,0,1,TRUE,773,21000000,2300000,TRUE,TRUE,2020-02-21,2,tt7697062,tvSeries
Mob Psycho 100,2018,all,5.2,40/100,0,0,0,1,TRUE,442,3900000,300000,TRUE,FALSE,2018-01-11,3,tt7701694,tvSeries
Bonding,2019,18+,7.2,70/100,0,0,0,1,TRUE,14110,5100000,1100000,TRUE,TRUE,2019-04-24,2,tt7718088,tvSeries
3Below: Tales of Arcadia,2018,7+,7.7,69/100,0,0,0,1,TRUE,4727,24700000,1900000,TRUE,TRUE,2018-12-21,2,tt7736544,tvSeries
The Boss Baby: Back in Business,2018,7+,6.5,65/100,0,0,0,1,TRUE,2664,130800000,11800000,TRUE,TRUE,2018-04-06,4,tt7741824,tvSeries
The Epic Tales of Captain Underpants,2018,7+,6.7,47/100,0,0,0,1,TRUE,682,68400000,6700000,TRUE,TRUE,2018-07-13,3,tt7741830,tvSeries
She-Ra and the Princesses of Power,2018,all,7.9,75/100,0,0,0,1,TRUE,11270,29900000,3000000,TRUE,TRUE,2018-11-13,5,tt7745956,tvSeries
Somebody Feed Phil,2018,16+,8.2,61/100,0,0,0,1,TRUE,3795,24300000,1900000,TRUE,TRUE,2018-01-12,6,tt7752034,tvSeries
Rotten,2018,18+,7.2,63/100,0,0,0,1,TRUE,3263,7400000,600000,TRUE,TRUE,2018-01-05,2,tt7763662,tvSeries
Sex Education,2019,18+,8.3,84/100,0,0,0,1,TRUE,171410,658700000,75600000,TRUE,TRUE,2019-01-11,4,tt7767422,tvSeries
Wild Wild Country,2018,16+,8.1,77/100,0,0,0,1,TRUE,26190,8800000,600000,TRUE,TRUE,2018-03-16,1,tt7768848,tvMiniSeries
Terrace House: Opening New Doors,2017,"",7.8,49/100,0,0,0,1,TRUE,847,8900000,700000,TRUE,FALSE,2017-12-18,6,tt7776244,tvSeries
Women of the Night,2019,18+,6.2,48/100,0,0,0,1,TRUE,724,10300000,700000,TRUE,TRUE,,1,tt7785420,tvSeries
The World's Most Extraordinary Homes,2017,"",7.6,56/100,0,0,0,1,TRUE,3052,100000,,FALSE,FALSE,,1,tt7804132,tvSeries
Raising Dion,2019,7+,7.2,71/100,0,0,0,1,TRUE,9363,71100000,4600000,TRUE,TRUE,2019-10-04,2,tt7826108,tvSeries
My Next Guest Needs No Introduction With David Letterman,2018,18+,7.9,59/100,0,0,0,1,TRUE,4877,6400000,500000,TRUE,TRUE,2018-01-12,4,tt7829834,tvSeries
On My Block,2018,16+,8,75/100,0,0,0,1,TRUE,11669,86900000,8000000,TRUE,TRUE,2018-03-16,4,tt7879820,tvSeries
Dirty Money,2018,16+,8.1,74/100,0,0,0,1,TRUE,8220,7300000,500000,TRUE,TRUE,2018-01-26,2,tt7889220,tvSeries
Record of Grancrest War,2018,18+,7.2,53/100,0,0,0,1,TRUE,641,400000,,FALSE,FALSE,,1,tt7897050,tvSeries
Safe,2018,18+,7.3,73/100,1,0,0,2,FALSE,34272,33000000,2800000,TRUE,TRUE,2018-05-10,1,tt7902072,tvMiniSeries
Ugly Delicious,2018,18+,7.8,63/100,0,0,0,1,TRUE,3212,2200000,200000,TRUE,TRUE,2018-02-23,2,tt7907916,tvSeries
72 Dangerous Animals: Latin America,2017,16+,6.6,47/100,0,0,0,1,TRUE,463,19100000,800000,TRUE,TRUE,2017-12-22,1,tt7909708,tvMiniSeries
Unbelievable,2019,18+,8.4,84/100,0,0,0,1,TRUE,79373,55400000,4400000,TRUE,TRUE,2019-09-13,1,tt7909970,tvMiniSeries
My Mister,2018,"",9.1,66/100,0,0,0,1,TRUE,3663,28300000,500000,TRUE,TRUE,,1,tt7923710,tvSeries
Drug Lords,2018,18+,6.8,50/100,0,0,0,1,TRUE,1117,13400000,2100000,TRUE,TRUE,2018-01-19,2,tt7935522,tvSeries
Paul Hollywood's Big Continental Road Trip,2017,"",,13/100,0,0,0,1,TRUE,184,700000,100000,TRUE,TRUE,2017-09-29,1,tt7936386,tvSeries
Twice Upon a Time,2019,"",6.2,44/100,0,0,0,1,TRUE,750,1000000,200000,TRUE,TRUE,2019-12-19,1,tt7943036,tvMiniSeries
B: The Beginning,2018,18+,7.2,61/100,0,0,0,1,TRUE,4168,5300000,400000,TRUE,TRUE,2018-03-02,1,tt7944664,tvSeries
Nicky Jam: El Ganador,2018,"",7.8,54/100,0,0,0,1,TRUE,998,10600000,500000,TRUE,TRUE,2018-11-30,1,tt7949200,tvSeries
Chambers,2019,16+,6.5,58/100,0,0,0,1,TRUE,7652,15100000,1000000,TRUE,TRUE,2019-04-26,1,tt7949204,tvSeries
The Last Czars,2019,"",7.3,54/100,0,0,0,1,TRUE,6784,8600000,900000,TRUE,TRUE,2019-07-03,1,tt7949606,tvMiniSeries
Edha,2018,18+,4.8,36/100,0,0,0,1,TRUE,588,3000000,300000,TRUE,TRUE,2018-03-16,1,tt7956274,tvMiniSeries
Cleo & Cuquin,2018,7+,8,40/100,0,0,0,1,TRUE,78,45000000,3200000,TRUE,FALSE,,2,tt7956374,tvSeries
MEGALOBOX,2018,16+,7.8,59/100,1,0,0,2,FALSE,2490,200000,,FALSE,FALSE,,1,tt7965802,tvSeries
Rainbow Rangers,2018,all,5.4,44/100,0,0,0,1,TRUE,135,15900000,600000,FALSE,FALSE,,2,tt7967882,tvSeries
The Politician,2019,16+,7.5,71/100,0,0,0,1,TRUE,19214,5600000,400000,TRUE,TRUE,2019-09-27,2,tt7971476,tvSeries
Live,2018,16+,8.4,52/100,0,0,0,1,TRUE,947,3100000,,FALSE,FALSE,2018-03-16,1,tt7976532,tvSeries
Numberblocks,2017,all,8.1,45/100,0,0,0,1,TRUE,120,48800000,13400000,FALSE,FALSE,,6,tt7978538,tvSeries
Sword Art Online Alternative: Gun Gale Online,2018,16+,6.9,52/100,1,0,0,2,FALSE,1779,800000,100000,FALSE,FALSE,,1,tt7978710,tvSeries
Rapture,2018,18+,7.2,51/100,0,0,0,1,TRUE,497,200000,,TRUE,TRUE,2018-03-30,1,tt7981052,tvMiniSeries
The Serpent,2021,"",7.6,69/100,0,0,0,1,TRUE,30398,19000000,1300000,TRUE,TRUE,2021-04-02,1,tt7985576,tvMiniSeries
Always a Witch,2019,16+,6.2,55/100,0,0,0,1,TRUE,2140,18800000,1400000,TRUE,TRUE,2019-02-01,2,tt8001250,tvSeries
Prince of Peoria,2018,all,5.9,45/100,0,0,0,1,TRUE,363,8600000,1200000,TRUE,TRUE,2018-11-16,2,tt8001718,tvSeries
Girls from Ipanema,2019,16+,7.9,59/100,0,0,0,1,TRUE,3001,2700000,200000,TRUE,TRUE,2019-03-22,2,tt8001788,tvSeries
Flint Town,2018,18+,7.9,64/100,0,0,0,1,TRUE,3337,5400000,300000,TRUE,TRUE,2018-03-02,1,tt8004578,tvSeries
Selection Day,2018,16+,7.4,55/100,0,0,0,1,TRUE,1955,1400000,100000,TRUE,TRUE,2018-12-28,1,tt8004628,tvSeries
Explained,2018,16+,8,70/100,0,0,0,1,TRUE,7243,10100000,700000,TRUE,TRUE,2018-05-23,3,tt8005374,tvSeries
Huge in France,2019,16+,6.8,53/100,0,0,0,1,TRUE,2446,900000,100000,TRUE,TRUE,2019-04-12,1,tt8009602,tvSeries
Twelve Forever,2019,7+,6.7,44/100,0,0,0,1,TRUE,492,6400000,500000,TRUE,TRUE,2019-07-29,1,tt8009622,tvSeries
Pablo,2017,"",7.6,37/100,0,0,0,1,TRUE,40,300000,,FALSE,FALSE,,1,tt8016478,tvSeries
Aggretsuko,2018,16+,8.1,69/100,0,0,0,1,TRUE,5082,15800000,1300000,TRUE,FALSE,2018-04-20,5,tt8019444,tvSeries
The Innocents,2018,"",6.3,63/100,0,0,0,1,TRUE,5351,4500000,400000,TRUE,TRUE,2018-08-24,1,tt8021824,tvSeries
Power Rangers Beast Morphers,2019,7+,6.8,45/100,0,0,0,1,TRUE,439,24300000,1300000,FALSE,FALSE,,2,tt8022978,tvSeries
Tijuana,2019,16+,7.1,39/100,0,0,0,1,TRUE,289,1400000,100000,TRUE,TRUE,2019-04-05,1,tt8027624,tvSeries
The Alcàsser Murders,2019,18+,7.1,50/100,0,0,0,1,TRUE,1749,2800000,300000,TRUE,TRUE,2019-06-14,1,tt8033244,tvMiniSeries
Tuca & Bertie,2019,18+,7.4,72/100,0,0,0,1,TRUE,5358,1900000,200000,TRUE,TRUE,2019-05-03,1,tt8036272,tvSeries
Immortals,2018,7+,5.3,55/100,0,0,0,1,TRUE,2672,4400000,300000,FALSE,FALSE,2019-03-08,1,tt8063174,tvSeries
Dead to Me,2019,18+,8,82/100,0,0,0,1,TRUE,60069,110000000,7100000,TRUE,TRUE,2019-05-03,3,tt8064302,tvSeries
Bard of Blood,2019,18+,6.9,63/100,0,0,0,1,TRUE,9245,6000000,700000,TRUE,TRUE,2019-09-27,1,tt8069036,tvSeries
Something in the Rain,2018,7+,8.1,57/100,0,0,0,1,TRUE,4153,30400000,700000,TRUE,TRUE,2018-04-13,1,tt8078816,tvSeries
Legacies,2018,16+,7.4,74/100,0,0,0,1,TRUE,21526,51700000,2200000,FALSE,FALSE,,4,tt8103070,tvSeries
Wild District,2018,18+,8.3,56/100,0,0,0,1,TRUE,1690,14900000,900000,FALSE,FALSE,2018-10-19,2,tt8105958,tvMiniSeries
Carole & Tuesday,2019,7+,7.9,66/100,0,0,0,1,TRUE,1646,1800000,200000,TRUE,FALSE,2019-04-09,2,tt8107988,tvSeries
Tidying Up with Marie Kondo,2019,7+,6.6,61/100,0,0,0,1,TRUE,3142,3900000,300000,TRUE,TRUE,2019-01-01,1,tt8115560,tvSeries
Chico Bon Bon: Monkey with a Tool Belt,2020,all,6.3,39/100,0,0,0,1,TRUE,98,19100000,4400000,TRUE,TRUE,2020-05-08,4,tt8115688,tvSeries
Go! Go! Cory Carson,2020,all,8.1,43/100,0,0,0,1,TRUE,170,48000000,14800000,TRUE,TRUE,2020-01-04,6,tt8115702,tvSeries
Norm Macdonald Has a Show,2018,"",8.7,61/100,0,0,0,1,TRUE,2968,800000,100000,TRUE,TRUE,2018-09-14,1,tt8139862,tvSeries
Baby Ballroom,2017,"",7.8,39/100,0,0,0,1,TRUE,162,1200000,,TRUE,TRUE,2018-01-31,2,tt8159960,tvSeries
Hymn of Death,2018,18+,7.5,50/100,0,0,0,1,TRUE,780,1900000,400000,FALSE,FALSE,2018-11-27,1,tt8160064,tvMiniSeries
Lunatics,2019,18+,6.6,49/100,0,0,0,1,TRUE,2842,2500000,200000,TRUE,TRUE,2019-04-19,1,tt8164794,tvMiniSeries
Sintonia,2019,18+,6.8,47/100,0,0,0,1,TRUE,819,129000000,19900000,TRUE,TRUE,2019-08-09,4,tt8165086,tvSeries
The Chalet,2018,18+,7,67/100,0,0,0,1,TRUE,6215,300000,100000,FALSE,FALSE,2018-04-17,1,tt8168678,tvSeries
Empire Games,2018,7+,5.7,38/100,0,0,0,1,TRUE,265,3100000,200000,FALSE,FALSE,2018-10-05,1,tt8171234,tvSeries
Fate: The Winx Saga,2021,18+,6.9,70/100,0,0,0,1,TRUE,29210,93700000,6900000,TRUE,TRUE,2021-01-22,2,tt8179402,tvSeries
November 13: Attack on Paris,2018,18+,8.3,63/100,0,0,0,1,TRUE,2511,2800000,400000,TRUE,TRUE,2018-06-01,1,tt8194716,tvMiniSeries
100 Days My Prince,2018,16+,7.7,55/100,0,0,0,1,TRUE,1240,21800000,500000,FALSE,FALSE,,1,tt8199972,tvSeries
Diagnosis,2019,18+,7.7,60/100,0,0,0,1,TRUE,940,6600000,500000,TRUE,TRUE,2019-08-16,1,tt8201618,tvMiniSeries
Cursed,2020,18+,5.9,67/100,0,0,0,1,TRUE,25201,41500000,2100000,TRUE,TRUE,2020-07-17,1,tt8210856,tvSeries
When Heroes Fly,2018,7+,7.2,55/100,0,0,0,1,TRUE,2595,8900000,500000,TRUE,TRUE,2019-01-10,1,tt8220344,tvSeries
Paradise PD,2018,18+,6.9,60/100,0,0,0,1,TRUE,15391,65600000,5900000,TRUE,TRUE,2018-08-31,4,tt8235236,tvSeries
Memories of the Alhambra,2018,16+,7.8,60/100,0,0,0,1,TRUE,4176,10400000,300000,TRUE,TRUE,2018-12-01,1,tt8236556,tvSeries
Life,2018,"",7.6,46/100,0,0,0,1,TRUE,496,7100000,100000,FALSE,FALSE,2018-08-04,1,tt8243158,tvSeries
Better Than Us,2018,"",7.4,72/100,0,0,0,1,TRUE,7274,46400000,1400000,TRUE,TRUE,2019-08-16,1,tt8285216,tvSeries
Formula 1: Drive to Survive,2019,16+,8.6,74/100,0,0,0,1,TRUE,25100,175400000,6200000,TRUE,TRUE,2019-03-08,5,tt8289930,tvSeries
The Order,2019,18+,6.8,74/100,0,0,0,1,TRUE,22846,65100000,4000000,TRUE,TRUE,2019-03-07,2,tt8295472,tvSeries
Fastest Car,2018,"",7.2,48/100,0,0,0,1,TRUE,1172,6900000,500000,TRUE,TRUE,2018-04-06,2,tt8295694,tvSeries
I Am a Killer,2018,18+,7.4,58/100,0,0,0,1,TRUE,3429,60600000,3300000,TRUE,FALSE,2018-08-03,4,tt8300324,tvSeries
Turn Up Charlie,2019,"",7.1,57/100,0,0,0,1,TRUE,6636,7500000,800000,TRUE,TRUE,2019-03-15,1,tt8304498,tvSeries
Fast & Furious Spy Racers,2019,7+,5.5,62/100,0,0,0,1,TRUE,1073,6000000,800000,TRUE,TRUE,2019-12-26,1,tt8322592,tvSeries
Busted!,2018,16+,7.7,53/100,0,0,0,1,TRUE,721,8300000,300000,TRUE,TRUE,2018-05-04,3,tt8328460,tvSeries
The Casketeers,2018,16+,7.5,41/100,0,0,0,1,TRUE,399,100000,,FALSE,FALSE,2019-06-21,1,tt8365054,tvSeries
Interior Design Masters,2019,"",6.5,49/100,0,0,0,1,TRUE,1102,6000000,500000,TRUE,FALSE,2019-10-18,2,tt8367694,tvSeries
Another Life,2019,18+,5,60/100,0,0,0,1,TRUE,25559,33200000,2000000,TRUE,TRUE,2019-07-25,2,tt8369840,tvSeries
Surviving R. Kelly,2019,18+,7.5,64/100,0,0,0,1,TRUE,4242,2600000,100000,FALSE,FALSE,,1,tt8385496,tvSeries
The House of Flowers,2018,18+,7.6,61/100,0,0,0,1,TRUE,6984,15600000,1200000,TRUE,TRUE,2018-08-10,3,tt8387348,tvSeries
After Life,2019,18+,8.4,81/100,0,0,0,1,TRUE,90221,34200000,4600000,TRUE,TRUE,2019-03-08,3,tt8398600,tvSeries
Mr. Iglesias,2019,16+,7.1,59/100,0,0,0,1,TRUE,5822,24600000,2800000,TRUE,TRUE,2019-06-21,3,tt8403536,tvSeries
Mortel,2019,18+,6.6,60/100,0,0,0,1,TRUE,906,4600000,400000,TRUE,TRUE,2019-11-21,2,tt8403570,tvSeries
Luna Nera,2020,18+,5.6,52/100,0,0,0,1,TRUE,2447,11300000,1100000,TRUE,TRUE,2020-01-31,1,tt8403622,tvSeries
The English Game,2020,"",7.6,58/100,0,0,0,1,TRUE,12508,9500000,1100000,TRUE,TRUE,2020-03-20,1,tt8403664,tvMiniSeries
AJ and the Queen,2020,"",7.5,61/100,0,0,0,1,TRUE,6931,18800000,800000,TRUE,TRUE,2020-01-10,1,tt8404094,tvSeries
Ares,2020,18+,5.6,52/100,0,0,0,1,TRUE,3901,2200000,300000,TRUE,TRUE,2020-01-17,1,tt8404520,tvSeries
The Last Dance,2020,16+,9.1,86/100,0,0,0,1,TRUE,90090,46600000,2000000,FALSE,FALSE,2020-04-20,1,tt8420184,tvMiniSeries
Manifest,2018,16+,7.2,81/100,1,0,0,2,FALSE,25640,891600000,26000000,TRUE,FALSE,2021-06-10,4,tt8421350,tvSeries
Cabins in the Wild with Dick Strawbridge,2017,7+,6.8,38/100,0,0,0,1,TRUE,229,100000,,FALSE,FALSE,,1,tt8422396,tvMiniSeries
Magic for Humans,2018,16+,7.2,56/100,0,0,0,1,TRUE,3053,10400000,1500000,TRUE,TRUE,2018-08-17,3,tt8425308,tvSeries
A Love So Beautiful,2017,"",8.1,53/100,0,0,0,1,TRUE,1113,41400000,2000000,TRUE,TRUE,2020-12-28,1,tt8434720,tvSeries
The Inmate,2018,"",7,54/100,0,0,0,1,TRUE,2263,44400000,1900000,FALSE,FALSE,2018-12-07,1,tt8452308,tvSeries
Robozuna,2018,7+,6.3,30/100,0,0,0,1,TRUE,72,4000000,500000,TRUE,TRUE,2018-10-25,2,tt8454808,tvSeries
Northern Rescue,2019,16+,7.1,57/100,0,0,0,1,TRUE,3656,24500000,1600000,TRUE,TRUE,2019-03-01,1,tt8462412,tvSeries
Drug Squad: Costa del Sol,2019,"",6.8,43/100,0,0,0,1,TRUE,465,4000000,100000,FALSE,FALSE,2019-10-25,1,tt8476166,tvSeries
Rea(l)ove,2018,"",6.7,40/100,0,0,0,1,TRUE,146,1400000,100000,FALSE,FALSE,,1,tt8477194,tvSeries
Familiar Wife,2018,"",7.6,48/100,0,0,0,1,TRUE,623,13000000,200000,TRUE,TRUE,,1,tt8487786,tvSeries
Million Pound Menu,2018,"",6.7,53/100,0,0,0,1,TRUE,485,8900000,600000,TRUE,TRUE,2018-08-10,2,tt8488494,tvSeries
Victim Number 8,2018,"",7,47/100,0,0,0,1,TRUE,1699,10700000,800000,FALSE,FALSE,2019-08-16,1,tt8500086,tvSeries
On Children,2018,"",7.5,43/100,0,0,0,1,TRUE,330,200000,,FALSE,FALSE,2018-07-07,1,tt8507402,tvMiniSeries
Dolly Parton's Heartstrings,2019,16+,7.6,57/100,0,0,0,1,TRUE,1869,3800000,200000,TRUE,TRUE,2019-11-22,1,tt8509922,tvSeries
If I Hadn't Met You,2018,"",7.7,51/100,0,0,0,1,TRUE,1861,6400000,300000,TRUE,TRUE,2019-03-15,1,tt8517780,tvSeries
Vagabond,2019,"",8.3,62/100,0,0,0,1,TRUE,4929,41200000,1200000,TRUE,TRUE,2019-09-20,1,tt8523042,tvSeries
"Crazy, Lovely, Cool",2018,"",7.8,33/100,0,0,0,1,TRUE,22,300000,,FALSE,FALSE,,1,tt8528314,tvSeries
Cricket Fever: Mumbai Indians,2019,"",7.3,44/100,0,0,0,1,TRUE,629,200000,,TRUE,TRUE,2019-03-01,1,tt8531592,tvMiniSeries
Ad Vitam,2018,7+,6.5,50/100,0,0,0,1,TRUE,1373,100000,,FALSE,FALSE,,1,tt8548830,tvSeries
Follow This,2018,18+,4.9,42/100,0,0,0,1,TRUE,661,300000,,TRUE,TRUE,2018-08-23,3,tt8560884,tvSeries
The Queen of Flow,2018,18+,7.8,53/100,0,0,0,1,TRUE,666,241100000,1800000,FALSE,FALSE,2018-11-09,2,tt8560918,tvSeries
Sirius the Jaeger,2018,16+,6.8,54/100,0,0,0,1,TRUE,1493,4900000,500000,TRUE,FALSE,2018-07-19,1,tt8565136,tvSeries
Hache,2019,18+,6.5,49/100,0,0,0,1,TRUE,1308,8800000,800000,TRUE,TRUE,2019-11-01,2,tt8575476,tvSeries
Treehouse Detectives,2018,"",7.1,31/100,0,0,0,1,TRUE,50,4700000,500000,TRUE,TRUE,2018-06-08,2,tt8591984,tvSeries
Falsa Identidad,2018,16+,7.1,54/100,0,0,0,1,TRUE,236,24100000,,FALSE,FALSE,,2,tt8598690,tvSeries
13 Reasons Why: Beyond the Reasons,2017,18+,6.4,42/100,0,0,0,1,TRUE,253,400000,500000,TRUE,TRUE,2017-03-31,2,tt8615966,tvSeries
Love and Fortune,2018,"",7,46/100,0,0,0,1,TRUE,435,1500000,100000,TRUE,TRUE,,1,tt8649316,tvSeries
Wu Assassins,2019,18+,6.5,67/100,0,0,0,1,TRUE,10374,28700000,1800000,TRUE,TRUE,2019-08-08,1,tt8652642,tvSeries
Monarca,2019,18+,7.9,56/100,0,0,0,1,TRUE,2705,24500000,1800000,TRUE,TRUE,2019-09-13,2,tt8655736,tvSeries
Freud,2020,18+,6.5,54/100,0,0,0,1,TRUE,10399,13900000,1000000,FALSE,FALSE,2020-03-23,1,tt8667956,tvSeries
Polly Pocket,2018,7+,6.8,45/100,0,0,0,1,TRUE,77,21500000,1400000,FALSE,FALSE,,2,tt8673042,tvSeries
Sugar Rush,2018,7+,7,51/100,0,0,0,1,TRUE,1265,9400000,700000,TRUE,TRUE,2018-07-13,2,tt8680560,tvSeries
The Unsettling,2019,"",5.3,47/100,0,0,0,1,TRUE,566,100000,,FALSE,FALSE,,1,tt8680902,tvSeries
The Comedy Lineup,2018,18+,5.9,40/100,0,0,0,1,TRUE,396,700000,100000,TRUE,TRUE,2018-07-03,2,tt8687584,tvSeries
The Dragon Prince,2018,7+,8.4,77/100,0,0,0,1,TRUE,18007,63600000,10700000,TRUE,TRUE,2018-09-14,5,tt8688814,tvSeries
The Baby-Sitters Club,2020,7+,7.4,66/100,0,1,0,2,FALSE,2467,56000000,6200000,TRUE,TRUE,2020-07-03,2,tt8690518,tvSeries
Sky Rojo,2021,18+,6.5,70/100,0,0,0,1,TRUE,6124,125800000,3500000,TRUE,TRUE,2021-03-19,3,tt8690776,tvSeries
Meteor Garden,2018,16+,8.1,63/100,0,0,0,1,TRUE,3087,45200000,600000,FALSE,FALSE,2018-07-13,1,tt8690890,tvSeries
Toy Boy,2019,18+,6.4,57/100,0,0,0,1,TRUE,5614,46600000,1900000,FALSE,FALSE,2020-02-28,2,tt8693266,tvSeries
Ultraman,2019,16+,6.9,54/100,0,0,0,1,TRUE,1647,17900000,800000,TRUE,FALSE,2019-04-01,3,tt8699270,tvSeries
Narcos: Mexico,2018,18+,8.4,82/100,0,0,0,1,TRUE,63771,128300000,5800000,TRUE,TRUE,2018-11-16,3,tt8714904,tvSeries
Dark Tourist,2018,18+,7.5,65/100,0,0,0,1,TRUE,6360,5200000,300000,TRUE,TRUE,2018-07-20,1,tt8725166,tvSeries
Bridgerton,2020,"",7.3,79/100,0,0,0,1,TRUE,80578,387600000,14100000,TRUE,TRUE,2020-12-25,2,tt8740790,tvSeries
The Letter for the King,2020,7+,5.9,60/100,0,0,0,1,TRUE,6499,17000000,1100000,TRUE,TRUE,2020-03-20,1,tt8741648,tvSeries
Amazing Interiors,2018,all,6.7,45/100,0,0,0,1,TRUE,707,4700000,300000,TRUE,TRUE,2018-07-20,1,tt8747342,tvSeries
Switched,2018,16+,7.1,53/100,0,0,0,1,TRUE,1174,2700000,300000,TRUE,TRUE,2018-08-01,1,tt8747882,tvMiniSeries
Arthdal Chronicles,2019,"",8.4,57/100,0,0,0,1,TRUE,3086,25000000,600000,TRUE,TRUE,2019-06-01,1,tt8750956,tvSeries
Daybreak,2019,18+,6.7,69/100,0,0,0,1,TRUE,16486,21000000,1100000,TRUE,TRUE,2019-10-24,1,tt8755226,tvSeries
Smoking,2018,18+,7.5,45/100,0,0,0,1,TRUE,383,1900000,200000,TRUE,TRUE,,1,tt8758778,tvSeries
Nailed It! Holiday!,2018,"",7.7,49/100,0,0,0,1,TRUE,919,8500000,1600000,TRUE,TRUE,2018-12-07,2,tt8760264,tvSeries
Self Made: Inspired by the Life of Madam C.J. Walker,2020,18+,7.3,65/100,0,0,0,1,TRUE,9952,19000000,2300000,TRUE,TRUE,2020-03-20,1,tt8771910,tvMiniSeries
Salt Fat Acid Heat,2018,"",7.7,60/100,0,0,0,1,TRUE,2078,2200000,400000,TRUE,TRUE,2018-10-11,1,tt8772088,tvMiniSeries
The Curious Creations of Christine McConnell,2018,7+,7.8,62/100,0,0,0,1,TRUE,2192,700000,200000,TRUE,TRUE,2018-10-12,1,tt8773080,tvSeries
Stay Here,2018,7+,7.5,50/100,0,0,0,1,TRUE,986,2400000,300000,TRUE,TRUE,2018-08-17,1,tt8773338,tvSeries
The Society,2019,18+,7.1,73/100,0,0,0,1,TRUE,22041,24500000,1100000,TRUE,TRUE,2019-05-10,1,tt8778064,tvSeries
Restaurants on the Edge,2020,16+,6.8,47/100,0,0,0,1,TRUE,848,3600000,300000,TRUE,FALSE,2020-02-28,2,tt8784324,tvSeries
Away,2020,16+,6.6,67/100,0,0,0,1,TRUE,21791,17100000,1000000,TRUE,TRUE,2020-09-04,1,tt8787802,tvSeries
The Promised Neverland,2019,18+,8.5,81/100,1,0,0,2,FALSE,27038,6700000,500000,FALSE,FALSE,,2,tt8788458,tvSeries
Here to Heart,2018,7+,7.4,39/100,0,0,0,1,TRUE,159,3000000,,FALSE,FALSE,,1,tt8791742,tvSeries
Afflicted,2018,18+,5,46/100,0,1,0,2,FALSE,1053,2000000,200000,TRUE,TRUE,2018-08-10,1,tt8792570,tvSeries
Becoming Champions,2018,all,6.7,40/100,0,0,0,1,TRUE,331,700000,100000,TRUE,TRUE,,1,tt8796068,tvSeries
Girl from Nowhere,2018,18+,7.7,61/100,0,0,0,1,TRUE,2276,31600000,1600000,TRUE,TRUE,2018-10-31,2,tt8824648,tvSeries
October Faction,2020,18+,6.2,60/100,0,0,0,1,TRUE,9167,19800000,1300000,TRUE,TRUE,2020-01-23,1,tt8826128,tvSeries
Part-Time Idol,2017,7+,7,33/100,0,0,0,1,TRUE,71,100000,,TRUE,TRUE,,1,tt8835780,tvMiniSeries
The Mire,2018,18+,6.9,63/100,0,0,0,1,TRUE,2869,2200000,200000,TRUE,TRUE,2019-12-21,1,tt8855592,tvSeries
Daniel Sloss: Live Shows,2018,18+,8.6,55/100,0,0,0,1,TRUE,2800,1300000,300000,TRUE,TRUE,2018-09-11,1,tt8858472,tvMiniSeries
Made in Mexico,2018,"",4.1,32/100,0,0,0,1,TRUE,728,900000,100000,TRUE,TRUE,2018-09-28,1,tt8871764,tvSeries
Invisible City,2021,all,7.4,58/100,0,0,0,1,TRUE,4433,69500000,2600000,TRUE,TRUE,2021-02-05,2,tt8878862,tvSeries
Living with Yourself,2019,18+,7.2,74/100,0,0,0,1,TRUE,26559,12100000,1300000,TRUE,TRUE,2019-10-18,1,tt8880894,tvMiniSeries
Dancing Queen,2018,7+,7,49/100,0,0,0,1,TRUE,1392,600000,100000,TRUE,TRUE,2018-10-05,1,tt8882486,tvSeries
Death by Magic,2018,7+,6.1,41/100,0,0,0,1,TRUE,572,3000000,200000,TRUE,TRUE,2018-11-30,1,tt8887956,tvSeries
Transformers: Cyberverse,2018,7+,6.8,46/100,0,0,0,1,TRUE,272,1800000,200000,FALSE,FALSE,,2,tt8891990,tvSeries
A Taiwanese Tale of Two Cities,2018,"",6.5,40/100,0,0,0,1,TRUE,146,500000,,TRUE,TRUE,2018-09-01,1,tt8893498,tvSeries
First and Last,2018,18+,6.7,44/100,0,0,0,1,TRUE,356,6500000,300000,TRUE,TRUE,2018-09-07,1,tt8893502,tvSeries
Boca Juniors Confidential,2018,all,6.4,38/100,0,0,0,1,TRUE,308,400000,100000,TRUE,TRUE,2018-09-14,1,tt8893546,tvSeries
Car Masters: Rust to Riches,2018,7+,8.8,61/100,0,0,0,1,TRUE,8275,90200000,12100000,TRUE,FALSE,2018-09-14,5,tt8893550,tvSeries
Last Hope,2018,16+,5.8,41/100,0,0,0,1,TRUE,378,2700000,300000,TRUE,FALSE,2018-03-28,2,tt8893554,tvSeries
Battlefish,2018,"",7.1,43/100,0,0,0,1,TRUE,358,7200000,500000,TRUE,TRUE,2018-09-21,1,tt8893566,tvSeries
Take My Brother Away,2018,all,7.1,43/100,0,0,0,1,TRUE,138,700000,,FALSE,FALSE,2018-08-24,1,tt8894324,tvSeries
Brotherhood,2019,16+,7.6,45/100,0,1,0,2,FALSE,1054,30000000,2000000,TRUE,TRUE,2019-10-25,2,tt8905964,tvSeries
Hyperdrive,2019,7+,8.1,67/100,0,1,0,2,FALSE,2310,6300000,300000,TRUE,TRUE,2019-08-21,1,tt8911552,tvSeries
Super Drags,2018,18+,5.6,47/100,0,0,0,1,TRUE,1371,200000,,TRUE,TRUE,2018-11-09,1,tt8912244,tvSeries
Sunderland 'Til I Die,2018,18+,8.1,60/100,0,0,0,1,TRUE,7063,1900000,200000,TRUE,TRUE,2018-12-14,2,tt8914684,tvSeries
Signs,2018,18+,6.2,48/100,0,1,0,2,FALSE,1234,10500000,700000,TRUE,TRUE,2020-04-15,2,tt8917248,tvSeries
Jinn,2019,16+,3.5,50/100,0,0,0,1,TRUE,9605,2100000,300000,TRUE,TRUE,2019-06-13,1,tt8923396,tvSeries
Black Summer,2019,18+,6.5,76/100,0,0,0,1,TRUE,20279,49300000,3700000,TRUE,TRUE,2019-04-11,2,tt8923854,tvSeries
Age of Rebellion,2018,"",8.6,41/100,0,0,0,1,TRUE,40,400000,,FALSE,FALSE,,1,tt8931836,tvSeries
Motown Magic,2018,all,7.7,41/100,0,0,0,1,TRUE,261,5700000,400000,TRUE,TRUE,2018-11-20,2,tt8959860,tvSeries
High Seas,2019,16+,6.8,58/100,0,0,0,1,TRUE,6325,19200000,1600000,TRUE,TRUE,2019-05-24,3,tt8961508,tvSeries
Vai Anitta,2018,"",5.5,35/100,0,0,0,1,TRUE,425,100000,,TRUE,TRUE,2018-11-15,1,tt8961530,tvMiniSeries
Emily in Paris,2020,18+,7,68/100,0,0,0,1,TRUE,53340,335400000,14200000,TRUE,TRUE,2020-10-02,3,tt8962124,tvSeries
Ashes of Love,2018,7+,8.4,53/100,0,0,0,1,TRUE,1518,19400000,200000,FALSE,FALSE,,1,tt8976346,tvSeries
45 RPM,2019,16+,7.3,45/100,0,0,0,1,TRUE,409,500000,,FALSE,FALSE,2019-08-15,1,tt8987918,tvSeries
My First First Love,2019,7+,7.5,53/100,0,0,0,1,TRUE,1620,30300000,2000000,TRUE,TRUE,2019-04-18,2,tt8995604,tvSeries
Firefly Lane,2021,18+,7.4,67/100,0,0,0,1,TRUE,15765,421000000,6900000,TRUE,TRUE,2021-02-03,2,tt9012876,tvSeries
No Good Nick,2019,7+,6,54/100,0,0,0,1,TRUE,2378,23800000,2100000,TRUE,TRUE,2019-04-15,2,tt9039142,tvSeries
Yankee,2019,18+,6,47/100,0,0,0,1,TRUE,538,28300000,1100000,TRUE,TRUE,2019-06-14,1,tt9046782,tvSeries
FIGHTWORLD,2018,18+,7.6,49/100,0,0,0,1,TRUE,713,1600000,100000,TRUE,TRUE,2018-10-12,1,tt9047526,tvSeries
The Chosen One,2019,18+,5.8,47/100,0,0,0,1,TRUE,599,48200000,10400000,TRUE,TRUE,2019-06-28,2,tt9048368,tvMiniSeries
The Bonfire of Destiny,2019,16+,7.7,55/100,0,0,0,1,TRUE,3579,29300000,1400000,TRUE,TRUE,2019-12-26,1,tt9050352,tvMiniSeries
Evil,2019,18+,7.7,85/100,0,0,0,1,TRUE,13053,100000,,FALSE,FALSE,,1,tt9055008,tvSeries
Kengan Ashura,2019,"",8,61/100,0,0,0,1,TRUE,3637,37100000,7300000,TRUE,TRUE,2023-09-21,1,tt9058134,tvSeries
Warrior Nun,2020,18+,6.9,68/100,0,0,0,1,TRUE,23646,76700000,4700000,TRUE,TRUE,2020-07-02,2,tt9059350,tvSeries
The I-Land,2019,18+,4.6,53/100,0,0,0,1,TRUE,15412,17400000,2000000,TRUE,TRUE,2019-09-12,1,tt9067020,tvMiniSeries
White Lines,2020,18+,6.6,59/100,0,0,0,1,TRUE,15109,16000000,900000,TRUE,TRUE,2020-05-15,1,tt9073958,tvSeries
Accidentally In Love,2018,7+,7.6,51/100,0,0,0,1,TRUE,888,7300000,200000,FALSE,FALSE,2018-10-19,1,tt9077184,tvSeries
Haunted,2018,18+,4.6,50/100,0,0,0,1,TRUE,2824,7600000,1300000,TRUE,TRUE,2018-10-19,3,tt9077192,tvSeries
Larva Island,2018,"",6.5,43/100,0,0,0,1,TRUE,350,34500000,8300000,TRUE,TRUE,2018-10-19,2,tt9077194,tvSeries
The Degenerates,2018,18+,6.2,36/100,0,0,0,1,TRUE,594,1000000,200000,TRUE,TRUE,2018-10-30,2,tt9077196,tvSeries
Gormiti,2018,7+,6,41/100,0,0,0,1,TRUE,88,2700000,200000,FALSE,FALSE,,3,tt9077350,tvSeries
Virgin River,2019,16+,7.4,76/100,0,0,0,1,TRUE,22973,731900000,69100000,TRUE,TRUE,2019-12-06,5,tt9077530,tvSeries
Sweet Magnolias,2020,16+,7.4,69/100,0,0,0,1,TRUE,9585,339900000,35000000,TRUE,TRUE,2020-05-19,3,tt9077540,tvSeries
Hoops,2020,18+,6,52/100,0,0,0,1,TRUE,4673,5400000,500000,TRUE,TRUE,2020-08-21,1,tt9077562,tvSeries
Murder Mountain,2018,16+,6.9,54/100,0,0,0,1,TRUE,2654,7000000,600000,TRUE,TRUE,2018-12-28,1,tt9078908,tvMiniSeries
The Valhalla Murders,2019,18+,7.1,64/100,0,0,0,1,TRUE,9687,20300000,2000000,TRUE,TRUE,2020-03-13,1,tt9100822,tvSeries
Spinning Out,2020,18+,7.6,67/100,0,0,0,1,TRUE,11445,31600000,2300000,TRUE,TRUE,2020-01-01,1,tt9117054,tvSeries
Romance is a Bonus Book,2019,"",8.1,55/100,0,0,0,1,TRUE,3516,30900000,900000,TRUE,TRUE,2019-01-26,1,tt9130542,tvSeries
Trinkets,2019,18+,7.1,67/100,0,0,0,1,TRUE,7809,11400000,1200000,TRUE,TRUE,2019-06-14,2,tt9134194,tvSeries
Dracula,2020,18+,6.8,71/100,0,0,0,1,TRUE,43109,18300000,2000000,TRUE,TRUE,2020-01-04,1,tt9139220,tvMiniSeries
Love Alarm,2019,"",6.8,52/100,0,0,0,1,TRUE,3522,45200000,3500000,TRUE,TRUE,2019-08-22,2,tt9145880,tvSeries
To the Lake,2019,"",7.3,62/100,0,0,0,1,TRUE,10128,26000000,1600000,TRUE,TRUE,2020-10-07,1,tt9151230,tvSeries
Family Reunion,2019,7+,6.5,52/100,0,0,0,1,TRUE,1949,124900000,14000000,TRUE,TRUE,2019-07-10,5,tt9153270,tvSeries
Archibald's Next Big Thing,2019,7+,7.8,45/100,0,0,0,1,TRUE,225,15200000,1400000,TRUE,TRUE,2019-09-06,2,tt9165404,tvSeries
Rhyme Time Town,2020,all,7.5,44/100,0,0,0,1,TRUE,46,9000000,1000000,TRUE,TRUE,2020-06-19,2,tt9165434,tvSeries
Gabby's Dollhouse,2021,all,7.1,46/100,0,0,0,1,TRUE,149,559500000,90100000,TRUE,TRUE,2021-01-05,8,tt9165438,tvSeries
Historical Roasts,2019,18+,5.3,44/100,0,0,0,1,TRUE,1560,300000,,TRUE,TRUE,2019-05-27,1,tt9169602,tvSeries
Puerta 7,2020,18+,5.7,42/100,0,0,0,1,TRUE,485,2000000,200000,TRUE,TRUE,2020-02-21,1,tt9170386,tvMiniSeries
The Unlisted,2019,"",6.7,47/100,0,0,0,1,TRUE,649,11700000,900000,TRUE,TRUE,2019-10-17,1,tt9184592,tvSeries
Skylines,2019,16+,7.6,54/100,0,0,0,1,TRUE,2364,1700000,100000,TRUE,TRUE,2019-09-27,1,tt9184970,tvSeries
Tribes of Europa,2021,18+,6.8,61/100,0,0,0,1,TRUE,9549,10600000,1000000,TRUE,TRUE,2021-02-19,1,tt9184982,tvSeries
Barbarians,2020,"",7.2,62/100,0,0,0,1,TRUE,19428,24600000,2200000,TRUE,TRUE,2020-10-23,1,tt9184986,tvSeries
How to Sell Drugs Online (Fast),2019,18+,7.9,71/100,0,0,0,1,TRUE,22168,25400000,3600000,TRUE,TRUE,2019-05-31,3,tt9184994,tvSeries
The A List,2018,7+,5.5,60/100,0,0,0,1,TRUE,1861,18200000,1500000,TRUE,TRUE,2019-08-30,2,tt9185110,tvSeries
Flinch,2019,7+,4.3,39/100,0,0,0,1,TRUE,647,3100000,300000,TRUE,TRUE,2019-05-03,1,tt9196244,tvSeries
Dogs,2018,all,8.1,63/100,0,0,0,1,TRUE,1050,4300000,400000,TRUE,TRUE,2018-11-16,2,tt9199798,tvSeries
Brainchild,2018,7+,8.1,47/100,0,0,0,1,TRUE,347,14300000,1300000,TRUE,TRUE,2018-11-02,1,tt9203042,tvSeries
Kulipari: Dream Walker,2018,all,7.6,34/100,0,0,0,1,TRUE,69,1200000,100000,TRUE,TRUE,2018-11-20,1,tt9203064,tvSeries
Bumping Mics with Jeff Ross & Dave Attell,2018,18+,7.7,50/100,0,0,0,1,TRUE,1051,300000,100000,TRUE,TRUE,2018-11-27,1,tt9203078,tvSeries
Kid Cosmic,2021,7+,8,49/100,0,0,0,1,TRUE,719,10900000,1700000,TRUE,TRUE,2021-02-02,3,tt9248538,tvSeries
Warrior,2018,"",6.7,48/100,0,0,0,1,TRUE,18,7600000,700000,TRUE,TRUE,2018-11-13,1,tt9249090,tvSeries
Ragnarok,2020,18+,7.5,74/100,0,1,0,2,FALSE,27927,246500000,46100000,TRUE,TRUE,2020-01-31,3,tt9251798,tvSeries
Our Planet,2019,all,9.3,82/100,0,0,0,1,TRUE,35667,72600000,4800000,TRUE,TRUE,2019-04-05,1,tt9253866,tvSeries
Rhythm + Flow,2019,18+,7.7,62/100,0,0,0,1,TRUE,1369,6600000,200000,TRUE,TRUE,2019-10-09,1,tt9278032,tvSeries
El Dragón: Return of a Warrior,2019,18+,7,54/100,0,0,0,1,TRUE,1570,97600000,1500000,FALSE,FALSE,2019-10-04,2,tt9281190,tvSeries
Pacific Rim: The Black,2021,16+,7.1,60/100,0,0,0,1,TRUE,3265,8400000,1300000,TRUE,TRUE,2021-03-04,2,tt9288848,tvSeries
Trash Truck,2020,all,8.4,51/100,0,0,0,1,TRUE,308,37300000,6500000,TRUE,TRUE,2020-11-10,2,tt9288860,tvSeries
Cagaster of an Insect Cage,2020,18+,6.2,47/100,0,0,0,1,TRUE,506,2300000,200000,TRUE,TRUE,2020-02-06,1,tt9288892,tvMiniSeries
The Liberator,2020,7+,7.6,61/100,0,0,0,1,TRUE,5033,3400000,500000,TRUE,TRUE,2020-11-11,1,tt9308682,tvMiniSeries
Yasuke,2021,18+,6.2,59/100,0,0,0,1,TRUE,3321,5000000,800000,TRUE,TRUE,2021-04-29,1,tt9310330,tvMiniSeries
Trese,2021,18+,7.1,62/100,0,0,0,1,TRUE,1146,2600000,400000,TRUE,TRUE,2021-06-10,1,tt9310336,tvMiniSeries
Typewriter,2019,18+,6.5,57/100,0,0,0,1,TRUE,3516,2300000,300000,TRUE,TRUE,2019-07-19,1,tt9310372,tvSeries
The Duchess,2020,18+,6.8,52/100,0,1,0,2,FALSE,4489,3300000,600000,TRUE,TRUE,2020-09-11,1,tt9310390,tvSeries
The Stranded,2019,18+,6.3,50/100,0,0,0,1,TRUE,1043,7100000,500000,TRUE,TRUE,2019-11-14,1,tt9310400,tvSeries
Triad Princess,2019,18+,6.9,43/100,0,0,0,1,TRUE,494,3600000,400000,TRUE,TRUE,2019-12-06,1,tt9314996,tvSeries
Instant Hotel,2018,7+,7.3,49/100,0,0,0,1,TRUE,1294,800000,,TRUE,FALSE,2018-12-28,2,tt9316032,tvSeries
Crime Diaries: The Candidate,2019,18+,7.6,52/100,0,0,0,1,TRUE,718,2300000,200000,TRUE,TRUE,2019-03-22,1,tt9327348,tvSeries
The Good Bandit,2019,18+,7.8,39/100,0,0,0,1,TRUE,79,20900000,200000,FALSE,FALSE,2019-08-30,1,tt9328616,tvSeries
The InBESTigators,2019,all,8.1,50/100,0,0,0,1,TRUE,527,76900000,8100000,TRUE,TRUE,2019-08-09,2,tt9332962,tvSeries
Leila,2019,16+,4.8,51/100,0,0,0,1,TRUE,8130,1800000,200000,TRUE,TRUE,2019-06-14,1,tt9337588,tvSeries
Criminal: UK,2019,18+,7.6,65/100,0,0,0,1,TRUE,15581,8400000,1400000,TRUE,TRUE,2019-09-20,2,tt9348692,tvSeries
Rilakkuma and Kaoru,2019,7+,8.3,63/100,0,0,0,1,TRUE,1403,900000,200000,TRUE,TRUE,2019-04-19,1,tt9348716,tvSeries
7SEEDS,2019,18+,6.4,53/100,0,0,0,1,TRUE,1116,5000000,500000,TRUE,TRUE,2019-06-28,2,tt9348718,tvSeries
Young Wallander,2020,18+,6.8,57/100,0,0,0,1,TRUE,7113,10400000,1000000,TRUE,TRUE,2020-09-03,1,tt9359220,tvSeries
Hasmukh,2020,18+,5.3,39/100,0,0,0,1,TRUE,2411,600000,100000,TRUE,TRUE,2020-04-17,1,tt9359294,tvMiniSeries
The Guest,2018,"",8.2,53/100,0,0,0,1,TRUE,950,10000000,200000,FALSE,FALSE,,1,tt9363208,movie
Special,2019,18+,7.6,72/100,0,0,0,1,TRUE,7580,1800000,300000,TRUE,TRUE,2019-04-12,2,tt9381622,tvSeries
Sakho & Mangane,2019,"",6.4,34/100,0,0,0,1,TRUE,101,100000,,TRUE,TRUE,,1,tt9391692,tvSeries
Delhi Crime,2019,"",8.5,71/100,0,0,0,1,TRUE,15165,14100000,1300000,TRUE,TRUE,2019-03-22,2,tt9398466,tvSeries
Selena: The Series,2020,7+,6.8,58/100,0,0,0,1,TRUE,3759,21700000,1700000,TRUE,TRUE,2020-12-04,2,tt9421868,tvSeries
Conversations with a Killer: The Ted Bundy Tapes,2019,18+,7.8,70/100,0,0,0,1,TRUE,25206,8800000,1100000,TRUE,TRUE,2019-01-24,1,tt9425132,tvMiniSeries
Trigger Warning with Killer Mike,2019,16+,7,53/100,0,0,0,1,TRUE,1190,100000,,TRUE,TRUE,2019-01-18,1,tt9426194,tvSeries
Queen Sono,2020,18+,5.9,58/100,0,0,0,1,TRUE,1042,5000000,600000,TRUE,TRUE,2020-02-28,1,tt9426290,tvSeries
Abby Hatcher,2018,all,6.2,46/100,0,0,0,1,TRUE,102,38900000,1700000,FALSE,FALSE,,2,tt9433014,tvSeries
I Am Not Okay with This,2020,18+,7.5,77/100,0,0,0,1,TRUE,45521,6400000,1000000,TRUE,TRUE,2020-02-26,1,tt9446688,tvSeries
The Barrier,2020,16+,6.8,57/100,0,0,0,1,TRUE,2816,14400000,700000,FALSE,FALSE,2020-09-11,1,tt9460858,tvSeries
Ghost in the Shell: SAC_2045,2020,"",6.3,50/100,0,0,0,1,TRUE,1645,3100000,200000,TRUE,TRUE,2020-04-23,2,tt9466298,tvSeries
Touch Your Heart,2019,"",7.7,44/100,0,0,0,1,TRUE,1793,4200000,200000,TRUE,TRUE,,1,tt9466990,tvSeries
Rust Valley Restorers,2018,16+,7.8,55/100,0,0,0,1,TRUE,2298,32600000,2700000,TRUE,FALSE,2019-08-23,3,tt9498102,tvSeries
The Haunted House,2016,7+,8.4,40/100,0,0,0,1,TRUE,49,19000000,900000,TRUE,FALSE,,2,tt9518312,tvSeries
revisions,2019,18+,6,40/100,0,0,0,1,TRUE,513,1900000,200000,TRUE,FALSE,2019-01-09,1,tt9522354,tvMiniSeries
Bakugan: Battle Planet,2018,all,4.9,40/100,0,0,0,1,TRUE,173,600000,,FALSE,FALSE,,1,tt9527662,tvSeries
Kongsuni and Friends,2017,"",4.4,32/100,0,0,0,1,TRUE,19,14600000,1500000,TRUE,TRUE,,2,tt9529810,tvSeries
Possessed,2019,"",6.9,43/100,0,1,0,2,FALSE,544,6500000,200000,TRUE,TRUE,2019-04-03,1,tt9537306,tvSeries
Ingress: The Animation,2018,all,6.6,44/100,0,0,0,1,TRUE,464,800000,100000,TRUE,TRUE,2018-10-17,1,tt9561968,tvSeries
Halston,2021,18+,7.5,65/100,0,1,0,2,FALSE,8406,4300000,600000,TRUE,TRUE,2021-05-14,1,tt9569546,tvMiniSeries
The Circle,2020,18+,7.3,70/100,0,1,0,2,FALSE,5029,92500000,1200000,TRUE,TRUE,2020-01-01,5,tt9581768,tvSeries
Examination of Conscience,2019,18+,7.9,47/100,0,0,0,1,TRUE,363,400000,100000,TRUE,TRUE,2019-01-25,1,tt9584024,tvMiniSeries
Playing with Fire,2019,18+,5.9,59/100,1,0,0,2,FALSE,730,12700000,1000000,FALSE,FALSE,2019-05-31,1,tt9587732,tvSeries
Space Force,2020,18+,6.7,71/100,0,0,0,1,TRUE,48181,17900000,1600000,TRUE,TRUE,2020-05-29,2,tt9612516,tvSeries
Gigantosaurus,2019,all,7.2,48/100,0,0,1,2,FALSE,112,37200000,1700000,FALSE,FALSE,,2,tt9636800,tvSeries
Regiment Diaries,2018,"",8.8,48/100,0,0,0,1,TRUE,61,100000,,FALSE,FALSE,,1,tt9642576,tvSeries
Dating Around,2019,16+,6.3,50/100,0,0,0,1,TRUE,1064,1400000,200000,TRUE,TRUE,2019-02-14,2,tt9654080,tvSeries
Larry Charles' Dangerous World of Comedy,2019,18+,7.3,43/100,0,0,0,1,TRUE,533,100000,,TRUE,TRUE,2019-02-15,1,tt9654082,tvSeries
Go! Live Your Way,2019,"",7.1,52/100,0,0,0,1,TRUE,461,61200000,2900000,FALSE,FALSE,2019-02-21,2,tt9654086,tvSeries
Behind Her Eyes,2021,18+,7.2,68/100,0,0,0,1,TRUE,44709,43200000,4100000,TRUE,TRUE,2021-02-17,1,tt9698442,tvMiniSeries
44 Cats,2018,7+,6.1,43/100,0,0,0,1,TRUE,233,11100000,900000,TRUE,FALSE,,1,tt9699148,tvSeries
Nailed It! Mexico,2019,all,6.1,38/100,0,0,0,1,TRUE,263,3400000,400000,TRUE,TRUE,2019-02-08,3,tt9708588,tvSeries
Team Kaylie,2019,"",4.4,40/100,0,0,0,1,TRUE,251,17500000,2600000,TRUE,TRUE,2019-09-23,3,tt9717424,tvSeries
Get Even,2020,"",6.5,54/100,0,0,0,1,TRUE,1733,4800000,500000,TRUE,TRUE,2020-07-31,1,tt9724628,tvSeries
The Neighbor,2019,18+,6.6,60/100,0,0,0,1,TRUE,1842,1700000,200000,TRUE,TRUE,2019-12-31,2,tt9731222,tvSeries
The Mess You Leave Behind,2020,"",6.8,58/100,0,0,0,1,TRUE,6935,13300000,900000,TRUE,TRUE,2020-12-11,1,tt9731242,tvSeries
Three Days of Christmas,2019,18+,6.8,44/100,0,0,0,1,TRUE,1034,4300000,1300000,TRUE,TRUE,2019-12-06,1,tt9731254,tvMiniSeries
The Idhun Chronicles,2020,16+,5.4,43/100,0,0,0,1,TRUE,445,1900000,300000,TRUE,TRUE,2020-09-10,2,tt9731266,tvSeries
Valeria,2020,18+,6.2,52/100,0,0,0,1,TRUE,3096,137900000,9300000,TRUE,TRUE,2020-05-08,3,tt9731288,tvSeries
Merry Happy Whatever,2019,"",6.3,51/100,0,0,0,1,TRUE,3924,4500000,1100000,TRUE,TRUE,2019-11-28,1,tt9770286,tvSeries
Trailer Park Boys: The Animated Series,2019,18+,7.5,55/100,0,0,0,1,TRUE,2434,13500000,1400000,TRUE,TRUE,2019-03-31,2,tt9814900,tvSeries
Unorthodox,2020,18+,8,79/100,0,0,0,1,TRUE,63323,9400000,1400000,TRUE,TRUE,2020-03-26,1,tt9815454,tvMiniSeries
Bloodride,2020,18+,6.4,52/100,0,0,0,1,TRUE,3020,2200000,300000,TRUE,TRUE,2020-03-13,1,tt9815502,tvSeries
Shadow,2019,7+,6.6,51/100,0,0,0,1,TRUE,845,4100000,200000,FALSE,FALSE,2019-03-08,1,tt9817236,tvMiniSeries
YooHoo to the Rescue,2019,all,6.6,35/100,0,0,0,1,TRUE,41,6300000,700000,TRUE,TRUE,2019-03-15,3,tt9817288,tvSeries
Green Door,2019,18+,6.3,40/100,0,0,0,1,TRUE,111,100000,,FALSE,FALSE,2019-02-16,1,tt9817290,tvMiniSeries
Selling Sunset,2019,18+,6.3,55/100,0,0,0,1,TRUE,3557,259000000,19400000,TRUE,TRUE,2019-03-22,7,tt9817298,tvSeries
Hollywood,2020,18+,7.5,73/100,0,0,0,1,TRUE,31585,8700000,600000,TRUE,TRUE,2020-05-01,1,tt9827854,tvMiniSeries
Blood & Water,2020,18+,6.4,56/100,0,0,0,1,TRUE,1992,41300000,2700000,TRUE,TRUE,2020-05-20,3,tt9839146,tvSeries
Biohackers,2020,18+,6.8,75/100,0,0,0,1,TRUE,6276,18100000,1800000,TRUE,TRUE,2020-08-20,2,tt9849210,tvSeries
Medical Police,2020,"",6,60/100,0,0,0,1,TRUE,3664,1500000,200000,TRUE,TRUE,2020-01-10,1,tt9850952,tvSeries
Monzón: A Knockout Blow,2019,18+,7.9,51/100,0,0,0,1,TRUE,632,3200000,200000,FALSE,FALSE,2019-10-25,1,tt9852660,tvMiniSeries
The Show Must Go On: The Queen + Adam Lambert Story,2019,"",7.8,44/100,1,0,0,2,FALSE,1653,2100000,,FALSE,FALSE,,1,tt9856280,tvMovie
Best Lover,2016,"",6.5,34/100,0,0,0,1,TRUE,55,400000,,FALSE,FALSE,,1,tt9874364,tvSeries
The Disappearance of Madeleine McCann,2019,16+,6.6,52/100,0,0,0,1,TRUE,9087,14000000,400000,TRUE,TRUE,2019-03-15,1,tt9879074,tvMiniSeries
The Perfect Match,2017,"",7.5,37/100,0,0,0,1,TRUE,123,5400000,100000,TRUE,FALSE,,1,tt9882870,tvSeries
Well-Intended Love,2019,"",7.3,49/100,0,0,0,1,TRUE,1144,25600000,900000,TRUE,FALSE,2019-05-17,2,tt9886950,tvSeries
Chip and Potato,2018,all,6.2,36/100,0,0,0,1,TRUE,109,116000000,16900000,TRUE,FALSE,2019-05-17,4,tt9897038,tvSeries
Her Private Life,2019,"",7.7,47/100,0,0,0,1,TRUE,2025,24700000,600000,TRUE,TRUE,,1,tt9899340,tvSeries
Blown Away,2019,7+,7.1,62/100,0,0,0,1,TRUE,2359,10400000,1000000,TRUE,TRUE,2019-07-12,3,tt9908860,tvSeries
