title,year,age,imdb_rating_catalog_2021,rotten_tomatoes,hulu,prime_video,disney_plus,n_platforms,exclusive,imdb_ratecount_2021,hours_viewed_2023,views_2023,available_globally_ever,available_globally_always,release_date_earliest,n_seasons_aggregated,tconst,imdb_title_type,rotten_tomatoes_numeric,log_hours_viewed_2023,log_imdb_ratecount_2021
Star Trek,1966,7+,8.3,82/100,1,1,0,3,FALSE,75379,21600000,400000,FALSE,FALSE,,6,tt0060028,tvSeries,82,16.8882039189507,11.2302972668211
Monty Python's Flying Circus,1969,16+,8.8,81/100,0,0,0,1,TRUE,68780,1700000,100000,TRUE,TRUE,,5,tt0063929,tvSeries,81,14.3461393972616,11.1386828229908
Danger Mouse,1981,7+,7.4,54/100,0,0,0,1,TRUE,3236,2900000,300000,FALSE,FALSE,2016-04-29,4,tt0081848,tvSeries,54,14.8802216397842,8.08240225392624
Star Trek: The Next Generation,1987,7+,8.6,86/100,1,1,0,3,FALSE,104632,70100000,1500000,FALSE,FALSE,,14,tt0092455,tvSeries,86,18.0654333662702,11.5582142684289
Star Trek: Deep Space Nine,1993,7+,8,80/100,1,1,0,3,FALSE,54886,45800000,1300000,FALSE,FALSE,,14,tt0106145,tvSeries,80,17.6397946709185,10.9130318052862
Heartbreak High,1994,7+,7.8,51/100,0,0,0,1,TRUE,2826,39800000,1800000,TRUE,TRUE,2022-09-14,2,tt0108800,tvSeries,51,17.4993774953803,7.94697135769359
The Magic School Bus,1994,all,7.8,62/100,0,0,0,1,TRUE,8586,11000000,800000,FALSE,FALSE,,2,tt0108847,tvSeries,62,16.2134059216717,9.05800471067248
"Sister, Sister",1994,7+,6.3,59/100,1,0,0,2,FALSE,11551,36300000,1500000,FALSE,FALSE,,12,tt0108927,tvSeries,59,17.4073283267833,9.35461386113261
Neon Genesis Evangelion,1995,16+,8.5,82/100,0,0,0,1,TRUE,54195,17600000,900000,TRUE,TRUE,,2,tt0112159,tvSeries,82,16.6834095168266,10.9003623839663
Star Trek: Voyager,1995,7+,7.8,78/100,1,1,0,3,FALSE,61077,71600000,1800000,FALSE,FALSE,,14,tt0112178,tvSeries,78,18.0866056458974,11.0199070148541
Moesha,1996,7+,5.8,50/100,1,0,0,2,FALSE,3357,12100000,400000,FALSE,FALSE,,10,tt0115275,tvSeries,50,16.3087160932116,8.11910083763749
Popples,1986,all,6.5,39/100,0,0,0,1,TRUE,209,1100000,,TRUE,TRUE,2015-10-30,3,tt0174420,tvSeries,39,13.9108216468591,5.34710753071747
The Parkers,1999,7+,6.9,48/100,0,0,0,1,TRUE,2028,50100000,3400000,FALSE,FALSE,,10,tt0200353,tvSeries,48,17.7295315860152,7.61529833982582
Gilmore Girls,2000,16+,8.1,84/100,0,0,0,1,TRUE,105104,1200500000,45100000,TRUE,TRUE,,14,tt0238784,tvSeries,84,20.9060039744586,11.5627151294727
Star Trek: Enterprise,2001,7+,7.5,76/100,1,1,0,3,FALSE,47588,41800000,1300000,FALSE,FALSE,,8,tt0244365,tvSeries,76,17.5484069214184,10.7703569210766
Still Game,2002,16+,8.8,61/100,0,0,0,1,TRUE,6473,37100000,5900000,FALSE,FALSE,,18,tt0281491,tvSeries,61,17.4291275545318,8.77554943448619
One on One,2001,16+,7.2,54/100,0,1,0,2,FALSE,2004,14100000,700000,FALSE,FALSE,,10,tt0284770,tvSeries,54,16.4616854262704,7.60339933974067
Okupas,2000,18+,9.1,52/100,0,0,0,1,TRUE,964,2900000,200000,FALSE,FALSE,,2,tt0289649,tvMiniSeries,52,14.8802216397842,6.87212810133899
InuYasha,2000,16+,7.9,69/100,1,0,0,2,FALSE,14947,92300000,1500000,FALSE,FALSE,,12,tt0290223,tvSeries,69,18.3405547103073,9.61233279060538
Trailer Park Boys,2001,18+,8.5,71/100,0,0,0,1,TRUE,38386,143700000,18900000,TRUE,TRUE,2010-09-22,24,tt0290988,tvSeries,71,18.7832383580082,10.555474139591
Half & Half,2002,7+,7.1,51/100,0,0,0,1,TRUE,1541,11400000,600000,FALSE,FALSE,,8,tt0320024,tvSeries,51,16.249124001084,7.34083555412328
Chappelle's Show,2003,18+,8.7,83/100,0,0,0,1,TRUE,56797,12500000,1400000,FALSE,FALSE,,4,tt0353049,tvSeries,83,16.3412392822725,10.9472563928217
NCIS,2003,16+,7.7,81/100,0,0,0,1,TRUE,123588,595200000,16700000,FALSE,FALSE,,30,tt0364845,tvSeries,81,20.2044080431633,11.7247168232815
Arrested Development,2003,16+,8.7,87/100,1,0,0,2,FALSE,281893,73900000,4800000,FALSE,FALSE,2010-04-01,8,tt0367279,tvSeries,87,18.1182233994502,12.5492863927324
Sonic X,2003,16+,6.2,57/100,1,1,0,3,FALSE,3898,22900000,900000,TRUE,TRUE,,4,tt0367413,tvSeries,57,16.9466475121926,8.2684753889826
One Piece,1999,7+,8.8,85/100,1,0,0,2,FALSE,77850,541900000,71600000,TRUE,TRUE,2023-08-31,1,tt0388629,tvSeries,85,20.1105920423817,11.2625520223948
The Staircase,2005,16+,7.9,74/100,0,0,0,1,TRUE,19786,9100000,400000,TRUE,TRUE,2018-06-08,2,tt0388644,tvSeries,74,16.0237850813772,9.89278043539244
Naruto,2002,7+,8.3,81/100,1,0,0,2,FALSE,76916,255600000,11700000,FALSE,FALSE,,18,tt0409591,tvSeries,81,19.35912428438,11.2504821973821
Grey's Anatomy,2005,16+,7.5,87/100,1,0,0,2,FALSE,261413,1346800000,50700000,FALSE,FALSE,,38,tt0413573,tvSeries,87,21.0209972459937,12.473860636504
Code Lyoko,2003,7+,7.3,57/100,0,0,0,1,TRUE,4708,1600000,,TRUE,FALSE,,4,tt0417311,tvSeries,57,14.2855148122098,8.45723085024356
Fullmetal Alchemist,2003,16+,8.5,73/100,0,0,0,1,TRUE,64098,800000,,FALSE,FALSE,,1,tt0421357,tvSeries,73,13.5923682566493,11.068184042163
Winx Club,2004,all,6.2,57/100,0,0,0,1,TRUE,4595,11600000,400000,FALSE,FALSE,,5,tt0421482,tvSeries,57,16.2665157422835,8.43294163896865
Cold Case Files,1999,18+,8.1,60/100,1,1,0,3,FALSE,1511,54800000,1900000,FALSE,FALSE,,3,tt0426666,tvSeries,60,17.8192007701664,7.32118855673948
Bleach,2004,18+,8.1,73/100,1,0,0,2,FALSE,45599,2600000,,TRUE,TRUE,2018-09-14,1,tt0434665,tvSeries,73,14.771022387607,10.7276629955025
Johnny Test,2005,all,5.1,53/100,0,0,0,1,TRUE,7130,17700000,1800000,TRUE,TRUE,2021-07-16,4,tt0454349,tvSeries,53,16.6890752540412,8.8722067560283
Vientos de agua,2006,Unknown,8.8,55/100,0,0,0,1,TRUE,937,1600000,100000,FALSE,FALSE,,2,tt0459724,tvMiniSeries,55,14.2855148122098,6.84374994900623
The IT Crowd,2006,16+,8.5,86/100,0,0,0,1,TRUE,137591,12700000,1500000,TRUE,FALSE,,10,tt0487831,tvSeries,86,16.357112630169,11.8320480632563
Pocoyo,2005,all,7.4,48/100,1,1,0,3,FALSE,1292,68000000,6900000,FALSE,FALSE,,8,tt0487849,tvSeries,48,18.0350182778463,7.16472037877186
H2O: Just Add Water,2006,all,7.2,64/100,1,0,0,2,FALSE,13116,115500000,4400000,FALSE,FALSE,,6,tt0491603,tvSeries,64,18.5647810965841,9.48166437781514
The Game,2006,16+,6.7,59/100,1,1,0,3,FALSE,3991,200000,,FALSE,FALSE,,1,tt0772137,tvSeries,59,12.2060776455177,8.29204763743135
Monty Python's Personal Best,2006,16+,7.9,46/100,0,0,0,1,TRUE,404,200000,,FALSE,FALSE,,1,tt0795156,tvSeries,46,12.2060776455177,6.00388706710654
Ouran High School Host Club,2006,16+,8.2,66/100,1,0,0,2,FALSE,8635,7400000,200000,FALSE,FALSE,,2,tt0816397,tvSeries,66,15.8169906933095,9.0636947916347
Death Note,2006,16+,9,84/100,1,0,0,2,FALSE,256207,500000,,FALSE,FALSE,,1,tt0877057,tvSeries,84,13.1223653774023,12.4537448935623
Breaking Bad,2008,18+,9.4,100/100,0,0,0,1,TRUE,1527259,850500000,36400000,FALSE,FALSE,,10,tt0903747,tvSeries,100,20.561334970976,14.2389858382071
The Innocent Man,2018,18+,7.3,65/100,0,0,0,1,TRUE,5247,7000000,700000,TRUE,TRUE,2018-12-14,2,tt0914376,tvMiniSeries,65,15.7614208498767,8.56560233062393
Gurren Lagann,2007,16+,8.3,66/100,0,0,0,1,TRUE,15360,100000,,FALSE,FALSE,,1,tt0948103,tvSeries,66,11.5129354649202,9.63958710874915
Shaun the Sheep,2007,all,8.2,65/100,0,1,0,2,FALSE,12571,13600000,2600000,FALSE,FALSE,,4,tt0983983,tvSeries,65,16.4255804242357,9.43922739791746
Horrid Henry,2006,7+,6.4,44/100,0,1,0,2,FALSE,711,26300000,1400000,FALSE,FALSE,,14,tt0985991,tvSeries,44,17.0850795351708,6.56807791141198
Code Geass: Lelouch of the Rebellion,2006,18+,8.7,72/100,0,0,0,1,TRUE,54471,3700000,100000,FALSE,FALSE,,3,tt0994314,tvSeries,72,15.1238436478847,10.9054420871628
Blood of Zeus,2020,Unknown,7.5,62/100,0,0,0,1,TRUE,13487,8200000,900000,TRUE,TRUE,2020-10-27,2,tt10009170,tvSeries,62,15.9196448341857,9.50955568024164
My Husband Won't Fit,2019,Unknown,6.7,46/100,0,0,0,1,TRUE,677,2000000,200000,TRUE,TRUE,2019-03-20,2,tt10027946,tvSeries,46,14.5086582385241,6.5191472879404
Gentefied,2020,16+,7.4,60/100,0,0,0,1,TRUE,1741,5400000,300000,TRUE,TRUE,2020-02-21,4,tt10037034,tvSeries,60,15.5019096967197,7.46278915741245
You vs. Wild,2019,Unknown,7,55/100,0,0,0,1,TRUE,2291,16500000,3100000,TRUE,TRUE,2019-04-10,2,tt10044952,tvSeries,55,16.6188709994769,7.73718007783463
The Queen's Gambit,2020,18+,8.6,92/100,0,0,0,1,TRUE,322175,83000000,5600000,TRUE,TRUE,2020-10-23,2,tt10048342,tvMiniSeries,92,18.2343511778091,12.6828532590549
Followers,2020,18+,6.2,42/100,0,0,0,1,TRUE,417,1200000,100000,TRUE,TRUE,2020-02-27,2,tt10049610,tvSeries,42,13.9978329480912,6.03548143252476
Mighty Little Bheem,2019,all,6.7,44/100,0,0,0,1,TRUE,199,53100000,11500000,TRUE,TRUE,2019-04-12,6,tt10050752,tvSeries,44,17.7876875050446,5.29831736654804
I Think You Should Leave with Tim Robinson,2019,18+,7.8,81/100,0,0,0,1,TRUE,6275,27400000,8400000,TRUE,TRUE,2019-04-23,6,tt10050772,tvSeries,81,17.1260536078546,8.74448811385292
Abyss,2019,16+,7.1,53/100,0,0,0,1,TRUE,1398,24000000,800000,TRUE,TRUE,2019-05-06,2,tt10055734,tvSeries,53,16.9935644299789,7.24351297466548
Never Have I Ever,2020,16+,7.9,86/100,0,0,0,1,TRUE,27637,479200000,28700000,TRUE,TRUE,2020-04-27,8,tt10062292,tvSeries,86,19.9876286068523,10.2269469163634
Stolen Away,2020,Unknown,7.1,48/100,0,0,0,1,TRUE,1922,26200000,1500000,FALSE,FALSE,2020-06-05,2,tt10064124,tvSeries,48,17.0812700068993,7.56164174558878
Home for Christmas,2019,18+,7.7,60/100,0,0,0,1,TRUE,10961,10400000,3100000,TRUE,TRUE,2019-12-05,4,tt10069398,tvSeries,60,16.1573164602654,9.30219002560606
Tiffany Haddish Presents: They Ready,2019,Unknown,6.3,43/100,0,0,0,1,TRUE,476,400000,,TRUE,TRUE,2019-08-13,2,tt10085386,tvSeries,43,12.899222326087,6.16751649088834
Morphle,2019,all,4.9,34/100,1,0,0,2,FALSE,50,20400000,7700000,TRUE,TRUE,,1,tt10087694,tvSeries,34,16.8310455078341,3.93182563272433
Move,2020,Unknown,,40/100,0,0,0,1,TRUE,84,200000,,TRUE,TRUE,2020-10-23,1,tt10092764,tvSeries,40,12.2060776455177,4.44265125649032
Feel Good,2020,18+,7.5,77/100,0,0,0,1,TRUE,6299,2500000,400000,TRUE,TRUE,2021-06-04,2,tt10098620,tvSeries,77,14.7318016898383,8.74830491237962
Curon,2020,18+,5.8,56/100,0,0,0,1,TRUE,3477,5400000,500000,TRUE,TRUE,2020-06-10,2,tt10101518,tvSeries,56,15.5019096967197,8.15421269491423
Seis Manos,2019,18+,7.2,61/100,0,0,0,1,TRUE,1209,2200000,200000,TRUE,TRUE,2019-10-03,2,tt10106108,tvSeries,61,14.6039683728739,7.09837563859079
The Defected,2019,Unknown,7.2,40/100,0,0,0,1,TRUE,48,500000,,FALSE,FALSE,,1,tt10141612,tvSeries,40,13.1223653774023,3.89182029811063
Spectros,2020,18+,4.7,41/100,0,0,0,1,TRUE,338,600000,100000,TRUE,TRUE,2020-02-20,2,tt10145110,tvSeries,41,13.3046866008636,5.82600010738045
The Minions of Midas,2020,Unknown,6.6,53/100,0,0,0,1,TRUE,3374,4800000,400000,TRUE,TRUE,2020-11-13,2,tt10147520,tvMiniSeries,53,15.3841266842114,8.12415060330663
Sneakerheads,2020,Unknown,6.2,47/100,0,0,0,1,TRUE,1115,3100000,500000,TRUE,TRUE,2020-09-25,2,tt10151772,tvSeries,47,14.946912992036,7.01750614294126
Julie and the Phantoms,2020,7+,8.5,74/100,0,0,0,1,TRUE,7138,21300000,2200000,TRUE,TRUE,2020-09-10,2,tt10183988,tvSeries,74,16.874217677628,8.87332798950246
It's Bruno!,2019,7+,7.5,63/100,0,0,0,1,TRUE,2610,1000000,100000,TRUE,TRUE,2019-05-17,2,tt10186846,tvSeries,63,13.8155115579638,7.86748856869913
One Spring Night,2019,Unknown,7.9,51/100,0,0,0,1,TRUE,1653,27000000,800000,TRUE,TRUE,2019-05-22,2,tt10192576,tvSeries,51,17.1113474610056,7.41095187558364
Sons of the Caliphate,2016,Unknown,,13/100,0,0,0,1,TRUE,27,100000,,FALSE,FALSE,,1,tt10202268,tvSeries,13,11.5129354649202,3.3322045101752
Pandora,2019,7+,4.2,52/100,0,1,0,2,FALSE,3094,2700000,,FALSE,FALSE,2017-03-17,1,tt10207090,tvSeries,52,14.8087627013449,8.0375431851187
Chief of Staff,2019,16+,7.9,44/100,0,0,0,1,TRUE,321,5100000,200000,TRUE,TRUE,2019-06-14,4,tt10220476,tvSeries,44,15.444751293773,5.77455154554441
Legend Quest: Masters of Myth,2019,Unknown,7.7,39/100,0,0,0,1,TRUE,101,1900000,200000,TRUE,TRUE,2019-10-05,2,tt10228032,tvSeries,39,14.4573649704523,4.62497281328427
Bombay Begums,2021,Unknown,4.9,48/100,0,0,0,1,TRUE,3469,2000000,200000,TRUE,TRUE,2021-03-08,2,tt10238792,tvSeries,48,14.5086582385241,8.15190987294091
Reality Z,2020,18+,5.4,53/100,0,0,0,1,TRUE,2098,5100000,400000,TRUE,TRUE,2020-06-10,2,tt10241238,tvSeries,53,15.444751293773,7.64921631982063
Crime Diaries: Night Out,2019,Unknown,7.8,44/100,0,0,0,1,TRUE,702,5400000,600000,TRUE,TRUE,2019-05-03,2,tt10242266,tvMiniSeries,44,15.5019096967197,6.55535689181067
Jailbirds,2019,18+,7.1,49/100,0,0,0,1,TRUE,908,8000000,700000,TRUE,TRUE,2019-05-10,2,tt10243628,tvSeries,49,15.8949522246441,6.81234509417748
Killer Ratings,2019,18+,8,53/100,0,0,0,1,TRUE,1334,2300000,200000,TRUE,TRUE,2019-05-31,2,tt10243692,tvMiniSeries,53,14.6484201156819,7.19668657083435
Oktoberfest: Beer & Blood,2020,Unknown,6.8,50/100,0,0,0,1,TRUE,1730,3200000,400000,TRUE,TRUE,2020-10-01,2,tt10244612,tvMiniSeries,50,14.9786616802699,7.45645455517621
Extracurricular,2020,18+,7.7,56/100,0,0,0,1,TRUE,3315,15400000,700000,TRUE,TRUE,2020-04-29,2,tt10262630,tvSeries,56,16.5498781323189,8.10651451625519
Put Your Head on My Shoulder,2019,7+,8,51/100,0,0,0,1,TRUE,1212,16400000,500000,FALSE,FALSE,,2,tt10265158,tvSeries,51,16.61279195377,7.10085190894405
My Perfect Landing,2020,Unknown,6.3,42/100,0,0,0,1,TRUE,108,20600000,1700000,FALSE,FALSE,,2,tt10268080,tvSeries,42,16.8408016823035,4.69134788222914
Outer Banks,2020,18+,7.6,79/100,0,0,0,1,TRUE,22148,865400000,14700000,TRUE,TRUE,2020-04-15,6,tt10293938,tvSeries,79,20.5787023869106,10.0055476277273
Pup Academy,2019,Unknown,6.6,44/100,0,0,0,1,TRUE,395,62300000,6600000,TRUE,TRUE,2020-02-21,4,tt10302548,tvSeries,44,17.947471999809,5.98141421125448
#blackAF,2020,18+,6.8,54/100,0,0,0,1,TRUE,4079,2500000,200000,TRUE,TRUE,2020-04-17,2,tt10311562,tvSeries,54,14.7318016898383,8.31385226739821
Someone Has to Die,2020,Unknown,6.3,54/100,0,0,0,1,TRUE,3777,1500000,300000,TRUE,TRUE,2020-10-16,2,tt10311932,tvMiniSeries,54,14.2209763327389,8.23695004806146
The Writer,2019,7+,6.6,40/100,0,0,0,1,TRUE,237,300000,,FALSE,FALSE,,1,tt10312958,tvSeries,40,12.6115410869661,5.47227067367148
I Hear You,2019,all,7.8,40/100,0,0,0,1,TRUE,431,11500000,400000,FALSE,FALSE,,2,tt10327440,tvSeries,40,16.25785768029,6.06842558824411
Alias Grace,2017,18+,7.7,79/100,0,0,0,1,TRUE,27725,19400000,2400000,TRUE,TRUE,2017-11-03,2,tt1034007,tvMiniSeries,79,16.78078367558,10.2301258800983
Miniforce X,2019,Unknown,4.3,34/100,0,1,0,2,FALSE,9,100000,,FALSE,FALSE,,1,tt10340828,tvSeries,34,11.5129354649202,2.30258509299405
All For Love,2020,7+,7,47/100,0,0,0,1,TRUE,117,68200000,600000,FALSE,FALSE,2020-06-26,2,tt10347886,tvSeries,47,18.0379551374765,4.77068462446567
Her Mother's Killer,2020,16+,7.7,46/100,0,0,0,1,TRUE,208,54100000,700000,FALSE,FALSE,2020-08-26,2,tt10348078,tvSeries,46,17.806344762301,5.34233425196481
The Queen and the Conqueror,2020,16+,6.7,52/100,0,0,0,1,TRUE,124,16400000,200000,FALSE,FALSE,2020-05-20,2,tt10348700,tvSeries,52,16.61279195377,4.8283137373023
El Final del Paraíso,2019,Unknown,5.5,51/100,0,0,0,1,TRUE,153,76400000,400000,FALSE,FALSE,,2,tt10367818,tvSeries,51,18.1514932672258,5.03695260241363
A Thousand Goodnights,2019,Unknown,,36/100,0,0,0,1,TRUE,68,900000,,FALSE,FALSE,2019-05-31,1,tt10370952,tvSeries,36,13.7101511534169,4.23410650459726
Awake: The Million Dollar Game,2019,7+,5.9,45/100,0,0,0,1,TRUE,660,4600000,400000,TRUE,TRUE,2019-06-14,2,tt10370956,tvSeries,45,15.3415670788506,6.49375383985169
Exhibit A,2019,18+,6.2,44/100,0,1,0,2,FALSE,839,1800000,300000,TRUE,TRUE,2019-06-28,2,tt10376904,tvSeries,44,14.4032977784218,6.73340189183736
Dino Girl Gauko,2019,7+,6.7,39/100,0,0,0,1,TRUE,55,2600000,400000,TRUE,FALSE,2019-11-22,4,tt10380814,tvSeries,39,14.771022387607,4.02535169073515
City of Ghosts,2021,7+,8,49/100,0,1,0,2,FALSE,159,600000,200000,TRUE,TRUE,2021-03-05,2,tt10380896,tvSeries,49,13.3046866008636,5.07517381523383
Scissor Seven,2018,7+,8.3,57/100,0,0,0,1,TRUE,190,20000000,5100000,TRUE,TRUE,2020-01-10,7,tt10384610,tvSeries,57,16.8112428815183,5.25227342804663
Next in Fashion,2020,16+,7.3,52/100,0,0,0,1,TRUE,2996,111200000,2000000,TRUE,TRUE,2020-01-29,4,tt10394770,tvSeries,52,18.5268409487736,8.00536706731666
In The Bosom of a Thorn,2019,16+,7.3,35/100,0,0,0,1,TRUE,35,500000,,FALSE,FALSE,,1,tt10397430,tvSeries,35,13.1223653774023,3.58351893845611
Designated Survivor: 60 Days,2019,Unknown,8.1,51/100,0,0,0,1,TRUE,869,9900000,200000,TRUE,TRUE,2019-07-01,2,tt10405394,tvSeries,51,16.1080454161149,6.76849321164863
Rookie Historian Goo Hae-Ryung,2019,Unknown,8.2,51/100,0,0,0,1,TRUE,1304,25100000,500000,TRUE,TRUE,2019-07-17,2,tt10406128,tvSeries,51,17.0383784439426,7.17395831975679
Family Business,2019,16+,7.4,56/100,0,0,0,1,TRUE,2601,11200000,1500000,TRUE,TRUE,2019-06-28,6,tt10423460,tvSeries,56,16.231424425551,7.86403565907245
Scams,2019,Unknown,6.3,40/100,0,0,0,1,TRUE,267,800000,100000,TRUE,TRUE,2019-07-02,2,tt10448486,tvMiniSeries,40,13.5923682566493,5.59098698051086
Unrequited Love,2019,Unknown,7.3,40/100,0,0,0,1,TRUE,177,3100000,100000,FALSE,FALSE,2019-07-16,3,tt10449632,tvSeries,40,14.946912992036,5.18178355029209
Somewhere Only We Know,2019,Unknown,7.3,41/100,0,0,0,1,TRUE,123,3000000,100000,FALSE,FALSE,,2,tt10472296,tvSeries,41,14.9141231799657,4.82028156560504
Grand Army,2020,Unknown,7.6,61/100,0,0,0,1,TRUE,4154,10800000,500000,TRUE,TRUE,2020-10-16,2,tt10473150,tvSeries,61,16.195056784687,8.33206770728955
The Naked Director,2019,18+,7.7,66/100,0,0,0,1,TRUE,4470,10100000,800000,TRUE,TRUE,2019-08-08,4,tt10477528,tvSeries,66,16.1280460808214,8.40536737623398
Kipo and the Age of Wonderbeasts,2020,7+,8.4,70/100,0,0,0,1,TRUE,3727,19100000,2200000,TRUE,TRUE,2020-01-14,6,tt10482560,tvSeries,70,16.7651989453729,8.22362717580548
Capitani,2019,Unknown,6.6,51/100,0,0,0,1,TRUE,3103,21400000,1600000,TRUE,TRUE,2021-02-11,4,tt10483610,tvSeries,51,16.8789015267211,8.04044688130311
Prank Encounters,2019,16+,5.2,48/100,0,0,0,1,TRUE,2411,5400000,800000,TRUE,TRUE,2019-10-25,4,tt10487072,tvSeries,48,15.5019096967197,7.78821155784708
The Shannara Chronicles,2016,16+,7.2,77/100,0,0,0,1,TRUE,55517,17400000,900000,FALSE,FALSE,,4,tt1051220,tvSeries,77,16.671980821656,10.9244625714771
Justice,2019,7+,5.2,37/100,0,0,0,1,TRUE,62,400000,,FALSE,FALSE,,1,tt10513300,tvSeries,37,12.899222326087,4.14313472639153
Love 101,2020,18+,7.5,61/100,0,0,0,1,TRUE,9910,16000000,1100000,TRUE,TRUE,2020-04-24,4,tt10516352,tvSeries,61,16.5880993427041,9.20140053040671
Extreme Engagement,2019,18+,5.7,38/100,0,0,0,1,TRUE,329,900000,100000,TRUE,TRUE,2019-07-12,2,tt10521644,tvSeries,38,13.7101511534169,5.79909265446053
Snabba Cash,2021,Unknown,7.6,59/100,0,0,0,1,TRUE,5996,22600000,2400000,TRUE,TRUE,2021-04-07,4,tt10540276,tvSeries,59,16.9334605084903,8.69901462316851
The Healing Powers of Dude,2020,all,6.6,48/100,0,0,0,1,TRUE,701,9500000,1100000,TRUE,TRUE,2020-01-13,2,tt10540562,tvSeries,48,16.0668024618339,6.55393340402581
The Trial,2019,Unknown,7,50/100,0,0,0,1,TRUE,2472,17800000,900000,TRUE,TRUE,2019-12-17,2,tt10549212,tvSeries,50,16.6947090714421,7.81318726752142
Age of Samurai: Battle for Japan,2021,Unknown,7.4,56/100,0,0,0,1,TRUE,3004,10100000,1100000,TRUE,TRUE,2021-02-24,2,tt10551256,tvMiniSeries,56,16.1280460808214,8.00803284696931
The Untamed,2019,16+,9,66/100,0,0,0,1,TRUE,4374,17200000,200000,FALSE,FALSE,,2,tt10554898,tvSeries,66,16.6604199999232,8.38366179879172
Teenage Bounty Hunters,2020,18+,7.7,72/100,0,0,0,1,TRUE,8918,13000000,600000,TRUE,TRUE,2020-08-14,2,tt10584608,tvSeries,72,16.3804599923489,9.09593911166621
The Legend of Bruce Lee,2008,Unknown,7,53/100,0,1,0,2,FALSE,1317,4400000,100000,FALSE,FALSE,,2,tt1059455,tvSeries,53,15.2971153261612,7.18387071506245
Levius,2019,Unknown,7,50/100,0,0,0,1,TRUE,431,1200000,100000,TRUE,TRUE,2019-11-28,2,tt10619444,tvMiniSeries,50,13.9978329480912,6.06842558824411
Zero,2021,Unknown,5.7,50/100,0,0,0,1,TRUE,940,3600000,500000,TRUE,TRUE,2021-04-21,2,tt10619486,tvSeries,50,15.0964446812041,6.84694313958538
The Legend of White Snake,2019,all,7.7,41/100,0,0,0,1,TRUE,163,4700000,100000,FALSE,FALSE,,2,tt10628250,tvSeries,41,15.3630732794462,5.0998664278242
Queen of the South,2016,16+,8,79/100,0,0,0,1,TRUE,22100,204400000,12300000,TRUE,FALSE,,10,tt1064899,tvSeries,79,19.1355894211862,10.0033781353509
Betaal,2020,18+,5.4,56/100,0,0,0,1,TRUE,8067,5000000,600000,TRUE,TRUE,2020-05-24,2,tt10651790,tvSeries,56,15.4249486703984,8.9956608990741
Masaba Masaba,2020,Unknown,6.7,46/100,0,0,0,1,TRUE,1490,2400000,300000,TRUE,TRUE,2020-08-28,4,tt10655506,tvSeries,46,14.6909797119848,7.30720231476474
The Movies That Made Us,2019,18+,7.8,75/100,0,0,0,1,TRUE,2955,8400000,900000,TRUE,TRUE,2019-11-29,6,tt10681222,tvSeries,75,15.9437423828612,7.99159228206809
"Breakfast, Lunch & Dinner",2019,18+,6.8,51/100,0,0,0,1,TRUE,909,1100000,100000,TRUE,TRUE,2019-10-23,2,tt10681670,tvSeries,51,13.9108216468591,6.8134445995109
Terrace House: Tokyo 2019-2020,2019,Unknown,7.4,47/100,0,0,0,1,TRUE,606,2900000,200000,FALSE,FALSE,2019-05-13,4,tt10686814,tvSeries,47,14.8802216397842,6.4085287910595
Dragons: Rescue Riders,2019,7+,6.1,45/100,0,0,0,1,TRUE,220,50100000,4500000,TRUE,TRUE,2019-09-27,4,tt10687134,tvSeries,45,17.7295315860152,5.39816270151775
Hello Ninja,2019,all,6.6,34/100,0,0,0,1,TRUE,88,22300000,4900000,TRUE,TRUE,2019-11-01,8,tt10687170,tvSeries,34,16.9200972812734,4.48863636973214
StarBeam,2020,all,6.9,47/100,0,0,0,1,TRUE,64,9300000,2400000,FALSE,FALSE,2020-04-03,8,tt10687184,tvSeries,47,16.0455250656504,4.17438726989564
Izzy's Koala World,2020,all,8,45/100,0,0,0,1,TRUE,151,16900000,3900000,TRUE,TRUE,2020-09-15,4,tt10687266,tvSeries,45,16.6428242390649,5.02388052084628
Emily's Wonder Lab,2020,all,8.6,44/100,0,0,0,1,TRUE,128,13500000,3200000,TRUE,TRUE,2020-08-25,2,tt10687464,tvSeries,44,16.4182003174827,4.85981240436167
Dollar,2019,18+,6.7,44/100,0,0,0,1,TRUE,537,200000,,TRUE,TRUE,2019-08-08,1,tt10687564,tvSeries,44,12.2060776455177,6.28785856016178
Basketball or Nothing,2019,7+,7.5,43/100,0,0,0,1,TRUE,506,600000,100000,TRUE,TRUE,2019-08-02,2,tt10698408,tvSeries,43,13.3046866008636,6.22851100359118
Secreto bien guardado,2019,Unknown,4.9,36/100,0,0,0,1,TRUE,156,1500000,200000,FALSE,FALSE,,2,tt10702412,tvMiniSeries,36,14.2209763327389,5.05624580534831
The Family,2019,16+,6.4,59/100,0,0,0,1,TRUE,3136,4100000,500000,TRUE,TRUE,2019-08-09,2,tt10715148,tvMiniSeries,59,15.2264977755769,8.05102220819068
Styling Hollywood,2019,16+,7.3,35/100,0,0,0,1,TRUE,307,1000000,100000,TRUE,TRUE,2019-08-30,2,tt10715202,tvSeries,35,13.8155115579638,5.73009978297357
The Big Show Show,2020,all,6.4,52/100,0,0,0,1,TRUE,2068,18400000,2600000,TRUE,TRUE,2020-04-06,2,tt10726356,tvSeries,52,16.727861276927,7.63482067774554
Happy Jail,2019,18+,8,34/100,0,0,0,1,TRUE,222,400000,100000,TRUE,TRUE,2019-08-14,2,tt10753590,tvSeries,34,12.899222326087,5.40717177146012
Tiny Pretty Things,2020,Unknown,5.9,55/100,0,0,0,1,TRUE,7809,22000000,1200000,TRUE,TRUE,2020-12-14,2,tt10767748,tvSeries,55,16.9065530567771,8.96316024283373
Alice in Borderland,2020,Unknown,7.7,67/100,0,0,0,1,TRUE,21278,310700000,8200000,TRUE,TRUE,2020-12-10,4,tt10795658,tvSeries,67,19.5543383775818,9.9654759498702
"The Mind, Explained",2019,16+,8,62/100,0,0,0,1,TRUE,4313,6500000,1400000,TRUE,TRUE,2019-09-12,4,tt10810430,tvSeries,62,15.687312888712,8.3696208269491
Ginny & Georgia,2021,16+,7.5,75/100,0,0,0,1,TRUE,33052,1098100000,13900000,TRUE,TRUE,2021-02-24,4,tt10813940,tvSeries,75,20.8168472514786,10.4058676127186
When the Camellia Blooms,2019,Unknown,8,55/100,0,0,0,1,TRUE,1689,15900000,400000,TRUE,TRUE,2019-09-18,2,tt10826064,tvSeries,55,16.5818297300835,7.43248380791712
The Club,2019,18+,6.3,50/100,0,0,0,1,TRUE,728,47800000,4700000,TRUE,TRUE,2019-11-15,5,tt10833132,tvSeries,50,17.6825362183822,6.59167373200866
Get Organized with The Home Edit,2020,Unknown,4.8,43/100,0,0,0,1,TRUE,166,15100000,1000000,TRUE,TRUE,2020-09-09,4,tt10834478,tvSeries,43,16.5302053680103,5.11799381241676
Inside Bill's Brain: Decoding Bill Gates,2019,16+,7.9,65/100,0,0,0,1,TRUE,9749,2500000,500000,TRUE,TRUE,2019-09-20,2,tt10837476,tvMiniSeries,65,14.7318016898383,9.18502256399189
My Country: The New Age,2019,Unknown,8.3,51/100,0,0,0,1,TRUE,1356,17300000,400000,TRUE,TRUE,2019-10-04,2,tt10850888,tvSeries,51,16.6662171172715,7.21303165983487
Crash Landing on You,2019,16+,8.7,71/100,0,0,0,1,TRUE,15494,231600000,5000000,TRUE,TRUE,2019-12-14,2,tt10850932,tvMiniSeries,71,19.2605223079809,9.64827267022185
LEGO Jurassic World: Legend of Isla Nublar,2019,all,6.8,45/100,0,0,0,1,TRUE,190,5700000,,FALSE,FALSE,,1,tt10872880,tvMiniSeries,45,15.5559769082434,5.25227342804663
Marianne,2019,18+,7.5,73/100,0,0,0,1,TRUE,12537,9300000,800000,TRUE,TRUE,2019-09-13,2,tt10875696,tvSeries,73,16.0455250656504,9.43651931183391
Love & Anarchy,2020,Unknown,7.4,52/100,0,0,0,1,TRUE,6534,10100000,1100000,TRUE,TRUE,2020-11-04,4,tt10888876,tvSeries,52,16.1280460808214,8.78492762605832
The Irregulars,2021,18+,5.9,63/100,0,0,0,1,TRUE,12010,17300000,1000000,TRUE,TRUE,2021-03-26,2,tt10893694,tvSeries,63,16.6662171172715,9.39357817555449
Nowhere Man,2019,18+,5.6,40/100,0,0,0,1,TRUE,298,400000,,TRUE,TRUE,2019-10-31,1,tt10895588,tvSeries,40,12.899222326087,5.70044357339069
The Lies Within,2019,Unknown,7,48/100,0,0,0,1,TRUE,243,8900000,300000,TRUE,TRUE,2019-10-12,2,tt10919902,tvSeries,48,16.0015619470619,5.4971682252932
Brews Brothers,2020,18+,5.1,49/100,0,0,0,1,TRUE,1674,400000,100000,TRUE,TRUE,2020-04-10,2,tt10930958,tvSeries,49,12.899222326087,7.42356844425917
Ricky Zoom,2019,all,6.5,39/100,0,0,0,1,TRUE,67,12000000,400000,FALSE,FALSE,,2,tt10932166,tvSeries,39,16.3004172910856,4.21950770517611
The Upshaws,2021,16+,6.9,53/100,0,0,0,1,TRUE,1552,88600000,12900000,TRUE,TRUE,2021-05-12,7,tt10945036,tvSeries,53,18.299642426862,7.34794382314869
Who Killed Malcolm X?,2019,Unknown,7.6,52/100,0,0,0,1,TRUE,1782,1300000,100000,TRUE,TRUE,2020-02-07,2,tt10948316,tvMiniSeries,52,14.0778755916622,7.48605261786314
The Gift,2019,18+,7.2,69/100,1,0,0,2,FALSE,13,24200000,1600000,TRUE,TRUE,2019-12-27,6,tt10956962,tvSeries,69,17.0018632324492,2.63905732961526
The Haunting of Bly Manor,2020,Unknown,7.4,74/100,0,0,0,1,TRUE,75839,40000000,2600000,TRUE,TRUE,2020-10-09,2,tt10970552,tvMiniSeries,74,17.5043900370782,11.2363811369289
The Crew,2021,16+,6.6,56/100,0,0,0,1,TRUE,4275,6100000,500000,TRUE,TRUE,2021-02-15,2,tt10971022,tvSeries,56,15.623799493078,8.36077327214494
Queer Eye: We're in Japan!,2019,16+,8.2,54/100,0,0,0,1,TRUE,2100,1700000,200000,TRUE,TRUE,2019-11-01,2,tt10971532,tvSeries,54,14.3461393972616,7.650168700845
Equinox,2020,18+,6.1,57/100,0,0,0,1,TRUE,5150,5600000,600000,TRUE,TRUE,2020-12-30,2,tt10973800,tvSeries,57,15.5382773342768,8.54694614956559
Living Undocumented,2019,18+,6.6,42/100,0,0,0,1,TRUE,524,900000,100000,TRUE,TRUE,2019-10-02,2,tt10977486,tvSeries,42,13.7101511534169,6.26339826259162
Nailed It! Spain,2019,Unknown,5.5,29/100,0,0,0,1,TRUE,81,600000,100000,TRUE,TRUE,2019-10-25,2,tt10981666,tvSeries,29,13.3046866008636,4.40671924726425
Criminal: Spain,2019,7+,6.9,51/100,0,0,0,1,TRUE,3605,1500000,400000,TRUE,TRUE,2019-09-20,2,tt10986050,tvMiniSeries,51,14.2209763327389,8.19035440376326
Criminal: France,2019,7+,7.2,52/100,0,0,0,1,TRUE,3505,1200000,300000,TRUE,TRUE,2019-09-20,2,tt10986052,tvMiniSeries,52,13.9978329480912,8.16223106548118
Criminal: Germany,2019,Unknown,,42/100,0,0,0,1,TRUE,4490,1800000,400000,TRUE,TRUE,2019-09-20,2,tt10986056,tvMiniSeries,42,14.4032977784218,8.40983067308774
Nailed It! France,2019,16+,6.4,37/100,0,0,0,1,TRUE,95,800000,100000,TRUE,TRUE,2019-10-25,2,tt10990804,tvSeries,37,13.5923682566493,4.56434819146784
BEASTARS,2019,18+,7.8,67/100,0,0,0,1,TRUE,6744,12800000,1400000,TRUE,TRUE,2019-10-07,4,tt11043632,tvSeries,67,16.3649558070148,8.81655676864186
Move to Heaven,2021,Unknown,8.7,62/100,0,0,0,1,TRUE,1730,33500000,1700000,TRUE,TRUE,2021-05-14,2,tt11052470,tvMiniSeries,62,17.327056026646,7.45645455517621
We Are the Wave,2019,18+,6.1,52/100,0,0,0,1,TRUE,2333,2500000,200000,TRUE,TRUE,2019-11-01,2,tt11053220,tvSeries,52,14.7318016898383,7.7553388128465
My Holo Love,2020,Unknown,7.7,48/100,0,0,0,1,TRUE,1706,28600000,1100000,TRUE,TRUE,2020-02-07,2,tt11058644,tvMiniSeries,48,17.1689173107551,7.44249272279444
Unnatural Selection,2019,Unknown,8,54/100,0,0,0,1,TRUE,1635,1300000,100000,TRUE,TRUE,2019-10-18,2,tt11063952,tvSeries,54,14.0778755916622,7.40000951716269
The Iliza Shlesinger Sketch Show,2020,18+,5,40/100,0,0,0,1,TRUE,796,200000,100000,TRUE,TRUE,2020-04-01,2,tt11092086,tvSeries,40,12.2060776455177,6.68085467879022
Katla,2021,18+,7.1,70/100,0,0,0,1,TRUE,260,12600000,800000,TRUE,TRUE,2021-06-17,2,tt11102190,tvSeries,70,16.3492074512868,5.56452040732269
Unstoppable,2020,18+,7.3,49/100,1,0,0,2,FALSE,770,2700000,300000,TRUE,TRUE,2020-02-28,2,tt11120674,tvMiniSeries,49,14.8087627013449,6.64768837356333
Kissing Game,2020,18+,6.4,52/100,0,0,0,1,TRUE,642,100000,,TRUE,TRUE,2020-07-17,1,tt11131962,tvSeries,52,11.5129354649202,6.46614472423762
Nobody's Looking,2019,18+,7.8,52/100,0,0,0,1,TRUE,1536,2200000,300000,TRUE,TRUE,2019-11-22,2,tt11131980,tvSeries,52,14.6039683728739,7.3375877435386
Dorohedoro,2020,18+,8.2,64/100,0,0,0,1,TRUE,5759,5700000,500000,TRUE,TRUE,2020-01-11,2,tt11147852,tvSeries,64,15.5559769082434,8.65869275368994
Little Singham,2018,Unknown,3.6,43/100,0,0,0,1,TRUE,55,1000000,,FALSE,FALSE,,1,tt11151836,tvSeries,43,13.8155115579638,4.02535169073515
A Little Thing Called First Love,2019,all,8,53/100,0,1,0,2,FALSE,252,10000000,200000,TRUE,TRUE,,2,tt11152058,tvSeries,53,16.1180957509583,5.53338948872752
The Disastrous Life of Saiki K.: Reawakened,2019,Unknown,7.9,51/100,0,0,0,1,TRUE,1050,4700000,1000000,TRUE,TRUE,2019-12-30,2,tt11163352,tvSeries,51,15.3630732794462,6.95749737087695
The Devil Next Door,2019,18+,7.6,70/100,0,0,0,1,TRUE,11003,7800000,1100000,TRUE,TRUE,2019-11-04,2,tt11165002,tvMiniSeries,70,15.8696344198649,9.30601412204446
Maradona in Mexico,2019,Unknown,7.2,43/100,0,0,0,1,TRUE,1000,800000,100000,TRUE,TRUE,2019-11-13,2,tt11168104,tvMiniSeries,43,13.5923682566493,6.90875477931522
Sugar Rush Christmas,2019,Unknown,6.9,45/100,0,0,0,1,TRUE,451,10400000,1500000,TRUE,TRUE,2019-11-29,4,tt11168116,tvSeries,45,16.1573164602654,6.11368217983223
Broken,2019,16+,6.9,52/100,0,0,0,1,TRUE,931,6200000,700000,TRUE,TRUE,2019-11-27,2,tt11168226,tvSeries,52,15.6400600113056,6.83733281468559
Singapore Social,2019,Unknown,5.1,31/100,0,0,0,1,TRUE,511,400000,,TRUE,TRUE,2019-11-22,1,tt11194508,tvSeries,31,12.899222326087,6.23832462503951
Narcoworld: Dope Stories,2019,Unknown,6.6,41/100,0,0,0,1,TRUE,272,3800000,600000,TRUE,TRUE,2019-11-22,2,tt11215112,tvSeries,41,15.1505118878545,5.60947179518496
No Time for Shame,2019,Unknown,5.7,29/100,0,0,0,1,TRUE,72,100000,,FALSE,FALSE,2019-11-19,1,tt11215130,tvMiniSeries,29,11.5129354649202,4.29045944114839
The King: Eternal Monarch,2020,16+,8.3,66/100,0,0,0,1,TRUE,7537,71700000,1600000,TRUE,TRUE,2020-04-17,2,tt11228748,tvSeries,66,18.0880013195169,8.92771217382708
Magical Andes,2019,Unknown,7.8,48/100,0,0,0,1,TRUE,427,3400000,700000,FALSE,FALSE,2019-10-14,4,tt11229002,tvSeries,48,15.039286283704,6.0591231955818
Itaewon Class,2020,Unknown,8.2,62/100,0,0,0,1,TRUE,7406,54200000,1300000,TRUE,TRUE,2020-01-31,2,tt11239552,tvSeries,62,17.8081914848601,8.91018077801329
Holiday Secrets,2019,16+,6.5,44/100,0,0,0,1,TRUE,963,800000,300000,TRUE,TRUE,2019-11-20,2,tt11243536,tvMiniSeries,44,13.5923682566493,6.87109129461055
Once Upon a Time in Lingjian Mountain,2019,all,7.7,43/100,0,0,0,1,TRUE,197,3700000,100000,FALSE,FALSE,,2,tt11261994,tvSeries,43,15.1238436478847,5.28826703069454
Who Killed Little Gregory?,2019,Unknown,7.4,55/100,0,0,0,1,TRUE,2408,2800000,300000,TRUE,TRUE,2019-11-20,2,tt11269714,tvMiniSeries,55,14.8451303322882,7.78696700261487
Summertime,2020,18+,5.5,57/100,1,0,0,2,FALSE,1898,12900000,900000,TRUE,TRUE,2020-04-29,6,tt11269886,tvSeries,57,16.3727379468513,7.54908271081229
My Dear Warrior,2019,Unknown,3.9,33/100,0,0,0,1,TRUE,15,200000,,TRUE,TRUE,,1,tt11281912,tvSeries,33,12.2060776455177,2.77258872223978
Ethos,2020,Unknown,8.6,63/100,0,0,0,1,TRUE,22952,2100000,200000,TRUE,TRUE,2020-11-12,2,tt11301642,tvSeries,63,14.557448378884,10.0412039259
Crazy Delicious,2020,7+,6.7,52/100,0,0,0,1,TRUE,725,4000000,400000,TRUE,TRUE,2020-06-24,2,tt11301834,tvSeries,52,15.2018051690841,6.5875500148248
The Confession Killer,2019,16+,7.4,68/100,0,0,0,1,TRUE,7327,4500000,500000,TRUE,TRUE,2019-12-06,2,tt11307176,tvMiniSeries,68,15.3195881769627,8.89945790635397
Big Time Rush,2009,all,6.4,63/100,1,1,0,3,FALSE,10616,10100000,100000,FALSE,FALSE,,5,tt1131746,tvSeries,63,16.1280460808214,9.27021176901357
Don't F**k with Cats: Hunting an Internet Killer,2019,18+,8,74/100,0,0,0,1,TRUE,41656,7000000,1100000,TRUE,TRUE,2019-12-18,2,tt11318602,tvMiniSeries,74,15.7614208498767,10.6372247007002
Caliphate,2020,18+,8.2,68/100,0,0,0,1,TRUE,14771,11200000,1000000,TRUE,TRUE,2020-03-18,2,tt11398870,tvSeries,68,16.231424425551,9.60048877597245
Yanxi Palace: Princess Adventures,2019,Unknown,5.8,38/100,0,0,0,1,TRUE,225,2100000,200000,TRUE,TRUE,2019-12-31,2,tt11399844,tvSeries,38,14.557448378884,5.42053499927229
Drifting Dragons,2020,Unknown,6,45/100,0,0,0,1,TRUE,471,1700000,200000,TRUE,FALSE,2020-01-08,2,tt11418344,tvSeries,45,14.3461393972616,6.15697898558556
Cheer,2020,16+,8.1,70/100,0,0,0,1,TRUE,4190,10100000,600000,TRUE,TRUE,2020-01-08,4,tt11426660,tvSeries,70,16.1280460808214,8.34069464792507
Little Baby Bum: Nursery Rhyme Friends,2016,all,6.7,36/100,0,0,0,1,TRUE,26,78600000,8400000,TRUE,TRUE,,4,tt11460334,tvSeries,36,18.1798822701221,3.29583686600433
Nailed It! Germany,2020,Unknown,5.8,35/100,0,0,0,1,TRUE,84,200000,,TRUE,TRUE,2020-01-17,1,tt11460744,tvSeries,35,12.2060776455177,4.44265125649032
Killer Inside: The Mind of Aaron Hernandez,2020,18+,7.4,67/100,0,0,0,1,TRUE,14367,9800000,1600000,TRUE,TRUE,2020-01-15,2,tt11475228,tvMiniSeries,67,16.0978930456816,9.57275879054198
Pandemic: How to Prevent an Outbreak,2020,16+,6.4,50/100,0,0,0,1,TRUE,2583,800000,100000,TRUE,TRUE,2020-01-22,2,tt11497904,tvMiniSeries,50,13.5923682566493,7.85709386490249
Night on Earth,2020,7+,8.2,60/100,0,0,0,1,TRUE,3586,13100000,1300000,TRUE,TRUE,2020-01-29,2,tt11497922,tvMiniSeries,60,16.3881228645073,8.18507147753228
Valentino,2020,Unknown,5.5,40/100,0,0,0,1,TRUE,169,500000,,FALSE,FALSE,,1,tt11508212,tvSeries,40,13.1223653774023,5.13579843705026
Bangkok Buddies,2019,all,6.8,29/100,0,0,0,1,TRUE,13,100000,,TRUE,TRUE,,1,tt11513508,tvSeries,29,11.5129354649202,2.63905732961526
Hyena,2020,Unknown,7.8,47/100,0,0,0,1,TRUE,576,8100000,200000,TRUE,TRUE,2020-02-21,2,tt11534164,tvSeries,47,15.9073747430995,6.3578422665081
Handsome Siblings,2020,Unknown,8.2,49/100,0,0,0,1,TRUE,486,12900000,200000,FALSE,FALSE,2020-01-16,2,tt11541444,tvSeries,49,16.3727379468513,6.18826412308259
Omniscient,2020,18+,6.4,53/100,0,0,0,1,TRUE,1742,2200000,200000,TRUE,TRUE,2020-01-29,2,tt11542920,tvSeries,53,14.6039683728739,7.46336304552002
Find Yourself,2020,Unknown,7.8,53/100,0,0,0,1,TRUE,87,8900000,100000,TRUE,TRUE,,2,tt11569628,tvSeries,53,16.0015619470619,4.47733681447821
The Pharmacist,2020,Unknown,7.7,60/100,0,0,0,1,TRUE,5945,10300000,2100000,TRUE,TRUE,2020-02-05,2,tt11600174,tvMiniSeries,60,16.1476545502872,8.69047400355804
Sweet Home,2020,Unknown,7.4,65/100,0,0,0,1,TRUE,11584,185000000,17300000,TRUE,TRUE,2020-12-18,3,tt11612120,tvSeries,65,19.035866388448,9.35746643686648
The Midnight Gospel,2020,18+,8.2,74/100,0,0,0,1,TRUE,13374,11500000,1400000,TRUE,TRUE,2020-04-20,2,tt11639414,tvSeries,74,16.25785768029,9.50114257176421
The Cabin with Bert Kreischer,2020,18+,7.3,49/100,0,0,0,1,TRUE,1294,2400000,300000,TRUE,TRUE,2020-10-13,2,tt11666848,tvSeries,49,14.6909797119848,7.16626597413364
Great Pretender,2020,18+,8,69/100,0,0,0,1,TRUE,3135,5800000,500000,TRUE,TRUE,2020-06-01,4,tt11680468,tvSeries,69,15.5733686479304,8.0507033814703
Sing On! Spain,2020,Unknown,6.2,35/100,0,0,0,1,TRUE,110,200000,,TRUE,TRUE,2020-07-24,1,tt11698668,tvSeries,35,12.2060776455177,4.70953020131233
Love Is Blind,2020,18+,6.1,65/100,0,1,0,2,FALSE,5104,577800000,19600000,TRUE,TRUE,2020-02-13,9,tt11704040,tvSeries,65,20.1747383477271,8.53797573059877
Nadiya Bakes,2020,Unknown,7.1,41/100,0,0,0,1,TRUE,170,2200000,200000,TRUE,TRUE,2021-02-12,2,tt11714872,tvSeries,41,14.6039683728739,5.14166355650266
Country Comfort,2021,7+,6.9,52/100,0,0,0,1,TRUE,2408,14200000,1600000,TRUE,TRUE,2021-03-19,2,tt11717394,tvSeries,52,16.468752592994,7.78696700261487
Taj Mahal 1989,2020,Unknown,7.5,50/100,0,0,0,1,TRUE,1322,600000,100000,TRUE,TRUE,2020-02-14,2,tt11725706,tvSeries,50,13.3046866008636,7.18765716411496
Total Drama Island,2007,7+,7.2,61/100,0,0,0,1,TRUE,8767,60700000,3500000,FALSE,FALSE,,2,tt1173427,tvSeries,61,17.9214542725042,9.0788640091878
Babies,2020,Unknown,7,46/100,0,0,0,1,TRUE,639,3300000,300000,TRUE,TRUE,2020-02-21,4,tt11744632,tvSeries,46,15.009433329467,6.46146817635372
The Daily Life of the Immortal King,2020,16+,7.4,53/100,0,0,0,1,TRUE,303,3000000,400000,FALSE,FALSE,,3,tt11755260,tvSeries,53,14.9141231799657,5.71702770140622
Hospital Playlist,2020,Unknown,8.7,65/100,0,0,0,1,TRUE,2417,111400000,2400000,TRUE,TRUE,2020-03-12,4,tt11769304,tvSeries,65,18.5286378944341,7.79069603117474
Rugal,2020,Unknown,6.4,49/100,0,0,0,1,TRUE,621,18400000,400000,TRUE,TRUE,2020-03-28,2,tt11769798,tvSeries,49,16.727861276927,6.43294009273918
"Hi Bye, Mama!",2020,Unknown,8,48/100,0,0,0,1,TRUE,1142,19000000,400000,TRUE,TRUE,2020-02-22,2,tt11804034,tvSeries,48,16.7599495897623,7.04141166379481
The Trials of Gabriel Fernandez,2020,18+,8.1,64/100,0,0,0,1,TRUE,9061,13100000,1100000,TRUE,TRUE,2020-02-26,2,tt11822998,tvMiniSeries,64,16.3881228645073,9.11184512522708
Fary: Hexagone,2020,Unknown,6.5,40/100,0,0,0,1,TRUE,108,400000,200000,TRUE,TRUE,2020-03-12,4,tt11823028,tvSeries,40,12.899222326087,4.69134788222914
Vampires,2020,18+,5.6,54/100,0,0,0,1,TRUE,1038,2900000,300000,TRUE,TRUE,2020-03-20,2,tt11829316,tvSeries,54,14.8802216397842,6.94601399109923
Buddi,2020,all,6.9,36/100,0,0,0,1,TRUE,39,2500000,700000,FALSE,FALSE,2020-03-20,4,tt11829340,tvSeries,36,14.7318016898383,3.68887945411394
Mighty Express,2020,all,5,40/100,0,0,0,1,TRUE,74,25800000,5300000,TRUE,TRUE,2020-09-22,14,tt11860336,tvSeries,40,17.0658850886515,4.31748811353631
Love on the Spectrum,2019,all,8.5,59/100,0,0,0,1,TRUE,3209,6100000,700000,TRUE,TRUE,2022-05-18,2,tt11904786,tvSeries,59,15.623799493078,8.07402621612406
She,2020,18+,6.5,62/100,0,0,0,1,TRUE,2939,18900000,1800000,TRUE,TRUE,2020-03-20,4,tt11905720,tvSeries,62,16.7546725329399,7.98616486033273
Beyblade Burst Rise,2020,7+,6.5,44/100,0,0,0,1,TRUE,97,10900000,500000,FALSE,FALSE,,2,tt11916718,tvSeries,44,16.2042734389425,4.58496747867057
Control Z,2020,18+,6.9,61/100,0,0,0,1,TRUE,5288,32500000,2100000,TRUE,TRUE,2020-05-22,6,tt11937662,tvSeries,61,17.2967506780692,8.57338447106598
Daughter From Another Mother,2021,18+,7.4,54/100,0,0,0,1,TRUE,1170,76700000,3100000,TRUE,TRUE,2021-01-20,6,tt11937732,tvSeries,54,18.1554122793753,7.06561336359772
Who Killed Sara?,2021,18+,6.4,71/100,0,0,0,1,TRUE,9533,47700000,4000000,TRUE,TRUE,2021-03-24,6,tt11937816,tvSeries,71,17.6804419768229,9.16261963576477
J-Style Trip,2020,16+,5.4,37/100,0,0,0,1,TRUE,95,100000,,TRUE,TRUE,2020-03-21,1,tt11942052,tvSeries,37,11.5129354649202,4.56434819146784
Ladies Up,2020,Unknown,4.3,35/100,0,0,0,1,TRUE,201,100000,,TRUE,TRUE,2020-03-27,1,tt11942100,tvSeries,35,11.5129354649202,5.30826769740121
Over Christmas,2020,Unknown,6.7,44/100,0,0,0,1,TRUE,1672,1900000,700000,TRUE,TRUE,2020-11-27,2,tt11951234,tvMiniSeries,44,14.4573649704523,7.42237370098682
History 101,2020,7+,6.8,56/100,0,0,0,1,TRUE,3452,7700000,700000,TRUE,TRUE,2020-05-22,4,tt11958648,tvSeries,56,15.856731016694,8.14699869738999
The Innocence Files,2020,18+,8,65/100,0,0,0,1,TRUE,2252,9400000,500000,TRUE,TRUE,2020-04-15,2,tt11958922,tvMiniSeries,65,16.0562203536232,7.72001794043224
How to Fix a Drug Scandal,2020,18+,7,56/100,0,0,0,1,TRUE,2564,5700000,900000,TRUE,TRUE,2020-04-01,2,tt11958942,tvMiniSeries,56,15.5559769082434,7.84971375760487
Fatma,2021,Unknown,7.5,61/100,0,0,0,1,TRUE,6071,2700000,300000,TRUE,TRUE,2021-04-27,2,tt11961378,tvSeries,61,14.8087627013449,8.71144331907547
Trial by Media,2020,16+,7.2,65/100,0,0,0,1,TRUE,2463,4700000,300000,TRUE,TRUE,2020-05-11,2,tt11963042,tvSeries,65,15.3630732794462,7.80954132465341
Shaun the Sheep: Adventures from Mossy Bottom,2020,Unknown,8.1,46/100,0,0,0,1,TRUE,346,35800000,7400000,TRUE,TRUE,2020-03-16,2,tt11983342,tvSeries,46,17.3934584793039,5.84932477994686
Too Hot to Handle,2020,18+,4.6,61/100,0,0,0,1,TRUE,8405,231500000,19600000,TRUE,TRUE,2020-04-17,9,tt12004280,tvSeries,61,19.2600904358102,9.03670101556506
BNA,2020,16+,7.2,65/100,0,0,0,1,TRUE,1771,3500000,300000,TRUE,TRUE,2020-03-20,2,tt12013558,tvSeries,65,15.0682738121739,7.47986413116503
Absurd Planet,2020,7+,3.9,40/100,0,0,0,1,TRUE,1321,9900000,1000000,TRUE,TRUE,2020-04-22,2,tt12027008,tvSeries,40,16.1080454161149,7.18690102041163
Middleditch & Schwartz,2020,18+,8.6,72/100,0,0,0,1,TRUE,4072,500000,100000,TRUE,TRUE,2020-04-21,2,tt12027034,tvSeries,72,13.1223653774023,8.31213510764841
Japan Sinks: 2020,2020,18+,6.4,56/100,0,0,0,1,TRUE,2459,1800000,200000,TRUE,TRUE,2020-07-09,2,tt12031040,tvMiniSeries,56,14.4032977784218,7.80791662892641
"Wait, My Youth",2019,all,8.6,39/100,0,0,0,1,TRUE,82,3300000,100000,FALSE,FALSE,,2,tt12071466,tvMiniSeries,39,15.009433329467,4.4188406077966
The Victims' Game,2020,18+,7.4,51/100,0,0,0,1,TRUE,1035,2900000,100000,TRUE,TRUE,2020-04-30,2,tt12079212,tvSeries,51,14.8802216397842,6.94312242281943
The Forest of Love: Deep Cut,2020,Unknown,6.8,43/100,0,0,0,1,TRUE,291,200000,,FALSE,FALSE,2020-04-30,1,tt12079236,tvMiniSeries,43,12.2060776455177,5.67675380226828
Zero Chill,2021,Unknown,5.7,49/100,0,0,0,1,TRUE,1031,19200000,2100000,TRUE,TRUE,2021-03-15,2,tt12083014,tvSeries,49,16.7704208890813,6.93925394604151
Inhuman Resources,2020,Unknown,7.2,50/100,0,0,0,1,TRUE,3250,10600000,800000,TRUE,TRUE,2020-05-15,2,tt12101170,tvMiniSeries,50,16.1763646534219,8.08671792030391
True: Terrific Tales,2020,Unknown,5.5,32/100,0,0,0,1,TRUE,11,6000000,3000000,TRUE,TRUE,2020-05-12,2,tt12140808,tvSeries,32,15.607270193859,2.484906649788
Almost Happy,2020,Unknown,6.8,41/100,0,0,0,1,TRUE,608,700000,,FALSE,FALSE,2020-05-01,2,tt12146940,tvMiniSeries,41,13.458837042596,6.4118182677099
Cooked With Cannabis,2020,18+,6.6,48/100,0,0,0,1,TRUE,268,4500000,500000,FALSE,FALSE,2020-04-20,2,tt12176398,tvSeries,48,15.3195881769627,5.59471137960184
The Unremarkable Juanquini,2020,Unknown,4.4,36/100,0,0,0,1,TRUE,159,1100000,200000,TRUE,TRUE,2020-05-15,4,tt12189308,tvSeries,36,13.9108216468591,5.07517381523383
"Coronavirus, Explained",2020,7+,7.6,55/100,0,0,0,1,TRUE,1851,100000,,TRUE,TRUE,2020-04-26,1,tt12189310,tvMiniSeries,55,11.5129354649202,7.52402141520613
Lenox Hill,2020,Unknown,8.7,70/100,0,0,0,1,TRUE,1952,13000000,400000,TRUE,TRUE,2020-06-10,2,tt12190580,tvSeries,70,16.3804599923489,7.57712193087668
The Big Flower Fight,2020,Unknown,7.4,56/100,0,0,0,1,TRUE,918,2800000,200000,TRUE,TRUE,2020-05-18,2,tt12200714,tvSeries,56,14.8451303322882,6.82328612235569
Mystic Pop-up Bar,2020,16+,8,54/100,0,0,0,1,TRUE,1298,11000000,400000,TRUE,TRUE,2020-05-20,2,tt12246190,tvSeries,54,16.2134059216717,7.1693500166706
Jeffrey Epstein: Filthy Rich,2020,18+,7.1,69/100,0,0,0,1,TRUE,19381,10000000,1400000,TRUE,TRUE,2020-05-27,2,tt12312250,tvMiniSeries,69,16.1180957509583,9.8721000792945
Ju-On: Origins,2020,18+,6.1,60/100,0,0,0,1,TRUE,3804,2700000,400000,TRUE,TRUE,2020-07-03,2,tt12313914,tvMiniSeries,60,14.8087627013449,8.24407127029579
Power Rangers Dino Fury,2021,7+,6.8,52/100,0,0,0,1,TRUE,179,104300000,4700000,FALSE,FALSE,2021-06-14,4,tt12360292,tvSeries,52,18.4627819295587,5.19295685089021
The Search,2020,Unknown,5.5,44/100,0,0,0,1,TRUE,540,4700000,700000,TRUE,TRUE,2020-06-12,2,tt12364156,tvMiniSeries,44,15.3630732794462,6.29341927884648
Floor is Lava,2020,all,5.3,51/100,0,0,0,1,TRUE,1827,67900000,9500000,TRUE,TRUE,2020-06-19,6,tt12370124,tvSeries,51,18.0335466072565,7.5109777520141
We Are the Champions,2020,Unknown,7.1,50/100,0,0,0,1,TRUE,1120,2500000,300000,TRUE,TRUE,2020-11-17,2,tt12409154,tvSeries,50,14.7318016898383,7.02197642307216
Paranormal,2020,7+,8.5,71/100,0,0,0,1,TRUE,68725,2700000,200000,TRUE,TRUE,2020-11-05,2,tt12411074,tvSeries,71,14.8087627013449,11.1378828636733
Home Game,2020,Unknown,7.1,46/100,0,0,0,1,TRUE,709,2300000,200000,TRUE,TRUE,2020-06-26,2,tt12429046,tvSeries,46,14.6484201156819,6.56526497003536
It's Okay to Not Be Okay,2020,16+,8.8,70/100,0,0,0,1,TRUE,12841,94900000,2100000,TRUE,TRUE,2020-06-20,2,tt12451520,tvMiniSeries,70,18.3683342741176,9.46047632835399
Word of Honor,2021,Unknown,9.1,65/100,0,0,0,1,TRUE,1924,5100000,100000,FALSE,FALSE,,2,tt12458172,tvSeries,65,15.444751293773,7.56268124672188
Sisyphus,2021,Unknown,7.1,53/100,0,0,0,1,TRUE,24,31600000,600000,TRUE,TRUE,2021-02-17,2,tt12477912,tvSeries,53,17.2686677102027,3.2188758248682
Twogether,2020,Unknown,8.5,48/100,0,0,0,1,TRUE,311,400000,,TRUE,TRUE,2020-06-26,1,tt12486430,tvSeries,48,12.899222326087,5.74300318780948
The Good Detective,2020,Unknown,7.5,45/100,0,0,0,1,TRUE,445,19100000,400000,FALSE,FALSE,,4,tt12504214,tvSeries,45,16.7651989453729,6.10031895202006
Graceful Friends,2020,Unknown,6.7,38/100,0,0,0,1,TRUE,94,1700000,,FALSE,FALSE,,1,tt12531492,tvSeries,38,14.3461393972616,4.55387689160054
Say I Do,2020,Unknown,7.8,45/100,0,0,0,1,TRUE,438,1800000,100000,TRUE,TRUE,2020-07-01,2,tt12540060,tvSeries,45,14.4032977784218,6.08449941307517
Dark Desire,2020,18+,6.5,61/100,0,0,0,1,TRUE,4115,70300000,2800000,TRUE,TRUE,2020-07-15,4,tt12540080,tvSeries,61,18.0682823710056,8.32263709695394
Private Lives,2020,Unknown,6.6,46/100,0,0,0,1,TRUE,472,8600000,300000,TRUE,TRUE,2020-10-07,2,tt12560270,tvSeries,46,15.9672728775028,6.15909538849193
Juman,2019,Unknown,5.4,43/100,0,0,0,1,TRUE,71,900000,,FALSE,FALSE,,1,tt12567164,tvSeries,43,13.7101511534169,4.27666611901606
Indian Matchmaking,2020,16+,6.2,56/100,0,0,0,1,TRUE,2738,53200000,1600000,TRUE,TRUE,2020-07-16,6,tt12580168,tvSeries,56,17.7895689731089,7.91534816926308
Down to Earth with Zac Efron,2020,7+,8.1,67/100,0,0,0,1,TRUE,5553,3000000,200000,FALSE,FALSE,2020-07-10,2,tt12585152,tvSeries,67,14.9141231799657,8.62227366786675
Southern Survival,2020,Unknown,5.7,37/100,0,0,0,1,TRUE,269,1900000,200000,TRUE,TRUE,2020-07-03,2,tt12588286,tvSeries,37,14.4573649704523,5.59842195899838
Skin Decision: Before and After,2020,Unknown,5.8,39/100,0,0,0,1,TRUE,338,4300000,400000,TRUE,TRUE,2020-07-15,2,tt12588326,tvSeries,39,15.2741258132219,5.82600010738045
Fear City: New York vs The Mafia,2020,18+,7.1,65/100,0,0,0,1,TRUE,6171,10500000,1800000,TRUE,TRUE,2020-07-22,2,tt12588372,tvMiniSeries,65,16.1668859103658,8.72777821348305
The Business of Drugs,2020,18+,7.2,53/100,0,0,0,1,TRUE,1415,6000000,600000,TRUE,TRUE,2020-07-14,2,tt12588416,tvMiniSeries,53,15.607270193859,7.25559127425367
The Great Heist,2020,18+,7.3,61/100,0,0,0,1,TRUE,2133,5900000,800000,TRUE,TRUE,2020-08-14,2,tt12624844,tvSeries,61,15.5904630783675,7.6657534318617
The Underclass,2020,Unknown,6.2,38/100,0,0,0,1,TRUE,39,1500000,100000,TRUE,TRUE,,2,tt12665438,tvSeries,38,14.2209763327389,3.68887945411394
Mismatched,2020,18+,5.5,49/100,0,0,0,1,TRUE,3142,12200000,1000000,TRUE,TRUE,2020-11-20,4,tt12719250,tvSeries,49,16.3169465916707,8.05293303679757
Mystery Lab,2020,7+,7.7,50/100,0,0,0,1,TRUE,614,700000,100000,TRUE,TRUE,2020-08-04,2,tt12723962,tvSeries,50,13.458837042596,6.42162226780652
Paprika,2018,all,,21/100,0,0,0,1,TRUE,12,100000,,FALSE,FALSE,,1,tt12740488,tvSeries,21,11.5129354649202,2.56494935746154
The Witcher: A Look Inside the Episodes,2020,Unknown,7.1,42/100,0,0,0,1,TRUE,62,100000,100000,TRUE,TRUE,2020-09-02,1,tt12748032,tvSeries,42,11.5129354649202,4.14313472639153
Sing On! Germany,2020,Unknown,5.5,32/100,0,0,0,1,TRUE,113,200000,,TRUE,TRUE,2020-08-07,1,tt12748264,tvSeries,32,12.2060776455177,4.7361984483945
Word Party Songs,2020,Unknown,3.2,30/100,0,0,0,1,TRUE,8,1700000,1600000,TRUE,TRUE,2020-08-07,2,tt12748268,tvSeries,30,14.3461393972616,2.19722457733622
World's Most Wanted,2020,16+,7.2,52/100,0,0,0,1,TRUE,1981,13500000,1500000,TRUE,TRUE,2020-08-05,2,tt12753698,tvSeries,52,16.4182003174827,7.59186171488993
Immigration Nation,2020,16+,7.4,57/100,0,0,0,1,TRUE,972,1800000,100000,TRUE,TRUE,2020-08-03,2,tt12754910,tvSeries,57,14.4032977784218,6.88038408218601
Tiny Creatures,2020,7+,4.9,40/100,0,0,0,1,TRUE,1018,6100000,800000,TRUE,TRUE,2020-08-07,2,tt12759334,tvSeries,40,15.623799493078,6.92657703322273
(Un)Well,2020,18+,6.4,50/100,0,0,0,1,TRUE,871,4800000,400000,TRUE,TRUE,2020-08-12,2,tt12759384,tvSeries,50,15.3841266842114,6.77078942390898
High Score,2020,16+,7.4,65/100,0,0,0,1,TRUE,6632,4100000,400000,TRUE,TRUE,2020-08-19,2,tt12759400,tvMiniSeries,65,15.2264977755769,8.79981246952556
DeMarcus Family Rules,2020,Unknown,6.2,34/100,0,0,0,1,TRUE,81,400000,100000,TRUE,TRUE,2020-08-19,2,tt12759420,tvSeries,34,12.899222326087,4.40671924726425
Alien TV,2020,7+,6.2,42/100,0,0,0,1,TRUE,209,41500000,3800000,TRUE,TRUE,2020-08-21,4,tt12765530,tvSeries,42,17.5412040092973,5.34710753071747
Bhaag Beanie Bhaag,2020,Unknown,3.8,34/100,0,0,0,1,TRUE,3608,400000,100000,TRUE,TRUE,2020-12-04,2,tt12775836,tvSeries,34,12.899222326087,8.19118600464279
Toradora!,2008,16+,8,66/100,0,1,0,2,FALSE,11548,8500000,400000,FALSE,FALSE,,2,tt1279024,tvSeries,66,15.9555768391076,9.35435413211509
Sweet Tooth,2021,16+,7.9,84/100,0,0,0,1,TRUE,17418,316800000,6900000,TRUE,TRUE,2021-06-04,4,tt12809988,tvSeries,84,19.5737812210611,9.76531684347746
Do Do Sol Sol La La Sol,2020,Unknown,7.4,48/100,0,0,0,1,TRUE,966,19200000,500000,TRUE,TRUE,2020-10-07,2,tt12850262,tvMiniSeries,48,16.7704208890813,6.87419849545329
Record of Youth,2020,16+,7.3,47/100,0,0,0,1,TRUE,1524,45400000,1100000,TRUE,TRUE,2020-09-07,2,tt12850322,tvSeries,47,17.631022685038,7.32974968904151
Dead Set,2008,18+,7.6,74/100,0,0,0,1,TRUE,18887,100000,,FALSE,FALSE,,1,tt1285482,tvMiniSeries,74,11.5129354649202,9.84628207876535
Start-Up,2020,16+,8.1,60/100,0,0,0,1,TRUE,5189,58800000,1300000,TRUE,TRUE,2020-10-17,2,tt12867810,tvSeries,60,17.8896524298757,8.55448897615993
Felipe Esparza: Bad Decisions,2020,Unknown,5,36/100,0,0,0,1,TRUE,135,500000,100000,TRUE,TRUE,2020-09-01,2,tt12875768,tvMiniSeries,36,13.1223653774023,4.91265488573605
La Línea: Shadow of Narco,2020,Unknown,6.4,39/100,0,0,0,1,TRUE,326,1200000,200000,TRUE,TRUE,2020-09-09,2,tt12875794,tvMiniSeries,39,13.9978329480912,5.78996017089725
The School Nurse Files,2020,Unknown,6.5,44/100,0,0,0,1,TRUE,875,2600000,200000,TRUE,TRUE,2020-09-25,2,tt12879522,tvSeries,44,14.771022387607,6.77536609093639
Million Dollar Beach House,2020,18+,4.1,40/100,0,0,0,1,TRUE,642,2100000,300000,TRUE,TRUE,2020-08-26,2,tt12882136,tvSeries,40,14.557448378884,6.46614472423762
Bread Barbershop,2020,Unknown,8.8,44/100,0,0,0,1,TRUE,78,45600000,3200000,TRUE,FALSE,,6,tt12912830,tvSeries,44,17.6354182964144,4.36944785246702
Chef's Table: BBQ,2020,Unknown,7.8,49/100,0,0,0,1,TRUE,777,2500000,300000,TRUE,TRUE,2020-09-02,2,tt12917170,tvMiniSeries,49,14.7318016898383,6.65672652417839
Bad Boy Billionaires: India,2020,Unknown,8,52/100,0,0,0,1,TRUE,2601,2300000,500000,TRUE,TRUE,2020-10-04,2,tt12923630,tvSeries,52,14.6484201156819,7.86403565907245
Sing On!,2020,Unknown,6.3,39/100,0,0,0,1,TRUE,308,4000000,300000,TRUE,TRUE,2020-09-16,2,tt12923734,tvSeries,39,15.2018051690841,5.73334127689775
The Playbook,2020,Unknown,7.5,49/100,0,0,0,1,TRUE,1111,1700000,200000,TRUE,TRUE,2020-09-22,2,tt12930602,tvSeries,49,14.3461393972616,7.01391547481053
A Perfect Crime,2020,Unknown,7.3,54/100,0,0,0,1,TRUE,1163,800000,100000,TRUE,TRUE,2020-09-25,2,tt12939836,tvMiniSeries,54,13.5923682566493,7.05961762829138
Becoming,2020,16+,6.8,38/100,0,0,1,2,FALSE,39,1000000,,TRUE,TRUE,2020-05-06,1,tt12944764,tvSeries,38,13.8155115579638,3.68887945411394
Country Ever After,2020,Unknown,6.5,36/100,0,0,0,1,TRUE,122,1200000,100000,TRUE,TRUE,2020-11-06,2,tt12987872,tvSeries,36,13.9978329480912,4.81218435537242
"Good Morning, Verônica",2020,Unknown,7.6,52/100,0,0,0,1,TRUE,2747,29300000,2900000,TRUE,TRUE,2020-10-01,4,tt12987918,tvSeries,52,17.193098108117,7.91862865334224
"Whose Vote Counts, Explained",2020,Unknown,7.3,48/100,0,0,0,1,TRUE,882,200000,100000,TRUE,TRUE,2020-09-28,2,tt13005714,tvMiniSeries,48,12.2060776455177,6.78332520060396
Dad Stop Embarrassing Me!,2021,7+,4.2,48/100,0,0,0,1,TRUE,1525,5000000,600000,TRUE,TRUE,2021-04-14,2,tt13018090,tvSeries,48,15.4249486703984,7.3304052118444
La Révolution,2020,16+,6.5,54/100,0,0,0,1,TRUE,4741,9600000,800000,TRUE,TRUE,2020-10-16,2,tt13044528,tvSeries,54,16.0772737606047,8.46421426662535
The Platform,2020,Unknown,7,45/100,0,0,0,1,TRUE,218,300000,,FALSE,FALSE,,3,tt13057984,tvSeries,45,12.6115410869661,5.3890717298165
Deaf U,2020,18+,6.4,45/100,0,0,0,1,TRUE,398,100000,,TRUE,TRUE,2020-10-09,1,tt13070478,tvSeries,45,11.5129354649202,5.98896141688986
Last Chance U: Basketball,2021,18+,8.4,57/100,0,0,0,1,TRUE,1827,16300000,400000,TRUE,TRUE,2021-03-10,4,tt13087512,tvSeries,57,16.6066757271267,7.5109777520141
The Umbrella Academy,2019,16+,8,87/100,0,0,0,1,TRUE,171030,123200000,5800000,TRUE,TRUE,2019-02-15,6,tt1312171,tvSeries,87,18.6293196171806,12.0496001056041
The Sons of Sam: A Descent Into Darkness,2021,18+,7,60/100,0,0,0,1,TRUE,5213,6900000,700000,TRUE,TRUE,2021-05-05,2,tt13156316,tvMiniSeries,60,15.747032114495,8.55910259449345
Dream Home Makeover,2020,all,5.6,47/100,0,0,0,1,TRUE,860,28800000,3800000,TRUE,TRUE,2020-10-16,8,tt13161310,tvSeries,47,17.1758859798284,6.75809450442773
Detention,2020,Unknown,6.3,46/100,0,1,0,2,FALSE,353,800000,100000,TRUE,TRUE,2020-12-05,2,tt13175760,tvMiniSeries,46,13.5923682566493,5.86929691313377
Paava Kadhaigal,2020,Unknown,8.1,54/100,0,0,0,1,TRUE,4658,500000,,TRUE,TRUE,2020-12-18,1,tt13206988,tvMiniSeries,54,13.1223653774023,8.4465561118168
Carmel: Who Killed Maria Marta?,2020,Unknown,7.1,54/100,0,0,0,1,TRUE,1820,1700000,200000,TRUE,TRUE,2020-11-05,2,tt13244092,tvMiniSeries,54,14.3461393972616,7.50714107972761
Holiday Home Makeover with Mr. Christmas,2020,all,5.7,38/100,0,0,0,1,TRUE,240,2100000,800000,TRUE,TRUE,2020-11-18,2,tt13255112,tvSeries,38,14.557448378884,5.48479693349066
Run On,2020,Unknown,7.6,56/100,0,0,0,1,TRUE,1453,52700000,1300000,TRUE,TRUE,2020-12-16,2,tt13271834,tvSeries,56,17.7801260324869,7.28207365809347
The Uncanny Counter,2020,Unknown,8.2,58/100,0,0,0,1,TRUE,3236,125600000,5800000,TRUE,TRUE,2020-11-28,2,tt13273826,tvSeries,58,18.6486128199602,8.08240225392624
Thus Spoke Kishibe Rohan,2021,Unknown,7.7,49/100,0,0,0,1,TRUE,86,1200000,200000,TRUE,TRUE,2021-02-18,2,tt13280486,tvMiniSeries,49,13.9978329480912,4.46590811865458
The House Arrest of Us,2020,7+,7.5,46/100,0,0,0,1,TRUE,79,1900000,200000,TRUE,TRUE,,2,tt13280838,tvSeries,46,14.4573649704523,4.38202663467388
Aunty Donna's Big Ol' House of Fun,2020,Unknown,8,57/100,0,0,0,1,TRUE,5024,600000,100000,TRUE,TRUE,2020-11-11,2,tt13316746,tvSeries,57,13.3046866008636,8.52218073292728
The Devil Punisher,2020,Unknown,5.9,37/100,0,0,0,1,TRUE,106,5400000,100000,TRUE,TRUE,2020-10-25,2,tt13317376,tvSeries,37,15.5019096967197,4.67282883446191
Voices of Fire,2020,Unknown,6.9,42/100,0,0,0,1,TRUE,328,1400000,200000,TRUE,TRUE,2020-11-20,2,tt13329282,tvSeries,42,14.1519835088709,5.79605775076537
High-Rise Invasion,2021,18+,6.7,54/100,0,0,0,1,TRUE,1579,9600000,800000,TRUE,TRUE,2021-02-25,2,tt13352232,tvSeries,54,16.0772737606047,7.36518012602101
The Way of the Househusband,2021,16+,8.6,45/100,0,0,0,1,TRUE,2045,16300000,1900000,TRUE,TRUE,2021-04-08,4,tt13357124,tvSeries,45,16.6066757271267,7.62364194651157
Trial 4,2020,Unknown,7.4,53/100,0,0,0,1,TRUE,1704,6200000,600000,TRUE,TRUE,2020-11-11,2,tt13363298,tvMiniSeries,53,15.6400600113056,7.44132038971762
Heaven Official's Blessing,2020,Unknown,8.4,55/100,0,0,0,1,TRUE,678,4700000,700000,FALSE,FALSE,,3,tt13375866,tvSeries,55,15.3630732794462,6.5206211275587
Lovestruck in the City,2020,16+,7.8,55/100,0,0,0,1,TRUE,1263,10600000,500000,TRUE,TRUE,2020-12-22,2,tt13394544,tvMiniSeries,55,16.1763646534219,7.1420365747068
Moving On,2009,7+,7.5,49/100,0,0,0,1,TRUE,342,100000,,FALSE,FALSE,,1,tt1340758,tvSeries,49,11.5129354649202,5.83773044716594
Vincenzo,2021,Unknown,8.5,66/100,0,0,0,1,TRUE,6076,129500000,2100000,TRUE,TRUE,2021-02-20,2,tt13433812,tvSeries,66,18.6791914468259,8.71226643213536
Fabulous Lives of Bollywood Wives,2020,Unknown,4.7,55/100,0,0,0,1,TRUE,6896,4100000,400000,TRUE,TRUE,2020-11-27,4,tt13452100,tvSeries,55,15.2264977755769,8.83884181343129
Kings of Jo'Burg,2020,Unknown,5.4,45/100,0,0,0,1,TRUE,416,51500000,1500000,TRUE,TRUE,2020-12-04,4,tt13453828,tvSeries,45,17.7570923850514,6.0330862217988
Alien Worlds,2020,7+,6.5,54/100,0,0,0,1,TRUE,2888,6300000,900000,TRUE,TRUE,2020-12-02,2,tt13464340,tvSeries,54,15.6560603500919,7.96866570046624
Anitta: Made in Honório,2020,Unknown,7,42/100,0,0,0,1,TRUE,336,600000,100000,TRUE,TRUE,2020-12-15,2,tt13486136,tvMiniSeries,42,13.3046866008636,5.82008293035236
The Surgeon's Cut,2020,Unknown,8.5,53/100,0,0,0,1,TRUE,802,3600000,400000,TRUE,TRUE,2020-12-09,2,tt13487106,tvSeries,53,15.0964446812041,6.68835471394676
The Ripper,2020,Unknown,7.1,58/100,0,0,0,1,TRUE,7437,9000000,1400000,TRUE,TRUE,2020-12-16,2,tt13492374,tvMiniSeries,58,16.0127352464116,8.91435727448502
Rhyme Time Town Singalongs,2020,all,8.3,39/100,0,0,0,1,TRUE,11,2400000,500000,TRUE,TRUE,2020-12-22,2,tt13530018,tvSeries,39,14.6909797119848,2.484906649788
Room 2806: The Accusation,2020,Unknown,7,51/100,0,0,0,1,TRUE,1857,2000000,300000,TRUE,TRUE,2020-12-07,2,tt13540900,tvMiniSeries,51,14.5086582385241,7.52725591937378
Fullmetal Alchemist: Brotherhood,2009,16+,9.1,88/100,1,0,0,2,FALSE,131332,6600000,800000,FALSE,FALSE,,10,tt1355642,tvSeries,88,15.7025803585118,11.7854913615377
Best Leftovers Ever!,2020,all,5.7,44/100,0,0,0,1,TRUE,395,5700000,400000,TRUE,TRUE,2020-12-30,2,tt13563634,tvSeries,44,15.5559769082434,5.98141421125448
BREAK IT ALL: The History of Rock in Latin America,2020,18+,7.6,51/100,0,0,0,1,TRUE,1059,1600000,100000,TRUE,TRUE,2020-12-16,2,tt13570366,tvMiniSeries,51,14.2855148122098,6.96602418710611
Headspace Guide to Meditation,2021,7+,8.5,53/100,0,0,0,1,TRUE,1171,6400000,900000,TRUE,TRUE,2021-01-01,2,tt13617024,tvMiniSeries,53,15.6718087045799,7.06646697013696
History of Swear Words,2021,18+,6.4,57/100,0,0,0,1,TRUE,3981,1600000,200000,TRUE,TRUE,2021-01-05,2,tt13617060,tvSeries,57,14.2855148122098,8.28953948462414
Beyond Evil,2021,Unknown,8.1,61/100,0,0,0,1,TRUE,594,5100000,300000,FALSE,FALSE,,1,tt13634872,tvSeries,61,15.444751293773,6.38856140554563
Surviving Death,2021,18+,6.1,46/100,0,0,0,1,TRUE,1574,12800000,1000000,TRUE,TRUE,2021-01-06,2,tt13649692,tvSeries,46,16.3649558070148,7.36201055125973
Night Stalker: The Hunt For a Serial Killer,2021,18+,7.5,70/100,0,0,0,1,TRUE,19114,11100000,1600000,TRUE,TRUE,2021-01-13,2,tt13651632,tvMiniSeries,70,16.2224557563727,9.85822864613051
We Are: The Brooklyn Saints,2021,Unknown,6.5,41/100,0,0,0,1,TRUE,122,100000,,TRUE,TRUE,2021-01-29,1,tt13656220,tvSeries,41,11.5129354649202,4.81218435537242
Black Space,2020,Unknown,6.8,59/100,0,0,0,1,TRUE,722,7200000,500000,FALSE,FALSE,2021-05-27,2,tt13660638,tvSeries,59,15.7895917228752,6.58340922215877
Bling Empire,2021,18+,5.8,50/100,0,0,0,1,TRUE,2200,14300000,700000,TRUE,TRUE,2021-01-15,6,tt13660962,tvSeries,50,16.4757701651602,7.69666708152646
"Hello, Me!",2021,Unknown,7.2,46/100,0,0,0,1,TRUE,284,14300000,300000,TRUE,TRUE,2021-02-17,2,tt13670090,tvSeries,46,16.4757701651602,5.65248918026865
Record of Ragnarok,2021,18+,6.2,59/100,0,0,0,1,TRUE,210,179300000,11100000,FALSE,FALSE,2021-06-17,4,tt13676344,tvSeries,59,19.0045709441526,5.35185813347607
Dealer,2021,18+,6.2,48/100,0,0,0,1,TRUE,536,1800000,500000,TRUE,TRUE,2021-03-10,2,tt13702252,tvMiniSeries,48,14.4032977784218,6.28599809450887
Boys Over Flowers,2009,16+,7.9,63/100,1,0,0,2,FALSE,9623,38900000,1400000,FALSE,FALSE,,1,tt1370334,tvSeries,63,17.4765048342956,9.17201525765451
SanPa: Sins of the Savior,2020,Unknown,7.8,52/100,0,0,0,1,TRUE,1255,1100000,100000,TRUE,TRUE,2020-12-30,2,tt13731400,tvMiniSeries,52,13.9108216468591,7.13568734702814
Spycraft,2021,18+,6.7,53/100,0,0,0,1,TRUE,1387,8800000,800000,TRUE,TRUE,2021-01-20,2,tt13789092,tvSeries,53,15.9902623930848,7.23561914106675
Stretch Armstrong & the Flex Fighters,2017,7+,6.5,42/100,0,0,0,1,TRUE,265,3400000,300000,TRUE,TRUE,2017-11-17,4,tt1379164,tvSeries,42,15.039286283704,5.5834963087817
Love (ft. Marriage and Divorce),2021,7+,5.9,48/100,0,0,0,1,TRUE,162,75400000,1800000,TRUE,TRUE,2021-01-23,6,tt13814840,tvSeries,48,18.1383178462408,5.09375020080676
Crime Scene: The Vanishing at the Cecil Hotel,2021,Unknown,5.9,55/100,0,0,0,1,TRUE,14575,8800000,1100000,TRUE,TRUE,2021-02-10,2,tt13837672,tvMiniSeries,55,15.9902623930848,9.58713161949974
The Charming Stepmom,2019,Unknown,,37/100,0,0,0,1,TRUE,12,2400000,100000,TRUE,TRUE,,2,tt13846404,tvSeries,37,14.6909797119848,2.56494935746154
Buried by the Bernards,2021,16+,7.3,44/100,0,0,0,1,TRUE,301,400000,100000,TRUE,TRUE,2021-02-12,2,tt13848380,tvSeries,44,12.899222326087,5.71042701737487
Pitta Kathalu,2021,Unknown,5,46/100,0,0,0,1,TRUE,627,400000,,TRUE,TRUE,2021-02-19,1,tt13878800,tvSeries,46,12.899222326087,6.4425401664682
The One,2021,18+,6.6,61/100,0,0,0,1,TRUE,10339,6300000,500000,TRUE,TRUE,2021-03-12,2,tt13879466,tvSeries,61,15.6560603500919,9.24377514806242
Navillera,2021,Unknown,8.8,55/100,0,0,0,1,TRUE,891,12600000,600000,TRUE,TRUE,2021-03-22,2,tt13885302,tvSeries,55,16.3492074512868,6.79346613258001
Law School,2021,Unknown,8.2,58/100,0,0,0,1,TRUE,632,12900000,300000,TRUE,TRUE,2021-04-14,2,tt13885336,tvSeries,58,16.3727379468513,6.45047042214418
Canine Intervention,2021,16+,6.5,47/100,0,0,0,1,TRUE,772,4000000,400000,TRUE,TRUE,2021-02-24,2,tt13932598,tvSeries,47,15.2018051690841,6.65027904858742
Diamond City,2018,Unknown,,20/100,0,0,0,1,TRUE,9,200000,,FALSE,FALSE,,1,tt13953182,tvSeries,20,12.2060776455177,2.30258509299405
Dinotrux,2015,7+,6.9,44/100,0,0,0,1,TRUE,401,34000000,4200000,FALSE,FALSE,2015-08-14,10,tt1396212,tvSeries,44,17.3418711119922,5.99645208861902
Amend: The Fight for America,2021,18+,7.9,56/100,0,0,0,1,TRUE,15,1100000,100000,TRUE,TRUE,2021-02-17,2,tt13972246,tvMiniSeries,56,13.9108216468591,2.77258872223978
Murder Among the Mormons,2021,16+,7,60/100,0,0,0,1,TRUE,4574,3100000,500000,TRUE,TRUE,2021-03-03,2,tt13987620,tvMiniSeries,60,14.946912992036,8.42836197770962
Korean Pork Belly Rhapsody,2020,Unknown,,43/100,0,0,0,1,TRUE,19,600000,200000,TRUE,TRUE,,2,tt14017966,tvSeries,43,13.3046866008636,2.99573227355399
MINE,2021,Unknown,7.8,53/100,0,0,0,1,TRUE,157,34700000,800000,TRUE,TRUE,2021-05-08,2,tt14023192,tvSeries,53,17.3622502737355,5.06259503302697
Waffles + Mochi,2021,Unknown,7.6,47/100,0,0,0,1,TRUE,315,2300000,200000,TRUE,TRUE,2021-03-16,2,tt14035218,tvSeries,47,14.6484201156819,5.75574221358691
Marriage or Mortgage,2021,Unknown,5.2,42/100,0,0,0,1,TRUE,335,3100000,200000,TRUE,TRUE,2021-03-10,2,tt14037542,tvSeries,42,14.946912992036,5.8171111599632
The Vampire Diaries,2009,16+,7.7,86/100,0,0,0,1,TRUE,290534,433300000,25900000,FALSE,FALSE,,16,tt1405406,tvSeries,86,19.886940889018,12.5794793299445
The Lost Pirate Kingdom,2021,18+,6.6,53/100,0,0,0,1,TRUE,1981,8200000,800000,TRUE,TRUE,2021-03-15,2,tt14057360,tvSeries,53,15.9196448341857,7.59186171488993
Under Suspicion: Uncovering the Wesphael Case,2021,Unknown,6.3,48/100,0,0,0,1,TRUE,446,800000,100000,TRUE,TRUE,2021-03-17,2,tt14078186,tvSeries,48,13.5923682566493,6.10255859461357
Nevenka: Breaking the Silence,2021,Unknown,7,49/100,0,0,0,1,TRUE,506,300000,100000,TRUE,TRUE,2021-03-05,2,tt14091172,tvMiniSeries,49,12.6115410869661,6.22851100359118
This Is Pop,2021,Unknown,6.9,58/100,0,0,0,1,TRUE,10,3200000,300000,TRUE,TRUE,2021-06-22,2,tt14155414,tvSeries,58,14.9786616802699,2.39789527279837
Haunted: Latin America,2021,16+,5.4,47/100,0,0,0,1,TRUE,447,2600000,400000,TRUE,TRUE,2021-03-31,2,tt14164238,tvSeries,47,14.771022387607,6.10479323241499
Let's Fight Ghost,2021,Unknown,7.7,40/100,0,0,0,1,TRUE,57,2500000,100000,TRUE,TRUE,,2,tt14168868,tvSeries,40,14.7318016898383,4.06044301054642
Worn Stories,2021,Unknown,6.6,45/100,0,0,0,1,TRUE,233,200000,,TRUE,TRUE,2021-04-01,1,tt14177168,tvMiniSeries,45,12.2060776455177,5.4553211153577
Pui Pui Molcar,2021,Unknown,8.1,47/100,0,0,0,1,TRUE,146,6700000,4500000,FALSE,FALSE,,2,tt14202738,tvSeries,47,15.7176182336149,4.99043258677874
The Wedding Coach,2021,Unknown,4.9,42/100,0,0,0,1,TRUE,52,100000,,TRUE,TRUE,2021-04-07,1,tt14210424,tvSeries,42,11.5129354649202,3.97029191355212
This is a Robbery: The World's Biggest Art Heist,2021,18+,6.4,58/100,0,0,0,1,TRUE,3078,3500000,300000,TRUE,TRUE,2021-04-07,2,tt14223858,tvMiniSeries,58,15.0682738121739,8.0323601479245
Sexify,2021,Unknown,6.5,58/100,0,0,0,1,TRUE,3621,51200000,1100000,TRUE,TRUE,2021-04-28,4,tt14315542,tvSeries,58,17.751250109541,8.19478163844336
Pet Stars,2021,Unknown,5.8,41/100,0,0,0,1,TRUE,79,4200000,800000,TRUE,TRUE,2021-04-30,2,tt14318392,tvSeries,41,15.2505953213488,4.38202663467388
Headspace Guide to Sleep,2021,Unknown,6.8,47/100,0,0,0,1,TRUE,213,5800000,1200000,TRUE,TRUE,2021-04-28,2,tt14318406,tvSeries,47,15.5733686479304,5.36597601502185
The Rational Life,2021,Unknown,8.2,53/100,0,0,0,1,TRUE,16,15500000,300000,TRUE,TRUE,2021-06-18,2,tt14376958,tvSeries,53,16.5563506464056,2.83321334405622
Community,2009,7+,8.5,90/100,1,1,0,3,FALSE,227412,164000000,10400000,TRUE,TRUE,,12,tt1439629,tvSeries,90,18.915376991886,12.3345230266505
Racket Boys,2021,16+,1.1,42/100,0,0,0,1,TRUE,624,9300000,200000,TRUE,TRUE,2021-05-31,2,tt14482414,tvSeries,42,16.0455250656504,6.4377516497364
"Money, Explained",2021,Unknown,6.9,57/100,0,0,0,1,TRUE,1133,3300000,700000,TRUE,TRUE,2021-05-11,2,tt14492910,tvMiniSeries,57,15.009433329467,7.0335064842877
Lava Ka Dhaava,2021,Unknown,6.1,41/100,0,0,0,1,TRUE,38,100000,,FALSE,FALSE,2021-05-05,1,tt14492912,tvSeries,41,11.5129354649202,3.66356164612965
High on the Hog: How African American Cuisine Transformed America,2021,Unknown,7.7,59/100,0,0,0,1,TRUE,327,4000000,1000000,TRUE,TRUE,2021-05-26,3,tt14540468,tvSeries,59,15.2018051690841,5.79301360838414
The Prince Who Turns into a Frog,2005,Unknown,7,43/100,0,0,0,1,TRUE,103,400000,,TRUE,TRUE,,1,tt1454440,tvSeries,43,12.899222326087,4.64439089914137
Human: The World Within,2021,Unknown,6.8,54/100,0,0,0,1,TRUE,187,15100000,1200000,TRUE,TRUE,2021-06-04,2,tt14574154,tvSeries,54,16.5302053680103,5.23644196282995
Mad for Each Other,2021,Unknown,7.9,58/100,0,0,0,1,TRUE,109,12100000,800000,TRUE,TRUE,2021-05-24,2,tt14596414,tvSeries,58,16.3087160932116,4.70048036579242
Creator's File: GOLD,2021,Unknown,6.5,40/100,0,0,0,1,TRUE,8,100000,,FALSE,FALSE,2021-06-03,1,tt14611486,tvSeries,40,11.5129354649202,2.19722457733622
Elite Short Stories: Guzmán Caye Rebe,2021,18+,7.5,60/100,0,0,0,1,TRUE,491,300000,300000,TRUE,TRUE,2021-06-14,2,tt14668192,tvMiniSeries,60,12.6115410869661,6.19847871649231
Elite Short Stories: Carla Samuel,2021,18+,7,63/100,0,0,0,1,TRUE,257,900000,700000,TRUE,TRUE,2021-06-17,2,tt14675560,tvMiniSeries,63,13.7101511534169,5.55295958492162
Elite Short Stories: Omar Ander Alexis,2021,18+,7.4,59/100,0,0,0,1,TRUE,314,200000,200000,TRUE,TRUE,2021-06-16,2,tt14676004,tvMiniSeries,59,12.2060776455177,5.75257263882563
Penguin Town,2021,Unknown,8,59/100,0,0,0,1,TRUE,56,2600000,300000,TRUE,TRUE,2021-06-16,2,tt14677850,tvSeries,59,14.771022387607,4.04305126783455
The Garfield Show,2009,all,5.4,46/100,0,0,0,1,TRUE,2138,117700000,4500000,FALSE,FALSE,,8,tt1470837,tvSeries,46,18.5836495807267,7.66809370908241
Use for My Talent,2021,Unknown,,45/100,0,0,0,1,TRUE,53,8300000,200000,FALSE,FALSE,,2,tt14747972,tvSeries,45,15.9317661932487,3.98898404656427
Pawn Stars,2009,7+,7.2,65/100,1,1,0,3,FALSE,15585,21900000,1000000,FALSE,FALSE,,3,tt1492088,tvSeries,65,16.9019972404488,9.65412835440351
Hoarders,2009,7+,6.4,59/100,1,0,0,2,FALSE,2643,57900000,2500000,FALSE,FALSE,,4,tt1497563,tvSeries,59,17.8742279598144,7.88004820097158
Bo on the Go!,2007,all,4,35/100,0,0,0,1,TRUE,102,6300000,400000,FALSE,FALSE,,2,tt1516172,tvSeries,35,15.6560603500919,4.63472898822964
The Walking Dead,2010,18+,8.2,93/100,0,0,0,1,TRUE,874835,1272500000,46800000,FALSE,FALSE,,22,tt1520211,tvSeries,93,20.9642493071748,13.6817917192014
Dinosaur King,2007,7+,5.7,43/100,0,0,0,1,TRUE,587,28300000,600000,FALSE,FALSE,,2,tt1524993,tvSeries,43,17.1583723979492,6.37672694789863
Borgen,2010,18+,8.5,79/100,0,0,0,1,TRUE,20760,26000000,1000000,TRUE,TRUE,,6,tt1526318,tvSeries,79,17.0736071344473,9.94083150567655
Shameless,2011,18+,8.5,90/100,1,1,0,3,FALSE,211108,28900000,1500000,FALSE,FALSE,,22,tt1586680,tvSeries,90,17.1793521876847,12.2601298667505
Victorious,2010,7+,6.9,68/100,0,0,0,1,TRUE,21234,164400000,10100000,FALSE,FALSE,,6,tt1604099,tvSeries,68,18.9178130466691,9.96340604274737
Downton Abbey,2010,16+,8.7,83/100,0,1,0,2,FALSE,168315,264900000,12900000,FALSE,FALSE,,12,tt1606375,tvSeries,83,19.3948629580173,12.0335984439906
Angel Beats!,2010,16+,7.7,63/100,0,0,0,1,TRUE,12385,100000,,FALSE,FALSE,,1,tt1639109,tvSeries,63,11.5129354649202,9.42432208149801
Ancient Aliens,2010,7+,7.2,67/100,1,1,0,3,FALSE,9988,29100000,2800000,FALSE,FALSE,,5,tt1643266,tvSeries,67,17.186248766506,9.20923976653215
The Ultimatum,2009,Unknown,5.4,33/100,0,0,0,1,TRUE,5,100000,,FALSE,FALSE,,1,tt1682704,tvSeries,33,11.5129354649202,1.79175946922806
La Reina del Sur,2011,18+,8,62/100,0,0,0,1,TRUE,2153,758200000,3200000,TRUE,FALSE,2011-09-05,6,tt1704637,tvSeries,62,20.4464577623654,7.67508185771633
Trollhunters: Tales of Arcadia,2016,7+,8.4,69/100,0,0,0,1,TRUE,14076,94600000,6200000,TRUE,TRUE,2016-12-23,6,tt1734135,tvSeries,69,18.3651680445929,9.55229753882796
My Little Pony: Friendship Is Magic,2010,7+,7.6,68/100,1,0,0,2,FALSE,19311,98100000,4700000,TRUE,FALSE,,11,tt1751105,tvSeries,68,18.4014979347293,9.86848194333731
Iris,2009,Unknown,7.9,56/100,0,0,0,1,TRUE,1767,8900000,200000,FALSE,FALSE,,2,tt1757202,tvSeries,56,16.0015619470619,7.47760424319759
Dash & Lily,2020,7+,8,65/100,0,0,0,1,TRUE,12303,11300000,3000000,TRUE,TRUE,2020-11-10,2,tt1758589,tvMiniSeries,65,16.2403133721781,9.41767969174543
Puella Magi Madoka Magica,2011,16+,8.3,65/100,1,0,0,2,FALSE,7879,700000,100000,FALSE,FALSE,,2,tt1773185,tvMiniSeries,65,13.458837042596,8.97208318285193
Blue Exorcist,2011,16+,7.4,62/100,1,0,0,2,FALSE,11498,4400000,300000,FALSE,FALSE,,2,tt1799631,tvSeries,62,15.2971153261612,9.35001535404867
Aurora,2010,Unknown,,14/100,1,0,0,2,FALSE,183,200000,,FALSE,FALSE,2019-04-25,1,tt1807106,tvSeries,14,12.2060776455177,5.21493575760899
Wakfu,2008,7+,8.2,56/100,0,0,0,1,TRUE,1263,21700000,1300000,TRUE,TRUE,2014-09-12,6,tt1807824,tvSeries,56,16.8928228645936,7.1420365747068
Teen Mom 2,2011,7+,4.3,55/100,0,1,0,2,FALSE,2134,500000,,FALSE,FALSE,,2,tt1821220,tvSeries,55,13.1223653774023,7.66622192566273
New Girl,2011,16+,7.7,85/100,0,0,0,1,TRUE,198083,125100000,,FALSE,FALSE,,7,tt1826940,tvSeries,85,18.6446239834307,12.1964464621355
Top Boy,2011,18+,8.4,77/100,0,0,0,1,TRUE,14419,205600000,25600000,TRUE,TRUE,2019-09-13,5,tt1830379,tvSeries,77,19.1414430964091,9.57637141083894
Longmire,2012,16+,8.3,80/100,0,0,0,1,TRUE,30203,99600000,5300000,FALSE,FALSE,2013-05-15,12,tt1836037,tvSeries,80,18.416672732595,10.3157296449233
13 Reasons Why,2017,18+,7.6,79/100,0,0,0,1,TRUE,262804,149500000,5800000,TRUE,TRUE,2017-03-31,8,tt1837492,tvSeries,79,18.822806957484,12.4791675912868
House of Cards,2013,18+,8.7,88/100,0,0,0,1,TRUE,473776,145700000,7200000,TRUE,FALSE,2013-02-01,12,tt1856010,tvSeries,88,18.7970602780289,13.0684920258392
Daughters of Destiny,2017,Unknown,,36/100,0,0,0,1,TRUE,805,1000000,100000,TRUE,TRUE,2017-07-28,2,tt1877895,tvMiniSeries,36,13.8155115579638,6.69208374250663
The Woods,2020,18+,6.5,58/100,0,0,0,1,TRUE,4525,12700000,1200000,TRUE,TRUE,2020-06-12,2,tt1910645,tvMiniSeries,58,16.357112630169,8.41759382619348
Lilyhammer,2012,18+,8,76/100,0,0,0,1,TRUE,27181,13700000,1000000,FALSE,FALSE,2012-02-06,6,tt1958961,tvSeries,76,16.4329064637911,10.2103102685153
Rita,2012,16+,8.1,64/100,0,0,0,1,TRUE,7933,15600000,1300000,TRUE,TRUE,2013-08-14,10,tt1973692,tvSeries,64,16.5627815363223,8.97891260107428
Call the Midwife,2012,16+,8.4,78/100,0,0,0,1,TRUE,21081,115400000,9100000,FALSE,FALSE,,23,tt1983079,tvSeries,78,18.5639149207038,9.95617487481513
Fate/Zero,2011,18+,8.3,64/100,0,0,0,1,TRUE,10874,300000,,FALSE,FALSE,,2,tt2051178,tvSeries,64,12.6115410869661,9.29422185595688
TIGER & BUNNY,2011,16+,7.4,52/100,1,0,0,2,FALSE,797,700000,,TRUE,TRUE,2016-12-13,1,tt2061527,tvSeries,52,13.458837042596,6.68210859744981
Oscar's Oasis,2010,Unknown,7.5,42/100,0,0,0,1,TRUE,493,21200000,1000000,FALSE,FALSE,,2,tt2080922,tvSeries,42,16.8695117868121,6.20253551718792
Black Mirror,2011,18+,8.8,92/100,0,0,0,1,TRUE,462672,438700000,41400000,TRUE,FALSE,2013-02-28,12,tt2085059,tvSeries,92,19.8993263684159,13.0447758200479
Transformers: Rescue Bots,2012,7+,6.5,50/100,0,1,0,2,FALSE,784,6200000,300000,FALSE,FALSE,,2,tt2139371,tvSeries,50,15.6400600113056,6.66568371778241
MeatEater,2012,16+,7.7,51/100,0,0,0,1,TRUE,1216,2700000,400000,TRUE,TRUE,2019-10-18,2,tt2169245,tvSeries,51,14.8087627013449,7.10414409298753
Marco Polo,2014,18+,8,77/100,0,1,0,2,FALSE,66364,57500000,3200000,TRUE,TRUE,2014-12-12,4,tt2189461,tvSeries,77,17.8672955231589,11.1029250880603
Arrow,2012,16+,7.5,84/100,0,0,0,1,TRUE,412411,271800000,7300000,FALSE,FALSE,,16,tt2193021,tvSeries,84,19.4205770633605,12.9297781286647
Beauty and the Beast,2012,7+,7,69/100,0,0,1,2,FALSE,35156,5000000,,FALSE,FALSE,,1,tt2193041,tvSeries,69,15.4249486703984,10.4675790239267
Mia and Me,2012,all,6.6,45/100,0,0,0,1,TRUE,539,7900000,300000,FALSE,FALSE,,4,tt2203143,tvSeries,45,15.8823734440195,6.29156913955832
Last Tango in Halifax,2012,16+,8.3,73/100,0,0,0,1,TRUE,5770,4900000,500000,FALSE,FALSE,,8,tt2216156,tvSeries,73,15.4047459671625,8.66060065471097
Sword Art Online,2012,18+,7.6,71/100,1,0,0,2,FALSE,38586,4600000,200000,FALSE,FALSE,,2,tt2250192,tvSeries,71,15.3415670788506,10.5606707111625
Altered Carbon,2018,18+,8,83/100,0,0,0,1,TRUE,147232,49100000,2900000,TRUE,TRUE,2018-02-02,4,tt2261227,tvSeries,83,17.7093696131313,11.8997716449339
Girls und Panzer,2012,16+,7.4,52/100,1,0,0,2,FALSE,1015,100000,,FALSE,FALSE,,1,tt2294076,tvMiniSeries,52,11.5129354649202,6.92362862813843
Meet the Adebanjos,2012,7+,7.6,37/100,0,0,0,1,TRUE,59,400000,,FALSE,FALSE,,3,tt2344781,tvSeries,37,12.899222326087,4.0943445622221
Kuroko's Basketball,2012,Unknown,8.3,72/100,0,0,0,1,TRUE,6116,59300000,2500000,FALSE,FALSE,,6,tt2348803,tvSeries,72,17.8981198808314,8.71882705924257
Orange Is the New Black,2013,18+,8,87/100,0,0,0,1,TRUE,282734,425400000,15900000,TRUE,TRUE,2013-07-11,14,tt2372162,tvSeries,87,19.8685404630811,12.5522653421733
The Next Step,2013,all,6.2,57/100,0,0,0,1,TRUE,1679,4300000,200000,FALSE,FALSE,,5,tt2374744,tvSeries,57,15.2741258132219,7.42654907239731
Pac-Man and the Ghostly Adventures,2013,7+,4.9,48/100,0,1,0,2,FALSE,534,1500000,100000,FALSE,FALSE,,2,tt2392179,tvSeries,48,14.2209763327389,6.28226674689601
Shadow and Bone,2021,16+,7.7,82/100,0,0,0,1,TRUE,53025,341300000,6500000,TRUE,TRUE,2021-04-23,4,tt2403776,tvSeries,82,19.6482724168069,10.8785376382838
The Bridge,2013,18+,7.6,69/100,1,0,0,2,FALSE,18031,11700000,600000,FALSE,FALSE,,8,tt2406376,tvSeries,69,16.2750994852381,9.79990323627956
Sense8,2015,18+,8.3,84/100,0,0,0,1,TRUE,142819,29500000,1000000,TRUE,TRUE,2015-06-05,4,tt2431438,tvSeries,84,17.1999008552084,11.8693403751031
Wentworth,2013,18+,8.6,73/100,0,0,0,1,TRUE,17834,71800000,4200000,FALSE,FALSE,,16,tt2433738,tvSeries,73,18.089395047946,9.78891809779299
Peaky Blinders,2013,18+,8.8,93/100,0,0,0,1,TRUE,380565,507400000,45500000,FALSE,FALSE,2014-09-30,12,tt2442560,tvSeries,93,20.0448102071003,12.8494148972211
HAPPY!,2017,18+,8.2,77/100,0,0,0,1,TRUE,34400,14500000,1000000,TRUE,TRUE,2018-04-26,4,tt2452242,tvSeries,77,16.4896592763563,10.4458409127064
The Night Shift,2014,16+,7.4,66/100,0,0,0,1,TRUE,11198,5300000,400000,FALSE,FALSE,,8,tt2477230,tvSeries,66,15.4832175672016,9.32357976758269
Sam & Cat,2013,7+,5.7,59/100,0,0,0,1,TRUE,7924,158100000,5600000,FALSE,FALSE,,2,tt2487090,tvSeries,59,18.8787383085048,8.97777759874548
El Reemplazante,2012,16+,8.5,47/100,0,0,0,1,TRUE,636,2100000,,FALSE,FALSE,,2,tt2488050,tvMiniSeries,47,14.557448378884,6.45676965557216
Lupin,2021,18+,7.5,87/100,0,0,0,1,TRUE,69419,472100000,92100000,TRUE,TRUE,2021-01-08,5,tt2531336,tvSeries,87,19.9727013876347,11.1479302894158
EastSiders,2012,Unknown,6.9,54/100,0,0,0,1,TRUE,2383,400000,,TRUE,TRUE,,4,tt2558816,tvSeries,54,12.899222326087,7.77653502818524
Attack on Titan,2013,18+,9,95/100,1,0,0,2,FALSE,234365,52100000,2900000,FALSE,FALSE,,6,tt2560140,tvSeries,95,17.7686755259175,12.3646392749695
Miraculous: Tales of Ladybug & Cat Noir,2015,7+,7.7,73/100,0,0,0,1,TRUE,7761,113700000,5800000,FALSE,FALSE,,2,tt2580046,tvSeries,73,18.5490739675158,8.95699531192885
Sammy & Co,2014,Unknown,5.3,35/100,0,0,0,1,TRUE,24,4300000,100000,FALSE,FALSE,,2,tt2580128,tvSeries,35,15.2741258132219,3.2188758248682
Derek,2013,7+,8,72/100,0,0,0,1,TRUE,28937,2900000,700000,TRUE,TRUE,2013-09-12,6,tt2616280,tvSeries,72,14.8802216397842,10.272910889297
The Originals,2013,16+,8.2,80/100,0,0,0,1,TRUE,121156,80000000,1800000,FALSE,FALSE,,10,tt2632424,tvSeries,80,18.1975372051382,11.7048425041875
Hostages,2013,16+,6.7,62/100,0,0,0,1,TRUE,9657,1000000,100000,FALSE,FALSE,,3,tt2647258,tvSeries,62,13.8155115579638,9.17554186643349
The 100,2014,16+,7.6,86/100,0,0,0,1,TRUE,224183,436700000,23100000,FALSE,FALSE,,14,tt2661044,tvSeries,86,19.8947570207457,12.3202224222208
Narcos,2015,18+,8.8,90/100,0,0,0,1,TRUE,370855,213000000,10200000,TRUE,TRUE,2015-08-28,6,tt2707408,tvSeries,90,19.1768027283685,12.823569126082
Black Ink Crew New York,2013,16+,4.6,49/100,1,0,0,2,FALSE,356,100000,,FALSE,FALSE,,1,tt2738096,tvSeries,49,11.5129354649202,5.87773578177964
The Blacklist,2013,16+,8,88/100,0,0,0,1,TRUE,207861,1072000000,30200000,FALSE,FALSE,,20,tt2741602,tvSeries,88,20.7927919005279,12.244629676957
"That Winter, the Wind Blows",2013,Unknown,7.7,50/100,0,0,0,1,TRUE,1510,17500000,500000,FALSE,FALSE,,2,tt2806646,tvMiniSeries,50,16.6777114960366,7.32052696227274
Velvet,2014,16+,8.1,62/100,0,0,0,1,TRUE,5372,57500000,1600000,FALSE,FALSE,,8,tt2955402,tvSeries,62,17.8672955231589,8.58914169072882
Dare Me,2019,18+,6.7,66/100,0,0,0,1,TRUE,3835,13000000,900000,FALSE,FALSE,2020-03-20,2,tt2983222,tvSeries,66,16.3804599923489,8.25218543600333
Outlander,2014,18+,8.4,88/100,0,0,0,1,TRUE,132777,434400000,16300000,FALSE,FALSE,2016-03-31,14,tt3006802,tvSeries,88,19.889476328886,11.7964338396503
Locke & Key,2020,16+,7.4,77/100,0,0,0,1,TRUE,45895,104900000,5600000,TRUE,TRUE,2020-02-07,6,tt3007572,tvSeries,77,18.4685180828994,10.7341332462817
Turbo FAST,2013,7+,6.5,43/100,0,0,0,1,TRUE,497,5000000,,FALSE,FALSE,2013-12-24,3,tt3010520,tvSeries,43,15.4249486703984,6.21060007702465
Better Call Saul,2015,18+,8.8,94/100,0,0,0,1,TRUE,341285,455900000,18200000,FALSE,FALSE,2015-02-08,12,tt3032476,tvSeries,94,19.9377840473771,12.7404761144226
Mother Goose Club,2010,Unknown,7.4,43/100,0,0,0,1,TRUE,152,5500000,900000,FALSE,FALSE,,4,tt3040470,tvSeries,43,15.5202588320209,5.03043792139244
Man Down,2013,18+,7.6,58/100,0,0,0,1,TRUE,3375,2400000,400000,FALSE,FALSE,,8,tt3063454,tvSeries,58,14.6909797119848,8.12444685571585
Shtisel,2013,16+,8.6,65/100,0,0,0,1,TRUE,5618,2100000,,TRUE,TRUE,2018-12-14,3,tt3069894,tvSeries,65,14.557448378884,8.6339089911122
The Chase,2013,all,7.4,50/100,1,0,0,2,FALSE,757,500000,,FALSE,FALSE,,1,tt3077336,tvSeries,50,13.1223653774023,6.63068338564237
Rabbids Invasion,2013,7+,5,50/100,1,0,0,2,FALSE,1502,28900000,1100000,FALSE,FALSE,,6,tt3105674,tvSeries,50,17.1793521876847,7.31521838975298
Sailor Moon Crystal,2014,16+,8,62/100,1,0,0,2,FALSE,1868,7600000,800000,FALSE,FALSE,,6,tt3124992,tvSeries,62,15.8436589368355,7.53315880745556
How to Get Away with Murder,2014,16+,8.1,83/100,1,0,0,2,FALSE,134305,262200000,12100000,FALSE,FALSE,,12,tt3205802,tvSeries,83,19.3846181331078,11.8078760576117
Tayo the Little Bus,2010,Unknown,5.6,40/100,1,1,0,3,FALSE,131,20100000,2000000,TRUE,FALSE,,4,tt3270208,tvSeries,40,16.8162304227805,4.88280192258637
Unbreakable Kimmy Schmidt,2015,16+,7.6,79/100,0,0,0,1,TRUE,64978,31600000,2300000,TRUE,TRUE,2015-03-06,8,tt3339966,tvSeries,79,17.2686677102027,11.0818194197541
Let's Eat,2013,16+,7.7,55/100,0,0,0,1,TRUE,525,500000,,TRUE,TRUE,,1,tt3385484,tvSeries,55,13.1223653774023,6.26530121273771
BoJack Horseman,2014,18+,8.7,86/100,0,0,0,1,TRUE,120928,111300000,9600000,TRUE,TRUE,2014-08-22,12,tt3398228,tvSeries,86,18.5277398252305,11.7029588754985
Some Assembly Required,2014,all,3.7,44/100,0,1,0,2,FALSE,756,26200000,1300000,TRUE,FALSE,2015-06-19,4,tt3441810,tvSeries,44,17.0812700068993,6.62936325343745
Are You The One?,2014,16+,6.5,61/100,1,0,0,2,FALSE,1958,3900000,,FALSE,FALSE,,2,tt3484274,tvSeries,61,15.1764873675101,7.58018941794454
Madam Secretary,2014,16+,7.6,73/100,0,0,0,1,TRUE,20462,97600000,3500000,FALSE,FALSE,,12,tt3501074,tvSeries,73,18.3963880616292,9.92637365632283
iZombie,2015,16+,7.8,80/100,0,0,0,1,TRUE,61628,74500000,3800000,FALSE,FALSE,,10,tt3501584,tvSeries,80,18.1263096967726,11.0288878179606
Bloodline,2015,18+,7.9,76/100,0,0,0,1,TRUE,45398,82400000,3400000,FALSE,FALSE,2015-03-20,6,tt3520702,tvSeries,76,18.2270960070156,10.7232453573551
Schitt's Creek,2015,16+,8.5,86/100,0,0,0,1,TRUE,84994,62500000,6100000,FALSE,FALSE,,12,tt3526078,tvSeries,86,17.9506771307066,11.3503477102129
Autumn's Concerto,2009,16+,8,50/100,0,0,0,1,TRUE,398,3500000,100000,TRUE,TRUE,,2,tt3530668,tvSeries,50,15.0682738121739,5.98896141688986
Black Money Love,2014,Unknown,7.3,61/100,0,0,0,1,TRUE,5197,80900000,300000,FALSE,FALSE,,2,tt3565486,tvSeries,61,18.2087243943897,8.55602921520144
Jane the Virgin,2014,16+,7.8,80/100,0,0,0,1,TRUE,40680,291100000,7700000,TRUE,FALSE,,10,tt3566726,tvSeries,80,19.4891774121511,10.6135164319646
Puffin Rock,2015,all,8.7,49/100,0,0,0,1,TRUE,765,21300000,2500000,TRUE,FALSE,2015-09-01,4,tt3590338,tvSeries,49,16.874217677628,6.64118216974059
Henry Danger,2014,all,5.7,61/100,0,0,0,1,TRUE,3765,279300000,14300000,FALSE,FALSE,,10,tt3596174,tvSeries,61,19.4477970344958,8.2337687092171
"Nicky, Ricky, Dicky & Dawn",2014,all,5.2,51/100,0,0,0,1,TRUE,2065,116200000,7100000,FALSE,FALSE,,8,tt3596176,tvSeries,51,18.5708234109879,7.63336964967958
Bella and the Bulldogs,2015,all,5.4,53/100,0,0,0,1,TRUE,1484,37100000,2300000,FALSE,FALSE,,4,tt3596178,tvSeries,53,17.4291275545318,7.3031700512368
Grace and Frankie,2015,18+,8.3,80/100,0,0,0,1,TRUE,40701,138000000,9400000,TRUE,TRUE,2015-05-08,14,tt3609352,tvSeries,80,18.7427642503679,10.6140325102725
VeggieTales In The House,2014,all,4.4,39/100,0,0,0,1,TRUE,265,100000,,FALSE,FALSE,,1,tt3692064,tvSeries,39,11.5129354649202,5.5834963087817
She's Gotta Have It,2017,18+,6.8,64/100,0,0,0,1,TRUE,4223,2000000,200000,TRUE,TRUE,2017-11-23,4,tt3713588,tvSeries,64,14.5086582385241,8.3485378253861
Hap and Leonard,2016,18+,7.7,61/100,0,0,0,1,TRUE,6928,700000,,FALSE,FALSE,,3,tt3729898,tvSeries,61,13.458837042596,8.84347078162738
Real Rob,2015,18+,6.4,48/100,0,0,0,1,TRUE,2594,2600000,200000,TRUE,TRUE,2015-11-30,4,tt3741346,tvSeries,48,14.771022387607,7.86134179559999
Akame ga Kill!,2014,18+,7.8,68/100,1,0,0,2,FALSE,18489,7600000,800000,FALSE,FALSE,,2,tt3742982,tvSeries,68,15.8436589368355,9.82498532438117
Gotham,2014,16+,7.8,83/100,0,0,0,1,TRUE,214938,37900000,100000,FALSE,FALSE,,6,tt3749900,tvSeries,83,17.4504616964379,12.2781095459232
People Just Do Nothing,2014,18+,8.5,61/100,0,0,0,1,TRUE,4620,3600000,700000,FALSE,FALSE,,9,tt3762198,tvSeries,61,15.0964446812041,8.43836641087027
All Hail King Julien,2014,7+,7.1,53/100,0,0,0,1,TRUE,1651,47500000,3900000,TRUE,TRUE,2014-12-19,10,tt3807022,tvSeries,53,17.6762402900575,7.40974195408092
The Adventures of Puss in Boots,2015,7+,6.7,51/100,0,0,0,1,TRUE,1447,69300000,3500000,FALSE,FALSE,2015-01-16,12,tt3807034,tvSeries,51,18.0539554785902,7.27793857294566
Versailles,2015,18+,7.9,73/100,0,0,0,1,TRUE,14575,10100000,300000,FALSE,FALSE,,4,tt3830558,tvSeries,73,16.1280460808214,9.58713161949974
Spotless,2015,Unknown,7.8,67/100,0,0,0,1,TRUE,3379,1700000,100000,FALSE,FALSE,2016-05-10,2,tt3834000,tvSeries,67,14.3461393972616,8.12563098847707
The Son,2017,16+,7.5,67/100,1,0,0,2,FALSE,5490,1000000,,FALSE,FALSE,2019-07-26,1,tt3839822,tvSeries,67,13.8155115579638,8.61086566727887
Z Nation,2014,16+,6.7,68/100,0,0,0,1,TRUE,33556,47800000,1800000,FALSE,FALSE,,10,tt3843168,tvSeries,68,17.6825362183822,10.4210007644519
Into the Badlands,2015,16+,8,80/100,0,0,0,1,TRUE,42624,10300000,500000,FALSE,FALSE,,6,tt3865236,tvSeries,80,16.1476545502872,10.6601962145858
The Magic School Bus Rides Again,2017,all,6.2,48/100,0,0,0,1,TRUE,690,19500000,1600000,TRUE,TRUE,2017-09-29,4,tt3869122,tvSeries,48,16.785925074816,6.53813982376767
The Irregular at Magic High School,2014,16+,7.2,61/100,0,0,0,1,TRUE,2601,5200000,200000,FALSE,FALSE,,2,tt3874528,tvSeries,61,15.4641693758593,7.86403565907245
Your Lie in April,2014,7+,8.6,72/100,1,0,0,2,FALSE,20002,200000,,FALSE,FALSE,,1,tt3895150,tvSeries,72,12.2060776455177,9.90363754128725
Good Witch,2015,7+,7.3,68/100,0,0,0,1,TRUE,7985,157500000,10400000,FALSE,FALSE,,14,tt3906732,tvSeries,68,18.8749360225792,8.98544528762317
The Seven Deadly Sins,2014,16+,8,75/100,0,0,0,1,TRUE,25225,62500000,3100000,FALSE,FALSE,2015-08-31,2,tt3909224,tvSeries,75,17.9506771307066,10.1356304876471
Inspector Gadget,2015,all,4.6,40/100,0,0,1,2,FALSE,472,9400000,800000,FALSE,FALSE,2015-03-27,8,tt3910690,tvSeries,40,16.0562203536232,6.15909538849193
Bad Guys,2014,18+,7.9,52/100,0,0,0,1,TRUE,1310,3900000,100000,TRUE,TRUE,,2,tt3914520,tvSeries,52,15.1764873675101,7.1785454837637
Fuller House,2016,7+,6.7,67/100,0,0,0,1,TRUE,25285,182000000,12200000,TRUE,TRUE,2016-02-26,10,tt3986586,tvSeries,67,19.0195172505356,10.1380061618718
Marseille,2016,18+,6.9,56/100,0,0,0,1,TRUE,4778,10500000,1200000,TRUE,TRUE,2016-05-04,4,tt4003966,tvSeries,56,16.1668859103658,8.47198659857816
Supergirl,2015,16+,6.2,77/100,0,0,0,1,TRUE,114321,109400000,3200000,FALSE,FALSE,,12,tt4016454,tvSeries,77,18.5105214570929,11.6467743072023
Tokyo Trial,2016,Unknown,7.4,47/100,0,0,0,1,TRUE,1199,900000,100000,TRUE,TRUE,,2,tt4040530,tvMiniSeries,47,13.7101511534169,7.09007683577609
Lovesick,2014,18+,8.1,64/100,0,0,0,1,TRUE,17144,4300000,600000,TRUE,TRUE,2015-04-15,6,tt4051832,tvSeries,64,15.2741258132219,9.74946186489702
Lucifer,2016,16+,8.1,90/100,0,0,0,1,TRUE,253035,804000000,30400000,FALSE,FALSE,2017-07-23,12,tt4052886,tvSeries,90,20.505109828387,12.4412870500772
Love,2016,18+,7.7,77/100,0,0,0,1,TRUE,38433,17500000,1300000,TRUE,TRUE,2016-02-19,6,tt4061080,tvSeries,77,16.6777114960366,10.5566977634924
Crazy Ex-Girlfriend,2015,16+,7.8,76/100,0,0,0,1,TRUE,17590,18600000,900000,FALSE,FALSE,,8,tt4094300,tvSeries,76,16.7386721924469,9.7751426865989
Cloudy with a Chance of Meatballs,2017,all,3.3,40/100,0,0,0,1,TRUE,666,7700000,300000,FALSE,FALSE,,2,tt4123482,tvSeries,40,15.856731016694,6.50279004591562
Between,2015,16+,6,62/100,0,0,0,1,TRUE,8503,15200000,1300000,FALSE,FALSE,2015-05-21,4,tt4132692,tvSeries,62,16.536806051606,9.04829192002178
PJ Masks,2015,all,5.5,55/100,0,0,1,2,FALSE,978,147700000,6600000,TRUE,FALSE,,8,tt4148744,tvSeries,55,18.8106937542721,6.88653164253051
Dark Matter,2015,18+,7.5,78/100,0,1,0,2,FALSE,39572,300000,,FALSE,FALSE,,3,tt4159076,tvSeries,78,12.6115410869661,10.585902346517
Richie Rich,2015,all,3.3,37/100,0,0,0,1,TRUE,855,26100000,3100000,TRUE,FALSE,2015-02-20,4,tt4160920,tvSeries,37,17.0774459106071,6.75227037614174
The Crime,2015,Unknown,6.2,38/100,0,0,0,1,TRUE,531,2100000,400000,TRUE,TRUE,,4,tt4173216,tvSeries,38,14.557448378884,6.27664348934165
The Last Kingdom,2015,18+,8.4,85/100,0,0,0,1,TRUE,92036,341900000,13100000,TRUE,FALSE,2015-12-28,10,tt4179452,tvSeries,85,19.6500288575344,11.429945949094
Shooter,2016,16+,7.5,73/100,0,0,0,1,TRUE,32590,128500000,3000000,FALSE,FALSE,2016-11-16,6,tt4181172,tvSeries,73,18.6714394700817,10.3917914556198
Glitch,2015,16+,7.3,70/100,0,0,0,1,TRUE,15589,70800000,6200000,TRUE,TRUE,2016-10-14,6,tt4192782,tvSeries,70,18.0753695727882,9.65438496205182
The Frankenstein Chronicles,2015,16+,7.3,67/100,0,0,0,1,TRUE,10391,800000,,FALSE,FALSE,,2,tt4206804,tvSeries,67,13.5923682566493,9.24879155835043
Colony,2016,16+,7.4,77/100,0,0,0,1,TRUE,32137,11000000,400000,FALSE,FALSE,,6,tt4209256,tvSeries,77,16.2134059216717,10.3777944096017
Into the Wild,2014,Unknown,8.5,41/100,0,1,0,2,FALSE,110,500000,,FALSE,FALSE,,1,tt4228738,tvSeries,41,13.1223653774023,4.70953020131233
Call My Agent!,2015,16+,8.3,68/100,0,0,0,1,TRUE,10694,15100000,1300000,FALSE,FALSE,2016-12-20,8,tt4277922,tvSeries,68,16.5302053680103,9.27753162151651
The Fierce Wife,2010,16+,6.8,40/100,0,0,0,1,TRUE,76,900000,,FALSE,FALSE,,1,tt4304720,tvSeries,40,13.7101511534169,4.34380542185368
Resurrection: Ertugrul,2014,16+,8,73/100,0,0,0,1,TRUE,30416,38700000,,FALSE,FALSE,,4,tt4320258,tvSeries,73,17.4713501838398,10.3227569416207
F is for Family,2015,18+,8,74/100,0,0,0,1,TRUE,30656,51800000,5800000,TRUE,TRUE,2015-12-18,10,tt4326894,tvSeries,74,17.7629007265347,10.3306163002803
Wet Hot American Summer: First Day of Camp,2015,16+,7.4,67/100,0,0,0,1,TRUE,22650,1800000,200000,TRUE,TRUE,2015-07-31,2,tt4341500,tvMiniSeries,67,14.4032977784218,10.027959280047
Outback Truckers,2012,Unknown,7.4,48/100,0,0,0,1,TRUE,219,1000000,,FALSE,FALSE,,3,tt4345548,tvSeries,48,13.8155115579638,5.39362754635236
Babylon Berlin,2017,18+,8.4,72/100,0,0,0,1,TRUE,20361,3100000,200000,FALSE,FALSE,2018-01-30,5,tt4378376,tvSeries,72,14.946912992036,9.92142569766714
Office Girls,2011,Unknown,6.9,40/100,0,0,0,1,TRUE,116,800000,,TRUE,TRUE,,1,tt4381290,tvMiniSeries,40,13.5923682566493,4.76217393479776
Silver Spoon,2014,16+,7.7,53/100,0,0,0,1,TRUE,1423,100000,,FALSE,FALSE,,1,tt4426042,tvSeries,53,11.5129354649202,7.26122509197192
Locked Up,2015,18+,8.2,67/100,0,0,0,1,TRUE,18141,161300000,7800000,FALSE,FALSE,2015-10-18,8,tt4524056,tvSeries,67,18.8987765492951,9.80598497117489
DC's Legends of Tomorrow,2016,16+,6.8,80/100,0,0,0,1,TRUE,94480,72500000,3300000,FALSE,FALSE,,14,tt4532368,tvSeries,80,18.099097133618,11.4561540350659
Knightfall,2017,16+,6.8,68/100,0,0,0,1,TRUE,17700,21500000,1000000,TRUE,FALSE,,4,tt4555364,tvSeries,68,16.8835635396095,9.78137641414116
Fauda,2015,16+,8.2,77/100,0,0,0,1,TRUE,21153,224900000,7400000,TRUE,TRUE,2016-12-02,8,tt4565380,tvSeries,77,19.231166421376,9.959584291888
Chhota Bheem,2008,Unknown,4.3,27/100,0,0,0,1,TRUE,623,1100000,,FALSE,FALSE,,8,tt4570986,tvSeries,27,13.9108216468591,6.43615036836943
Stranger Things,2016,16+,8.7,96/100,0,0,0,1,TRUE,864533,140100000,9100000,TRUE,TRUE,2016-07-15,2,tt4574334,tvSeries,96,18.757867018445,13.6699459124241
Luna Petunia,2016,all,6.3,31/100,0,0,0,1,TRUE,47,3300000,500000,TRUE,TRUE,2016-12-09,6,tt4588068,tvSeries,31,15.009433329467,3.87120101090789
BUNK'D,2015,all,5.4,56/100,0,0,0,1,TRUE,2670,145000000,7400000,FALSE,FALSE,,12,tt4591680,tvSeries,56,18.7922443072814,7.89020821310996
The Get Down,2016,16+,8.3,66/100,0,0,0,1,TRUE,21339,3500000,300000,TRUE,TRUE,2016-08-12,4,tt4592410,tvMiniSeries,66,15.0682738121739,9.96833852485574
The Sound of Your Heart,2016,Unknown,8.3,49/100,0,0,0,1,TRUE,845,2800000,200000,TRUE,TRUE,2017-01-31,2,tt4613520,tvSeries,49,14.8451303322882,6.74051935960622
Master of None,2015,18+,8.3,83/100,0,0,0,1,TRUE,69562,4700000,400000,TRUE,TRUE,2015-11-06,6,tt4635276,tvSeries,83,15.3630732794462,11.1499880957728
Green Eggs and Ham,2019,7+,8.2,63/100,0,0,0,1,TRUE,1947,22500000,1800000,TRUE,TRUE,2019-11-08,2,tt4651448,tvSeries,63,16.9290259116191,7.57455848420248
Documentary Now!,2015,18+,8.1,72/100,0,0,0,1,TRUE,5578,2000000,100000,FALSE,FALSE,,5,tt4677934,tvSeries,72,14.5086582385241,8.62676482784553
Club de Cuervos,2015,18+,8.2,66/100,0,0,0,1,TRUE,5099,25200000,1300000,TRUE,TRUE,2015-08-07,8,tt4680240,tvSeries,66,17.0423545921642,8.53699581871242
Forged in Fire,2015,7+,8.4,65/100,1,1,0,3,FALSE,2945,20800000,300000,FALSE,FALSE,,2,tt4680444,tvSeries,65,16.8504635927485,7.98820359702258
Frontier,2016,18+,7.2,71/100,0,0,0,1,TRUE,17860,52900000,6600000,TRUE,TRUE,2017-01-20,6,tt4686698,tvSeries,71,17.7839139157321,9.79037484390448
Rebellion,2016,16+,7.2,60/100,0,0,0,1,TRUE,3006,7100000,800000,FALSE,FALSE,2016-04-08,4,tt4699982,tvSeries,60,15.7756054828566,8.00869818298853
Beat Bugs,2016,all,7.6,46/100,0,0,0,1,TRUE,478,5800000,400000,TRUE,TRUE,2016-08-03,6,tt4716268,tvSeries,46,15.5733686479304,6.17170059741092
Is It Wrong to Try to Pick Up Girls in a Dungeon?,2015,16+,7.4,64/100,1,0,0,2,FALSE,5992,8300000,700000,FALSE,FALSE,,6,tt4728568,tvSeries,64,15.9317661932487,8.69834740045819
Robocar Poli,2011,Unknown,6.7,39/100,0,0,0,1,TRUE,83,32800000,2400000,TRUE,FALSE,,8,tt4763642,tvSeries,39,17.3059391038422,4.43081679884331
Llama Llama,2018,all,6.5,33/100,0,0,0,1,TRUE,244,11900000,1100000,TRUE,TRUE,2018-01-26,4,tt4781350,tvSeries,33,16.2920490421154,5.50125821054473
The Crown,2016,18+,8.6,89/100,0,0,0,1,TRUE,166234,662000000,49600000,TRUE,TRUE,2016-11-04,11,tt4786824,tvSeries,89,20.3107761154119,12.0211577288836
Lady Dynamite,2016,16+,7.4,63/100,0,0,0,1,TRUE,3351,300000,,TRUE,TRUE,2016-05-20,2,tt4789300,tvSeries,63,12.6115410869661,8.11731246160198
Terrace House: Boys & Girls in the City,2015,7+,8.1,55/100,0,0,0,1,TRUE,1463,5900000,200000,TRUE,TRUE,2015-08-31,4,tt4790546,tvSeries,55,15.5904630783675,7.28892769452126
Atelier,2015,16+,7.2,48/100,0,0,0,1,TRUE,862,1700000,100000,TRUE,TRUE,2015-08-31,2,tt4790548,tvMiniSeries,48,14.3461393972616,6.76041469108343
Oh My Ghost,2015,Unknown,8.1,59/100,0,0,0,1,TRUE,3604,5600000,100000,FALSE,FALSE,2018-09-24,2,tt4799574,tvSeries,59,15.5382773342768,8.19007704971905
Alone,2015,16+,8.4,77/100,1,0,0,2,FALSE,3593,67400000,5000000,FALSE,FALSE,,7,tt4803766,tvSeries,77,18.0261555907193,8.18702106734351
Dragons: Race to the Edge,2015,7+,8.3,57/100,0,0,0,1,TRUE,5062,156700000,13500000,TRUE,FALSE,2015-06-26,12,tt4816058,tvSeries,57,18.8698437137079,8.52971447196991
Yu-Gi-Oh!,1998,Unknown,7.9,62/100,1,1,0,3,FALSE,1612,28500000,600000,FALSE,FALSE,,9,tt4834194,tvSeries,62,17.1654146803266,7.38585107812521
A Series of Unfortunate Events,2017,7+,7.8,79/100,0,0,0,1,TRUE,55098,65300000,4400000,TRUE,TRUE,2017-01-13,6,tt4834206,tvSeries,79,17.9945026095606,10.916886846156
Hotel Transylvania,2017,7+,5.5,43/100,0,0,0,1,TRUE,541,16200000,500000,FALSE,FALSE,,2,tt4858114,tvSeries,43,16.600521861931,6.29526600143965
Project Mc²,2015,all,6,47/100,0,0,0,1,TRUE,803,22500000,5400000,TRUE,TRUE,2015-08-07,12,tt4861760,tvSeries,47,16.9290259116191,6.68959926917897
Wynonna Earp,2016,16+,7.5,78/100,0,0,0,1,TRUE,20246,7900000,500000,FALSE,FALSE,,8,tt4878326,tvSeries,78,15.8823734440195,9.91576191341152
Stateless,2020,16+,7.6,65/100,0,0,0,1,TRUE,7025,9200000,1100000,FALSE,FALSE,2020-07-08,2,tt4878488,tvMiniSeries,65,16.0347141507149,8.85737283282577
3%,2016,18+,7.4,72/100,0,0,0,1,TRUE,22653,30000000,2100000,TRUE,TRUE,2016-11-24,8,tt4922804,tvSeries,72,17.2167079729598,10.0280917157607
Cathedral of the Sea,2018,16+,7.5,56/100,0,0,0,1,TRUE,3440,14900000,1000000,TRUE,TRUE,2018-08-31,2,tt4944694,tvSeries,56,16.5168718380298,8.14351740579748
Great News,2017,7+,7,66/100,0,0,0,1,TRUE,5766,7500000,700000,TRUE,TRUE,2018-08-23,4,tt4955480,tvSeries,66,15.8304137118399,8.65990729361541
The Good Place,2016,16+,8.2,88/100,0,0,0,1,TRUE,123949,135800000,11900000,FALSE,FALSE,2017-08-21,8,tt4955642,tvSeries,88,18.7266937804526,11.7276335374633
Greenleaf,2016,18+,7.4,59/100,0,0,0,1,TRUE,4522,74000000,4600000,TRUE,TRUE,2017-03-03,10,tt4971144,tvSeries,59,18.119575664682,8.41693076947784
Flaked,2016,18+,7.2,64/100,0,0,0,1,TRUE,10575,5400000,500000,TRUE,TRUE,2016-03-11,4,tt4973548,tvSeries,64,15.5019096967197,9.26634256209147
Secret City,2016,18+,7.4,71/100,0,0,0,1,TRUE,6839,10400000,1000000,TRUE,TRUE,2018-06-26,2,tt4976512,tvSeries,71,16.1573164602654,8.8305430106166
The Ranch,2016,16+,7.5,67/100,0,0,0,1,TRUE,34735,146200000,12400000,TRUE,TRUE,2016-04-01,16,tt4998212,tvSeries,67,18.8004861121199,10.4555318921181
Ice Fantasy,2016,16+,7.1,42/100,0,0,0,1,TRUE,541,200000,,FALSE,FALSE,,1,tt5022298,tvSeries,42,12.2060776455177,6.29526600143965
Legend Quest,2017,7+,7.4,43/100,0,0,0,1,TRUE,403,2800000,200000,TRUE,TRUE,2017-02-24,2,tt5038900,tvSeries,43,14.8451303322882,6.00141487796115
Cannon Busters,2019,18+,6.8,57/100,0,0,0,1,TRUE,1004,1800000,100000,FALSE,FALSE,2019-08-15,2,tt5066664,tvSeries,57,14.4032977784218,6.91274282049318
Ozark,2017,18+,8.4,89/100,0,0,0,1,TRUE,201029,220300000,8600000,TRUE,TRUE,2017-07-21,8,tt5071412,tvSeries,89,19.2105008163118,12.2112094296353
Lego Bionicle: The Journey to One,2016,7+,5.5,40/100,0,0,0,1,TRUE,149,2400000,1100000,TRUE,TRUE,2016-03-04,4,tt5075942,tvSeries,40,14.6909797119848,5.01063529409626
Troy: Fall of a City,2018,18+,3.8,54/100,0,0,0,1,TRUE,12669,25900000,1500000,TRUE,TRUE,2018-04-06,2,tt5103758,tvSeries,54,17.0697535652798,9.44699227331519
The Method,2015,18+,7.4,56/100,0,0,0,1,TRUE,2499,200000,,FALSE,FALSE,,1,tt5135336,tvSeries,56,12.2060776455177,7.82404601085629
The Witcher,2019,18+,8.2,89/100,0,0,0,1,TRUE,321578,751300000,76200000,TRUE,TRUE,2019-12-20,6,tt5180504,tvSeries,89,20.4373155986704,12.6809985156474
Secrets of Great British Castles,2015,7+,7.8,52/100,0,0,0,1,TRUE,884,7200000,700000,FALSE,FALSE,,4,tt5181284,tvSeries,52,15.7895917228752,6.78558764500793
Reply 1988,2015,Unknown,9.1,67/100,0,0,0,1,TRUE,4257,46800000,900000,TRUE,FALSE,,2,tt5182866,tvSeries,67,17.6613937822554,8.35655484545343
Making a Murderer,2015,16+,8.6,84/100,0,0,0,1,TRUE,88435,24300000,1100000,TRUE,TRUE,2015-12-18,4,tt5189670,tvSeries,84,17.005986949463,11.3900344055451
The Break,2016,18+,7.6,60/100,0,0,0,1,TRUE,203,1700000,100000,FALSE,FALSE,,3,tt5191128,tvSeries,60,14.3461393972616,5.31811999384422
Dawn of the Croods,2015,7+,6,46/100,0,0,0,1,TRUE,564,43500000,3700000,FALSE,FALSE,2015-12-24,8,tt5193172,tvSeries,46,17.5882715190474,6.33682573114644
Wanted,2016,16+,7.7,63/100,0,0,0,1,TRUE,4916,21700000,2000000,FALSE,FALSE,2017-10-24,6,tt5193358,tvSeries,63,16.8928228645936,8.50045386741194
Van Helsing,2016,16+,6.2,66/100,0,0,0,1,TRUE,18851,82700000,4100000,TRUE,TRUE,2016-12-17,10,tt5197820,tvSeries,66,18.2307301720858,9.84437428804362
Tabula Rasa,2017,18+,8,63/100,0,0,0,1,TRUE,8949,1000000,,FALSE,FALSE,2018-03-15,1,tt5197860,tvMiniSeries,63,13.8155115579638,9.0994088112689
Imposters,2017,16+,7.8,73/100,0,0,0,1,TRUE,11302,20500000,1400000,FALSE,FALSE,,4,tt5212822,tvSeries,73,16.8359354928891,9.33282345619073
Netflix Presents: The Characters,2016,18+,5.4,54/100,0,0,0,1,TRUE,730,200000,,TRUE,TRUE,2016-03-11,1,tt5228026,tvSeries,54,12.2060776455177,6.59441345974978
A Touch of Green,2015,Unknown,8.4,46/100,0,0,0,1,TRUE,238,300000,,FALSE,FALSE,,1,tt5231950,tvSeries,46,12.6115410869661,5.47646355193151
Lost in Space,2018,7+,7.3,80/100,1,0,0,2,FALSE,75450,108700000,6200000,TRUE,TRUE,2018-04-13,6,tt5232792,tvSeries,80,18.5041023612911,11.2312387179186
Word Party,2016,all,5.9,37/100,0,0,0,1,TRUE,309,55300000,9200000,TRUE,TRUE,2016-07-08,10,tt5235950,tvSeries,37,17.8282834845757,5.73657229747919
ERASED,2016,16+,8.5,74/100,1,0,0,2,FALSE,33610,2400000,200000,TRUE,TRUE,2017-12-15,2,tt5249462,tvMiniSeries,74,14.6909797119848,10.4226086733262
Marcella,2016,18+,7.4,72/100,0,0,0,1,TRUE,25873,44000000,4100000,TRUE,TRUE,2016-07-01,6,tt5269594,tvSeries,72,17.5997002146098,10.1609938824778
Chelsea Does,2016,18+,7.2,55/100,0,0,0,1,TRUE,2358,900000,,TRUE,TRUE,2016-01-23,1,tt5275894,tvSeries,55,13.7101511534169,7.76599307940768
Mindhunter,2017,18+,8.6,90/100,0,0,0,1,TRUE,230492,90700000,5000000,TRUE,TRUE,2017-10-13,4,tt5290382,tvSeries,90,18.3230679261107,12.3479757721941
Crashing,2016,Unknown,7.7,65/100,0,0,0,1,TRUE,15748,2100000,400000,FALSE,FALSE,2016-08-31,2,tt5295524,tvSeries,65,14.557448378884,9.66453215017458
Designated Survivor,2016,7+,7.5,77/100,0,0,0,1,TRUE,80319,318900000,9200000,TRUE,TRUE,2016-09-22,6,tt5296406,tvSeries,77,19.5803881351161,11.2937739349256
The Cuba Libre Story,2016,16+,7.7,48/100,0,0,0,1,TRUE,66,3800000,200000,FALSE,FALSE,2016-12-08,2,tt5319838,tvMiniSeries,48,15.1505118878545,4.20469261939097
Degrassi: Next Class,2016,7+,6.9,58/100,0,0,0,1,TRUE,2803,6000000,600000,TRUE,TRUE,2016-01-15,8,tt5320160,tvSeries,58,15.607270193859,7.93880224815448
Power Rangers Ninja Steel,2017,7+,6,45/100,0,0,0,1,TRUE,722,69900000,3500000,FALSE,FALSE,,4,tt5335606,tvSeries,45,18.0625762215102,6.58340922215877
Charité,2017,7+,7.9,59/100,0,0,0,1,TRUE,2800,3000000,300000,FALSE,FALSE,,6,tt5337806,tvSeries,59,14.9141231799657,7.93773177526011
One Day at a Time,2017,7+,8.2,77/100,0,0,0,1,TRUE,13872,38300000,2700000,TRUE,TRUE,2017-01-06,6,tt5339440,tvSeries,77,17.4609604802605,9.53769978408073
Mobile Suit Gundam: Iron-Blooded Orphans,2015,18+,7.9,56/100,0,0,0,1,TRUE,1320,6500000,300000,TRUE,FALSE,,4,tt5344382,tvSeries,56,15.687312888712,7.18614430452233
Cooked,2016,7+,8.1,56/100,0,0,0,1,TRUE,2761,1000000,100000,TRUE,TRUE,2016-02-19,2,tt5347906,tvMiniSeries,56,13.8155115579638,7.92371033396924
Tales by Light,2015,Unknown,8.3,55/100,0,0,0,1,TRUE,1803,2700000,500000,TRUE,FALSE,2016-11-10,6,tt5350276,tvSeries,55,14.8087627013449,7.49776170062257
Disenchantment,2018,16+,7.2,74/100,0,0,0,1,TRUE,49988,139400000,20000000,TRUE,TRUE,2018-08-17,9,tt5363918,tvSeries,74,18.7528580634643,10.8195582602067
Riverdale,2017,16+,6.8,81/100,1,0,0,2,FALSE,125116,361900000,13500000,FALSE,FALSE,2017-01-27,14,tt5420376,tvSeries,81,19.7068784912972,11.7370045785096
Anne with an E,2017,all,8.7,80/100,0,0,0,1,TRUE,41979,168000000,11700000,TRUE,TRUE,2017-05-12,6,tt5421602,tvSeries,80,18.9394745433199,10.6449485933746
Gilmore Girls: A Year in the Life,2016,16+,7.6,68/100,0,0,0,1,TRUE,32300,37900000,3400000,TRUE,TRUE,2016-11-25,2,tt5435008,tvMiniSeries,68,17.4504616964379,10.3828534684838
La Esclava Blanca,2016,Unknown,,24/100,0,0,0,1,TRUE,492,2400000,,FALSE,FALSE,,1,tt5458128,tvSeries,24,14.6909797119848,6.20050917404269
Kong: King of the Apes,2016,7+,5.8,37/100,0,0,0,1,TRUE,279,21700000,1700000,TRUE,TRUE,2016-04-15,4,tt5462936,tvSeries,37,16.8928228645936,5.63478960316925
Gypsy,2017,18+,6.8,67/100,0,0,0,1,TRUE,14742,19000000,900000,TRUE,TRUE,2017-06-30,2,tt5503718,tvSeries,67,16.7599495897623,9.59852367284982
Godless,2017,18+,8.3,80/100,0,0,0,1,TRUE,55926,55700000,3400000,TRUE,TRUE,2017-11-22,2,tt5516154,tvMiniSeries,80,17.8354907228508,10.9318025479004
Good Morning Call,2016,all,7.5,53/100,0,0,0,1,TRUE,2833,14800000,600000,TRUE,FALSE,2016-02-11,4,tt5520732,tvSeries,53,16.5101378063019,7.94944442025063
Kabaneri of the Iron Fortress,2016,18+,7.2,59/100,0,0,0,1,TRUE,4544,300000,,FALSE,FALSE,,1,tt5556656,tvSeries,59,12.6115410869661,8.42178300661158
Easy,2016,18+,6.9,69/100,0,0,0,1,TRUE,12589,11100000,1200000,TRUE,TRUE,2016-09-22,6,tt5562056,tvSeries,69,16.2224557563727,9.44065812703839
60 Days In,2016,16+,7.7,62/100,1,1,0,3,FALSE,2217,16500000,800000,FALSE,FALSE,,4,tt5564124,tvSeries,62,16.6188709994769,7.70436116791031
Friends from College,2017,18+,6.9,66/100,0,0,0,1,TRUE,18742,26700000,3700000,TRUE,TRUE,2017-07-14,4,tt5565334,tvSeries,66,17.1001741608237,9.83857562835898
Maniac,2018,18+,7.8,78/100,0,0,0,1,TRUE,68414,8300000,600000,TRUE,TRUE,2018-09-21,2,tt5580146,tvMiniSeries,78,15.9317661932487,11.1333473778139
Santa Clarita Diet,2017,18+,7.8,79/100,0,0,0,1,TRUE,59187,42300000,3900000,TRUE,TRUE,2017-02-03,6,tt5580540,tvSeries,79,17.5602976676572,10.9884740976224
Voltron: Legendary Defender,2016,7+,8.1,69/100,0,0,0,1,TRUE,7904,23500000,2700000,TRUE,FALSE,2016-06-10,16,tt5580664,tvSeries,69,16.9725110216676,8.97525074964357
Manhunt,2017,16+,8.1,72/100,0,0,0,1,TRUE,53548,900000,,FALSE,FALSE,2018-05-04,1,tt5618256,tvSeries,72,13.7101511534169,10.8883524015652
Flowers,2016,Unknown,8.2,72/100,0,0,0,1,TRUE,4583,300000,,FALSE,FALSE,,2,tt5619658,tvSeries,72,12.6115410869661,8.43032725839458
Pinky Malinky,2019,7+,5.7,38/100,0,0,0,1,TRUE,360,17500000,1800000,TRUE,TRUE,2019-01-01,6,tt5621544,tvSeries,38,16.6777114960366,5.88887795833288
The Mist,2017,16+,5.4,65/100,0,0,0,1,TRUE,22778,27300000,1700000,FALSE,FALSE,2017-08-25,2,tt5639976,tvSeries,65,17.1223972967852,10.0335943378813
Travelers,2016,16+,8.1,77/100,0,0,0,1,TRUE,48252,70000000,3400000,TRUE,TRUE,2016-12-23,6,tt5651844,tvSeries,77,18.0640058142993,10.7842132810001
Wet Hot American Summer: Ten Years Later,2017,16+,6.9,61/100,0,0,0,1,TRUE,7616,1800000,100000,TRUE,TRUE,2017-08-04,2,tt5669272,tvMiniSeries,61,14.4032977784218,8.93813787037279
Watership Down,2018,7+,7.2,64/100,0,0,0,1,TRUE,5489,5200000,600000,TRUE,TRUE,2018-12-23,2,tt5670764,tvMiniSeries,64,15.4641693758593,8.61068353450358
72 Dangerous Places to Live,2016,18+,6.2,43/100,0,0,0,1,TRUE,294,9600000,800000,TRUE,TRUE,,2,tt5674272,tvMiniSeries,43,16.0772737606047,5.68697535633982
Cable Girls,2017,18+,7.6,63/100,0,0,0,1,TRUE,12674,50100000,3400000,TRUE,TRUE,2017-04-28,8,tt5674718,tvSeries,63,17.7295315860152,9.44738682845938
Sin Senos Sí Hay Paraíso,2016,16+,6.7,56/100,0,0,0,1,TRUE,459,61100000,,FALSE,FALSE,,3,tt5676412,tvSeries,56,17.9280224405084,6.13122648948314
Another Miss Oh,2016,Unknown,7.9,52/100,0,0,0,1,TRUE,1419,13200000,300000,TRUE,TRUE,,2,tt5679572,tvSeries,52,16.3957274633142,7.25841215059531
Dear My Friends,2016,Unknown,8.3,41/100,0,0,0,1,TRUE,242,2900000,,FALSE,FALSE,,1,tt5689030,tvSeries,41,14.8802216397842,5.49306144334055
The Windsors,2016,18+,7.1,60/100,0,0,0,1,TRUE,2318,3600000,700000,TRUE,TRUE,,6,tt5692740,tvSeries,60,15.0964446812041,7.74889133725553
Coach Snoop,2016,all,6.9,44/100,0,0,0,1,TRUE,540,1300000,200000,TRUE,TRUE,2018-02-02,2,tt5697642,tvSeries,44,14.0778755916622,6.29341927884648
Toon,2016,Unknown,7.7,46/100,0,0,0,1,TRUE,779,100000,,TRUE,TRUE,2019-10-18,1,tt5698140,tvSeries,46,11.5129354649202,6.65929391968364
Girlboss,2017,18+,7,63/100,0,0,0,1,TRUE,16017,13600000,1000000,TRUE,TRUE,2017-04-21,2,tt5706996,tvSeries,63,16.4255804242357,9.68146836888363
Marlon,2017,7+,7.1,55/100,1,0,0,2,FALSE,3648,13300000,900000,FALSE,FALSE,2018-06-14,4,tt5720168,tvSeries,55,16.40327466838,8.20220843643645
The Worst Witch,2017,7+,7.3,53/100,0,0,0,1,TRUE,2018,78300000,5800000,TRUE,TRUE,2017-07-21,8,tt5721172,tvSeries,53,18.1760581737324,7.61035761831284
El Chema,2016,16+,6.8,48/100,0,0,0,1,TRUE,267,43200000,,FALSE,FALSE,,1,tt5730624,tvSeries,48,17.5813510763625,5.59098698051086
Kiss Me First,2018,18+,6.3,57/100,0,0,0,1,TRUE,3574,600000,100000,TRUE,TRUE,2018-06-29,2,tt5730690,tvMiniSeries,57,13.3046866008636,8.18172045512811
Dark,2017,16+,8.8,93/100,0,0,0,1,TRUE,305450,90500000,5100000,TRUE,TRUE,2017-12-01,6,tt5753856,tvSeries,93,18.3208604197199,12.6295446519308
Home: Adventures with Tip & Oh,2016,7+,6,43/100,0,0,0,1,TRUE,525,23000000,1800000,FALSE,FALSE,2016-07-29,8,tt5759196,tvSeries,43,16.9510048173717,6.26530121273771
GLOW,2017,18+,8,79/100,0,0,0,1,TRUE,41553,10600000,900000,TRUE,TRUE,2017-06-23,6,tt5770786,tvSeries,79,16.1763646534219,10.6347490652047
Sick Note,2017,18+,6.8,63/100,0,0,0,1,TRUE,6337,3300000,500000,FALSE,FALSE,2018-11-23,4,tt5770788,tvSeries,63,15.009433329467,8.75431854025087
Julie's Greenroom,2017,Unknown,8.4,43/100,0,0,0,1,TRUE,294,200000,,TRUE,TRUE,2017-03-17,1,tt5779222,tvSeries,43,12.2060776455177,5.68697535633982
The Indian Detective,2017,Unknown,6.5,55/100,0,0,0,1,TRUE,2791,2000000,300000,TRUE,TRUE,2017-12-18,2,tt5797220,tvMiniSeries,55,14.5086582385241,7.93451346388226
72 Cutest Animals,2016,Unknown,5.8,42/100,0,0,0,1,TRUE,387,4100000,300000,FALSE,FALSE,,2,tt5815824,tvMiniSeries,42,15.2264977755769,5.96100533962327
El marginal,2016,18+,8.2,60/100,0,0,0,1,TRUE,2960,38700000,2600000,FALSE,FALSE,2016-10-06,10,tt5820976,tvSeries,60,17.4713501838398,7.99328232810159
Rainbow Ruby,2016,all,6.6,39/100,0,0,0,1,TRUE,59,13800000,,FALSE,FALSE,,1,tt5828144,tvSeries,39,16.4401792225912,4.0943445622221
Paranoid,2016,Unknown,6.7,59/100,0,0,0,1,TRUE,7213,12700000,1000000,TRUE,TRUE,2016-11-17,2,tt5839454,tvMiniSeries,59,16.357112630169,8.88377886146349
Ask the Storybots,2016,all,8.4,49/100,0,0,0,1,TRUE,722,28100000,4000000,TRUE,FALSE,2016-08-12,6,tt5846856,tvSeries,49,17.1512801698912,6.58340922215877
Paquita Salas,2016,Unknown,8,51/100,0,0,0,1,TRUE,2635,2500000,600000,TRUE,TRUE,2017-10-03,6,tt5866074,tvSeries,51,14.7318016898383,7.8770178956224
World of Winx,2016,7+,6.8,46/100,0,0,0,1,TRUE,627,11300000,1000000,TRUE,TRUE,2016-11-04,4,tt5874596,tvSeries,46,16.2403133721781,6.4425401664682
Fearless,2016,Unknown,7.2,45/100,0,1,0,2,FALSE,267,3300000,400000,TRUE,TRUE,2016-08-19,2,tt5883700,tvSeries,45,15.009433329467,5.59098698051086
Disjointed,2017,18+,6.8,60/100,0,0,0,1,TRUE,9192,15300000,1300000,FALSE,FALSE,2017-08-25,4,tt5884792,tvSeries,60,16.5433634517221,9.12619760386375
Cyborg 009: Call of Justice,2017,Unknown,5.8,41/100,0,0,0,1,TRUE,163,700000,100000,TRUE,TRUE,2017-02-09,2,tt5894272,tvSeries,41,13.458837042596,5.0998664278242
Kuromukuro,2016,16+,7.2,48/100,0,0,0,1,TRUE,1144,3100000,300000,TRUE,TRUE,2016-04-10,4,tt5895314,tvSeries,48,14.946912992036,7.04315991598834
Norsemen,2016,18+,7.8,65/100,0,0,0,1,TRUE,15507,11400000,1700000,TRUE,TRUE,2017-08-17,6,tt5905354,tvSeries,65,16.249124001084,9.64911129879082
GHOUL,2018,18+,7.1,69/100,0,0,0,1,TRUE,12855,2700000,500000,TRUE,TRUE,2018-08-24,2,tt5909930,tvMiniSeries,69,14.8087627013449,9.46156590741735
Kim's Convenience,2016,16+,8.2,73/100,0,0,0,1,TRUE,11104,79500000,11400000,TRUE,FALSE,,10,tt5912064,tvSeries,73,18.1912675922032,9.31515073632853
Skylanders Academy,2016,7+,6.6,45/100,0,0,0,1,TRUE,618,19200000,1500000,TRUE,TRUE,2016-10-28,6,tt5916218,tvSeries,45,16.7704208890813,6.4281052726846
The Spy,2019,18+,7.9,75/100,0,0,0,1,TRUE,35011,11300000,1200000,TRUE,TRUE,2019-09-06,2,tt5952634,tvMiniSeries,75,16.2403133721781,10.4634461388523
The Fix,2018,18+,7.1,45/100,0,0,0,1,TRUE,1617,500000,,TRUE,TRUE,2018-12-14,1,tt5960546,tvSeries,45,13.1223653774023,7.38894609761844
The K2,2016,16+,7.8,57/100,0,0,0,1,TRUE,4200,38400000,900000,FALSE,FALSE,,2,tt5966882,tvSeries,57,17.4635680435996,8.34307787116938
Cheer Squad,2016,7+,7.4,45/100,0,0,0,1,TRUE,147,700000,,FALSE,FALSE,,1,tt5993744,tvSeries,45,13.458837042596,4.99721227376412
White Gold,2017,18+,7.4,67/100,0,0,0,1,TRUE,9792,4200000,700000,TRUE,TRUE,2017-08-17,4,tt6010920,tvSeries,67,15.2505953213488,9.1894231237208
Bottersnikes & Gumbles,2016,7+,5.2,32/100,0,0,0,1,TRUE,39,1700000,200000,FALSE,FALSE,2016-08-19,4,tt6015820,tvSeries,32,14.3461393972616,3.68887945411394
Bill Nye Saves the World,2017,7+,3.6,47/100,0,0,0,1,TRUE,6674,900000,,TRUE,TRUE,2017-04-21,3,tt6021260,tvSeries,47,13.7101511534169,8.80612448326845
Man to Man,2017,Unknown,7.4,56/100,0,0,0,1,TRUE,1004,17500000,1000000,FALSE,FALSE,,1,tt6032762,tvSeries,56,16.6777114960366,6.91274282049318
Kulipari: An Army of Frogs,2016,7+,7,35/100,0,0,0,1,TRUE,226,1700000,200000,TRUE,TRUE,2016-09-02,2,tt6035850,tvSeries,35,14.3461393972616,5.4249500174814
Crazyhead,2016,16+,7.3,64/100,0,0,0,1,TRUE,4538,1000000,100000,TRUE,TRUE,2016-12-16,2,tt6038584,tvMiniSeries,64,13.8155115579638,8.42046200245647
Black Lightning,2018,16+,6.1,71/100,0,0,0,1,TRUE,22795,62900000,2800000,FALSE,FALSE,2018-01-23,8,tt6045840,tvSeries,71,17.9570567375689,10.0343403609549
Molang,2015,all,8.6,49/100,1,1,0,3,FALSE,244,23700000,2300000,FALSE,FALSE,,7,tt6046238,tvSeries,49,16.9809856482995,5.50125821054473
White Rabbit Project,2016,7+,6.9,50/100,0,0,0,1,TRUE,1562,900000,100000,TRUE,TRUE,2016-12-09,2,tt6048644,tvSeries,50,13.7101511534169,7.35436233042148
Takki,2012,all,7.1,41/100,0,0,0,1,TRUE,98,100000,,TRUE,TRUE,2021-10-28,1,tt6052432,tvMiniSeries,41,11.5129354649202,4.59511985013459
Love O2O,2016,16+,8,42/100,0,0,0,1,TRUE,1852,15700000,400000,TRUE,FALSE,,2,tt6055498,tvSeries,42,16.5691713340128,7.52456122628536
Greenhouse Academy,2017,7+,6.9,59/100,0,0,0,1,TRUE,5177,39400000,4400000,TRUE,TRUE,2017-09-08,8,tt6076336,tvSeries,59,17.4892763996489,8.55217416031148
Sacred Games,2018,18+,8.6,80/100,0,0,0,1,TRUE,79222,12000000,900000,TRUE,TRUE,2018-07-06,4,tt6077448,tvSeries,80,16.3004172910856,11.2800219396838
Chef's Table: France,2016,16+,8.3,51/100,0,0,0,1,TRUE,1620,700000,100000,TRUE,TRUE,2016-09-02,2,tt6088326,tvMiniSeries,51,13.458837042596,7.39079852173568
Life Sentence,2018,16+,6.6,59/100,0,0,0,1,TRUE,3528,3200000,100000,FALSE,FALSE,,2,tt6088922,tvSeries,59,14.9786616802699,8.16876982367527
Damnation,2017,18+,7.7,65/100,0,0,0,1,TRUE,7289,2800000,100000,TRUE,FALSE,2018-02-01,2,tt6106704,tvSeries,65,14.8451303322882,8.8942588250027
My Only Love Song,2017,18+,6.9,45/100,0,0,0,1,TRUE,543,4200000,200000,TRUE,TRUE,2017-06-08,2,tt6125832,tvSeries,45,15.2505953213488,6.29894924685594
Dynasty,2017,16+,7.3,71/100,0,0,0,1,TRUE,16128,198100000,5900000,TRUE,TRUE,2017-10-12,10,tt6128300,tvSeries,71,19.1042825167167,9.68837417291718
Time: The Kalief Browder Story,2017,16+,8.5,67/100,0,0,0,1,TRUE,2398,1800000,200000,TRUE,TRUE,2017-09-15,2,tt6133034,tvMiniSeries,67,14.4032977784218,7.7828072628397
Unit 42,2017,7+,7,54/100,0,0,0,1,TRUE,1918,8200000,,FALSE,FALSE,2019-06-14,2,tt6136644,tvSeries,54,15.9196448341857,7.5595594960077
Workin' Moms,2017,18+,7.6,70/100,0,0,0,1,TRUE,11272,218300000,12100000,TRUE,FALSE,2019-01-04,14,tt6143796,tvSeries,70,19.201380826101,9.33016576504453
Midnight Diner: Tokyo Stories,2016,16+,8.4,57/100,0,0,0,1,TRUE,3604,5000000,500000,TRUE,TRUE,2016-10-20,4,tt6150576,tvSeries,57,15.4249486703984,8.19007704971905
StoryBots Super Songs,2016,all,8.5,39/100,0,0,0,1,TRUE,147,2900000,700000,FALSE,FALSE,,2,tt6163070,tvSeries,39,14.8802216397842,4.99721227376412
Killer Women with Piers Morgan,2016,Unknown,6.5,49/100,1,0,0,2,FALSE,671,500000,100000,FALSE,FALSE,,3,tt6172806,tvSeries,49,13.1223653774023,6.51025834052315
My Sassy Girl,2017,Unknown,6.9,43/100,0,0,0,1,TRUE,407,9400000,300000,TRUE,FALSE,,2,tt6175760,tvSeries,43,16.0562203536232,6.01126717440416
The Hollow,2018,7+,7.2,63/100,0,0,0,1,TRUE,3608,18900000,2000000,TRUE,TRUE,2018-06-08,4,tt6193336,tvSeries,63,16.7546725329399,8.19118600464279
Voice,2017,16+,7.7,54/100,0,0,0,1,TRUE,1380,4200000,100000,TRUE,TRUE,,2,tt6212854,tvSeries,54,15.2505953213488,7.23056315340929
One More Time,2016,Unknown,6.9,45/100,0,0,0,1,TRUE,504,200000,,FALSE,FALSE,2017-01-26,1,tt6212990,tvMiniSeries,45,12.2060776455177,6.22455842927536
Super Monsters,2017,all,6.5,43/100,0,0,0,1,TRUE,341,31100000,5600000,TRUE,TRUE,2017-10-13,6,tt6214876,tvSeries,43,17.2527184093038,5.83481073706261
Captive,2016,Unknown,6.9,50/100,0,0,0,1,TRUE,600,5500000,200000,TRUE,TRUE,2016-12-09,2,tt6246500,tvSeries,50,15.5202588320209,6.39859493453521
The End of the F***ing World,2017,18+,8.1,85/100,0,0,0,1,TRUE,154424,26600000,4600000,TRUE,TRUE,2018-01-05,4,tt6257970,tvSeries,85,17.0964218113459,11.9474638205641
Sisters,2017,Unknown,7.5,52/100,0,0,0,1,TRUE,1499,1700000,100000,FALSE,FALSE,2018-09-01,2,tt6258050,tvMiniSeries,52,14.3461393972616,7.3132203870903
Be with You,2015,Unknown,7.1,30/100,0,0,0,1,TRUE,15,300000,,FALSE,FALSE,,1,tt6270550,tvSeries,30,12.6115410869661,2.77258872223978
Back to 1989,2016,Unknown,8.4,46/100,0,0,0,1,TRUE,83,500000,,TRUE,TRUE,,1,tt6273088,tvSeries,46,13.1223653774023,4.43081679884331
Seven Seconds,2018,18+,7.7,71/100,0,0,0,1,TRUE,13850,46400000,1900000,TRUE,TRUE,2018-02-23,2,tt6297682,tvMiniSeries,71,17.6528100387482,9.5361127111751
My Secret Romance,2017,16+,7.1,55/100,0,0,0,1,TRUE,2239,8900000,,TRUE,TRUE,,1,tt6300100,tvSeries,55,16.0015619470619,7.71423114484909
Samurai Gourmet,2017,Unknown,8.1,53/100,0,0,0,1,TRUE,1858,900000,100000,TRUE,TRUE,2017-03-16,2,tt6304676,tvMiniSeries,53,13.7101511534169,7.52779398772144
Atypical,2017,16+,8.3,88/100,0,0,0,1,TRUE,64352,66500000,5400000,TRUE,TRUE,2017-08-11,8,tt6315640,tvSeries,88,18.0127125206637,11.0721388319842
Abstract: The Art of Design,2017,16+,8.4,73/100,0,0,0,1,TRUE,4962,2400000,200000,TRUE,TRUE,2017-02-10,4,tt6333098,tvSeries,73,14.6909797119848,8.50976567558744
Hot Girls Wanted: Turned On,2017,18+,6.6,62/100,0,0,0,1,TRUE,2024,1600000,100000,TRUE,TRUE,2017-04-21,2,tt6333104,tvMiniSeries,62,14.2855148122098,7.61332497954064
Little Witch Academia,2017,7+,7.9,60/100,0,0,0,1,TRUE,2536,10200000,1000000,TRUE,FALSE,2017-01-08,4,tt6352180,tvSeries,60,16.1378983762937,7.83873755959928
The Disastrous Life of Saiki K.,2016,16+,8.3,65/100,0,0,0,1,TRUE,4444,51600000,3400000,TRUE,TRUE,,6,tt6354518,tvSeries,65,17.7590322498316,8.399535147948
Tunnel,2017,16+,8.3,56/100,0,0,0,1,TRUE,2080,2900000,100000,TRUE,TRUE,,2,tt6356086,tvSeries,56,14.8802216397842,7.64060382639363
Inborn Pair,2011,Unknown,6.9,38/100,0,0,0,1,TRUE,76,1800000,,TRUE,TRUE,,1,tt6357282,tvSeries,38,14.4032977784218,4.34380542185368
Hilda,2018,7+,8.6,74/100,0,0,0,1,TRUE,7738,33900000,4600000,TRUE,TRUE,2018-09-21,5,tt6385540,tvSeries,74,17.3389256018492,8.95402775927046
Bad Blood,2017,18+,7.5,68/100,0,0,0,1,TRUE,7937,100000,,FALSE,FALSE,,1,tt6423364,tvSeries,68,11.5129354649202,8.97941663334301
Fate/Apocrypha,2017,18+,6.6,47/100,0,0,0,1,TRUE,1886,6000000,500000,TRUE,TRUE,2017-07-02,4,tt6424454,tvSeries,47,15.607270193859,7.54274354536855
Stranger,2017,18+,8.6,66/100,0,0,0,1,TRUE,6134,40900000,1000000,TRUE,FALSE,2017-06-13,4,tt6461346,tvSeries,66,17.5266406454629,8.72176535714501
LEGO Friends: The Power of Friendship,2016,7+,6,36/100,0,0,0,1,TRUE,31,1600000,900000,TRUE,TRUE,2016-03-04,4,tt6464612,tvSeries,36,14.2855148122098,3.46573590279973
Somewhere Between,2017,16+,6.3,55/100,0,0,0,1,TRUE,5024,28600000,2600000,FALSE,FALSE,2018-06-29,2,tt6467294,tvSeries,55,17.1689173107551,8.52218073292728
Money Heist,2017,18+,8.3,90/100,0,0,0,1,TRUE,331604,447700000,28300000,TRUE,TRUE,2017-07-01,10,tt6468322,tvSeries,90,19.9196339254448,12.7116997805373
Champions,2018,16+,6.1,57/100,1,0,0,2,FALSE,3287,2000000,300000,FALSE,FALSE,2018-06-11,2,tt6470396,tvSeries,57,14.5086582385241,8.09803475617607
Good Girls,2018,16+,7.8,84/100,1,0,0,2,FALSE,37048,240500000,14200000,TRUE,TRUE,2018-07-03,8,tt6474378,tvSeries,84,19.2982306516681,10.5199966398067
Insatiable,2018,18+,6.5,67/100,0,0,0,1,TRUE,23649,74500000,4000000,TRUE,TRUE,2018-08-10,4,tt6487482,tvSeries,67,18.1263096967726,10.0711183939201
Eternal Love,2017,7+,8.3,54/100,0,0,0,1,TRUE,1868,21200000,300000,TRUE,FALSE,,2,tt6488862,tvSeries,54,16.8695117868121,7.53315880745556
Final Fantasy XIV: Dad of Light,2017,7+,7,51/100,0,0,0,1,TRUE,526,100000,,FALSE,FALSE,,1,tt6497076,tvMiniSeries,51,11.5129354649202,6.26720054854136
Valor,2017,16+,6,57/100,0,0,0,1,TRUE,2925,1800000,100000,FALSE,FALSE,,2,tt6503244,tvSeries,57,14.4032977784218,7.98139158158007
Castlevania,2017,18+,8.3,82/100,0,0,0,1,TRUE,48976,53500000,10000000,TRUE,TRUE,2017-07-07,8,tt6517102,tvSeries,82,17.7951922305578,10.7991060791407
Little Things,2016,18+,8.3,61/100,0,0,0,1,TRUE,4812,4300000,700000,TRUE,TRUE,2018-10-05,8,tt6522580,tvSeries,61,15.2741258132219,8.47907586930311
Big Mouth,2017,18+,7.9,81/100,0,0,0,1,TRUE,60228,193200000,24800000,TRUE,TRUE,2017-09-29,13,tt6524350,tvSeries,81,19.0792364849187,11.0059092428782
The Forest,2017,Unknown,7.2,58/100,0,0,0,1,TRUE,8677,22100000,2400000,TRUE,TRUE,2018-06-29,2,tt6560040,tvMiniSeries,58,16.9110882117369,9.0685463663583
VeggieTales in the City,2017,all,6,42/100,0,0,0,1,TRUE,88,10800000,500000,FALSE,FALSE,2017-02-24,4,tt6562134,tvSeries,42,16.195056784687,4.48863636973214
Booba,2014,all,7,49/100,0,1,0,2,FALSE,311,130000000,22200000,TRUE,TRUE,,6,tt6581428,tvSeries,49,18.6830450161122,5.74300318780948
Five Came Back,2017,16+,8.3,73/100,0,0,0,1,TRUE,4165,1300000,200000,TRUE,TRUE,2017-03-31,2,tt6587094,tvMiniSeries,73,14.0778755916622,8.33471162182092
Terrace House: Aloha State,2016,Unknown,7.5,49/100,0,0,0,1,TRUE,878,4600000,400000,TRUE,TRUE,2016-10-31,8,tt6588218,tvSeries,49,15.3415670788506,6.77878489768518
Buddy Thunderstruck,2017,7+,7.8,45/100,0,0,0,1,TRUE,456,900000,100000,TRUE,TRUE,2017-03-10,2,tt6591468,tvSeries,45,13.7101511534169,6.12468339089421
Hitler's Circle of Evil,2017,Unknown,8,58/100,0,0,0,1,TRUE,3447,12700000,700000,TRUE,TRUE,,2,tt6600720,tvMiniSeries,58,16.357112630169,8.14554963178358
Kingdom,2019,18+,8.4,82/100,1,0,0,2,FALSE,32544,31200000,3000000,TRUE,TRUE,2019-01-25,4,tt6611916,tvSeries,82,17.255928684831,10.3903790260065
Deadwind,2018,18+,7.2,61/100,0,0,0,1,TRUE,7059,33400000,1700000,TRUE,TRUE,2018-08-23,6,tt6616260,tvSeries,61,17.324066487887,8.86220033048729
Samantha!,2018,7+,6.7,44/100,0,0,0,1,TRUE,474,100000,,TRUE,TRUE,2018-07-06,1,tt6626676,tvSeries,44,11.5129354649202,6.16331480403464
The Rain,2018,18+,6.3,65/100,0,0,0,1,TRUE,32319,76600000,7900000,TRUE,TRUE,2018-05-04,6,tt6656238,tvSeries,65,18.1541076477657,10.383441512635
Million Yen Women,2017,Unknown,,14/100,0,0,0,1,TRUE,1587,1100000,100000,TRUE,TRUE,2017-04-06,2,tt6686450,tvMiniSeries,14,13.9108216468591,7.37023064180708
El Chapo,2017,18+,7.8,66/100,0,0,0,1,TRUE,15746,199200000,10900000,TRUE,TRUE,2017-06-16,6,tt6692188,tvSeries,66,19.1098199081349,9.66440514992041
The Miracle,2016,Unknown,6.5,38/100,0,0,0,1,TRUE,166,500000,,FALSE,FALSE,,1,tt6703344,tvSeries,38,13.1223653774023,5.11799381241676
Two Fathers,2013,Unknown,,18/100,0,0,0,1,TRUE,39,800000,,FALSE,FALSE,,1,tt6707142,tvSeries,18,13.5923682566493,3.68887945411394
Requiem,2018,18+,6.5,64/100,0,0,0,1,TRUE,5604,7200000,600000,TRUE,TRUE,2018-03-23,2,tt6712390,tvMiniSeries,64,15.7895917228752,8.63141433550626
Spy Kids: Mission Critical,2018,all,4.9,39/100,0,0,0,1,TRUE,278,12200000,1400000,TRUE,TRUE,2018-04-20,4,tt6714408,tvSeries,39,16.3169465916707,5.63121178182137
Collateral,2018,18+,6.8,68/100,0,0,0,1,TRUE,15178,14500000,1700000,TRUE,TRUE,2018-03-09,2,tt6729080,tvMiniSeries,68,16.4896592763563,9.62766817262686
Morocco: Love in Times of War,2017,Unknown,7.6,52/100,0,0,0,1,TRUE,2645,600000,,FALSE,FALSE,,1,tt6740146,tvSeries,52,13.3046866008636,7.8808043446749
The Haunting of Hill House,2018,18+,8.6,82/100,0,0,0,1,TRUE,191583,55200000,3400000,TRUE,TRUE,2018-10-12,2,tt6763664,tvMiniSeries,82,17.8264735293633,12.1630816337251
Inside the Criminal Mind,2018,18+,5.5,45/100,1,0,0,2,FALSE,858,3600000,500000,TRUE,TRUE,2018-08-31,2,tt6775794,tvSeries,45,15.0964446812041,6.75576892198426
Terrorism Close Calls,2018,Unknown,5.2,40/100,0,0,0,1,TRUE,569,7900000,300000,TRUE,TRUE,2018-10-26,2,tt6775816,tvSeries,40,15.8823734440195,6.3456363608286
The New Legends of Monkey,2018,7+,6.5,62/100,0,0,0,1,TRUE,3801,28500000,3200000,TRUE,TRUE,2018-04-27,4,tt6807662,tvSeries,62,17.1654146803266,8.24328252304838
Perfume,2018,18+,7.1,56/100,0,0,0,1,TRUE,7595,8400000,800000,TRUE,TRUE,2018-12-21,2,tt6811236,tvSeries,56,15.9437423828612,8.93537707193218
Jenni Rivera: Mariposa de Barrio,2017,Unknown,7.3,45/100,0,0,0,1,TRUE,201,8700000,,FALSE,FALSE,,1,tt6834120,tvSeries,45,15.9788336985673,5.30826769740121
Dogs of Berlin,2018,16+,7.6,59/100,0,0,0,1,TRUE,11107,9400000,500000,TRUE,TRUE,2018-12-07,2,tt6839788,tvSeries,59,16.0562203536232,9.31542084842669
Sparta,2018,18+,6.6,48/100,0,0,0,1,TRUE,241,100000,,FALSE,FALSE,,1,tt6840106,tvSeries,48,11.5129354649202,5.48893772615669
ReBoot: The Guardian Code,2018,7+,3.8,43/100,0,0,0,1,TRUE,1095,5800000,700000,TRUE,TRUE,2018-03-30,4,tt6849940,tvSeries,43,15.5733686479304,6.99942246750796
The King's Avatar,2017,7+,7.7,57/100,0,0,0,1,TRUE,899,8800000,100000,TRUE,TRUE,,2,tt6859260,tvSeries,57,15.9902623930848,6.80239476332431
All Hail King Julien: Exiled,2017,7+,7.5,45/100,0,0,0,1,TRUE,451,12000000,900000,TRUE,TRUE,2017-05-12,2,tt6865906,tvSeries,45,16.3004172910856,6.11368217983223
Jimmy: The True Story of a True Idiot,2018,all,6.8,31/100,0,0,0,1,TRUE,61,1200000,100000,TRUE,FALSE,2018-07-20,2,tt6866914,tvSeries,31,13.9978329480912,4.12713438504509
The Mechanism,2018,18+,8.4,74/100,0,0,0,1,TRUE,35654,7200000,500000,TRUE,TRUE,2018-03-23,4,tt6873658,tvSeries,74,15.7895917228752,10.4816446684624
American Vandal,2017,16+,8.2,78/100,0,0,0,1,TRUE,27590,3600000,300000,TRUE,TRUE,2017-09-15,4,tt6877772,tvSeries,78,15.0964446812041,10.2252449115708
Tidelands,2018,18+,7,66/100,0,0,0,1,TRUE,6988,18400000,1200000,TRUE,TRUE,2018-12-14,2,tt6898970,tvSeries,66,16.727861276927,8.85209276347713
Nightflyers,2018,18+,5.9,61/100,0,0,0,1,TRUE,12052,6200000,400000,TRUE,TRUE,2019-02-01,2,tt6903284,tvSeries,61,15.6400600113056,9.39706887058834
The Dark Crystal: Age of Resistance,2019,7+,8.4,77/100,0,0,0,1,TRUE,22156,5500000,300000,TRUE,TRUE,2019-08-30,2,tt6905542,tvSeries,77,15.5202588320209,10.0059087526353
Alexa & Katie,2018,all,7.5,62/100,0,0,0,1,TRUE,3459,106900000,11800000,TRUE,TRUE,2018-03-23,8,tt6916746,tvSeries,62,18.4874043853498,8.14902386805177
Free Rein,2017,all,7.3,53/100,0,0,0,1,TRUE,1736,76300000,8100000,TRUE,TRUE,2017-06-22,6,tt6928052,tvSeries,53,18.1501835093608,7.45991476624111
Miss in Kiss,2016,Unknown,7.6,45/100,0,0,0,1,TRUE,81,400000,,FALSE,FALSE,,1,tt6954524,tvSeries,45,12.899222326087,4.40671924726425
Larva,2011,all,7.2,39/100,0,0,0,1,TRUE,381,47500000,7200000,TRUE,TRUE,,6,tt6966158,tvSeries,39,17.6762402900575,5.94542060860658
My Runway,2016,7+,6.4,41/100,0,0,0,1,TRUE,211,700000,100000,TRUE,TRUE,,2,tt6968336,tvSeries,41,13.458837042596,5.35658627467201
Unauthorized Living,2018,18+,7.5,56/100,0,0,0,1,TRUE,3620,94500000,3000000,TRUE,TRUE,2019-02-08,4,tt6970700,tvSeries,56,18.364110403046,8.19450550976564
Cocaine Coast,2018,18+,7.9,61/100,0,0,0,1,TRUE,3313,3300000,200000,FALSE,FALSE,,2,tt6970710,tvMiniSeries,61,15.009433329467,8.10591119798651
Kantaro: The Sweet Tooth Salaryman,2017,7+,7.5,55/100,0,0,0,1,TRUE,696,200000,,TRUE,TRUE,2017-07-06,1,tt6983520,tvSeries,55,12.2060776455177,6.54678541076052
Nailed It!,2018,7+,7.4,69/100,0,0,0,1,TRUE,4024,26600000,4200000,TRUE,TRUE,2018-03-09,12,tt6987788,tvSeries,69,17.0964218113459,8.30028018985266
Strongest Deliveryman,2017,Unknown,7.3,44/100,0,0,0,1,TRUE,421,6700000,200000,FALSE,FALSE,,2,tt7022748,tvSeries,44,15.7176182336149,6.04500531403601
Life Plan A and B,2017,7+,7.6,38/100,0,0,0,1,TRUE,90,200000,,FALSE,FALSE,,1,tt7034962,tvMiniSeries,38,12.2060776455177,4.51085950651685
Carmen Sandiego,2019,7+,7.9,61/100,0,0,0,1,TRUE,4621,27700000,3800000,TRUE,TRUE,2019-01-18,8,tt7042146,tvSeries,61,17.1369430072587,8.43858279083433
Osmosis,2019,16+,5.9,60/100,0,0,0,1,TRUE,2677,2300000,200000,TRUE,TRUE,2019-03-29,2,tt7043380,tvSeries,60,14.6484201156819,7.89282552625112
The Rise of Phoenixes,2018,7+,8.6,56/100,0,0,0,1,TRUE,1280,9900000,100000,FALSE,FALSE,2018-09-14,2,tt7052634,tvSeries,56,16.1080454161149,7.15539630189673
The Toys That Made Us,2017,16+,8.1,70/100,0,0,0,1,TRUE,5010,4300000,500000,TRUE,TRUE,2017-12-22,6,tt7053920,tvSeries,70,15.2741258132219,8.51939077495972
Violet Evergarden,2018,16+,8.5,69/100,0,0,0,1,TRUE,14078,8100000,800000,TRUE,TRUE,2018-01-11,2,tt7078180,tvMiniSeries,69,15.9073747430995,9.55243960446253
Everything Sucks!,2018,16+,7.5,72/100,0,0,0,1,TRUE,15774,3300000,300000,TRUE,TRUE,2018-02-16,2,tt7078710,tvSeries,72,15.009433329467,9.66618168740941
Tales of the City,2019,16+,7.4,60/100,0,0,0,1,TRUE,6722,4300000,300000,TRUE,TRUE,2019-06-07,2,tt7087260,tvMiniSeries,60,15.2741258132219,8.81328976246904
Mr. Sunshine,2018,18+,8.8,67/100,0,0,0,1,TRUE,4918,59800000,800000,TRUE,TRUE,2018-07-07,2,tt7094780,tvSeries,67,17.9065162356433,8.50086053679534
Live Up To Your Name,2017,Unknown,7.9,48/100,0,0,0,1,TRUE,829,22100000,500000,TRUE,TRUE,,2,tt7094874,tvSeries,48,16.9110882117369,6.72142570079064
A Korean Odyssey,2017,Unknown,8.1,59/100,0,0,0,1,TRUE,3486,42700000,700000,TRUE,TRUE,2017-12-29,2,tt7099334,tvSeries,59,17.5697095016181,8.15679704667565
The Standups,2017,Unknown,6.7,55/100,0,0,0,1,TRUE,993,4200000,500000,TRUE,TRUE,2017-07-04,6,tt7107518,tvSeries,55,15.2505953213488,6.90173720665657
Derry Girls,2018,16+,8.4,81/100,0,0,0,1,TRUE,23427,36400000,7200000,TRUE,FALSE,2018-12-21,6,tt7120662,tvSeries,81,17.4100793600795,10.0616871672097
The Dream Job,2016,Unknown,6.1,31/100,0,0,0,1,TRUE,12,100000,,FALSE,FALSE,,1,tt7131688,tvSeries,31,11.5129354649202,2.56494935746154
Yours Fatefully,2012,Unknown,6.6,30/100,0,0,0,1,TRUE,10,200000,,FALSE,FALSE,,1,tt7131690,tvSeries,30,12.2060776455177,2.39789527279837
The Truth Seekers,2016,Unknown,7.1,33/100,0,0,0,1,TRUE,15,100000,,FALSE,FALSE,,1,tt7131694,tvSeries,33,11.5129354649202,2.77258872223978
Kakegurui,2017,16+,7.2,60/100,0,0,0,1,TRUE,5831,2500000,400000,TRUE,TRUE,,4,tt7131720,tvSeries,60,14.7318016898383,8.67111527368849
Elite,2018,18+,7.5,86/100,0,0,0,1,TRUE,53841,345300000,35800000,TRUE,TRUE,2018-10-05,13,tt7134908,tvSeries,86,19.6599241652563,10.8938091107312
When They See Us,2019,18+,8.9,86/100,0,0,0,1,TRUE,99840,18500000,2300000,TRUE,TRUE,2019-05-31,2,tt7137906,tvMiniSeries,86,16.7332813441026,11.5113341995787
The Bureau of Magical Things,2018,7+,6.7,65/100,0,0,0,1,TRUE,1001,55900000,3800000,TRUE,FALSE,,4,tt7153034,tvSeries,65,17.8390749560144,6.90975328164481
Fugitiva,2018,18+,5.7,39/100,0,0,0,1,TRUE,566,17700000,900000,TRUE,TRUE,2018-11-23,2,tt7158972,tvSeries,39,16.6890752540412,6.34035930372775
Yummy Mummies,2017,7+,4.1,40/100,0,0,0,1,TRUE,605,400000,,TRUE,FALSE,2019-01-18,2,tt7172230,tvSeries,40,12.899222326087,6.40687998606931
The Good Cop,2018,16+,7.1,58/100,0,0,0,1,TRUE,5071,16000000,700000,TRUE,TRUE,2018-09-21,2,tt7183074,tvSeries,58,16.5880993427041,8.53149049611706
Ask the Doctor,2017,Unknown,6.6,39/100,0,0,0,1,TRUE,240,1200000,100000,FALSE,FALSE,2018-10-18,2,tt7188736,tvSeries,39,13.9978329480912,5.48479693349066
Luo Bao Bei,2018,all,7.6,34/100,0,0,0,1,TRUE,25,2900000,100000,FALSE,FALSE,,2,tt7192414,tvSeries,34,14.8802216397842,3.25809653802148
Suburra: Blood on Rome,2017,18+,7.9,62/100,0,0,0,1,TRUE,12673,33500000,2900000,TRUE,TRUE,2017-10-06,6,tt7197684,tvSeries,62,17.327056026646,9.44730792988346
A Little Help with Carol Burnett,2018,Unknown,6.2,43/100,0,0,0,1,TRUE,211,500000,,TRUE,TRUE,2018-05-04,1,tt7204366,tvSeries,43,13.1223653774023,5.35658627467201
Lost Song,2018,16+,7.2,45/100,0,0,0,1,TRUE,318,1200000,100000,TRUE,FALSE,2018-03-31,2,tt7211600,tvSeries,45,13.9978329480912,5.76519110278484
Robot Trains,2017,all,6.2,40/100,0,1,0,2,FALSE,64,6400000,,FALSE,FALSE,,2,tt7216288,tvSeries,40,15.6718087045799,4.17438726989564
AMO,2018,18+,6.5,47/100,0,0,0,1,TRUE,375,700000,100000,TRUE,TRUE,2018-04-09,2,tt7218736,tvMiniSeries,47,13.458837042596,5.9295891433899
Cobra Kai,2018,16+,8.6,89/100,0,0,0,1,TRUE,119657,337700000,29200000,TRUE,TRUE,2020-08-28,10,tt7221388,tvSeries,89,19.637668488317,11.6923929527813
Zumbo's Just Desserts,2016,7+,6.9,52/100,0,0,0,1,TRUE,1904,7000000,300000,FALSE,FALSE,2020-01-10,2,tt7239256,tvSeries,52,15.7614208498767,7.5522372875608
The Kominsky Method,2018,18+,8.2,82/100,0,0,0,1,TRUE,30079,15600000,2400000,TRUE,TRUE,2018-11-16,6,tt7255502,tvSeries,82,16.5627815363223,10.3116157780638
Queer Eye,2018,16+,8.5,78/100,0,0,0,1,TRUE,15831,80100000,2600000,TRUE,TRUE,2018-02-07,14,tt7259746,tvSeries,78,18.198786424523,9.6697884872824
Undercover,2019,18+,7.8,64/100,0,1,0,2,FALSE,12255,60800000,4900000,TRUE,TRUE,2019-05-03,6,tt7263154,tvSeries,64,17.9231003633838,9.41377089198037
Sunny Bunnies,2015,all,6.8,42/100,0,0,0,1,TRUE,68,18900000,5400000,TRUE,TRUE,,4,tt7264084,tvSeries,42,16.7546725329399,4.23410650459726
Because This Is My First Life,2017,16+,8.1,55/100,0,0,0,1,TRUE,3009,34400000,1000000,TRUE,TRUE,,2,tt7278588,tvSeries,55,17.3535671514134,8.00969535774292
Fire Chasers,2017,Unknown,6.6,37/100,0,0,0,1,TRUE,324,900000,100000,TRUE,TRUE,2017-09-08,2,tt7293754,tvMiniSeries,37,13.7101511534169,5.78382518232974
Black,2017,16+,8,63/100,0,0,0,1,TRUE,2997,1200000,,FALSE,FALSE,2017-10-25,1,tt7298976,tvSeries,63,13.9978329480912,8.00570067866254
Chosen,2018,Unknown,5.5,39/100,0,1,0,2,FALSE,114,4200000,300000,TRUE,TRUE,2022-01-27,2,tt7317178,tvSeries,39,15.2505953213488,4.74493212836325
The Letdown,2017,Unknown,7.5,63/100,0,0,0,1,TRUE,2837,5300000,700000,TRUE,TRUE,2018-04-21,4,tt7320300,tvSeries,63,15.4832175672016,7.95085485771999
The Eddy,2020,18+,7.2,60/100,0,0,0,1,TRUE,2570,200000,,TRUE,TRUE,2020-05-08,1,tt7322210,tvMiniSeries,60,12.2060776455177,7.85205020726589
YOU,2018,18+,7.7,85/100,0,0,0,1,TRUE,153777,868100000,12700000,TRUE,TRUE,2018-12-26,8,tt7335184,tvSeries,85,20.581817474514,11.9432652829092
Revolutionary Love,2017,7+,7.1,42/100,0,0,0,1,TRUE,508,7800000,,TRUE,TRUE,,1,tt7340800,tvSeries,42,15.8696344198649,6.23244801655052
Neo Yokio,2017,18+,5.9,52/100,0,0,0,1,TRUE,3115,100000,,TRUE,TRUE,2017-09-22,1,tt7343832,tvMiniSeries,52,11.5129354649202,8.04430540699064
The Confession Tapes,2017,16+,7.5,65/100,0,0,0,1,TRUE,4949,7100000,600000,TRUE,TRUE,2017-09-08,4,tt7349602,tvSeries,65,15.7756054828566,8.50714285556274
Black Crows,2018,18+,5.6,40/100,0,0,0,1,TRUE,229,800000,,TRUE,TRUE,,1,tt7356518,tvSeries,40,13.5923682566493,5.4380793089232
1983,2018,18+,6.8,67/100,0,0,0,1,TRUE,3809,3100000,200000,TRUE,TRUE,2018-11-30,2,tt7371666,tvSeries,67,14.946912992036,8.24538446812075
Pine Gap,2018,16+,7.2,62/100,0,0,0,1,TRUE,4012,15600000,900000,FALSE,FALSE,2018-12-07,2,tt7371868,tvMiniSeries,62,16.5627815363223,8.29729437026692
Traitors,2019,18+,6.6,61/100,0,0,0,1,TRUE,2446,4800000,500000,TRUE,TRUE,2019-03-29,2,tt7371896,tvSeries,61,15.3841266842114,7.80261806344267
All American,2018,16+,7.7,79/100,0,0,0,1,TRUE,6863,224500000,5500000,FALSE,FALSE,,10,tt7414406,tvSeries,79,19.2293862696009,8.8340456411678
Diablero,2018,16+,6.7,53/100,0,0,0,1,TRUE,2276,8200000,700000,TRUE,TRUE,2018-12-21,4,tt7414954,tvSeries,53,15.9196448341857,7.73061406606374
Ratched,2020,18+,7.3,72/100,0,0,0,1,TRUE,43389,21500000,1600000,TRUE,TRUE,2020-09-18,2,tt7423538,tvSeries,72,16.8835635396095,10.6779842787924
My Dead Ex,2018,Unknown,7.2,47/100,0,0,0,1,TRUE,347,200000,,FALSE,FALSE,,1,tt7428106,tvSeries,47,12.2060776455177,5.85220247977447
Medal of Honor,2018,16+,8.4,55/100,0,1,0,2,FALSE,1473,3700000,300000,TRUE,TRUE,2018-11-09,2,tt7440274,tvSeries,55,15.1238436478847,7.29573507274928
Jack Whitehall: Travels with My Father,2017,18+,7.7,57/100,0,0,0,1,TRUE,4159,8300000,1500000,TRUE,TRUE,2017-09-22,10,tt7453996,tvSeries,57,15.9317661932487,8.33327035325531
Children of the Whales,2017,16+,7.1,52/100,0,0,0,1,TRUE,1367,1700000,100000,TRUE,TRUE,2017-10-07,2,tt7484994,tvMiniSeries,52,14.3461393972616,7.2211050981825
The Who Was? Show,2018,Unknown,6.8,42/100,0,0,0,1,TRUE,547,6900000,600000,TRUE,TRUE,2018-05-11,2,tt7488702,tvSeries,42,15.747032114495,6.30627528694802
Welcome to the Family,2018,16+,6.7,41/100,0,0,0,1,TRUE,378,4700000,300000,TRUE,TRUE,2018-07-27,2,tt7490342,tvSeries,41,15.3630732794462,5.93753620508243
Kibaoh Klashers,2017,7+,6.3,27/100,0,0,0,1,TRUE,13,3800000,300000,TRUE,TRUE,,4,tt7492122,tvSeries,27,15.1505118878545,2.63905732961526
Bodyguard,2018,18+,8.1,83/100,0,0,0,1,TRUE,100802,92100000,6600000,TRUE,TRUE,2018-10-24,2,tt7493974,tvMiniSeries,83,18.3383855120833,11.5209233960813
Ainori Love Wagon: Asian Journey,2017,Unknown,6.9,40/100,0,0,0,1,TRUE,236,3600000,200000,TRUE,FALSE,2017-10-26,4,tt7510930,tvSeries,40,15.0964446812041,5.46806014113513
Ultraviolet,2017,18+,7,55/100,1,0,0,2,FALSE,1408,500000,,TRUE,TRUE,2019-12-19,1,tt7514746,tvSeries,55,13.1223653774023,7.25063551189868
The Big Family Cooking Showdown,2017,7+,7,45/100,0,0,0,1,TRUE,578,8500000,300000,TRUE,TRUE,2017-11-03,4,tt7518558,tvSeries,45,15.9555768391076,6.361302477573
Russian Doll,2019,18+,7.9,82/100,0,0,0,1,TRUE,70851,14100000,1500000,TRUE,TRUE,2019-02-01,4,tt7520794,tvSeries,82,16.4616854262704,11.1683484733725
Trolls: The Beat Goes On!,2018,all,5.9,48/100,0,0,0,1,TRUE,698,63000000,11800000,TRUE,TRUE,2018-01-19,16,tt7539608,tvSeries,48,17.9586453002288,6.54965074223381
Chilling Adventures of Sabrina,2018,16+,7.5,80/100,0,0,0,1,TRUE,81283,123600000,7000000,TRUE,TRUE,2018-10-26,8,tt7569592,tvSeries,80,18.6325611110785,11.3057044741998
Creeped Out,2017,7+,6.6,53/100,0,0,0,1,TRUE,1507,23600000,2400000,TRUE,TRUE,2018-10-04,4,tt7573024,tvSeries,53,16.9767573123687,7.3185395485679
"Roswell, New Mexico",2019,16+,6.2,70/100,0,0,0,1,TRUE,9419,24100000,1400000,FALSE,FALSE,,8,tt7588054,tvSeries,70,16.9977224399547,9.15059036757041
Trump: An American Dream,2017,Unknown,7.2,51/100,0,0,0,1,TRUE,3742,5700000,800000,TRUE,TRUE,2018-03-30,2,tt7596008,tvMiniSeries,51,15.5559769082434,8.22764270790443
The Twelve,2019,16+,7.5,57/100,0,0,0,1,TRUE,4239,9100000,500000,FALSE,FALSE,2020-04-17,2,tt7605396,tvSeries,57,16.0237850813772,8.352318548226
Wanderlust,2018,16+,7.1,60/100,0,0,0,1,TRUE,4713,6500000,700000,TRUE,TRUE,2018-10-19,2,tt7608238,tvSeries,60,15.687312888712,8.45829208349608
The Final Table,2018,all,7.7,59/100,0,0,0,1,TRUE,3485,13600000,700000,TRUE,TRUE,2018-11-20,2,tt7619858,tvSeries,59,16.4255804242357,8.15651022607997
Prison Playbook,2017,Unknown,8.4,57/100,0,0,0,1,TRUE,1996,28200000,500000,TRUE,TRUE,2017-12-01,2,tt7622902,tvSeries,57,17.1548325713693,7.59940133341582
Man Like Mobeen,2017,18+,8,53/100,0,0,0,1,TRUE,1885,2400000,600000,FALSE,FALSE,,6,tt7639280,tvSeries,53,14.6909797119848,7.5422134631934
Shot in the Dark,2017,18+,8.3,51/100,0,0,0,1,TRUE,1617,4400000,300000,TRUE,TRUE,2017-11-17,2,tt7644680,tvSeries,51,15.2971153261612,7.38894609761844
Baby,2018,18+,6.8,65/100,0,0,0,1,TRUE,9073,22900000,2700000,TRUE,TRUE,2018-11-30,6,tt7645192,tvSeries,65,16.9466475121926,9.11316846022391
Black Earth Rising,2018,16+,7.5,64/100,0,0,0,1,TRUE,4204,4200000,300000,TRUE,TRUE,2019-01-25,2,tt7660730,tvSeries,64,15.2505953213488,8.34402957240705
All About the Washingtons,2018,all,4.5,45/100,0,0,0,1,TRUE,626,3400000,400000,TRUE,TRUE,2018-08-10,2,tt7661368,tvSeries,45,15.039286283704,6.44094654063292
Barbie Dreamhouse Adventures,2018,all,6.8,43/100,0,0,0,1,TRUE,393,76500000,11800000,TRUE,FALSE,,6,tt7661472,tvSeries,43,18.1528013118687,5.97635090929793
The Protector,2018,18+,6.7,61/100,0,0,0,1,TRUE,32645,83000000,6800000,TRUE,TRUE,2018-12-14,8,tt7668518,tvSeries,61,18.2343511778091,10.393477615714
Messiah,2020,18+,7.6,70/100,0,0,0,1,TRUE,39272,33900000,1400000,TRUE,TRUE,2020-01-01,2,tt7671598,tvSeries,70,17.3389256018492,10.5782925388482
Ponysitters Club,2018,all,7.1,33/100,0,0,0,1,TRUE,94,6000000,800000,FALSE,FALSE,2018-08-10,4,tt7692572,tvSeries,33,15.607270193859,4.55387689160054
Glitch Techs,2020,all,7.9,52/100,0,0,0,1,TRUE,773,21000000,2300000,TRUE,TRUE,2020-02-21,4,tt7697062,tvSeries,52,16.8600330433067,6.65157187358973
Mob Psycho 100,2018,all,5.2,40/100,0,0,0,1,TRUE,442,3900000,300000,TRUE,FALSE,2018-01-11,6,tt7701694,tvSeries,40,15.1764873675101,6.09356977004514
Bonding,2019,18+,7.2,70/100,0,0,0,1,TRUE,14110,5100000,1100000,TRUE,TRUE,2019-04-24,4,tt7718088,tvSeries,70,15.444751293773,9.55470991405776
3Below: Tales of Arcadia,2018,7+,7.7,69/100,0,0,0,1,TRUE,4727,24700000,1900000,TRUE,TRUE,2018-12-21,4,tt7736544,tvSeries,69,17.022313842084,8.46125755908594
The Boss Baby: Back in Business,2018,7+,6.5,65/100,0,0,0,1,TRUE,2664,130800000,11800000,TRUE,TRUE,2018-04-06,8,tt7741824,tvSeries,65,18.6891800046326,7.88795933659995
The Epic Tales of Captain Underpants,2018,7+,6.7,47/100,0,0,0,1,TRUE,682,68400000,6700000,TRUE,TRUE,2018-07-13,6,tt7741830,tvSeries,47,18.0408833972127,6.52649485957079
She-Ra and the Princesses of Power,2018,all,7.9,75/100,0,0,0,1,TRUE,11270,29900000,3000000,TRUE,TRUE,2018-11-13,10,tt7745956,tvSeries,75,17.2133690718057,9.32998833424208
Somebody Feed Phil,2018,16+,8.2,61/100,0,0,0,1,TRUE,3795,24300000,1900000,TRUE,TRUE,2018-01-12,12,tt7752034,tvSeries,61,17.005986949463,8.24170315972982
Rotten,2018,18+,7.2,63/100,0,0,0,1,TRUE,3263,7400000,600000,TRUE,TRUE,2018-01-05,4,tt7763662,tvSeries,63,15.8169906933095,8.090708716084
Sex Education,2019,18+,8.3,84/100,0,0,0,1,TRUE,171410,658700000,75600000,TRUE,TRUE,2019-01-11,7,tt7767422,tvSeries,84,20.3057787551291,12.0518194604494
Wild Wild Country,2018,16+,8.1,77/100,0,0,0,1,TRUE,26190,8800000,600000,TRUE,TRUE,2018-03-16,2,tt7768848,tvMiniSeries,77,15.9902623930848,10.1731711192852
Terrace House: Opening New Doors,2017,Unknown,7.8,49/100,0,0,0,1,TRUE,847,8900000,700000,TRUE,FALSE,2017-12-18,12,tt7776244,tvSeries,49,16.0015619470619,6.7428806357919
Women of the Night,2019,18+,6.2,48/100,0,0,0,1,TRUE,724,10300000,700000,TRUE,TRUE,,2,tt7785420,tvSeries,48,16.1476545502872,6.58617165485468
The World's Most Extraordinary Homes,2017,Unknown,7.6,56/100,0,0,0,1,TRUE,3052,100000,,FALSE,FALSE,,1,tt7804132,tvSeries,56,11.5129354649202,8.02387999273488
Raising Dion,2019,7+,7.2,71/100,0,0,0,1,TRUE,9363,71100000,4600000,TRUE,TRUE,2019-10-04,4,tt7826108,tvSeries,71,18.0795979088382,9.1446278286108
My Next Guest Needs No Introduction With David Letterman,2018,18+,7.9,59/100,0,0,0,1,TRUE,4877,6400000,500000,TRUE,TRUE,2018-01-12,8,tt7829834,tvSeries,59,15.6718087045799,8.49249057877587
On My Block,2018,16+,8,75/100,0,0,0,1,TRUE,11669,86900000,8000000,TRUE,TRUE,2018-03-16,8,tt7879820,tvSeries,75,18.2802686017431,9.3647767252806
Dirty Money,2018,16+,8.1,74/100,0,0,0,1,TRUE,8220,7300000,500000,TRUE,TRUE,2018-01-26,4,tt7889220,tvSeries,74,15.8033850431049,9.01444713515213
Record of Grancrest War,2018,18+,7.2,53/100,0,0,0,1,TRUE,641,400000,,FALSE,FALSE,,1,tt7897050,tvSeries,53,12.899222326087,6.46458830368996
Safe,2018,18+,7.3,73/100,1,0,0,2,FALSE,34272,33000000,2800000,TRUE,TRUE,2018-05-10,2,tt7902072,tvMiniSeries,73,17.3120181497338,10.4421131511598
Ugly Delicious,2018,18+,7.8,63/100,0,0,0,1,TRUE,3212,2200000,200000,TRUE,TRUE,2018-02-23,4,tt7907916,tvSeries,63,14.6039683728739,8.07496035911586
72 Dangerous Animals: Latin America,2017,16+,6.6,47/100,0,0,0,1,TRUE,463,19100000,800000,TRUE,TRUE,2017-12-22,2,tt7909708,tvMiniSeries,47,16.7651989453729,6.13988455222626
Unbelievable,2019,18+,8.4,84/100,0,0,0,1,TRUE,79373,55400000,4400000,TRUE,TRUE,2019-09-13,2,tt7909970,tvMiniSeries,84,17.8300901697681,11.2819261376904
My Mister,2018,Unknown,9.1,66/100,0,0,0,1,TRUE,3663,28300000,500000,TRUE,TRUE,,2,tt7923710,tvSeries,66,17.1583723979492,8.20631072579402
Drug Lords,2018,18+,6.8,50/100,0,0,0,1,TRUE,1117,13400000,2100000,TRUE,TRUE,2018-01-19,4,tt7935522,tvSeries,50,16.410765339548,7.01929665371505
Paul Hollywood's Big Continental Road Trip,2017,Unknown,,13/100,0,0,0,1,TRUE,184,700000,100000,TRUE,TRUE,2017-09-29,2,tt7936386,tvSeries,13,13.458837042596,5.22035582507832
Twice Upon a Time,2019,Unknown,6.2,44/100,0,0,0,1,TRUE,750,1000000,200000,TRUE,TRUE,2019-12-19,2,tt7943036,tvMiniSeries,44,13.8155115579638,6.62140565176413
B: The Beginning,2018,18+,7.2,61/100,0,0,0,1,TRUE,4168,5300000,400000,TRUE,TRUE,2018-03-02,2,tt7944664,tvSeries,61,15.4832175672016,8.3354314778808
Nicky Jam: El Ganador,2018,Unknown,7.8,54/100,0,0,0,1,TRUE,998,10600000,500000,TRUE,TRUE,2018-11-30,2,tt7949200,tvSeries,54,16.1763646534219,6.90675477864855
Chambers,2019,16+,6.5,58/100,0,0,0,1,TRUE,7652,15100000,1000000,TRUE,TRUE,2019-04-26,2,tt7949204,tvSeries,58,16.5302053680103,8.94285300680992
The Last Czars,2019,Unknown,7.3,54/100,0,0,0,1,TRUE,6784,8600000,900000,TRUE,TRUE,2019-07-03,2,tt7949606,tvMiniSeries,54,15.9672728775028,8.82246957226897
Edha,2018,18+,4.8,36/100,0,0,0,1,TRUE,588,3000000,300000,TRUE,TRUE,2018-03-16,2,tt7956274,tvMiniSeries,36,14.9141231799657,6.37842618365159
Cleo & Cuquin,2018,7+,8,40/100,0,0,0,1,TRUE,78,45000000,3200000,TRUE,FALSE,,4,tt7956374,tvSeries,40,17.6221730699568,4.36944785246702
MEGALOBOX,2018,16+,7.8,59/100,1,0,0,2,FALSE,2490,200000,,FALSE,FALSE,,1,tt7965802,tvSeries,59,12.2060776455177,7.82043951526218
Rainbow Rangers,2018,all,5.4,44/100,0,0,0,1,TRUE,135,15900000,600000,FALSE,FALSE,,4,tt7967882,tvSeries,44,16.5818297300835,4.91265488573605
The Politician,2019,16+,7.5,71/100,0,0,0,1,TRUE,19214,5600000,400000,TRUE,TRUE,2019-09-27,4,tt7971476,tvSeries,71,15.5382773342768,9.86344650299894
Live,2018,16+,8.4,52/100,0,0,0,1,TRUE,947,3100000,,FALSE,FALSE,2018-03-16,1,tt7976532,tvSeries,52,14.946912992036,6.85435450225502
Numberblocks,2017,all,8.1,45/100,0,0,0,1,TRUE,120,48800000,13400000,FALSE,FALSE,,12,tt7978538,tvSeries,45,17.7032408913152,4.79579054559674
Sword Art Online Alternative: Gun Gale Online,2018,16+,6.9,52/100,1,0,0,2,FALSE,1779,800000,100000,FALSE,FALSE,,2,tt7978710,tvSeries,52,13.5923682566493,7.48436864328613
Rapture,2018,18+,7.2,51/100,0,0,0,1,TRUE,497,200000,,TRUE,TRUE,2018-03-30,1,tt7981052,tvMiniSeries,51,12.2060776455177,6.21060007702465
The Serpent,2021,Unknown,7.6,69/100,0,0,0,1,TRUE,30398,19000000,1300000,TRUE,TRUE,2021-04-02,2,tt7985576,tvMiniSeries,69,16.7599495897623,10.3221649921164
Always a Witch,2019,16+,6.2,55/100,0,0,0,1,TRUE,2140,18800000,1400000,TRUE,TRUE,2019-02-01,4,tt8001250,tvSeries,55,16.7493674809917,7.66902828858968
Prince of Peoria,2018,all,5.9,45/100,0,0,0,1,TRUE,363,8600000,1200000,TRUE,TRUE,2018-11-16,4,tt8001718,tvSeries,45,15.9672728775028,5.89715386763674
Girls from Ipanema,2019,16+,7.9,59/100,0,0,0,1,TRUE,3001,2700000,200000,TRUE,TRUE,2019-03-22,4,tt8001788,tvSeries,59,14.8087627013449,8.00703401219341
Flint Town,2018,18+,7.9,64/100,0,0,0,1,TRUE,3337,5400000,300000,TRUE,TRUE,2018-03-02,2,tt8004578,tvSeries,64,15.5019096967197,8.11312710422178
Selection Day,2018,16+,7.4,55/100,0,0,0,1,TRUE,1955,1400000,100000,TRUE,TRUE,2018-12-28,2,tt8004628,tvSeries,55,14.1519835088709,7.57865685059476
Explained,2018,16+,8,70/100,0,0,0,1,TRUE,7243,10100000,700000,TRUE,TRUE,2018-05-23,6,tt8005374,tvSeries,70,16.1280460808214,8.88792881900331
Huge in France,2019,16+,6.8,53/100,0,0,0,1,TRUE,2446,900000,100000,TRUE,TRUE,2019-04-12,2,tt8009602,tvSeries,53,13.7101511534169,7.80261806344267
Twelve Forever,2019,7+,6.7,44/100,0,0,0,1,TRUE,492,6400000,500000,TRUE,TRUE,2019-07-29,2,tt8009622,tvSeries,44,15.6718087045799,6.20050917404269
Pablo,2017,Unknown,7.6,37/100,0,0,0,1,TRUE,40,300000,,FALSE,FALSE,,1,tt8016478,tvSeries,37,12.6115410869661,3.71357206670431
Aggretsuko,2018,16+,8.1,69/100,0,0,0,1,TRUE,5082,15800000,1300000,TRUE,FALSE,2018-04-20,10,tt8019444,tvSeries,69,16.5755205612883,8.5336569174469
The Innocents,2018,Unknown,6.3,63/100,0,0,0,1,TRUE,5351,4500000,400000,TRUE,TRUE,2018-08-24,2,tt8021824,tvSeries,63,15.3195881769627,8.58522560180806
Power Rangers Beast Morphers,2019,7+,6.8,45/100,0,0,0,1,TRUE,439,24300000,1300000,FALSE,FALSE,,4,tt8022978,tvSeries,45,17.005986949463,6.08677472691231
Tijuana,2019,16+,7.1,39/100,0,0,0,1,TRUE,289,1400000,100000,TRUE,TRUE,2019-04-05,2,tt8027624,tvSeries,39,14.1519835088709,5.66988092298052
The Alcàsser Murders,2019,18+,7.1,50/100,0,0,0,1,TRUE,1749,2800000,300000,TRUE,TRUE,2019-06-14,2,tt8033244,tvMiniSeries,50,14.8451303322882,7.46737106691756
Tuca & Bertie,2019,18+,7.4,72/100,0,0,0,1,TRUE,5358,1900000,200000,TRUE,TRUE,2019-05-03,2,tt8036272,tvSeries,72,14.4573649704523,8.58653266949485
Immortals,2018,7+,5.3,55/100,0,0,0,1,TRUE,2672,4400000,300000,FALSE,FALSE,2019-03-08,2,tt8063174,tvSeries,55,15.2971153261612,7.89095671613892
Dead to Me,2019,18+,8,82/100,0,0,0,1,TRUE,60069,110000000,7100000,TRUE,TRUE,2019-05-03,6,tt8064302,tvSeries,82,18.5159909328476,11.0032658278442
Bard of Blood,2019,18+,6.9,63/100,0,0,0,1,TRUE,9245,6000000,700000,TRUE,TRUE,2019-09-27,2,tt8069036,tvSeries,63,15.607270193859,9.13194630454817
Something in the Rain,2018,7+,8.1,57/100,0,0,0,1,TRUE,4153,30400000,700000,TRUE,TRUE,2018-04-13,2,tt8078816,tvSeries,57,17.2299531992712,8.33182700443606
Legacies,2018,16+,7.4,74/100,0,0,0,1,TRUE,21526,51700000,2200000,FALSE,FALSE,,8,tt8103070,tvSeries,74,17.760968358821,9.97706324019445
Wild District,2018,18+,8.3,56/100,0,0,0,1,TRUE,1690,14900000,900000,FALSE,FALSE,2018-10-19,4,tt8105958,tvMiniSeries,56,16.5168718380298,7.43307534889858
Carole & Tuesday,2019,7+,7.9,66/100,0,0,0,1,TRUE,1646,1800000,200000,TRUE,FALSE,2019-04-09,4,tt8107988,tvSeries,66,14.4032977784218,7.40671073017764
Tidying Up with Marie Kondo,2019,7+,6.6,61/100,0,0,0,1,TRUE,3142,3900000,300000,TRUE,TRUE,2019-01-01,2,tt8115560,tvSeries,61,15.1764873675101,8.05293303679757
Chico Bon Bon: Monkey with a Tool Belt,2020,all,6.3,39/100,0,0,0,1,TRUE,98,19100000,4400000,TRUE,TRUE,2020-05-08,8,tt8115688,tvSeries,39,16.7651989453729,4.59511985013459
Go! Go! Cory Carson,2020,all,8.1,43/100,0,0,0,1,TRUE,170,48000000,14800000,TRUE,TRUE,2020-01-04,12,tt8115702,tvSeries,43,17.6867115897055,5.14166355650266
Norm Macdonald Has a Show,2018,Unknown,8.7,61/100,0,0,0,1,TRUE,2968,800000,100000,TRUE,TRUE,2018-09-14,2,tt8139862,tvSeries,61,13.5923682566493,7.99598047476376
Baby Ballroom,2017,Unknown,7.8,39/100,0,0,0,1,TRUE,162,1200000,,TRUE,TRUE,2018-01-31,2,tt8159960,tvSeries,39,13.9978329480912,5.09375020080676
Hymn of Death,2018,18+,7.5,50/100,0,0,0,1,TRUE,780,1900000,400000,FALSE,FALSE,2018-11-27,2,tt8160064,tvMiniSeries,50,14.4573649704523,6.66057514983969
Lunatics,2019,18+,6.6,49/100,0,0,0,1,TRUE,2842,2500000,200000,TRUE,TRUE,2019-04-19,2,tt8164794,tvMiniSeries,49,14.7318016898383,7.952615111651
Sintonia,2019,18+,6.8,47/100,0,0,0,1,TRUE,819,129000000,19900000,TRUE,TRUE,2019-08-09,7,tt8165086,tvSeries,47,18.6753229700779,6.7093043402583
The Chalet,2018,18+,7,67/100,0,0,0,1,TRUE,6215,300000,100000,FALSE,FALSE,2018-04-17,1,tt8168678,tvSeries,67,12.6115410869661,8.73488189204748
Empire Games,2018,7+,5.7,38/100,0,0,0,1,TRUE,265,3100000,200000,FALSE,FALSE,2018-10-05,2,tt8171234,tvSeries,38,14.946912992036,5.5834963087817
Fate: The Winx Saga,2021,18+,6.9,70/100,0,0,0,1,TRUE,29210,93700000,6900000,TRUE,TRUE,2021-01-22,4,tt8179402,tvSeries,70,18.355608757881,10.2823006296469
November 13: Attack on Paris,2018,18+,8.3,63/100,0,0,0,1,TRUE,2511,2800000,400000,TRUE,TRUE,2018-06-01,2,tt8194716,tvMiniSeries,63,14.8451303322882,7.82883452758809
100 Days My Prince,2018,16+,7.7,55/100,0,0,0,1,TRUE,1240,21800000,500000,FALSE,FALSE,,2,tt8199972,tvSeries,55,16.8974205736309,7.12367278520461
Diagnosis,2019,18+,7.7,60/100,0,0,0,1,TRUE,940,6600000,500000,TRUE,TRUE,2019-08-16,2,tt8201618,tvMiniSeries,60,15.7025803585118,6.84694313958538
Cursed,2020,18+,5.9,67/100,0,0,0,1,TRUE,25201,41500000,2100000,TRUE,TRUE,2020-07-17,2,tt8210856,tvSeries,67,17.5412040092973,10.1346786354296
When Heroes Fly,2018,7+,7.2,55/100,0,0,0,1,TRUE,2595,8900000,500000,TRUE,TRUE,2019-01-10,2,tt8220344,tvSeries,55,16.0015619470619,7.86172707782398
Paradise PD,2018,18+,6.9,60/100,0,0,0,1,TRUE,15391,65600000,5900000,TRUE,TRUE,2018-08-31,8,tt8235236,tvSeries,60,17.9990862691582,9.64160317290549
Memories of the Alhambra,2018,16+,7.8,60/100,0,0,0,1,TRUE,4176,10400000,300000,TRUE,TRUE,2018-12-01,2,tt8236556,tvSeries,60,16.1573164602654,8.33734856449718
Life,2018,Unknown,7.6,46/100,0,0,0,1,TRUE,496,7100000,100000,FALSE,FALSE,2018-08-04,2,tt8243158,tvSeries,46,15.7756054828566,6.20859002609663
Better Than Us,2018,Unknown,7.4,72/100,0,0,0,1,TRUE,7274,46400000,1400000,TRUE,TRUE,2019-08-16,2,tt8285216,tvSeries,72,17.6528100387482,8.89219909203969
Formula 1: Drive to Survive,2019,16+,8.6,74/100,0,0,0,1,TRUE,25100,175400000,6200000,TRUE,TRUE,2019-03-08,10,tt8289930,tvSeries,74,18.9825796436036,10.1306629649637
The Order,2019,18+,6.8,74/100,0,0,0,1,TRUE,22846,65100000,4000000,TRUE,TRUE,2019-03-07,4,tt8295472,tvSeries,74,17.9914351225398,10.0365750966745
Fastest Car,2018,Unknown,7.2,48/100,0,0,0,1,TRUE,1172,6900000,500000,TRUE,TRUE,2018-04-06,4,tt8295694,tvSeries,48,15.747032114495,7.06731984865348
I Am a Killer,2018,18+,7.4,58/100,0,0,0,1,TRUE,3429,60600000,3300000,TRUE,FALSE,2018-08-03,8,tt8300324,tvSeries,58,17.9198054675412,8.14031554015999
Turn Up Charlie,2019,Unknown,7.1,57/100,0,0,0,1,TRUE,6636,7500000,800000,TRUE,TRUE,2019-03-15,2,tt8304498,tvSeries,57,15.8304137118399,8.80041533314592
Fast & Furious Spy Racers,2019,7+,5.5,62/100,0,0,0,1,TRUE,1073,6000000,800000,TRUE,TRUE,2019-12-26,2,tt8322592,tvSeries,62,15.607270193859,6.97914527506881
Busted!,2018,16+,7.7,53/100,0,0,0,1,TRUE,721,8300000,300000,TRUE,TRUE,2018-05-04,6,tt8328460,tvSeries,53,15.9317661932487,6.58202513889283
The Casketeers,2018,16+,7.5,41/100,0,0,0,1,TRUE,399,100000,,FALSE,FALSE,2019-06-21,1,tt8365054,tvSeries,41,11.5129354649202,5.99146454710798
Interior Design Masters,2019,Unknown,6.5,49/100,0,0,0,1,TRUE,1102,6000000,500000,TRUE,FALSE,2019-10-18,3,tt8367694,tvSeries,49,15.607270193859,7.0057890192535
Another Life,2019,18+,5,60/100,0,0,0,1,TRUE,25559,33200000,2000000,TRUE,TRUE,2019-07-25,4,tt8369840,tvSeries,60,17.3180604640072,10.1487839084915
Surviving R. Kelly,2019,18+,7.5,64/100,0,0,0,1,TRUE,4242,2600000,100000,FALSE,FALSE,,2,tt8385496,tvSeries,64,14.771022387607,8.35302584520233
The House of Flowers,2018,18+,7.6,61/100,0,0,0,1,TRUE,6984,15600000,1200000,TRUE,TRUE,2018-08-10,6,tt8387348,tvSeries,61,16.5627815363223,8.85152027169106
After Life,2019,18+,8.4,81/100,0,0,0,1,TRUE,90221,34200000,4600000,TRUE,TRUE,2019-03-08,6,tt8398600,tvSeries,81,17.3477362312726,11.4100285787504
Mr. Iglesias,2019,16+,7.1,59/100,0,0,0,1,TRUE,5822,24600000,2800000,TRUE,TRUE,2019-06-21,6,tt8403536,tvSeries,59,17.018257041553,8.66957087183712
Mortel,2019,18+,6.6,60/100,0,0,0,1,TRUE,906,4600000,400000,TRUE,TRUE,2019-11-21,4,tt8403570,tvSeries,60,15.3415670788506,6.81014245011514
Luna Nera,2020,18+,5.6,52/100,0,0,0,1,TRUE,2447,11300000,1100000,TRUE,TRUE,2020-01-31,2,tt8403622,tvSeries,52,16.2403133721781,7.80302664363222
The English Game,2020,Unknown,7.6,58/100,0,0,0,1,TRUE,12508,9500000,1100000,TRUE,TRUE,2020-03-20,2,tt8403664,tvMiniSeries,58,16.0668024618339,9.43420366421474
AJ and the Queen,2020,Unknown,7.5,61/100,0,0,0,1,TRUE,6931,18800000,800000,TRUE,TRUE,2020-01-10,2,tt8404094,tvSeries,61,16.7493674809917,8.8439036508355
Ares,2020,18+,5.6,52/100,0,0,0,1,TRUE,3901,2200000,300000,TRUE,TRUE,2020-01-17,2,tt8404520,tvSeries,52,14.6039683728739,8.26924452118306
The Last Dance,2020,16+,9.1,86/100,0,0,0,1,TRUE,90090,46600000,2000000,FALSE,FALSE,2020-04-20,2,tt8420184,tvMiniSeries,86,17.6571111205551,11.408575549595
Manifest,2018,16+,7.2,81/100,1,0,0,2,FALSE,25640,891600000,26000000,TRUE,FALSE,2021-06-10,8,tt8421350,tvSeries,81,20.6085281605976,10.1519479118341
Cabins in the Wild with Dick Strawbridge,2017,7+,6.8,38/100,0,0,0,1,TRUE,229,100000,,FALSE,FALSE,,1,tt8422396,tvMiniSeries,38,11.5129354649202,5.4380793089232
Magic for Humans,2018,16+,7.2,56/100,0,0,0,1,TRUE,3053,10400000,1500000,TRUE,TRUE,2018-08-17,6,tt8425308,tvSeries,56,16.1573164602654,8.02420748577858
A Love So Beautiful,2017,Unknown,8.1,53/100,0,0,0,1,TRUE,1113,41400000,2000000,TRUE,TRUE,2020-12-28,2,tt8434720,tvSeries,53,17.5387914629501,7.01571242048723
The Inmate,2018,Unknown,7,54/100,0,0,0,1,TRUE,2263,44400000,1900000,FALSE,FALSE,2018-12-07,2,tt8452308,tvSeries,54,17.608750049925,7.72488843932307
Robozuna,2018,7+,6.3,30/100,0,0,0,1,TRUE,72,4000000,500000,TRUE,TRUE,2018-10-25,4,tt8454808,tvSeries,30,15.2018051690841,4.29045944114839
Northern Rescue,2019,16+,7.1,57/100,0,0,0,1,TRUE,3656,24500000,1600000,TRUE,TRUE,2019-03-01,2,tt8462412,tvSeries,57,17.0141837163313,8.20439841814938
Drug Squad: Costa del Sol,2019,Unknown,6.8,43/100,0,0,0,1,TRUE,465,4000000,100000,FALSE,FALSE,2019-10-25,2,tt8476166,tvSeries,43,15.2018051690841,6.14418563412565
Rea(l)ove,2018,Unknown,6.7,40/100,0,0,0,1,TRUE,146,1400000,100000,FALSE,FALSE,,2,tt8477194,tvSeries,40,14.1519835088709,4.99043258677874
Familiar Wife,2018,Unknown,7.6,48/100,0,0,0,1,TRUE,623,13000000,200000,TRUE,TRUE,,2,tt8487786,tvSeries,48,16.3804599923489,6.43615036836943
Million Pound Menu,2018,Unknown,6.7,53/100,0,0,0,1,TRUE,485,8900000,600000,TRUE,TRUE,2018-08-10,4,tt8488494,tvSeries,53,16.0015619470619,6.18620862390049
Victim Number 8,2018,Unknown,7,47/100,0,0,0,1,TRUE,1699,10700000,800000,FALSE,FALSE,2019-08-16,2,tt8500086,tvSeries,47,16.1857543928901,7.43838353004431
On Children,2018,Unknown,7.5,43/100,0,0,0,1,TRUE,330,200000,,FALSE,FALSE,2018-07-07,1,tt8507402,tvMiniSeries,43,12.2060776455177,5.80211837537706
Dolly Parton's Heartstrings,2019,16+,7.6,57/100,0,0,0,1,TRUE,1869,3800000,200000,TRUE,TRUE,2019-11-22,2,tt8509922,tvSeries,57,15.1505118878545,7.53369370984863
If I Hadn't Met You,2018,Unknown,7.7,51/100,0,0,0,1,TRUE,1861,6400000,300000,TRUE,TRUE,2019-03-15,2,tt8517780,tvSeries,51,15.6718087045799,7.52940645783701
Vagabond,2019,Unknown,8.3,62/100,0,0,0,1,TRUE,4929,41200000,1200000,TRUE,TRUE,2019-09-20,2,tt8523042,tvSeries,62,17.5339488385916,8.50309426703674
"Crazy, Lovely, Cool",2018,Unknown,7.8,33/100,0,0,0,1,TRUE,22,300000,,FALSE,FALSE,,1,tt8528314,tvSeries,33,12.6115410869661,3.13549421592915
Cricket Fever: Mumbai Indians,2019,Unknown,7.3,44/100,0,0,0,1,TRUE,629,200000,,TRUE,TRUE,2019-03-01,1,tt8531592,tvMiniSeries,44,12.2060776455177,6.44571981938558
Ad Vitam,2018,7+,6.5,50/100,0,0,0,1,TRUE,1373,100000,,FALSE,FALSE,,1,tt8548830,tvSeries,50,11.5129354649202,7.22548147278229
Follow This,2018,18+,4.9,42/100,0,0,0,1,TRUE,661,300000,,TRUE,TRUE,2018-08-23,3,tt8560884,tvSeries,42,12.6115410869661,6.49526555593701
The Queen of Flow,2018,18+,7.8,53/100,0,0,0,1,TRUE,666,241100000,1800000,FALSE,FALSE,2018-11-09,4,tt8560918,tvSeries,53,19.3007223472991,6.50279004591562
Sirius the Jaeger,2018,16+,6.8,54/100,0,0,0,1,TRUE,1493,4900000,500000,TRUE,FALSE,2018-07-19,2,tt8565136,tvSeries,54,15.4047459671625,7.30921236569276
Hache,2019,18+,6.5,49/100,0,0,0,1,TRUE,1308,8800000,800000,TRUE,TRUE,2019-11-01,4,tt8575476,tvSeries,49,15.9902623930848,7.1770187659099
Treehouse Detectives,2018,Unknown,7.1,31/100,0,0,0,1,TRUE,50,4700000,500000,TRUE,TRUE,2018-06-08,4,tt8591984,tvSeries,31,15.3630732794462,3.93182563272433
Falsa Identidad,2018,16+,7.1,54/100,0,0,0,1,TRUE,236,24100000,,FALSE,FALSE,,2,tt8598690,tvSeries,54,16.9977224399547,5.46806014113513
13 Reasons Why: Beyond the Reasons,2017,18+,6.4,42/100,0,0,0,1,TRUE,253,400000,500000,TRUE,TRUE,2017-03-31,4,tt8615966,tvSeries,42,12.899222326087,5.53733426701854
Love and Fortune,2018,Unknown,7,46/100,0,0,0,1,TRUE,435,1500000,100000,TRUE,TRUE,,2,tt8649316,tvSeries,46,14.2209763327389,6.07764224334903
Wu Assassins,2019,18+,6.5,67/100,0,0,0,1,TRUE,10374,28700000,1800000,TRUE,TRUE,2019-08-08,2,tt8652642,tvSeries,67,17.1724077155731,9.2471543450989
Monarca,2019,18+,7.9,56/100,0,0,0,1,TRUE,2705,24500000,1800000,TRUE,TRUE,2019-09-13,4,tt8655736,tvSeries,56,17.0141837163313,7.90322680873073
Freud,2020,18+,6.5,54/100,0,0,0,1,TRUE,10399,13900000,1000000,FALSE,FALSE,2020-03-23,2,tt8667956,tvSeries,54,16.4473994700434,9.24956108512946
Polly Pocket,2018,7+,6.8,45/100,0,0,0,1,TRUE,77,21500000,1400000,FALSE,FALSE,,4,tt8673042,tvSeries,45,16.8835635396095,4.35670882668959
Sugar Rush,2018,7+,7,51/100,0,0,0,1,TRUE,1265,9400000,700000,TRUE,TRUE,2018-07-13,4,tt8680560,tvSeries,51,16.0562203536232,7.14361760270412
The Unsettling,2019,Unknown,5.3,47/100,0,0,0,1,TRUE,566,100000,,FALSE,FALSE,,1,tt8680902,tvSeries,47,11.5129354649202,6.34035930372775
The Comedy Lineup,2018,18+,5.9,40/100,0,0,0,1,TRUE,396,700000,100000,TRUE,TRUE,2018-07-03,3,tt8687584,tvSeries,40,13.458837042596,5.98393628068719
The Dragon Prince,2018,7+,8.4,77/100,0,0,0,1,TRUE,18007,63600000,10700000,TRUE,TRUE,2018-09-14,9,tt8688814,tvSeries,77,17.9681240440336,9.79857138258657
The Baby-Sitters Club,2020,7+,7.4,66/100,0,1,0,2,FALSE,2467,56000000,6200000,TRUE,TRUE,2020-07-03,4,tt8690518,tvSeries,66,17.8408622665566,7.81116338502528
Sky Rojo,2021,18+,6.5,70/100,0,0,0,1,TRUE,6124,125800000,3500000,TRUE,TRUE,2021-03-19,6,tt8690776,tvSeries,70,18.6502039101797,8.72013403541293
Meteor Garden,2018,16+,8.1,63/100,0,0,0,1,TRUE,3087,45200000,600000,FALSE,FALSE,2018-07-13,2,tt8690890,tvSeries,63,17.6266076669264,8.03527891114467
Toy Boy,2019,18+,6.4,57/100,0,0,0,1,TRUE,5614,46600000,1900000,FALSE,FALSE,2020-02-28,4,tt8693266,tvSeries,57,17.6571111205551,8.63319686717254
Ultraman,2019,16+,6.9,54/100,0,0,0,1,TRUE,1647,17900000,800000,TRUE,FALSE,2019-04-01,6,tt8699270,tvSeries,54,16.7003113266769,7.40731771046942
Narcos: Mexico,2018,18+,8.4,82/100,0,0,0,1,TRUE,63771,128300000,5800000,TRUE,TRUE,2018-11-16,6,tt8714904,tvSeries,82,18.6698818373801,11.0630695015273
Dark Tourist,2018,18+,7.5,65/100,0,0,0,1,TRUE,6360,5200000,300000,TRUE,TRUE,2018-07-20,2,tt8725166,tvSeries,65,15.4641693758593,8.7579408766788
Bridgerton,2020,Unknown,7.3,79/100,0,0,0,1,TRUE,80578,387600000,14100000,TRUE,TRUE,2020-12-25,4,tt8740790,tvSeries,79,19.7754844405609,11.296993348641
The Letter for the King,2020,7+,5.9,60/100,0,0,0,1,TRUE,6499,17000000,1100000,TRUE,TRUE,2020-03-20,2,tt8741648,tvSeries,60,16.648723960844,8.77955745588373
Amazing Interiors,2018,all,6.7,45/100,0,0,0,1,TRUE,707,4700000,300000,TRUE,TRUE,2018-07-20,2,tt8747342,tvSeries,45,15.3630732794462,6.56244409369372
Switched,2018,16+,7.1,53/100,0,0,0,1,TRUE,1174,2700000,300000,TRUE,TRUE,2018-08-01,2,tt8747882,tvMiniSeries,53,14.8087627013449,7.06902342657826
Arthdal Chronicles,2019,Unknown,8.4,57/100,0,0,0,1,TRUE,3086,25000000,600000,TRUE,TRUE,2019-06-01,2,tt8750956,tvSeries,57,17.0343864228325,8.03495502450216
Daybreak,2019,18+,6.7,69/100,0,0,0,1,TRUE,16486,21000000,1100000,TRUE,TRUE,2019-10-24,2,tt8755226,tvSeries,69,16.8600330433067,9.71032747056118
Smoking,2018,18+,7.5,45/100,0,0,0,1,TRUE,383,1900000,200000,TRUE,TRUE,,2,tt8758778,tvSeries,45,14.4573649704523,5.95064255258773
Nailed It! Holiday!,2018,Unknown,7.7,49/100,0,0,0,1,TRUE,919,8500000,1600000,TRUE,TRUE,2018-12-07,4,tt8760264,tvSeries,49,15.9555768391076,6.82437367004309
Self Made: Inspired by the Life of Madam C.J. Walker,2020,18+,7.3,65/100,0,0,0,1,TRUE,9952,19000000,2300000,TRUE,TRUE,2020-03-20,2,tt8771910,tvMiniSeries,65,16.7599495897623,9.20562929224606
Salt Fat Acid Heat,2018,Unknown,7.7,60/100,0,0,0,1,TRUE,2078,2200000,400000,TRUE,TRUE,2018-10-11,2,tt8772088,tvMiniSeries,60,14.6039683728739,7.63964228785801
The Curious Creations of Christine McConnell,2018,7+,7.8,62/100,0,0,0,1,TRUE,2192,700000,200000,TRUE,TRUE,2018-10-12,2,tt8773080,tvSeries,62,13.458837042596,7.69302574841789
Stay Here,2018,7+,7.5,50/100,0,0,0,1,TRUE,986,2400000,300000,TRUE,TRUE,2018-08-17,2,tt8773338,tvSeries,50,14.6909797119848,6.89467003943348
The Society,2019,18+,7.1,73/100,0,0,0,1,TRUE,22041,24500000,1100000,TRUE,TRUE,2019-05-10,2,tt8778064,tvSeries,73,17.0141837163313,10.0007050032515
Restaurants on the Edge,2020,16+,6.8,47/100,0,0,0,1,TRUE,848,3600000,300000,TRUE,FALSE,2020-02-28,4,tt8784324,tvSeries,47,15.0964446812041,6.74405918631135
Away,2020,16+,6.6,67/100,0,0,0,1,TRUE,21791,17100000,1000000,TRUE,TRUE,2020-09-04,2,tt8787802,tvSeries,67,16.6545890799524,9.98929820894924
The Promised Neverland,2019,18+,8.5,81/100,1,0,0,2,FALSE,27038,6700000,500000,FALSE,FALSE,,4,tt8788458,tvSeries,81,15.7176182336149,10.2050355472245
Here to Heart,2018,7+,7.4,39/100,0,0,0,1,TRUE,159,3000000,,FALSE,FALSE,,1,tt8791742,tvSeries,39,14.9141231799657,5.07517381523383
Afflicted,2018,18+,5,46/100,0,1,0,2,FALSE,1053,2000000,200000,TRUE,TRUE,2018-08-10,2,tt8792570,tvSeries,46,14.5086582385241,6.96034772910131
Becoming Champions,2018,all,6.7,40/100,0,0,0,1,TRUE,331,700000,100000,TRUE,TRUE,,2,tt8796068,tvSeries,40,13.458837042596,5.80513496891649
Girl from Nowhere,2018,18+,7.7,61/100,0,0,0,1,TRUE,2276,31600000,1600000,TRUE,TRUE,2018-10-31,4,tt8824648,tvSeries,61,17.2686677102027,7.73061406606374
October Faction,2020,18+,6.2,60/100,0,0,0,1,TRUE,9167,19800000,1300000,TRUE,TRUE,2020-01-23,2,tt8826128,tvSeries,60,16.8011925461698,9.12347443895452
Part-Time Idol,2017,7+,7,33/100,0,0,0,1,TRUE,71,100000,,TRUE,TRUE,,1,tt8835780,tvMiniSeries,33,11.5129354649202,4.27666611901606
The Mire,2018,18+,6.9,63/100,0,0,0,1,TRUE,2869,2200000,200000,TRUE,TRUE,2019-12-21,2,tt8855592,tvSeries,63,14.6039683728739,7.96206730875367
Daniel Sloss: Live Shows,2018,18+,8.6,55/100,0,0,0,1,TRUE,2800,1300000,300000,TRUE,TRUE,2018-09-11,2,tt8858472,tvMiniSeries,55,14.0778755916622,7.93773177526011
Made in Mexico,2018,Unknown,4.1,32/100,0,0,0,1,TRUE,728,900000,100000,TRUE,TRUE,2018-09-28,2,tt8871764,tvSeries,32,13.7101511534169,6.59167373200866
Invisible City,2021,all,7.4,58/100,0,0,0,1,TRUE,4433,69500000,2600000,TRUE,TRUE,2021-02-05,4,tt8878862,tvSeries,58,18.0568373249235,8.39705739017626
Living with Yourself,2019,18+,7.2,74/100,0,0,0,1,TRUE,26559,12100000,1300000,TRUE,TRUE,2019-10-18,2,tt8880894,tvMiniSeries,74,16.3087160932116,10.1871616035904
Dancing Queen,2018,7+,7,49/100,0,0,0,1,TRUE,1392,600000,100000,TRUE,TRUE,2018-10-05,2,tt8882486,tvSeries,49,13.3046866008636,7.23921497377981
Death by Magic,2018,7+,6.1,41/100,0,0,0,1,TRUE,572,3000000,200000,TRUE,TRUE,2018-11-30,2,tt8887956,tvSeries,41,14.9141231799657,6.35088571671474
Transformers: Cyberverse,2018,7+,6.8,46/100,0,0,0,1,TRUE,272,1800000,200000,FALSE,FALSE,,4,tt8891990,tvSeries,46,14.4032977784218,5.60947179518496
A Taiwanese Tale of Two Cities,2018,Unknown,6.5,40/100,0,0,0,1,TRUE,146,500000,,TRUE,TRUE,2018-09-01,1,tt8893498,tvSeries,40,13.1223653774023,4.99043258677874
First and Last,2018,18+,6.7,44/100,0,0,0,1,TRUE,356,6500000,300000,TRUE,TRUE,2018-09-07,2,tt8893502,tvSeries,44,15.687312888712,5.87773578177964
Boca Juniors Confidential,2018,all,6.4,38/100,0,0,0,1,TRUE,308,400000,100000,TRUE,TRUE,2018-09-14,2,tt8893546,tvSeries,38,12.899222326087,5.73334127689775
Car Masters: Rust to Riches,2018,7+,8.8,61/100,0,0,0,1,TRUE,8275,90200000,12100000,TRUE,FALSE,2018-09-14,9,tt8893550,tvSeries,61,18.3175399961193,9.02111503886543
Last Hope,2018,16+,5.8,41/100,0,0,0,1,TRUE,378,2700000,300000,TRUE,FALSE,2018-03-28,4,tt8893554,tvSeries,41,14.8087627013449,5.93753620508243
Battlefish,2018,Unknown,7.1,43/100,0,0,0,1,TRUE,358,7200000,500000,TRUE,TRUE,2018-09-21,2,tt8893566,tvSeries,43,15.7895917228752,5.88332238848828
Take My Brother Away,2018,all,7.1,43/100,0,0,0,1,TRUE,138,700000,,FALSE,FALSE,2018-08-24,1,tt8894324,tvSeries,43,13.458837042596,4.93447393313069
Brotherhood,2019,16+,7.6,45/100,0,1,0,2,FALSE,1054,30000000,2000000,TRUE,TRUE,2019-10-25,4,tt8905964,tvSeries,45,17.2167079729598,6.96129604591017
Hyperdrive,2019,7+,8.1,67/100,0,1,0,2,FALSE,2310,6300000,300000,TRUE,TRUE,2019-08-21,2,tt8911552,tvSeries,67,15.6560603500919,7.74543561027438
Super Drags,2018,18+,5.6,47/100,0,0,0,1,TRUE,1371,200000,,TRUE,TRUE,2018-11-09,1,tt8912244,tvSeries,47,12.2060776455177,7.22402480828583
Sunderland 'Til I Die,2018,18+,8.1,60/100,0,0,0,1,TRUE,7063,1900000,200000,TRUE,TRUE,2018-12-14,4,tt8914684,tvSeries,60,14.4573649704523,8.8627667422838
Signs,2018,18+,6.2,48/100,0,1,0,2,FALSE,1234,10500000,700000,TRUE,TRUE,2020-04-15,4,tt8917248,tvSeries,48,16.1668859103658,7.11882624906208
Jinn,2019,16+,3.5,50/100,0,0,0,1,TRUE,9605,2100000,300000,TRUE,TRUE,2019-06-13,2,tt8923396,tvSeries,50,14.557448378884,9.17014318222477
Black Summer,2019,18+,6.5,76/100,0,0,0,1,TRUE,20279,49300000,3700000,TRUE,TRUE,2019-04-11,4,tt8923854,tvSeries,76,17.7134346592969,9.91739045770512
Age of Rebellion,2018,Unknown,8.6,41/100,0,0,0,1,TRUE,40,400000,,FALSE,FALSE,,1,tt8931836,tvSeries,41,12.899222326087,3.71357206670431
Motown Magic,2018,all,7.7,41/100,0,0,0,1,TRUE,261,5700000,400000,TRUE,TRUE,2018-11-20,4,tt8959860,tvSeries,41,15.5559769082434,5.5683445037611
High Seas,2019,16+,6.8,58/100,0,0,0,1,TRUE,6325,19200000,1600000,TRUE,TRUE,2019-05-24,6,tt8961508,tvSeries,58,16.7704208890813,8.75242340386559
Vai Anitta,2018,Unknown,5.5,35/100,0,0,0,1,TRUE,425,100000,,TRUE,TRUE,2018-11-15,1,tt8961530,tvMiniSeries,35,11.5129354649202,6.05443934626937
Emily in Paris,2020,18+,7,68/100,0,0,0,1,TRUE,53340,335400000,14200000,TRUE,TRUE,2020-10-02,6,tt8962124,tvSeries,68,19.6308344103349,10.8844605452168
Ashes of Love,2018,7+,8.4,53/100,0,0,0,1,TRUE,1518,19400000,200000,FALSE,FALSE,,2,tt8976346,tvSeries,53,16.78078367558,7.32580750259577
45 RPM,2019,16+,7.3,45/100,0,0,0,1,TRUE,409,500000,,FALSE,FALSE,2019-08-15,1,tt8987918,tvSeries,45,13.1223653774023,6.01615715969835
My First First Love,2019,7+,7.5,53/100,0,0,0,1,TRUE,1620,30300000,2000000,TRUE,TRUE,2019-04-18,4,tt8995604,tvSeries,53,17.2266583034829,7.39079852173568
Firefly Lane,2021,18+,7.4,67/100,0,0,0,1,TRUE,15765,421000000,6900000,TRUE,TRUE,2021-02-03,4,tt9012876,tvSeries,67,19.858143394022,9.66561100161985
No Good Nick,2019,7+,6,54/100,0,0,0,1,TRUE,2378,23800000,2100000,TRUE,TRUE,2019-04-15,4,tt9039142,tvSeries,54,16.9851961806585,7.77443551030296
Yankee,2019,18+,6,47/100,0,0,0,1,TRUE,538,28300000,1100000,TRUE,TRUE,2019-06-14,2,tt9046782,tvSeries,47,17.1583723979492,6.289715570909
FIGHTWORLD,2018,18+,7.6,49/100,0,0,0,1,TRUE,713,1600000,100000,TRUE,TRUE,2018-10-12,2,tt9047526,tvSeries,49,14.2855148122098,6.57088296233958
The Chosen One,2019,18+,5.8,47/100,0,0,0,1,TRUE,599,48200000,10400000,TRUE,TRUE,2019-06-28,5,tt9048368,tvMiniSeries,47,17.6908695997677,6.39692965521615
The Bonfire of Destiny,2019,16+,7.7,55/100,0,0,0,1,TRUE,3579,29300000,1400000,TRUE,TRUE,2019-12-26,2,tt9050352,tvMiniSeries,55,17.193098108117,8.18311807939475
Evil,2019,18+,7.7,85/100,0,0,0,1,TRUE,13053,100000,,FALSE,FALSE,,1,tt9055008,tvSeries,85,11.5129354649202,9.47684987919516
Kengan Ashura,2019,Unknown,8,61/100,0,0,0,1,TRUE,3637,37100000,7300000,TRUE,TRUE,2023-09-21,1,tt9058134,tvSeries,61,17.4291275545318,8.19918935907807
Warrior Nun,2020,18+,6.9,68/100,0,0,0,1,TRUE,23646,76700000,4700000,TRUE,TRUE,2020-07-02,4,tt9059350,tvSeries,68,18.1554122793753,10.0709915359797
The I-Land,2019,18+,4.6,53/100,0,0,0,1,TRUE,15412,17400000,2000000,TRUE,TRUE,2019-09-12,2,tt9067020,tvMiniSeries,53,16.671980821656,9.64296658814672
White Lines,2020,18+,6.6,59/100,0,0,0,1,TRUE,15109,16000000,900000,TRUE,TRUE,2020-05-15,2,tt9073958,tvSeries,59,16.5880993427041,9.62311205526679
Accidentally In Love,2018,7+,7.6,51/100,0,0,0,1,TRUE,888,7300000,200000,FALSE,FALSE,2018-10-19,2,tt9077184,tvSeries,51,15.8033850431049,6.79009723551391
Haunted,2018,18+,4.6,50/100,0,0,0,1,TRUE,2824,7600000,1300000,TRUE,TRUE,2018-10-19,6,tt9077192,tvSeries,50,15.8436589368355,7.94626364358054
Larva Island,2018,Unknown,6.5,43/100,0,0,0,1,TRUE,350,34500000,8300000,TRUE,TRUE,2018-10-19,4,tt9077194,tvSeries,43,17.3564699109871,5.86078622346587
The Degenerates,2018,18+,6.2,36/100,0,0,0,1,TRUE,594,1000000,200000,TRUE,TRUE,2018-10-30,4,tt9077196,tvSeries,36,13.8155115579638,6.38856140554563
Gormiti,2018,7+,6,41/100,0,0,0,1,TRUE,88,2700000,200000,FALSE,FALSE,,4,tt9077350,tvSeries,41,14.8087627013449,4.48863636973214
Virgin River,2019,16+,7.4,76/100,0,0,0,1,TRUE,22973,731900000,69100000,TRUE,TRUE,2019-12-06,9,tt9077530,tvSeries,76,20.4111544519378,10.0421184207054
Sweet Magnolias,2020,16+,7.4,69/100,0,0,0,1,TRUE,9585,339900000,35000000,TRUE,TRUE,2020-05-19,5,tt9077540,tvSeries,69,19.6441620176084,9.16805897971958
Hoops,2020,18+,6,52/100,0,0,0,1,TRUE,4673,5400000,500000,TRUE,TRUE,2020-08-21,2,tt9077562,tvSeries,52,15.5019096967197,8.4497705150988
Murder Mountain,2018,16+,6.9,54/100,0,0,0,1,TRUE,2654,7000000,600000,TRUE,TRUE,2018-12-28,2,tt9078908,tvMiniSeries,54,15.7614208498767,7.88419993367604
The Valhalla Murders,2019,18+,7.1,64/100,0,0,0,1,TRUE,9687,20300000,2000000,TRUE,TRUE,2020-03-13,2,tt9100822,tvSeries,64,16.8261314932731,9.17864328523293
Spinning Out,2020,18+,7.6,67/100,0,0,0,1,TRUE,11445,31600000,2300000,TRUE,TRUE,2020-01-01,2,tt9117054,tvSeries,67,17.2686677102027,9.34539560296905
Romance is a Bonus Book,2019,Unknown,8.1,55/100,0,0,0,1,TRUE,3516,30900000,900000,TRUE,TRUE,2019-01-26,2,tt9130542,tvSeries,55,17.2462667742304,8.16536363247398
Trinkets,2019,18+,7.1,67/100,0,0,0,1,TRUE,7809,11400000,1200000,TRUE,TRUE,2019-06-14,4,tt9134194,tvSeries,67,16.249124001084,8.96316024283373
Dracula,2020,18+,6.8,71/100,0,0,0,1,TRUE,43109,18300000,2000000,TRUE,TRUE,2020-01-04,2,tt9139220,tvMiniSeries,71,16.7224116724565,10.6715102677412
Love Alarm,2019,Unknown,6.8,52/100,0,0,0,1,TRUE,3522,45200000,3500000,TRUE,TRUE,2019-08-22,4,tt9145880,tvSeries,52,17.6266076669264,8.16706817834124
To the Lake,2019,Unknown,7.3,62/100,0,0,0,1,TRUE,10128,26000000,1600000,TRUE,TRUE,2020-10-07,2,tt9151230,tvSeries,62,17.0736071344473,9.2231578756868
Family Reunion,2019,7+,6.5,52/100,0,0,0,1,TRUE,1949,124900000,14000000,TRUE,TRUE,2019-07-10,10,tt9153270,tvSeries,52,18.6430239831022,7.57558465155779
Archibald's Next Big Thing,2019,7+,7.8,45/100,0,0,0,1,TRUE,225,15200000,1400000,TRUE,TRUE,2019-09-06,4,tt9165404,tvSeries,45,16.536806051606,5.42053499927229
Rhyme Time Town,2020,all,7.5,44/100,0,0,0,1,TRUE,46,9000000,1000000,TRUE,TRUE,2020-06-19,4,tt9165434,tvSeries,44,16.0127352464116,3.85014760171006
Gabby's Dollhouse,2021,all,7.1,46/100,0,0,0,1,TRUE,149,559500000,90100000,TRUE,TRUE,2021-01-05,15,tt9165438,tvSeries,46,20.1425540875036,5.01063529409626
Historical Roasts,2019,18+,5.3,44/100,0,0,0,1,TRUE,1560,300000,,TRUE,TRUE,2019-05-27,1,tt9169602,tvSeries,44,12.6115410869661,7.35308192051543
Puerta 7,2020,18+,5.7,42/100,0,0,0,1,TRUE,485,2000000,200000,TRUE,TRUE,2020-02-21,2,tt9170386,tvMiniSeries,42,14.5086582385241,6.18620862390049
The Unlisted,2019,Unknown,6.7,47/100,0,0,0,1,TRUE,649,11700000,900000,TRUE,TRUE,2019-10-17,2,tt9184592,tvSeries,47,16.2750994852381,6.47697236288968
Skylines,2019,16+,7.6,54/100,0,0,0,1,TRUE,2364,1700000,100000,TRUE,TRUE,2019-09-27,2,tt9184970,tvSeries,54,14.3461393972616,7.76853330092603
Tribes of Europa,2021,18+,6.8,61/100,0,0,0,1,TRUE,9549,10600000,1000000,TRUE,TRUE,2021-02-19,2,tt9184982,tvSeries,61,16.1763646534219,9.16429643347478
Barbarians,2020,Unknown,7.2,62/100,0,0,0,1,TRUE,19428,24600000,2200000,TRUE,TRUE,2020-10-23,2,tt9184986,tvSeries,62,17.018257041553,9.87452207424311
How to Sell Drugs Online (Fast),2019,18+,7.9,71/100,0,0,0,1,TRUE,22168,25400000,3600000,TRUE,TRUE,2019-05-31,6,tt9184994,tvSeries,71,17.0502597713588,10.006450195594
The A List,2018,7+,5.5,60/100,0,0,0,1,TRUE,1861,18200000,1500000,TRUE,TRUE,2019-08-30,4,tt9185110,tvSeries,60,16.7169322069921,7.52940645783701
Flinch,2019,7+,4.3,39/100,0,0,0,1,TRUE,647,3100000,300000,TRUE,TRUE,2019-05-03,2,tt9196244,tvSeries,39,14.946912992036,6.47389069635227
Dogs,2018,all,8.1,63/100,0,0,0,1,TRUE,1050,4300000,400000,TRUE,TRUE,2018-11-16,4,tt9199798,tvSeries,63,15.2741258132219,6.95749737087695
Brainchild,2018,7+,8.1,47/100,0,0,0,1,TRUE,347,14300000,1300000,TRUE,TRUE,2018-11-02,2,tt9203042,tvSeries,47,16.4757701651602,5.85220247977447
Kulipari: Dream Walker,2018,all,7.6,34/100,0,0,0,1,TRUE,69,1200000,100000,TRUE,TRUE,2018-11-20,2,tt9203064,tvSeries,34,13.9978329480912,4.24849524204936
Bumping Mics with Jeff Ross & Dave Attell,2018,18+,7.7,50/100,0,0,0,1,TRUE,1051,300000,100000,TRUE,TRUE,2018-11-27,2,tt9203078,tvSeries,50,12.6115410869661,6.95844839329766
Kid Cosmic,2021,7+,8,49/100,0,0,0,1,TRUE,719,10900000,1700000,TRUE,TRUE,2021-02-02,6,tt9248538,tvSeries,49,16.2042734389425,6.5792512120101
Warrior,2018,Unknown,6.7,48/100,0,0,0,1,TRUE,18,7600000,700000,TRUE,TRUE,2018-11-13,2,tt9249090,tvSeries,48,15.8436589368355,2.94443897916644
Ragnarok,2020,18+,7.5,74/100,0,1,0,2,FALSE,27927,246500000,46100000,TRUE,TRUE,2020-01-31,5,tt9251798,tvSeries,74,19.3228725555038,10.2373850487849
Our Planet,2019,all,9.3,82/100,0,0,0,1,TRUE,35667,72600000,4800000,TRUE,TRUE,2019-04-05,2,tt9253866,tvSeries,82,18.1004754935691,10.4820092072548
Rhythm + Flow,2019,18+,7.7,62/100,0,0,0,1,TRUE,1369,6600000,200000,TRUE,TRUE,2019-10-09,2,tt9278032,tvSeries,62,15.7025803585118,7.22256601882217
El Dragón: Return of a Warrior,2019,18+,7,54/100,0,0,0,1,TRUE,1570,97600000,1500000,FALSE,FALSE,2019-10-04,4,tt9281190,tvSeries,54,18.3963880616292,7.35946763825562
Pacific Rim: The Black,2021,16+,7.1,60/100,0,0,0,1,TRUE,3265,8400000,1300000,TRUE,TRUE,2021-03-04,4,tt9288848,tvSeries,60,15.9437423828612,8.09132127353041
Trash Truck,2020,all,8.4,51/100,0,0,0,1,TRUE,308,37300000,6500000,TRUE,TRUE,2020-11-10,4,tt9288860,tvSeries,51,17.4345039114237,5.73334127689775
Cagaster of an Insect Cage,2020,18+,6.2,47/100,0,0,0,1,TRUE,506,2300000,200000,TRUE,TRUE,2020-02-06,2,tt9288892,tvMiniSeries,47,14.6484201156819,6.22851100359118
The Liberator,2020,7+,7.6,61/100,0,0,0,1,TRUE,5033,3400000,500000,TRUE,TRUE,2020-11-11,2,tt9308682,tvMiniSeries,61,15.039286283704,8.52397017569526
Yasuke,2021,18+,6.2,59/100,0,0,0,1,TRUE,3321,5000000,800000,TRUE,TRUE,2021-04-29,2,tt9310330,tvMiniSeries,59,15.4249486703984,8.10832229017324
Trese,2021,18+,7.1,62/100,0,0,0,1,TRUE,1146,2600000,400000,TRUE,TRUE,2021-06-10,2,tt9310336,tvMiniSeries,62,14.771022387607,7.04490511712937
Typewriter,2019,18+,6.5,57/100,0,0,0,1,TRUE,3516,2300000,300000,TRUE,TRUE,2019-07-19,2,tt9310372,tvSeries,57,14.6484201156819,8.16536363247398
The Duchess,2020,18+,6.8,52/100,0,1,0,2,FALSE,4489,3300000,600000,TRUE,TRUE,2020-09-11,2,tt9310390,tvSeries,52,15.009433329467,8.4096079807363
The Stranded,2019,18+,6.3,50/100,0,0,0,1,TRUE,1043,7100000,500000,TRUE,TRUE,2019-11-14,2,tt9310400,tvSeries,50,15.7756054828566,6.95081476844258
Triad Princess,2019,18+,6.9,43/100,0,0,0,1,TRUE,494,3600000,400000,TRUE,TRUE,2019-12-06,2,tt9314996,tvSeries,43,15.0964446812041,6.20455776256869
Instant Hotel,2018,7+,7.3,49/100,0,0,0,1,TRUE,1294,800000,,TRUE,FALSE,2018-12-28,2,tt9316032,tvSeries,49,13.5923682566493,7.16626597413364
Crime Diaries: The Candidate,2019,18+,7.6,52/100,0,0,0,1,TRUE,718,2300000,200000,TRUE,TRUE,2019-03-22,2,tt9327348,tvSeries,52,14.6484201156819,6.57786135772105
The Good Bandit,2019,18+,7.8,39/100,0,0,0,1,TRUE,79,20900000,200000,FALSE,FALSE,2019-08-30,2,tt9328616,tvSeries,39,16.8552597647819,4.38202663467388
The InBESTigators,2019,all,8.1,50/100,0,0,0,1,TRUE,527,76900000,8100000,TRUE,TRUE,2019-08-09,4,tt9332962,tvSeries,50,18.1580164474798,6.26909628370626
Leila,2019,16+,4.8,51/100,0,0,0,1,TRUE,8130,1800000,200000,TRUE,TRUE,2019-06-14,2,tt9337588,tvSeries,51,14.4032977784218,9.00343919620784
Criminal: UK,2019,18+,7.6,65/100,0,0,0,1,TRUE,15581,8400000,1400000,TRUE,TRUE,2019-09-20,4,tt9348692,tvSeries,65,15.9437423828612,9.6538716808908
Rilakkuma and Kaoru,2019,7+,8.3,63/100,0,0,0,1,TRUE,1403,900000,200000,TRUE,TRUE,2019-04-19,2,tt9348716,tvSeries,63,13.7101511534169,7.24708058458576
7SEEDS,2019,18+,6.4,53/100,0,0,0,1,TRUE,1116,5000000,500000,TRUE,TRUE,2019-06-28,4,tt9348718,tvSeries,53,15.4249486703984,7.0184017990692
Young Wallander,2020,18+,6.8,57/100,0,0,0,1,TRUE,7113,10400000,1000000,TRUE,TRUE,2020-09-03,2,tt9359220,tvSeries,57,16.1573164602654,8.8698199525084
Hasmukh,2020,18+,5.3,39/100,0,0,0,1,TRUE,2411,600000,100000,TRUE,TRUE,2020-04-17,2,tt9359294,tvMiniSeries,39,13.3046866008636,7.78821155784708
Special,2019,18+,7.6,72/100,0,0,0,1,TRUE,7580,1800000,300000,TRUE,TRUE,2019-04-12,4,tt9381622,tvSeries,72,14.4032977784218,8.9334003960563
Sakho & Mangane,2019,Unknown,6.4,34/100,0,0,0,1,TRUE,101,100000,,TRUE,TRUE,,1,tt9391692,tvSeries,34,11.5129354649202,4.62497281328427
Delhi Crime,2019,Unknown,8.5,71/100,0,0,0,1,TRUE,15165,14100000,1300000,TRUE,TRUE,2019-03-22,4,tt9398466,tvSeries,71,16.4616854262704,9.62681135926088
Selena: The Series,2020,7+,6.8,58/100,0,0,0,1,TRUE,3759,21700000,1700000,TRUE,TRUE,2020-12-04,4,tt9421868,tvSeries,58,16.8928228645936,8.23217423638394
Conversations with a Killer: The Ted Bundy Tapes,2019,18+,7.8,70/100,0,0,0,1,TRUE,25206,8800000,1100000,TRUE,TRUE,2019-01-24,2,tt9425132,tvMiniSeries,70,15.9902623930848,10.1348770127042
Trigger Warning with Killer Mike,2019,16+,7,53/100,0,0,0,1,TRUE,1190,100000,,TRUE,TRUE,2019-01-18,1,tt9426194,tvSeries,53,11.5129354649202,7.0825485693553
Queen Sono,2020,18+,5.9,58/100,0,0,0,1,TRUE,1042,5000000,600000,TRUE,TRUE,2020-02-28,2,tt9426290,tvSeries,58,15.4249486703984,6.94985645500077
Abby Hatcher,2018,all,6.2,46/100,0,0,0,1,TRUE,102,38900000,1700000,FALSE,FALSE,,4,tt9433014,tvSeries,46,17.4765048342956,4.63472898822964
I Am Not Okay with This,2020,18+,7.5,77/100,0,0,0,1,TRUE,45521,6400000,1000000,TRUE,TRUE,2020-02-26,2,tt9446688,tvSeries,77,15.6718087045799,10.7259510045661
The Barrier,2020,16+,6.8,57/100,0,0,0,1,TRUE,2816,14400000,700000,FALSE,FALSE,2020-09-11,2,tt9460858,tvSeries,57,16.4827388339907,7.94342776787637
Ghost in the Shell: SAC_2045,2020,Unknown,6.3,50/100,0,0,0,1,TRUE,1645,3100000,200000,TRUE,TRUE,2020-04-23,4,tt9466298,tvSeries,50,14.946912992036,7.40610338123702
Touch Your Heart,2019,Unknown,7.7,44/100,0,0,0,1,TRUE,1793,4200000,200000,TRUE,TRUE,,1,tt9466990,tvSeries,44,15.2505953213488,7.49220304261874
Rust Valley Restorers,2018,16+,7.8,55/100,0,0,0,1,TRUE,2298,32600000,2700000,TRUE,FALSE,2019-08-23,6,tt9498102,tvSeries,55,17.2998228770118,7.74022952476318
The Haunted House,2016,7+,8.4,40/100,0,0,0,1,TRUE,49,19000000,900000,TRUE,FALSE,,4,tt9518312,tvSeries,40,16.7599495897623,3.91202300542815
revisions,2019,18+,6,40/100,0,0,0,1,TRUE,513,1900000,200000,TRUE,FALSE,2019-01-09,2,tt9522354,tvMiniSeries,40,14.4573649704523,6.24222326545517
Bakugan: Battle Planet,2018,all,4.9,40/100,0,0,0,1,TRUE,173,600000,,FALSE,FALSE,,1,tt9527662,tvSeries,40,13.3046866008636,5.15905529921453
Kongsuni and Friends,2017,Unknown,4.4,32/100,0,0,0,1,TRUE,19,14600000,1500000,TRUE,TRUE,,4,tt9529810,tvSeries,32,16.4965321551717,2.99573227355399
Possessed,2019,Unknown,6.9,43/100,0,1,0,2,FALSE,544,6500000,200000,TRUE,TRUE,2019-04-03,2,tt9537306,tvSeries,43,15.687312888712,6.30078579466324
Ingress: The Animation,2018,all,6.6,44/100,0,0,0,1,TRUE,464,800000,100000,TRUE,TRUE,2018-10-17,2,tt9561968,tvSeries,44,13.5923682566493,6.14203740558736
Halston,2021,18+,7.5,65/100,0,1,0,2,FALSE,8406,4300000,600000,TRUE,TRUE,2021-05-14,2,tt9569546,tvMiniSeries,65,15.2741258132219,9.0368199711353
The Circle,2020,18+,7.3,70/100,0,1,0,2,FALSE,5029,92500000,1200000,TRUE,TRUE,2020-01-01,10,tt9581768,tvSeries,70,18.3427192132935,8.52317526309379
Examination of Conscience,2019,18+,7.9,47/100,0,0,0,1,TRUE,363,400000,100000,TRUE,TRUE,2019-01-25,2,tt9584024,tvMiniSeries,47,12.899222326087,5.89715386763674
Playing with Fire,2019,18+,5.9,59/100,1,0,0,2,FALSE,730,12700000,1000000,FALSE,FALSE,2019-05-31,2,tt9587732,tvSeries,59,16.357112630169,6.59441345974978
Space Force,2020,18+,6.7,71/100,0,0,0,1,TRUE,48181,17900000,1600000,TRUE,TRUE,2020-05-29,4,tt9612516,tvSeries,71,16.7003113266769,10.7827407863077
Gigantosaurus,2019,all,7.2,48/100,0,0,1,2,FALSE,112,37200000,1700000,FALSE,FALSE,,4,tt9636800,tvSeries,48,17.4318193461251,4.72738781871234
Regiment Diaries,2018,Unknown,8.8,48/100,0,0,0,1,TRUE,61,100000,,FALSE,FALSE,,1,tt9642576,tvSeries,48,11.5129354649202,4.12713438504509
Dating Around,2019,16+,6.3,50/100,0,0,0,1,TRUE,1064,1400000,200000,TRUE,TRUE,2019-02-14,4,tt9654080,tvSeries,50,14.1519835088709,6.97073007814353
Larry Charles' Dangerous World of Comedy,2019,18+,7.3,43/100,0,0,0,1,TRUE,533,100000,,TRUE,TRUE,2019-02-15,1,tt9654082,tvSeries,43,11.5129354649202,6.2803958389602
Go! Live Your Way,2019,Unknown,7.1,52/100,0,0,0,1,TRUE,461,61200000,2900000,FALSE,FALSE,2019-02-21,4,tt9654086,tvSeries,52,17.9296577638224,6.13556489108174
Behind Her Eyes,2021,18+,7.2,68/100,0,0,0,1,TRUE,44709,43200000,4100000,TRUE,TRUE,2021-02-17,2,tt9698442,tvMiniSeries,68,17.5813510763625,10.707952469228
44 Cats,2018,7+,6.1,43/100,0,0,0,1,TRUE,233,11100000,900000,TRUE,FALSE,,2,tt9699148,tvSeries,43,16.2224557563727,5.4553211153577
Nailed It! Mexico,2019,all,6.1,38/100,0,0,0,1,TRUE,263,3400000,400000,TRUE,TRUE,2019-02-08,6,tt9708588,tvSeries,38,15.039286283704,5.57594910314632
Team Kaylie,2019,Unknown,4.4,40/100,0,0,0,1,TRUE,251,17500000,2600000,TRUE,TRUE,2019-09-23,6,tt9717424,tvSeries,40,16.6777114960366,5.52942908751142
Get Even,2020,Unknown,6.5,54/100,0,0,0,1,TRUE,1733,4800000,500000,TRUE,TRUE,2020-07-31,2,tt9724628,tvSeries,54,15.3841266842114,7.45818615734049
The Neighbor,2019,18+,6.6,60/100,0,0,0,1,TRUE,1842,1700000,200000,TRUE,TRUE,2019-12-31,4,tt9731222,tvSeries,60,14.3461393972616,7.51914995766982
The Mess You Leave Behind,2020,Unknown,6.8,58/100,0,0,0,1,TRUE,6935,13300000,900000,TRUE,TRUE,2020-12-11,2,tt9731242,tvSeries,58,16.40327466838,8.84448051846038
Three Days of Christmas,2019,18+,6.8,44/100,0,0,0,1,TRUE,1034,4300000,1300000,TRUE,TRUE,2019-12-06,2,tt9731254,tvMiniSeries,44,15.2741258132219,6.94215670569947
The Idhun Chronicles,2020,16+,5.4,43/100,0,0,0,1,TRUE,445,1900000,300000,TRUE,TRUE,2020-09-10,4,tt9731266,tvSeries,43,14.4573649704523,6.10031895202006
Valeria,2020,18+,6.2,52/100,0,0,0,1,TRUE,3096,137900000,9300000,TRUE,TRUE,2020-05-08,6,tt9731288,tvSeries,52,18.7420393500152,8.0381891799732
Merry Happy Whatever,2019,Unknown,6.3,51/100,0,0,0,1,TRUE,3924,4500000,1100000,TRUE,TRUE,2019-11-28,2,tt9770286,tvSeries,51,15.3195881769627,8.27512163021651
Trailer Park Boys: The Animated Series,2019,18+,7.5,55/100,0,0,0,1,TRUE,2434,13500000,1400000,TRUE,TRUE,2019-03-31,4,tt9814900,tvSeries,55,16.4182003174827,7.79770203551669
Unorthodox,2020,18+,8,79/100,0,0,0,1,TRUE,63323,9400000,1400000,TRUE,TRUE,2020-03-26,2,tt9815454,tvMiniSeries,79,16.0562203536232,11.0560196831937
Bloodride,2020,18+,6.4,52/100,0,0,0,1,TRUE,3020,2200000,300000,TRUE,TRUE,2020-03-13,2,tt9815502,tvSeries,52,14.6039683728739,8.01334318138667
Shadow,2019,7+,6.6,51/100,0,0,0,1,TRUE,845,4100000,200000,FALSE,FALSE,2019-03-08,2,tt9817236,tvMiniSeries,51,15.2264977755769,6.74051935960622
YooHoo to the Rescue,2019,all,6.6,35/100,0,0,0,1,TRUE,41,6300000,700000,TRUE,TRUE,2019-03-15,6,tt9817288,tvSeries,35,15.6560603500919,3.73766961828337
Green Door,2019,18+,6.3,40/100,0,0,0,1,TRUE,111,100000,,FALSE,FALSE,2019-02-16,1,tt9817290,tvMiniSeries,40,11.5129354649202,4.71849887129509
Selling Sunset,2019,18+,6.3,55/100,0,0,0,1,TRUE,3557,259000000,19400000,TRUE,TRUE,2019-03-22,13,tt9817298,tvSeries,55,19.3723386235248,8.17695386822578
Hollywood,2020,18+,7.5,73/100,0,0,0,1,TRUE,31585,8700000,600000,TRUE,TRUE,2020-05-01,2,tt9827854,tvMiniSeries,73,15.9788336985673,10.36046926343
Blood & Water,2020,18+,6.4,56/100,0,0,0,1,TRUE,1992,41300000,2700000,TRUE,TRUE,2020-05-20,6,tt9839146,tvSeries,56,17.5363730821443,7.5973963202128
Biohackers,2020,18+,6.8,75/100,0,0,0,1,TRUE,6276,18100000,1800000,TRUE,TRUE,2020-08-20,4,tt9849210,tvSeries,75,16.7114225514847,8.74464743831753
Medical Police,2020,Unknown,6,60/100,0,0,0,1,TRUE,3664,1500000,200000,TRUE,TRUE,2020-01-10,2,tt9850952,tvSeries,60,14.2209763327389,8.20658361432075
Monzón: A Knockout Blow,2019,18+,7.9,51/100,0,0,0,1,TRUE,632,3200000,200000,FALSE,FALSE,2019-10-25,2,tt9852660,tvMiniSeries,51,14.9786616802699,6.45047042214418
Best Lover,2016,Unknown,6.5,34/100,0,0,0,1,TRUE,55,400000,,FALSE,FALSE,,1,tt9874364,tvSeries,34,12.899222326087,4.02535169073515
The Disappearance of Madeleine McCann,2019,16+,6.6,52/100,0,0,0,1,TRUE,9087,14000000,400000,TRUE,TRUE,2019-03-15,2,tt9879074,tvMiniSeries,52,16.4545679590081,9.11471014096093
The Perfect Match,2017,Unknown,7.5,37/100,0,0,0,1,TRUE,123,5400000,100000,TRUE,FALSE,,2,tt9882870,tvSeries,37,15.5019096967197,4.82028156560504
Well-Intended Love,2019,Unknown,7.3,49/100,0,0,0,1,TRUE,1144,25600000,900000,TRUE,FALSE,2019-05-17,4,tt9886950,tvSeries,49,17.0581029485123,7.04315991598834
Chip and Potato,2018,all,6.2,36/100,0,0,0,1,TRUE,109,116000000,16900000,TRUE,FALSE,2019-05-17,8,tt9897038,tvSeries,36,18.5691007576913,4.70048036579242
Her Private Life,2019,Unknown,7.7,47/100,0,0,0,1,TRUE,2025,24700000,600000,TRUE,TRUE,,2,tt9899340,tvSeries,47,17.022313842084,7.61381868480863
Blown Away,2019,7+,7.1,62/100,0,0,0,1,TRUE,2359,10400000,1000000,TRUE,TRUE,2019-07-12,6,tt9908860,tvSeries,62,16.1573164602654,7.76641689801966
