V1,ID,Title,Year,Age,IMDb,Rotten_Tomatoes,Netflix,Hulu,Prime Video,Disney+,Type,IMDb_catalog_2021,tconst,IMDb_current,IMDb_ratecount_current,imdb_title_type,Match_Confidence_Current,rating_change
0,1,Breaking Bad,2008,18+,9.4/10,100/100,1,0,0,0,1,9.4,tt0903747,9.5,2652911,tvSeries,Exact (title + year),0.0999999999999996
1,2,Stranger Things,2016,16+,8.7/10,96/100,1,0,0,0,1,8.7,tt4574334,8.6,1724245,tvSeries,Exact (title + year),-0.0999999999999996
2,3,Attack on Titan,2013,18+,9.0/10,95/100,1,1,0,0,1,9,tt2560140,9.1,735184,tvSeries,Exact (title + year),0.0999999999999996
3,4,Better Call Saul,2015,18+,8.8/10,94/100,1,0,0,0,1,8.8,tt3032476,9,852567,tvSeries,Exact (title + year),0.199999999999999
4,5,Dark,2017,16+,8.8/10,93/100,1,0,0,0,1,8.8,tt5753856,8.7,555848,tvSeries,Exact (title + year),-0.100000000000001
5,6,Avatar: The Last Airbender,2005,7+,9.3/10,93/100,1,0,1,0,1,9.3,tt0417299,9.3,450861,tvSeries,Exact (title + year),0
6,7,Peaky Blinders,2013,18+,8.8/10,93/100,1,0,0,0,1,8.8,tt2442560,8.7,786389,tvSeries,Exact (title + year),-0.100000000000001
7,8,The Walking Dead,2010,18+,8.2/10,93/100,1,0,0,0,1,8.2,tt1520211,8.1,1206774,tvSeries,Exact (title + year),-0.0999999999999996
8,9,Black Mirror,2011,18+,8.8/10,92/100,1,0,0,0,1,8.8,tt2085059,8.7,744343,tvSeries,Exact (title + year),-0.100000000000001
9,10,The Queen's Gambit,2020,18+,8.6/10,92/100,1,0,0,0,1,8.6,tt10048342,8.5,672632,tvMiniSeries,Exact (title + year),-0.0999999999999996
10,11,Mindhunter,2017,18+,8.6/10,90/100,1,0,0,0,1,8.6,tt5290382,8.6,402201,tvSeries,Exact (title + year),0
11,12,Community,2009,7+,8.5/10,90/100,1,1,1,0,1,8.5,tt1439629,8.5,313027,tvSeries,Exact (title + year),0
12,13,Narcos,2015,18+,8.8/10,90/100,1,0,0,0,1,8.8,tt2707408,8.7,532830,tvSeries,Exact (title + year),-0.100000000000001
13,14,Shameless,2011,18+,8.5/10,90/100,1,1,1,0,1,8.5,tt1586680,8.5,336317,tvSeries,Exact (title + year),0
14,15,Money Heist,2017,18+,8.3/10,90/100,1,0,0,0,1,8.3,tt6468322,8.2,614638,tvSeries,Exact (title + year),-0.100000000000001
15,16,Marvel's Daredevil,2015,18+,8.6/10,90/100,1,0,0,0,1,8.6,tt3322312,8.6,537710,tvSeries,"Fuzzy (prefix stripped, exact year)",0
16,17,Lucifer,2016,16+,8.1/10,90/100,1,0,0,0,1,8.1,tt4052886,8,395602,tvSeries,Exact (title + year),-0.0999999999999996
17,18,Supernatural,2005,16+,8.4/10,89/100,1,0,0,0,1,8.4,tt0460681,8.4,544688,tvSeries,Exact (title + year),0
18,19,The Witcher,2019,18+,8.2/10,89/100,1,0,0,0,1,8.2,tt5180504,7.8,622828,tvSeries,Exact (title + year),-0.399999999999999
19,20,Ozark,2017,18+,8.4/10,89/100,1,0,0,0,1,8.4,tt5071412,8.4,396146,tvSeries,Exact (title + year),0
20,21,The Crown,2016,18+,8.6/10,89/100,1,0,0,0,1,8.6,tt4786824,8.6,283229,tvSeries,Exact (title + year),0
21,22,Cobra Kai,2018,16+,8.6/10,89/100,1,0,0,0,1,8.6,tt7221388,8.4,245174,tvSeries,Exact (title + year),-0.199999999999999
22,23,The Blacklist,2013,16+,8.0/10,88/100,1,0,0,0,1,8,tt2741602,7.9,302611,tvSeries,Exact (title + year),-0.0999999999999996
23,24,The Flash,2014,16+,7.6/10,88/100,1,0,0,0,1,7.6,tt3107288,7.5,387409,tvSeries,Exact (title + year),-0.0999999999999996
24,25,Outlander,2014,18+,8.4/10,88/100,1,0,0,0,1,8.4,tt3006802,8.3,203435,tvSeries,Exact (title + year),-0.0999999999999996
25,26,Fullmetal Alchemist: Brotherhood,2009,16+,9.1/10,88/100,1,1,0,0,1,9.1,tt1355642,9.1,254118,tvSeries,Exact (title + year),0
26,27,The Good Place,2016,16+,8.2/10,88/100,1,0,0,0,1,8.2,tt4955642,8.2,223372,tvSeries,Exact (title + year),0
27,28,House of Cards,2013,18+,8.7/10,88/100,1,0,0,0,1,8.7,tt1856010,8.6,561634,tvSeries,Exact (title + year),-0.0999999999999996
28,29,Atypical,2017,16+,8.3/10,88/100,1,0,0,0,1,8.3,tt6315640,8.2,114650,tvSeries,Exact (title + year),-0.100000000000001
29,30,Grey's Anatomy,2005,16+,7.5/10,87/100,1,1,0,0,1,7.5,tt0413573,7.6,376294,tvSeries,Exact (title + year),0.0999999999999996
30,31,Arrested Development,2003,16+,8.7/10,87/100,1,1,0,0,1,8.7,tt0367279,8.6,345447,tvSeries,Exact (title + year),-0.0999999999999996
31,32,Lupin,2021,18+,7.5/10,87/100,1,0,0,0,1,7.5,tt2531336,7.5,160424,tvSeries,Exact (title + year),0
32,33,The Umbrella Academy,2019,16+,8.0/10,87/100,1,0,0,0,1,8,tt1312171,7.8,316642,tvSeries,Exact (title + year),-0.2
33,34,Orange Is the New Black,2013,18+,8.0/10,87/100,1,0,0,0,1,8,tt2372162,8,337592,tvSeries,Exact (title + year),0
34,35,The Vampire Diaries,2009,16+,7.7/10,86/100,1,0,0,0,1,7.7,tt1405406,7.7,386817,tvSeries,Exact (title + year),0
35,36,Demon Slayer: Kimetsu no Yaiba,2019,18+,8.7/10,86/100,1,1,0,0,1,8.7,tt9335498,8.5,232698,tvSeries,Exact (title + year),-0.199999999999999
36,37,The Last Dance,2020,16+,9.1/10,86/100,1,0,0,0,1,9.1,tt8420184,9,182669,tvMiniSeries,Exact (title + year),-0.0999999999999996
37,38,American Horror Story,2011,18+,8.0/10,86/100,1,1,1,0,1,8,tt1844624,7.9,363170,tvSeries,Exact (title + year),-0.0999999999999996
38,39,Elite,2018,18+,7.5/10,86/100,1,0,0,0,1,7.5,tt7134908,7.1,102669,tvSeries,Exact (title + year),-0.4
39,40,BoJack Horseman,2014,18+,8.7/10,86/100,1,0,0,0,1,8.7,tt3398228,8.8,236796,tvSeries,Exact (title + year),0.100000000000001
40,41,Star Trek: The Next Generation,1987,7+,8.6/10,86/100,1,1,1,0,1,8.6,tt0092455,8.7,150767,tvSeries,Exact (title + year),0.0999999999999996
41,42,Broadchurch,2013,18+,8.4/10,86/100,1,0,0,0,1,8.4,tt2249364,8.3,143314,tvSeries,Exact (title + year),-0.0999999999999996
42,43,The IT Crowd,2006,16+,8.5/10,86/100,1,0,0,0,1,8.5,tt0487831,8.5,177140,tvSeries,Exact (title + year),0
43,44,When They See Us,2019,18+,8.9/10,86/100,1,0,0,0,1,8.9,tt7137906,8.8,160440,tvMiniSeries,Exact (title + year),-0.0999999999999996
44,45,"Love, Death & Robots",2019,18+,8.5/10,86/100,1,0,0,0,1,8.5,tt9561862,8.4,231379,tvSeries,Exact (title + year),-0.0999999999999996
45,46,Schitt's Creek,2015,16+,8.5/10,86/100,1,0,0,0,1,8.5,tt3526078,8.5,175684,tvSeries,Exact (title + year),0
46,47,Marvel's Agents of S.H.I.E.L.D.,2013,16+,7.5/10,86/100,1,0,0,0,1,7.5,tt2364582,7.5,236306,tvSeries,"Fuzzy (prefix stripped, exact year)",0
47,48,Never Have I Ever,2020,16+,7.9/10,86/100,1,0,0,0,1,7.9,tt10062292,7.8,96199,tvSeries,Exact (title + year),-0.100000000000001
48,49,The 100,2014,16+,7.6/10,86/100,1,0,0,0,1,7.6,tt2661044,7.5,306367,tvSeries,Exact (title + year),-0.0999999999999996
49,50,American Crime Story,2016,18+,8.4/10,85/100,1,0,0,0,1,8.4,tt2788432,8.4,102836,tvSeries,Exact (title + year),0
50,51,The Last Kingdom,2015,18+,8.4/10,85/100,1,0,0,0,1,8.4,tt4179452,8.5,191334,tvSeries,Exact (title + year),0.0999999999999996
51,52,The End of the F***ing World,2017,18+,8.1/10,85/100,1,0,0,0,1,8.1,tt6257970,8,248321,tvSeries,Exact (title + year),-0.0999999999999996
52,53,New Girl,2011,16+,7.7/10,85/100,1,0,0,0,1,7.7,tt1826940,7.8,264895,tvSeries,Exact (title + year),0.0999999999999996
53,54,Penny Dreadful,2014,18+,8.2/10,85/100,1,0,1,0,1,8.2,tt2628232,8.2,140327,tvSeries,Exact (title + year),0
54,55,One Piece,1999,7+,8.8/10,85/100,1,1,0,0,1,8.8,tt0388629,9,361153,tvSeries,Exact (title + year),0.199999999999999
55,56,Marvel's The Punisher,2017,18+,8.5/10,85/100,1,0,0,0,1,8.5,tt5675620,8.4,309367,tvSeries,"Fuzzy (prefix stripped, exact year)",-0.0999999999999996
56,57,Evil,2019,18+,7.7/10,85/100,1,0,0,0,1,7.7,tt9055008,7.7,53170,tvSeries,Exact (title + year),0
57,58,YOU,2018,18+,7.7/10,85/100,1,0,0,0,1,7.7,tt7335184,7.6,372752,tvSeries,Exact (title + year),-0.100000000000001
58,59,Sense8,2015,18+,8.3/10,84/100,1,0,0,0,1,8.3,tt2431438,8.2,172286,tvSeries,Exact (title + year),-0.100000000000001
59,60,Making a Murderer,2015,16+,8.6/10,84/100,1,0,0,0,1,8.6,tt5189670,8.5,108688,tvSeries,Exact (title + year),-0.0999999999999996
60,61,Unbelievable,2019,18+,8.4/10,84/100,1,0,0,0,1,8.4,tt7909970,8.3,138337,tvMiniSeries,Exact (title + year),-0.0999999999999996
61,62,Arrow,2012,16+,7.5/10,84/100,1,0,0,0,1,7.5,tt2193021,7.5,462197,tvSeries,Exact (title + year),0
62,63,Sex Education,2019,18+,8.3/10,84/100,1,0,0,0,1,8.3,tt7767422,8.2,401523,tvSeries,Exact (title + year),-0.100000000000001
63,64,Marvel's Jessica Jones,2015,18+,7.9/10,84/100,1,0,0,0,1,7.9,tt2357547,7.8,241037,tvSeries,"Fuzzy (prefix stripped, exact year)",-0.100000000000001
64,65,Sweet Tooth,2021,16+,7.9/10,84/100,1,0,0,0,1,7.9,tt12809988,7.7,79303,tvSeries,Exact (title + year),-0.2
65,66,Good Girls,2018,16+,7.8/10,84/100,1,1,0,0,1,7.8,tt6474378,7.7,68198,tvSeries,Exact (title + year),-0.0999999999999996
66,67,Death Note,2006,16+,9.0/10,84/100,1,1,0,0,1,9,tt0877057,8.9,492400,tvSeries,Exact (title + year),-0.0999999999999996
67,68,Gilmore Girls,2000,16+,8.1/10,84/100,1,0,0,0,1,8.1,tt0238784,8.2,175698,tvSeries,Exact (title + year),0.0999999999999996
68,69,The Legend of Korra,2012,7+,8.4/10,83/100,1,0,0,0,1,8.4,tt1695360,8.3,153228,tvSeries,Exact (title + year),-0.0999999999999996
69,70,How to Get Away with Murder,2014,16+,8.1/10,83/100,1,1,0,0,1,8.1,tt3205802,8.1,179574,tvSeries,Exact (title + year),0
70,71,Master of None,2015,18+,8.3/10,83/100,1,0,0,0,1,8.3,tt4635276,8.2,78970,tvSeries,Exact (title + year),-0.100000000000001
71,72,Chappelle's Show,2003,18+,8.7/10,83/100,1,0,0,0,1,8.7,tt0353049,8.8,79211,tvSeries,Exact (title + year),0.100000000000001
72,73,One-Punch Man,2015,7+,8.8/10,83/100,1,1,0,0,1,8.8,,,,,Unmatched,
73,74,Downton Abbey,2010,16+,8.7/10,83/100,1,0,1,0,1,8.7,tt1606375,8.7,247843,tvSeries,Exact (title + year),0
74,75,Gotham,2014,16+,7.8/10,83/100,1,0,0,0,1,7.8,tt3749900,7.8,252595,tvSeries,Exact (title + year),0
75,76,Pose,2018,18+,8.6/10,83/100,1,0,0,0,1,8.6,tt7562112,8.6,36882,tvSeries,Exact (title + year),0
76,77,Bodyguard,2018,18+,8.1/10,83/100,1,0,0,0,1,8.1,tt7493974,8,172043,tvMiniSeries,Exact (title + year),-0.0999999999999996
77,78,Altered Carbon,2018,18+,8.0/10,83/100,1,0,0,0,1,8,tt2261227,7.9,203447,tvSeries,Exact (title + year),-0.0999999999999996
78,79,Ash vs Evil Dead,2015,18+,8.4/10,83/100,1,0,0,0,1,8.4,tt4189022,8.4,86095,tvSeries,Exact (title + year),0
79,80,The Sinner,2017,16+,7.9/10,83/100,1,0,0,0,1,7.9,tt6048596,7.8,153335,tvSeries,Exact (title + year),-0.100000000000001
80,81,Our Planet,2019,all,9.3/10,82/100,1,0,0,0,1,9.3,tt9253866,9.2,63435,tvSeries,Exact (title + year),-0.100000000000001
81,82,Narcos: Mexico,2018,18+,8.4/10,82/100,1,0,0,0,1,8.4,tt8714904,8.3,102276,tvSeries,Exact (title + year),-0.0999999999999996
82,83,Shadow and Bone,2021,16+,7.7/10,82/100,1,0,0,0,1,7.7,tt2403776,7.5,125530,tvSeries,Exact (title + year),-0.2
83,84,Castlevania,2017,18+,8.3/10,82/100,1,0,0,0,1,8.3,tt6517102,8.3,95835,tvSeries,Exact (title + year),0
84,85,Star Trek,1966,7+,8.3/10,82/100,1,1,1,0,1,8.3,tt0060028,8.4,101510,tvSeries,Exact (title + year),0.0999999999999996
85,86,The Kominsky Method,2018,18+,8.2/10,82/100,1,0,0,0,1,8.2,tt7255502,8.2,47463,tvSeries,Exact (title + year),0
86,87,Hunter x Hunter,2011,16+,9.0/10,82/100,1,1,0,0,1,9,tt2098220,9,200746,tvSeries,Exact (title + year),0
87,88,Dead to Me,2019,18+,8.0/10,82/100,1,0,0,0,1,8,tt8064302,7.9,111001,tvSeries,Exact (title + year),-0.0999999999999996
88,89,The Haunting of Hill House,2018,18+,8.6/10,82/100,1,0,0,0,1,8.6,tt6763664,8.5,333341,tvMiniSeries,Exact (title + year),-0.0999999999999996
89,90,Russian Doll,2019,18+,7.9/10,82/100,1,0,0,0,1,7.9,tt7520794,7.7,116790,tvSeries,Exact (title + year),-0.2
90,91,Kingdom,2019,18+,8.4/10,82/100,1,1,0,0,1,8.4,tt6611916,8.3,64519,tvSeries,Exact (title + year),-0.0999999999999996
91,92,Neon Genesis Evangelion,1995,16+,8.5/10,82/100,1,0,0,0,1,8.5,tt0112159,8.5,113321,tvSeries,Exact (title + year),0
92,93,Naruto,2002,7+,8.3/10,81/100,1,1,0,0,1,8.3,tt0409591,8.4,171193,tvSeries,Exact (title + year),0.0999999999999996
93,94,NCIS,2003,16+,7.7/10,81/100,1,0,0,0,1,7.7,tt0364845,7.8,177509,tvSeries,Exact (title + year),0.0999999999999996
94,95,Manifest,2018,16+,7.2/10,81/100,1,1,0,0,1,7.2,tt8421350,7,105976,tvSeries,Exact (title + year),-0.2
95,96,Halt and Catch Fire,2014,16+,8.4/10,81/100,1,0,0,0,1,8.4,tt2543312,8.4,38643,tvSeries,Exact (title + year),0
96,97,Monty Python's Flying Circus,1969,16+,8.8/10,81/100,1,0,0,0,1,8.8,tt0063929,8.8,87568,tvSeries,Exact (title + year),0
97,98,After Life,2019,18+,8.4/10,81/100,1,0,0,0,1,8.4,tt8398600,8.4,170463,tvSeries,Exact (title + year),0
98,99,Riverdale,2017,16+,6.8/10,81/100,1,1,0,0,1,6.8,tt5420376,6.4,166608,tvSeries,Exact (title + year),-0.399999999999999
99,100,Big Mouth,2017,18+,7.9/10,81/100,1,0,0,0,1,7.9,tt6524350,7.8,99179,tvSeries,Exact (title + year),-0.100000000000001
100,101,I Think You Should Leave with Tim Robinson,2019,18+,7.8/10,81/100,1,0,0,0,1,7.8,tt10050772,8.1,27147,tvSeries,Exact (title + year),0.3
101,102,Derry Girls,2018,16+,8.4/10,81/100,1,0,0,0,1,8.4,tt7120662,8.5,78838,tvSeries,Exact (title + year),0.0999999999999996
102,103,The Promised Neverland,2019,18+,8.5/10,81/100,1,1,0,0,1,8.5,tt8788458,8.1,59494,tvSeries,Exact (title + year),-0.4
103,104,Lost in Space,2018,7+,7.3/10,80/100,1,1,0,0,1,7.3,tt5232792,7.3,114130,tvSeries,Exact (title + year),0
104,105,Star Trek: Deep Space Nine,1993,7+,8.0/10,80/100,1,1,1,0,1,8,tt0106145,8.1,77952,tvSeries,Exact (title + year),0.0999999999999996
105,106,Jane the Virgin,2014,16+,7.8/10,80/100,1,0,0,0,1,7.8,tt3566726,7.8,64839,tvSeries,Exact (title + year),0
106,107,Godless,2017,18+,8.3/10,80/100,1,0,0,0,1,8.3,tt5516154,8.2,91929,tvMiniSeries,Exact (title + year),-0.100000000000001
107,108,The OA,2016,18+,7.8/10,80/100,1,0,0,0,1,7.8,tt4635282,7.8,128279,tvSeries,Exact (title + year),0
108,109,DC's Legends of Tomorrow,2016,16+,6.8/10,80/100,1,0,0,0,1,6.8,tt4532368,6.7,115063,tvSeries,"Fuzzy (prefix stripped, exact year)",-0.0999999999999996
109,110,Sacred Games,2018,18+,8.6/10,80/100,1,0,0,0,1,8.6,tt6077448,8.5,98514,tvSeries,Exact (title + year),-0.0999999999999996
110,111,iZombie,2015,16+,7.8/10,80/100,1,0,0,0,1,7.8,tt3501584,7.8,79397,tvSeries,Exact (title + year),0
111,112,Longmire,2012,16+,8.3/10,80/100,1,0,0,0,1,8.3,tt1836037,8.3,44114,tvSeries,Exact (title + year),0
112,113,Happy Endings,2011,16+,7.7/10,80/100,1,1,0,0,1,7.7,tt1587678,7.8,41758,tvSeries,Exact (title + year),0.0999999999999996
113,114,Into the Badlands,2015,16+,8.0/10,80/100,1,0,0,0,1,8,tt3865236,7.9,53137,tvSeries,Exact (title + year),-0.0999999999999996
114,115,The Originals,2013,16+,8.2/10,80/100,1,0,0,0,1,8.2,tt2632424,8.2,161953,tvSeries,Exact (title + year),0
115,116,Anne with an E,2017,all,8.7/10,80/100,1,0,0,0,1,8.7,tt5421602,8.6,82382,tvSeries,Exact (title + year),-0.0999999999999996
116,117,Grace and Frankie,2015,18+,8.3/10,80/100,1,0,0,0,1,8.3,tt3609352,8.2,62296,tvSeries,Exact (title + year),-0.100000000000001
117,118,Chilling Adventures of Sabrina,2018,16+,7.5/10,80/100,1,0,0,0,1,7.5,tt7569592,7.4,119766,tvSeries,Exact (title + year),-0.0999999999999996
118,119,Queen of the South,2016,16+,8.0/10,79/100,1,0,0,0,1,8,tt1064899,8,38276,tvSeries,Exact (title + year),0
119,120,A Series of Unfortunate Events,2017,7+,7.8/10,79/100,1,0,0,0,1,7.8,tt4834206,7.7,73083,tvSeries,Exact (title + year),-0.0999999999999996
120,121,Bridgerton,2020,"",7.3/10,79/100,1,0,0,0,1,7.3,tt8740790,7.5,231487,tvSeries,Exact (title + year),0.2
121,122,Unorthodox,2020,18+,8.0/10,79/100,1,0,0,0,1,8,tt9815454,8,99481,tvMiniSeries,Exact (title + year),0
122,123,Stargate SG-1,1997,13+,8.4/10,79/100,1,1,0,0,1,8.4,tt0118480,8.4,110235,tvSeries,Exact (title + year),0
123,124,Outer Banks,2020,18+,7.6/10,79/100,1,0,0,0,1,7.6,tt10293938,7.5,109556,tvSeries,Exact (title + year),-0.0999999999999996
124,125,13 Reasons Why,2017,18+,7.6/10,79/100,1,0,0,0,1,7.6,tt1837492,7.4,341840,tvSeries,Exact (title + year),-0.199999999999999
125,126,Unbreakable Kimmy Schmidt,2015,16+,7.6/10,79/100,1,0,0,0,1,7.6,tt3339966,7.5,83805,tvSeries,Exact (title + year),-0.0999999999999996
126,127,Marvel's Luke Cage,2016,18+,7.3/10,79/100,1,0,0,0,1,7.3,tt3322314,7.2,149530,tvSeries,"Fuzzy (prefix stripped, exact year)",-0.0999999999999996
127,128,GLOW,2017,18+,8.0/10,79/100,1,0,0,0,1,8,tt5770786,8,54901,tvSeries,Exact (title + year),0
128,129,Borgen,2010,18+,8.5/10,79/100,1,0,0,0,1,8.5,tt1526318,8.4,32734,tvSeries,Exact (title + year),-0.0999999999999996
129,130,The 4400,2004,7+,7.3/10,79/100,1,0,0,0,1,7.3,tt0389564,7.3,48623,tvSeries,Exact (title + year),0
130,131,Alias Grace,2017,18+,7.7/10,79/100,1,0,0,0,1,7.7,tt1034007,7.6,42167,tvMiniSeries,Exact (title + year),-0.100000000000001
131,132,All American,2018,16+,7.7/10,79/100,1,0,0,0,1,7.7,tt7414406,7.6,16730,tvSeries,Exact (title + year),-0.100000000000001
132,133,Santa Clarita Diet,2017,18+,7.8/10,79/100,1,0,0,0,1,7.8,tt5580540,7.8,83770,tvSeries,Exact (title + year),0
133,134,Reign,2013,16+,7.5/10,78/100,1,0,0,0,1,7.5,tt2710394,7.4,58172,tvSeries,Exact (title + year),-0.0999999999999996
134,135,Maniac,2018,18+,7.8/10,78/100,1,0,0,0,1,7.8,tt5580146,7.6,93724,tvMiniSeries,Exact (title + year),-0.2
135,136,Dark Matter,2015,18+,7.5/10,78/100,1,0,1,0,1,7.5,tt4159076,7.5,48200,tvSeries,Exact (title + year),0
136,137,Star Trek: Voyager,1995,7+,7.8/10,78/100,1,1,1,0,1,7.8,tt0112178,7.9,84923,tvSeries,Exact (title + year),0.100000000000001
137,138,"Tiger King: Murder, Mayhem and Madness",2020,18+,7.6/10,78/100,1,0,0,0,1,7.6,,,,,Unmatched,
138,139,Call the Midwife,2012,16+,8.4/10,78/100,1,0,0,0,1,8.4,tt1983079,8.6,35845,tvSeries,Exact (title + year),0.199999999999999
139,140,Queer Eye,2018,16+,8.5/10,78/100,1,0,0,0,1,8.5,tt7259746,8.5,22482,tvSeries,Exact (title + year),0
140,141,American Vandal,2017,16+,8.2/10,78/100,1,0,0,0,1,8.2,tt6877772,8.1,35020,tvSeries,Exact (title + year),-0.0999999999999996
141,142,Wynonna Earp,2016,16+,7.5/10,78/100,1,0,0,0,1,7.5,tt4878326,7.4,26645,tvSeries,Exact (title + year),-0.0999999999999996
142,143,Marvel's The Defenders,2017,18+,7.3/10,78/100,1,0,0,0,1,7.3,tt4230076,7.2,128524,tvMiniSeries,"Fuzzy (prefix stripped, exact year)",-0.0999999999999996
143,144,HAPPY!,2017,18+,8.2/10,77/100,1,0,0,0,1,8.2,tt2452242,8.1,46003,tvSeries,Exact (title + year),-0.0999999999999996
144,145,Haikyu!!,2014,16+,8.7/10,77/100,1,1,0,0,1,8.7,,,,,Unmatched,
145,146,Colony,2016,16+,7.4/10,77/100,1,0,0,0,1,7.4,tt4209256,7.3,41895,tvSeries,Exact (title + year),-0.100000000000001
146,147,Heartland,2007,7+,8.4/10,77/100,1,0,1,0,1,8.4,,,,,Unmatched,
147,148,Alone,2015,16+,8.4/10,77/100,1,1,0,0,1,8.4,tt4803766,8.4,9316,tvSeries,Exact (title + year),0
148,149,Marco Polo,2014,18+,8.0/10,77/100,1,0,1,0,1,8,tt2189461,7.9,84562,tvSeries,Exact (title + year),-0.0999999999999996
149,150,Wild Wild Country,2018,16+,8.1/10,77/100,1,0,0,0,1,8.1,tt7768848,8,38945,tvMiniSeries,Exact (title + year),-0.0999999999999996
150,151,The Dragon Prince,2018,7+,8.4/10,77/100,1,0,0,0,1,8.4,tt8688814,8.2,31917,tvSeries,Exact (title + year),-0.200000000000001
151,152,Locke & Key,2020,16+,7.4/10,77/100,1,0,0,0,1,7.4,tt3007572,7.3,108724,tvSeries,Exact (title + year),-0.100000000000001
152,153,Love,2016,18+,7.7/10,77/100,1,0,0,0,1,7.7,tt4061080,7.6,48733,tvSeries,Exact (title + year),-0.100000000000001
153,154,One Day at a Time,2017,7+,8.2/10,77/100,1,0,0,0,1,8.2,tt5339440,8.1,20070,tvSeries,Exact (title + year),-0.0999999999999996
154,155,Feel Good,2020,18+,7.5/10,77/100,1,0,0,0,1,7.5,tt10098620,7.5,15419,tvSeries,Exact (title + year),0
155,156,Fauda,2015,16+,8.2/10,77/100,1,0,0,0,1,8.2,tt4565380,8.3,43589,tvSeries,Exact (title + year),0.100000000000001
156,157,The Dark Crystal: Age of Resistance,2019,7+,8.4/10,77/100,1,0,0,0,1,8.4,tt6905542,8.4,29430,tvSeries,Exact (title + year),0
157,158,Top Boy,2011,18+,8.4/10,77/100,1,0,0,0,1,8.4,tt1830379,8.4,49367,tvSeries,Exact (title + year),0
158,159,I Am Not Okay with This,2020,18+,7.5/10,77/100,1,0,0,0,1,7.5,tt9446688,7.5,83656,tvSeries,Exact (title + year),0
159,160,Supergirl,2015,16+,6.2/10,77/100,1,0,0,0,1,6.2,tt4016454,6.2,135634,tvSeries,Exact (title + year),0
160,161,The Shannara Chronicles,2016,16+,7.2/10,77/100,1,0,0,0,1,7.2,tt1051220,7.1,66406,tvSeries,Exact (title + year),-0.100000000000001
161,162,Designated Survivor,2016,7+,7.5/10,77/100,1,0,0,0,1,7.5,tt5296406,7.4,116176,tvSeries,Exact (title + year),-0.0999999999999996
162,163,Travelers,2016,16+,8.1/10,77/100,1,0,0,0,1,8.1,tt5651844,8,72840,tvSeries,Exact (title + year),-0.0999999999999996
163,164,StartUp,2016,18+,7.9/10,77/100,1,0,0,0,1,7.9,tt5028002,7.8,32968,tvSeries,Exact (title + year),-0.100000000000001
164,165,Ripper Street,2012,18+,8.1/10,77/100,1,0,0,0,1,8.1,tt2183641,8.1,24389,tvSeries,Exact (title + year),0
165,166,Episodes,2011,18+,7.8/10,77/100,1,0,0,0,1,7.8,tt1582350,7.8,37853,tvSeries,Exact (title + year),0
166,167,Crazy Ex-Girlfriend,2015,16+,7.8/10,76/100,1,0,0,0,1,7.8,tt4094300,7.9,24298,tvSeries,Exact (title + year),0.100000000000001
167,168,Bloodline,2015,18+,7.9/10,76/100,1,0,0,0,1,7.9,tt3520702,7.8,63877,tvSeries,Exact (title + year),-0.100000000000001
168,169,Black Summer,2019,18+,6.5/10,76/100,1,0,0,0,1,6.5,tt8923854,6.6,38569,tvSeries,Exact (title + year),0.0999999999999996
169,170,The Borgias,2011,18+,7.9/10,76/100,1,0,0,0,1,7.9,tt1582457,7.9,56794,tvSeries,Exact (title + year),0
170,171,Glee,2009,16+,6.7/10,76/100,1,0,1,0,1,6.7,tt1327801,6.8,162100,tvSeries,Exact (title + year),0.0999999999999996
171,172,The Stranger,2020,18+,7.3/10,76/100,1,0,0,0,1,7.3,,,,,Unmatched,
172,173,Virgin River,2019,16+,7.4/10,76/100,1,0,0,0,1,7.4,tt9077530,7.4,60289,tvSeries,Exact (title + year),0
173,174,Lilyhammer,2012,18+,8.0/10,76/100,1,0,0,0,1,8,tt1958961,7.9,34617,tvSeries,Exact (title + year),-0.0999999999999996
174,175,Dirty John,2018,18+,7.2/10,76/100,1,0,0,0,1,7.2,tt7945720,7.3,26661,tvSeries,Exact (title + year),0.0999999999999996
175,176,TURN: Washington's Spies,2014,16+,8.1/10,76/100,1,0,0,0,1,8.1,tt2543328,8.1,26121,tvSeries,Exact (title + year),0
176,177,Star Trek: Enterprise,2001,7+,7.5/10,76/100,1,1,1,0,1,7.5,tt0244365,7.6,64739,tvSeries,Exact (title + year),0.0999999999999996
177,178,She-Ra and the Princesses of Power,2018,all,7.9/10,75/100,1,0,0,0,1,7.9,tt7745956,8.1,22592,tvSeries,Exact (title + year),0.199999999999999
178,179,Merlin,2008,7+,7.9/10,75/100,1,1,1,0,1,7.9,tt1199099,7.9,94273,tvSeries,Exact (title + year),0
179,180,The Magicians,2015,16+,7.6/10,75/100,1,0,0,0,1,7.6,tt4254242,7.6,60555,tvSeries,Exact (title + year),0
180,181,Ginny & Georgia,2021,16+,7.5/10,75/100,1,0,0,0,1,7.5,tt10813940,7.5,109846,tvSeries,Exact (title + year),0
181,182,The Spy,2019,18+,7.9/10,75/100,1,0,0,0,1,7.9,tt5952634,7.9,58024,tvMiniSeries,Exact (title + year),0
182,183,On My Block,2018,16+,8.0/10,75/100,1,0,0,0,1,8,tt7879820,7.8,22410,tvSeries,Exact (title + year),-0.2
183,184,The Movies That Made Us,2019,18+,7.8/10,75/100,1,0,0,0,1,7.8,tt10681222,7.6,7684,tvSeries,Exact (title + year),-0.2
184,185,Chef's Table,2015,all,8.5/10,75/100,1,0,0,0,1,8.5,tt4295140,8.5,17736,tvSeries,Exact (title + year),0
185,186,Biohackers,2020,18+,6.8/10,75/100,1,0,0,0,1,6.8,tt9849210,6.8,12659,tvSeries,Exact (title + year),0
186,187,The Seven Deadly Sins,2014,16+,8.0/10,75/100,1,0,0,0,1,8,tt3909224,7.6,47208,tvSeries,Exact (title + year),-0.4
187,188,The Keepers,2017,16+,8.1/10,75/100,1,0,0,0,1,8.1,,,,,Unmatched,
188,189,F is for Family,2015,18+,8.0/10,74/100,1,0,0,0,1,8,tt4326894,8,44684,tvSeries,Exact (title + year),0
189,190,The Midnight Gospel,2020,18+,8.2/10,74/100,1,0,0,0,1,8.2,tt11639414,8.2,30198,tvSeries,Exact (title + year),0
190,191,Ragnarok,2020,18+,7.5/10,74/100,1,0,1,0,1,7.5,tt9251798,7.3,54787,tvSeries,Exact (title + year),-0.2
191,192,Legacies,2018,16+,7.4/10,74/100,1,0,0,0,1,7.4,tt8103070,7.2,42583,tvSeries,Exact (title + year),-0.2
192,193,The Order,2019,18+,6.8/10,74/100,1,0,0,0,1,6.8,tt8295472,6.7,36670,tvSeries,Exact (title + year),-0.0999999999999996
193,194,Disenchantment,2018,16+,7.2/10,74/100,1,0,0,0,1,7.2,tt5363918,7.2,80792,tvSeries,Exact (title + year),0
194,195,Dead Set,2008,18+,7.6/10,74/100,1,0,0,0,1,7.6,tt1285482,7.5,22142,tvMiniSeries,Exact (title + year),-0.0999999999999996
195,196,Dirty Money,2018,16+,8.1/10,74/100,1,0,0,0,1,8.1,tt7889220,8.1,10820,tvSeries,Exact (title + year),0
196,197,The Staircase,2005,16+,7.9/10,74/100,1,0,0,0,1,7.9,tt0388644,7.8,29661,tvSeries,"Fuzzy (title exact, year +-1)",-0.100000000000001
197,198,Soul Eater,2008,16+,7.8/10,74/100,1,1,0,0,1,7.8,tt1214085,7.7,17183,tvSeries,Exact (title + year),-0.0999999999999996
198,199,Into the Night,2020,18+,7.1/10,74/100,1,0,0,0,1,7.1,,,,,Unmatched,
199,200,The Haunting of Bly Manor,2020,"",7.4/10,74/100,1,0,0,0,1,7.4,tt10970552,7.4,146149,tvMiniSeries,Exact (title + year),0
200,201,Julie and the Phantoms,2020,7+,8.5/10,74/100,1,0,0,0,1,8.5,tt10183988,8.4,14256,tvSeries,Exact (title + year),-0.0999999999999996
201,202,Leyla ile Mecnun,2011,7+,9.1/10,74/100,1,0,0,0,1,9.1,tt1831164,9,103856,tvSeries,Exact (title + original-language year),-0.0999999999999996
202,203,Living with Yourself,2019,18+,7.2/10,74/100,1,0,0,0,1,7.2,tt8880894,7.1,37728,tvMiniSeries,Exact (title + year),-0.100000000000001
203,204,Young Royals,2021,"",8.6/10,74/100,1,0,0,0,1,8.6,tt14664414,8.2,52398,tvSeries,Exact (title + year),-0.4
204,205,Hilda,2018,7+,8.6/10,74/100,1,0,0,0,1,8.6,tt6385540,8.6,16449,tvSeries,Exact (title + year),0
205,206,The Mechanism,2018,18+,8.4/10,74/100,1,0,0,0,1,8.4,tt6873658,8,37276,tvSeries,Exact (title + year),-0.4
206,207,ERASED,2016,16+,8.5/10,74/100,1,1,0,0,1,8.5,tt5249462,8.4,76000,tvMiniSeries,Exact (title + year),-0.0999999999999996
207,208,Formula 1: Drive to Survive,2019,16+,8.6/10,74/100,1,0,0,0,1,8.6,tt8289930,8.5,60568,tvSeries,Exact (title + year),-0.0999999999999996
208,209,Don't F**k with Cats: Hunting an Internet Killer,2019,18+,8.0/10,74/100,1,0,0,0,1,8,tt11318602,8,70121,tvMiniSeries,Exact (title + year),0
209,210,Kim's Convenience,2016,16+,8.2/10,73/100,1,0,0,0,1,8.2,tt5912064,8.2,29097,tvSeries,Exact (title + year),0
210,211,The Society,2019,18+,7.1/10,73/100,1,0,0,0,1,7.1,tt8778064,7.1,43043,tvSeries,Exact (title + year),0
211,212,Imposters,2017,16+,7.8/10,73/100,1,0,0,0,1,7.8,tt5212822,7.8,16493,tvSeries,Exact (title + year),0
212,213,Frequency,2016,7+,7.5/10,73/100,1,0,1,0,1,7.5,tt5531470,7.4,14990,tvSeries,Exact (title + year),-0.0999999999999996
213,214,Wentworth,2013,18+,8.6/10,73/100,1,0,0,0,1,8.6,tt2433738,8.6,27119,tvSeries,Exact (title + year),0
214,215,Marvel's Iron Fist,2017,18+,6.5/10,73/100,1,0,0,0,1,6.5,tt3322310,6.4,150309,tvSeries,"Fuzzy (prefix stripped, exact year)",-0.0999999999999996
215,216,Bleach,2004,18+,8.1/10,73/100,1,1,0,0,1,8.1,tt0434665,8.2,94397,tvSeries,Exact (title + year),0.0999999999999996
216,217,Quantico,2015,16+,6.7/10,73/100,1,0,0,0,1,6.7,tt4428122,6.7,66122,tvSeries,Exact (title + year),0
217,218,Shooter,2016,16+,7.5/10,73/100,1,0,0,0,1,7.5,tt4181172,7.5,45485,tvSeries,Exact (title + year),0
218,219,Pokémon,1997,7+,7.5/10,73/100,1,1,1,0,1,7.5,tt0168366,7.6,56797,tvSeries,Exact (title + year),0.0999999999999996
219,220,Hollywood,2020,18+,7.5/10,73/100,1,0,0,0,1,7.5,tt9827854,7.5,44143,tvMiniSeries,Exact (title + year),0
220,221,Madam Secretary,2014,16+,7.6/10,73/100,1,0,0,0,1,7.6,tt3501074,7.8,29655,tvSeries,Exact (title + year),0.2
221,222,Last Tango in Halifax,2012,16+,8.3/10,73/100,1,0,0,0,1,8.3,tt2216156,8.4,10133,tvSeries,Exact (title + year),0.0999999999999996
222,223,Safe,2018,18+,7.3/10,73/100,1,1,0,0,1,7.3,tt7902072,7.2,62703,tvMiniSeries,Exact (title + year),-0.0999999999999996
223,224,Resurrection: Ertugrul,2014,16+,8.0/10,73/100,1,0,0,0,1,8,tt4320258,7.9,42653,tvSeries,Exact (title + year),-0.0999999999999996
224,225,Versailles,2015,18+,7.9/10,73/100,1,0,0,0,1,7.9,tt3830558,7.9,20612,tvSeries,Exact (title + year),0
225,226,Sex/Life,2021,18+,5.4/10,73/100,1,0,0,0,1,5.4,tt10839422,5.6,34837,tvSeries,Exact (title + year),0.199999999999999
226,227,Fullmetal Alchemist,2003,16+,8.5/10,73/100,1,0,0,0,1,8.5,tt0421357,8.5,86725,tvSeries,Exact (title + year),0
227,228,Marianne,2019,18+,7.5/10,73/100,1,0,0,0,1,7.5,tt10875696,7.3,22641,tvSeries,Exact (title + year),-0.2
228,229,Five Came Back,2017,16+,8.3/10,73/100,1,0,0,0,1,8.3,tt6587094,8.2,5697,tvMiniSeries,Exact (title + year),-0.100000000000001
229,230,Miraculous: Tales of Ladybug & Cat Noir,2015,7+,7.7/10,73/100,1,0,0,0,1,7.7,tt2580046,7.5,20398,tvSeries,Exact (title + year),-0.2
230,231,Abstract: The Art of Design,2017,16+,8.4/10,73/100,1,0,0,0,1,8.4,tt6333098,8.3,6249,tvSeries,Exact (title + year),-0.0999999999999996
231,232,Teenage Bounty Hunters,2020,18+,7.7/10,72/100,1,0,0,0,1,7.7,tt10584608,7.6,15961,tvSeries,Exact (title + year),-0.100000000000001
232,233,Documentary Now!,2015,18+,8.1/10,72/100,1,0,0,0,1,8.1,tt4677934,8.1,8773,tvSeries,Exact (title + year),0
233,234,Special,2019,18+,7.6/10,72/100,1,0,0,0,1,7.6,tt9381622,7.6,10784,tvSeries,Exact (title + year),0
234,235,JoJo's Bizarre Adventure,2012,18+,8.4/10,72/100,1,1,0,0,1,8.4,tt2359704,8.6,59321,tvSeries,Exact (title + year),0.199999999999999
235,236,Manhunt,2017,16+,8.1/10,72/100,1,0,0,0,1,8.1,tt5618256,8.1,67267,tvSeries,Exact (title + year),0
236,237,Your Lie in April,2014,7+,8.6/10,72/100,1,1,0,0,1,8.6,tt3895150,8.6,52838,tvSeries,Exact (title + year),0
237,238,Code Geass: Lelouch of the Rebellion,2006,18+,8.7/10,72/100,1,0,0,0,1,8.7,tt0994314,8.7,107271,tvSeries,Exact (title + year),0
238,239,Middleditch & Schwartz,2020,18+,8.6/10,72/100,1,0,0,0,1,8.6,tt12027034,8.6,6331,tvSeries,Exact (title + year),0
239,240,Zoo,2015,16+,6.7/10,72/100,1,0,0,0,1,6.7,tt3250026,6.7,27361,tvSeries,Exact (title + year),0
240,241,Jupiters Legacy,2021,18+,6.7/10,72/100,1,0,0,0,1,6.7,,,,,Unmatched,
241,242,Ratched,2020,18+,7.3/10,72/100,1,0,0,0,1,7.3,tt7423538,7.2,80116,tvSeries,Exact (title + year),-0.0999999999999996
242,243,Babylon Berlin,2017,18+,8.4/10,72/100,1,0,0,0,1,8.4,tt4378376,8.4,33654,tvSeries,Exact (title + year),0
243,244,Better Than Us,2018,"",7.4/10,72/100,1,0,0,0,1,7.4,tt8285216,7.3,12668,tvSeries,Exact (title + year),-0.100000000000001
244,245,Everything Sucks!,2018,16+,7.5/10,72/100,1,0,0,0,1,7.5,tt7078710,7.4,25689,tvSeries,Exact (title + year),-0.0999999999999996
245,246,Evil Genius,2018,18+,7.5/10,72/100,1,0,0,0,1,7.5,tt7552556,7.6,751,tvSeries,"Fuzzy (title exact, year +-1)",0.0999999999999996
246,247,Doctor Foster,2015,16+,7.7/10,72/100,1,0,0,0,1,7.7,tt4602768,7.6,23977,tvSeries,Exact (title + original-language year),-0.100000000000001
247,248,Marcella,2016,18+,7.4/10,72/100,1,0,0,0,1,7.4,tt5269594,7.3,41257,tvSeries,Exact (title + year),-0.100000000000001
248,249,Survivor,2000,7+,7.2/10,72/100,1,1,1,0,1,7.2,tt0239195,7.6,30281,tvSeries,Exact (title + year),0.399999999999999
249,250,Derek,2013,7+,8.0/10,72/100,1,0,0,0,1,8,tt2616280,8.1,37928,tvSeries,"Fuzzy (title exact, year +-1)",0.0999999999999996
250,251,Flowers,2016,"",8.2/10,72/100,1,0,0,0,1,8.2,tt5619658,8,7461,tvSeries,Exact (title + year),-0.199999999999999
251,252,3%,2016,18+,7.4/10,72/100,1,0,0,0,1,7.4,tt4922804,7.2,30379,tvSeries,Exact (title + year),-0.2
252,253,Tuca & Bertie,2019,18+,7.4/10,72/100,1,0,0,0,1,7.4,tt8036272,7.4,9309,tvSeries,Exact (title + year),0
253,254,Kuroko's Basketball,2012,"",8.3/10,72/100,1,0,0,0,1,8.3,tt2348803,8.2,16386,tvSeries,Exact (title + year),-0.100000000000001
254,255,Parasyte -the maxim-,2014,18+,8.3/10,72/100,1,1,0,0,1,8.3,,,,,Unmatched,
255,256,Last Chance U,2016,16+,8.4/10,71/100,1,0,0,0,1,8.4,tt5863126,8.4,8030,tvSeries,Exact (title + year),0
256,257,Trailer Park Boys,2001,18+,8.5/10,71/100,1,0,0,0,1,8.5,tt0290988,8.5,58149,tvSeries,Exact (title + year),0
257,258,Black Lightning,2018,16+,6.1/10,71/100,1,0,0,0,1,6.1,tt6045840,6.1,29226,tvSeries,Exact (title + year),0
258,259,Chicago Med,2015,16+,7.6/10,71/100,1,1,0,0,1,7.6,tt4655480,7.6,34786,tvSeries,Exact (title + year),0
259,260,How to Sell Drugs Online (Fast),2019,18+,7.9/10,71/100,1,0,0,0,1,7.9,tt9184994,7.7,47662,tvSeries,Exact (title + year),-0.2
260,261,Secret City,2016,18+,7.4/10,71/100,1,0,0,0,1,7.4,tt4976512,7.4,11000,tvSeries,Exact (title + year),0
261,262,Dynasty,2017,16+,7.3/10,71/100,1,0,0,0,1,7.3,tt6128300,7.2,27269,tvSeries,Exact (title + year),-0.0999999999999996
262,263,Dracula,2020,18+,6.8/10,71/100,1,0,0,0,1,6.8,tt9139220,6.8,58114,tvMiniSeries,Exact (title + year),0
263,264,Delhi Crime,2019,"",8.5/10,71/100,1,0,0,0,1,8.5,tt9398466,8.4,31008,tvSeries,Exact (title + year),-0.0999999999999996
264,265,Space Force,2020,18+,6.7/10,71/100,1,0,0,0,1,6.7,tt9612516,6.7,76286,tvSeries,Exact (title + year),0
265,266,Pretend It's a City,2021,16+,8.1/10,71/100,1,0,0,0,1,8.1,tt13660958,8,9216,tvMiniSeries,Exact (title + year),-0.0999999999999996
266,267,Masters of the Universe: Revelation,2021,7+,4.9/10,71/100,1,0,0,0,1,4.9,tt10826054,5.6,29742,tvSeries,Exact (title + year),0.699999999999999
267,268,iCarly,2007,all,6.7/10,71/100,1,0,0,0,1,6.7,tt0972534,6.8,50561,tvSeries,Exact (title + year),0.0999999999999996
268,269,Who Killed Sara?,2021,18+,6.4/10,71/100,1,0,0,0,1,6.4,tt11937816,6.4,17696,tvSeries,Exact (title + year),0
269,270,Sword Art Online,2012,18+,7.6/10,71/100,1,1,0,0,1,7.6,tt2250192,7.5,63990,tvSeries,Exact (title + year),-0.0999999999999996
270,271,Paranormal,2020,7+,8.5/10,71/100,1,0,0,0,1,8.5,tt12411074,7.9,76004,tvSeries,Exact (title + year),-0.6
271,273,Frontier,2016,18+,7.2/10,71/100,1,0,0,0,1,7.2,tt4686698,7.1,26674,tvSeries,Exact (title + year),-0.100000000000001
272,274,The Politician,2019,16+,7.5/10,71/100,1,0,0,0,1,7.5,tt7971476,7.4,26180,tvSeries,Exact (title + year),-0.0999999999999996
273,275,Raising Dion,2019,7+,7.2/10,71/100,1,0,0,0,1,7.2,tt7826108,7.1,18143,tvSeries,Exact (title + year),-0.100000000000001
274,276,Food Wars! Shokugeki no Soma,2015,18+,8.2/10,71/100,1,1,0,0,1,8.2,,,,,Unmatched,
275,277,Crash Landing on You,2019,16+,8.7/10,71/100,1,0,0,0,1,8.7,tt10850932,8.7,60154,tvMiniSeries,Exact (title + year),0
276,278,Seven Seconds,2018,18+,7.7/10,71/100,1,0,0,0,1,7.7,tt6297682,7.7,23191,tvMiniSeries,Exact (title + year),0
277,279,The Great British Bake Off,2010,7+,8.5/10,70/100,1,0,0,0,1,8.5,tt1877368,8.6,15923,tvSeries,Exact (title + original-language year),0.0999999999999996
278,280,Wizards: Tales of Arcadia,2020,7+,8.2/10,70/100,1,0,0,0,1,8.2,,,,,Unmatched,
279,281,Conversations with a Killer: The Ted Bundy Tapes,2019,18+,7.8/10,70/100,1,0,0,0,1,7.8,tt9425132,7.7,35251,tvMiniSeries,Exact (title + year),-0.0999999999999996
280,282,Lenox Hill,2020,"",8.7/10,70/100,1,0,0,0,1,8.7,tt12190580,8.6,3221,tvSeries,Exact (title + year),-0.0999999999999996
281,283,Fate: The Winx Saga,2021,18+,6.9/10,70/100,1,0,0,0,1,6.9,tt8179402,6.8,65062,tvSeries,Exact (title + year),-0.100000000000001
282,284,The Circle,2020,18+,7.3/10,70/100,1,0,1,0,1,7.3,tt9581768,7.2,9363,tvSeries,Exact (title + year),-0.0999999999999996
283,285,Cheer,2020,16+,8.1/10,70/100,1,0,0,0,1,8.1,tt11426660,8,7296,tvSeries,Exact (title + year),-0.0999999999999996
284,286,Hemlock Grove,2013,18+,7.1/10,70/100,1,0,0,0,1,7.1,tt2309295,7,44881,tvSeries,Exact (title + year),-0.0999999999999996
285,287,Transformers: War for Cybertron: Siege,2020,16+,7.4/10,70/100,1,0,0,0,1,7.4,,,,,Unmatched,
286,288,Explained,2018,16+,8.0/10,70/100,1,0,0,0,1,8,tt8005374,8,10405,tvSeries,Exact (title + year),0
287,289,Messiah,2020,18+,7.6/10,70/100,1,0,0,0,1,7.6,tt7671598,7.6,49936,tvSeries,Exact (title + year),0
288,290,Sky Rojo,2021,18+,6.5/10,70/100,1,0,0,0,1,6.5,tt8690776,6.6,12367,tvSeries,Exact (title + year),0.0999999999999996
289,291,Bonding,2019,18+,7.2/10,70/100,1,0,0,0,1,7.2,tt7718088,7.1,18907,tvSeries,"Fuzzy (title exact, year +-1)",-0.100000000000001
290,292,I'm Sorry,2017,7+,8.0/10,70/100,1,0,0,0,1,8,tt5987254,8,6732,tvSeries,Exact (title + year),0
291,293,Katla,2021,18+,7.1/10,70/100,1,0,0,0,1,7.1,tt11102190,7,19587,tvSeries,Exact (title + year),-0.0999999999999996
292,294,It's Okay to Not Be Okay,2020,16+,8.8/10,70/100,1,0,0,0,1,8.8,tt12451520,8.5,46587,tvMiniSeries,Exact (title + year),-0.300000000000001
293,295,Forensic Files,1996,16+,8.8/10,70/100,1,1,1,0,1,8.8,tt0247882,8.8,8262,tvSeries,Exact (title + year),0
294,296,Workin' Moms,2017,18+,7.6/10,70/100,1,0,0,0,1,7.6,tt6143796,7.8,26400,tvSeries,Exact (title + year),0.2
295,297,The Toys That Made Us,2017,16+,8.1/10,70/100,1,0,0,0,1,8.1,tt7053920,7.9,6452,tvSeries,Exact (title + year),-0.199999999999999
296,298,The Devil Next Door,2019,18+,7.6/10,70/100,1,0,0,0,1,7.6,tt11165002,7.5,16335,tvMiniSeries,Exact (title + year),-0.0999999999999996
297,299,Kipo and the Age of Wonderbeasts,2020,7+,8.4/10,70/100,1,0,0,0,1,8.4,tt10482560,8.3,8844,tvSeries,Exact (title + year),-0.0999999999999996
298,300,"Roswell, New Mexico",2019,16+,6.2/10,70/100,1,0,0,0,1,6.2,tt7588054,6.4,15297,tvSeries,Exact (title + year),0.2
299,301,Night Stalker: The Hunt For a Serial Killer,2021,18+,7.5/10,70/100,1,0,0,0,1,7.5,tt13651632,7.5,34142,tvMiniSeries,Exact (title + year),0
300,302,Glitch,2015,16+,7.3/10,70/100,1,0,0,0,1,7.3,tt4192782,7.2,23442,tvSeries,Exact (title + year),-0.0999999999999996
301,303,Great Pretender,2020,18+,8.0/10,69/100,1,0,0,0,1,8,tt11680468,7.8,8419,tvSeries,Exact (title + year),-0.2
302,304,InuYasha,2000,16+,7.9/10,69/100,1,1,0,0,1,7.9,tt0290223,7.9,20071,tvSeries,Exact (title + year),0
303,305,In the Dark,2019,16+,7.5/10,69/100,1,0,0,0,1,7.5,tt7772602,7.5,16819,tvSeries,Exact (title + year),0
304,306,GHOUL,2018,18+,7.1/10,69/100,1,0,0,0,1,7.1,tt5909930,7,16213,tvMiniSeries,Exact (title + year),-0.0999999999999996
305,307,Nailed It!,2018,7+,7.4/10,69/100,1,0,0,0,1,7.4,tt6987788,7.4,5783,tvSeries,Exact (title + year),0
306,308,Voltron: Legendary Defender,2016,7+,8.1/10,69/100,1,0,0,0,1,8.1,tt5580664,8,10978,tvSeries,Exact (title + year),-0.0999999999999996
307,309,Trollhunters: Tales of Arcadia,2016,7+,8.4/10,69/100,1,0,0,0,1,8.4,tt1734135,8.4,22463,tvSeries,Exact (title + year),0
308,310,Sweet Magnolias,2020,16+,7.4/10,69/100,1,0,0,0,1,7.4,tt9077540,7.3,28675,tvSeries,Exact (title + year),-0.100000000000001
309,311,Medici: Masters of Florence,2016,7+,7.9/10,69/100,1,0,0,0,1,7.9,,,,,Unmatched,
310,312,The Innocent,2021,"",7.9/10,69/100,1,0,0,0,1,7.9,tt14815356,6.9,32,tvMiniSeries,Exact (title + original-language year),-1
311,313,Aggretsuko,2018,16+,8.1/10,69/100,1,0,0,0,1,8.1,tt8019444,8,8306,tvSeries,Exact (title + year),-0.0999999999999996
312,314,Jurassic World: Camp Cretaceous,2020,7+,7.5/10,69/100,1,0,0,0,1,7.5,tt10436228,7.5,14164,tvSeries,Exact (title + year),0
313,315,Rake,2010,16+,8.5/10,69/100,1,1,1,0,1,8.5,tt1587000,8.5,9473,tvSeries,Exact (title + year),0
314,316,The Serpent,2021,"",7.6/10,69/100,1,0,0,0,1,7.6,tt7985576,7.6,55061,tvMiniSeries,Exact (title + year),0
315,317,The Gift,2019,18+,7.2/10,69/100,1,1,0,0,1,7.2,tt10956962,6.2,28,tvSeries,Exact (title + original-language year),-1
316,318,Violet Evergarden,2018,16+,8.5/10,69/100,1,0,0,0,1,8.5,tt7078180,8.4,42399,tvMiniSeries,Exact (title + year),-0.0999999999999996
317,319,3Below: Tales of Arcadia,2018,7+,7.7/10,69/100,1,0,0,0,1,7.7,tt7736544,7.6,8544,tvSeries,Exact (title + year),-0.100000000000001
318,320,Jeffrey Epstein: Filthy Rich,2020,18+,7.1/10,69/100,1,0,0,0,1,7.1,tt12312250,7.1,34717,tvMiniSeries,Exact (title + year),0
319,321,Dawson's Creek,1998,7+,6.6/10,69/100,1,1,0,0,1,6.6,tt0118300,6.8,48960,tvSeries,Exact (title + year),0.2
320,322,Private Practice,2007,16+,6.7/10,69/100,1,1,0,0,1,6.7,tt0972412,6.8,31149,tvSeries,Exact (title + year),0.0999999999999996
321,323,Beauty and the Beast,2012,7+,7.0/10,69/100,1,0,0,1,1,7,tt2193041,7,39255,tvSeries,Exact (title + year),0
322,324,Daybreak,2019,18+,6.7/10,69/100,1,0,0,0,1,6.7,tt8755226,6.7,26464,tvSeries,Exact (title + year),0
323,325,Easy,2016,18+,6.9/10,69/100,1,0,0,0,1,6.9,tt5562056,6.9,16276,tvSeries,Exact (title + year),0
324,326,Behind Her Eyes,2021,18+,7.2/10,68/100,1,0,0,0,1,7.2,tt9698442,7.2,95493,tvMiniSeries,Exact (title + year),0
325,327,Collateral,2018,18+,6.8/10,68/100,1,0,0,0,1,6.8,tt6729080,6.8,24290,tvMiniSeries,Exact (title + year),0
326,328,Knightfall,2017,16+,6.8/10,68/100,1,0,0,0,1,6.8,tt4555364,6.8,23424,tvSeries,Exact (title + year),0
327,329,The Confession Killer,2019,16+,7.4/10,68/100,1,0,0,0,1,7.4,tt11307176,7.4,11283,tvMiniSeries,Exact (title + year),0
328,330,Sophie: A Murder In West Cork,2021,18+,6.9/10,68/100,1,0,0,0,1,6.9,tt14681732,6.8,6719,tvMiniSeries,Exact (title + year),-0.100000000000001
329,331,Call My Agent!,2015,16+,8.3/10,68/100,1,0,0,0,1,8.3,tt4277922,8.3,18827,tvSeries,Exact (title + year),0
330,332,My Little Pony: Friendship Is Magic,2010,7+,7.6/10,68/100,1,1,0,0,1,7.6,tt1751105,7.8,26371,tvSeries,Exact (title + year),0.2
331,333,Leah Remini: Scientology and the Aftermath,2016,16+,9.0/10,68/100,1,1,0,0,1,9,tt6244192,8.9,6850,tvSeries,Exact (title + year),-0.0999999999999996
332,334,Containment,2016,16+,7.2/10,68/100,1,0,0,0,1,7.2,tt4421578,7.1,11884,tvSeries,Exact (title + year),-0.100000000000001
333,335,Z Nation,2014,16+,6.7/10,68/100,1,0,0,0,1,6.7,tt3843168,6.7,42259,tvSeries,Exact (title + year),0
334,336,Emily in Paris,2020,18+,7.0/10,68/100,1,0,0,0,1,7,tt8962124,6.8,143877,tvSeries,Exact (title + year),-0.2
335,337,Victorious,2010,7+,6.9/10,68/100,1,0,0,0,1,6.9,tt1604099,7,34896,tvSeries,Exact (title + year),0.0999999999999996
336,338,Scream: The TV Series,2015,16+,7.1/10,68/100,1,0,0,0,1,7.1,tt3921180,7,48619,tvSeries,Exact (title + year),-0.0999999999999996
337,339,Akame ga Kill!,2014,18+,7.8/10,68/100,1,1,0,0,1,7.8,tt3742982,7.7,38748,tvSeries,Exact (title + year),-0.0999999999999996
338,340,Warrior Nun,2020,18+,6.9/10,68/100,1,0,0,0,1,6.9,tt9059350,7,59542,tvSeries,Exact (title + year),0.0999999999999996
339,341,Bad Blood,2017,18+,7.5/10,68/100,1,0,0,0,1,7.5,tt6423364,7.5,11096,tvSeries,Exact (title + year),0
340,342,Young & Hungry,2014,16+,7.4/10,68/100,1,0,0,0,1,7.4,tt2084712,7.3,17717,tvSeries,Exact (title + year),-0.100000000000001
341,343,Caliphate,2020,18+,8.2/10,68/100,1,0,0,0,1,8.2,tt11398870,8.2,24776,tvSeries,Exact (title + year),0
342,344,'Allo 'Allo!,1984,"",8.3/10,68/100,1,0,0,0,1,8.3,,,,,Unmatched,
343,345,Good Witch,2015,7+,7.3/10,68/100,1,0,0,0,1,7.3,tt3906732,7.3,13929,tvSeries,Exact (title + year),0
344,346,Gilmore Girls: A Year in the Life,2016,16+,7.6/10,68/100,1,0,0,0,1,7.6,tt5435008,7.4,50599,tvMiniSeries,Exact (title + year),-0.199999999999999
345,347,Aquarius,2015,16+,7.1/10,68/100,1,0,0,0,1,7.1,tt3768572,7,14175,tvSeries,Exact (title + year),-0.0999999999999996
346,348,Firefly Lane,2021,18+,7.4/10,67/100,1,0,0,0,1,7.4,tt9012876,7.7,40826,tvSeries,Exact (title + year),0.3
347,349,White Gold,2017,18+,7.4/10,67/100,1,0,0,0,1,7.4,tt6010920,7.3,14186,tvSeries,Exact (title + year),-0.100000000000001
348,350,Hyperdrive,2019,7+,8.1/10,67/100,1,0,1,0,1,8.1,tt8911552,7.9,3098,tvSeries,Exact (title + year),-0.199999999999999
349,351,Reply 1988,2015,"",9.1/10,67/100,1,0,0,0,1,9.1,tt5182866,9,19705,tvSeries,Exact (title + year),-0.0999999999999996
350,352,Ninjago: Masters of Spinjitzu,2012,all,7.2/10,67/100,1,0,1,0,1,7.2,,,,,Unmatched,
351,353,Spotless,2015,"",7.8/10,67/100,1,0,0,0,1,7.8,tt3834000,7.7,4205,tvSeries,Exact (title + year),-0.0999999999999996
352,354,Devilman: Crybaby,2018,"",7.6/10,67/100,1,0,0,0,1,7.6,tt6660498,7.6,36678,tvMiniSeries,Exact (title + year),0
353,355,BEASTARS,2019,18+,7.8/10,67/100,1,0,0,0,1,7.8,tt11043632,7.6,16463,tvSeries,Exact (title + year),-0.2
354,356,Kill la Kill,2013,18+,7.9/10,67/100,1,0,0,0,1,7.9,tt3114390,7.8,19746,tvSeries,Exact (title + year),-0.100000000000001
355,357,Down to Earth with Zac Efron,2020,7+,8.1/10,67/100,1,0,0,0,1,8.1,tt12585152,8,8463,tvSeries,Exact (title + year),-0.0999999999999996
356,358,Ancient Aliens,2010,7+,7.2/10,67/100,1,1,1,0,1,7.2,tt1643266,7,13610,tvSeries,"Fuzzy (title exact, year +-1)",-0.2
357,359,Slasher,2016,18+,6.7/10,67/100,1,0,0,0,1,6.7,tt4667888,6.8,19010,tvSeries,Exact (title + year),0.0999999999999996
358,360,Ray,2021,"",7.3/10,67/100,1,0,0,0,1,7.3,tt14160660,7.1,10789,tvSeries,Exact (title + year),-0.2
359,361,Time: The Kalief Browder Story,2017,16+,8.5/10,67/100,1,0,0,0,1,8.5,tt6133034,8.4,3089,tvMiniSeries,Exact (title + year),-0.0999999999999996
360,362,Away,2020,16+,6.6/10,67/100,1,0,0,0,1,6.6,tt8787802,6.6,27200,tvSeries,Exact (title + year),0
361,363,No Tomorrow,2016,7+,7.3/10,67/100,1,0,0,0,1,7.3,tt5595688,7.2,5550,tvSeries,Exact (title + year),-0.0999999999999996
362,364,Locked Up,2015,18+,8.2/10,67/100,1,0,0,0,1,8.2,tt4524056,7.8,30708,tvSeries,Exact (title + year),-0.399999999999999
363,365,The Frankenstein Chronicles,2015,16+,7.3/10,67/100,1,0,0,0,1,7.3,tt4206804,7.2,13100,tvSeries,Exact (title + year),-0.0999999999999996
364,366,The Ranch,2016,16+,7.5/10,67/100,1,0,0,0,1,7.5,tt4998212,7.4,45772,tvSeries,Exact (title + year),-0.0999999999999996
365,367,Cursed,2020,18+,5.9/10,67/100,1,0,0,0,1,5.9,tt8210856,6,35590,tvSeries,Exact (title + year),0.0999999999999996
366,368,Wu Assassins,2019,18+,6.5/10,67/100,1,0,0,0,1,6.5,tt8652642,6.4,15644,tvSeries,Exact (title + year),-0.0999999999999996
367,369,Mr. Sunshine,2018,18+,8.8/10,67/100,1,0,0,0,1,8.8,tt7094780,8.7,14193,tvSeries,Exact (title + year),-0.100000000000001
368,370,The Unicorn,2019,7+,7.2/10,67/100,1,1,0,0,1,7.2,tt10329028,7.2,5075,tvSeries,Exact (title + year),0
369,371,Anohana: The Flower We Saw That Day,2011,16+,8.2/10,67/100,1,0,0,0,1,8.2,tt1913273,8.1,18793,tvMiniSeries,Exact (title + year),-0.0999999999999996
370,372,Alice in Borderland,2020,"",7.7/10,67/100,1,0,0,0,1,7.7,tt10795658,7.8,150526,tvSeries,Exact (title + year),0.0999999999999996
371,373,The Challenge,1998,16+,7.7/10,67/100,1,1,1,0,1,7.7,tt0176095,8.1,5130,tvSeries,Exact (title + year),0.399999999999999
372,374,Gypsy,2017,18+,6.8/10,67/100,1,0,0,0,1,6.8,tt5503718,6.7,20094,tvSeries,Exact (title + year),-0.0999999999999996
373,375,Fuller House,2016,7+,6.7/10,67/100,1,0,0,0,1,6.7,tt3986586,6.7,31474,tvSeries,Exact (title + year),0
374,376,How to Become a Tyrant,2021,"",7.4/10,67/100,1,0,0,0,1,7.4,tt14832996,7.4,12646,tvMiniSeries,Exact (title + year),0
375,377,Killer Inside: The Mind of Aaron Hernandez,2020,18+,7.4/10,67/100,1,0,0,0,1,7.4,tt11475228,7.3,20677,tvMiniSeries,Exact (title + year),-0.100000000000001
376,378,RESIDENT EVIL: Infinite Darkness,2021,18+,5.8/10,67/100,1,0,0,0,1,5.8,tt13173144,5.8,14660,tvMiniSeries,Exact (title + year),0
377,379,1983,2018,18+,6.8/10,67/100,1,0,0,0,1,6.8,tt7371666,6.7,4470,tvSeries,Exact (title + year),-0.0999999999999996
378,380,Wet Hot American Summer: First Day of Camp,2015,16+,7.4/10,67/100,1,0,0,0,1,7.4,tt4341500,7.3,26336,tvMiniSeries,Exact (title + year),-0.100000000000001
379,381,The Baker and the Beauty,2020,16+,7.4/10,67/100,1,0,1,0,1,7.4,tt9164986,7.3,5151,tvSeries,Exact (title + year),-0.100000000000001
380,382,Spinning Out,2020,18+,7.6/10,67/100,1,0,0,0,1,7.6,tt9117054,7.5,19729,tvSeries,Exact (title + year),-0.0999999999999996
381,383,Trinkets,2019,18+,7.1/10,67/100,1,0,0,0,1,7.1,tt9134194,7,14807,tvSeries,Exact (title + year),-0.0999999999999996
382,384,Insatiable,2018,18+,6.5/10,67/100,1,0,0,0,1,6.5,tt6487482,6.5,36486,tvSeries,Exact (title + year),0
383,385,The Chalet,2018,18+,7.0/10,67/100,1,0,0,0,1,7,tt8168678,7,7960,tvSeries,"Fuzzy (title exact, year +-1)",0
384,386,We Bare Bears,2015,7+,7.9/10,67/100,1,1,0,0,1,7.9,tt4839610,7.8,22974,tvSeries,"Fuzzy (title exact, year +-1)",-0.100000000000001
385,387,Gurren Lagann,2007,16+,8.3/10,66/100,1,0,0,0,1,8.3,tt0948103,8.3,27245,tvSeries,Exact (title + year),0
386,388,Friends from College,2017,18+,6.9/10,66/100,1,0,0,0,1,6.9,tt5565334,6.9,24977,tvSeries,Exact (title + year),0
387,389,Jericho,2006,16+,7.3/10,66/100,1,0,0,0,1,7.3,tt0805663,7.9,61339,tvSeries,Exact (title + year),0.600000000000001
388,390,Tidelands,2018,18+,7.0/10,66/100,1,0,0,0,1,7,tt6898970,6.7,9578,tvSeries,Exact (title + year),-0.3
389,391,Dear White People,2017,18+,6.2/10,66/100,1,1,0,0,1,6.2,tt5707802,6.3,27480,tvSeries,Exact (title + year),0.0999999999999996
390,392,Dare Me,2019,18+,6.7/10,66/100,1,0,0,0,1,6.7,tt2983222,6.7,7146,tvSeries,Exact (title + year),0
391,393,Ouran High School Host Club,2006,16+,8.2/10,66/100,1,1,0,0,1,8.2,tt0816397,8.1,14163,tvSeries,Exact (title + year),-0.0999999999999996
392,394,Scooby-Doo! Mystery Incorporated,2010,7+,8.0/10,66/100,1,0,0,0,1,8,tt1660055,8.2,23094,tvSeries,Exact (title + year),0.199999999999999
393,395,The Untamed,2019,16+,9.0/10,66/100,1,0,0,0,1,9,tt10554898,8.7,16336,tvSeries,Exact (title + year),-0.300000000000001
394,396,Stranger,2017,18+,8.6/10,66/100,1,0,0,0,1,8.6,tt6461346,8.4,12338,tvSeries,Exact (title + year),-0.199999999999999
395,397,El Chapo,2017,18+,7.8/10,66/100,1,0,0,0,1,7.8,tt6692188,7.8,22537,tvSeries,Exact (title + year),0
396,398,Great News,2017,7+,7.0/10,66/100,1,0,0,0,1,7,tt4955480,7,8877,tvSeries,Exact (title + year),0
397,399,The Get Down,2016,16+,8.3/10,66/100,1,0,0,0,1,8.3,tt4592410,8.2,24683,tvMiniSeries,Exact (title + year),-0.100000000000001
398,400,The Naked Director,2019,18+,7.7/10,66/100,1,0,0,0,1,7.7,tt10477528,7.6,7567,tvSeries,Exact (title + year),-0.100000000000001
399,401,Rise of Empires: Ottoman,2020,18+,7.9/10,66/100,1,0,0,0,1,7.9,tt9244578,8,47901,tvSeries,Exact (title + year),0.0999999999999996
400,402,Club de Cuervos,2015,18+,8.2/10,66/100,1,0,0,0,1,8.2,tt4680240,8.2,7131,tvSeries,Exact (title + original-language year),0
401,403,My Mister,2018,"",9.1/10,66/100,1,0,0,0,1,9.1,tt7923710,9,15980,tvSeries,Exact (title + year),-0.0999999999999996
402,404,Toradora!,2008,16+,8.0/10,66/100,1,0,1,0,1,8,tt1279024,7.9,23679,tvSeries,Exact (title + year),-0.0999999999999996
403,405,The Baby-Sitters Club,2020,7+,7.4/10,66/100,1,0,1,0,1,7.4,tt8690518,7.3,6098,tvSeries,Exact (title + year),-0.100000000000001
404,406,Carole & Tuesday,2019,7+,7.9/10,66/100,1,0,0,0,1,7.9,tt8107988,7.7,2982,tvSeries,Exact (title + year),-0.2
405,407,Van Helsing,2016,16+,6.2/10,66/100,1,0,0,0,1,6.2,tt5197820,6.3,26597,tvSeries,Exact (title + year),0.0999999999999996
406,408,Vincenzo,2021,"",8.5/10,66/100,1,0,0,0,1,8.5,tt13433812,8.4,41660,tvSeries,Exact (title + year),-0.0999999999999996
407,409,The Night Shift,2014,16+,7.4/10,66/100,1,0,0,0,1,7.4,tt2477230,7.4,13934,tvSeries,Exact (title + year),0
408,410,"Pablo Escobar, The Drug Lord",2012,18+,8.5/10,66/100,1,0,0,0,1,8.5,,,,,Unmatched,
409,411,No Game No Life,2014,16+,7.8/10,66/100,1,0,0,0,1,7.8,,,,,Unmatched,
410,412,The King: Eternal Monarch,2020,16+,8.3/10,66/100,1,0,0,0,1,8.3,tt11228748,8.1,20065,tvSeries,Exact (title + year),-0.200000000000001
411,413,Eden,2021,7+,6.7/10,65/100,1,0,1,0,1,6.7,,,,,Unmatched,
412,414,Stateless,2020,16+,7.6/10,65/100,1,0,0,0,1,7.6,tt4878488,7.5,12148,tvMiniSeries,Exact (title + year),-0.0999999999999996
413,415,High Score,2020,16+,7.4/10,65/100,1,0,0,0,1,7.4,tt12759400,7.4,9410,tvMiniSeries,Exact (title + year),0
414,416,Hospital Playlist,2020,"",8.7/10,65/100,1,0,0,0,1,8.7,tt11769304,8.7,11085,tvSeries,Exact (title + year),0
415,417,Dash & Lily,2020,7+,8.0/10,65/100,1,0,0,0,1,8,tt1758589,7.4,25910,tvMiniSeries,Exact (title + year),-0.6
416,418,The Confession Tapes,2017,16+,7.5/10,65/100,1,0,0,0,1,7.5,tt7349602,7.5,5996,tvSeries,Exact (title + year),0
417,419,Black Butler,2008,18+,7.8/10,65/100,1,1,0,0,1,7.8,tt1316554,7.6,11340,tvSeries,Exact (title + year),-0.2
418,420,The Rain,2018,18+,6.3/10,65/100,1,0,0,0,1,6.3,tt6656238,6.3,46580,tvSeries,Exact (title + year),0
419,421,Love Is Blind,2020,18+,6.1/10,65/100,1,0,1,0,1,6.1,tt11704040,6.2,13598,tvSeries,Exact (title + year),0.100000000000001
420,422,Trial by Media,2020,16+,7.2/10,65/100,1,0,0,0,1,7.2,tt11963042,7.1,3818,tvSeries,Exact (title + year),-0.100000000000001
421,423,Wormwood,2017,16+,7.0/10,65/100,1,0,0,0,1,7,tt7306056,7,5115,tvMiniSeries,Exact (title + year),0
422,424,Fear City: New York vs The Mafia,2020,18+,7.1/10,65/100,1,0,0,0,1,7.1,tt12588372,7.1,9090,tvMiniSeries,Exact (title + year),0
423,425,Sorjonen,2016,18+,7.6/10,65/100,1,0,0,0,1,7.6,tt4937942,7.6,13322,tvSeries,Exact (title + original-language year),0
424,426,Crashing,2016,"",7.7/10,65/100,1,0,0,0,1,7.7,tt5295524,7.6,29399,tvSeries,Exact (title + year),-0.100000000000001
425,427,Forged in Fire,2015,7+,8.4/10,65/100,1,1,1,0,1,8.4,tt4680444,8.2,5081,tvSeries,Exact (title + year),-0.200000000000001
426,428,Baby,2018,18+,6.8/10,65/100,1,0,0,0,1,6.8,tt7645192,6.9,15832,tvSeries,Exact (title + year),0.100000000000001
427,429,Sweet Home,2020,"",7.4/10,65/100,1,0,0,0,1,7.4,tt11612120,7.2,42983,tvSeries,Exact (title + year),-0.2
428,430,The Disastrous Life of Saiki K.,2016,16+,8.3/10,65/100,1,0,0,0,1,8.3,tt6354518,8.3,16460,tvSeries,Exact (title + year),0
429,431,The Innocence Files,2020,18+,8.0/10,65/100,1,0,0,0,1,8,tt11958922,7.9,3424,tvMiniSeries,Exact (title + year),-0.0999999999999996
430,432,BNA,2020,16+,7.2/10,65/100,1,0,0,0,1,7.2,tt12013558,7.1,4226,tvSeries,Exact (title + year),-0.100000000000001
431,433,The Mist,2017,16+,5.4/10,65/100,1,0,0,0,1,5.4,tt5639976,5.4,30698,tvSeries,Exact (title + year),0
432,434,Halston,2021,18+,7.5/10,65/100,1,0,1,0,1,7.5,tt9569546,7.4,18338,tvMiniSeries,Exact (title + year),-0.0999999999999996
433,435,Shaun the Sheep,2007,all,8.2/10,65/100,1,0,1,0,1,8.2,tt0983983,8.1,20235,tvSeries,Exact (title + year),-0.0999999999999996
434,436,The Universe,2007,16+,8.7/10,65/100,1,0,1,0,1,8.7,tt1051155,8.6,6019,tvSeries,Exact (title + year),-0.0999999999999996
435,437,Self Made: Inspired by the Life of Madam C.J. Walker,2020,18+,7.3/10,65/100,1,0,0,0,1,7.3,tt8771910,7.3,15335,tvMiniSeries,Exact (title + year),0
436,438,Shtisel,2013,16+,8.6/10,65/100,1,0,0,0,1,8.6,tt3069894,8.6,8787,tvSeries,Exact (title + year),0
437,439,The Boss Baby: Back in Business,2018,7+,6.5/10,65/100,1,0,0,0,1,6.5,tt7741824,6.5,5277,tvSeries,Exact (title + year),0
438,440,Puella Magi Madoka Magica,2011,16+,8.3/10,65/100,1,1,0,0,1,8.3,tt1773185,8.2,14499,tvMiniSeries,Exact (title + year),-0.100000000000001
439,441,Masameer County,2021,"",8.3/10,65/100,1,0,0,0,1,8.3,tt14936146,8,2933,tvSeries,Exact (title + year),-0.300000000000001
440,442,Sinatra: All or Nothing at All,2015,7+,8.0/10,65/100,1,0,0,0,1,8,tt3838978,8,2576,tvMiniSeries,Exact (title + year),0
441,443,Comedians in Cars Getting Coffee,2012,16+,8.1/10,65/100,1,0,0,0,1,8.1,tt2314952,8,14287,tvSeries,Exact (title + year),-0.0999999999999996
442,444,Senora Acero,2014,16+,7.1/10,65/100,1,1,0,0,1,7.1,,,,,Unmatched,
443,445,Dark Tourist,2018,18+,7.5/10,65/100,1,0,0,0,1,7.5,tt8725166,7.4,8658,tvSeries,Exact (title + year),-0.0999999999999996
444,446,Criminal: UK,2019,18+,7.6/10,65/100,1,0,0,0,1,7.6,tt9348692,7.7,23529,tvSeries,Exact (title + year),0.100000000000001
445,447,Heist,2021,"",6.8/10,65/100,1,0,0,0,1,6.8,tt14865290,6.8,2237,tvSeries,Exact (title + year),0
446,448,The Bureau of Magical Things,2018,7+,6.7/10,65/100,1,0,0,0,1,6.7,tt7153034,6.9,3700,tvSeries,Exact (title + year),0.2
447,449,Cleverman,2016,16+,6.4/10,65/100,1,0,0,0,1,6.4,tt4649420,6.4,3711,tvSeries,Exact (title + year),0
448,450,The Innocent Man,2018,18+,7.3/10,65/100,1,0,0,0,1,7.3,tt0914376,7.3,7043,tvMiniSeries,Exact (title + year),0
449,451,Norsemen,2016,18+,7.8/10,65/100,1,0,0,0,1,7.8,tt5905354,7.7,24106,tvSeries,Exact (title + original-language year),-0.0999999999999996
450,452,Word of Honor,2021,"",9.1/10,65/100,1,0,0,0,1,9.1,tt12458172,8.3,5180,tvSeries,Exact (title + year),-0.799999999999999
451,453,Pawn Stars,2009,7+,7.2/10,65/100,1,1,1,0,1,7.2,tt1492088,7.2,19246,tvSeries,Exact (title + year),0
452,454,Inside Bill's Brain: Decoding Bill Gates,2019,16+,7.9/10,65/100,1,0,0,0,1,7.9,tt10837476,7.8,12136,tvMiniSeries,Exact (title + year),-0.100000000000001
453,455,Damnation,2017,18+,7.7/10,65/100,1,0,0,0,1,7.7,tt6106704,7.6,9414,tvSeries,Exact (title + year),-0.100000000000001
454,456,From Dusk Till Dawn: The Series,2014,18+,6.9/10,64/100,1,0,0,0,1,6.9,tt3337194,6.8,22622,tvSeries,Exact (title + year),-0.100000000000001
455,457,Lovesick,2014,18+,8.1/10,64/100,1,0,0,0,1,8.1,tt4051832,8,24137,tvSeries,Exact (title + year),-0.0999999999999996
456,458,Flint Town,2018,18+,7.9/10,64/100,1,0,0,0,1,7.9,tt8004578,7.8,4294,tvSeries,Exact (title + year),-0.100000000000001
457,459,Watership Down,2018,7+,7.2/10,64/100,1,0,0,0,1,7.2,tt5670764,7.3,7678,tvMiniSeries,Exact (title + year),0.0999999999999996
458,460,Undercover,2019,18+,7.8/10,64/100,1,0,1,0,1,7.8,tt7263154,7.8,22688,tvSeries,Exact (title + year),0
459,461,Rita,2012,16+,8.1/10,64/100,1,0,0,0,1,8.1,tt1973692,8.1,11001,tvSeries,Exact (title + year),0
460,462,Dorohedoro,2020,18+,8.2/10,64/100,1,0,0,0,1,8.2,tt11147852,8.1,16548,tvSeries,Exact (title + year),-0.0999999999999996
461,463,Maid Sama!,2010,16+,8.0/10,64/100,1,1,0,0,1,8,tt1634208,7.9,11124,tvSeries,Exact (title + year),-0.0999999999999996
462,464,Mystery Science Theater 3000: The Return,2017,16+,8.0/10,64/100,1,0,0,0,1,8,,,,,Unmatched,
463,465,Is It Wrong to Try to Pick Up Girls in a Dungeon?,2015,16+,7.4/10,64/100,1,1,0,0,1,7.4,tt4728568,7.4,13915,tvSeries,Exact (title + year),0
464,466,Surviving R. Kelly,2019,18+,7.5/10,64/100,1,0,0,0,1,7.5,tt8385496,7.4,6118,tvSeries,Exact (title + year),-0.0999999999999996
465,467,Saint Seiya,1986,7+,8.5/10,64/100,1,0,1,0,1,8.5,tt0161952,8.4,12737,tvSeries,Exact (title + year),-0.0999999999999996
466,468,Flaked,2016,18+,7.2/10,64/100,1,0,0,0,1,7.2,tt4973548,7.2,13181,tvSeries,Exact (title + year),0
467,469,Fate/Zero,2011,18+,8.3/10,64/100,1,0,0,0,1,8.3,tt2051178,8.2,17618,tvSeries,Exact (title + year),-0.100000000000001
468,470,Crazyhead,2016,16+,7.3/10,64/100,1,0,0,0,1,7.3,tt6038584,7.2,5761,tvMiniSeries,Exact (title + year),-0.0999999999999996
469,471,The Five,2016,7+,7.6/10,64/100,1,0,0,0,1,7.6,tt4370528,7.5,13167,tvMiniSeries,Exact (title + year),-0.0999999999999996
470,472,Signal,2016,"",8.6/10,64/100,1,0,0,0,1,8.6,tt5332206,8.4,12418,tvSeries,Exact (title + year),-0.199999999999999
471,473,H2O: Just Add Water,2006,all,7.2/10,64/100,1,1,0,0,1,7.2,tt0491603,7.3,21992,tvSeries,Exact (title + year),0.0999999999999996
472,474,Requiem,2018,18+,6.5/10,64/100,1,0,0,0,1,6.5,tt6712390,6.4,7883,tvMiniSeries,Exact (title + year),-0.0999999999999996
473,475,The Valhalla Murders,2019,18+,7.1/10,64/100,1,0,0,0,1,7.1,tt9100822,7.1,18104,tvSeries,Exact (title + year),0
474,476,Cardcaptor Sakura,1998,7+,8.0/10,64/100,1,0,0,0,1,8,tt0221735,8,6538,tvSeries,Exact (title + year),0
475,477,Black Earth Rising,2018,16+,7.5/10,64/100,1,0,0,0,1,7.5,tt7660730,7.5,6151,tvSeries,Exact (title + year),0
476,478,W/ Bob & David,2015,18+,7.4/10,64/100,1,0,0,0,1,7.4,,,,,Unmatched,
477,479,The Trials of Gabriel Fernandez,2020,18+,8.1/10,64/100,1,0,0,0,1,8.1,tt11822998,8.1,15867,tvMiniSeries,Exact (title + year),0
478,480,She's Gotta Have It,2017,18+,6.8/10,64/100,1,0,0,0,1,6.8,tt3713588,7,5348,tvSeries,Exact (title + year),0.2
479,481,Save Me,2018,16+,7.7/10,64/100,1,0,0,0,1,7.7,tt6538034,7.6,6975,tvSeries,Exact (title + year),-0.100000000000001
480,482,Giri/Haji,2019,"",7.9/10,64/100,1,0,0,0,1,7.9,tt8001106,7.8,19458,tvMiniSeries,Exact (title + year),-0.100000000000001
481,484,The Curse of Oak Island,2014,7+,7.0/10,64/100,1,1,0,0,1,7,tt3455408,6.8,7526,tvSeries,Exact (title + year),-0.2
482,485,Black,2017,16+,8.0/10,63/100,1,0,0,0,1,8,tt7298976,7.8,5029,tvSeries,Exact (title + year),-0.2
483,486,Losers,2019,"",7.7/10,63/100,1,0,0,0,1,7.7,tt9817218,7.6,2087,tvSeries,Exact (title + year),-0.100000000000001
484,487,Ajin,2016,18+,7.6/10,63/100,1,0,0,0,1,7.6,tt5537534,7.5,8042,tvSeries,Exact (title + year),-0.0999999999999996
485,488,Ink Master,2012,16+,7.4/10,63/100,1,0,0,0,1,7.4,tt1865740,7.4,5391,tvSeries,Exact (title + year),0
486,489,The Innocents,2018,"",6.3/10,63/100,1,0,0,0,1,6.3,tt8021824,6.3,6595,tvSeries,Exact (title + year),0
487,490,Goosebumps,1995,all,7.7/10,63/100,1,0,0,0,1,7.7,tt0111987,7.6,17032,tvSeries,Exact (title + year),-0.100000000000001
488,491,Vampire Knight,2008,16+,7.4/10,63/100,1,1,0,0,1,7.4,tt1209393,7.1,6554,tvSeries,Exact (title + year),-0.300000000000001
489,492,Angel Beats!,2010,16+,7.7/10,63/100,1,0,0,0,1,7.7,tt1639109,7.6,18294,tvSeries,Exact (title + year),-0.100000000000001
490,493,Green Eggs and Ham,2019,7+,8.2/10,63/100,1,0,0,0,1,8.2,tt4651448,8.1,3678,tvSeries,Exact (title + year),-0.0999999999999996
491,494,The Hollow,2018,7+,7.2/10,63/100,1,0,0,0,1,7.2,tt6193336,7.2,5934,tvSeries,Exact (title + year),0
492,495,Dogs,2018,all,8.1/10,63/100,1,0,0,0,1,8.1,tt9199798,8,1437,tvSeries,Exact (title + year),-0.0999999999999996
493,496,November 13: Attack on Paris,2018,18+,8.3/10,63/100,1,0,0,0,1,8.3,tt8194716,8.2,4172,tvMiniSeries,Exact (title + year),-0.100000000000001
494,497,It's Bruno!,2019,7+,7.5/10,63/100,1,0,0,0,1,7.5,tt10186846,7.4,3588,tvSeries,Exact (title + year),-0.0999999999999996
495,498,Wanted,2016,16+,7.7/10,63/100,1,0,0,0,1,7.7,tt5193358,7.6,7103,tvSeries,Exact (title + original-language year),-0.100000000000001
496,499,Masum,2017,16+,8.4/10,63/100,1,0,0,0,1,8.4,tt6478318,8.3,21801,tvMiniSeries,Exact (title + original-language year),-0.0999999999999996
497,500,Cable Girls,2017,18+,7.6/10,63/100,1,0,0,0,1,7.6,tt5674718,7.5,17906,tvSeries,Exact (title + year),-0.0999999999999996
498,501,Lady Dynamite,2016,16+,7.4/10,63/100,1,0,0,0,1,7.4,tt4789300,7.4,4257,tvSeries,Exact (title + year),0
499,502,Power Rangers,1993,7+,6.5/10,63/100,1,0,1,0,1,6.5,,,,,Unmatched,
500,503,The Mire,2018,18+,6.9/10,63/100,1,0,0,0,1,6.9,tt8855592,7.1,6728,tvSeries,Exact (title + year),0.199999999999999
501,504,Tabula Rasa,2017,18+,8.0/10,63/100,1,0,0,0,1,8,tt5197860,7.9,11991,tvMiniSeries,Exact (title + year),-0.0999999999999996
502,505,Ethos,2020,"",8.6/10,63/100,1,0,0,0,1,8.6,tt11301642,8.4,32266,tvSeries,Exact (title + year),-0.199999999999999
503,506,Clannad,2007,7+,7.9/10,63/100,1,1,0,0,1,7.9,tt1118804,8.2,17520,tvSeries,Exact (title + year),0.299999999999999
504,507,Ugly Delicious,2018,18+,7.8/10,63/100,1,0,0,0,1,7.8,tt7907916,7.7,3922,tvSeries,Exact (title + year),-0.0999999999999996
505,508,Generation 56k,2021,"",7.4/10,63/100,1,0,0,0,1,7.4,tt13524842,7.3,3219,tvSeries,Exact (title + year),-0.100000000000001
506,509,Fate/stay night [Unlimited Blade Works],2014,18+,8.0/10,63/100,1,1,0,0,1,8,tt3621796,8,11126,tvSeries,Exact (title + year),0
507,510,Man with a Plan,2016,7+,7.0/10,63/100,1,0,0,0,1,7,tt5536400,7,12525,tvSeries,Exact (title + year),0
508,511,Rilakkuma and Kaoru,2019,7+,8.3/10,63/100,1,0,0,0,1,8.3,tt9348716,8.2,2077,tvSeries,Exact (title + year),-0.100000000000001
509,512,World War II In HD Colour,2009,7+,8.7/10,63/100,1,0,0,0,1,8.7,,,,,Unmatched,
510,513,Boys Over Flowers,2009,16+,7.9/10,63/100,1,1,0,0,1,7.9,tt1370334,7.7,17315,tvSeries,Exact (title + year),-0.2
511,514,Meteor Garden,2018,16+,8.1/10,63/100,1,0,0,0,1,8.1,tt8690890,7.8,6371,tvSeries,Exact (title + year),-0.3
512,515,"What's New, Scooby-Doo?",2002,7+,7.3/10,63/100,1,0,0,0,1,7.3,tt0306274,7.4,13373,tvSeries,Exact (title + year),0.100000000000001
513,516,The Letdown,2017,"",7.5/10,63/100,1,0,0,0,1,7.5,tt7320300,7.4,4438,tvSeries,Exact (title + year),-0.0999999999999996
514,517,Sick Note,2017,18+,6.8/10,63/100,1,0,0,0,1,6.8,tt5770788,6.7,9592,tvSeries,Exact (title + year),-0.0999999999999996
515,518,Big Time Rush,2009,all,6.4/10,63/100,1,1,1,0,1,6.4,tt1131746,6.6,16605,tvSeries,Exact (title + year),0.199999999999999
516,519,Girlboss,2017,18+,7.0/10,63/100,1,0,0,0,1,7,tt5706996,6.9,20854,tvSeries,Exact (title + year),-0.0999999999999996
517,520,Quicksand,2019,18+,7.5/10,63/100,1,0,0,0,1,7.5,tt7340738,7.4,29094,tvMiniSeries,Exact (title + year),-0.0999999999999996
518,521,Rotten,2018,18+,7.2/10,63/100,1,0,0,0,1,7.2,tt7763662,7.2,4257,tvSeries,Exact (title + year),0
519,522,The Irregulars,2021,18+,5.9/10,63/100,1,0,0,0,1,5.9,tt10893694,6.1,18863,tvSeries,Exact (title + year),0.199999999999999
520,523,The Mantis,2017,"",7.4/10,63/100,1,0,0,0,1,7.4,,,,,Unmatched,
521,524,College Romance,2018,18+,8.8/10,63/100,1,0,0,0,1,8.8,tt8809646,8.2,29903,tvSeries,Exact (title + year),-0.600000000000001
522,525,Elite Short Stories: Carla Samuel,2021,18+,7.0/10,63/100,1,0,0,0,1,7,tt14675560,6.8,3345,tvMiniSeries,Exact (title + year),-0.2
523,526,Bard of Blood,2019,18+,6.9/10,63/100,1,0,0,0,1,6.9,tt8069036,6.7,13003,tvSeries,Exact (title + year),-0.2
524,527,Charmed,2018,16+,4.6/10,62/100,1,0,0,0,1,4.6,tt6394324,4.8,19068,tvSeries,Exact (title + year),0.2
525,528,The New Legends of Monkey,2018,7+,6.5/10,62/100,1,0,0,0,1,6.5,tt6807662,6.5,5420,tvSeries,Exact (title + year),0
526,529,Nevertheless,2021,"",7.6/10,62/100,1,0,0,0,1,7.6,tt14518284,7,13843,tvSeries,Exact (title + year),-0.6
527,530,"The Mind, Explained",2019,16+,8.0/10,62/100,1,0,0,0,1,8,tt10810430,7.9,6478,tvSeries,Exact (title + year),-0.0999999999999996
528,531,Fast & Furious Spy Racers,2019,7+,5.5/10,62/100,1,0,0,0,1,5.5,tt8322592,5.9,2078,tvSeries,Exact (title + year),0.4
529,532,Itaewon Class,2020,"",8.2/10,62/100,1,0,0,0,1,8.2,tt11239552,8.1,25720,tvSeries,Exact (title + year),-0.0999999999999996
530,533,Occupied,2015,16+,7.7/10,62/100,1,0,0,0,1,7.7,tt6152568,4.6,54,short,Exact (title + original-language year) [non-TV type],-3.1
531,534,The Magic School Bus,1994,all,7.8/10,62/100,1,0,0,0,1,7.8,tt0108847,7.8,12820,tvSeries,Exact (title + year),0
532,535,Toast of London,2013,16+,8.2/10,62/100,1,0,0,0,1,8.2,tt2432604,8.2,12038,tvSeries,"Fuzzy (title exact, year +-1)",0
533,536,Patriot Act with Hasan Minhaj,2018,18+,8.3/10,62/100,1,0,0,0,1,8.3,tt8080054,8.3,8203,tvSeries,Exact (title + year),0
534,537,Greatest Events of World War II in Colour,2019,16+,8.7/10,62/100,1,0,0,0,1,8.7,,,,,Unmatched,
535,538,Offspring,2010,16+,8.3/10,62/100,1,0,0,0,1,8.3,tt1530541,8.3,6118,tvSeries,Exact (title + year),0
536,539,Blown Away,2019,7+,7.1/10,62/100,1,0,0,0,1,7.1,tt9908860,7.2,4352,tvSeries,Exact (title + year),0.100000000000001
537,540,60 Days In,2016,16+,7.7/10,62/100,1,1,1,0,1,7.7,tt5564124,7.6,3666,tvSeries,Exact (title + year),-0.100000000000001
538,541,Trese,2021,18+,7.1/10,62/100,1,0,0,0,1,7.1,tt9310336,7,5625,tvMiniSeries,Exact (title + year),-0.0999999999999996
539,542,Move to Heaven,2021,"",8.7/10,62/100,1,0,0,0,1,8.7,tt11052470,8.5,13237,tvMiniSeries,Exact (title + year),-0.199999999999999
540,543,Hot Girls Wanted: Turned On,2017,18+,6.6/10,62/100,1,0,0,0,1,6.6,tt6333104,6.6,2527,tvMiniSeries,Exact (title + year),0
541,544,The Heirs,2013,16+,7.5/10,62/100,1,0,0,0,1,7.5,,,,,Unmatched,
542,545,The Curious Creations of Christine McConnell,2018,7+,7.8/10,62/100,1,0,0,0,1,7.8,tt8773080,7.7,2749,tvSeries,Exact (title + year),-0.0999999999999996
543,546,Alexa & Katie,2018,all,7.5/10,62/100,1,0,0,0,1,7.5,tt6916746,7.5,8258,tvSeries,Exact (title + year),0
544,547,Sailor Moon Crystal,2014,16+,8.0/10,62/100,1,1,0,0,1,8,tt3124992,7.8,2939,tvSeries,Exact (title + year),-0.2
545,548,Blood of Zeus,2020,"",7.5/10,62/100,1,0,0,0,1,7.5,tt10009170,7.5,28962,tvSeries,Exact (title + year),0
546,549,La Reina del Sur,2011,18+,8.0/10,62/100,1,0,0,0,1,8,tt1704637,7.8,3925,tvSeries,Exact (title + year),-0.2
547,550,Barbarians,2020,"",7.2/10,62/100,1,0,0,0,1,7.2,tt9184986,7.2,33662,tvSeries,Exact (title + year),0
548,551,Pine Gap,2018,16+,7.2/10,62/100,1,0,0,0,1,7.2,tt7371868,7.2,8117,tvMiniSeries,Exact (title + year),0
549,552,To the Lake,2019,"",7.3/10,62/100,1,0,0,0,1,7.3,tt9151230,7.2,16791,tvSeries,Exact (title + year),-0.0999999999999996
550,553,Suburra: Blood on Rome,2017,18+,7.9/10,62/100,1,0,0,0,1,7.9,tt7197684,7.9,18171,tvSeries,Exact (title + year),0
551,554,Taco Chronicles,2019,18+,7.9/10,62/100,1,0,0,0,1,7.9,tt10242848,7.8,1050,tvSeries,Exact (title + year),-0.100000000000001
552,555,She,2020,18+,6.5/10,62/100,1,0,0,0,1,6.5,tt11905720,6.4,7109,tvSeries,Exact (title + year),-0.0999999999999996
553,556,Between,2015,16+,6.0/10,62/100,1,0,0,0,1,6,tt4132692,6,11106,tvSeries,Exact (title + year),0
554,557,Velvet,2014,16+,8.1/10,62/100,1,0,0,0,1,8.1,tt2955402,8,7677,tvSeries,"Fuzzy (title exact, year +-1)",-0.0999999999999996
555,558,Bobby Kennedy for President,2018,16+,8.2/10,62/100,1,0,0,0,1,8.2,tt8200004,8.1,2269,tvMiniSeries,Exact (title + year),-0.0999999999999996
556,559,Durarara!!,2010,16+,7.9/10,62/100,1,1,0,0,1,7.9,tt1584000,7.8,8817,tvSeries,Exact (title + year),-0.100000000000001
557,560,Yu-Gi-Oh!,1998,"",7.9/10,62/100,1,1,1,0,1,7.9,tt4834194,7.7,2482,tvSeries,Exact (title + year),-0.2
558,561,Hostages,2013,16+,6.7/10,62/100,1,0,0,0,1,6.7,tt2647258,6.7,10468,tvSeries,Exact (title + year),0
559,562,Rhythm + Flow,2019,18+,7.7/10,62/100,1,0,0,0,1,7.7,tt9278032,7.5,2154,tvSeries,Exact (title + year),-0.2
560,563,Blue Exorcist,2011,16+,7.4/10,62/100,1,1,0,0,1,7.4,tt1799631,7.4,17281,tvSeries,Exact (title + year),0
561,564,L.A.'s Finest,2019,16+,6.0/10,62/100,1,0,0,0,1,6,tt7555294,6.2,8964,tvSeries,Exact (title + year),0.2
562,565,Vagabond,2019,"",8.3/10,62/100,1,0,0,0,1,8.3,tt8523042,8.1,15139,tvSeries,Exact (title + year),-0.200000000000001
563,566,Thomas & Friends,1984,all,6.6/10,62/100,1,0,1,0,1,6.6,tt0086815,6.5,8275,tvSeries,"Fuzzy (title exact, year +-1)",-0.0999999999999996
564,567,The Protector,2018,18+,6.7/10,61/100,1,0,0,0,1,6.7,tt7668518,6.4,37934,tvSeries,Exact (title + year),-0.3
565,568,Unsolved Mysteries,1987,7+,8.2/10,61/100,1,1,1,0,1,8.2,tt0094574,8.3,7439,tvSeries,Exact (title + year),0.100000000000001
566,569,Too Hot to Handle,2020,18+,4.6/10,61/100,1,0,0,0,1,4.6,tt12004280,4.8,16315,tvSeries,Exact (title + year),0.2
567,570,AJ and the Queen,2020,"",7.5/10,61/100,1,0,0,0,1,7.5,tt8404094,7.5,10102,tvSeries,Exact (title + year),0
568,571,Are You The One?,2014,16+,6.5/10,61/100,1,1,0,0,1,6.5,tt3484274,6.6,3314,tvSeries,Exact (title + year),0.0999999999999996
569,572,Little Things,2016,18+,8.3/10,61/100,1,0,0,0,1,8.3,tt6522580,8.2,8712,tvSeries,Exact (title + year),-0.100000000000001
570,573,Still Game,2002,16+,8.8/10,61/100,1,0,0,0,1,8.8,tt0281491,8.9,11458,tvSeries,Exact (title + year),0.0999999999999996
571,574,Transformers: Prime,2010,7+,7.9/10,61/100,1,0,0,0,1,7.9,,,,,Unmatched,
572,575,Henry Danger,2014,all,5.7/10,61/100,1,0,0,0,1,5.7,tt3596174,6.4,11238,tvSeries,Exact (title + year),0.7
573,576,Tidying Up with Marie Kondo,2019,7+,6.6/10,61/100,1,0,0,0,1,6.6,tt8115560,6.6,4130,tvSeries,Exact (title + year),0
574,577,Nightflyers,2018,18+,5.9/10,61/100,1,0,0,0,1,5.9,tt6903284,5.9,14786,tvSeries,Exact (title + year),0
575,578,Love 101,2020,18+,7.5/10,61/100,1,0,0,0,1,7.5,tt10516352,7.4,20144,tvSeries,Exact (title + year),-0.0999999999999996
576,579,Car Masters: Rust to Riches,2018,7+,8.8/10,61/100,1,0,0,0,1,8.8,tt8893550,8.2,12115,tvSeries,Exact (title + year),-0.600000000000001
577,580,WHAT / IF,2019,18+,6.3/10,61/100,1,0,0,0,1,6.3,,,,,Unmatched,
578,581,Total Drama Island,2007,7+,7.2/10,61/100,1,0,0,0,1,7.2,tt1173427,7.3,17606,tvSeries,Exact (title + original-language year),0.0999999999999996
579,582,Roman Empire,2016,16+,7.0/10,61/100,1,0,0,0,1,7,tt6233538,7.1,10431,tvSeries,Exact (title + year),0.0999999999999996
580,583,Beyond Evil,2021,"",8.1/10,61/100,1,0,0,0,1,8.1,tt13634872,8.1,7946,tvSeries,Exact (title + year),0
581,584,Deadwind,2018,18+,7.2/10,61/100,1,0,0,0,1,7.2,tt6616260,7.3,15431,tvSeries,Exact (title + year),0.0999999999999996
582,585,People Just Do Nothing,2014,18+,8.5/10,61/100,1,0,0,0,1,8.5,tt3762198,8.5,9162,tvSeries,Exact (title + year),0
583,586,B: The Beginning,2018,18+,7.2/10,61/100,1,0,0,0,1,7.2,tt7944664,7,6227,tvSeries,Exact (title + year),-0.2
584,587,Somebody Feed Phil,2018,16+,8.2/10,61/100,1,0,0,0,1,8.2,tt7752034,8.3,7914,tvSeries,Exact (title + year),0.100000000000001
585,588,Girl from Nowhere,2018,18+,7.7/10,61/100,1,0,0,0,1,7.7,tt8824648,7.6,9739,tvSeries,Exact (title + year),-0.100000000000001
586,589,Cocaine Coast,2018,18+,7.9/10,61/100,1,0,0,0,1,7.9,tt6970710,7.9,5118,tvMiniSeries,Exact (title + year),0
587,590,The Liberator,2020,7+,7.6/10,61/100,1,0,0,0,1,7.6,tt9308682,7.6,7595,tvMiniSeries,Exact (title + year),0
588,591,The Irregular at Magic High School,2014,16+,7.2/10,61/100,1,0,0,0,1,7.2,tt3874528,7,4963,tvSeries,Exact (title + year),-0.2
589,592,Norm Macdonald Has a Show,2018,"",8.7/10,61/100,1,0,0,0,1,8.7,tt8139862,8.5,4011,tvSeries,Exact (title + year),-0.199999999999999
590,593,Hap and Leonard,2016,18+,7.7/10,61/100,1,0,0,0,1,7.7,tt3729898,7.6,8814,tvSeries,Exact (title + year),-0.100000000000001
591,594,Dark Desire,2020,18+,6.5/10,61/100,1,0,0,0,1,6.5,tt12540080,6.5,10772,tvSeries,Exact (title + year),0
592,595,Seis Manos,2019,18+,7.2/10,61/100,1,0,0,0,1,7.2,tt10106108,7.1,2233,tvSeries,Exact (title + year),-0.100000000000001
593,596,Control Z,2020,18+,6.9/10,61/100,1,0,0,0,1,6.9,tt11937662,6.8,12656,tvSeries,Exact (title + year),-0.100000000000001
594,597,Kengan Ashura,2019,"",8.0/10,61/100,1,0,0,0,1,8,tt9058134,7.9,9284,tvSeries,Exact (title + year),-0.0999999999999996
595,598,Black Money Love,2014,"",7.3/10,61/100,1,0,0,0,1,7.3,tt3565486,7.6,8774,tvSeries,Exact (title + year),0.3
596,599,Dave Chappelle,2017,"",8.7/10,61/100,1,0,0,0,1,8.7,tt6963504,8.6,3215,tvSeries,Exact (title + year),-0.0999999999999996
597,600,The House of Flowers,2018,18+,7.6/10,61/100,1,0,0,0,1,7.6,tt8387348,7.5,9252,tvSeries,Exact (title + year),-0.0999999999999996
598,601,Fatma,2021,"",7.5/10,61/100,1,0,0,0,1,7.5,tt11961378,7.4,10554,tvSeries,Exact (title + year),-0.0999999999999996
599,602,America's Next Top Model,2003,7+,5.5/10,61/100,1,1,1,0,1,5.5,tt0363307,5.6,19310,tvSeries,Exact (title + year),0.0999999999999996
600,603,Tribes of Europa,2021,18+,6.8/10,61/100,1,0,0,0,1,6.8,tt9184982,6.7,15193,tvSeries,Exact (title + year),-0.0999999999999996
601,604,Grand Army,2020,"",7.6/10,61/100,1,0,0,0,1,7.6,tt10473150,7.4,10338,tvSeries,Exact (title + year),-0.199999999999999
602,605,Somos.,2021,18+,7.2/10,61/100,1,0,0,0,1,7.2,tt14719590,7.1,1496,tvMiniSeries,Exact (title + year),-0.100000000000001
603,606,The Great Heist,2020,18+,7.3/10,61/100,1,0,0,0,1,7.3,tt12624844,7.3,3249,tvSeries,Exact (title + year),0
604,607,The One,2021,18+,6.6/10,61/100,1,0,0,0,1,6.6,tt13879466,6.6,14908,tvSeries,Exact (title + year),0
605,608,Carmen Sandiego,2019,7+,7.9/10,61/100,1,0,0,0,1,7.9,tt7042146,7.9,8615,tvSeries,Exact (title + year),0
606,609,The Chef Show,2019,18+,8.2/10,61/100,1,0,0,0,1,8.2,tt10359446,8.2,5930,tvSeries,Exact (title + year),0
607,610,Traitors,2019,18+,6.6/10,61/100,1,0,0,0,1,6.6,tt7371896,6.6,4349,tvSeries,Exact (title + year),0
608,611,Wet Hot American Summer: Ten Years Later,2017,16+,6.9/10,61/100,1,0,0,0,1,6.9,tt5669272,6.8,10538,tvMiniSeries,Exact (title + year),-0.100000000000001
609,612,The Neighbor,2019,18+,6.6/10,60/100,1,0,0,0,1,6.6,tt9731222,6.5,2628,tvSeries,Exact (title + year),-0.0999999999999996
610,613,Salt Fat Acid Heat,2018,"",7.7/10,60/100,1,0,0,0,1,7.7,tt8772088,7.6,3135,tvMiniSeries,Exact (title + year),-0.100000000000001
611,614,Billy on the Street,2011,16+,7.8/10,60/100,1,1,0,0,1,7.8,tt2191991,7.9,2719,tvSeries,Exact (title + year),0.100000000000001
612,615,October Faction,2020,18+,6.2/10,60/100,1,0,0,0,1,6.2,tt8826128,6.2,13488,tvSeries,Exact (title + year),0
613,616,Start-Up,2020,16+,8.1/10,60/100,1,0,0,0,1,8.1,tt12867810,7.9,19597,tvSeries,Exact (title + year),-0.199999999999999
614,617,Night on Earth,2020,7+,8.2/10,60/100,1,0,0,0,1,8.2,tt11497922,8.1,5313,tvMiniSeries,Exact (title + year),-0.0999999999999996
615,618,DOTA: Dragon's Blood,2021,18+,8.0/10,60/100,1,0,0,0,1,8,tt14069590,7.7,23910,tvSeries,Exact (title + year),-0.3
616,619,The Break,2016,18+,7.6/10,60/100,1,0,0,0,1,7.6,tt5191128,6.8,228,tvSeries,Exact (title + original-language year),-0.8
617,620,The Letter for the King,2020,7+,5.9/10,60/100,1,0,0,0,1,5.9,tt8741648,6,9042,tvSeries,Exact (title + year),0.0999999999999996
618,621,Osmosis,2019,16+,5.9/10,60/100,1,0,0,0,1,5.9,tt7043380,5.8,3677,tvSeries,Exact (title + year),-0.100000000000001
619,622,Another Life,2019,18+,5.0/10,60/100,1,0,0,0,1,5,tt8369840,5.3,40657,tvSeries,Exact (title + year),0.3
620,623,Ju-On: Origins,2020,18+,6.1/10,60/100,1,0,0,0,1,6.1,tt12313914,6.1,5978,tvMiniSeries,Exact (title + year),0
621,624,Diagnosis,2019,18+,7.7/10,60/100,1,0,0,0,1,7.7,tt8201618,7.7,1468,tvMiniSeries,Exact (title + year),0
622,625,Zone Blanche,2017,"",7.5/10,60/100,1,0,0,0,1,7.5,tt6519410,7.3,14936,tvSeries,Exact (title + original-language year),-0.2
623,626,The Eddy,2020,18+,7.2/10,60/100,1,0,0,0,1,7.2,tt7322210,7.1,3476,tvMiniSeries,Exact (title + year),-0.100000000000001
624,627,Magi,2012,16+,7.8/10,60/100,1,1,0,0,1,7.8,,,,,Unmatched,
625,628,Elite Short Stories: Guzmán Caye Rebe,2021,18+,7.5/10,60/100,1,0,0,0,1,7.5,tt14668192,7.4,2721,tvMiniSeries,Exact (title + year),-0.0999999999999996
626,629,Memories of the Alhambra,2018,16+,7.8/10,60/100,1,0,0,0,1,7.8,tt8236556,7.7,8375,tvSeries,Exact (title + year),-0.0999999999999996
627,630,Pacific Rim: The Black,2021,16+,7.1/10,60/100,1,0,0,0,1,7.1,tt9288848,7.1,6968,tvSeries,Exact (title + year),0
628,631,V Wars,2019,18+,6.1/10,60/100,1,0,0,0,1,6.1,,,,,Unmatched,
629,632,The Windsors,2016,18+,7.1/10,60/100,1,0,0,0,1,7.1,tt5692740,7.2,3764,tvSeries,Exact (title + year),0.100000000000001
630,633,The Sons of Sam: A Descent Into Darkness,2021,18+,7.0/10,60/100,1,0,0,0,1,7,tt13156316,7,11517,tvMiniSeries,Exact (title + year),0
631,634,Sunderland 'Til I Die,2018,18+,8.1/10,60/100,1,0,0,0,1,8.1,tt8914684,8.1,10394,tvSeries,Exact (title + year),0
632,635,Rebellion,2016,16+,7.2/10,60/100,1,0,0,0,1,7.2,tt4699982,7.2,5008,tvSeries,Exact (title + year),0
633,636,The Pharmacist,2020,"",7.7/10,60/100,1,0,0,0,1,7.7,tt11600174,7.7,9515,tvMiniSeries,Exact (title + year),0
634,637,The A List,2018,7+,5.5/10,60/100,1,0,0,0,1,5.5,tt9185110,5.5,4235,tvSeries,Exact (title + year),0
635,638,Tales of the City,2019,16+,7.4/10,60/100,1,0,0,0,1,7.4,tt7087260,7.4,9779,tvMiniSeries,Exact (title + year),0
636,639,Disjointed,2017,18+,6.8/10,60/100,1,0,0,0,1,6.8,tt5884792,6.8,12413,tvSeries,Exact (title + year),0
637,640,Medical Police,2020,"",6.0/10,60/100,1,0,0,0,1,6,tt9850952,6.1,5022,tvSeries,Exact (title + year),0.0999999999999996
638,641,Gentefied,2020,16+,7.4/10,60/100,1,0,0,0,1,7.4,tt10037034,7.4,3263,tvSeries,Exact (title + year),0
639,642,Wanderlust,2018,16+,7.1/10,60/100,1,0,0,0,1,7.1,tt7608238,7,6495,tvSeries,Exact (title + year),-0.0999999999999996
640,643,Murder Among the Mormons,2021,16+,7.0/10,60/100,1,0,0,0,1,7,tt13987620,7,7924,tvMiniSeries,Exact (title + year),0
641,644,Home for Christmas,2019,18+,7.7/10,60/100,1,0,0,0,1,7.7,tt10069398,7.7,20558,tvSeries,Exact (title + year),0
642,645,Paradise PD,2018,18+,6.9/10,60/100,1,0,0,0,1,6.9,tt8235236,6.8,24210,tvSeries,Exact (title + year),-0.100000000000001
643,646,The Bachelorette,2003,16+,3.4/10,60/100,1,1,0,0,1,3.4,tt0348894,3.5,6281,tvSeries,Exact (title + year),0.1
644,647,Cold Case Files,1999,18+,8.1/10,60/100,1,1,1,0,1,8.1,tt0426666,8,2096,tvSeries,Exact (title + year),-0.0999999999999996
645,648,Little Witch Academia,2017,7+,7.9/10,60/100,1,0,0,0,1,7.9,tt6352180,7.8,5052,tvSeries,Exact (title + year),-0.100000000000001
646,649,El marginal,2016,18+,8.2/10,60/100,1,0,0,0,1,8.2,tt5820976,8.1,5634,tvSeries,Exact (title + year),-0.0999999999999996
647,650,Teasing Master Takagi-san,2018,7+,7.7/10,60/100,1,0,0,0,1,7.7,,,,,Unmatched,
648,651,Kakegurui,2017,16+,7.2/10,60/100,1,0,0,0,1,7.2,tt7131720,7.1,17740,tvSeries,Exact (title + year),-0.100000000000001
649,652,Attenborough's Life in Colour,2021,7+,8.3/10,60/100,1,0,0,0,1,8.3,,,,,Unmatched,
650,653,Mortel,2019,18+,6.6/10,60/100,1,0,0,0,1,6.6,tt8403570,6.5,1983,tvSeries,Exact (title + year),-0.0999999999999996
651,654,Kath & Kim,2002,7+,8.3/10,60/100,1,0,0,0,1,8.3,tt0272397,8.4,5978,tvSeries,Exact (title + year),0.0999999999999996
652,655,Charité,2017,7+,7.9/10,59/100,1,0,0,0,1,7.9,tt5337806,7.8,4073,tvSeries,Exact (title + year),-0.100000000000001
653,656,Hoarders,2009,7+,6.4/10,59/100,1,1,0,0,1,6.4,tt1497563,6.5,4022,tvSeries,Exact (title + year),0.0999999999999996
654,657,Unsolved: The Murders of Tupac and The Notorious B.I.G.,2018,18+,7.9/10,59/100,1,0,0,0,1,7.9,tt6233618,7.8,9726,tvMiniSeries,Exact (title + year),-0.100000000000001
655,658,My Next Guest Needs No Introduction With David Letterman,2018,18+,7.9/10,59/100,1,0,0,0,1,7.9,tt7829834,7.8,6658,tvSeries,Exact (title + year),-0.100000000000001
656,659,The Repair Shop,2017,"",8.7/10,59/100,1,0,0,0,1,8.7,tt6685272,8.7,2433,tvSeries,Exact (title + year),0
657,660,Record of Ragnarok,2021,18+,6.2/10,59/100,1,0,0,0,1,6.2,tt13676344,6.6,13211,tvSeries,Exact (title + year),0.399999999999999
658,661,White Lines,2020,18+,6.6/10,59/100,1,0,0,0,1,6.6,tt9073958,6.6,19817,tvSeries,Exact (title + year),0
659,662,A Korean Odyssey,2017,"",8.1/10,59/100,1,0,0,0,1,8.1,tt7099334,7.9,7260,tvSeries,Exact (title + year),-0.199999999999999
660,663,Snabba Cash,2021,"",7.6/10,59/100,1,0,0,0,1,7.6,tt10540276,7.6,14287,tvSeries,Exact (title + year),0
661,664,Luis Miguel: The Series,2018,16+,8.0/10,59/100,1,0,0,0,1,8,tt8045690,8,5571,tvMiniSeries,Exact (title + year),0
662,665,Black Space,2020,"",6.8/10,59/100,1,0,0,0,1,6.8,tt13660638,6.7,2794,tvSeries,Exact (title + year),-0.0999999999999996
663,666,"Love, Chunibyo & Other Delusions",2012,16+,7.4/10,59/100,1,0,0,0,1,7.4,tt2321542,7.4,6593,tvSeries,Exact (title + year),0
664,667,Kabaneri of the Iron Fortress,2016,18+,7.2/10,59/100,1,0,0,0,1,7.2,tt5556656,7.2,8125,tvSeries,Exact (title + year),0
665,668,"Sister, Sister",1994,7+,6.3/10,59/100,1,1,0,0,1,6.3,tt0108927,6.3,14756,tvSeries,Exact (title + year),0
666,669,Greenhouse Academy,2017,7+,6.9/10,59/100,1,0,0,0,1,6.9,tt6076336,6.5,8077,tvSeries,Exact (title + year),-0.4
667,670,Mr. Iglesias,2019,16+,7.1/10,59/100,1,0,0,0,1,7.1,tt8403536,7.1,8747,tvSeries,Exact (title + year),0
668,671,Paranoid,2016,"",6.7/10,59/100,1,0,0,0,1,6.7,tt5839454,6.6,11489,tvMiniSeries,Exact (title + year),-0.100000000000001
669,672,Hip Hop Evolution,2016,16+,8.4/10,59/100,1,0,0,0,1,8.4,,,,,Unmatched,
670,673,The Game,2006,16+,6.7/10,59/100,1,1,1,0,1,6.7,tt0772137,6.9,5181,tvSeries,Exact (title + year),0.2
671,674,Love on the Spectrum,2019,all,8.5/10,59/100,1,0,0,0,1,8.5,tt11904786,8.6,8668,tvSeries,Exact (title + original-language year),0.0999999999999996
672,675,Greenleaf,2016,18+,7.4/10,59/100,1,0,0,0,1,7.4,tt4971144,7.5,6639,tvSeries,Exact (title + year),0.0999999999999996
673,676,Naomi Osaka,2021,"",6.2/10,59/100,1,0,0,0,1,6.2,tt11898920,6.3,1534,tvMiniSeries,Exact (title + year),0.0999999999999996
674,677,Oh My Ghost,2015,"",8.1/10,59/100,1,0,0,0,1,8.1,tt4799574,7.9,6314,tvSeries,Exact (title + year),-0.199999999999999
675,678,The Final Table,2018,all,7.7/10,59/100,1,0,0,0,1,7.7,tt7619858,7.6,5272,tvSeries,Exact (title + year),-0.100000000000001
676,679,Life Sentence,2018,16+,6.6/10,59/100,1,0,0,0,1,6.6,tt6088922,6.5,4365,tvSeries,Exact (title + year),-0.0999999999999996
677,680,Penguin Town,2021,"",8.0/10,59/100,1,0,0,0,1,8,tt14677850,7.9,1147,tvSeries,Exact (title + year),-0.0999999999999996
678,681,Dogs of Berlin,2018,16+,7.6/10,59/100,1,0,0,0,1,7.6,tt6839788,7.5,15649,tvSeries,Exact (title + year),-0.0999999999999996
679,682,Yasuke,2021,18+,6.2/10,59/100,1,0,0,0,1,6.2,tt9310330,6.2,7021,tvMiniSeries,Exact (title + year),0
680,683,Alma Matters: Inside the IIT Dream,2021,"",8.5/10,59/100,1,0,0,0,1,8.5,tt14512938,8.2,2484,tvMiniSeries,Exact (title + year),-0.300000000000001
681,684,Playing with Fire,2019,18+,5.9/10,59/100,1,1,0,0,1,5.9,tt9587732,5.9,1315,tvSeries,Exact (title + year),0
682,685,"Hello, My Twenties!",2016,16+,8.3/10,59/100,1,0,0,0,1,8.3,,,,,Unmatched,
683,686,Sam & Cat,2013,7+,5.7/10,59/100,1,0,0,0,1,5.7,tt2487090,5.8,14578,tvSeries,Exact (title + year),0.0999999999999996
684,687,Girls from Ipanema,2019,16+,7.9/10,59/100,1,0,0,0,1,7.9,tt8001788,7.8,4148,tvSeries,Exact (title + year),-0.100000000000001
685,688,Elite Short Stories: Omar Ander Alexis,2021,18+,7.4/10,59/100,1,0,0,0,1,7.4,tt14676004,7.2,2328,tvMiniSeries,Exact (title + year),-0.2
686,689,MEGALOBOX,2018,16+,7.8/10,59/100,1,1,0,0,1,7.8,tt7965802,7.7,4665,tvSeries,Exact (title + original-language year),-0.0999999999999996
687,690,High on the Hog: How African American Cuisine Transformed America,2021,"",7.7/10,59/100,1,0,0,0,1,7.7,tt14540468,7.7,998,tvSeries,Exact (title + year),0
688,691,So Not Worth It,2021,"",7.7/10,59/100,1,0,0,0,1,7.7,tt13186480,6.9,1635,tvSeries,Exact (title + year),-0.8
689,692,K-ON!,2009,16+,7.7/10,59/100,1,1,0,0,1,7.7,tt1410218,7.8,5870,tvSeries,Exact (title + year),0.0999999999999996
690,693,The Family,2019,16+,6.4/10,59/100,1,0,0,0,1,6.4,tt10715148,6.4,4303,tvMiniSeries,Exact (title + year),0
691,694,Challenger: The Final Flight,2020,"",7.9/10,59/100,1,0,0,0,1,7.9,tt12930534,7.8,8684,tvMiniSeries,Exact (title + year),-0.100000000000001
692,695,Sexify,2021,"",6.5/10,58/100,1,0,0,0,1,6.5,tt14315542,6.5,7331,tvSeries,Exact (title + year),0
693,696,The Good Cop,2018,16+,7.1/10,58/100,1,0,0,0,1,7.1,tt7183074,7,7938,tvSeries,Exact (title + year),-0.0999999999999996
694,697,The Uncanny Counter,2020,"",8.2/10,58/100,1,0,0,0,1,8.2,tt13273826,8,15392,tvSeries,Exact (title + year),-0.199999999999999
695,698,Law School,2021,"",8.2/10,58/100,1,0,0,0,1,8.2,tt13885336,7.9,3921,tvSeries,Exact (title + year),-0.299999999999999
696,699,This is a Robbery: The World's Biggest Art Heist,2021,18+,6.4/10,58/100,1,0,0,0,1,6.4,tt14223858,6.5,5171,tvMiniSeries,Exact (title + original-language year),0.0999999999999996
697,700,The English Game,2020,"",7.6/10,58/100,1,0,0,0,1,7.6,tt8403664,7.6,19010,tvMiniSeries,Exact (title + year),0
698,701,Chambers,2019,16+,6.5/10,58/100,1,0,0,0,1,6.5,tt7949204,6.4,10539,tvSeries,Exact (title + year),-0.0999999999999996
699,702,Selena: The Series,2020,7+,6.8/10,58/100,1,0,0,0,1,6.8,tt9421868,7,5370,tvSeries,Exact (title + year),0.2
700,703,BAKI,2018,18+,6.7/10,58/100,1,0,0,0,1,6.7,,,,,Unmatched,
701,704,Cells at Work!,2018,16+,7.6/10,58/100,1,0,0,0,1,7.6,tt8673610,7.5,3720,tvSeries,Exact (title + year),-0.0999999999999996
702,705,Reckoning,2019,18+,6.6/10,58/100,1,0,0,0,1,6.6,tt8690440,6.6,5124,tvMiniSeries,Exact (title + year),0
703,706,The Mole,2001,"",7.5/10,58/100,1,0,0,0,1,7.5,,,,,Unmatched,
704,707,The Ripper,2020,"",7.1/10,58/100,1,0,0,0,1,7.1,tt13492374,7.1,12007,tvMiniSeries,Exact (title + year),0
705,708,Queen Sono,2020,18+,5.9/10,58/100,1,0,0,0,1,5.9,tt9426290,6.2,1441,tvSeries,Exact (title + year),0.3
706,709,WWII in HD,2009,18+,8.7/10,58/100,1,0,0,0,1,8.7,tt1489097,8.6,2597,tvMiniSeries,Exact (title + year),-0.0999999999999996
707,710,The Parisian Agency: Exclusive Properties,2021,"",6.9/10,58/100,1,0,0,0,1,6.9,tt14746934,7.7,1602,tvSeries,"Fuzzy (title exact, year +-1)",0.8
708,711,La cocinera de Castamar,2021,"",7.4/10,58/100,1,0,0,0,1,7.4,tt12626014,7.4,6432,tvSeries,Exact (title + original-language year),0
709,712,I Am a Killer,2018,18+,7.4/10,58/100,1,0,0,0,1,7.4,tt8300324,7.3,5672,tvSeries,Exact (title + year),-0.100000000000001
710,713,W1A,2014,"",7.8/10,58/100,1,0,0,0,1,7.8,tt3610926,7.8,3700,tvSeries,Exact (title + year),0
711,714,One of Us,2016,18+,7.0/10,58/100,1,0,0,0,1,7,tt6222946,5.7,15,tvMiniSeries,Exact (title + year),-1.3
712,715,Cuckoo,2012,16+,7.2/10,58/100,1,0,0,0,1,7.2,,,,,Unmatched,
713,716,March Comes in Like a Lion,2016,7+,8.4/10,58/100,1,0,0,0,1,8.4,tt6074794,8.2,4232,tvSeries,Exact (title + year),-0.200000000000001
714,717,Börü,2018,18+,8.2/10,58/100,1,0,0,0,1,8.2,tt7146600,8.1,9317,tvSeries,Exact (title + original-language year),-0.0999999999999996
715,718,The Mess You Leave Behind,2020,"",6.8/10,58/100,1,0,0,0,1,6.8,tt9731242,6.8,12153,tvSeries,Exact (title + year),0
716,719,Elize Matsunaga: Once Upon a Crime,2021,18+,5.8/10,58/100,1,0,0,0,1,5.8,tt14856998,5.9,3044,tvMiniSeries,Exact (title + year),0.100000000000001
717,720,Invisible City,2021,all,7.4/10,58/100,1,0,0,0,1,7.4,tt8878862,7.1,8218,tvSeries,Exact (title + year),-0.300000000000001
718,721,High Seas,2019,16+,6.8/10,58/100,1,0,0,0,1,6.8,tt8961508,6.8,9220,tvSeries,Exact (title + year),0
719,722,Man Down,2013,18+,7.6/10,58/100,1,0,0,0,1,7.6,tt3063454,7.6,5909,tvSeries,Exact (title + year),0
720,723,Hitler's Circle of Evil,2017,"",8.0/10,58/100,1,0,0,0,1,8,tt6600720,8,5804,tvMiniSeries,"Fuzzy (title exact, year +-1)",0
721,724,Degrassi: Next Class,2016,7+,6.9/10,58/100,1,0,0,0,1,6.9,tt5320160,6.8,4142,tvSeries,Exact (title + year),-0.100000000000001
722,725,The Forest,2017,"",7.2/10,58/100,1,0,0,0,1,7.2,tt6560040,7.2,15160,tvMiniSeries,Exact (title + year),0
723,726,The Woods,2020,18+,6.5/10,58/100,1,0,0,0,1,6.5,tt1910645,6.5,9508,tvMiniSeries,Exact (title + year),0
724,727,This Is Pop,2021,"",6.9/10,58/100,1,0,0,0,1,6.9,tt14155414,6.9,1552,tvSeries,Exact (title + year),0
725,728,Godzilla Singular Point,2021,16+,6.6/10,58/100,1,0,0,0,1,6.6,tt13229934,6.5,2696,tvMiniSeries,Exact (title + year),-0.0999999999999996
726,729,My Babysitter's a Vampire,2011,7+,7.1/10,58/100,1,0,0,0,1,7.1,tt1727434,7.1,6149,tvSeries,Exact (title + year),0
727,730,Mad for Each Other,2021,"",7.9/10,58/100,1,0,0,0,1,7.9,tt14596414,7.9,3789,tvSeries,Exact (title + year),0
728,731,Typewriter,2019,18+,6.5/10,57/100,1,0,0,0,1,6.5,tt9310372,6.5,4641,tvSeries,Exact (title + year),0
729,732,Sonic X,2003,16+,6.2/10,57/100,1,1,1,0,1,6.2,tt0367413,6.4,6817,tvSeries,Exact (title + year),0.2
730,733,Monthly Girls' Nozaki-kun,2014,7+,7.6/10,57/100,1,0,0,0,1,7.6,tt3615002,7.5,4880,tvMiniSeries,Exact (title + year),-0.0999999999999996
731,734,History of Swear Words,2021,18+,6.4/10,57/100,1,0,0,0,1,6.4,tt13617060,6.4,5837,tvSeries,Exact (title + year),0
732,735,Dolly Parton's Heartstrings,2019,16+,7.6/10,57/100,1,0,0,0,1,7.6,tt8509922,7.6,2628,tvSeries,Exact (title + year),0
733,736,Arthdal Chronicles,2019,"",8.4/10,57/100,1,0,0,0,1,8.4,tt8750956,8.2,7226,tvSeries,Exact (title + year),-0.200000000000001
734,737,Last Chance U: Basketball,2021,18+,8.4/10,57/100,1,0,0,0,1,8.4,tt13087512,8.3,3921,tvSeries,Exact (title + year),-0.0999999999999996
735,738,The Next Step,2013,all,6.2/10,57/100,1,0,0,0,1,6.2,tt2374744,6.4,2613,tvSeries,Exact (title + year),0.2
736,739,The Bride of the Water God,2017,"",6.9/10,57/100,1,0,0,0,1,6.9,,,,,Unmatched,
737,740,Midnight Diner: Tokyo Stories,2016,16+,8.4/10,57/100,1,0,0,0,1,8.4,tt6150576,8.4,5550,tvSeries,Exact (title + year),0
738,741,Immigration Nation,2020,16+,7.4/10,57/100,1,0,0,0,1,7.4,tt12754910,7.6,1307,tvSeries,Exact (title + year),0.199999999999999
739,742,My Unorthodox Life,2021,"",4.9/10,57/100,1,0,0,0,1,4.9,tt14398500,5.7,1741,tvSeries,Exact (title + year),0.8
740,743,The Barrier,2020,16+,6.8/10,57/100,1,0,0,0,1,6.8,tt9460858,6.8,4625,tvSeries,Exact (title + year),0
741,744,Cannon Busters,2019,18+,6.8/10,57/100,1,0,0,0,1,6.8,tt5066664,6.6,1548,tvSeries,Exact (title + year),-0.2
742,745,Something in the Rain,2018,7+,8.1/10,57/100,1,0,0,0,1,8.1,tt8078816,8,11434,tvSeries,Exact (title + year),-0.0999999999999996
743,746,Haters Back Off,2016,7+,6.0/10,57/100,1,0,0,0,1,6,,,,,Unmatched,
744,747,Young Wallander,2020,18+,6.8/10,57/100,1,0,0,0,1,6.8,tt9359220,6.9,14600,tvSeries,Exact (title + year),0.100000000000001
745,748,Toy Boy,2019,18+,6.4/10,57/100,1,0,0,0,1,6.4,tt8693266,6.4,9245,tvSeries,Exact (title + year),0
746,749,Aunty Donna's Big Ol' House of Fun,2020,"",8.0/10,57/100,1,0,0,0,1,8,tt13316746,7.9,7548,tvSeries,Exact (title + year),-0.0999999999999996
747,750,Jack Whitehall: Travels with My Father,2017,18+,7.7/10,57/100,1,0,0,0,1,7.7,tt7453996,7.6,6383,tvSeries,Exact (title + year),-0.100000000000001
748,751,Sofia the First,2013,all,6.9/10,57/100,1,0,0,0,1,6.9,tt37675084,8.9,34,tvSeries,Exact (title + year),2
749,752,"Money, Explained",2021,"",6.9/10,57/100,1,0,0,0,1,6.9,tt14492910,7,3160,tvMiniSeries,Exact (title + year),0.0999999999999996
750,753,The Joel McHale Show with Joel McHale,2018,18+,7.2/10,57/100,1,0,0,0,1,7.2,tt7895706,7.1,2601,tvSeries,Exact (title + year),-0.100000000000001
751,754,America's Book of Secrets,2012,7+,6.8/10,57/100,1,1,0,0,1,6.8,tt2198333,6.7,1039,tvSeries,Exact (title + year),-0.0999999999999996
752,755,The World's Most Amazing Vacation Rentals,2021,"",6.6/10,57/100,1,0,0,0,1,6.6,tt14691382,6.8,1743,tvSeries,Exact (title + year),0.2
753,756,Kiss Me First,2018,18+,6.3/10,57/100,1,0,0,0,1,6.3,tt5730690,6.2,4413,tvMiniSeries,Exact (title + year),-0.0999999999999996
754,757,A Very Secret Service,2015,18+,7.8/10,57/100,1,0,0,0,1,7.8,tt4367560,7.7,4153,tvSeries,Exact (title + year),-0.0999999999999996
755,758,Sexy Beasts,2021,"",4.7/10,57/100,1,0,0,0,1,4.7,tt14916746,4.7,1393,tvSeries,Exact (title + year),0
756,759,Scissor Seven,2018,7+,8.3/10,57/100,1,0,0,0,1,8.3,tt10384610,8.4,6395,tvSeries,Exact (title + year),0.0999999999999996
757,760,Summertime,2020,18+,5.5/10,57/100,1,1,0,0,1,5.5,tt11269886,6.1,3414,tvSeries,Exact (title + year),0.6
758,761,Turn Up Charlie,2019,"",7.1/10,57/100,1,0,0,0,1,7.1,tt8304498,7,8649,tvSeries,Exact (title + year),-0.0999999999999996
759,762,The K2,2016,16+,7.8/10,57/100,1,0,0,0,1,7.8,tt5966882,7.7,12865,tvSeries,Exact (title + year),-0.0999999999999996
760,763,The King's Avatar,2017,7+,7.7/10,57/100,1,0,0,0,1,7.7,tt6859260,7.4,1801,tvSeries,Exact (title + year),-0.3
761,764,Prison Playbook,2017,"",8.4/10,57/100,1,0,0,0,1,8.4,tt7622902,8.3,6392,tvSeries,Exact (title + year),-0.0999999999999996
762,765,The Twelve,2019,16+,7.5/10,57/100,1,0,0,0,1,7.5,tt7605396,7.4,7214,tvSeries,Exact (title + year),-0.0999999999999996
763,766,Vanished 46,2016,16+,8.4/10,57/100,1,0,0,0,1,8.4,,,,,Unmatched,
764,767,Valor,2017,16+,6.0/10,57/100,1,0,0,0,1,6,tt6503244,6,3751,tvSeries,Exact (title + year),0
765,768,Northern Rescue,2019,16+,7.1/10,57/100,1,0,0,0,1,7.1,tt8462412,6.9,5393,tvSeries,Exact (title + year),-0.199999999999999
766,769,Equinox,2020,18+,6.1/10,57/100,1,0,0,0,1,6.1,tt10973800,6.1,8920,tvSeries,Exact (title + year),0
767,770,Oggy and the Cockroaches,1999,all,7.3/10,57/100,1,0,0,0,1,7.3,,,,,Unmatched,
768,771,Code Lyoko,2003,7+,7.3/10,57/100,1,0,0,0,1,7.3,tt0417311,7.3,6043,tvSeries,Exact (title + year),0
769,772,Champions,2018,16+,6.1/10,57/100,1,1,0,0,1,6.1,tt6470396,6.2,4490,tvSeries,Exact (title + year),0.100000000000001
770,773,Winx Club,2004,all,6.2/10,57/100,1,0,0,0,1,6.2,tt0421482,6.4,9828,tvSeries,Exact (title + year),0.2
771,774,Dragons: Race to the Edge,2015,7+,8.3/10,57/100,1,0,0,0,1,8.3,tt4816058,8.2,11421,tvSeries,Exact (title + year),-0.100000000000001
772,775,Age of Samurai: Battle for Japan,2021,"",7.4/10,56/100,1,0,0,0,1,7.4,tt10551256,7.4,5888,tvMiniSeries,Exact (title + year),0
773,776,Vexed,2010,7+,7.3/10,56/100,1,0,0,0,1,7.3,tt1497609,7.2,4111,tvSeries,Exact (title + year),-0.0999999999999996
774,777,Family Business,2019,16+,7.4/10,56/100,1,0,0,0,1,7.4,tt10423460,7.4,5937,tvSeries,Exact (title + original-language year),0
775,778,Strangers From Hell,2019,"",7.9/10,56/100,1,0,0,0,1,7.9,,,,,Unmatched,
776,779,BUNK'D,2015,all,5.4/10,56/100,1,0,0,0,1,5.4,tt4591680,5.5,5302,tvSeries,Exact (title + year),0.0999999999999996
777,780,Cathedral of the Sea,2018,16+,7.5/10,56/100,1,0,0,0,1,7.5,tt4944694,7.5,5734,tvSeries,Exact (title + year),0
778,781,Iris,2009,"",7.9/10,56/100,1,0,0,0,1,7.9,tt1757202,7.7,2750,tvSeries,Exact (title + year),-0.2
779,782,Man to Man,2017,"",7.4/10,56/100,1,0,0,0,1,7.4,tt6032762,7.3,2086,tvSeries,Exact (title + year),-0.100000000000001
780,783,History 101,2020,7+,6.8/10,56/100,1,0,0,0,1,6.8,tt11958648,6.9,5070,tvSeries,Exact (title + year),0.100000000000001
781,784,Cat People,2021,"",6.3/10,56/100,1,0,0,0,1,6.3,tt14818454,6.6,420,tvSeries,Exact (title + year),0.3
782,785,Cinderella and Four Knights,2016,"",7.3/10,56/100,1,0,0,0,1,7.3,,,,,Unmatched,
783,786,The Big Flower Fight,2020,"",7.4/10,56/100,1,0,0,0,1,7.4,tt12200714,7.4,1540,tvSeries,Exact (title + year),0
784,787,Cooked,2016,7+,8.1/10,56/100,1,0,0,0,1,8.1,tt5347906,8,3290,tvMiniSeries,Exact (title + year),-0.0999999999999996
785,788,Monarca,2019,18+,7.9/10,56/100,1,0,0,0,1,7.9,tt8655736,7.8,4024,tvSeries,Exact (title + original-language year),-0.100000000000001
786,789,Indian Matchmaking,2020,16+,6.2/10,56/100,1,0,0,0,1,6.2,tt12580168,6.3,4593,tvSeries,Exact (title + year),0.0999999999999996
787,790,Perfume,2018,18+,7.1/10,56/100,1,0,0,0,1,7.1,tt6811236,7,10681,tvSeries,Exact (title + year),-0.0999999999999996
788,791,Avlu,2018,18+,7.2/10,56/100,1,0,0,0,1,7.2,tt7923832,7.3,2434,tvSeries,Exact (title + original-language year),0.0999999999999996
789,792,Wild District,2018,18+,8.3/10,56/100,1,0,0,0,1,8.3,tt8105958,8.1,2339,tvMiniSeries,Exact (title + year),-0.200000000000001
790,793,Magic for Humans,2018,16+,7.2/10,56/100,1,0,0,0,1,7.2,tt8425308,7.2,4001,tvSeries,Exact (title + year),0
791,794,50M2,2021,18+,7.0/10,56/100,1,0,0,0,1,7,,,,,Unmatched,
792,795,Mako Mermaids: An H2O Adventure,2013,all,6.8/10,56/100,1,0,0,0,1,6.8,,,,,Unmatched,
793,796,Extracurricular,2020,18+,7.7/10,56/100,1,0,0,0,1,7.7,tt10262630,7.5,12154,tvSeries,Exact (title + year),-0.2
794,797,Tunnel,2017,16+,8.3/10,56/100,1,0,0,0,1,8.3,tt6356086,8.2,4359,tvSeries,Exact (title + year),-0.100000000000001
795,798,Marseille,2016,18+,6.9/10,56/100,1,0,0,0,1,6.9,tt4003966,6.9,5948,tvSeries,Exact (title + year),0
796,799,Elite Short Stories: Nadia Guzmán,2021,18+,6.4/10,56/100,1,0,0,0,1,6.4,tt14671790,6.2,2264,tvMiniSeries,Exact (title + year),-0.2
797,800,The World's Most Extraordinary Homes,2017,"",7.6/10,56/100,1,0,0,0,1,7.6,tt7804132,7.6,3848,tvSeries,Exact (title + year),0
798,801,The Rise of Phoenixes,2018,7+,8.6/10,56/100,1,0,0,0,1,8.6,tt7052634,8.4,1997,tvSeries,Exact (title + year),-0.199999999999999
799,802,Wakfu,2008,7+,8.2/10,56/100,1,0,0,0,1,8.2,tt1807824,8.2,2731,tvSeries,"Fuzzy (title exact, year +-1)",0
800,803,H,1998,"",7.4/10,56/100,1,0,0,0,1,7.4,tt0173554,7.4,2157,tvSeries,Exact (title + year),0
801,804,The War Next-door,2021,"",5.7/10,56/100,1,0,0,0,1,5.7,tt14821886,5.7,588,tvSeries,Exact (title + year),0
802,805,How to Fix a Drug Scandal,2020,18+,7.0/10,56/100,1,0,0,0,1,7,tt11958942,7,4108,tvMiniSeries,Exact (title + year),0
803,806,Betaal,2020,18+,5.4/10,56/100,1,0,0,0,1,5.4,tt10651790,5.5,10173,tvSeries,Exact (title + year),0.0999999999999996
804,807,Sin Senos Sí Hay Paraíso,2016,16+,6.7/10,56/100,1,0,0,0,1,6.7,tt5676412,6.6,842,tvSeries,Exact (title + year),-0.100000000000001
805,808,Japan Sinks: 2020,2020,18+,6.4/10,56/100,1,0,0,0,1,6.4,tt12031040,6.4,3873,tvMiniSeries,Exact (title + year),0
806,809,Run On,2020,"",7.6/10,56/100,1,0,0,0,1,7.6,tt13271834,7.3,6880,tvSeries,Exact (title + year),-0.3
807,810,Girlfriends,2000,7+,7.2/10,56/100,1,0,0,0,1,7.2,tt0247102,7.5,5581,tvSeries,Exact (title + year),0.3
808,811,Mobile Suit Gundam: Iron-Blooded Orphans,2015,18+,7.9/10,56/100,1,0,0,0,1,7.9,tt5344382,7.9,2762,tvSeries,Exact (title + year),0
809,812,Curon,2020,18+,5.8/10,56/100,1,0,0,0,1,5.8,tt10101518,5.9,5056,tvSeries,Exact (title + year),0.100000000000001
810,813,The Method,2015,18+,7.4/10,56/100,1,0,0,0,1,7.4,tt5135336,7.2,3894,tvSeries,Exact (title + year),-0.2
811,814,Amend: The Fight for America,2021,18+,7.9/10,56/100,1,0,0,0,1,7.9,tt13972246,7.9,1700,tvMiniSeries,Exact (title + year),0
812,815,Reply 1997,2012,"",8.1/10,56/100,1,0,0,0,1,8.1,tt2782216,7.8,2838,tvSeries,Exact (title + year),-0.3
813,816,The Crew,2021,16+,6.6/10,56/100,1,0,0,0,1,6.6,tt10971022,6.5,6995,tvSeries,Exact (title + year),-0.0999999999999996
814,817,Sex Explained,2020,18+,6.9/10,56/100,1,0,0,0,1,6.9,,,,,Unmatched,
815,818,Unauthorized Living,2018,18+,7.5/10,56/100,1,0,0,0,1,7.5,tt6970700,7.4,7185,tvSeries,Exact (title + year),-0.0999999999999996
816,819,James Acaster: Repertoire,2018,18+,8.5/10,56/100,1,0,0,0,1,8.5,tt7818686,8.4,4739,tvMiniSeries,Exact (title + year),-0.0999999999999996
817,820,Blood & Water,2020,18+,6.4/10,56/100,1,0,0,0,1,6.4,tt9839146,6.7,4841,tvSeries,Exact (title + year),0.3
818,821,Adventures of Sonic the Hedgehog,1993,7+,6.2/10,55/100,1,0,0,0,1,6.2,tt0222518,6.3,4601,tvSeries,Exact (title + year),0.0999999999999996
819,822,Tales by Light,2015,"",8.3/10,55/100,1,0,0,0,1,8.3,tt5350276,8.2,2126,tvSeries,Exact (title + year),-0.100000000000001
820,823,Tiny Pretty Things,2020,"",5.9/10,55/100,1,0,0,0,1,5.9,tt10767748,5.9,11442,tvSeries,Exact (title + year),0
821,824,Rust Valley Restorers,2018,16+,7.8/10,55/100,1,0,0,0,1,7.8,tt9498102,7.7,3694,tvSeries,Exact (title + year),-0.0999999999999996
822,825,Immortals,2018,7+,5.3/10,55/100,1,0,0,0,1,5.3,tt8063174,5.1,11191,tvSeries,Exact (title + year),-0.2
823,826,Cheese in the Trap,2016,16+,7.4/10,55/100,1,0,0,0,1,7.4,tt4741110,7.2,5463,tvSeries,Exact (title + year),-0.2
824,827,Terrace House: Boys & Girls in the City,2015,7+,8.1/10,55/100,1,0,0,0,1,8.1,tt4790546,8,1988,tvSeries,Exact (title + year),-0.0999999999999996
825,828,When the Camellia Blooms,2019,"",8.0/10,55/100,1,0,0,0,1,8,tt10826064,7.8,4065,tvSeries,Exact (title + year),-0.2
826,829,My Secret Romance,2017,16+,7.1/10,55/100,1,0,0,0,1,7.1,tt6300100,7.1,5409,tvSeries,Exact (title + year),0
827,830,Marlon,2017,7+,7.1/10,55/100,1,1,0,0,1,7.1,tt5720168,6.9,5138,tvSeries,Exact (title + year),-0.199999999999999
828,831,The Bonfire of Destiny,2019,16+,7.7/10,55/100,1,0,0,0,1,7.7,tt9050352,7.6,6528,tvMiniSeries,Exact (title + year),-0.100000000000001
829,832,100 Days My Prince,2018,16+,7.7/10,55/100,1,0,0,0,1,7.7,tt8199972,7.8,4886,tvSeries,Exact (title + year),0.0999999999999996
830,833,Let's Eat,2013,16+,7.7/10,55/100,1,0,0,0,1,7.7,tt3385484,7.6,731,tvSeries,Exact (title + year),-0.100000000000001
831,834,Kung Fu Panda: Legends of Awesomeness,2011,7+,6.8/10,55/100,1,0,0,0,1,6.8,tt1545214,7,9089,tvSeries,Exact (title + year),0.2
832,835,Crime Scene: The Vanishing at the Cecil Hotel,2021,"",5.9/10,55/100,1,0,0,0,1,5.9,tt13837672,6,21746,tvMiniSeries,Exact (title + year),0.0999999999999996
833,836,PJ Masks,2015,all,5.5/10,55/100,1,0,0,1,1,5.5,tt4148744,5.3,2106,tvSeries,Exact (title + year),-0.2
834,837,Incomplete Life,2014,16+,8.6/10,55/100,1,0,0,0,1,8.6,,,,,Unmatched,
835,838,Fabulous Lives of Bollywood Wives,2020,"",4.7/10,55/100,1,0,0,0,1,4.7,tt13452100,4.1,10644,tvSeries,Exact (title + year),-0.600000000000001
836,839,When Heroes Fly,2018,7+,7.2/10,55/100,1,0,0,0,1,7.2,tt8220344,7.1,4058,tvSeries,Exact (title + year),-0.100000000000001
837,840,The Last O.G.,2018,7+,6.9/10,55/100,1,0,0,0,1,6.9,tt5363912,7,4236,tvSeries,Exact (title + year),0.0999999999999996
838,841,Romance is a Bonus Book,2019,"",8.1/10,55/100,1,0,0,0,1,8.1,tt9130542,7.9,9706,tvSeries,Exact (title + year),-0.199999999999999
839,842,DC Super Hero Girls,2019,7+,7.1/10,55/100,1,0,0,0,1,7.1,tt9628244,7.3,2145,tvSeries,Exact (title + year),0.2
840,843,Wheel of Fortune,1983,all,6.7/10,55/100,1,0,0,0,1,6.7,tt0072584,6.7,4094,tvSeries,Exact (title + year),0
841,844,Chelsea Does,2016,18+,7.2/10,55/100,1,0,0,0,1,7.2,tt5275894,7.4,2667,tvSeries,Exact (title + year),0.2
842,845,Girlfriends' Guide to Divorce,2014,16+,6.9/10,55/100,1,0,0,0,1,6.9,tt2817246,7,5154,tvSeries,Exact (title + year),0.0999999999999996
843,846,Daniel Sloss: Live Shows,2018,18+,8.6/10,55/100,1,0,0,0,1,8.6,tt8858472,8.5,4445,tvMiniSeries,Exact (title + year),-0.0999999999999996
844,847,Case,2015,16+,7.1/10,55/100,1,0,0,0,1,7.1,tt5038858,7.1,2967,tvSeries,Exact (title + year),0
845,848,Always a Witch,2019,16+,6.2/10,55/100,1,0,0,0,1,6.2,tt8001250,6.3,3014,tvSeries,Exact (title + year),0.0999999999999996
846,849,You vs. Wild,2019,"",7.0/10,55/100,1,0,0,0,1,7,tt10044952,6.6,3058,tvSeries,Exact (title + year),-0.4
847,850,The Boulet Brothers' Dragula,2016,18+,7.9/10,55/100,1,0,0,0,1,7.9,tt6289132,8.1,1950,tvSeries,Exact (title + year),0.199999999999999
848,851,Lovestruck in the City,2020,16+,7.8/10,55/100,1,0,0,0,1,7.8,tt13394544,7.5,5820,tvMiniSeries,Exact (title + year),-0.3
849,852,Navillera,2021,"",8.8/10,55/100,1,0,0,0,1,8.8,tt13885302,8.7,4041,tvSeries,Exact (title + year),-0.100000000000001
850,853,Bitter Daisies,2018,18+,7.2/10,55/100,1,0,0,0,1,7.2,,,,,Unmatched,
851,854,Selection Day,2018,16+,7.4/10,55/100,1,0,0,0,1,7.4,tt8004628,7.3,2571,tvSeries,Exact (title + year),-0.100000000000001
852,855,"Bring It On, Ghost",2016,16+,7.6/10,55/100,1,0,0,0,1,7.6,tt5768840,7.6,4310,tvSeries,Exact (title + year),0
853,856,The Standups,2017,"",6.7/10,55/100,1,0,0,0,1,6.7,tt7107518,6.6,1544,tvSeries,Exact (title + year),-0.100000000000001
854,857,(The Hook Up Plan),2018,16+,7.2/10,55/100,1,0,0,0,1,7.2,,,,,Unmatched,
855,858,Because This Is My First Life,2017,16+,8.1/10,55/100,1,0,0,0,1,8.1,tt7278588,8,11255,tvSeries,Exact (title + year),-0.0999999999999996
856,859,The Indian Detective,2017,"",6.5/10,55/100,1,0,0,0,1,6.5,tt5797220,6.5,3670,tvMiniSeries,Exact (title + year),0
857,860,Medal of Honor,2018,16+,8.4/10,55/100,1,0,1,0,1,8.4,tt7440274,8.2,2123,tvSeries,Exact (title + year),-0.200000000000001
858,861,Heaven Official's Blessing,2020,"",8.4/10,55/100,1,0,0,0,1,8.4,tt13375866,8.2,4250,tvSeries,Exact (title + year),-0.200000000000001
859,862,Who Killed Little Gregory?,2019,"",7.4/10,55/100,1,0,0,0,1,7.4,tt11269714,7.4,3573,tvMiniSeries,Exact (title + year),0
860,863,"Coronavirus, Explained",2020,7+,7.6/10,55/100,1,0,0,0,1,7.6,tt12189310,7.5,2551,tvMiniSeries,Exact (title + year),-0.0999999999999996
861,864,Teen Mom 2,2011,7+,4.3/10,55/100,1,0,1,0,1,4.3,tt1821220,4.5,2467,tvSeries,Exact (title + year),0.2
862,865,Vientos de agua,2006,"",8.8/10,55/100,1,0,0,0,1,8.8,tt0459724,8.7,1313,tvMiniSeries,Exact (title + year),-0.100000000000001
863,866,Kantaro: The Sweet Tooth Salaryman,2017,7+,7.5/10,55/100,1,0,0,0,1,7.5,tt6983520,7.4,985,tvSeries,Exact (title + year),-0.0999999999999996
864,867,Al Hayba,2017,7+,7.4/10,55/100,1,0,0,0,1,7.4,tt7035576,7.3,2195,tvSeries,Exact (title + year),-0.100000000000001
865,868,Somewhere Between,2017,16+,6.3/10,55/100,1,0,0,0,1,6.3,tt6467294,6.3,7500,tvSeries,Exact (title + year),0
866,869,Selling Sunset,2019,18+,6.3/10,55/100,1,0,0,0,1,6.3,tt9817298,6.5,9348,tvSeries,Exact (title + year),0.2
867,870,Trailer Park Boys: The Animated Series,2019,18+,7.5/10,55/100,1,0,0,0,1,7.5,tt9814900,7.5,4047,tvSeries,Exact (title + year),0
868,871,Ultraviolet,2017,18+,7.0/10,55/100,1,1,0,0,1,7,tt7514746,6.8,1803,tvSeries,Exact (title + year),-0.2
869,872,Ultraman,2019,16+,6.9/10,54/100,1,0,0,0,1,6.9,tt8699270,6.7,2941,tvSeries,Exact (title + year),-0.2
870,873,No Good Nick,2019,7+,6.0/10,54/100,1,0,0,0,1,6,tt9039142,6.2,4386,tvSeries,Exact (title + year),0.2
871,874,Intersection,2016,"",6.6/10,54/100,1,0,1,0,1,6.6,,,,,Unmatched,
872,875,Daughter From Another Mother,2021,18+,7.4/10,54/100,1,0,0,0,1,7.4,tt11937732,7.2,2746,tvSeries,Exact (title + year),-0.2
873,876,Tiny House Nation,2014,7+,7.1/10,54/100,1,0,0,0,1,7.1,tt3869500,7.1,1422,tvSeries,Exact (title + year),0
874,877,High-Rise Invasion,2021,18+,6.7/10,54/100,1,0,0,0,1,6.7,tt13352232,6.5,5951,tvSeries,Exact (title + year),-0.2
875,878,Mystic Pop-up Bar,2020,16+,8.0/10,54/100,1,0,0,0,1,8,tt12246190,7.9,3731,tvSeries,Exact (title + year),-0.0999999999999996
876,879,The Inmate,2018,"",7.0/10,54/100,1,0,0,0,1,7,tt8452308,6.8,3733,tvSeries,Exact (title + year),-0.2
877,880,Glow Up: Britain's Next Make-Up Star,2019,16+,6.7/10,54/100,1,0,0,0,1,6.7,tt9680524,7,3447,tvSeries,Exact (title + year),0.3
878,881,Falsa Identidad,2018,16+,7.1/10,54/100,1,0,0,0,1,7.1,tt8598690,7,479,tvSeries,Exact (title + original-language year),-0.0999999999999996
879,882,A Perfect Crime,2020,"",7.3/10,54/100,1,0,0,0,1,7.3,tt12939836,7.3,1824,tvMiniSeries,Exact (title + year),0
880,883,Alien Worlds,2020,7+,6.5/10,54/100,1,0,0,0,1,6.5,tt13464340,6.5,4603,tvSeries,Exact (title + year),0
881,884,Barbie: Life in the Dreamhouse,2012,all,7.4/10,54/100,1,0,0,0,1,7.4,tt2644032,7.8,4109,tvSeries,Exact (title + year),0.399999999999999
882,885,Freud,2020,18+,6.5/10,54/100,1,0,0,0,1,6.5,tt8667956,6.5,14241,tvSeries,Exact (title + year),0
883,886,Carmel: Who Killed Maria Marta?,2020,"",7.1/10,54/100,1,0,0,0,1,7.1,tt13244092,7,2980,tvMiniSeries,Exact (title + year),-0.0999999999999996
884,887,Get Even,2020,"",6.5/10,54/100,1,0,0,0,1,6.5,tt9724628,6.4,4076,tvSeries,Exact (title + year),-0.0999999999999996
885,888,God Eater,2015,16+,7.0/10,54/100,1,0,0,0,1,7,tt5240222,6.9,2606,tvSeries,Exact (title + year),-0.0999999999999996
886,889,El Dragón: Return of a Warrior,2019,18+,7.0/10,54/100,1,0,0,0,1,7,tt9281190,6.8,2461,tvSeries,Exact (title + year),-0.2
887,890,Netflix Presents: The Characters,2016,18+,5.4/10,54/100,1,0,0,0,1,5.4,tt5228026,5.5,1112,tvSeries,"Fuzzy (prefix stripped, exact year)",0.0999999999999996
888,891,Jamtara - Sabka Number Ayega,2020,"",7.3/10,54/100,1,0,0,0,1,7.3,,,,,Unmatched,
889,892,Vampires,2020,18+,5.6/10,54/100,1,0,0,0,1,5.6,tt11829316,5.7,1676,tvSeries,Exact (title + year),0.100000000000001
890,893,Zindagi inShort,2021,"",7.2/10,54/100,1,0,0,0,1,7.2,tt11813946,7.1,799,tvSeries,"Fuzzy (title exact, year +-1)",-0.100000000000001
891,894,#blackAF,2020,18+,6.8/10,54/100,1,0,0,0,1,6.8,tt10311562,6.8,5653,tvSeries,Exact (title + year),0
892,895,Ever After High,2013,all,8.0/10,54/100,1,0,0,0,1,8,,,,,Unmatched,
893,896,Sirius the Jaeger,2018,16+,6.8/10,54/100,1,0,0,0,1,6.8,tt8565136,6.7,2825,tvSeries,Exact (title + year),-0.0999999999999996
894,897,Eternal Love,2017,7+,8.3/10,54/100,1,0,0,0,1,8.3,tt6488862,8.2,3742,tvSeries,Exact (title + year),-0.100000000000001
895,898,Murder Mountain,2018,16+,6.9/10,54/100,1,0,0,0,1,6.9,tt9078908,6.8,3825,tvMiniSeries,Exact (title + year),-0.100000000000001
896,899,EastSiders,2012,"",6.9/10,54/100,1,0,0,0,1,6.9,tt2558816,6.9,3352,tvSeries,Exact (title + year),0
897,900,Dope,2017,16+,7.3/10,54/100,1,0,0,0,1,7.3,,,,,Unmatched,
898,901,Troy: Fall of a City,2018,18+,3.8/10,54/100,1,0,0,0,1,3.8,tt5103758,4.2,16667,tvSeries,Exact (title + year),0.4
899,902,Surviving Escobar - Alias JJ,2017,18+,7.9/10,54/100,1,0,0,0,1,7.9,,,,,Unmatched,
900,903,Transfers,2017,"",7.3/10,54/100,1,0,0,0,1,7.3,tt6531888,7.2,1025,tvSeries,Exact (title + year),-0.0999999999999996
901,904,Unnatural Selection,2019,"",8.0/10,54/100,1,0,0,0,1,8,tt11063952,7.8,2313,tvSeries,Exact (title + year),-0.2
902,905,Skylines,2019,16+,7.6/10,54/100,1,0,0,0,1,7.6,tt9184970,7.5,3258,tvSeries,Exact (title + year),-0.0999999999999996
903,906,The Last Czars,2019,"",7.3/10,54/100,1,0,0,0,1,7.3,tt7949606,7.3,10751,tvMiniSeries,Exact (title + year),0
904,907,High Score Girl,2018,7+,8.0/10,54/100,1,0,0,0,1,8,,,,,Unmatched,
905,908,Human: The World Within,2021,"",6.8/10,54/100,1,0,0,0,1,6.8,tt14574154,6.8,1122,tvSeries,Exact (title + year),0
906,909,Unit 42,2017,7+,7.0/10,54/100,1,0,0,0,1,7,tt6136644,6.9,2852,tvSeries,Exact (title + year),-0.0999999999999996
907,910,The Velvet Collection,2017,16+,7.2/10,54/100,1,0,0,0,1,7.2,,,,,Unmatched,
908,911,One on One,2001,16+,7.2/10,54/100,1,0,1,0,1,7.2,tt0284770,7.2,2851,tvSeries,Exact (title + year),0
909,912,Monty Python: Almost the Truth (The Lawyer's Cut),2009,7+,8.1/10,54/100,1,0,0,0,1,8.1,,,,,Unmatched,
910,913,Nicky Jam: El Ganador,2018,"",7.8/10,54/100,1,0,0,0,1,7.8,tt7949200,7.7,1385,tvSeries,Exact (title + year),-0.0999999999999996
911,914,Someone Has to Die,2020,"",6.3/10,54/100,1,0,0,0,1,6.3,tt10311932,6.3,6178,tvMiniSeries,Exact (title + year),0
912,915,Voice,2017,16+,7.7/10,54/100,1,0,0,0,1,7.7,tt6212854,7.6,3156,tvSeries,Exact (title + year),-0.100000000000001
913,916,La Révolution,2020,16+,6.5/10,54/100,1,0,0,0,1,6.5,tt13044528,6.6,7111,tvSeries,Exact (title + year),0.0999999999999996
914,917,Queer Eye: We're in Japan!,2019,16+,8.2/10,54/100,1,0,0,0,1,8.2,tt10971532,8.2,2901,tvSeries,Exact (title + year),0
915,918,Danger Mouse,1981,7+,7.4/10,54/100,1,0,0,0,1,7.4,tt0081848,7.4,4296,tvSeries,Exact (title + year),0
916,919,Paava Kadhaigal,2020,"",8.1/10,54/100,1,0,0,0,1,8.1,tt13206988,8,6272,tvMiniSeries,Exact (title + year),-0.0999999999999996
917,920,Man Like Mobeen,2017,18+,8.0/10,53/100,1,0,0,0,1,8,tt7639280,8,4318,tvSeries,Exact (title + year),0
918,921,Sisyphus,2021,"",7.1/10,53/100,1,0,0,0,1,7.1,tt12477912,6.6,65,tvSeries,"Fuzzy (title exact, year +-1)",-0.5
919,922,MINE,2021,"",7.8/10,53/100,1,0,0,0,1,7.8,tt14023192,7.6,2226,tvSeries,Exact (title + year),-0.2
920,923,X-Men,2011,16+,6.9/10,53/100,1,0,0,1,1,6.9,tt2070571,6.7,2852,tvMiniSeries,Exact (title + year),-0.2
921,924,The Minions of Midas,2020,"",6.6/10,53/100,1,0,0,0,1,6.6,tt10147520,6.6,5144,tvMiniSeries,Exact (title + year),0
922,925,7SEEDS,2019,18+,6.4/10,53/100,1,0,0,0,1,6.4,tt9348718,6.3,2158,tvSeries,Exact (title + year),-0.100000000000001
923,926,Ultimate Beastmaster,2017,all,7.3/10,53/100,1,0,0,0,1,7.3,tt5607970,7.2,2976,tvSeries,Exact (title + year),-0.0999999999999996
924,927,Trigger Warning with Killer Mike,2019,16+,7.0/10,53/100,1,0,0,0,1,7,tt9426194,7.1,1346,tvSeries,Exact (title + year),0.0999999999999996
925,928,The Queen of Flow,2018,18+,7.8/10,53/100,1,0,0,0,1,7.8,tt8560918,7.5,2086,tvSeries,Exact (title + year),-0.3
926,929,The Upshaws,2021,16+,6.9/10,53/100,1,0,0,0,1,6.9,tt10945036,7.1,5147,tvSeries,Exact (title + year),0.199999999999999
927,930,Huge in France,2019,16+,6.8/10,53/100,1,0,0,0,1,6.8,tt8009602,6.8,3274,tvSeries,Exact (title + year),0
928,931,Good Morning Call,2016,all,7.5/10,53/100,1,0,0,0,1,7.5,tt5520732,7.4,4117,tvSeries,Exact (title + year),-0.0999999999999996
929,932,Reality Z,2020,18+,5.4/10,53/100,1,0,0,0,1,5.4,tt10241238,5.7,3289,tvSeries,Exact (title + year),0.3
930,933,Bella and the Bulldogs,2015,all,5.4/10,53/100,1,0,0,0,1,5.4,tt3596178,5.4,3002,tvSeries,Exact (title + year),0
931,934,Johnny Test,2005,all,5.1/10,53/100,1,0,0,0,1,5.1,tt0454349,5.5,11225,tvSeries,Exact (title + year),0.4
932,935,The Lost Pirate Kingdom,2021,18+,6.6/10,53/100,1,0,0,0,1,6.6,tt14057360,6.6,3882,tvSeries,Exact (title + year),0
933,936,The I-Land,2019,18+,4.6/10,53/100,1,0,0,0,1,4.6,tt9067020,4.7,21065,tvMiniSeries,Exact (title + year),0.100000000000001
934,937,Find Yourself,2020,"",7.8/10,53/100,1,0,0,0,1,7.8,tt11569628,7.4,610,tvSeries,Exact (title + year),-0.399999999999999
935,938,A Love So Beautiful,2017,"",8.1/10,53/100,1,0,0,0,1,8.1,tt8434720,7.9,2363,tvSeries,Exact (title + year),-0.199999999999999
936,939,Free Rein,2017,all,7.3/10,53/100,1,0,0,0,1,7.3,tt6928052,7.1,3062,tvSeries,Exact (title + year),-0.2
937,940,Ashes of Love,2018,7+,8.4/10,53/100,1,0,0,0,1,8.4,tt8976346,7.9,4018,tvSeries,Exact (title + year),-0.5
938,941,Masha and the Bear,2009,all,7.5/10,53/100,1,0,0,0,1,7.5,,,,,Unmatched,
939,942,Million Pound Menu,2018,"",6.7/10,53/100,1,0,0,0,1,6.7,tt8488494,6.7,697,tvSeries,Exact (title + year),0
940,943,All Hail King Julien,2014,7+,7.1/10,53/100,1,0,0,0,1,7.1,tt3807022,7.2,2974,tvSeries,Exact (title + year),0.100000000000001
941,944,The Day I Met El Chapo: The Kate del Castillo Story,2017,18+,6.9/10,53/100,1,0,0,0,1,6.9,tt7334894,6.8,1265,tvSeries,Exact (title + year),-0.100000000000001
942,945,Argos Comunicación,2017,18+,7.2/10,53/100,1,0,0,0,1,7.2,,,,,Unmatched,
943,946,The Rational Life,2021,"",8.2/10,53/100,1,0,0,0,1,8.2,tt14376958,7.8,1240,tvSeries,Exact (title + year),-0.399999999999999
944,947,Busted!,2018,16+,7.7/10,53/100,1,0,0,0,1,7.7,tt8328460,7.7,1478,tvSeries,Exact (title + year),0
945,948,Street Food,2019,all,8.2/10,53/100,1,0,0,0,1,8.2,,,,,Unmatched,
946,949,A Little Thing Called First Love,2019,all,8.0/10,53/100,1,0,1,0,1,8,tt11152058,7.6,821,tvSeries,Exact (title + year),-0.4
947,950,The Surgeon's Cut,2020,"",8.5/10,53/100,1,0,0,0,1,8.5,tt13487106,8.4,1367,tvSeries,Exact (title + year),-0.0999999999999996
948,951,Song Exploder,2020,18+,7.4/10,53/100,1,0,0,0,1,7.4,tt13110256,7.4,940,tvSeries,Exact (title + year),0
949,952,Unabomber: In His Own Words,2020,"",7.2/10,53/100,1,0,0,0,1,7.2,tt11833494,7.2,4765,tvMiniSeries,Exact (title + year),0
950,953,Spycraft,2021,18+,6.7/10,53/100,1,0,0,0,1,6.7,tt13789092,6.7,2714,tvSeries,"Fuzzy (title exact, year +-1)",0
951,954,Thieves of the Wood,2020,18+,6.8/10,53/100,1,0,0,0,1,6.8,,,,,Unmatched,
952,955,Headspace Guide to Meditation,2021,7+,8.5/10,53/100,1,0,0,0,1,8.5,tt13617024,8.3,2044,tvMiniSeries,Exact (title + year),-0.199999999999999
953,956,Record of Grancrest War,2018,18+,7.2/10,53/100,1,0,0,0,1,7.2,tt7897050,7.1,1495,tvSeries,Exact (title + year),-0.100000000000001
954,957,Abyss,2019,16+,7.1/10,53/100,1,0,0,0,1,7.1,tt10055734,7.1,4739,tvSeries,Exact (title + year),0
955,958,Silver Spoon,2014,16+,7.7/10,53/100,1,0,0,0,1,7.7,tt4426042,7.4,2141,tvSeries,Exact (title + year),-0.3
956,959,Omniscient,2020,18+,6.4/10,53/100,1,0,0,0,1,6.4,tt11542920,6.5,2803,tvSeries,Exact (title + year),0.0999999999999996
957,960,Creeped Out,2017,7+,6.6/10,53/100,1,0,0,0,1,6.6,tt7573024,6.6,3034,tvSeries,Exact (title + year),0
958,961,The Worst Witch,2017,7+,7.3/10,53/100,1,0,0,0,1,7.3,tt5721172,7.1,3918,tvSeries,Exact (title + year),-0.2
959,962,Diablero,2018,16+,6.7/10,53/100,1,0,0,0,1,6.7,tt7414954,6.8,3016,tvSeries,Exact (title + original-language year),0.0999999999999996
960,963,Samurai Gourmet,2017,"",8.1/10,53/100,1,0,0,0,1,8.1,tt6304676,8,2603,tvMiniSeries,Exact (title + year),-0.0999999999999996
961,964,The Daily Life of the Immortal King,2020,16+,7.4/10,53/100,1,0,0,0,1,7.4,tt11755260,7.1,4457,tvSeries,Exact (title + year),-0.300000000000001
962,965,The Guest,2018,"",8.2/10,53/100,1,0,0,0,1,8.2,tt9363208,6.6,1699,movie,Exact (title + original-language year) [non-TV type],-1.6
963,966,You Are My Spring,2021,"",7.3/10,53/100,1,0,0,0,1,7.3,tt14169816,7.3,1243,tvSeries,Exact (title + year),0
964,967,My First First Love,2019,7+,7.5/10,53/100,1,0,0,0,1,7.5,tt8995604,7.4,3855,tvSeries,Exact (title + year),-0.0999999999999996
965,968,The Mr. Peabody & Sherman Show,2015,7+,5.8/10,53/100,1,0,0,0,1,5.8,tt5021206,5.8,692,tvSeries,Exact (title + year),0
966,969,My Shy Boss,2017,"",7.3/10,53/100,1,0,0,0,1,7.3,,,,,Unmatched,
967,970,Trial 4,2020,"",7.4/10,53/100,1,0,0,0,1,7.4,tt13363298,7.5,2585,tvMiniSeries,Exact (title + year),0.0999999999999996
968,971,The Business of Drugs,2020,18+,7.2/10,53/100,1,0,0,0,1,7.2,tt12588416,7.2,2004,tvMiniSeries,Exact (title + year),0
969,972,"Fresh, Fried & Crispy",2021,7+,6.2/10,53/100,1,0,0,0,1,6.2,,,,,Unmatched,
970,973,The Legend of Bruce Lee,2008,"",7.0/10,53/100,1,0,1,0,1,7,tt1059455,6.9,1720,tvSeries,Exact (title + year),-0.0999999999999996
971,974,Jiva!,2021,18+,5.7/10,53/100,1,0,0,0,1,5.7,tt12564616,6.1,347,tvSeries,Exact (title + year),0.399999999999999
972,975,Killer Ratings,2019,18+,8.0/10,53/100,1,0,0,0,1,8,tt10243692,7.5,2139,tvMiniSeries,Exact (title + year),-0.5
973,976,Switched,2018,16+,7.1/10,53/100,1,0,0,0,1,7.1,tt8747882,7.1,2045,tvMiniSeries,Exact (title + year),0
974,977,Go! Live Your Way,2019,"",7.1/10,52/100,1,0,0,0,1,7.1,tt9654086,6.8,1261,tvSeries,Exact (title + year),-0.3
975,978,Criminal: France,2019,7+,7.2/10,52/100,1,0,0,0,1,7.2,tt10986052,7.2,5132,tvMiniSeries,Exact (title + year),0
976,979,Bloodride,2020,18+,6.4/10,52/100,1,0,0,0,1,6.4,tt9815502,6.4,4945,tvSeries,Exact (title + year),0
977,980,Glitch Techs,2020,all,7.9/10,52/100,1,0,0,0,1,7.9,tt7697062,7.7,2225,tvSeries,Exact (title + year),-0.2
978,981,Country Comfort,2021,7+,6.9/10,52/100,1,0,0,0,1,6.9,tt11717394,6.8,4701,tvSeries,Exact (title + year),-0.100000000000001
979,982,The Disappearance of Madeleine McCann,2019,16+,6.6/10,52/100,1,0,0,0,1,6.6,tt9879074,6.6,12431,tvMiniSeries,Exact (title + year),0
980,983,Nobody's Looking,2019,18+,7.8/10,52/100,1,0,0,0,1,7.8,tt11131980,7.7,2774,tvSeries,Exact (title + year),-0.0999999999999996
981,984,Inside the World's Toughest Prisons,2016,18+,7.1/10,52/100,1,0,0,0,1,7.1,tt6322264,7.2,4427,tvSeries,Exact (title + year),0.100000000000001
982,985,Love & Anarchy,2020,"",7.4/10,52/100,1,0,0,0,1,7.4,tt10888876,7.3,13525,tvSeries,Exact (title + year),-0.100000000000001
983,986,Family Reunion,2019,7+,6.5/10,52/100,1,0,0,0,1,6.5,tt9153270,6.6,4115,tvSeries,Exact (title + year),0.0999999999999996
984,987,Borderliner,2017,18+,6.8/10,52/100,1,0,0,0,1,6.8,,,,,Unmatched,
985,988,Sisters,2017,"",7.5/10,52/100,1,0,0,0,1,7.5,tt6258050,7.4,1977,tvMiniSeries,Exact (title + year),-0.0999999999999996
986,989,Kissing Game,2020,18+,6.4/10,52/100,1,0,0,0,1,6.4,tt11131962,6.1,1010,tvSeries,Exact (title + year),-0.300000000000001
987,990,Who Killed Malcolm X?,2019,"",7.6/10,52/100,1,0,0,0,1,7.6,tt10948316,7.5,2565,tvMiniSeries,Exact (title + year),-0.0999999999999996
988,991,"Good Morning, Verônica",2020,"",7.6/10,52/100,1,0,0,0,1,7.6,tt12987918,7.4,7434,tvSeries,Exact (title + year),-0.199999999999999
989,992,Bad Boy Billionaires: India,2020,"",8.0/10,52/100,1,0,0,0,1,8,tt12923630,7.8,3736,tvSeries,Exact (title + year),-0.2
990,993,Neo Yokio,2017,18+,5.9/10,52/100,1,0,0,0,1,5.9,tt7343832,6,3750,tvMiniSeries,Exact (title + year),0.0999999999999996
991,994,Grand Hotel,2016,"",8.2/10,52/100,1,0,0,0,1,8.2,tt5195390,6.3,746,movie,Exact (title + year) [non-TV type],-1.9
992,995,Crazy Delicious,2020,7+,6.7/10,52/100,1,0,0,0,1,6.7,tt11301834,6.8,1268,tvSeries,Exact (title + year),0.0999999999999996
993,996,The Frozen Dead,2017,"",6.3/10,52/100,1,0,0,0,1,6.3,,,,,Unmatched,
994,997,Zumbo's Just Desserts,2016,7+,6.9/10,52/100,1,0,0,0,1,6.9,tt7239256,6.9,2434,tvSeries,Exact (title + year),0
995,998,Another Miss Oh,2016,"",7.9/10,52/100,1,0,0,0,1,7.9,tt5679572,7.7,2971,tvSeries,Exact (title + year),-0.2
996,999,Soundtrack,2019,"",6.8/10,52/100,1,0,0,0,1,6.8,tt7913450,6.8,2311,tvSeries,Exact (title + year),0
997,1000,Bad Guys,2014,18+,7.9/10,52/100,1,0,0,0,1,7.9,tt3914520,7.7,2142,tvSeries,Exact (title + year),-0.2
998,1001,Fireman Sam,1989,all,6.2/10,52/100,1,0,1,0,1,6.2,,,,,Unmatched,
999,1002,We Are the Wave,2019,18+,6.1/10,52/100,1,0,0,0,1,6.1,tt11053220,6.2,3405,tvSeries,Exact (title + year),0.100000000000001
1000,1003,Morocco: Love in Times of War,2017,"",7.6/10,52/100,1,0,0,0,1,7.6,tt6740146,7.5,3498,tvSeries,Exact (title + year),-0.0999999999999996
1001,1004,Okupas,2000,18+,9.1/10,52/100,1,0,0,0,1,9.1,tt0289649,8.9,4079,tvMiniSeries,Exact (title + year),-0.199999999999999
1002,1005,Sword Art Online Alternative: Gun Gale Online,2018,16+,6.9/10,52/100,1,1,0,0,1,6.9,tt7978710,6.8,3375,tvSeries,Exact (title + year),-0.100000000000001
1003,1006,The Haunted Hathaways,2013,all,5.3/10,52/100,1,0,0,0,1,5.3,tt2535732,5.4,3385,tvSeries,Exact (title + year),0.100000000000001
1004,1007,TIGER & BUNNY,2011,16+,7.4/10,52/100,1,1,0,0,1,7.4,tt2061527,7.3,1849,tvSeries,Exact (title + year),-0.100000000000001
1005,1008,The Queen and the Conqueror,2020,16+,6.7/10,52/100,1,0,0,0,1,6.7,tt10348700,6.6,252,tvSeries,Exact (title + year),-0.100000000000001
1006,1009,Mossad 101,2015,"",6.9/10,52/100,1,0,0,0,1,6.9,,,,,Unmatched,
1007,1010,Hoops,2020,18+,6.0/10,52/100,1,0,0,0,1,6,tt9077562,6,8161,tvSeries,Exact (title + year),0
1008,1011,Crime Diaries: The Candidate,2019,18+,7.6/10,52/100,1,0,0,0,1,7.6,tt9327348,7.5,1007,tvSeries,Exact (title + year),-0.0999999999999996
1009,1012,Zac & Mia,2017,16+,7.9/10,52/100,1,1,0,0,1,7.9,,,,,Unmatched,
1010,1013,Men on a Mission,2015,16+,8.3/10,52/100,1,0,0,0,1,8.3,,,,,Unmatched,
1011,1014,Girls Hostel,2018,7+,8.1/10,52/100,1,0,0,0,1,8.1,tt9401936,7.7,4365,tvSeries,Exact (title + year),-0.399999999999999
1012,1015,Power Rangers Dino Fury,2021,7+,6.8/10,52/100,1,0,0,0,1,6.8,tt12360292,6.5,1383,tvSeries,Exact (title + year),-0.3
1013,1016,Broken,2019,16+,6.9/10,52/100,1,0,0,0,1,6.9,tt11168226,6.9,1400,tvSeries,Exact (title + year),0
1014,1017,Barney & Friends,1992,all,3.9/10,52/100,1,0,1,0,1,3.9,tt0144701,4.1,8885,tvSeries,Exact (title + year),0.2
1015,1018,Yunus Emre: Aşkın Yolculuğu,2015,"",8.0/10,52/100,1,0,0,0,1,8,,,,,Unmatched,
1016,1019,We the People,2021,7+,4.5/10,52/100,1,0,0,0,1,4.5,tt14770480,4.2,954,tvSeries,Exact (title + year),-0.3
1017,1020,SanPa: Sins of the Savior,2020,"",7.8/10,52/100,1,0,0,0,1,7.8,tt13731400,7.7,1858,tvMiniSeries,Exact (title + year),-0.0999999999999996
1018,1021,The Big Show Show,2020,all,6.4/10,52/100,1,0,0,0,1,6.4,tt10726356,6.3,3132,tvSeries,Exact (title + year),-0.100000000000001
1019,1022,Ares,2020,18+,5.6/10,52/100,1,0,0,0,1,5.6,tt8404520,5.7,5217,tvSeries,Exact (title + year),0.100000000000001
1020,1023,The Duchess,2020,18+,6.8/10,52/100,1,0,1,0,1,6.8,tt9310390,6.7,6376,tvSeries,Exact (title + year),-0.0999999999999996
1021,1024,Green Frontier,2019,18+,7.3/10,52/100,1,0,0,0,1,7.3,,,,,Unmatched,
1022,1025,Love Alarm,2019,"",6.8/10,52/100,1,0,0,0,1,6.8,tt9145880,6.5,9932,tvSeries,Exact (title + year),-0.3
1023,1026,Loaded,2017,"",6.6/10,52/100,1,0,0,0,1,6.6,tt6210192,6.6,1498,tvSeries,Exact (title + year),0
1024,1027,Nagi no Asukara,2013,7+,7.4/10,52/100,1,0,0,0,1,7.4,tt3104236,7.4,1696,tvSeries,Exact (title + original-language year),0
1025,1028,Luna Nera,2020,18+,5.6/10,52/100,1,0,0,0,1,5.6,tt8403622,5.9,3882,tvSeries,Exact (title + year),0.300000000000001
1026,1029,Secrets of Great British Castles,2015,7+,7.8/10,52/100,1,0,0,0,1,7.8,tt5181284,7.7,1359,tvSeries,Exact (title + year),-0.0999999999999996
1027,1030,Ridley Jones,2021,all,5.6/10,52/100,1,0,0,0,1,5.6,tt13351440,2,1745,tvSeries,Exact (title + year),-3.6
1028,1031,Next in Fashion,2020,16+,7.3/10,52/100,1,0,0,0,1,7.3,tt10394770,7.3,5609,tvSeries,Exact (title + year),0
1029,1032,Children of the Whales,2017,16+,7.1/10,52/100,1,0,0,0,1,7.1,tt7484994,7,2103,tvMiniSeries,Exact (title + year),-0.0999999999999996
1030,1033,Live,2018,16+,8.4/10,52/100,1,0,0,0,1,8.4,tt7976532,8.3,1742,tvSeries,Exact (title + year),-0.0999999999999996
1031,1034,Hangar 1: The UFO Files,2015,7+,7.3/10,52/100,1,0,1,0,1,7.3,tt3552688,7.2,1087,tvSeries,"Fuzzy (title exact, year +-1)",-0.0999999999999996
1032,1035,The Paper,2016,"",8.1/10,52/100,1,0,0,0,1,8.1,,,,,Unmatched,
1033,1036,Valeria,2020,18+,6.2/10,52/100,1,0,0,0,1,6.2,tt9731288,6.7,9674,tvSeries,Exact (title + year),0.5
1034,1037,Girls und Panzer,2012,16+,7.4/10,52/100,1,1,0,0,1,7.4,tt2294076,7.5,1925,tvMiniSeries,Exact (title + original-language year),0.0999999999999996
1035,1038,World's Most Wanted,2020,16+,7.2/10,52/100,1,0,0,0,1,7.2,tt12753698,7.1,3193,tvSeries,Exact (title + year),-0.100000000000001
1036,1039,The Adventures of Puss in Boots,2015,7+,6.7/10,51/100,1,0,0,0,1,6.7,tt3807034,6.5,3057,tvSeries,Exact (title + year),-0.2
1037,1040,Merry Happy Whatever,2019,"",6.3/10,51/100,1,0,0,0,1,6.3,tt9770286,6.3,5865,tvSeries,Exact (title + year),0
1038,1041,The Holiday Movies That Made Us,2020,"",7.1/10,51/100,1,0,0,0,1,7.1,,,,,Unmatched,
1039,1042,MeatEater,2012,16+,7.7/10,51/100,1,0,0,0,1,7.7,tt2169245,7.6,1779,tvSeries,Exact (title + year),-0.100000000000001
1040,1043,Old Money,2015,7+,7.6/10,51/100,1,0,0,0,1,7.6,,,,,Unmatched,
1041,1044,Trump: An American Dream,2017,"",7.2/10,51/100,1,0,0,0,1,7.2,tt7596008,7.2,5240,tvMiniSeries,Exact (title + year),0
1042,1045,Paquita Salas,2016,"",8.0/10,51/100,1,0,0,0,1,8,tt5866074,8,4741,tvSeries,Exact (title + year),0
1043,1046,The Disastrous Life of Saiki K.: Reawakened,2019,"",7.9/10,51/100,1,0,0,0,1,7.9,tt11163352,7.9,3161,tvSeries,Exact (title + year),0
1044,1047,Heartbreak High,1994,7+,7.8/10,51/100,1,0,0,0,1,7.8,tt0108800,7.8,3911,tvSeries,Exact (title + year),0
1045,1048,Reply 1994,2013,"",7.8/10,51/100,1,0,0,0,1,7.8,tt3357586,7.7,1946,tvSeries,Exact (title + year),-0.0999999999999996
1046,1049,El Final del Paraíso,2019,"",5.5/10,51/100,1,0,0,0,1,5.5,tt10367818,5,345,tvSeries,Exact (title + year),-0.5
1047,1050,"Breakfast, Lunch & Dinner",2019,18+,6.8/10,51/100,1,0,0,0,1,6.8,tt10681670,6.7,1225,tvSeries,Exact (title + year),-0.0999999999999996
1048,1051,Trailer Park Boys: Out of the Park: Europe,2016,18+,6.7/10,51/100,1,0,0,0,1,6.7,,,,,Unmatched,
1049,1052,If I Hadn't Met You,2018,"",7.7/10,51/100,1,0,0,0,1,7.7,tt8517780,7.5,3411,tvSeries,Exact (title + year),-0.2
1050,1053,Einsatzgruppen: The Nazi Death Squads,2009,"",7.6/10,51/100,1,0,0,0,1,7.6,,,,,Unmatched,
1051,1054,Rookie Historian Goo Hae-Ryung,2019,"",8.2/10,51/100,1,0,0,0,1,8.2,tt10406128,8.1,4175,tvSeries,Exact (title + year),-0.0999999999999996
1052,1055,Put Your Head on My Shoulder,2019,7+,8.0/10,51/100,1,0,0,0,1,8,tt10265158,7.9,4402,tvSeries,Exact (title + year),-0.0999999999999996
1053,1056,Monzón: A Knockout Blow,2019,18+,7.9/10,51/100,1,0,0,0,1,7.9,tt9852660,7.8,931,tvMiniSeries,Exact (title + year),-0.100000000000001
1054,1057,The Expanding Universe of Ashley Garcia,2020,all,6.8/10,51/100,1,0,0,0,1,6.8,tt10380934,6.7,1909,tvSeries,Exact (title + original-language year),-0.0999999999999996
1055,1058,The Snitch Cartel: Origins,2021,"","",51/100,1,0,0,0,1,,tt14417802,6,323,tvSeries,Exact (title + year),
1056,1059,Two Sentence Horror Stories,2019,16+,5.5/10,51/100,1,0,0,0,1,5.5,,,,,Unmatched,
1057,1060,Shot in the Dark,2017,18+,8.3/10,51/100,1,0,0,0,1,8.3,tt7644680,7.9,2165,tvSeries,Exact (title + year),-0.4
1058,1061,Too Hot to Handle: Brazil,2021,"",5.5/10,51/100,1,0,0,0,1,5.5,tt14902484,5.3,757,tvSeries,Exact (title + year),-0.2
1059,1062,Criminal: Spain,2019,7+,6.9/10,51/100,1,0,0,0,1,6.9,tt10986050,6.9,5225,tvMiniSeries,Exact (title + year),0
1060,1063,Half & Half,2002,7+,7.1/10,51/100,1,0,0,0,1,7.1,tt0320024,7.2,2362,tvSeries,Exact (title + year),0.100000000000001
1061,1064,One Spring Night,2019,"",7.9/10,51/100,1,0,0,0,1,7.9,tt10192576,7.8,5246,tvSeries,Exact (title + year),-0.100000000000001
1062,1065,Chicago Typewriter,2017,"",8.3/10,51/100,1,0,0,0,1,8.3,tt6516076,8.2,2491,tvSeries,Exact (title + year),-0.100000000000001
1063,1066,The Least Expected Day: Inside the Movistar Team 2019,2020,7+,7.4/10,51/100,1,0,0,0,1,7.4,,,,,Unmatched,
1064,1067,Suits,2018,"",7.4/10,51/100,1,0,1,0,1,7.4,tt8084058,7.4,894,tvSeries,Exact (title + year),0
1065,1068,"Nicky, Ricky, Dicky & Dawn",2014,all,5.2/10,51/100,1,0,0,0,1,5.2,tt3596176,5.6,4552,tvSeries,Exact (title + year),0.399999999999999
1066,1069,Room 2806: The Accusation,2020,"",7.0/10,51/100,1,0,0,0,1,7,tt13540900,7,2623,tvMiniSeries,Exact (title + year),0
1067,1070,20 Minutes,2013,"",6.9/10,51/100,1,0,0,0,1,6.9,tt2544148,8.2,11965,tvSeries,Exact (title + year),1.3
1068,1071,The Honeymoon Stand Up Special,2018,16+,6.9/10,51/100,1,0,0,0,1,6.9,,,,,Unmatched,
1069,1072,Secret Agent Selection: WW2,2018,"",7.7/10,51/100,1,0,0,0,1,7.7,tt8268994,7.6,717,tvMiniSeries,Exact (title + original-language year),-0.100000000000001
1070,1073,BREAK IT ALL: The History of Rock in Latin America,2020,18+,7.6/10,51/100,1,0,0,0,1,7.6,tt13570366,7.6,1484,tvMiniSeries,Exact (title + year),0
1071,1074,Rapture,2018,18+,7.2/10,51/100,1,0,0,0,1,7.2,tt7981052,7.1,638,tvMiniSeries,Exact (title + year),-0.100000000000001
1072,1075,My Country: The New Age,2019,"",8.3/10,51/100,1,0,0,0,1,8.3,tt10850888,8.1,3228,tvSeries,Exact (title + year),-0.200000000000001
1073,1076,100 Humans. Life's Questions. Answered.,2020,"",5.7/10,51/100,1,0,0,0,1,5.7,,,,,Unmatched,
1074,1077,Chef's Table: France,2016,16+,8.3/10,51/100,1,0,0,0,1,8.3,tt6088326,8.2,1993,tvMiniSeries,Exact (title + year),-0.100000000000001
1075,1078,Connected,2020,"",7.5/10,51/100,1,0,0,0,1,7.5,tt33202180,5.1,13,short,Exact (title + year) [non-TV type],-2.4
1076,1079,Wolverine,2011,16+,6.3/10,51/100,1,0,0,0,1,6.3,tt1847521,6.1,1960,tvMiniSeries,Exact (title + year),-0.2
1077,1080,La Doña,2016,16+,7.2/10,51/100,1,0,0,0,1,7.2,tt5663590,7.2,827,tvSeries,Exact (title + original-language year),0
1078,1081,Accidentally In Love,2018,7+,7.6/10,51/100,1,0,0,0,1,7.6,tt9077184,7.4,1580,tvSeries,Exact (title + year),-0.199999999999999
1079,1082,Capitani,2019,"",6.6/10,51/100,1,0,0,0,1,6.6,tt10483610,6.6,6997,tvSeries,Exact (title + year),0
1080,1083,Final Fantasy XIV: Dad of Light,2017,7+,7.0/10,51/100,1,0,0,0,1,7,tt6497076,7.1,734,tvMiniSeries,Exact (title + year),0.0999999999999996
1081,1084,Shadow,2019,7+,6.6/10,51/100,1,0,0,0,1,6.6,tt9817236,6.6,1148,tvMiniSeries,Exact (title + year),0
1082,1085,Sugar Rush,2018,7+,7.0/10,51/100,1,0,0,0,1,7,tt8680560,7,1908,tvSeries,Exact (title + year),0
1083,1086,Trash Truck,2020,all,8.4/10,51/100,1,0,0,0,1,8.4,tt9288860,8.6,1136,tvSeries,Exact (title + year),0.199999999999999
1084,1087,The Victims' Game,2020,18+,7.4/10,51/100,1,0,0,0,1,7.4,tt12079212,7.3,2413,tvSeries,Exact (title + year),-0.100000000000001
1085,1088,Floor is Lava,2020,all,5.3/10,51/100,1,0,0,0,1,5.3,tt12370124,5.4,3161,tvSeries,Exact (title + year),0.100000000000001
1086,1089,Leila,2019,16+,4.8/10,51/100,1,0,0,0,1,4.8,tt9337588,5.1,9557,tvSeries,Exact (title + year),0.3
1087,1090,Designated Survivor: 60 Days,2019,"",8.1/10,51/100,1,0,0,0,1,8.1,tt10405394,8.1,2258,tvSeries,Exact (title + year),0
1088,1091,Subat,2012,"",8.1/10,51/100,1,0,0,0,1,8.1,tt2543258,7.9,1868,tvSeries,Exact (title + year),-0.199999999999999
1089,1092,The Last Kids on Earth,2019,7+,7.4/10,51/100,1,0,0,0,1,7.4,tt8914012,7.2,2384,tvSeries,Exact (title + year),-0.2
1090,1093,Behind Enemy Lines,2001,13+,6.4/10,50/100,1,0,0,0,1,6.4,tt5170230,7.2,49,tvSeries,Exact (title + year),0.8
1091,1094,Dating Around,2019,16+,6.3/10,50/100,1,0,0,0,1,6.3,tt9654080,6.4,1349,tvSeries,Exact (title + year),0.100000000000001
1092,1095,Haunted,2018,18+,4.6/10,50/100,1,0,0,0,1,4.6,tt9077192,4.7,3754,tvSeries,Exact (title + year),0.100000000000001
1093,1096,Drug Lords,2018,18+,6.8/10,50/100,1,0,0,0,1,6.8,tt7935522,6.8,1676,tvSeries,Exact (title + year),0
1094,1097,Jinn,2019,16+,3.5/10,50/100,1,0,0,0,1,3.5,tt8923396,3.5,10748,tvSeries,Exact (title + year),0
1095,1098,The Wiggles,1998,all,5.9/10,50/100,1,0,0,0,1,5.9,,,,,Unmatched,
1096,1099,Bling Empire,2021,18+,5.8/10,50/100,1,0,0,0,1,5.8,tt13660962,5.8,3919,tvSeries,Exact (title + year),0
1097,1100,The InBESTigators,2019,all,8.1/10,50/100,1,0,0,0,1,8.1,tt9332962,8.2,1744,tvSeries,Exact (title + year),0.0999999999999996
1098,1101,Ad Vitam,2018,7+,6.5/10,50/100,1,0,0,0,1,6.5,tt8548830,6.4,1966,tvSeries,Exact (title + year),-0.0999999999999996
1099,1102,Girls Incarcerated,2018,18+,7.3/10,50/100,1,0,0,0,1,7.3,,,,,Unmatched,
1100,1103,Inhuman Resources,2020,"",7.2/10,50/100,1,0,0,0,1,7.2,tt12101170,7.2,4997,tvMiniSeries,Exact (title + year),0
1101,1104,Bonus Family,2017,7+,7.6/10,50/100,1,0,0,0,1,7.6,,,,,Unmatched,
1102,1105,The Club,2019,18+,6.3/10,50/100,1,0,0,0,1,6.3,tt10833132,6.2,1081,tvSeries,Exact (title + year),-0.0999999999999996
1103,1106,Rabbids Invasion,2013,7+,5.0/10,50/100,1,1,0,0,1,5,tt3105674,5.5,2748,tvSeries,Exact (title + year),0.5
1104,1107,Why Are You Like This?,2021,18+,6.5/10,50/100,1,0,0,0,1,6.5,,,,,Unmatched,
1105,1108,Moesha,1996,7+,5.8/10,50/100,1,1,0,0,1,5.8,tt0115275,6,4542,tvSeries,Exact (title + year),0.2
1106,1109,Ben and Holly's Little Kingdom,2009,all,7.4/10,50/100,1,0,0,0,1,7.4,,,,,Unmatched,
1107,1110,La Niña,2016,"",8.6/10,50/100,1,0,0,0,1,8.6,tt5677942,8.4,762,tvSeries,Exact (title + year),-0.199999999999999
1108,1111,The Alcàsser Murders,2019,18+,7.1/10,50/100,1,0,0,0,1,7.1,tt8033244,7,2924,tvMiniSeries,Exact (title + year),-0.0999999999999996
1109,1112,Scare Tactics,2003,16+,6.7/10,50/100,1,0,0,0,1,6.7,tt0339968,6.7,2688,tvSeries,Exact (title + year),0
1110,1113,Levius,2019,"",7.0/10,50/100,1,0,0,0,1,7,tt10619444,7,755,tvMiniSeries,Exact (title + year),0
1111,1114,(Un)Well,2020,18+,6.4/10,50/100,1,0,0,0,1,6.4,tt12759384,6.4,1320,tvSeries,Exact (title + year),0
1112,1115,The Houseboat,2021,18+,7.3/10,50/100,1,0,0,0,1,7.3,tt14019016,7.1,1349,tvSeries,Exact (title + year),-0.2
1113,1116,"That Winter, the Wind Blows",2013,"",7.7/10,50/100,1,0,0,0,1,7.7,tt2806646,7.5,2769,tvMiniSeries,Exact (title + year),-0.2
1114,1117,We Are the Champions,2020,"",7.1/10,50/100,1,0,0,0,1,7.1,tt12409154,7.1,1735,tvSeries,Exact (title + year),0
1115,1118,Oktoberfest: Beer & Blood,2020,"",6.8/10,50/100,1,0,0,0,1,6.8,tt10244612,6.8,3075,tvMiniSeries,Exact (title + year),0
1116,1119,The Stranded,2019,18+,6.3/10,50/100,1,0,0,0,1,6.3,tt9310400,6.2,1623,tvSeries,Exact (title + year),-0.0999999999999996
1117,1120,Chelsea,2016,18+,6.0/10,50/100,1,0,0,0,1,6,tt5672036,6.4,2246,tvSeries,Exact (title + year),0.4
1118,1121,Transformers: Rescue Bots,2012,7+,6.5/10,50/100,1,0,1,0,1,6.5,tt2139371,6.6,1442,tvSeries,"Fuzzy (title exact, year +-1)",0.0999999999999996
1119,1122,Taj Mahal 1989,2020,"",7.5/10,50/100,1,0,0,0,1,7.5,tt11725706,7.4,1809,tvSeries,Exact (title + year),-0.0999999999999996
1120,1123,Gameboys,2020,"","",50/100,1,0,0,0,1,,tt12508898,8.3,1577,tvSeries,Exact (title + year),
1121,1124,Stay Here,2018,7+,7.5/10,50/100,1,0,0,0,1,7.5,tt8773338,7.5,1233,tvSeries,Exact (title + year),0
1122,1125,Murder Maps,2015,16+,7.5/10,50/100,1,0,0,0,1,7.5,tt5075360,7.5,693,tvSeries,Exact (title + year),0
1123,1126,Filinta: An Ottoman Policeman,2014,16+,6.8/10,50/100,1,0,0,0,1,6.8,,,,,Unmatched,
1124,1127,White Rabbit Project,2016,7+,6.9/10,50/100,1,0,0,0,1,6.9,tt6048644,6.9,1834,tvSeries,Exact (title + year),0
1125,1128,Mystery Lab,2020,7+,7.7/10,50/100,1,0,0,0,1,7.7,tt12723962,7.4,928,tvSeries,Exact (title + year),-0.3
1126,1129,Ghost in the Shell: SAC_2045,2020,"",6.3/10,50/100,1,0,0,0,1,6.3,tt9466298,6.4,3351,tvSeries,Exact (title + year),0.100000000000001
1127,1130,Tomorrow with You,2017,"",7.5/10,50/100,1,0,0,0,1,7.5,tt5994346,7.4,1682,tvSeries,Exact (title + year),-0.0999999999999996
1128,1131,Rosario Tijeras,2017,"",6.2/10,50/100,1,0,0,0,1,6.2,tt6340304,6.4,771,tvSeries,"Fuzzy (title exact, year +-1)",0.2
1129,1132,Supermarket Sweep,1990,all,7.5/10,50/100,1,1,1,0,1,7.5,tt0180384,7.5,1315,tvSeries,Exact (title + year),0
1130,1133,Pandemic: How to Prevent an Outbreak,2020,16+,6.4/10,50/100,1,0,0,0,1,6.4,tt11497904,6.4,2920,tvMiniSeries,Exact (title + year),0
1131,1134,Autumn's Concerto,2009,16+,8.0/10,50/100,1,0,0,0,1,8,tt3530668,7.8,659,tvSeries,Exact (title + year),-0.2
1132,1135,Captive,2016,"",6.9/10,50/100,1,0,0,0,1,6.9,tt6246500,6.8,887,tvSeries,Exact (title + year),-0.100000000000001
1133,1136,Mobile Suit Gundam Unicorn,2010,16+,7.8/10,50/100,1,0,0,0,1,7.8,tt1587790,7.7,1879,tvMiniSeries,Exact (title + year),-0.0999999999999996
1134,1137,College Behind Bars,2019,"",8.4/10,50/100,1,0,0,0,1,8.4,tt9780458,8.3,324,tvSeries,Exact (title + year),-0.0999999999999996
1135,1138,Big Timber,2020,"",6.4/10,50/100,1,0,0,0,1,6.4,tt13322572,6.9,1163,tvSeries,Exact (title + year),0.5
1136,1139,The Trial,2019,"",7.0/10,50/100,1,0,0,0,1,7,tt10549212,7.2,4594,tvSeries,Exact (title + year),0.2
1137,1140,The Circle France,2020,"",7.4/10,50/100,1,0,0,0,1,7.4,,,,,Unmatched,
1138,1141,Moving Art,2007,7+,8.7/10,50/100,1,0,0,0,1,8.7,,,,,Unmatched,
1139,1142,Bumping Mics with Jeff Ross & Dave Attell,2018,18+,7.7/10,50/100,1,0,0,0,1,7.7,tt9203078,7.7,1403,tvSeries,Exact (title + year),0
1140,1143,The Chase,2013,all,7.4/10,50/100,1,1,0,0,1,7.4,tt3077336,7.4,958,tvSeries,Exact (title + year),0
1141,1144,Hardy Bucks,2010,7+,8.3/10,50/100,1,0,0,0,1,8.3,tt1719837,8.3,1165,tvSeries,Exact (title + year),0
1142,1145,Hymn of Death,2018,18+,7.5/10,50/100,1,0,0,0,1,7.5,tt8160064,7.7,2726,tvMiniSeries,Exact (title + year),0.2
1143,1146,Zero,2021,"",5.7/10,50/100,1,0,0,0,1,5.7,tt10619486,5.8,1655,tvSeries,Exact (title + year),0.0999999999999996
1144,1147,Nevenka: Breaking the Silence,2021,"",7.0/10,49/100,1,0,0,0,1,7,tt14091172,6.9,846,tvMiniSeries,Exact (title + year),-0.0999999999999996
1145,1148,Dragon’s Dogma,2020,"",6.3/10,49/100,1,0,0,0,1,6.3,,,,,Unmatched,
1146,1149,The Playbook,2020,"",7.5/10,49/100,1,0,0,0,1,7.5,tt12930602,7.4,1895,tvSeries,Exact (title + year),-0.0999999999999996
1147,1150,Ellen DeGeneres: Relatable,2018,16+,6.5/10,49/100,1,0,0,0,1,6.5,tt7157574,6.4,5057,tvSpecial,Exact (title + year) [non-TV type],-0.0999999999999996
1148,1151,Brews Brothers,2020,18+,5.1/10,49/100,1,0,0,0,1,5.1,tt10930958,5.2,2255,tvSeries,Exact (title + year),0.100000000000001
1149,1152,Spirit: Riding Free,2017,7+,6.6/10,49/100,1,0,0,0,1,6.6,,,,,Unmatched,
1150,1153,Mismatched,2020,18+,5.5/10,49/100,1,0,0,0,1,5.5,tt12719250,6,7715,tvSeries,Exact (title + year),0.5
1151,1154,The Cabin with Bert Kreischer,2020,18+,7.3/10,49/100,1,0,0,0,1,7.3,tt11666848,6.8,2239,tvSeries,Exact (title + year),-0.5
1152,1155,The Sound of Your Heart,2016,"",8.3/10,49/100,1,0,0,0,1,8.3,tt4613520,8.1,2018,tvSeries,Exact (title + year),-0.200000000000001
1153,1156,Booba,2014,all,7.0/10,49/100,1,0,1,0,1,7,tt6581428,6.7,650,tvSeries,Exact (title + year),-0.3
1154,1157,Instant Hotel,2018,7+,7.3/10,49/100,1,0,0,0,1,7.3,tt9316032,7.3,1696,tvSeries,"Fuzzy (title exact, year +-1)",0
1155,1158,Dancing Queen,2018,7+,7.0/10,49/100,1,0,0,0,1,7,tt8882486,7.1,1743,tvSeries,Exact (title + year),0.0999999999999996
1156,1159,Zero Chill,2021,"",5.7/10,49/100,1,0,0,0,1,5.7,tt12083014,5.8,2308,tvSeries,Exact (title + year),0.0999999999999996
1157,1160,Nailed It! Holiday!,2018,"",7.7/10,49/100,1,0,0,0,1,7.7,tt8760264,7.7,1342,tvSeries,Exact (title + year),0
1158,1161,Chocolate,2019,"",7.7/10,49/100,1,0,0,0,1,7.7,,,,,Unmatched,
1159,1162,Terrace House: Aloha State,2016,"",7.5/10,49/100,1,0,0,0,1,7.5,tt6588218,7.4,1215,tvSeries,Exact (title + year),-0.0999999999999996
1160,1163,QB1: Beyond the Lights,2017,16+,7.8/10,49/100,1,0,0,0,1,7.8,tt5771332,7.7,1023,tvSeries,Exact (title + year),-0.0999999999999996
1161,1164,Rugal,2020,"",6.4/10,49/100,1,0,0,0,1,6.4,tt11769798,6.3,1639,tvSeries,Exact (title + year),-0.100000000000001
1162,1165,Moving On,2009,7+,7.5/10,49/100,1,0,0,0,1,7.5,tt1340758,7.4,642,tvSeries,Exact (title + year),-0.0999999999999996
1163,1166,Hache,2019,18+,6.5/10,49/100,1,0,0,0,1,6.5,tt8575476,6.5,2137,tvSeries,Exact (title + year),0
1164,1167,Interior Design Masters,2019,"",6.5/10,49/100,1,0,0,0,1,6.5,tt8367694,6.5,1926,tvSeries,Exact (title + year),0
1165,1168,Fallet,2017,"",6.8/10,49/100,1,0,0,0,1,6.8,tt6433844,6.8,2089,tvSeries,Exact (title + year),0
1166,1169,Jailbirds,2019,18+,7.1/10,49/100,1,0,0,0,1,7.1,tt10243628,7,1470,tvSeries,Exact (title + year),-0.0999999999999996
1167,1170,Killer Women with Piers Morgan,2016,"",6.5/10,49/100,1,1,0,0,1,6.5,tt6172806,6.6,816,tvSeries,Exact (title + year),0.0999999999999996
1168,1171,FIGHTWORLD,2018,18+,7.6/10,49/100,1,0,0,0,1,7.6,tt9047526,7.5,1010,tvSeries,Exact (title + year),-0.0999999999999996
1169,1172,The Hockey Girls,2019,16+,6.9/10,49/100,1,0,0,0,1,6.9,,,,,Unmatched,
1170,1173,SWORD GAI: The Animation,2018,18+,5.9/10,49/100,1,0,0,0,1,5.9,tt7415066,5.7,1266,tvSeries,Exact (title + year),-0.2
1171,1174,Ask the Storybots,2016,all,8.4/10,49/100,1,0,0,0,1,8.4,tt5846856,8.5,1226,tvSeries,Exact (title + year),0.0999999999999996
1172,1175,Black Ink Crew New York,2013,16+,4.6/10,49/100,1,1,0,0,1,4.6,tt2738096,5.2,553,tvSeries,"Fuzzy (title exact, year +-1)",0.600000000000001
1173,1176,Lunatics,2019,18+,6.6/10,49/100,1,0,0,0,1,6.6,tt8164794,6.6,3899,tvMiniSeries,Exact (title + year),0
1174,1177,Angry Birds Toons,2013,all,6.3/10,49/100,1,0,0,0,1,6.3,tt3012598,6.4,1429,tvSeries,Exact (title + year),0.100000000000001
1175,1178,Puffin Rock,2015,all,8.7/10,49/100,1,0,0,0,1,8.7,tt3590338,8.6,1435,tvSeries,Exact (title + year),-0.0999999999999996
1176,1179,Kid Cosmic,2021,7+,8.0/10,49/100,1,0,0,0,1,8,tt9248538,8,2075,tvSeries,Exact (title + year),0
1177,1180,Chef's Table: BBQ,2020,"",7.8/10,49/100,1,0,0,0,1,7.8,tt12917170,7.7,1451,tvMiniSeries,Exact (title + year),-0.0999999999999996
1178,1181,City of Ghosts,2021,7+,8.0/10,49/100,1,0,1,0,1,8,tt10380896,7.6,511,tvSeries,Exact (title + year),-0.4
1179,1182,Unstoppable,2020,18+,7.3/10,49/100,1,1,0,0,1,7.3,tt11120674,7.2,1235,tvMiniSeries,Exact (title + year),-0.0999999999999996
1180,1183,Wild Catch / Chasing Monsters,2016,7+,7.4/10,49/100,1,0,0,0,1,7.4,,,,,Unmatched,
1181,1184,Well-Intended Love,2019,"",7.3/10,49/100,1,0,0,0,1,7.3,tt9886950,7.1,2020,tvSeries,Exact (title + year),-0.2
1182,1185,Thus Spoke Kishibe Rohan,2021,"",7.7/10,49/100,1,0,0,0,1,7.7,tt13280486,7.3,347,tvMiniSeries,"Fuzzy (title exact, year +-1)",-0.4
1183,1186,Terrace House: Opening New Doors,2017,"",7.8/10,49/100,1,0,0,0,1,7.8,tt7776244,7.8,1176,tvSeries,Exact (title + year),0
1184,1187,Handsome Siblings,2020,"",8.2/10,49/100,1,0,0,0,1,8.2,tt11541444,7.8,954,tvSeries,Exact (title + year),-0.399999999999999
1185,1188,This Evening,2017,"",8.2/10,49/100,1,0,0,0,1,8.2,,,,,Unmatched,
1186,1189,Molang,2015,all,8.6/10,49/100,1,1,1,0,1,8.6,tt6046238,8.2,592,tvSeries,Exact (title + year),-0.4
1187,1190,Beyblade Burst,2016,7+,6.7/10,49/100,1,0,0,0,1,6.7,tt6348126,7.1,1619,tvSeries,Exact (title + year),0.399999999999999
1188,1191,Live Up To Your Name,2017,"",7.9/10,48/100,1,0,0,0,1,7.9,tt7094874,7.9,2356,tvSeries,Exact (title + year),0
1189,1192,Stolen Away,2020,"",7.1/10,48/100,1,0,0,0,1,7.1,tt10064124,7.1,3117,tvSeries,Exact (title + year),0
1190,1193,Bombay Begums,2021,"",4.9/10,48/100,1,0,0,0,1,4.9,tt10238792,5.1,5168,tvSeries,Exact (title + year),0.199999999999999
1191,1194,Signs,2018,18+,6.2/10,48/100,1,0,1,0,1,6.2,tt8917248,6.4,2380,tvSeries,Exact (title + year),0.2
1192,1195,The American Barbecue Showdown,2020,"",7.2/10,48/100,1,0,0,0,1,7.2,tt12938472,7.1,2192,tvSeries,Exact (title + year),-0.100000000000001
1193,1196,The Deep,2016,7+,7.9/10,48/100,1,0,0,0,1,7.9,tt4991910,7.8,1156,tvSeries,"Fuzzy (title exact, year +-1)",-0.100000000000001
1194,1197,Hot Date,2017,16+,7.1/10,48/100,1,0,1,0,1,7.1,tt7603386,7.1,707,tvSeries,Exact (title + year),0
1195,1198,Sparta,2018,18+,6.6/10,48/100,1,0,0,0,1,6.6,tt6840106,6.6,625,tvSeries,Exact (title + original-language year),0
1196,1199,Trolls: The Beat Goes On!,2018,all,5.9/10,48/100,1,0,0,0,1,5.9,tt7539608,6,1174,tvSeries,Exact (title + year),0.0999999999999996
1197,1200,Atelier,2015,16+,7.2/10,48/100,1,0,0,0,1,7.2,tt4790548,7.2,1106,tvMiniSeries,Exact (title + year),0
1198,1201,The Healing Powers of Dude,2020,all,6.6/10,48/100,1,0,0,0,1,6.6,tt10540562,6.7,1374,tvSeries,Exact (title + year),0.100000000000001
1199,1202,Under Suspicion: Uncovering the Wesphael Case,2021,"",6.3/10,48/100,1,0,0,0,1,6.3,tt14078186,6.3,881,tvSeries,Exact (title + year),0
1200,1203,Pocoyo,2005,all,7.4/10,48/100,1,1,1,0,1,7.4,tt0487849,7.1,2975,tvSeries,Exact (title + year),-0.300000000000001
1201,1204,Familiar Wife,2018,"",7.6/10,48/100,1,0,0,0,1,7.6,tt8487786,7.7,2017,tvSeries,Exact (title + year),0.100000000000001
1202,1205,Fastest Car,2018,"",7.2/10,48/100,1,0,0,0,1,7.2,tt8295694,7.1,1545,tvSeries,Exact (title + year),-0.100000000000001
1203,1206,The Cuba Libre Story,2016,16+,7.7/10,48/100,1,0,0,0,1,7.7,tt5319838,7.6,2269,tvMiniSeries,"Fuzzy (title exact, year +-1)",-0.100000000000001
1204,1207,El Chema,2016,16+,6.8/10,48/100,1,0,0,0,1,6.8,tt5730624,6.8,409,tvSeries,Exact (title + year),0
1205,1208,My Little Pony: Equestria Girls,2017,all,6.4/10,48/100,1,0,0,0,1,6.4,,,,,Unmatched,
1206,1209,Love (ft. Marriage and Divorce),2021,7+,5.9/10,48/100,1,0,0,0,1,5.9,tt13814840,6.7,801,tvSeries,Exact (title + year),0.8
1207,1210,The Royal House of Windsor,2017,16+,7.3/10,48/100,1,0,0,0,1,7.3,tt6596634,7.3,1792,tvSeries,Exact (title + year),0
1208,1211,Dealer,2021,18+,6.2/10,48/100,1,0,0,0,1,6.2,tt13702252,6.2,886,tvMiniSeries,Exact (title + year),0
1209,1212,"Whose Vote Counts, Explained",2020,"",7.3/10,48/100,1,0,0,0,1,7.3,tt13005714,7.3,1446,tvMiniSeries,Exact (title + year),0
1210,1213,Can You Hear Me?,2019,16+,7.7/10,48/100,1,0,0,0,1,7.7,tt15228538,7.5,15,tvSeries,"Fuzzy (title exact, year +-1)",-0.2
1211,1214,Do Do Sol Sol La La Sol,2020,"",7.4/10,48/100,1,0,0,0,1,7.4,tt12850262,7.3,3407,tvMiniSeries,Exact (title + year),-0.100000000000001
1212,1215,1994,2019,18+,7.6/10,48/100,1,0,0,0,1,7.6,,,,,Unmatched,
1213,1216,Pac-Man and the Ghostly Adventures,2013,7+,4.9/10,48/100,1,0,1,0,1,4.9,tt2392179,4.7,1179,tvSeries,Exact (title + year),-0.2
1214,1217,The Parkers,1999,7+,6.9/10,48/100,1,0,0,0,1,6.9,tt0200353,7,3001,tvSeries,Exact (title + year),0.0999999999999996
1215,1218,First Team: Juventus,2018,"",7.3/10,48/100,1,0,0,0,1,7.3,tt7924812,7.2,2264,tvSeries,Exact (title + year),-0.0999999999999996
1216,1219,Warrior,2018,"",6.7/10,48/100,1,0,0,0,1,6.7,tt9249090,8,30,tvSeries,Exact (title + original-language year),1.3
1217,1220,Shine On with Reese,2018,"",7.7/10,48/100,1,0,0,0,1,7.7,tt8689470,7.4,332,tvSeries,Exact (title + year),-0.3
1218,1221,Cooked With Cannabis,2020,18+,6.6/10,48/100,1,0,0,0,1,6.6,tt12176398,6.6,521,tvSeries,Exact (title + year),0
1219,1222,Gigantosaurus,2019,all,7.2/10,48/100,1,0,0,1,1,7.2,tt9636800,6.7,313,tvSeries,Exact (title + year),-0.5
1220,1223,Re:Mind,2017,18+,5.0/10,48/100,1,0,0,0,1,5,,,,,Unmatched,
1221,1224,The Magic School Bus Rides Again,2017,all,6.2/10,48/100,1,0,0,0,1,6.2,tt3869122,6.3,1082,tvSeries,Exact (title + year),0.0999999999999996
1222,1225,My Holo Love,2020,"",7.7/10,48/100,1,0,0,0,1,7.7,tt11058644,7.6,4726,tvMiniSeries,Exact (title + year),-0.100000000000001
1223,1226,Monty Python's Fliegender Zirkus,1972,"",8.2/10,48/100,1,0,0,0,1,8.2,tt0202477,8,2419,tvMiniSeries,Exact (title + year),-0.199999999999999
1224,1227,The Kirlian Frequency,2019,7+,7.6/10,48/100,1,0,0,0,1,7.6,,,,,Unmatched,
1225,1228,Outback Truckers,2012,"",7.4/10,48/100,1,0,0,0,1,7.4,tt4345548,7.3,351,tvSeries,Exact (title + year),-0.100000000000001
1226,1229,Dreamworks How to Train Your Dragon Legends,2010,"",7.5/10,48/100,1,0,0,0,1,7.5,tt6963396,7.4,886,tvSeries,Exact (title + year),-0.0999999999999996
1227,1230,My Love,2021,"",7.5/10,48/100,1,0,0,0,1,7.5,tt14049180,8.6,7,short,Exact (title + original-language year) [non-TV type],1.1
1228,1231,Regiment Diaries,2018,"",8.8/10,48/100,1,0,0,0,1,8.8,tt9642576,8.6,98,tvSeries,Exact (title + year),-0.200000000000001
1229,1232,Granblue Fantasy: The Animation,2017,16+,6.4/10,48/100,1,0,0,0,1,6.4,tt6138612,6.3,537,tvSeries,Exact (title + year),-0.100000000000001
1230,1233,Fated to Love You,2008,7+,7.4/10,48/100,1,1,0,0,1,7.4,,,,,Unmatched,
1231,1234,Nightmare Teacher,2016,"",7.2/10,48/100,1,0,0,0,1,7.2,tt6209442,6.9,683,tvMiniSeries,Exact (title + year),-0.3
1232,1235,Women of the Night,2019,18+,6.2/10,48/100,1,0,0,0,1,6.2,tt7785420,6.3,1216,tvSeries,Exact (title + year),0.0999999999999996
1233,1236,"Hi Bye, Mama!",2020,"",8.0/10,48/100,1,0,0,0,1,8,tt11804034,7.9,2898,tvSeries,Exact (title + year),-0.0999999999999996
1234,1237,Magical Andes,2019,"",7.8/10,48/100,1,0,0,0,1,7.8,tt11229002,7.7,726,tvSeries,Exact (title + year),-0.0999999999999996
1235,1238,Dad Stop Embarrassing Me!,2021,7+,4.2/10,48/100,1,0,0,0,1,4.2,tt13018090,4.3,2508,tvSeries,Exact (title + year),0.0999999999999996
1236,1239,Kuromukuro,2016,16+,7.2/10,48/100,1,0,0,0,1,7.2,tt5895314,7.1,1640,tvSeries,Exact (title + year),-0.100000000000001
1237,1240,Real Rob,2015,18+,6.4/10,48/100,1,0,0,0,1,6.4,tt3741346,6.2,3404,tvSeries,Exact (title + year),-0.2
1238,1241,The Lies Within,2019,"",7.0/10,48/100,1,0,0,0,1,7,tt10919902,7.1,742,tvSeries,Exact (title + year),0.0999999999999996
1239,1242,Prank Encounters,2019,16+,5.2/10,48/100,1,0,0,0,1,5.2,tt10487072,5.3,3353,tvSeries,Exact (title + year),0.0999999999999996
1240,1243,The Mafia Dolls,2009,18+,6.6/10,48/100,1,0,0,0,1,6.6,tt1585368,6.5,477,tvSeries,Exact (title + year),-0.0999999999999996
1241,1244,Twogether,2020,"",8.5/10,48/100,1,0,0,0,1,8.5,tt12486430,8.4,615,tvSeries,Exact (title + year),-0.0999999999999996
1242,1245,Sintonia,2019,18+,6.8/10,47/100,1,0,0,0,1,6.8,tt8165086,6.8,2040,tvSeries,Exact (title + year),0
1243,1246,Examination of Conscience,2019,18+,7.9/10,47/100,1,0,0,0,1,7.9,tt9584024,7.7,525,tvMiniSeries,Exact (title + year),-0.2
1244,1247,Twenty Again,2015,"",7.7/10,47/100,1,0,0,0,1,7.7,tt5170834,5.4,121,movie,Exact (title + year) [non-TV type],-2.3
1245,1248,Tokyo Trial,2016,"",7.4/10,47/100,1,0,0,0,1,7.4,tt4040530,7.3,2188,tvMiniSeries,Exact (title + year),-0.100000000000001
1246,1249,Nadiya's Time to Eat,2019,"",7.4/10,47/100,1,0,0,0,1,7.4,,,,,Unmatched,
1247,1250,The Cat in the Hat Knows a Lot About That!,2010,all,6.5/10,47/100,1,0,1,0,1,6.5,tt1699440,6.5,915,tvSeries,Exact (title + year),0
1248,1251,Baewatch: Parental Guidance,2019,"","",47/100,1,1,0,0,1,,,,,,Unmatched,
1249,1252,The Unsettling,2019,"",5.3/10,47/100,1,0,0,0,1,5.3,tt8680902,5.3,876,tvSeries,Exact (title + year),0
1250,1253,AMO,2018,18+,6.5/10,47/100,1,0,0,0,1,6.5,tt7218736,6.5,466,tvMiniSeries,"Fuzzy (title exact, year +-1)",0
1251,1254,Super Drags,2018,18+,5.6/10,47/100,1,0,0,0,1,5.6,tt8912244,5.5,2047,tvSeries,Exact (title + year),-0.0999999999999996
1252,1255,Terrace House: Tokyo 2019-2020,2019,"",7.4/10,47/100,1,0,0,0,1,7.4,tt10686814,7.4,889,tvSeries,Exact (title + year),0
1253,1256,Pop Team Epic,2018,18+,6.9/10,47/100,1,0,1,0,1,6.9,tt7808370,6.9,1172,tvSeries,Exact (title + year),0
1254,1257,Headspace Guide to Sleep,2021,"",6.8/10,47/100,1,0,0,0,1,6.8,tt14318406,6.8,642,tvSeries,Exact (title + year),0
1255,1258,Feels Like Ishq,2021,"",6.7/10,47/100,1,0,0,0,1,6.7,tt14163838,6.5,1800,tvSeries,Exact (title + year),-0.2
1256,1259,Haunted: Latin America,2021,16+,5.4/10,47/100,1,0,0,0,1,5.4,tt14164238,5.3,781,tvSeries,Exact (title + year),-0.100000000000001
1257,1260,Sea of Plastic,2015,"",7.2/10,47/100,1,0,0,0,1,7.2,,,,,Unmatched,
1258,1261,Brainchild,2018,7+,8.1/10,47/100,1,0,0,0,1,8.1,tt9203042,8.1,582,tvSeries,Exact (title + year),0
1259,1262,Flavorful Origins,2019,all,7.8/10,47/100,1,0,0,0,1,7.8,tt9708598,7.6,834,tvSeries,Exact (title + year),-0.2
1260,1263,Record of Youth,2020,16+,7.3/10,47/100,1,0,0,0,1,7.3,tt12850322,7.2,4713,tvSeries,Exact (title + year),-0.0999999999999996
1261,1264,StarBeam,2020,all,6.9/10,47/100,1,0,0,0,1,6.9,tt10687184,5.6,138,tvSeries,Exact (title + year),-1.3
1262,1265,Quarantine Tales,2020,"","",47/100,1,0,0,0,1,,tt13555930,6,196,movie,Exact (title + year) [non-TV type],
1263,1266,Fate/Apocrypha,2017,18+,6.6/10,47/100,1,0,0,0,1,6.6,tt6424454,6.6,3355,tvSeries,Exact (title + year),0
1264,1267,The Investigator: A British Crime Story,2016,"",5.7/10,47/100,1,0,0,0,1,5.7,tt5900164,5.7,1765,tvSeries,Exact (title + year),0
1265,1268,Pui Pui Molcar,2021,"",8.1/10,47/100,1,0,0,0,1,8.1,tt14202738,8,677,tvSeries,Exact (title + year),-0.0999999999999996
1266,1269,The Prince of Tennis,2019,"",7.6/10,47/100,1,0,0,0,1,7.6,,,,,Unmatched,
1267,1270,Yankee,2019,18+,6.0/10,47/100,1,0,0,0,1,6,tt9046782,5.9,1011,tvSeries,Exact (title + year),-0.0999999999999996
1268,1271,Dream Home Makeover,2020,all,5.6/10,47/100,1,0,0,0,1,5.6,tt13161310,5.8,1696,tvSeries,Exact (title + year),0.2
1269,1272,Project Mc²,2015,all,6.0/10,47/100,1,0,0,0,1,6,tt4861760,6.3,1800,tvSeries,Exact (title + year),0.3
1270,1273,Rainbow High,2020,"",6.0/10,47/100,1,0,0,0,1,6,,,,,Unmatched,
1271,1274,Her Private Life,2019,"",7.7/10,47/100,1,0,0,0,1,7.7,tt9899340,7.6,8999,tvSeries,Exact (title + year),-0.100000000000001
1272,1275,Waffles + Mochi,2021,"",7.6/10,47/100,1,0,0,0,1,7.6,tt14035218,7.1,642,tvSeries,Exact (title + year),-0.5
1273,1276,Canine Intervention,2021,16+,6.5/10,47/100,1,0,0,0,1,6.5,tt13932598,6.7,1031,tvSeries,Exact (title + year),0.2
1274,1277,"Nisman: El fiscal, la presidenta y el espía",2020,"",7.7/10,47/100,1,0,0,0,1,7.7,,,,,Unmatched,
1275,1278,Sneakerheads,2020,"",6.2/10,47/100,1,0,0,0,1,6.2,tt10151772,6.1,1790,tvSeries,Exact (title + year),-0.100000000000001
1276,1279,TVF Inmates,2017,"",6.6/10,47/100,1,0,0,0,1,6.6,,,,,Unmatched,
1277,1280,My Dead Ex,2018,"",7.2/10,47/100,1,0,0,0,1,7.2,tt7428106,7.3,692,tvSeries,Exact (title + year),0.0999999999999996
1278,1281,Ending So Gently,2017,"",6.6/10,47/100,1,0,0,0,1,6.6,tt6943298,6.8,1015,tvSeries,Exact (title + year),0.2
1279,1282,Victim Number 8,2018,"",7.0/10,47/100,1,0,0,0,1,7,tt8500086,7,2699,tvSeries,Exact (title + year),0
1280,1283,The Unlisted,2019,"",6.7/10,47/100,1,0,0,0,1,6.7,tt9184592,6.7,1888,tvSeries,Exact (title + year),0
1281,1284,Cagaster of an Insect Cage,2020,18+,6.2/10,47/100,1,0,0,0,1,6.2,tt9288892,6,909,tvMiniSeries,Exact (title + year),-0.2
1282,1285,All For Love,2020,7+,7.0/10,47/100,1,0,0,0,1,7,tt10347886,6.8,330,tvSeries,Exact (title + year),-0.2
1283,1286,Bill Nye Saves the World,2017,7+,3.6/10,47/100,1,0,0,0,1,3.6,tt6021260,4,7476,tvSeries,Exact (title + year),0.4
1284,1287,A.I.C.O. -Incarnation-,2018,18+,6.4/10,47/100,1,0,0,0,1,6.4,,,,,Unmatched,
1285,1288,72 Dangerous Animals: Latin America,2017,16+,6.6/10,47/100,1,0,0,0,1,6.6,tt7909708,6.6,848,tvMiniSeries,Exact (title + year),0
1286,1289,Restaurants on the Edge,2020,16+,6.8/10,47/100,1,0,0,0,1,6.8,tt8784324,6.8,1132,tvSeries,"Fuzzy (title exact, year +-1)",0
1287,1290,Persona,2019,"",6.6/10,47/100,1,0,0,0,1,6.6,tt10027990,6.5,1788,tvMiniSeries,Exact (title + year),-0.0999999999999996
1288,1291,No te puedes esconder,2019,"",6.5/10,47/100,1,0,0,0,1,6.5,tt10367990,6.5,1526,tvMiniSeries,Exact (title + original-language year),0
1289,1292,El Reemplazante,2012,16+,8.5/10,47/100,1,0,0,0,1,8.5,tt2488050,8.6,1100,tvMiniSeries,Exact (title + year),0.0999999999999996
1290,1293,Bolívar: Una lucha admirable,2019,18+,7.5/10,47/100,1,0,0,0,1,7.5,tt9327242,7.3,1002,tvSeries,Exact (title + year),-0.2
1291,1294,Bel Ami,2013,"",6.3/10,47/100,1,0,0,0,1,6.3,tt1440732,5.4,19938,movie,"Fuzzy (title exact, year +-1) [non-TV type]",-0.9
1292,1295,The Epic Tales of Captain Underpants,2018,7+,6.7/10,47/100,1,0,0,0,1,6.7,tt7741830,6.8,1629,tvSeries,Exact (title + year),0.0999999999999996
1293,1296,Win the Wilderness: Alaska,2020,"",7.0/10,47/100,1,0,0,0,1,7,tt11718294,6.8,1016,tvMiniSeries,Exact (title + year),-0.2
1294,1297,The Chosen One,2019,18+,5.8/10,47/100,1,0,0,0,1,5.8,tt9048368,5.8,830,tvMiniSeries,Exact (title + year),0
1295,1298,Hyena,2020,"",7.8/10,47/100,1,0,0,0,1,7.8,tt11534164,7.6,1490,tvSeries,Exact (title + year),-0.2
1296,1299,The Piano Forest,2018,7+,7.1/10,47/100,1,0,0,0,1,7.1,,,,,Unmatched,
1297,1300,Detention,2020,"",6.3/10,46/100,1,0,1,0,1,6.3,tt13175760,6.4,735,tvMiniSeries,Exact (title + year),0.100000000000001
1298,1301,Pitta Kathalu,2021,"",5.0/10,46/100,1,0,0,0,1,5,tt13878800,5.2,885,tvSeries,Exact (title + year),0.2
1299,1302,SAINT SEIYA: Knights of the Zodiac,2019,16+,4.5/10,46/100,1,0,0,0,1,4.5,,,,,Unmatched,
1300,1303,Timmy Time,2009,all,6.9/10,46/100,1,0,0,0,1,6.9,tt1125758,6.7,1717,tvSeries,Exact (title + year),-0.2
1301,1304,Her Mother's Killer,2020,16+,7.7/10,46/100,1,0,0,0,1,7.7,tt10348078,7.8,536,tvSeries,Exact (title + year),0.0999999999999996
1302,1305,100% Hotter,2016,"",4.4/10,46/100,1,0,0,0,1,4.4,tt5819414,4.5,906,tvSeries,Exact (title + year),0.0999999999999996
1303,1306,Life,2018,"",7.6/10,46/100,1,0,0,0,1,7.6,tt8243158,7.5,1168,tvSeries,Exact (title + year),-0.0999999999999996
1304,1307,Surviving Death,2021,18+,6.1/10,46/100,1,0,0,0,1,6.1,tt13649692,6.2,2620,tvSeries,Exact (title + year),0.100000000000001
1305,1308,Masaba Masaba,2020,"",6.7/10,46/100,1,0,0,0,1,6.7,tt10655506,6.6,2400,tvSeries,Exact (title + year),-0.100000000000001
1306,1309,The House Arrest of Us,2020,7+,7.5/10,46/100,1,0,0,0,1,7.5,tt13280838,5.3,209,tvSeries,Exact (title + year),-2.2
1307,1310,Mythomanic,2019,"",6.8/10,46/100,1,0,0,0,1,6.8,,,,,Unmatched,
1308,1311,Shaun the Sheep: Adventures from Mossy Bottom,2020,"",8.1/10,46/100,1,0,0,0,1,8.1,tt11983342,7.9,1151,tvSeries,Exact (title + year),-0.199999999999999
1309,1312,Love and Fortune,2018,"",7.0/10,46/100,1,0,0,0,1,7,tt8649316,7.1,838,tvSeries,Exact (title + year),0.0999999999999996
1310,1313,"Hello, Me!",2021,"",7.2/10,46/100,1,0,0,0,1,7.2,tt13670090,7.2,1297,tvSeries,Exact (title + year),0
1311,1314,Witch Hunt: A Century of Murder,2015,18+,7.2/10,46/100,1,0,0,0,1,7.2,tt5113032,7.2,375,tvSeries,Exact (title + year),0
1312,1315,Meet the Drug Lords: Inside the Real Narcos,2018,7+,7.5/10,46/100,1,0,0,0,1,7.5,,,,,Unmatched,
1313,1316,Gabby's Dollhouse,2021,all,7.1/10,46/100,1,0,0,0,1,7.1,tt9165438,7.1,1141,tvSeries,Exact (title + year),0
1314,1317,Toon,2016,"",7.7/10,46/100,1,0,0,0,1,7.7,tt5698140,7.5,1133,tvSeries,Exact (title + year),-0.2
1315,1318,What If?,2011,"",7.5/10,46/100,1,0,0,0,1,7.5,tt2729360,7.6,692,tvSeries,Exact (title + year),0.0999999999999996
1316,1319,Monty Python's Personal Best,2006,16+,7.9/10,46/100,1,0,0,0,1,7.9,tt0795156,7.8,515,tvSeries,Exact (title + year),-0.100000000000001
1317,1320,Los Briceño,2019,"",7.9/10,46/100,1,0,0,0,1,7.9,,,,,Unmatched,
1318,1321,World of Winx,2016,7+,6.8/10,46/100,1,0,0,0,1,6.8,tt5874596,6.6,1102,tvSeries,Exact (title + year),-0.2
1319,1322,The Big Day,2021,18+,4.6/10,46/100,1,0,0,0,1,4.6,tt13887518,4.6,396,tvSeries,Exact (title + year),0
1320,1323,Afflicted,2018,18+,5.0/10,46/100,1,0,1,0,1,5,tt8792570,5.2,1249,tvSeries,Exact (title + year),0.2
1321,1324,Glitter Force,2012,"",6.6/10,46/100,1,0,0,0,1,6.6,,,,,Unmatched,
1322,1325,Beni Böyle Sev,2013,"",7.1/10,46/100,1,0,0,0,1,7.1,tt2735500,7.1,857,tvSeries,Exact (title + original-language year),0
1323,1326,Malibu Rescue: The Series,2019,"",5.5/10,46/100,1,0,0,0,1,5.5,,,,,Unmatched,
1324,1327,Home Game,2020,"",7.1/10,46/100,1,0,0,0,1,7.1,tt12429046,7,1052,tvSeries,Exact (title + year),-0.0999999999999996
1325,1328,Lost & Found Music Studios,2015,all,6.8/10,46/100,1,0,0,0,1,6.8,tt5023972,6.6,745,tvSeries,Exact (title + year),-0.2
1326,1329,Minecraft: Story Mode,2018,7+,5.7/10,46/100,1,0,0,0,1,5.7,,,,,Unmatched,
1327,1331,The Break with Michelle Wolf,2018,18+,5.3/10,46/100,1,0,0,0,1,5.3,tt8010342,5.6,1977,tvSeries,Exact (title + year),0.3
1328,1332,Beat Bugs,2016,all,7.6/10,46/100,1,0,0,0,1,7.6,tt4716268,7.5,621,tvSeries,Exact (title + year),-0.0999999999999996
1329,1333,Private Lives,2020,"",6.6/10,46/100,1,0,0,0,1,6.6,tt12560270,6.5,928,tvSeries,Exact (title + year),-0.0999999999999996
1330,1334,Transformers: Cyberverse,2018,7+,6.8/10,46/100,1,0,0,0,1,6.8,tt8891990,6.8,640,tvSeries,Exact (title + year),0
1331,1335,"Can't Cope, Won't Cope",2016,"",7.3/10,46/100,1,0,0,0,1,7.3,tt5674872,7.3,994,tvSeries,Exact (title + year),0
1332,1336,Grizzy & the Lemmings,2016,all,7.0/10,46/100,1,0,0,0,1,7,tt6717058,7.3,1520,tvSeries,Exact (title + original-language year),0.3
1333,1337,Back to 1989,2016,"",8.4/10,46/100,1,0,0,0,1,8.4,tt6273088,7.9,187,tvSeries,Exact (title + year),-0.5
1334,1338,The Garfield Show,2009,all,5.4/10,46/100,1,0,0,0,1,5.4,tt1470837,5.8,4407,tvSeries,"Fuzzy (title exact, year +-1)",0.399999999999999
1335,1339,Abby Hatcher,2018,all,6.2/10,46/100,1,0,0,0,1,6.2,tt9433014,5.2,323,tvSeries,Exact (title + original-language year),-1
1336,1340,Peasants Rebellion,2018,"",8.5/10,46/100,1,0,0,0,1,8.5,,,,,Unmatched,
1337,1341,Babies,2020,"",7.0/10,46/100,1,0,0,0,1,7,tt11744632,6.9,962,tvSeries,Exact (title + year),-0.0999999999999996
1338,1342,"Schulz Saves America: Pandemics, Predators, Protests & Presidents",2020,18+,7.5/10,46/100,1,0,0,0,1,7.5,,,,,Unmatched,
1339,1343,Was It Love,2020,"",7.2/10,46/100,1,0,0,0,1,7.2,tt12525622,7,1343,tvSeries,Exact (title + year),-0.2
1340,1344,My Husband Won't Fit,2019,"",6.7/10,46/100,1,0,0,0,1,6.7,tt10027946,6.6,1099,tvSeries,Exact (title + year),-0.100000000000001
1341,1345,Dawn of the Croods,2015,7+,6.0/10,46/100,1,0,0,0,1,6,tt5193172,5.9,1097,tvSeries,Exact (title + year),-0.0999999999999996
1342,1346,A Touch of Green,2015,"",8.4/10,46/100,1,0,0,0,1,8.4,tt5231950,8.4,496,tvSeries,Exact (title + year),0
1343,1347,Worn Stories,2021,"",6.6/10,45/100,1,0,0,0,1,6.6,tt14177168,6.7,372,tvMiniSeries,Exact (title + year),0.100000000000001
1344,1348,Power Rangers Beast Morphers,2019,7+,6.8/10,45/100,1,0,0,0,1,6.8,tt8022978,6.6,1013,tvSeries,Exact (title + year),-0.2
1345,1349,Kings of Jo'Burg,2020,"",5.4/10,45/100,1,0,0,0,1,5.4,tt13453828,5.4,940,tvSeries,Exact (title + year),0
1346,1350,Use for My Talent,2021,"","",45/100,1,0,0,0,1,,tt14747972,7.1,668,tvSeries,Exact (title + year),
1347,1351,The Big Family Cooking Showdown,2017,7+,7.0/10,45/100,1,0,0,0,1,7,tt7518558,7,808,tvSeries,Exact (title + year),0
1348,1352,Just You,2013,"",7.5/10,45/100,1,0,0,0,1,7.5,tt3076512,7.4,410,tvSeries,Exact (title + year),-0.0999999999999996
1349,1353,Awake: The Million Dollar Game,2019,7+,5.9/10,45/100,1,0,0,0,1,5.9,tt10370956,6,955,tvSeries,Exact (title + year),0.0999999999999996
1350,1354,Cheer Squad,2016,7+,7.4/10,45/100,1,0,0,0,1,7.4,tt5993744,7.2,191,tvSeries,Exact (title + year),-0.2
1351,1355,The Circle Brazil,2020,"",6.8/10,45/100,1,0,0,0,1,6.8,,,,,Unmatched,
1352,1356,In Family We Trust,2018,"",8.1/10,45/100,1,0,0,0,1,8.1,tt8929906,8.2,520,tvSeries,Exact (title + year),0.0999999999999996
1353,1357,The Way of the Househusband,2021,16+,8.6/10,45/100,1,0,0,0,1,8.6,tt13357124,7.3,7624,tvSeries,Exact (title + year),-1.3
1354,1358,Jenni Rivera: Mariposa de Barrio,2017,"",7.3/10,45/100,1,0,0,0,1,7.3,tt6834120,7.5,333,tvSeries,Exact (title + original-language year),0.2
1355,1359,Pokémon Journeys: The Series,2019,"",6.4/10,45/100,1,0,0,0,1,6.4,,,,,Unmatched,
1356,1360,Skylanders Academy,2016,7+,6.6/10,45/100,1,0,0,0,1,6.6,tt5916218,6.8,1319,tvSeries,Exact (title + year),0.2
1357,1361,The Good Detective,2020,"",7.5/10,45/100,1,0,0,0,1,7.5,tt12504214,7.6,1947,tvSeries,Exact (title + year),0.0999999999999996
1358,1362,The Fix,2018,18+,7.1/10,45/100,1,0,0,0,1,7.1,tt5960546,7,2235,tvSeries,Exact (title + year),-0.0999999999999996
1359,1363,One More Time,2016,"",6.9/10,45/100,1,0,0,0,1,6.9,tt6212990,6.8,779,tvMiniSeries,Exact (title + year),-0.100000000000001
1360,1364,Astronomy Club: The Sketch Show,2019,18+,7.1/10,45/100,1,0,0,0,1,7.1,,,,,Unmatched,
1361,1365,Prince of Peoria,2018,all,5.9/10,45/100,1,0,0,0,1,5.9,tt8001718,6.1,687,tvSeries,Exact (title + year),0.199999999999999
1362,1366,Miss in Kiss,2016,"",7.6/10,45/100,1,0,0,0,1,7.6,tt6954524,7,139,tvSeries,Exact (title + year),-0.6
1363,1367,Numberblocks,2017,all,8.1/10,45/100,1,0,0,0,1,8.1,tt7978538,8.7,666,tvSeries,Exact (title + year),0.6
1364,1368,Polly Pocket,2018,7+,6.8/10,45/100,1,0,0,0,1,6.8,tt8673042,5.9,240,tvSeries,Exact (title + year),-0.9
1365,1369,All About the Washingtons,2018,all,4.5/10,45/100,1,0,0,0,1,4.5,tt7661368,4.9,848,tvSeries,Exact (title + year),0.4
1366,1370,Goedam,2020,"",5.8/10,45/100,1,0,0,0,1,5.8,tt12929796,5.7,1666,tvSeries,Exact (title + year),-0.0999999999999996
1367,1371,Archibald's Next Big Thing,2019,7+,7.8/10,45/100,1,0,0,0,1,7.8,tt9165404,7.5,395,tvSeries,Exact (title + year),-0.3
1368,1372,The Platform,2020,"",7.0/10,45/100,1,0,0,0,1,7,tt13057984,6.2,459,tvSeries,Exact (title + year),-0.8
1369,1373,All Hail King Julien: Exiled,2017,7+,7.5/10,45/100,1,0,0,0,1,7.5,tt6865906,7.5,849,tvSeries,Exact (title + year),0
1370,1374,Dragons: Rescue Riders,2019,7+,6.1/10,45/100,1,0,0,0,1,6.1,tt10687134,5.9,499,tvSeries,Exact (title + year),-0.199999999999999
1371,1375,21 Thunder,2017,18+,6.2/10,45/100,1,0,0,0,1,6.2,tt6145878,6.1,1112,tvSeries,Exact (title + year),-0.100000000000001
1372,1376,Say I Do,2020,"",7.8/10,45/100,1,0,0,0,1,7.8,tt12540060,7.9,630,tvSeries,Exact (title + year),0.100000000000001
1373,1377,Smoking,2018,18+,7.5/10,45/100,1,0,0,0,1,7.5,tt8758778,7.3,691,tvSeries,Exact (title + year),-0.2
1374,1378,My Only Love Song,2017,18+,6.9/10,45/100,1,0,0,0,1,6.9,tt6125832,6.9,1010,tvSeries,Exact (title + year),0
1375,1379,45 RPM,2019,16+,7.3/10,45/100,1,0,0,0,1,7.3,tt8987918,7.2,704,tvSeries,Exact (title + year),-0.0999999999999996
1376,1380,Bromance,2015,"",7.8/10,45/100,1,0,0,0,1,7.8,tt5232464,7.8,539,tvSeries,Exact (title + year),0
1377,1381,Amazing Interiors,2018,all,6.7/10,45/100,1,0,0,0,1,6.7,tt8747342,6.6,941,tvSeries,Exact (title + year),-0.100000000000001
1378,1382,72 Dangerous Animals: Asia,2018,16+,6.6/10,45/100,1,0,0,0,1,6.6,,,,,Unmatched,
1379,1383,Mia and Me,2012,all,6.6/10,45/100,1,0,0,0,1,6.6,tt2203143,6.8,1416,tvSeries,Exact (title + year),0.2
1380,1384,Tong: Memories,2016,7+,8.1/10,45/100,1,0,0,0,1,8.1,tt6289552,8,74,tvSeries,Exact (title + year),-0.0999999999999996
1381,1385,The Unknown Hitman: The Story of El Cholo Adrián,2017,"",7.1/10,45/100,1,0,0,0,1,7.1,,,,,Unmatched,
1382,1386,Transformers: Robots In Disguise,2015,all,5.9/10,45/100,1,0,1,0,1,5.9,tt3604232,6,1697,tvSeries,"Fuzzy (title exact, year +-1)",0.0999999999999996
1383,1387,Deaf U,2020,18+,6.4/10,45/100,1,0,0,0,1,6.4,tt13070478,6.4,556,tvSeries,Exact (title + year),0
1384,1388,Brotherhood,2019,16+,7.6/10,45/100,1,0,1,0,1,7.6,tt8905964,7.5,2100,tvSeries,Exact (title + year),-0.0999999999999996
1385,1390,Lost Song,2018,16+,7.2/10,45/100,1,0,0,0,1,7.2,tt7211600,6.8,536,tvSeries,Exact (title + year),-0.4
1386,1391,Fearless,2016,"",7.2/10,45/100,1,0,1,0,1,7.2,tt5883700,7.2,372,tvSeries,Exact (title + year),0
1387,1392,Izzy's Koala World,2020,all,8.0/10,45/100,1,0,0,0,1,8,tt10687266,8,306,tvSeries,Exact (title + year),0
1388,1393,True and the Rainbow Kingdom,2017,all,7.1/10,45/100,1,0,0,0,1,7.1,tt5607658,7.1,653,tvSeries,Exact (title + year),0
1389,1394,Power Rangers Ninja Steel,2017,7+,6.0/10,45/100,1,0,0,0,1,6,tt5335606,5.7,1527,tvSeries,Exact (title + year),-0.3
1390,1395,LEGO Jurassic World: Legend of Isla Nublar,2019,all,6.8/10,45/100,1,0,0,0,1,6.8,tt10872880,6.7,551,tvMiniSeries,"Fuzzy (title exact, year +-1)",-0.0999999999999996
1391,1396,Silvana Sin Lana,2016,16+,7.5/10,45/100,1,0,0,0,1,7.5,tt5663544,7.3,418,tvSeries,Exact (title + year),-0.2
1392,1397,Castle and Castle,2018,"",8.6/10,45/100,1,0,0,0,1,8.6,,,,,Unmatched,
1393,1398,Sugar Rush Christmas,2019,"",6.9/10,45/100,1,0,0,0,1,6.9,tt11168116,6.9,778,tvSeries,Exact (title + year),0
1394,1399,Buddy Thunderstruck,2017,7+,7.8/10,45/100,1,0,0,0,1,7.8,tt6591468,7.7,604,tvSeries,Exact (title + year),-0.0999999999999996
1395,1400,Inside the Criminal Mind,2018,18+,5.5/10,45/100,1,1,0,0,1,5.5,tt6775794,5.5,1312,tvSeries,Exact (title + year),0
1396,1401,Drifting Dragons,2020,"",6.0/10,45/100,1,0,0,0,1,6,tt11418344,6.1,843,tvSeries,Exact (title + year),0.0999999999999996
1397,1402,Late Night Restaurant,2015,16+,7.9/10,45/100,1,0,0,0,1,7.9,tt6209462,7.8,121,tvSeries,Exact (title + year),-0.100000000000001
1398,1403,Holiday Secrets,2019,16+,6.5/10,44/100,1,0,0,0,1,6.5,tt11243536,6.5,1402,tvMiniSeries,Exact (title + year),0
1399,1404,Historical Roasts,2019,18+,5.3/10,44/100,1,0,0,0,1,5.3,tt9169602,5.5,1946,tvSeries,Exact (title + year),0.2
1400,1405,Twelve Forever,2019,7+,6.7/10,44/100,1,0,0,0,1,6.7,tt8009622,6.9,894,tvSeries,Exact (title + year),0.2
1401,1406,The School Nurse Files,2020,"",6.5/10,44/100,1,0,0,0,1,6.5,tt12879522,6.3,1838,tvSeries,Exact (title + year),-0.2
1402,1407,Hibana: Spark,2016,"",7.8/10,44/100,1,0,0,0,1,7.8,,,,,Unmatched,
1403,1408,Touch Your Heart,2019,"",7.7/10,44/100,1,0,0,0,1,7.7,tt9466990,7.6,6263,tvSeries,Exact (title + year),-0.100000000000001
1404,1409,Cricket Fever: Mumbai Indians,2019,"",7.3/10,44/100,1,0,0,0,1,7.3,tt8531592,7.3,784,tvMiniSeries,Exact (title + year),0
1405,1410,Age of Tanks,2019,18+,7.3/10,44/100,1,0,0,0,1,7.3,,,,,Unmatched,
1406,1411,Best Leftovers Ever!,2020,all,5.7/10,44/100,1,0,0,0,1,5.7,tt13563634,5.7,710,tvSeries,Exact (title + year),0
1407,1412,Rhyme Time Town,2020,all,7.5/10,44/100,1,0,0,0,1,7.5,tt9165434,8.1,113,tvSeries,Exact (title + year),0.6
1408,1413,Go Dog Go,2021,all,7.4/10,44/100,1,0,0,0,1,7.4,,,,,Unmatched,
1409,1414,Samantha!,2018,7+,6.7/10,44/100,1,0,0,0,1,6.7,tt6626676,6.6,608,tvSeries,Exact (title + year),-0.100000000000001
1410,1415,Bread Barbershop,2020,"",8.8/10,44/100,1,0,0,0,1,8.8,tt12912830,6.4,337,tvSeries,Exact (title + year),-2.4
1411,1416,Mighty Little Bheem,2019,all,6.7/10,44/100,1,0,0,0,1,6.7,tt10050752,6.4,354,tvSeries,Exact (title + year),-0.3
1412,1418,Fall In Love With Me,2014,"",7.2/10,44/100,1,0,0,0,1,7.2,tt6139710,7.1,379,tvSeries,Exact (title + year),-0.100000000000001
1413,1419,Horrid Henry,2006,7+,6.4/10,44/100,1,0,1,0,1,6.4,tt0985991,6.5,1850,tvSeries,Exact (title + year),0.0999999999999996
1414,1420,The Ollie & Moon Show,2017,all,8.3/10,44/100,1,0,0,0,1,8.3,tt6549760,8.4,120,tvSeries,Exact (title + year),0.0999999999999996
1415,1421,Dinotrux,2015,7+,6.9/10,44/100,1,0,0,0,1,6.9,tt1396212,6.7,717,tvSeries,Exact (title + year),-0.2
1416,1422,Close Your Eyes Before It's Dark,2016,"",7.0/10,44/100,1,0,0,0,1,7,tt6506806,7,292,tvMiniSeries,Exact (title + year),0
1417,1423,Some Assembly Required,2014,all,3.7/10,44/100,1,0,1,0,1,3.7,tt3441810,4.8,1407,tvSeries,Exact (title + year),1.1
1418,1424,Beyblade Burst Rise,2020,7+,6.5/10,44/100,1,0,0,0,1,6.5,tt11916718,5.7,330,tvSeries,Exact (title + year),-0.8
1419,1425,Keeping Up with the Joneses,2010,7+,8.8/10,44/100,1,0,0,0,1,8.8,tt2367359,8.5,82,tvSeries,Exact (title + year),-0.300000000000001
1420,1426,Rainbow Rangers,2018,all,5.4/10,44/100,1,0,0,0,1,5.4,tt7967882,4,275,tvSeries,Exact (title + year),-1.4
1421,1427,Fartsa,2015,"",6.7/10,44/100,1,0,0,0,1,6.7,tt4567218,6.6,255,tvSeries,Exact (title + year),-0.100000000000001
1422,1428,Dollar,2019,18+,6.7/10,44/100,1,0,0,0,1,6.7,tt10687564,6.7,692,tvSeries,Exact (title + year),0
1423,1429,First and Last,2018,18+,6.7/10,44/100,1,0,0,0,1,6.7,tt8893502,6.7,530,tvSeries,Exact (title + year),0
1424,1430,Over Christmas,2020,"",6.7/10,44/100,1,0,0,0,1,6.7,tt11951234,6.7,2600,tvMiniSeries,Exact (title + year),0
1425,1431,The Last Word,2020,"",7.1/10,44/100,1,0,0,0,1,7.1,,,,,Unmatched,
1426,1432,A Love So Beautiful (KR),2020,"",7.4/10,44/100,1,0,0,0,1,7.4,,,,,Unmatched,
1427,1433,Hjørdis,2015,all,7.2/10,44/100,1,0,0,0,1,7.2,tt4057466,7.2,727,tvMiniSeries,Exact (title + year),0
1428,1434,The Search,2020,"",5.5/10,44/100,1,0,0,0,1,5.5,tt12364156,5.7,800,tvMiniSeries,Exact (title + year),0.2
1429,1435,Buried by the Bernards,2021,16+,7.3/10,44/100,1,0,0,0,1,7.3,tt13848380,7.1,391,tvSeries,Exact (title + year),-0.2
1430,1436,Strongest Deliveryman,2017,"",7.3/10,44/100,1,0,0,0,1,7.3,tt7022748,7.2,1305,tvSeries,Exact (title + year),-0.0999999999999996
1431,1437,Kevin Hart: Don't F**k This Up,2019,18+,6.5/10,44/100,1,0,0,0,1,6.5,tt11313054,6.5,2244,tvSeries,Exact (title + year),0
1432,1438,Crime Diaries: Night Out,2019,"",7.8/10,44/100,1,0,0,0,1,7.8,tt10242266,7.2,1148,tvMiniSeries,Exact (title + year),-0.6
1433,1439,LEGO City Adventures,2019,7+,7.0/10,44/100,1,0,1,0,1,7,tt10332322,6.8,379,tvSeries,Exact (title + year),-0.2
1434,1440,The Hollywood Masters,2017,"",7.3/10,44/100,1,0,0,0,1,7.3,tt7178034,7.3,104,tvSeries,Exact (title + year),0
1435,1441,Nature's Weirdest Events,2012,all,6.9/10,44/100,1,0,0,0,1,6.9,tt2195251,6.8,241,tvSeries,Exact (title + year),-0.100000000000001
1436,1442,Dragon Pilot: Hisone and Masotan,2018,16+,6.9/10,44/100,1,0,0,0,1,6.9,tt8528256,6.8,711,tvMiniSeries,Exact (title + year),-0.100000000000001
1437,1443,Talking Tom and Friends,2014,7+,6.3/10,44/100,1,0,0,0,1,6.3,,,,,Unmatched,
1438,1444,Twice Upon a Time,2019,"",6.2/10,44/100,1,0,0,0,1,6.2,tt7943036,6.2,1331,tvMiniSeries,Exact (title + year),0
1439,1445,The Liar and His Lover,2017,"",6.9/10,44/100,1,0,0,0,1,6.9,,,,,Unmatched,
1440,1446,Coach Snoop,2016,all,6.9/10,44/100,1,0,0,0,1,6.9,tt5697642,6.8,700,tvSeries,Exact (title + year),-0.100000000000001
1441,1447,Hero Mask,2018,16+,6.2/10,44/100,1,0,0,0,1,6.2,tt9316078,6.1,859,tvSeries,Exact (title + year),-0.100000000000001
1442,1448,Emily's Wonder Lab,2020,all,8.6/10,44/100,1,0,0,0,1,8.6,tt10687464,8.5,275,tvSeries,Exact (title + year),-0.0999999999999996
1443,1449,The Ghost Bride,2020,18+,6.0/10,44/100,1,0,0,0,1,6,tt9690302,6.4,1048,tvMiniSeries,Exact (title + year),0.4
1444,1450,West Coast Customs,2011,"",6.0/10,44/100,1,0,1,0,1,6,,,,,Unmatched,
1445,1451,Chief of Staff,2019,16+,7.9/10,44/100,1,0,0,0,1,7.9,tt10220476,7.7,916,tvSeries,Exact (title + year),-0.2
1446,1452,Pup Academy,2019,"",6.6/10,44/100,1,0,0,0,1,6.6,tt10302548,6.6,823,tvSeries,Exact (title + year),0
1447,1453,Three Days of Christmas,2019,18+,6.8/10,44/100,1,0,0,0,1,6.8,tt9731254,6.7,1634,tvMiniSeries,Exact (title + year),-0.0999999999999996
1448,1454,Homemade,2020,16+,6.0/10,44/100,1,0,0,0,1,6,,,,,Unmatched,
1449,1455,Ingress: The Animation,2018,all,6.6/10,44/100,1,0,0,0,1,6.6,tt9561968,6.4,720,tvSeries,Exact (title + year),-0.199999999999999
1450,1456,Exhibit A,2019,18+,6.2/10,44/100,1,0,1,0,1,6.2,tt10376904,6.3,1302,tvSeries,Exact (title + year),0.0999999999999996
1451,1457,Apache: La vida de Carlos Tevez,2019,18+,7.9/10,44/100,1,0,0,0,1,7.9,tt10715172,7.2,2204,tvMiniSeries,Exact (title + original-language year),-0.7
1452,1458,Home: Adventures with Tip & Oh,2016,7+,6.0/10,43/100,1,0,0,0,1,6,tt5759196,6.3,758,tvSeries,Exact (title + year),0.3
1453,1459,Hotel Transylvania,2017,7+,5.5/10,43/100,1,0,0,0,1,5.5,tt4858114,5.6,1034,tvSeries,Exact (title + original-language year),0.0999999999999996
1454,1460,A Little Help with Carol Burnett,2018,"",6.2/10,43/100,1,0,0,0,1,6.2,tt7204366,6.1,274,tvSeries,Exact (title + year),-0.100000000000001
1455,1461,The Garden of Heaven,2011,16+,8.7/10,43/100,1,0,0,0,1,8.7,,,,,Unmatched,
1456,1462,Julie's Greenroom,2017,"",8.4/10,43/100,1,0,0,0,1,8.4,tt5779222,8,384,tvSeries,Exact (title + year),-0.4
1457,1463,Barbie Dreamhouse Adventures,2018,all,6.8/10,43/100,1,0,0,0,1,6.8,tt7661472,6.7,956,tvSeries,Exact (title + year),-0.0999999999999996
1458,1464,Hidden Worlds,2018,all,7.2/10,43/100,1,0,0,0,1,7.2,,,,,Unmatched,
1459,1465,A Boy Named Flora A,2017,18+,7.8/10,43/100,1,0,0,0,1,7.8,tt6284014,7.9,379,tvMiniSeries,Exact (title + year),0.100000000000001
1460,1466,My Sassy Girl,2017,"",6.9/10,43/100,1,0,0,0,1,6.9,tt6175760,6.9,1117,tvSeries,Exact (title + year),0
1461,1467,The Idhun Chronicles,2020,16+,5.4/10,43/100,1,0,0,0,1,5.4,tt9731266,5.5,740,tvSeries,Exact (title + year),0.0999999999999996
1462,1468,Larva Island,2018,"",6.5/10,43/100,1,0,0,0,1,6.5,tt9077194,6.5,665,tvSeries,Exact (title + year),0
1463,1469,44 Cats,2018,7+,6.1/10,43/100,1,0,0,0,1,6.1,tt9699148,5.8,397,tvSeries,Exact (title + year),-0.3
1464,1470,Refresh Man,2016,"",7.7/10,43/100,1,0,0,0,1,7.7,tt5842808,7.6,351,tvSeries,Exact (title + year),-0.100000000000001
1465,1471,Battlefish,2018,"",7.1/10,43/100,1,0,0,0,1,7.1,tt8893566,7,539,tvSeries,Exact (title + year),-0.0999999999999996
1466,1472,Maradona in Mexico,2019,"",7.2/10,43/100,1,0,0,0,1,7.2,tt11168104,7.2,1295,tvMiniSeries,Exact (title + year),0
1467,1473,72 Dangerous Places to Live,2016,18+,6.2/10,43/100,1,0,0,0,1,6.2,tt5674272,6.2,528,tvMiniSeries,Exact (title + year),0
1468,1474,Drug Squad: Costa del Sol,2019,"",6.8/10,43/100,1,0,0,0,1,6.8,tt8476166,6.8,796,tvSeries,Exact (title + year),0
1469,1475,Turbo FAST,2013,7+,6.5/10,43/100,1,0,0,0,1,6.5,tt3010520,6.5,961,tvSeries,Exact (title + year),0
1470,1476,The Forest of Love: Deep Cut,2020,"",6.8/10,43/100,1,0,0,0,1,6.8,tt12079236,6.9,701,tvMiniSeries,Exact (title + year),0.100000000000001
1471,1477,Abla Fahita: Drama Queen,2021,"",6.6/10,43/100,1,0,0,0,1,6.6,tt11570224,6.5,517,tvSeries,Exact (title + year),-0.0999999999999996
1472,1478,Legend Quest,2017,7+,7.4/10,43/100,1,0,0,0,1,7.4,tt5038900,7.3,631,tvSeries,Exact (title + year),-0.100000000000001
1473,1479,Korean Pork Belly Rhapsody,2020,"","",43/100,1,0,0,0,1,,tt14017966,7.5,132,tvSeries,Exact (title + year),
1474,1480,"Nuevo rico, nuevo pobre",2007,"",7.1/10,43/100,1,0,0,0,1,7.1,tt1233451,7.2,372,tvSeries,Exact (title + original-language year),0.100000000000001
1475,1481,Tattoo Redo,2021,"",5.1/10,43/100,1,0,0,0,1,5.1,tt14956090,5.9,1053,tvSeries,Exact (title + year),0.800000000000001
1476,1482,Dinosaur King,2007,7+,5.7/10,43/100,1,0,0,0,1,5.7,tt1524993,6.2,1411,tvSeries,Exact (title + year),0.5
1477,1483,Once Upon a Time in Lingjian Mountain,2019,all,7.7/10,43/100,1,0,0,0,1,7.7,tt11261994,7.1,494,tvSeries,Exact (title + year),-0.600000000000001
1478,1484,On Children,2018,"",7.5/10,43/100,1,0,0,0,1,7.5,tt8507402,7.4,510,tvMiniSeries,Exact (title + year),-0.0999999999999996
1479,1485,The Prince Who Turns into a Frog,2005,"",7.0/10,43/100,1,0,0,0,1,7,tt1454440,7,204,tvSeries,Exact (title + year),0
1480,1486,Take My Brother Away,2018,all,7.1/10,43/100,1,0,0,0,1,7.1,tt8894324,7.2,222,tvSeries,Exact (title + year),0.100000000000001
1481,1487,Juman,2019,"",5.4/10,43/100,1,0,0,0,1,5.4,tt12567164,5.4,229,tvSeries,Exact (title + year),0
1482,1488,The Rap Game,2016,7+,5.7/10,43/100,1,0,0,0,1,5.7,tt5637842,6.1,189,tvSeries,Exact (title + year),0.399999999999999
1483,1489,Basketball or Nothing,2019,7+,7.5/10,43/100,1,0,0,0,1,7.5,tt10698408,7.3,764,tvSeries,Exact (title + year),-0.2
1484,1490,Go! Go! Cory Carson,2020,all,8.1/10,43/100,1,0,0,0,1,8.1,tt8115702,7.7,448,tvSeries,Exact (title + year),-0.399999999999999
1485,1491,Mother Goose Club,2010,"",7.4/10,43/100,1,0,0,0,1,7.4,tt3040470,7,203,tvSeries,"Fuzzy (title exact, year +-1)",-0.4
1486,1492,Tiffany Haddish Presents: They Ready,2019,"",6.3/10,43/100,1,0,0,0,1,6.3,tt10085386,6.7,633,tvSeries,Exact (title + year),0.4
1487,1493,Possessed,2019,"",6.9/10,43/100,1,0,1,0,1,6.9,tt9537306,6.6,1179,tvSeries,Exact (title + year),-0.300000000000001
1488,1494,Someone Like You,2015,"",8.0/10,43/100,1,0,0,0,1,8,tt6413302,7.7,172,tvSeries,Exact (title + year),-0.3
1489,1495,Little Singham,2018,"",3.6/10,43/100,1,0,0,0,1,3.6,tt11151836,2.8,232,tvSeries,Exact (title + year),-0.8
1490,1496,Off Camera with Sam Jones,2014,"",8.4/10,43/100,1,0,0,0,1,8.4,tt3473134,8.5,350,tvSeries,Exact (title + year),0.0999999999999996
1491,1497,Super Monsters,2017,all,6.5/10,43/100,1,0,0,0,1,6.5,tt6214876,6.1,522,tvSeries,Exact (title + year),-0.4
1492,1498,How to Ruin Christmas: The Wedding,2020,18+,6.2/10,43/100,1,0,0,0,1,6.2,,,,,Unmatched,
1493,1499,ReBoot: The Guardian Code,2018,7+,3.8/10,43/100,1,0,0,0,1,3.8,tt6849940,3.8,1403,tvSeries,Exact (title + year),0
1494,1500,Engineering Girls,2019,"",7.0/10,43/100,1,0,0,0,1,7,tt8502324,6.8,1658,tvSeries,"Fuzzy (title exact, year +-1)",-0.2
1495,1501,Hoff the Record,2015,16+,7.0/10,43/100,1,0,1,0,1,7,tt4095622,6.9,445,tvSeries,Exact (title + year),-0.0999999999999996
1496,1502,Larry Charles' Dangerous World of Comedy,2019,18+,7.3/10,43/100,1,0,0,0,1,7.3,tt9654082,7.3,670,tvSeries,Exact (title + year),0
1497,1503,Triad Princess,2019,18+,6.9/10,43/100,1,0,0,0,1,6.9,tt9314996,6.6,1105,tvSeries,Exact (title + year),-0.300000000000001
1498,1504,Get Organized with The Home Edit,2020,"",4.8/10,43/100,1,0,0,0,1,4.8,tt10834478,5.7,1989,tvSeries,Exact (title + year),0.9
1499,1505,Apaches,2015,18+,7.0/10,43/100,1,0,0,0,1,7,,,,,Unmatched,
1500,1506,Social Distance,2020,"",5.7/10,42/100,1,0,0,0,1,5.7,tt12313074,5.9,773,tvMiniSeries,Exact (title + year),0.2
1501,1507,Followers,2020,18+,6.2/10,42/100,1,0,0,0,1,6.2,tt10049610,6.3,732,tvSeries,Exact (title + year),0.0999999999999996
1502,1508,13 Reasons Why: Beyond the Reasons,2017,18+,6.4/10,42/100,1,0,0,0,1,6.4,tt8615966,6.2,437,tvSeries,Exact (title + year),-0.2
1503,1509,One on One with Kirk Cameron,2019,"",4.2/10,42/100,1,0,0,0,1,4.2,tt10856242,6.1,64,tvSeries,Exact (title + year),1.9
1504,1510,Marriage or Mortgage,2021,"",5.2/10,42/100,1,0,0,0,1,5.2,tt14037542,5.3,526,tvSeries,Exact (title + year),0.0999999999999996
1505,1511,Cupcake & Dino - General Services,2018,7+,7.8/10,42/100,1,0,0,0,1,7.8,,,,,Unmatched,
1506,1512,Ice Fantasy,2016,16+,7.1/10,42/100,1,0,0,0,1,7.1,tt5022298,6.7,705,tvSeries,Exact (title + year),-0.399999999999999
1507,1513,Revolutionary Love,2017,7+,7.1/10,42/100,1,0,0,0,1,7.1,tt7340800,6.8,958,tvSeries,Exact (title + year),-0.3
1508,1514,"Rica, Famosa, Latina",2014,"",5.7/10,42/100,1,1,0,0,1,5.7,,,,,Unmatched,
1509,1515,Sunny Bunnies,2015,all,6.8/10,42/100,1,0,0,0,1,6.8,tt7264084,6,186,tvSeries,Exact (title + year),-0.8
1510,1516,Stretch Armstrong & the Flex Fighters,2017,7+,6.5/10,42/100,1,0,0,0,1,6.5,tt1379164,6.3,432,tvSeries,Exact (title + year),-0.2
1511,1517,The Who Was? Show,2018,"",6.8/10,42/100,1,0,0,0,1,6.8,tt7488702,6.9,836,tvSeries,Exact (title + year),0.100000000000001
1512,1518,The Wedding Coach,2021,"",4.9/10,42/100,1,0,0,0,1,4.9,tt14210424,5.1,124,tvSeries,Exact (title + year),0.199999999999999
1513,1519,Oscar's Oasis,2010,"",7.5/10,42/100,1,0,0,0,1,7.5,tt2080922,7.2,1297,tvSeries,"Fuzzy (title exact, year +-1)",-0.3
1514,1520,Simon,2016,all,7.3/10,42/100,1,0,0,0,1,7.3,tt7699866,6.7,190,tvSeries,Exact (title + year),-0.6
1515,1521,72 Cutest Animals,2016,"",5.8/10,42/100,1,0,0,0,1,5.8,tt5815824,5.7,561,tvMiniSeries,Exact (title + year),-0.0999999999999996
1516,1522,Zig and Sharko,2010,all,6.9/10,42/100,1,0,0,0,1,6.9,,,,,Unmatched,
1517,1523,Criminal: Germany,2019,"","",42/100,1,0,0,0,1,,tt10986056,7.6,6459,tvMiniSeries,Exact (title + year),
1518,1524,Glitter Force Doki Doki,2017,7+,"",42/100,1,0,0,0,1,,,,,,Unmatched,
1519,1525,The Octonauts,2010,all,6.4/10,42/100,1,0,0,0,1,6.4,tt1710177,7.5,2173,tvSeries,Exact (title + year),1.1
1520,1526,Westside,2018,16+,6.2/10,42/100,1,0,1,0,1,6.2,tt8693758,6.1,178,tvSeries,Exact (title + year),-0.100000000000001
1521,1527,Alien TV,2020,7+,6.2/10,42/100,1,0,0,0,1,6.2,tt12765530,6.5,440,tvSeries,"Fuzzy (title exact, year +-1)",0.3
1522,1528,My Perfect Landing,2020,"",6.3/10,42/100,1,0,0,0,1,6.3,tt10268080,6.5,530,tvSeries,Exact (title + year),0.2
1523,1529,Love Daily,2018,"",6.1/10,42/100,1,0,0,0,1,6.1,tt7975182,6.1,209,tvSeries,Exact (title + year),0
1524,1530,VeggieTales in the City,2017,all,6.0/10,42/100,1,0,0,0,1,6,tt6562134,4.7,177,tvSeries,Exact (title + year),-1.3
1525,1531,Love O2O,2016,16+,8.0/10,42/100,1,0,0,0,1,8,tt6055498,7.6,4345,tvSeries,Exact (title + year),-0.4
1526,1532,Anitta: Made in Honório,2020,"",7.0/10,42/100,1,0,0,0,1,7,tt13486136,6.9,511,tvMiniSeries,Exact (title + year),-0.0999999999999996
1527,1533,Upin & Ipin,2007,all,5.8/10,42/100,1,0,0,0,1,5.8,tt2976010,6.4,622,tvSeries,Exact (title + year),0.600000000000001
1528,1534,Follow This,2018,18+,4.9/10,42/100,1,0,0,0,1,4.9,tt8560884,5.2,766,tvSeries,Exact (title + year),0.3
1529,1535,Agent,2019,"",7.2/10,42/100,1,0,0,0,1,7.2,tt7678910,7.5,98,tvSeries,Exact (title + year),0.3
1530,1536,Garth Brooks: The Road I'm On,2019,"",7.4/10,42/100,1,0,0,0,1,7.4,tt10095402,7.4,360,tvSeries,Exact (title + year),0
1531,1537,Living Undocumented,2019,18+,6.6/10,42/100,1,0,0,0,1,6.6,tt10977486,7.3,678,tvSeries,Exact (title + year),0.7
1532,1538,Fate/Extra Last Encore,2018,18+,5.4/10,42/100,1,0,0,0,1,5.4,tt7940468,5.4,1178,tvSeries,Exact (title + year),0
1533,1539,Alphablocks,2010,all,7.8/10,42/100,1,0,0,0,1,7.8,tt6835380,7.8,191,tvSeries,Exact (title + year),0
1534,1540,Puerta 7,2020,18+,5.7/10,42/100,1,0,0,0,1,5.7,tt9170386,5.6,692,tvMiniSeries,Exact (title + year),-0.100000000000001
1535,1541,The Witcher: A Look Inside the Episodes,2020,"",7.1/10,42/100,1,0,0,0,1,7.1,tt12748032,6.8,221,tvSeries,Exact (title + year),-0.3
1536,1542,We Speak Dance,2018,7+,7.6/10,42/100,1,0,0,0,1,7.6,tt7737500,7.3,170,tvSeries,Exact (title + year),-0.3
1537,1543,Racket Boys,2021,16+,1.1/10,42/100,1,0,0,0,1,1.1,tt14482414,5.3,30320,tvSeries,Exact (title + year),4.2
1538,1544,Voices of Fire,2020,"",6.9/10,42/100,1,0,0,0,1,6.9,tt13329282,6.9,449,tvSeries,Exact (title + year),0
1539,1545,Heidi,2015,all,7.2/10,42/100,1,0,1,0,1,7.2,tt4346362,7.3,420,tvSeries,Exact (title + year),0.0999999999999996
1540,1546,The Many Faces of Ito,2017,"",6.4/10,42/100,1,0,0,0,1,6.4,tt7138120,5.3,251,movie,"Fuzzy (title exact, year +-1) [non-TV type]",-1.1
1541,1547,Centaurworld,2021,7+,7.1/10,42/100,1,0,0,0,1,7.1,tt10919290,7.6,3296,tvSeries,Exact (title + year),0.5
1542,1548,Magmel of the Sea Blue,2019,7+,6.2/10,41/100,1,0,0,0,1,6.2,,,,,Unmatched,
1543,1549,Serial Killer with Piers Morgan,2017,"",3.8/10,41/100,1,0,0,0,1,3.8,tt7667038,3.9,1514,tvSeries,Exact (title + original-language year),0.1
1544,1550,The Legend of White Snake,2019,all,7.7/10,41/100,1,0,0,0,1,7.7,tt10628250,7.3,402,tvSeries,Exact (title + year),-0.4
1545,1551,Pet Stars,2021,"",5.8/10,41/100,1,0,0,0,1,5.8,tt14318392,5.2,154,tvSeries,Exact (title + year),-0.6
1546,1552,Last Hope,2018,16+,5.8/10,41/100,1,0,0,0,1,5.8,tt8893554,5.7,577,tvSeries,Exact (title + year),-0.0999999999999996
1547,1553,Msameer,2011,"",8.5/10,41/100,1,0,0,0,1,8.5,tt6298216,8.5,497,video,Exact (title + year) [non-TV type],0
1548,1554,Nadiya Bakes,2020,"",7.1/10,41/100,1,0,0,0,1,7.1,tt11714872,7.2,349,tvSeries,Exact (title + year),0.100000000000001
1549,1555,Conspiracy,2015,"",6.2/10,41/100,1,0,0,0,1,6.2,tt4761054,6.2,431,tvSeries,Exact (title + year),0
1550,1556,Death by Magic,2018,7+,6.1/10,41/100,1,0,0,0,1,6.1,tt8887956,6.1,791,tvSeries,Exact (title + year),0
1551,1557,Welcome to the Family,2018,16+,6.7/10,41/100,1,0,0,0,1,6.7,tt7490342,6.7,618,tvSeries,Exact (title + year),0
1552,1558,Narcoworld: Dope Stories,2019,"",6.6/10,41/100,1,0,0,0,1,6.6,tt11215112,6.5,426,tvSeries,Exact (title + year),-0.0999999999999996
1553,1559,Motown Magic,2018,all,7.7/10,41/100,1,0,0,0,1,7.7,tt8959860,7.9,340,tvSeries,Exact (title + year),0.2
1554,1560,Blazing Transfer Students,2017,"",7.3/10,41/100,1,0,0,0,1,7.3,tt7931520,6.6,159,tvSeries,Exact (title + year),-0.7
1555,1561,Almost Happy,2020,"",6.8/10,41/100,1,0,0,0,1,6.8,tt12146940,6.9,1303,tvMiniSeries,Exact (title + year),0.100000000000001
1556,1562,Gormiti,2018,7+,6.0/10,41/100,1,0,0,0,1,6,tt9077350,5.4,250,tvSeries,Exact (title + year),-0.6
1557,1563,We Are: The Brooklyn Saints,2021,"",6.5/10,41/100,1,0,0,0,1,6.5,tt13656220,6.5,198,tvSeries,Exact (title + year),0
1558,1564,That's What Happened,2019,"",8.1/10,41/100,1,0,0,0,1,8.1,,,,,Unmatched,
1559,1565,Takki,2012,all,7.1/10,41/100,1,0,0,0,1,7.1,tt6052432,6.3,514,tvMiniSeries,Exact (title + year),-0.8
1560,1566,Lava Ka Dhaava,2021,"",6.1/10,41/100,1,0,0,0,1,6.1,tt14492912,6,52,tvSeries,Exact (title + year),-0.0999999999999996
1561,1567,Angelina Ballerina: The Next Steps,2009,all,4.9/10,41/100,1,0,0,0,1,4.9,tt1531706,5,284,tvSeries,"Fuzzy (title exact, year +-1)",0.0999999999999996
1562,1568,Z4,2018,all,"",41/100,1,0,0,0,1,,tt8618456,6.7,38,tvSeries,Exact (title + year),
1563,1569,The Casketeers,2018,16+,7.5/10,41/100,1,0,0,0,1,7.5,tt8365054,7.6,522,tvSeries,Exact (title + year),0.0999999999999996
1564,1570,Age of Rebellion,2018,"",8.6/10,41/100,1,0,0,0,1,8.6,tt8931836,8.7,77,tvSeries,Exact (title + year),0.0999999999999996
1565,1571,Spectros,2020,18+,4.7/10,41/100,1,0,0,0,1,4.7,tt10145110,4.7,520,tvSeries,Exact (title + year),0
1566,1572,Dear My Friends,2016,"",8.3/10,41/100,1,0,0,0,1,8.3,tt5689030,8.2,584,tvSeries,Exact (title + year),-0.100000000000001
1567,1573,Panda and Hedgehog,2012,"",6.3/10,41/100,1,0,0,0,1,6.3,tt3647374,6.3,296,tvSeries,Exact (title + year),0
1568,1574,Black Hollywood: 'They've Gotta Have Us',2018,"",7.6/10,41/100,1,0,0,0,1,7.6,tt9268756,7.9,353,tvMiniSeries,Exact (title + original-language year),0.300000000000001
1569,1575,A Year In Space,2016,"",7.4/10,41/100,1,0,1,0,1,7.4,tt5428494,7.3,472,tvSeries,"Fuzzy (title exact, year +-1)",-0.100000000000001
1570,1576,My Runway,2016,7+,6.4/10,41/100,1,0,0,0,1,6.4,tt6968336,6.2,448,tvSeries,Exact (title + year),-0.2
1571,1577,LEGO Marvel Avengers: Climate Conundrum,2020,7+,7.0/10,41/100,1,0,0,0,1,7,tt13783758,6.2,239,tvMiniSeries,Exact (title + year),-0.8
1572,1578,Cyborg 009: Call of Justice,2017,"",5.8/10,41/100,1,0,0,0,1,5.8,tt5894272,5.9,447,tvSeries,"Fuzzy (title exact, year +-1)",0.100000000000001
1573,1579,Dave Chappelle: Equanimity & The Bird Revelation,2017,"","",41/100,1,0,0,0,1,,,,,,Unmatched,
1574,1580,Check The Store Next Door: The Next Chapter,2018,"",7.9/10,41/100,1,0,0,0,1,7.9,tt13574094,7,142,tvSeries,"Fuzzy (title exact, year +-1)",-0.9
1575,1581,Somewhere Only We Know,2019,"",7.3/10,41/100,1,0,0,0,1,7.3,tt10472296,6.9,269,tvSeries,Exact (title + year),-0.399999999999999
1576,1582,The Haunted House,2016,7+,8.4/10,40/100,1,0,0,0,1,8.4,tt9518312,7.2,278,tvSeries,Exact (title + year),-1.2
1577,1583,Oddbods (Shorts),2015,7+,6.4/10,40/100,1,0,0,0,1,6.4,,,,,Unmatched,
1578,1584,Tayo the Little Bus,2010,"",5.6/10,40/100,1,1,1,0,1,5.6,tt3270208,5.6,293,tvSeries,Exact (title + original-language year),0
1579,1585,Cleo & Cuquin,2018,7+,8.0/10,40/100,1,0,0,0,1,8,tt7956374,6.9,158,tvSeries,Exact (title + year),-1.1
1580,1586,Inspector Gadget,2015,all,4.6/10,40/100,1,0,0,1,1,4.6,tt3910690,4.7,918,tvSeries,Exact (title + year),0.100000000000001
1581,1587,Let's Fight Ghost,2021,"",7.7/10,40/100,1,0,0,0,1,7.7,tt14168868,6.9,211,tvSeries,Exact (title + year),-0.8
1582,1588,Magic for Humans Spain,2021,18+,6.4/10,40/100,1,0,0,0,1,6.4,,,,,Unmatched,
1583,1589,The Defected,2019,"",7.2/10,40/100,1,0,0,0,1,7.2,tt10141612,7,99,tvSeries,Exact (title + year),-0.2
1584,1590,The Qin Empire,2009,7+,8.1/10,40/100,1,0,0,0,1,8.1,tt5293462,8.1,188,tvSeries,Exact (title + year),0
1585,1591,Creator's File: GOLD,2021,"",6.5/10,40/100,1,0,0,0,1,6.5,tt14611486,7.3,42,tvSeries,Exact (title + year),0.8
1586,1592,Fary: Hexagone,2020,"",6.5/10,40/100,1,0,0,0,1,6.5,tt11823028,6.4,174,tvSeries,Exact (title + year),-0.0999999999999996
1587,1593,The Comedy Lineup,2018,18+,5.9/10,40/100,1,0,0,0,1,5.9,tt8687584,6,597,tvSeries,Exact (title + year),0.0999999999999996
1588,1594,Back with the Ex,2019,"",6.2/10,40/100,1,0,0,0,1,6.2,tt9316002,6.2,685,tvSeries,"Fuzzy (title exact, year +-1)",0
1589,1595,Charlie's Colorforms City,2019,all,7.1/10,40/100,1,0,0,0,1,7.1,tt8115672,6.3,194,tvSeries,Exact (title + year),-0.8
1590,1596,Cloudy with a Chance of Meatballs,2017,all,3.3/10,40/100,1,0,0,0,1,3.3,tt4123482,3.6,988,tvSeries,Exact (title + year),0.3
1591,1597,Team Kaylie,2019,"",4.4/10,40/100,1,0,0,0,1,4.4,tt9717424,4.9,547,tvSeries,Exact (title + year),0.5
1592,1598,Absurd Planet,2020,7+,3.9/10,40/100,1,0,0,0,1,3.9,tt12027008,4.1,1759,tvSeries,Exact (title + year),0.2
1593,1599,"Love, Now",2007,"",6.1/10,40/100,1,0,0,0,1,6.1,,,,,Unmatched,
1594,1600,Mighty Express,2020,all,5.0/10,40/100,1,0,0,0,1,5,tt11860336,3.8,190,tvSeries,Exact (title + year),-1.2
1595,1601,Children of Adam,2020,18+,7.9/10,40/100,1,0,0,0,1,7.9,,,,,Unmatched,
1596,1602,Nowhere Man,2019,18+,5.6/10,40/100,1,0,0,0,1,5.6,tt10895588,5.7,484,tvSeries,Exact (title + year),0.100000000000001
1597,1603,Office Girls,2011,"",6.9/10,40/100,1,0,0,0,1,6.9,tt4381290,7,244,tvMiniSeries,Exact (title + year),0.0999999999999996
1598,1604,Club de Cuervos Presents: The Ballad of Hugo Sánchez,2018,18+,6.5/10,40/100,1,0,0,0,1,6.5,,,,,Unmatched,
1599,1605,Mob Psycho 100,2018,all,5.2/10,40/100,1,0,0,0,1,5.2,tt7701694,5.2,726,tvSeries,Exact (title + year),0
1600,1606,White Nights,2016,"",7.0/10,40/100,1,1,0,0,1,7,tt5363068,6.4,13,movie,"Fuzzy (title exact, year +-1) [non-TV type]",-0.6
1601,1607,Lego Bionicle: The Journey to One,2016,7+,5.5/10,40/100,1,0,0,0,1,5.5,tt5075942,5.3,295,tvSeries,Exact (title + year),-0.2
1602,1608,Back Street Girls: Goku Dolls,2018,18+,6.7/10,40/100,1,0,0,0,1,6.7,,,,,Unmatched,
1603,1609,The Iliza Shlesinger Sketch Show,2020,18+,5.0/10,40/100,1,0,0,0,1,5,tt11092086,5.2,1115,tvSeries,Exact (title + year),0.2
1604,1610,Becoming Champions,2018,all,6.7/10,40/100,1,0,0,0,1,6.7,tt8796068,6.5,551,tvSeries,Exact (title + year),-0.2
1605,1611,Bakugan: Battle Planet,2018,all,4.9/10,40/100,1,0,0,0,1,4.9,tt9527662,4.6,404,tvSeries,Exact (title + year),-0.300000000000001
1606,1612,Terrorism Close Calls,2018,"",5.2/10,40/100,1,0,0,0,1,5.2,tt6775816,5.3,929,tvSeries,Exact (title + year),0.0999999999999996
1607,1613,The Writer,2019,7+,6.6/10,40/100,1,0,0,0,1,6.6,tt10312958,6.5,389,tvSeries,Exact (title + year),-0.0999999999999996
1608,1614,Robot Trains,2017,all,6.2/10,40/100,1,0,1,0,1,6.2,tt7216288,5.4,170,tvSeries,Exact (title + year),-0.8
1609,1615,Pororo the Little Penguin,2003,all,6.0/10,40/100,1,1,1,0,1,6,,,,,Unmatched,
1610,1616,Unrequited Love,2019,"",7.3/10,40/100,1,0,0,0,1,7.3,tt10449632,7,353,tvSeries,Exact (title + year),-0.3
1611,1617,H2O - Abenteuer Meerjungfrau,2015,7+,5.6/10,40/100,1,0,0,0,1,5.6,,,,,Unmatched,
1612,1618,Rea(l)ove,2018,"",6.7/10,40/100,1,0,0,0,1,6.7,tt8477194,6.5,335,tvSeries,Exact (title + year),-0.2
1613,1619,Scams,2019,"",6.3/10,40/100,1,0,0,0,1,6.3,tt10448486,6.4,488,tvMiniSeries,Exact (title + year),0.100000000000001
1614,1620,The Fierce Wife,2010,16+,6.8/10,40/100,1,0,0,0,1,6.8,tt4304720,7.1,154,tvSeries,Exact (title + year),0.3
1615,1621,Eugenie Nights - ليالي أوجيني,2018,16+,7.4/10,40/100,1,0,0,0,1,7.4,,,,,Unmatched,
1616,1622,Tiny Creatures,2020,7+,4.9/10,40/100,1,0,0,0,1,4.9,tt12759334,5.1,1511,tvSeries,Exact (title + year),0.199999999999999
1617,1623,A Taiwanese Tale of Two Cities,2018,"",6.5/10,40/100,1,0,0,0,1,6.5,tt8893498,6.4,192,tvSeries,Exact (title + year),-0.0999999999999996
1618,1624,Tango,2018,"",7.2/10,40/100,1,0,0,0,1,7.2,tt8171410,7,250,tvSeries,Exact (title + year),-0.2
1619,1625,Standup and Away! with Brian Regan,2018,16+,5.8/10,40/100,1,0,0,0,1,5.8,tt9384194,5.8,505,tvSeries,Exact (title + year),0
1620,1626,Black Crows,2018,18+,5.6/10,40/100,1,0,0,0,1,5.6,tt7356518,5.6,402,tvSeries,"Fuzzy (title exact, year +-1)",0
1621,1627,Ainori Love Wagon: Asian Journey,2017,"",6.9/10,40/100,1,0,0,0,1,6.9,tt7510930,7,376,tvSeries,Exact (title + year),0.0999999999999996
1622,1628,Yummy Mummies,2017,7+,4.1/10,40/100,1,0,0,0,1,4.1,tt7172230,4.3,770,tvSeries,Exact (title + year),0.2
1623,1629,revisions,2019,18+,6.0/10,40/100,1,0,0,0,1,6,tt9522354,5.9,823,tvMiniSeries,Exact (title + year),-0.0999999999999996
1624,1630,Green Door,2019,18+,6.3/10,40/100,1,0,0,0,1,6.3,tt9817290,6.3,163,tvMiniSeries,Exact (title + year),0
1625,1631,Valentino,2020,"",5.5/10,40/100,1,0,0,0,1,5.5,tt11508212,5.1,390,tvSeries,Exact (title + year),-0.4
1626,1632,Move,2020,"","",40/100,1,0,0,0,1,,tt10092764,7.3,160,tvSeries,Exact (title + year),
1627,1633,Million Dollar Beach House,2020,18+,4.1/10,40/100,1,0,0,0,1,4.1,tt12882136,4.3,942,tvSeries,Exact (title + year),0.2
1628,1634,I Hear You,2019,all,7.8/10,40/100,1,0,0,0,1,7.8,tt10327440,7.1,1046,tvSeries,Exact (title + year),-0.7
1629,1635,Booba Aventuras na Cozinha,2020,"",8.7/10,39/100,1,0,0,0,1,8.7,,,,,Unmatched,
1630,1636,Littlest Pet Shop: A World of Our Own,2018,all,6.8/10,39/100,1,0,0,0,1,6.8,tt8060322,5.8,132,tvSeries,"Fuzzy (title exact, year +-1)",-1
1631,1637,Spy Kids: Mission Critical,2018,all,4.9/10,39/100,1,0,0,0,1,4.9,tt6714408,4.7,550,tvSeries,Exact (title + year),-0.2
1632,1638,La Línea: Shadow of Narco,2020,"",6.4/10,39/100,1,0,0,0,1,6.4,tt12875794,6.4,495,tvMiniSeries,Exact (title + year),0
1633,1639,Dino Girl Gauko,2019,7+,6.7/10,39/100,1,0,0,0,1,6.7,tt10380814,6.6,134,tvSeries,Exact (title + year),-0.100000000000001
1634,1640,Hasmukh,2020,18+,5.3/10,39/100,1,0,0,0,1,5.3,tt9359294,5.4,2907,tvMiniSeries,Exact (title + year),0.100000000000001
1635,1641,Here to Heart,2018,7+,7.4/10,39/100,1,0,0,0,1,7.4,tt8791742,7.4,363,tvSeries,Exact (title + year),0
1636,1642,Chosen,2018,"",5.5/10,39/100,1,0,1,0,1,5.5,tt7317178,5.3,149,tvSeries,Exact (title + year),-0.2
1637,1643,COMEDIANS of the world,2019,"",6.4/10,39/100,1,0,0,0,1,6.4,tt8685446,6.4,528,tvSeries,Exact (title + year),0
1638,1644,The Good Bandit,2019,18+,7.8/10,39/100,1,0,0,0,1,7.8,tt9328616,6.7,143,tvSeries,Exact (title + year),-1.1
1639,1645,"Wait, My Youth",2019,all,8.6/10,39/100,1,0,0,0,1,8.6,tt12071466,7.7,225,tvMiniSeries,Exact (title + year),-0.9
1640,1646,Ask the Doctor,2017,"",6.6/10,39/100,1,0,0,0,1,6.6,tt7188736,6.5,323,tvSeries,Exact (title + year),-0.0999999999999996
1641,1647,Locombianos,2021,18+,3.6/10,39/100,1,0,0,0,1,3.6,tt14494718,5.4,34,tvSeries,Exact (title + year),1.8
1642,1648,Robocar Poli,2011,"",6.7/10,39/100,1,0,0,0,1,6.7,tt4763642,5.7,268,tvSeries,Exact (title + year),-1
1643,1649,Rainbow Ruby,2016,all,6.6/10,39/100,1,0,0,0,1,6.6,tt5828144,6.2,157,tvSeries,Exact (title + year),-0.399999999999999
1644,1650,Justin Time,2011,all,6.7/10,39/100,1,0,0,0,1,6.7,tt1870073,6.8,308,tvSeries,Exact (title + year),0.0999999999999996
1645,1651,Fugitiva,2018,18+,5.7/10,39/100,1,0,0,0,1,5.7,tt7158972,5.6,836,tvSeries,Exact (title + year),-0.100000000000001
1646,1652,Sing On!,2020,"",6.3/10,39/100,1,0,0,0,1,6.3,tt12923734,6.4,507,tvSeries,Exact (title + year),0.100000000000001
1647,1653,Flinch,2019,7+,4.3/10,39/100,1,0,0,0,1,4.3,tt9196244,4.4,851,tvSeries,Exact (title + year),0.100000000000001
1648,1654,Larva,2011,all,7.2/10,39/100,1,0,0,0,1,7.2,tt6966158,6.9,1436,tvSeries,Exact (title + year),-0.3
1649,1655,Baby Ballroom,2017,"",7.8/10,39/100,1,0,0,0,1,7.8,tt8159960,7.6,238,tvSeries,Exact (title + year),-0.2
1650,1656,Akbar Birbal,2014,"",7.5/10,39/100,1,0,1,0,1,7.5,tt4570984,8.4,275,tvSeries,Exact (title + year),0.9
1651,1657,StoryBots Super Songs,2016,all,8.5/10,39/100,1,0,0,0,1,8.5,tt6163070,8.6,226,tvSeries,Exact (title + year),0.0999999999999996
1652,1658,Space Jungle,2014,all,"",39/100,1,0,0,0,1,,,,,,Unmatched,
1653,1659,VeggieTales In The House,2014,all,4.4/10,39/100,1,0,0,0,1,4.4,tt3692064,4.2,423,tvSeries,Exact (title + year),-0.2
1654,1660,LEGO Jurassic World: The Secret Exhibit,2018,7+,6.3/10,39/100,1,0,0,0,1,6.3,tt9322614,6.1,401,tvMiniSeries,Exact (title + year),-0.2
1655,1661,Strong,2016,7+,7.5/10,39/100,1,0,0,0,1,7.5,,,,,Unmatched,
1656,1662,Legend Quest: Masters of Myth,2019,"",7.7/10,39/100,1,0,0,0,1,7.7,tt10228032,7.1,221,tvSeries,Exact (title + year),-0.600000000000001
1657,1663,Mighty Little Bheem: Kite Festival,2021,"",8.5/10,39/100,1,0,0,0,1,8.5,tt13711094,6.3,36,tvSeries,Exact (title + year),-2.2
1658,1664,The American Bible Challenge,2012,all,6.4/10,39/100,1,0,0,0,1,6.4,tt2246424,6.8,144,tvSeries,Exact (title + year),0.399999999999999
1659,1665,Breakout,2010,"",7.9/10,39/100,1,0,0,0,1,7.9,,,,,Unmatched,
1660,1666,GAME ON: A Comedy Crossover Event,2020,all,5.7/10,39/100,1,0,0,0,1,5.7,,,,,Unmatched,
1661,1667,ID-0,2017,16+,6.1/10,39/100,1,0,0,0,1,6.1,tt7161218,6,408,tvMiniSeries,Exact (title + year),-0.0999999999999996
1662,1668,Tijuana,2019,16+,7.1/10,39/100,1,0,0,0,1,7.1,tt8027624,6.9,398,tvSeries,Exact (title + year),-0.199999999999999
1663,1669,Dinotrux: Supercharged,2017,7+,7.2/10,39/100,1,0,0,0,1,7.2,,,,,Unmatched,
1664,1670,The Jungle Book,2010,all,4.2/10,39/100,1,0,0,1,1,4.2,tt1794595,4.8,247,tvSeries,Exact (title + year),0.6
1665,1671,My Dear Boy,2017,"",8.0/10,39/100,1,0,0,0,1,8,tt7804134,7.4,115,tvSeries,Exact (title + year),-0.6
1666,1672,Skin Decision: Before and After,2020,"",5.8/10,39/100,1,0,0,0,1,5.8,tt12588326,6,505,tvSeries,Exact (title + year),0.2
1667,1673,Rhyme Time Town Singalongs,2020,all,8.3/10,39/100,1,0,0,0,1,8.3,tt13530018,7.1,29,tvSeries,Exact (title + year),-1.2
1668,1674,Transformers: Rescue Bots Academy,2019,all,6.6/10,39/100,1,0,0,0,1,6.6,tt9557812,5.5,197,tvSeries,Exact (title + year),-1.1
1669,1675,"Noddy, Toyland Detective",2016,all,6.2/10,39/100,1,0,0,0,1,6.2,tt3508674,6,193,tvSeries,Exact (title + year),-0.2
1670,1676,Ricky Zoom,2019,all,6.5/10,39/100,1,0,0,0,1,6.5,tt10932166,5.7,141,tvSeries,Exact (title + year),-0.8
1671,1677,Popples,1986,all,6.5/10,39/100,1,0,0,0,1,6.5,tt0174420,6.3,288,tvSeries,Exact (title + year),-0.2
1672,1678,Edgar Rice Burroughs' Tarzan and Jane,2017,7+,4.8/10,39/100,1,0,0,0,1,4.8,,,,,Unmatched,
1673,1679,Chico Bon Bon: Monkey with a Tool Belt,2020,all,6.3/10,39/100,1,0,0,0,1,6.3,tt8115688,6.3,184,tvSeries,Exact (title + year),0
1674,1680,Inborn Pair,2011,"",6.9/10,38/100,1,0,0,0,1,6.9,tt6357282,7,158,tvSeries,Exact (title + year),0.0999999999999996
1675,1681,The Underclass,2020,"",6.2/10,38/100,1,0,0,0,1,6.2,tt12665438,5.8,130,tvSeries,Exact (title + year),-0.4
1676,1682,Boca Juniors Confidential,2018,all,6.4/10,38/100,1,0,0,0,1,6.4,tt8893546,6.3,430,tvSeries,Exact (title + year),-0.100000000000001
1677,1683,ZOIDS WILD,2018,7+,5.8/10,38/100,1,0,0,0,1,5.8,tt12317724,8,95,tvSeries,Exact (title + year),2.2
1678,1684,Holiday Home Makeover with Mr. Christmas,2020,all,5.7/10,38/100,1,0,0,0,1,5.7,tt13255112,5.9,373,tvSeries,Exact (title + year),0.2
1679,1685,Nailed It! Mexico,2019,all,6.1/10,38/100,1,0,0,0,1,6.1,tt9708588,6.2,353,tvSeries,Exact (title + year),0.100000000000001
1680,1686,Cabins in the Wild with Dick Strawbridge,2017,7+,6.8/10,38/100,1,0,0,0,1,6.8,tt8422396,6.8,293,tvMiniSeries,Exact (title + year),0
1681,1687,Best.Worst.Weekend.Ever.,2018,7+,6.4/10,38/100,1,0,0,0,1,6.4,,,,,Unmatched,
1682,1688,Fangbone!,2016,7+,5.7/10,38/100,1,0,0,0,1,5.7,,,,,Unmatched,
1683,1689,Wrong Kind of Black,2018,"",7.6/10,38/100,1,0,0,0,1,7.6,tt8660874,7.6,225,tvMiniSeries,Exact (title + year),0
1684,1690,Disappearance,2018,"",7.2/10,38/100,1,0,0,0,1,7.2,tt9905672,7,180,tvSeries,Exact (title + year),-0.2
1685,1691,I'm with the Band: Nasty Cherry,2019,"",6.7/10,38/100,1,0,0,0,1,6.7,tt6233916,6.4,190,tvSeries,Exact (title + year),-0.3
1686,1692,Pinky Malinky,2019,7+,5.7/10,38/100,1,0,0,0,1,5.7,tt5621544,5.9,1572,tvSeries,"Fuzzy (title exact, year +-1)",0.2
1687,1693,The Crime,2015,"",6.2/10,38/100,1,0,0,0,1,6.2,tt4173216,6.3,884,tvSeries,"Fuzzy (title exact, year +-1)",0.0999999999999996
1688,1694,Tayee,2018,"",8.0/10,38/100,1,0,0,0,1,8,,,,,Unmatched,
1689,1695,Yanxi Palace: Princess Adventures,2019,"",5.8/10,38/100,1,0,0,0,1,5.8,tt11399844,5.8,458,tvSeries,Exact (title + year),0
1690,1696,Extreme Engagement,2019,18+,5.7/10,38/100,1,0,0,0,1,5.7,tt10521644,5.7,423,tvSeries,Exact (title + year),0
1691,1697,Single Ladies Senior,2018,"","",38/100,1,0,0,0,1,,,,,,Unmatched,
1692,1698,Deja Vu,2013,"","",38/100,1,0,0,0,1,,,,,,Unmatched,
1693,1699,Care Bears and Cousins,2015,all,6.8/10,38/100,1,0,0,0,1,6.8,tt4680360,5,124,tvSeries,Exact (title + year),-1.8
1694,1700,Graceful Friends,2020,"",6.7/10,38/100,1,0,0,0,1,6.7,tt12531492,7,229,tvSeries,Exact (title + year),0.3
1695,1701,Spark,2016,"",7.0/10,38/100,1,0,0,0,1,7,,,,,Unmatched,
1696,1702,The Miracle,2016,"",6.5/10,38/100,1,0,0,0,1,6.5,tt6703344,6.2,318,tvSeries,Exact (title + year),-0.3
1697,1703,The In-Laws,2003,13+,5.7/10,38/100,1,0,0,0,1,5.7,,,,,Unmatched,
1698,1704,Hong Kong West Side Stories,2019,18+,7.3/10,38/100,1,0,0,0,1,7.3,tt10282684,7,142,tvSeries,Exact (title + year),-0.3
1699,1705,Life Plan A and B,2017,7+,7.6/10,38/100,1,0,0,0,1,7.6,tt7034962,7.7,144,tvMiniSeries,"Fuzzy (title exact, year +-1)",0.100000000000001
1700,1706,Empire Games,2018,7+,5.7/10,38/100,1,0,0,0,1,5.7,tt8171234,5.8,406,tvSeries,Exact (title + year),0.0999999999999996
1701,1707,Shrek's Swamp Stories,2008,"",6.6/10,38/100,1,0,0,0,1,6.6,,,,,Unmatched,
1702,1708,J-Style Trip,2020,16+,5.4/10,37/100,1,0,0,0,1,5.4,tt11942052,5,138,tvSeries,Exact (title + year),-0.4
1703,1709,Camarón Revolution,2018,"","",37/100,1,0,0,0,1,,,,,,Unmatched,
1704,1710,Block B - Under Arrest,2015,"",6.9/10,37/100,1,0,0,0,1,6.9,,,,,Unmatched,
1705,1711,Kong: King of the Apes,2016,7+,5.8/10,37/100,1,0,0,0,1,5.8,tt5462936,5.7,471,tvSeries,Exact (title + year),-0.0999999999999996
1706,1712,Fire Chasers,2017,"",6.6/10,37/100,1,0,0,0,1,6.6,tt7293754,6.6,447,tvMiniSeries,Exact (title + year),0
1707,1713,Word Party,2016,all,5.9/10,37/100,1,0,0,0,1,5.9,tt5235950,5.5,435,tvSeries,Exact (title + year),-0.4
1708,1714,Power Players,2019,7+,6.0/10,37/100,1,0,0,0,1,6,tt10895604,5.2,149,tvSeries,Exact (title + year),-0.8
1709,1715,Legend of Chu and Han,2012,"",8.0/10,37/100,1,0,0,0,1,8,tt9586376,7.6,152,tvSeries,Exact (title + year),-0.4
1710,1716,The Devil Punisher,2020,"",5.9/10,37/100,1,0,0,0,1,5.9,tt13317376,5.8,271,tvSeries,Exact (title + year),-0.100000000000001
1711,1717,The Outsiders,2004,16+,7.4/10,37/100,1,0,0,0,1,7.4,,,,,Unmatched,
1712,1718,LEGO Elves,2017,"",6.7/10,37/100,1,0,0,0,1,6.7,,,,,Unmatched,
1713,1719,Memory Love,2017,"",7.8/10,37/100,1,0,0,0,1,7.8,tt9015516,7.8,75,tvSeries,Exact (title + year),0
1714,1720,The Perfect Match,2017,"",7.5/10,37/100,1,0,0,0,1,7.5,tt9882870,7.2,336,tvSeries,Exact (title + year),-0.3
1715,1721,Nailed It! France,2019,16+,6.4/10,37/100,1,0,0,0,1,6.4,tt10990804,6.4,142,tvSeries,Exact (title + year),0
1716,1722,Love Family,2013,"",7.8/10,37/100,1,0,0,0,1,7.8,tt6671178,8.4,37,tvSeries,Exact (title + year),0.600000000000001
1717,1723,Southern Survival,2020,"",5.7/10,37/100,1,0,0,0,1,5.7,tt12588286,5.4,526,tvSeries,Exact (title + year),-0.3
1718,1724,When I See You Again,2015,"",7.1/10,37/100,1,0,0,0,1,7.1,tt6289504,6.9,131,tvSeries,Exact (title + year),-0.199999999999999
1719,1726,"Three Wives, One Husband",2018,"",6.5/10,37/100,1,0,0,0,1,6.5,,,,,Unmatched,
1720,1727,The Charming Stepmom,2019,"","",37/100,1,0,0,0,1,,tt13846404,7.1,37,tvSeries,Exact (title + year),
1721,1728,Journey of an African Colony,2020,"","",37/100,1,0,0,0,1,,,,,,Unmatched,
1722,1729,The Little Nyonya,2008,"","",37/100,1,0,0,0,1,,,,,,Unmatched,
1723,1730,Richie Rich,2015,all,3.3/10,37/100,1,0,0,0,1,3.3,tt4160920,3.4,1666,tvSeries,Exact (title + year),0.1
1724,1731,Justice,2019,7+,5.2/10,37/100,1,0,0,0,1,5.2,tt10513300,7.3,145,tvSeries,Exact (title + year),2.1
1725,1732,Bookmarks: Celebrating Black Voices,2020,all,4.9/10,37/100,1,0,0,0,1,4.9,tt12923664,5.8,382,tvSeries,Exact (title + original-language year),0.9
1726,1734,Fifty,2017,"",8.3/10,37/100,1,0,0,0,1,8.3,tt7325262,8.5,44,tvSeries,Exact (title + year),0.199999999999999
1727,1735,Masha's Tales,2016,all,"",37/100,1,0,0,0,1,,,,,,Unmatched,
1728,1736,Hook,2020,"",6.7/10,37/100,1,0,0,0,1,6.7,tt12656690,5.9,40,tvSeries,Exact (title + year),-0.8
1729,1737,Pacto de Sangue,2018,"",6.9/10,37/100,1,0,0,0,1,6.9,tt6742610,6.9,176,tvMiniSeries,Exact (title + year),0
1730,1738,Pablo,2017,"",7.6/10,37/100,1,0,0,0,1,7.6,tt8016478,7.9,77,tvSeries,Exact (title + year),0.300000000000001
1731,1739,Cairo Class,2019,"","",37/100,1,0,0,0,1,,,,,,Unmatched,
1732,1740,What She Put on the Table,2017,"","",37/100,1,0,0,0,1,,,,,,Unmatched,
1733,1741,The Land of Hypocrisy,2018,"",6.5/10,37/100,1,0,0,0,1,6.5,tt9516224,6.4,323,tvSeries,Exact (title + year),-0.0999999999999996
1734,1742,Meet the Adebanjos,2012,7+,7.6/10,37/100,1,0,0,0,1,7.6,tt2344781,7.6,110,tvSeries,Exact (title + year),0
1735,1743,Inside the Freemasons,2017,"",5.4/10,36/100,1,0,0,0,1,5.4,tt6743832,5.5,505,tvSeries,Exact (title + year),0.0999999999999996
1736,1744,All About Love,2010,"",6.3/10,36/100,1,0,0,0,1,6.3,tt1694518,6.3,414,movie,Exact (title + year) [non-TV type],0
1737,1745,Hyper Hardboiled Gourmet Report,2019,"","",36/100,1,0,0,0,1,,,,,,Unmatched,
1738,1746,Rimba Racer,2015,"",8.2/10,36/100,1,0,0,0,1,8.2,tt7166296,8.4,108,tvSeries,Exact (title + year),0.200000000000001
1739,1747,Murphy's Law of Love,2015,"",7.4/10,36/100,1,0,0,0,1,7.4,tt6352754,7.2,291,tvSeries,Exact (title + year),-0.2
1740,1748,Miss Culinary,2019,"","",36/100,1,0,0,0,1,,tt34325617,7.2,6,tvSeries,Exact (title + year),
1741,1749,LEGO Friends: The Power of Friendship,2016,7+,6.0/10,36/100,1,0,0,0,1,6,tt6464612,6.9,112,tvSeries,Exact (title + year),0.9
1742,1750,A Thousand Goodnights,2019,"","",36/100,1,0,0,0,1,,tt10370952,7.2,140,tvSeries,Exact (title + year),
1743,1751,Secreto bien guardado,2019,"",4.9/10,36/100,1,0,0,0,1,4.9,tt10702412,5,273,tvMiniSeries,Exact (title + year),0.0999999999999996
1744,1752,The Unremarkable Juanquini,2020,"",4.4/10,36/100,1,0,0,0,1,4.4,tt12189308,4.3,216,tvSeries,Exact (title + year),-0.100000000000001
1745,1753,Felipe Esparza: Bad Decisions,2020,"",5.0/10,36/100,1,0,0,0,1,5,tt12875768,5.6,240,tvMiniSeries,Exact (title + year),0.6
1746,1754,True Tunes,2019,all,8.0/10,36/100,1,0,0,0,1,8,tt10522374,7.7,18,tvSeries,Exact (title + year),-0.3
1747,1755,The Judgement,2018,"",7.1/10,36/100,1,0,0,0,1,7.1,tt8866904,6.6,133,tvSeries,Exact (title + year),-0.5
1748,1756,Dreamworks Spooky Stories,2012,7+,6.7/10,36/100,1,0,0,0,1,6.7,tt3608838,6.5,772,video,Exact (title + year) [non-TV type],-0.2
1749,1757,I Have a Script,2019,7+,"",36/100,1,0,0,0,1,,,,,,Unmatched,
1750,1758,Little Baby Bum: Nursery Rhyme Friends,2016,all,6.7/10,36/100,1,0,0,0,1,6.7,tt11460334,6.6,61,tvSeries,Exact (title + year),-0.100000000000001
1751,1759,28 Faces of the Moon,2016,7+,5.5/10,36/100,1,0,0,0,1,5.5,tt10145322,5.9,36,tvMiniSeries,Exact (title + year),0.4
1752,1760,Harvey Street Kids,2018,7+,6.6/10,36/100,1,0,0,0,1,6.6,,,,,Unmatched,
1753,1761,Buddi,2020,all,6.9/10,36/100,1,0,0,0,1,6.9,tt11829340,6.9,85,tvSeries,Exact (title + year),0
1754,1762,Edha,2018,18+,4.8/10,36/100,1,0,0,0,1,4.8,tt7956274,4.9,746,tvMiniSeries,Exact (title + year),0.100000000000001
1755,1763,Eagle of Upper Egypt,2018,all,"",36/100,1,0,0,0,1,,,,,,Unmatched,
1756,1764,Daughters of Destiny,2017,"","",36/100,1,0,0,0,1,,tt1877895,8.6,1082,tvMiniSeries,Exact (title + year),
1757,1765,The Degenerates,2018,18+,6.2/10,36/100,1,0,0,0,1,6.2,tt9077196,6.2,777,tvSeries,Exact (title + year),0
1758,1766,"Heidi, bienvenida a casa",2017,"",6.1/10,36/100,1,0,0,0,1,6.1,tt7183310,7.5,44,tvSeries,Exact (title + year),1.4
1759,1767,Chasing Cameron,2016,7+,3.7/10,36/100,1,0,0,0,1,3.7,tt6370626,3.7,1549,tvSeries,Exact (title + year),0
1760,1768,Country Ever After,2020,"",6.5/10,36/100,1,0,0,0,1,6.5,tt12987872,6.9,201,tvSeries,Exact (title + year),0.4
1761,1769,Chip and Potato,2018,all,6.2/10,36/100,1,0,0,0,1,6.2,tt9897038,6,299,tvSeries,Exact (title + year),-0.2
1762,1770,Lion Pride,2017,"",7.3/10,35/100,1,0,0,0,1,7.3,tt9165974,7.6,48,tvSeries,Exact (title + year),0.3
1763,1771,YG Future Strategy Office,2018,18+,7.0/10,35/100,1,0,0,0,1,7,tt8129694,6.6,243,tvMiniSeries,Exact (title + year),-0.4
1764,1772,Love At Seventeen,2016,"",6.2/10,35/100,1,0,0,0,1,6.2,tt6283998,6.9,45,tvSeries,Exact (title + original-language year),0.7
1765,1773,The Could’ve-Gone-All-the-Way Committee,2018,"",6.8/10,35/100,1,0,0,0,1,6.8,,,,,Unmatched,
1766,1774,Diamond Lover,2015,"",6.3/10,35/100,1,0,0,0,1,6.3,tt6058496,6.1,214,tvSeries,Exact (title + year),-0.2
1767,1775,Kid-E-Cats,2017,all,7.4/10,35/100,1,0,0,0,1,7.4,,,,,Unmatched,
1768,1776,Bo on the Go!,2007,all,4.0/10,35/100,1,0,0,0,1,4,tt1516172,4.6,227,tvSeries,Exact (title + year),0.6
1769,1777,Easy Fortune Happy Life,2009,"",5.6/10,35/100,1,0,0,0,1,5.6,tt3756460,6.4,87,tvMiniSeries,Exact (title + year),0.800000000000001
1770,1778,How to Live Mortgage Free with Sarah Beeny,2017,"","",35/100,1,0,0,0,1,,tt15378058,7.8,18,tvSeries,Exact (title + year),
1771,1779,Bangkok Love Stories 2: Plead,2019,"",7.1/10,35/100,1,0,0,0,1,7.1,,,,,Unmatched,
1772,1780,21 Again,2019,"",4.8/10,35/100,1,0,0,0,1,4.8,tt9315008,5.6,52,tvSeries,Exact (title + year),0.8
1773,1781,Monkey Twins,2018,"",7.9/10,35/100,1,0,0,0,1,7.9,tt8507498,8.1,102,tvSeries,Exact (title + year),0.199999999999999
1774,1782,Cocaine,2005,"",7.1/10,35/100,1,0,0,0,1,7.1,tt0907286,7.1,69,tvSeries,Exact (title + year),0
1775,1783,Love Around,2013,"","",35/100,1,0,0,0,1,,tt3715634,7.5,176,tvSeries,Exact (title + year),
1776,1784,Тобот,2010,7+,6.6/10,35/100,1,0,1,0,1,6.6,,,,,Unmatched,
1777,1785,Sing On! Spain,2020,"",6.2/10,35/100,1,0,0,0,1,6.2,tt11698668,6.2,156,tvSeries,Exact (title + year),0
1778,1786,In The Bosom of a Thorn,2019,16+,7.3/10,35/100,1,0,0,0,1,7.3,tt10397430,7.3,74,tvSeries,Exact (title + year),0
1779,1787,Sammy & Co,2014,"",5.3/10,35/100,1,0,0,0,1,5.3,tt2580128,6.3,59,tvSeries,Exact (title + year),1
1780,1788,Love and Hong Kong,2017,"","",35/100,1,0,0,0,1,,,,,,Unmatched,
1781,1789,Nailed It! Germany,2020,"",5.8/10,35/100,1,0,0,0,1,5.8,tt11460744,5.7,123,tvSeries,Exact (title + year),-0.0999999999999996
1782,1790,YooHoo to the Rescue,2019,all,6.6/10,35/100,1,0,0,0,1,6.6,tt9817288,6.5,82,tvSeries,Exact (title + year),-0.0999999999999996
1783,1791,Singles Villa,2015,"",7.6/10,35/100,1,0,0,0,1,7.6,tt5053036,7.4,37,tvSeries,Exact (title + year),-0.199999999999999
1784,1792,Ladies Up,2020,"",4.3/10,35/100,1,0,0,0,1,4.3,tt11942100,4.4,280,tvSeries,Exact (title + year),0.100000000000001
1785,1793,Vai Anitta,2018,"",5.5/10,35/100,1,0,0,0,1,5.5,tt8961530,5.5,548,tvMiniSeries,Exact (title + year),0
1786,1794,Styling Hollywood,2019,16+,7.3/10,35/100,1,0,0,0,1,7.3,tt10715202,6.5,420,tvSeries,Exact (title + year),-0.8
1787,1795,Trotro,2006,all,6.0/10,35/100,1,0,0,0,1,6,,,,,Unmatched,
1788,1796,Masha's Spooky Stories,2014,all,5.0/10,35/100,1,0,0,0,1,5,,,,,Unmatched,
1789,1797,The Goop Lab,2020,18+,2.5/10,35/100,1,0,0,0,1,2.5,tt11561206,2.7,3554,tvSeries,Exact (title + year),0.2
1790,1798,Kulipari: An Army of Frogs,2016,7+,7.0/10,35/100,1,0,0,0,1,7,tt6035850,6.7,363,tvSeries,Exact (title + original-language year),-0.3
1791,1799,Angel 'N' Devil,2014,"",4.9/10,34/100,1,0,0,0,1,4.9,tt6273196,6,60,tvSeries,Exact (title + year),1.1
1792,1800,Happy Jail,2019,18+,8.0/10,34/100,1,0,0,0,1,8,tt10753590,6.9,297,tvSeries,Exact (title + year),-1.1
1793,1801,President,2010,"",7.2/10,34/100,1,0,0,0,1,7.2,tt3206080,7.2,32,tvSeries,Exact (title + year),0
1794,1802,Luo Bao Bei,2018,all,7.6/10,34/100,1,0,0,0,1,7.6,tt7192414,7.9,61,tvSeries,"Fuzzy (title exact, year +-1)",0.300000000000001
1795,1803,Entangled,2014,"",6.9/10,34/100,1,0,0,0,1,6.9,tt3812468,8,42,short,Exact (title + original-language year) [non-TV type],1.1
1796,1804,Lavender,2001,16+,6.6/10,34/100,1,0,0,0,1,6.6,tt9810596,6.8,64,tvSeries,Exact (title + year),0.2
1797,1805,Ojo's in d' House,2020,"",6.1/10,34/100,1,0,0,0,1,6.1,,,,,Unmatched,
1798,1806,Frank Elstner: Just One Last Question,2019,"",7.6/10,34/100,1,0,0,0,1,7.6,tt12416844,7.4,99,tvSeries,Exact (title + year),-0.199999999999999
1799,1807,Unriddle,2012,"",7.8/10,34/100,1,0,0,0,1,7.8,,,,,Unmatched,
1800,1808,KO One,2005,7+,5.4/10,34/100,1,0,0,0,1,5.4,tt1841171,5.7,126,tvSeries,Exact (title + year),0.3
1801,1809,Kulipari: Dream Walker,2018,all,7.6/10,34/100,1,0,0,0,1,7.6,tt9203064,6.7,150,tvSeries,Exact (title + year),-0.9
1802,1810,La Ley secreta,2018,"",7.4/10,34/100,1,0,0,0,1,7.4,tt8888710,7,304,tvSeries,Exact (title + original-language year),-0.4
1803,1811,Miniforce X,2019,"",4.3/10,34/100,1,0,1,0,1,4.3,tt10340828,6.8,39,tvSeries,Exact (title + year),2.5
1804,1812,Candy Online,2019,"",5.3/10,34/100,1,0,0,0,1,5.3,tt11330500,5.5,36,tvSeries,Exact (title + year),0.2
1805,1813,Oh Yuck!,2017,"",7.4/10,34/100,1,0,0,0,1,7.4,tt6487122,7.9,39,tvSeries,Exact (title + year),0.5
1806,1814,K.O.3an Guo,2009,16+,5.3/10,34/100,1,0,0,0,1,5.3,,,,,Unmatched,
1807,1815,Best Lover,2016,"",6.5/10,34/100,1,0,0,0,1,6.5,tt9874364,5.3,119,tvSeries,Exact (title + year),-1.2
1808,1816,Nasce Uma Rainha,2020,"",6.5/10,34/100,1,0,0,0,1,6.5,tt12571792,6.1,181,tvSeries,Exact (title + original-language year),-0.4
1809,1817,Project S The Series,2017,"","",34/100,1,0,0,0,1,,tt8059904,8.3,147,tvSeries,Exact (title + year),
1810,1818,DeMarcus Family Rules,2020,"",6.2/10,34/100,1,0,0,0,1,6.2,tt12759420,5.1,133,tvSeries,Exact (title + year),-1.1
1811,1819,Bhaag Beanie Bhaag,2020,"",3.8/10,34/100,1,0,0,0,1,3.8,tt12775836,3.5,6791,tvSeries,Exact (title + year),-0.3
1812,1820,The Single Wives,2018,"",6.8/10,34/100,1,0,0,0,1,6.8,tt8694342,6.7,78,tvSeries,Exact (title + year),-0.0999999999999996
1813,1821,Morphle,2019,all,4.9/10,34/100,1,1,0,0,1,4.9,tt10087694,4.3,164,tvSeries,Exact (title + year),-0.600000000000001
1814,1822,Hello Ninja,2019,all,6.6/10,34/100,1,0,0,0,1,6.6,tt10687170,5.7,196,tvSeries,Exact (title + year),-0.9
1815,1823,Tian Bao Fuyao Lu,2020,"",7.0/10,34/100,1,0,0,0,1,7,tt14994658,6.7,308,tvSeries,Exact (title + original-language year),-0.3
1816,1824,Sakho & Mangane,2019,"",6.4/10,34/100,1,0,0,0,1,6.4,tt9391692,6.6,175,tvSeries,Exact (title + year),0.199999999999999
1817,1825,Zona Rosa,2019,"",6.0/10,34/100,1,0,0,0,1,6,tt11194518,5.5,79,tvSeries,Exact (title + year),-0.5
1818,1826,Love Is In The Air,2010,"","",33/100,1,0,0,0,1,,tt6951562,6.9,135,tvSeries,Exact (title + original-language year),
1819,1827,"Crazy, Lovely, Cool",2018,"",7.8/10,33/100,1,0,0,0,1,7.8,tt8528314,8.1,37,tvSeries,Exact (title + year),0.3
1820,1828,See You in Time,2017,"",7.1/10,33/100,1,0,0,0,1,7.1,tt9015686,7,45,tvSeries,Exact (title + year),-0.0999999999999996
1821,1829,The Ultimatum,2009,"",5.4/10,33/100,1,0,0,0,1,5.4,tt1682704,5.4,13,tvSeries,Exact (title + year),0
1822,1830,Llama Llama,2018,all,6.5/10,33/100,1,0,0,0,1,6.5,tt4781350,6.4,343,tvSeries,Exact (title + year),-0.0999999999999996
1823,1831,Part-Time Idol,2017,7+,7.0/10,33/100,1,0,0,0,1,7,tt8835780,6.3,196,tvMiniSeries,Exact (title + year),-0.7
1824,1832,Color of Woman,2011,"",5.0/10,33/100,1,0,0,0,1,5,,,,,Unmatched,
1825,1833,Love Cheque Charge,2014,"",7.5/10,33/100,1,0,0,0,1,7.5,tt6357262,7.7,64,tvSeries,Exact (title + year),0.2
1826,1834,My Dear Warrior,2019,"",3.9/10,33/100,1,0,0,0,1,3.9,tt11281912,4.8,39,tvSeries,Exact (title + year),0.9
1827,1835,The Sound of Your Heart: Reboot,2018,7+,5.9/10,33/100,1,0,0,0,1,5.9,,,,,Unmatched,
1828,1836,Ponysitters Club,2018,all,7.1/10,33/100,1,0,0,0,1,7.1,tt7692572,5.9,150,tvSeries,"Fuzzy (title exact, year +-1)",-1.2
1829,1837,Bangkok รัก Stories 2 ตอน ไม่เดียงสา,2018,"",6.8/10,33/100,1,0,0,0,1,6.8,,,,,Unmatched,
1830,1838,The Truth Seekers,2016,"",7.1/10,33/100,1,0,0,0,1,7.1,tt7131694,7.1,26,tvSeries,Exact (title + year),0
1831,1839,Love for Ten: Generation of Youth,2013,"",6.5/10,33/100,1,0,0,0,1,6.5,,,,,Unmatched,
1832,1840,Made in Mexico,2018,"",4.1/10,32/100,1,0,0,0,1,4.1,tt8871764,4,838,tvSeries,Exact (title + year),-0.0999999999999996
1833,1841,Kongsuni and Friends,2017,"",4.4/10,32/100,1,0,0,0,1,4.4,tt9529810,4.6,45,tvSeries,Exact (title + year),0.199999999999999
1834,1842,Love Storm,2016,"",3.3/10,32/100,1,0,0,0,1,3.3,,,,,Unmatched,
1835,1843,Sleepless Society NYCTOPHOBIA,2019,"",5.6/10,32/100,1,0,0,0,1,5.6,,,,,Unmatched,
1836,1844,Before 30,2015,"",8.1/10,32/100,1,0,0,0,1,8.1,tt8320472,8.2,39,tvSeries,Exact (title + year),0.0999999999999996
1837,1845,ARASHI's Diary -Voyage-,2019,"",7.4/10,32/100,1,0,0,0,1,7.4,,,,,Unmatched,
1838,1846,Afronta! Facing It!,2017,"",7.4/10,32/100,1,0,0,0,1,7.4,,,,,Unmatched,
1839,1847,Bottersnikes & Gumbles,2016,7+,5.2/10,32/100,1,0,0,0,1,5.2,tt6015820,5.3,70,tvSeries,"Fuzzy (title exact, year +-1)",0.0999999999999996
1840,1848,Mighty Little Bheem: Diwali,2019,"",7.5/10,32/100,1,0,0,0,1,7.5,tt10987498,6.8,52,tvSeries,Exact (title + year),-0.7
1841,1849,On the Real,2016,"",8.3/10,32/100,1,0,1,0,1,8.3,tt6133134,9.1,30,tvSeries,Exact (title + year),0.799999999999999
1842,1850,The 10 Sins,2019,"",6.9/10,32/100,1,0,0,0,1,6.9,,,,,Unmatched,
1843,1851,True: Terrific Tales,2020,"",5.5/10,32/100,1,0,0,0,1,5.5,tt12140808,6.7,45,tvSeries,Exact (title + year),1.2
1844,1852,My MVP Valentine,2002,"",6.6/10,32/100,1,0,0,0,1,6.6,,,,,Unmatched,
1845,1853,Shopkins,2014,all,3.8/10,32/100,1,0,0,0,1,3.8,tt6499498,6.1,66,tvMiniSeries,Exact (title + year),2.3
1846,1854,Sing On! Germany,2020,"",5.5/10,32/100,1,0,0,0,1,5.5,tt12748264,5.5,161,tvSeries,Exact (title + year),0
1847,1855,Especial Futbol De Primera 20 Años,2020,"",7.0/10,31/100,1,0,0,0,1,7,tt12728902,7.3,28,tvMiniSeries,Exact (title + year),0.3
1848,1856,Dennis & Gnasher Unleashed!,2017,all,7.4/10,31/100,1,0,0,0,1,7.4,,,,,Unmatched,
1849,1857,Luna Petunia Return to Amazia,2018,all,4.8/10,31/100,1,0,0,0,1,4.8,,,,,Unmatched,
1850,1858,Luna Petunia,2016,all,6.3/10,31/100,1,0,0,0,1,6.3,tt4588068,7,82,tvSeries,Exact (title + year),0.7
1851,1859,Iron Ladies,2018,"",5.9/10,31/100,1,0,0,0,1,5.9,tt8088196,6.9,65,tvSeries,Exact (title + year),1
1852,1860,Edge of the Universe,2002,"","",31/100,1,0,0,0,1,,tt6951568,7.2,225,tvMiniSeries,Exact (title + year),
1853,1861,The Dream Job,2016,"",6.1/10,31/100,1,0,0,0,1,6.1,tt7131688,6.7,20,tvSeries,Exact (title + year),0.600000000000001
1854,1862,Happy And,2011,16+,"",31/100,1,0,0,0,1,,tt6974334,5.8,14,tvSeries,Exact (title + year),
1855,1863,High Risk,2011,"","",31/100,1,0,1,0,1,,,,,,Unmatched,
1856,1864,Treehouse Detectives,2018,"",7.1/10,31/100,1,0,0,0,1,7.1,tt8591984,7.7,102,tvSeries,Exact (title + year),0.600000000000001
1857,1865,Jojo's World,2017,"",6.6/10,31/100,1,0,0,0,1,6.6,tt7769340,7.4,48,tvSeries,Exact (title + year),0.800000000000001
1858,1866,Stay Tuned!,2019,"",8.0/10,31/100,1,0,0,0,1,8,,,,,Unmatched,
1859,1867,Borges Importadora,2018,"",6.0/10,31/100,1,0,0,0,1,6,,,,,Unmatched,
1860,1868,Jimmy: The True Story of a True Idiot,2018,all,6.8/10,31/100,1,0,0,0,1,6.8,tt6866914,6.8,106,tvSeries,Exact (title + year),0
1861,1869,Magic Cellphone,2016,"",3.9/10,31/100,1,0,0,0,1,3.9,tt7162434,4,33,tvSeries,Exact (title + year),0.1
1862,1870,Against the Tide,2014,"",7.6/10,31/100,1,0,0,0,1,7.6,tt7131682,7.9,20,tvSeries,Exact (title + year),0.300000000000001
1863,1871,Singapore Social,2019,"",5.1/10,31/100,1,0,0,0,1,5.1,tt11194508,4.6,1461,tvSeries,Exact (title + year),-0.5
1864,1872,Jusqu'à l'Aube,2020,18+,2.7/10,31/100,1,0,0,0,1,2.7,,,,,Unmatched,
1865,1873,At Dolphin Bay,2003,"",7.1/10,31/100,1,0,0,0,1,7.1,,,,,Unmatched,
1866,1874,行医,2011,"",8.2/10,31/100,1,0,0,0,1,8.2,,,,,Unmatched,
1867,1875,Way Back into Love,2011,"",6.6/10,31/100,1,0,0,0,1,6.6,tt4637142,7.8,26,tvSeries,Exact (title + year),1.2
1868,1876,Immortal Classic,2012,16+,"",31/100,1,0,0,0,1,,tt6352722,7.3,40,tvSeries,Exact (title + year),
1869,1877,Droppin' Cash: Los Angeles,2018,16+,3.5/10,30/100,1,0,0,0,1,3.5,tt7983796,3.3,133,tvSeries,Exact (title + year),-0.2
1870,1878,Robozuna,2018,7+,6.3/10,30/100,1,0,0,0,1,6.3,tt8454808,5.6,145,tvSeries,Exact (title + year),-0.7
1871,1879,Yours Fatefully,2012,"",6.6/10,30/100,1,0,0,0,1,6.6,tt7131690,7.2,18,tvSeries,Exact (title + year),0.600000000000001
1872,1880,Lucky Days,2010,7+,7.0/10,30/100,1,0,0,0,1,7,tt6954548,6.6,15,tvSeries,Exact (title + year),-0.4
1873,1881,Be with You,2015,"",7.1/10,30/100,1,0,0,0,1,7.1,tt6270550,7.7,24,tvSeries,Exact (title + year),0.600000000000001
1874,1882,Stunt Science,2018,18+,5.0/10,30/100,1,0,0,0,1,5,tt9011114,5.1,52,tvSeries,Exact (title + year),0.0999999999999996
1875,1883,Word Party Songs,2020,"",3.2/10,30/100,1,0,0,0,1,3.2,tt12748268,3.7,31,tvSeries,Exact (title + year),0.5
1876,1884,Goodbye Dear Wife,2012,"",6.3/10,30/100,1,0,0,0,1,6.3,,,,,Unmatched,
1877,1885,天国的嫁衣,2004,"",6.2/10,30/100,1,0,0,0,1,6.2,,,,,Unmatched,
1878,1886,La Grande Chaumière Violette,2016,"",7.9/10,30/100,1,0,0,0,1,7.9,,,,,Unmatched,
1879,1887,No Time for Shame,2019,"",5.7/10,29/100,1,0,0,0,1,5.7,tt11215130,5.5,102,tvMiniSeries,Exact (title + year),-0.2
1880,1888,Bangkok Buddies,2019,all,6.8/10,29/100,1,0,0,0,1,6.8,tt11513508,6.5,29,tvSeries,Exact (title + year),-0.3
1881,1889,Nailed It! Spain,2019,"",5.5/10,29/100,1,0,0,0,1,5.5,tt10981666,5.6,109,tvSeries,Exact (title + year),0.0999999999999996
1882,1890,阳关道,2018,"",3.2/10,29/100,1,0,0,0,1,3.2,,,,,Unmatched,
1883,1891,Cocomong,2008,"",4.3/10,29/100,1,0,0,0,1,4.3,tt9892608,6.2,26,tvSeries,Exact (title + year),1.9
1884,1892,Love Me Or Leave Me,2012,"",6.5/10,29/100,1,0,0,0,1,6.5,tt4592090,6.6,32,tvSeries,Exact (title + year),0.0999999999999996
1885,1893,The Year of Happiness and Love,2009,7+,5.2/10,29/100,1,0,0,0,1,5.2,tt4620672,5.8,23,tvSeries,Exact (title + year),0.6
1886,1894,Tjovitjo,2017,"",6.3/10,29/100,1,0,0,0,1,6.3,tt12202726,7.2,24,tvSeries,Exact (title + year),0.9
1887,1895,Jumping Girl,2015,"",5.1/10,28/100,1,0,0,0,1,5.1,tt6283832,5.2,72,tvSeries,Exact (title + year),0.100000000000001
1888,1896,Kibaoh Klashers,2017,7+,6.3/10,27/100,1,0,0,0,1,6.3,tt7492122,7.6,55,tvSeries,Exact (title + year),1.3
1889,1897,Chhota Bheem,2008,"",4.3/10,27/100,1,0,0,0,1,4.3,tt4570986,5,1646,tvSeries,Exact (title + year),0.7
1890,1898,Lugar de Mulher,2019,"",4.5/10,26/100,1,0,0,0,1,4.5,tt11215186,4.7,59,tvSeries,Exact (title + year),0.2
1891,1899,CoComelon,2020,"","",25/100,1,1,0,0,1,,,,,,Unmatched,
1892,1900,Game Winning Hit,2009,"",2.3/10,24/100,1,0,0,0,1,2.3,tt6026194,5.7,112,tvSeries,Exact (title + year),3.4
1893,1901,La Esclava Blanca,2016,"","",24/100,1,0,0,0,1,,tt5458128,8,708,tvSeries,Exact (title + original-language year),
1894,1902,El Señor de los Cielos 5,2017,"","",24/100,1,0,0,0,1,,,,,,Unmatched,
1895,1903,Manhunt: Deadly Games,2020,"","",23/100,1,0,0,0,1,,,,,,Unmatched,
1896,1904,The Great British Baking Show: Holidays,2016,16+,"",23/100,1,0,0,0,1,,,,,,Unmatched,
1897,1905,Trailer Park Boys: Out of the Park: USA,2017,"","",22/100,1,0,0,0,1,,,,,,Unmatched,
1898,1906,Futmalls.com,2020,16+,"",22/100,1,0,0,0,1,,,,,,Unmatched,
1899,1907,A House of Blocks,2017,18+,"",22/100,1,0,0,0,1,,,,,,Unmatched,
1900,1908,Paprika,2018,all,"",21/100,1,0,0,0,1,,tt12740488,8.5,81,tvSeries,Exact (title + year),
1901,1909,Fukrey Boyzzz,2019,all,"",21/100,1,0,0,0,1,,tt13788916,7.5,56,tvSeries,Exact (title + year),
1902,1910,Click for Murder,2017,"","",21/100,1,0,0,0,1,,tt8349898,5.9,85,tvSeries,Exact (title + year),
1903,1911,Sexy Central,2019,"","",21/100,1,0,0,0,1,,tt10619724,5.2,20,tvSeries,Exact (title + year),
1904,1912,A Perfect Day for Arsenide,2021,"","",21/100,1,0,0,0,1,,tt14592684,5.3,48,tvSeries,"Fuzzy (title exact, year +-1)",
1905,1913,Diamond City,2018,"","",20/100,1,0,0,0,1,,tt13953182,8,44,tvSeries,Exact (title + year),
1906,1914,Beyond Stranger Things,2017,"","",20/100,1,0,0,0,1,,tt7570990,7.3,2505,tvSeries,Exact (title + year),
1907,1915,Unlucky Ploy,2020,"","",20/100,1,0,0,0,1,,tt16027840,6.7,29,tvSeries,Exact (title + year),
1908,1917,Heart & Soul,2020,"","",20/100,1,0,0,0,1,,tt13539242,7.1,14,tvSeries,Exact (title + year),
1909,1918,Hati Perempuan,2015,"","",19/100,1,0,0,0,1,,,,,,Unmatched,
1910,1919,Caught on Camera,2014,"","",19/100,1,0,0,0,1,,,,,,Unmatched,
1911,1920,Don't Be the First One,2020,"","",18/100,1,0,0,0,1,,,,,,Unmatched,
1912,1921,True: Wonderful Wishes,2018,"","",18/100,1,0,0,0,1,,,,,,Unmatched,
1913,1922,Two Fathers,2013,"","",18/100,1,0,0,0,1,,tt6707142,7.2,105,tvSeries,Exact (title + year),
1914,1923,Monkart,2017,"","",18/100,1,0,0,0,1,,tt34497037,8.5,32,tvSeries,Exact (title + year),
1915,1924,Westside Story,2003,"","",18/100,1,0,0,0,1,,,,,,Unmatched,
1916,1926,Laws of Attraction,2012,"","",17/100,1,0,0,0,1,,,,,,Unmatched,
1917,1927,World At Your Feet,2014,"","",17/100,1,0,0,0,1,,tt4544590,4.9,8,tvSeries,Exact (title + year),
1918,1928,Miniforce,2016,"","",17/100,1,0,1,0,1,,,,,,Unmatched,
1919,1929,The Truth,2008,"","",17/100,1,0,0,0,1,,,,,,Unmatched,
1920,1930,Love Naggers,2018,"","",16/100,1,0,0,0,1,,tt14493840,4.7,11,tvSeries,Exact (title + year),
1921,1931,Show Me the Money,2004,"","",16/100,1,0,0,0,1,,,,,,Unmatched,
1922,1932,Sudden,2013,"","",16/100,1,0,0,0,1,,,,,,Unmatched,
1923,1933,Hatchimals: Adventures in Hatchtopia,2018,"","",16/100,1,0,0,0,1,,tt10198732,7.5,25,tvMiniSeries,Exact (title + year),
1924,1934,Loo Loo Kids: Johny & Friends Musical Adventure,2016,all,"",16/100,1,0,0,0,1,,,,,,Unmatched,
1925,1935,Under the Black Moonlight,2016,"","",16/100,1,0,0,0,1,,tt7162436,4.7,75,tvMiniSeries,Exact (title + year),
1926,1936,Running Man (Animated),2017,7+,"",16/100,1,0,0,0,1,,,,,,Unmatched,
1927,1937,Sleepless Society: Bedtime Wishes,2019,"","",16/100,1,0,0,0,1,,tt29517493,7,7,tvSeries,Exact (title + year),
1928,1938,The Governor,2016,"","",14/100,1,0,0,0,1,,tt7128052,5.3,129,tvSeries,Exact (title + year),
1929,1939,Dance & Sing with True,2018,"","",14/100,1,0,0,0,1,,tt9315892,5.6,13,tvSeries,Exact (title + year),
1930,1940,Sin Ellas No Hay Paraíso,2013,"","",14/100,1,0,0,0,1,,,,,,Unmatched,
1931,1941,True: Magical Friends,2018,"","",14/100,1,0,0,0,1,,,,,,Unmatched,
1932,1942,The Princess Weiyoung - 锦绣未央,2016,"","",14/100,1,0,0,0,1,,,,,,Unmatched,
1933,1943,DreamWorks Spooky Stories Volume 2,2011,"","",14/100,1,0,0,0,1,,,,,,Unmatched,
1934,1944,The Family Court,2010,"","",14/100,1,0,0,0,1,,,,,,Unmatched,
1935,1945,Million Yen Women,2017,"","",14/100,1,0,0,0,1,,tt6686450,7.5,2306,tvMiniSeries,Exact (title + year),
1936,1946,Argon,2017,"","",14/100,1,0,0,0,1,,tt7094798,7.4,340,tvSeries,Exact (title + year),
1937,1947,The Golden Path,2012,"","",13/100,1,0,0,0,1,,,,,,Unmatched,
1938,1948,Road to Victory,2001,"","",13/100,1,0,0,0,1,,,,,,Unmatched,
1939,1949,My Little Baby,2016,"","",13/100,1,0,0,0,1,,tt5546516,6.4,143,tvSeries,Exact (title + year),
1940,1950,Ordinary Heroes,2013,"","",13/100,1,0,0,0,1,,,,,,Unmatched,
1941,1951,Bal Ganesh,2012,"","",13/100,1,0,0,0,1,,,,,,Unmatched,
1942,1952,Cinta Si Wedding Planner,2015,"","",13/100,1,0,0,0,1,,tt12275178,7.9,25,tvSeries,Exact (title + year),
1943,1953,Together,2009,"","",13/100,1,0,0,0,1,,tt12263568,7.5,8,tvSeries,Exact (title + original-language year),
1944,1954,Sons of the Caliphate,2016,"","",13/100,1,0,0,0,1,,tt10202268,8.2,51,tvSeries,Exact (title + year),
1945,1955,Paul Hollywood's Big Continental Road Trip,2017,"","",13/100,1,0,0,0,1,,tt7936386,7.4,276,tvSeries,Exact (title + year),
1946,1956,The Confrontation,2018,"","",10/100,1,0,0,0,1,,,,,,Unmatched,
1947,1957,Dhia Sofea,2014,"","",10/100,1,0,0,0,1,,,,,,Unmatched,
1948,1958,K-Pop Extreme Survival,2012,"","",10/100,1,0,0,0,1,,,,,,Unmatched,
1949,1959,Be with Me,2015,"","",10/100,1,0,0,0,1,,tt6283636,7.5,15,tvSeries,Exact (title + year),
1950,1960,Rick and Morty,2013,18+,9.2/10,100/100,0,1,0,0,1,9.2,tt2861424,9,705679,tvSeries,Exact (title + year),-0.199999999999999
1951,1962,Seinfeld,1989,16+,8.8/10,93/100,0,1,0,0,1,8.8,tt0098904,8.8,387025,tvSeries,Exact (title + year),0
1952,1963,Vikings,2013,18+,8.5/10,92/100,0,1,1,0,1,8.5,tt2306299,8.5,646663,tvSeries,Exact (title + year),0
1953,1964,Fargo,2014,18+,8.9/10,92/100,0,1,0,0,1,8.9,tt2802850,8.8,472440,tvSeries,Exact (title + year),-0.0999999999999996
1954,1965,Brooklyn Nine-Nine,2013,16+,8.4/10,92/100,0,1,0,0,1,8.4,tt2467372,8.4,421080,tvSeries,Exact (title + year),0
1955,1966,Lost,2004,16+,8.3/10,91/100,0,1,0,0,1,8.3,tt0411008,8.3,678211,tvSeries,Exact (title + year),0
1956,1967,Parks and Recreation,2009,16+,8.6/10,91/100,0,1,0,0,1,8.6,tt1266020,8.6,317622,tvSeries,Exact (title + year),0
1957,1968,The Simpsons,1989,7+,8.6/10,91/100,0,1,0,1,1,8.6,tt0096697,8.6,470917,tvSeries,Exact (title + year),0
1958,1970,It's Always Sunny in Philadelphia,2005,18+,8.8/10,90/100,0,1,0,0,1,8.8,tt0472954,8.8,283205,tvSeries,Exact (title + year),0
1959,1971,Firefly,2002,16+,9.0/10,90/100,0,1,0,0,1,9,tt0303461,8.9,303260,tvSeries,Exact (title + year),-0.0999999999999996
1960,1972,My Hero Academia,2016,16+,8.4/10,90/100,0,1,0,0,1,8.4,tt5626028,8.2,125000,tvSeries,Exact (title + year),-0.200000000000001
1961,1973,How I Met Your Mother,2005,16+,8.3/10,90/100,0,1,1,0,1,8.3,tt0460649,8.3,786512,tvSeries,Exact (title + year),0
1962,1974,Modern Family,2009,7+,8.4/10,90/100,0,1,0,0,1,8.4,tt1442437,8.5,544324,tvSeries,Exact (title + year),0.0999999999999996
1963,1975,The Handmaid's Tale,2017,18+,8.4/10,90/100,0,1,0,0,1,8.4,tt5834204,8.3,302696,tvSeries,Exact (title + year),-0.0999999999999996
1964,1976,Twin Peaks,1990,18+,8.8/10,89/100,0,1,0,0,1,8.8,tt0098936,8.7,249117,tvSeries,Exact (title + year),-0.100000000000001
1965,1977,Homeland,2011,18+,8.3/10,89/100,0,1,0,0,1,8.3,tt1796960,8.3,386754,tvSeries,Exact (title + year),0
1966,1978,Gravity Falls,2012,7+,8.9/10,88/100,0,1,0,1,1,8.9,tt1865718,8.9,182508,tvSeries,Exact (title + year),0
1967,1979,Futurama,1999,16+,8.4/10,88/100,0,1,0,0,1,8.4,tt0149460,8.5,279524,tvSeries,Exact (title + year),0.0999999999999996
1968,1981,Sons of Anarchy,2008,18+,8.5/10,88/100,0,1,0,0,1,8.5,tt1124373,8.5,358098,tvSeries,Exact (title + year),0
1969,1983,The X-Files,1993,18+,8.6/10,87/100,0,1,0,0,1,8.6,tt0106179,8.6,274979,tvSeries,Exact (title + year),0
1970,1984,Line of Duty,2012,18+,8.7/10,87/100,0,1,1,0,1,8.7,tt2303687,8.7,81659,tvSeries,Exact (title + year),0
1971,1985,Justified,2010,18+,8.6/10,87/100,0,1,0,0,1,8.6,tt1489428,8.6,131822,tvSeries,Exact (title + year),0
1972,1986,This Is Us,2016,16+,8.7/10,87/100,0,1,1,0,1,8.7,tt5555260,8.7,175660,tvSeries,Exact (title + year),0
1973,1987,Freaks and Geeks,1999,16+,8.7/10,87/100,0,1,0,0,1,8.7,tt0193676,8.7,165221,tvSeries,Exact (title + year),0
1974,1988,Prison Break,2005,16+,8.3/10,87/100,0,1,1,0,1,8.3,tt0455275,8.3,675445,tvSeries,Exact (title + year),0
1975,1990,Scrubs,2001,16+,8.3/10,87/100,0,1,1,0,1,8.3,tt0285403,8.4,286947,tvSeries,Exact (title + year),0.0999999999999996
1976,1991,What We Do in the Shadows,2019,18+,8.5/10,87/100,0,1,0,0,1,8.5,tt7908628,8.5,128241,tvSeries,Exact (title + year),0
1977,1993,Archer,2009,18+,8.6/10,86/100,0,1,0,0,1,8.6,tt1486217,8.6,176291,tvSeries,Exact (title + year),0
1978,1996,Killing Eve,2018,16+,8.2/10,86/100,0,1,0,0,1,8.2,tt7016936,8,154929,tvSeries,Exact (title + year),-0.199999999999999
1979,1997,Adventure Time,2010,7+,8.6/10,86/100,0,1,0,0,1,8.6,tt1305826,8.7,135257,tvSeries,Exact (title + year),0.0999999999999996
1980,1998,24,2001,16+,8.3/10,86/100,0,1,0,0,1,8.3,tt0285331,8.4,207604,tvSeries,Exact (title + year),0.0999999999999996
1981,1999,The Twilight Zone,1959,7+,9.0/10,86/100,0,1,0,0,1,9,tt0052520,9,109661,tvSeries,Exact (title + year),0
1982,2000,Buffy the Vampire Slayer,1997,16+,8.2/10,86/100,0,1,1,0,1,8.2,tt0118276,8.3,175793,tvSeries,Exact (title + year),0.100000000000001
1983,2001,White Collar,2009,7+,8.2/10,85/100,0,1,0,0,1,8.2,tt1358522,8.2,154359,tvSeries,Exact (title + year),0
1984,2002,Teen Wolf,2011,16+,7.6/10,85/100,0,1,1,0,1,7.6,tt1567432,7.7,180696,tvSeries,Exact (title + year),0.100000000000001
1985,2004,The Shield,2002,18+,8.7/10,85/100,0,1,0,0,1,8.7,tt0286486,8.7,97953,tvSeries,Exact (title + year),0
1986,2005,Bob's Burgers,2011,16+,8.1/10,85/100,0,1,0,0,1,8.1,tt1561755,8.2,103259,tvSeries,Exact (title + year),0.0999999999999996
1987,2006,30 Rock,2006,16+,8.2/10,84/100,0,1,1,0,1,8.2,tt0496424,8.3,139345,tvSeries,Exact (title + year),0.100000000000001
1988,2007,Legion,2017,18+,8.2/10,84/100,0,1,0,0,1,8.2,tt5114356,8.1,104205,tvSeries,Exact (title + year),-0.0999999999999996
1989,2008,Atlanta,2016,18+,8.6/10,84/100,0,1,0,0,1,8.6,tt4288182,8.6,99413,tvSeries,Exact (title + year),0
1990,2010,The Office,2001,16+,8.5/10,84/100,0,1,1,0,1,8.5,tt0290978,8.5,133271,tvSeries,Exact (title + year),0
1991,2012,Frasier,1993,7+,8.1/10,83/100,0,1,0,0,1,8.1,tt0106004,8.2,103707,tvSeries,Exact (title + year),0.0999999999999996
1992,2013,Pretty Little Liars,2010,16+,7.4/10,83/100,0,1,0,0,1,7.4,tt1578873,7.3,189580,tvSeries,Exact (title + year),-0.100000000000001
1993,2014,Mr Inbetween,2018,18+,8.6/10,83/100,0,1,0,0,1,8.6,tt7472896,8.7,52923,tvSeries,Exact (title + year),0.0999999999999996
1994,2015,Friday Night Lights,2006,7+,8.6/10,83/100,0,1,1,0,1,8.6,tt0758745,8.7,79837,tvSeries,Exact (title + year),0.0999999999999996
1995,2017,Taboo,2017,18+,8.4/10,83/100,0,1,0,0,1,8.4,tt3647998,8.3,164184,tvSeries,Exact (title + year),-0.0999999999999996
1996,2019,Pride and Prejudice,1995,all,8.8/10,83/100,0,1,0,0,1,8.8,tt0112130,8.8,104452,tvMiniSeries,Exact (title + year),0
1997,2020,Normal People,2020,16+,8.5/10,83/100,0,1,0,0,1,8.5,tt9059760,8.4,117768,tvMiniSeries,Exact (title + year),-0.0999999999999996
1998,2021,Black Sails,2014,18+,8.2/10,83/100,0,1,0,0,1,8.2,tt2375692,8.2,126571,tvSeries,Exact (title + year),0
1999,2022,Elementary,2012,16+,7.9/10,83/100,0,1,0,0,1,7.9,tt2191671,7.9,127427,tvSeries,Exact (title + year),0
2000,2023,Veronica Mars,2004,16+,8.3/10,83/100,0,1,0,0,1,8.3,tt0412253,8.3,83897,tvSeries,Exact (title + year),0
2001,2024,11.22.63,2016,18+,8.2/10,83/100,0,1,0,0,1,8.2,tt2879552,8,124957,tvMiniSeries,Exact (title + year),-0.199999999999999
2002,2025,Nathan For You,2013,16+,8.9/10,82/100,0,1,0,0,1,8.9,tt2297757,8.9,50459,tvSeries,Exact (title + year),0
2003,2026,Mr. Bean,1990,all,8.5/10,82/100,0,1,1,0,1,8.5,tt0096657,8.6,152941,tvSeries,Exact (title + year),0.0999999999999996
2004,2027,Bones,2005,16+,7.8/10,82/100,0,1,1,0,1,7.8,tt0460627,7.8,191926,tvSeries,Exact (title + year),0
2005,2028,The Killing,2011,18+,8.2/10,82/100,0,1,0,0,1,8.2,tt1637727,8.3,134942,tvSeries,Exact (title + year),0.100000000000001
2006,2030,Naruto Shippūden,2007,7+,8.6/10,82/100,0,1,0,0,1,8.6,,,,,Unmatched,
2007,2032,Burn Notice,2007,7+,7.9/10,82/100,0,1,1,0,1,7.9,tt0810788,8,83347,tvSeries,Exact (title + year),0.0999999999999996
2008,2033,Steins;Gate,2011,16+,8.8/10,82/100,0,1,0,0,1,8.8,,,,,Unmatched,
2009,2034,Cosmos,2014,all,9.3/10,82/100,0,1,1,1,1,9.3,tt4035268,5.7,2335,movie,"Fuzzy (title exact, year +-1) [non-TV type]",-3.6
2010,2035,Family Guy,1999,16+,8.1/10,82/100,0,1,0,0,1,8.1,tt0182576,8.1,390672,tvSeries,Exact (title + year),0
2011,2036,Cheers,1982,7+,7.9/10,82/100,0,1,1,0,1,7.9,tt0083399,8,68566,tvSeries,Exact (title + year),0.0999999999999996
2012,2037,DAVE,2020,18+,8.3/10,82/100,0,1,0,0,1,8.3,tt8531222,8.2,28248,tvSeries,Exact (title + year),-0.100000000000001
2013,2039,Misfits,2009,18+,8.2/10,81/100,0,1,0,0,1,8.2,tt1548850,8.1,113264,tvSeries,Exact (title + year),-0.0999999999999996
2014,2040,Peep Show,2003,18+,8.6/10,81/100,0,1,1,0,1,8.6,tt0387764,8.7,74250,tvSeries,Exact (title + year),0.0999999999999996
2015,2042,Criminal Minds,2005,16+,8.0/10,81/100,0,1,0,0,1,8,tt0452046,8.1,241561,tvSeries,Exact (title + year),0.0999999999999996
2016,2043,Superstore,2015,16+,7.8/10,81/100,0,1,0,0,1,7.8,tt4477976,7.8,85780,tvSeries,Exact (title + year),0
2017,2044,Lie to Me,2009,16+,8.0/10,81/100,0,1,0,0,1,8,tt1235099,8,135807,tvSeries,Exact (title + year),0
2018,2047,The Orville,2017,16+,8.0/10,80/100,0,1,0,0,1,8,tt5691552,8,110183,tvSeries,Exact (title + year),0
2019,2049,Preacher,2016,18+,8.0/10,80/100,0,1,1,0,1,8,tt5016504,7.9,87282,tvSeries,Exact (title + year),-0.0999999999999996
2020,2050,12 Monkeys,2015,16+,7.7/10,80/100,0,1,0,0,1,7.7,tt3148266,7.7,54073,tvSeries,Exact (title + year),0
2021,2051,Dirk Gently's Holistic Detective Agency,2016,16+,8.3/10,80/100,0,1,0,0,1,8.3,tt4047038,8.1,63152,tvSeries,Exact (title + year),-0.200000000000001
2022,2052,Smallville,2001,7+,7.5/10,80/100,0,1,0,0,1,7.5,tt0279600,7.5,155634,tvSeries,Exact (title + year),0
2023,2054,RuPaul's Drag Race,2009,16+,8.4/10,80/100,0,1,0,0,1,8.4,tt1353056,8.5,25856,tvSeries,Exact (title + year),0.0999999999999996
2024,2055,Fear the Walking Dead,2015,18+,6.9/10,80/100,0,1,0,0,1,6.9,tt3743822,6.7,154675,tvSeries,Exact (title + year),-0.2
2025,2056,"Love, Victor",2020,16+,8.1/10,80/100,0,1,0,0,1,8.1,tt10166602,7.9,24999,tvSeries,Exact (title + year),-0.199999999999999
2026,2057,Cowboy Bebop,1998,16+,8.9/10,80/100,0,1,0,0,1,8.9,tt0213338,8.9,171805,tvSeries,Exact (title + year),0
2027,2058,Blue Bloods,2010,16+,7.6/10,80/100,0,1,0,0,1,7.6,tt1595859,7.7,54600,tvSeries,Exact (title + year),0.100000000000001
2028,2059,Inside No. 9,2014,18+,8.5/10,80/100,0,1,0,0,1,8.5,tt2674806,8.5,23986,tvSeries,Exact (title + year),0
2029,2060,Parenthood,2010,7+,8.2/10,79/100,0,1,0,0,1,8.2,tt1416765,8.3,44383,tvSeries,Exact (title + year),0.100000000000001
2030,2061,Desperate Housewives,2004,7+,7.5/10,79/100,0,1,0,0,1,7.5,tt0410975,7.7,155297,tvSeries,Exact (title + year),0.2
2031,2062,Broad City,2014,18+,8.4/10,79/100,0,1,0,0,1,8.4,tt2578560,8.4,38943,tvSeries,Exact (title + year),0
2032,2064,Boston Legal,2004,16+,8.4/10,79/100,0,1,0,0,1,8.4,tt0402711,8.5,53969,tvSeries,Exact (title + year),0.0999999999999996
2033,2065,Revenge,2011,18+,7.8/10,79/100,0,1,0,0,1,7.8,tt1837642,7.8,129956,tvSeries,Exact (title + year),0
2034,2066,Samurai Champloo,2004,18+,8.5/10,79/100,0,1,0,0,1,8.5,tt0423731,8.5,64414,tvSeries,Exact (title + year),0
2035,2067,Workaholics,2011,16+,8.1/10,79/100,0,1,1,0,1,8.1,tt1610527,8.1,59201,tvSeries,Exact (title + year),0
2036,2068,The Act,2019,18+,8.0/10,79/100,0,1,0,0,1,8,tt8682948,7.8,43144,tvMiniSeries,Exact (title + year),-0.2
2037,2069,The Fosters,2013,16+,7.9/10,79/100,0,1,1,0,1,7.9,tt2262532,7.9,32766,tvSeries,Exact (title + year),0
2038,2070,Younger,2015,16+,7.8/10,79/100,0,1,0,0,1,7.8,tt3288518,7.7,35386,tvSeries,Exact (title + year),-0.0999999999999996
2039,2071,The Good Doctor,2017,16+,8.1/10,79/100,0,1,0,0,1,8.1,tt6470478,8,131472,tvSeries,Exact (title + year),-0.0999999999999996
2040,2072,Terminator: The Sarah Connor Chronicles,2008,7+,7.7/10,79/100,0,1,0,0,1,7.7,tt0851851,7.6,65641,tvSeries,Exact (title + year),-0.100000000000001
2041,2073,Angel,1999,7+,7.9/10,79/100,0,1,1,0,1,7.9,tt0162065,7.9,81054,tvSeries,Exact (title + year),0
2042,2074,09-01-2001,2018,16+,7.8/10,79/100,0,1,0,0,1,7.8,,,,,Unmatched,
2043,2075,Snowfall,2017,18+,8.2/10,78/100,0,1,0,0,1,8.2,tt6439752,8.5,50369,tvSeries,Exact (title + year),0.300000000000001
2044,2076,The Venture Bros.,2004,18+,8.5/10,78/100,0,1,0,0,1,8.5,tt0417373,8.6,30297,tvSeries,"Fuzzy (title exact, year +-1)",0.0999999999999996
2045,2077,The Strain,2014,18+,7.3/10,78/100,0,1,0,0,1,7.3,tt2654620,7.3,93916,tvSeries,Exact (title + year),0
2046,2078,The Terror,2018,18+,7.9/10,78/100,0,1,1,0,1,7.9,tt2708480,7.8,63078,tvSeries,Exact (title + year),-0.100000000000001
2047,2079,Zoey's Extraordinary Playlist,2020,16+,8.1/10,78/100,0,1,0,0,1,8.1,tt10314462,8.1,20753,tvSeries,Exact (title + year),0
2048,2080,The League,2009,18+,8.2/10,78/100,0,1,0,0,1,8.2,tt1480684,8.2,54647,tvSeries,Exact (title + year),0
2049,2082,Key & Peele,2012,18+,8.3/10,78/100,0,1,0,0,1,8.3,,,,,Unmatched,
2050,2083,Malcolm in the Middle,2000,7+,8.0/10,78/100,0,1,0,0,1,8,tt0212671,8.2,161881,tvSeries,Exact (title + year),0.199999999999999
2051,2084,Dollhouse,2009,16+,7.7/10,78/100,0,1,0,0,1,7.7,tt1135300,7.7,53827,tvSeries,Exact (title + year),0
2052,2085,This Way Up,2019,"",7.8/10,78/100,0,1,0,0,1,7.8,tt8430356,7.8,9180,tvSeries,Exact (title + year),0
2053,2086,The Great,2020,18+,8.1/10,78/100,0,1,0,0,1,8.1,tt2235759,8.1,65825,tvSeries,Exact (title + year),0
2054,2087,My Name Is Earl,2005,16+,7.7/10,78/100,0,1,0,0,1,7.7,tt0460091,7.8,116844,tvSeries,Exact (title + year),0.0999999999999996
2055,2088,Scandal,2012,16+,7.7/10,78/100,0,1,0,0,1,7.7,tt1837576,7.7,84725,tvSeries,Exact (title + year),0
2056,2089,Motherland: Fort Salem,2020,16+,7.2/10,78/100,0,1,0,0,1,7.2,tt9900092,7.3,20173,tvSeries,Exact (title + year),0.0999999999999996
2057,2090,Awkward.,2011,16+,7.5/10,78/100,0,1,0,0,1,7.5,tt1663676,7.5,46969,tvSeries,Exact (title + year),0
2058,2091,Raising Hope,2010,16+,8.0/10,78/100,0,1,0,0,1,8,tt1615919,8,43644,tvSeries,Exact (title + year),0
2059,2092,Law & Order: Special Victims Unit,1999,16+,8.0/10,78/100,0,1,0,0,1,8,tt0203259,8.1,146330,tvSeries,Exact (title + year),0.0999999999999996
2060,2093,Castle Rock,2018,18+,7.6/10,77/100,0,1,0,0,1,7.6,tt6548228,7.5,58358,tvSeries,Exact (title + year),-0.0999999999999996
2061,2094,The Last Ship,2014,16+,7.5/10,77/100,0,1,0,0,1,7.5,tt2402207,7.4,70249,tvSeries,Exact (title + year),-0.0999999999999996
2062,2095,Cruel Summer,2021,16+,7.5/10,77/100,0,1,1,0,1,7.5,tt11083696,7.4,22324,tvSeries,Exact (title + year),-0.0999999999999996
2063,2096,Chicago Fire,2012,16+,8.0/10,77/100,0,1,0,0,1,8,tt2261391,8,72163,tvSeries,Exact (title + year),0
2064,2097,Better Off Ted,2009,7+,8.2/10,77/100,0,1,0,0,1,8.2,tt1235547,8.2,28530,tvSeries,Exact (title + year),0
2065,2098,Prodigal Son,2019,16+,7.7/10,77/100,0,1,0,0,1,7.7,tt10327354,7.6,27208,tvSeries,Exact (title + year),-0.100000000000001
2066,2099,Timeless,2016,7+,7.7/10,77/100,0,1,0,0,1,7.7,tt5511582,7.6,51485,tvSeries,Exact (title + year),-0.100000000000001
2067,2100,Devs,2020,18+,7.7/10,77/100,0,1,0,0,1,7.7,tt8134186,7.6,58460,tvMiniSeries,Exact (title + year),-0.100000000000001
2068,2103,You're the Worst,2014,18+,8.1/10,77/100,0,1,0,0,1,8.1,tt3228420,8.1,30114,tvSeries,Exact (title + year),0
2069,2104,Elfen Lied,2004,18+,8.0/10,77/100,0,1,1,0,1,8,tt0480489,7.8,41900,tvSeries,Exact (title + year),-0.2
2070,2105,Please Like Me,2013,18+,8.5/10,77/100,0,1,0,0,1,8.5,tt2155025,8.5,20704,tvSeries,Exact (title + year),0
2071,2106,Lethal Weapon,2016,16+,7.9/10,77/100,0,1,0,0,1,7.9,tt5164196,7.8,42963,tvSeries,Exact (title + year),-0.100000000000001
2072,2107,The Last Man on Earth,2015,16+,7.3/10,77/100,0,1,0,0,1,7.3,tt3230454,7.4,68770,tvSeries,Exact (title + year),0.100000000000001
2073,2108,TRIGUN,1998,16+,8.3/10,77/100,0,1,0,0,1,8.3,tt0251439,8.2,26672,tvSeries,Exact (title + year),-0.100000000000001
2074,2109,My So-Called Life,1994,16+,8.3/10,76/100,0,1,0,0,1,8.3,tt0108872,8.4,23446,tvSeries,Exact (title + year),0.0999999999999996
2075,2110,Little Fires Everywhere,2020,18+,7.7/10,76/100,0,1,0,0,1,7.7,tt8089592,7.6,62118,tvMiniSeries,Exact (title + year),-0.100000000000001
2076,2111,The Librarians,2014,16+,7.3/10,76/100,0,1,0,0,1,7.3,tt3663490,7.3,27832,tvSeries,Exact (title + year),0
2077,2112,In the Flesh,2013,18+,8.0/10,76/100,0,1,0,0,1,8,tt2480514,7.9,14648,tvSeries,Exact (title + year),-0.0999999999999996
2078,2113,The Exorcist,2016,16+,8.0/10,76/100,0,1,0,0,1,8,tt5368542,7.9,33857,tvSeries,Exact (title + year),-0.0999999999999996
2079,2114,American Dad!,2005,16+,7.3/10,76/100,0,1,0,0,1,7.3,tt0397306,7.4,145156,tvSeries,Exact (title + year),0.100000000000001
2080,2115,Ramy,2019,18+,8.1/10,76/100,0,1,0,0,1,8.1,tt7649694,8,18010,tvSeries,Exact (title + year),-0.0999999999999996
2081,2116,Chicago P.D.,2014,16+,8.1/10,76/100,0,1,0,0,1,8.1,tt2805096,8.1,52545,tvSeries,Exact (title + year),0
2082,2117,Stargate Atlantis,2004,7+,8.1/10,76/100,0,1,1,0,1,8.1,,,,,Unmatched,
2083,2118,Marvel's Runaways,2017,16+,7.0/10,76/100,0,1,0,1,1,7,tt1236246,6.8,30536,tvSeries,"Fuzzy (prefix stripped, exact year)",-0.2
2084,2119,Rescue Me,2004,18+,8.3/10,76/100,0,1,0,0,1,8.3,tt0381798,8.3,29992,tvSeries,Exact (title + year),0
2085,2120,Shadowhunters,2016,16+,6.6/10,76/100,0,1,0,0,1,6.6,tt4145054,6.5,77269,tvSeries,Exact (title + year),-0.0999999999999996
2086,2122,Everybody Hates Chris,2005,7+,7.4/10,76/100,0,1,0,0,1,7.4,tt0460637,7.6,46466,tvSeries,Exact (title + year),0.199999999999999
2087,2123,Stargate Universe,2009,16+,7.6/10,76/100,0,1,0,0,1,7.6,tt1286039,7.6,55937,tvSeries,Exact (title + year),0
2088,2124,PEN15,2019,18+,8.0/10,76/100,0,1,0,0,1,8,tt8324422,8.1,16532,tvSeries,Exact (title + year),0.0999999999999996
2089,2125,My Mad Fat Diary,2013,16+,8.4/10,76/100,0,1,0,0,1,8.4,tt2407574,8.4,20015,tvSeries,Exact (title + year),0
2090,2126,RuPaul's Drag Race All Stars,2012,16+,8.5/10,76/100,0,1,0,0,1,8.5,tt2301351,8.5,11297,tvSeries,Exact (title + year),0
2091,2127,The Gifted,2017,16+,7.3/10,75/100,0,1,0,0,1,7.3,,,,,Unmatched,
2092,2128,Future Man,2017,18+,7.7/10,75/100,0,1,0,0,1,7.7,tt4975856,7.6,34149,tvSeries,Exact (title + year),-0.100000000000001
2093,2129,Prime Suspect,1991,18+,8.4/10,75/100,0,1,0,0,1,8.4,tt0098898,8.3,10861,tvMiniSeries,Exact (title + year),-0.0999999999999996
2094,2131,Better Things,2016,18+,7.8/10,75/100,0,1,0,0,1,7.8,tt4370596,7.9,20226,tvSeries,Exact (title + year),0.100000000000001
2095,2132,Sleepy Hollow,2013,16+,7.4/10,75/100,0,1,0,0,1,7.4,tt2647544,7.3,67081,tvSeries,Exact (title + year),-0.100000000000001
2096,2133,Regular Show,2010,7+,8.4/10,75/100,0,1,0,0,1,8.4,tt1710308,8.6,75905,tvSeries,Exact (title + year),0.199999999999999
2097,2134,M*A*S*H,1972,7+,8.4/10,75/100,0,1,0,0,1,8.4,tt0068098,8.5,69736,tvSeries,Exact (title + year),0.0999999999999996
2098,2135,Top of the Lake,2013,18+,7.5/10,75/100,0,1,0,0,1,7.5,tt2103085,7.4,39917,tvSeries,Exact (title + year),-0.0999999999999996
2099,2136,Switched at Birth,2011,16+,7.7/10,75/100,0,1,0,0,1,7.7,tt1758772,7.7,27257,tvSeries,Exact (title + year),0
2100,2137,Wayward Pines,2015,16+,7.4/10,75/100,0,1,0,0,1,7.4,tt2618986,7.3,65401,tvSeries,Exact (title + year),-0.100000000000001
2101,2138,Saturday Night Live,1975,16+,8.0/10,75/100,0,1,0,0,1,8,tt0072562,8,58062,tvSeries,Exact (title + year),0
2102,2139,Staged,2020,"",8.6/10,75/100,0,1,0,0,1,8.6,tt12369754,8.5,11890,tvSeries,Exact (title + year),-0.0999999999999996
2103,2140,Dragon Ball Super,2015,7+,8.4/10,75/100,0,1,0,0,1,8.4,tt4644488,8.3,46515,tvSeries,Exact (title + year),-0.0999999999999996
2104,2141,Fresh Off the Boat,2015,7+,7.8/10,75/100,0,1,0,0,1,7.8,tt3551096,7.7,32524,tvSeries,Exact (title + year),-0.0999999999999996
2105,2142,The Mighty Boosh,2004,16+,8.3/10,75/100,0,1,0,0,1,8.3,tt0416394,8.3,25420,tvSeries,"Fuzzy (title exact, year +-1)",0
2106,2143,Cardinal,2017,18+,7.7/10,74/100,0,1,0,0,1,7.7,tt5583512,7.8,13488,tvSeries,Exact (title + year),0.0999999999999996
2107,2144,Absolutely Fabulous,1992,16+,8.1/10,74/100,0,1,0,0,1,8.1,tt0105929,8.2,23464,tvSeries,Exact (title + year),0.0999999999999996
2108,2145,Letterkenny,2016,18+,8.6/10,74/100,0,1,0,0,1,8.6,tt4647692,8.5,34368,tvSeries,Exact (title + year),-0.0999999999999996
2109,2146,Scream Queens,2015,16+,7.1/10,74/100,0,1,0,0,1,7.1,tt4145384,7.1,51375,tvSeries,Exact (title + year),0
2110,2147,Wilfred,2011,18+,7.8/10,74/100,0,1,0,0,1,7.8,tt1703925,7.8,45755,tvSeries,Exact (title + year),0
2111,2148,Deutschland,2015,18+,8.1/10,74/100,0,1,0,0,1,8.1,,,,,Unmatched,
2112,2149,Empire,2015,16+,7.4/10,74/100,0,1,0,0,1,7.4,tt3228904,7.4,42778,tvSeries,Exact (title + year),0
2113,2150,Brockmire,2017,18+,8.0/10,74/100,0,1,0,0,1,8,tt5722190,7.9,7792,tvSeries,Exact (title + year),-0.0999999999999996
2114,2151,The Unit,2006,16+,8.1/10,74/100,0,1,0,0,1,8.1,tt0460690,8,24750,tvSeries,Exact (title + year),-0.0999999999999996
2115,2152,Genius,2017,16+,8.3/10,74/100,1,1,1,1,1,8.3,tt5673782,8.2,21220,tvSeries,Exact (title + year),-0.100000000000001
2116,2153,Mayans M.C.,2018,18+,7.6/10,74/100,0,1,0,0,1,7.6,tt5715524,7.5,27774,tvSeries,Exact (title + year),-0.0999999999999996
2117,2154,black-ish,2014,16+,7.1/10,74/100,0,1,0,0,1,7.1,tt3487356,7.3,27861,tvSeries,Exact (title + year),0.2
2118,2155,CSI: Crime Scene Investigation,2000,16+,7.6/10,74/100,0,1,0,0,1,7.6,tt0247082,7.7,94550,tvSeries,Exact (title + year),0.100000000000001
2119,2157,Tokyo Ghoul,2014,16+,7.8/10,74/100,0,1,0,0,1,7.8,tt3741634,7.7,84163,tvMiniSeries,Exact (title + year),-0.0999999999999996
2120,2158,MythBusters,2003,7+,8.3/10,74/100,0,1,0,0,1,8.3,tt0383126,8.3,56838,tvSeries,Exact (title + year),0
2121,2159,Don't Trust the B---- in Apartment 23,2012,16+,7.3/10,74/100,0,1,0,0,1,7.3,tt1819509,7.3,42871,tvSeries,Exact (title + year),0
2122,2160,Sailor Moon,1992,16+,7.8/10,74/100,0,1,0,0,1,7.8,tt0103369,7.7,9099,tvSeries,Exact (title + year),-0.0999999999999996
2123,2161,One Tree Hill,2003,16+,7.7/10,74/100,0,1,0,0,1,7.7,tt0368530,7.8,95444,tvSeries,Exact (title + year),0.0999999999999996
2124,2162,Nip/Tuck,2003,18+,7.6/10,74/100,0,1,0,0,1,7.6,tt0361217,7.7,62122,tvSeries,Exact (title + year),0.100000000000001
2125,2163,Looking for Alaska,2019,18+,8.1/10,74/100,0,1,0,0,1,8.1,tt3829868,8,17277,tvMiniSeries,Exact (title + year),-0.0999999999999996
2126,2164,New Amsterdam,2018,16+,8.1/10,74/100,0,1,0,0,1,8.1,tt7817340,7.9,56043,tvSeries,Exact (title + year),-0.199999999999999
2127,2165,The Golden Girls,1985,7+,8.0/10,74/100,0,1,0,0,1,8,tt0088526,8.2,53411,tvSeries,Exact (title + year),0.199999999999999
2128,2167,Cougar Town,2009,7+,7.0/10,73/100,0,1,1,0,1,7,tt1441109,7.1,48074,tvSeries,Exact (title + year),0.0999999999999996
2129,2168,The Purge,2018,18+,6.5/10,73/100,0,1,0,0,1,6.5,tt6110648,6.6,21867,tvSeries,Exact (title + year),0.0999999999999996
2130,2169,Catch-22,2019,18+,7.8/10,73/100,0,1,1,0,1,7.8,tt5056196,7.7,23875,tvMiniSeries,Exact (title + year),-0.0999999999999996
2131,2170,The Rookie,2018,16+,8.0/10,73/100,0,1,0,1,1,8,tt7587890,8,132372,tvSeries,Exact (title + year),0
2132,2171,Married... with Children,1987,7+,8.0/10,73/100,0,1,0,0,1,8,tt0092400,8.1,118617,tvSeries,Exact (title + year),0.0999999999999996
2133,2173,The Looming Tower,2018,18+,8.0/10,73/100,0,1,0,0,1,8,tt6474236,8,19419,tvMiniSeries,Exact (title + year),0
2134,2174,Blindspot,2015,16+,7.4/10,73/100,0,1,0,0,1,7.4,tt4474344,7.3,86210,tvSeries,Exact (title + year),-0.100000000000001
2135,2175,Steven Universe,2013,7+,8.2/10,73/100,0,1,0,0,1,8.2,tt3061046,8.1,45536,tvSeries,Exact (title + year),-0.0999999999999996
2136,2176,Nashville,2012,7+,7.7/10,73/100,0,1,0,0,1,7.7,tt2281375,7.7,29463,tvSeries,Exact (title + year),0
2137,2177,Salem,2014,18+,7.2/10,73/100,0,1,0,0,1,7.2,tt2963254,7.1,27194,tvSeries,Exact (title + year),-0.100000000000001
2138,2179,The Mindy Project,2012,7+,7.4/10,73/100,0,1,0,0,1,7.4,tt2211129,7.5,36685,tvSeries,Exact (title + year),0.0999999999999996
2139,2180,Mrs. America,2020,18+,7.9/10,73/100,0,1,0,0,1,7.9,tt9244556,7.8,14796,tvMiniSeries,Exact (title + year),-0.100000000000001
2140,2181,The Middle,2009,7+,7.6/10,73/100,0,1,0,0,1,7.6,tt1442464,7.7,62385,tvSeries,Exact (title + year),0.100000000000001
2141,2182,Roseanne,1988,7+,7.0/10,73/100,0,1,1,0,1,7,tt0094540,7.1,49618,tvSeries,Exact (title + year),0.0999999999999996
2142,2183,Black Clover,2017,16+,8.3/10,73/100,0,1,0,0,1,8.3,tt7441658,8.2,50770,tvSeries,Exact (title + year),-0.100000000000001
2143,2184,Witches of East End,2013,16+,7.6/10,73/100,0,1,0,0,1,7.6,tt2288064,7.5,28811,tvSeries,Exact (title + year),-0.0999999999999996
2144,2185,Whitechapel,2009,7+,7.9/10,73/100,0,1,0,0,1,7.9,tt1186356,7.8,16448,tvSeries,Exact (title + year),-0.100000000000001
2145,2186,Stumptown,2019,16+,7.5/10,73/100,0,1,0,0,1,7.5,tt10313066,7.5,14519,tvSeries,Exact (title + year),0
2146,2187,I Love Lucy,1951,all,8.4/10,72/100,0,1,0,0,1,8.4,tt0043208,8.5,31069,tvSeries,Exact (title + year),0.0999999999999996
2147,2188,Harlots,2017,18+,7.7/10,72/100,0,1,0,0,1,7.7,tt5761478,7.6,12433,tvSeries,Exact (title + year),-0.100000000000001
2148,2189,UnREAL,2015,16+,7.8/10,72/100,0,1,0,0,1,7.8,tt3314218,7.7,17208,tvSeries,Exact (title + year),-0.0999999999999996
2149,2192,The Wonder Years,1988,7+,8.3/10,72/100,0,1,0,0,1,8.3,tt0094582,8.3,44023,tvSeries,Exact (title + year),0
2150,2193,Graceland,2013,16+,7.7/10,72/100,0,1,0,0,1,7.7,tt2393813,7.6,18382,tvSeries,Exact (title + year),-0.100000000000001
2151,2194,Anthony Bourdain: No Reservations,2005,7+,8.5/10,72/100,0,1,0,0,1,8.5,tt0475900,8.6,8835,tvSeries,Exact (title + year),0.0999999999999996
2152,2195,Ugly Betty,2006,7+,6.5/10,72/100,0,1,0,0,1,6.5,tt0805669,6.8,50916,tvSeries,Exact (title + year),0.3
2153,2196,Marvel's Cloak & Dagger,2018,16+,6.7/10,72/100,0,1,0,0,1,6.7,tt5614844,6.6,24651,tvSeries,"Fuzzy (prefix stripped, exact year)",-0.100000000000001
2154,2197,The Bold Type,2017,16+,7.9/10,72/100,0,1,0,0,1,7.9,tt6116060,7.8,26271,tvSeries,Exact (title + year),-0.100000000000001
2155,2198,The Resident,2018,16+,7.7/10,72/100,0,1,1,0,1,7.7,tt6483832,7.8,44276,tvSeries,Exact (title + year),0.0999999999999996
2156,2199,Dragon Ball,1996,16+,8.5/10,72/100,0,1,0,0,1,8.5,tt0280249,8.5,76609,tvSeries,"Fuzzy (title exact, year +-1)",0
2157,2200,The Goldbergs,2013,7+,8.1/10,72/100,0,1,0,0,1,8.1,tt2712740,8,44427,tvSeries,Exact (title + year),-0.0999999999999996
2158,2201,Terriers,2010,18+,8.4/10,72/100,0,1,0,0,1,8.4,tt1493239,8.3,11799,tvSeries,Exact (title + year),-0.0999999999999996
2159,2202,American Horror Stories,2021,18+,6.5/10,72/100,0,1,0,0,1,6.5,tt12306692,6.3,30075,tvSeries,Exact (title + year),-0.2
2160,2203,ER,1994,16+,7.7/10,72/100,0,1,0,0,1,7.7,tt0108757,7.9,79679,tvSeries,Exact (title + year),0.2
2161,2204,Fairy Tail,2009,16+,8.0/10,72/100,0,1,0,0,1,8,tt1528406,7.8,32643,tvSeries,Exact (title + year),-0.2
2162,2206,Bunheads,2012,16+,7.6/10,72/100,0,1,0,0,1,7.6,tt2006848,7.6,9598,tvSeries,Exact (title + year),0
2163,2207,High Fidelity,2020,18+,7.7/10,72/100,0,1,0,0,1,7.7,tt8577458,7.7,18508,tvSeries,Exact (title + year),0
2164,2209,Horace and Pete,2016,18+,8.5/10,72/100,0,1,0,0,1,8.5,tt5425186,8.5,18356,tvMiniSeries,Exact (title + year),0
2165,2210,The Amazing World of Gumball,2011,7+,8.2/10,71/100,0,1,0,0,1,8.2,tt1942683,8.4,55295,tvSeries,Exact (title + year),0.200000000000001
2166,2211,Blackadder,1983,7+,8.0/10,71/100,0,1,1,0,1,8,,,,,Unmatched,
2167,2212,Hell's Kitchen,2005,16+,7.1/10,71/100,0,1,1,0,1,7.1,tt0437005,7.2,24548,tvSeries,Exact (title + year),0.100000000000001
2168,2213,Robot Chicken,2005,18+,7.7/10,71/100,0,1,0,0,1,7.7,tt0437745,7.7,49038,tvSeries,Exact (title + year),0
2169,2214,People of Earth,2016,18+,7.7/10,71/100,0,1,0,0,1,7.7,tt4695530,7.7,8635,tvSeries,Exact (title + year),0
2170,2215,Boruto: Naruto Next Generations,2017,16+,7.0/10,71/100,0,1,0,0,1,7,tt6342474,6.3,35316,tvSeries,Exact (title + year),-0.7
2171,2216,The Musketeers,2014,16+,7.8/10,71/100,0,1,0,0,1,7.8,tt2733252,7.8,25380,tvSeries,Exact (title + year),0
2172,2218,Sesame Street,1969,all,8.1/10,71/100,0,1,1,0,1,8.1,tt0063951,8.1,17219,tvSeries,Exact (title + year),0
2173,2219,Shrill,2019,18+,7.4/10,71/100,0,1,0,0,1,7.4,tt8962130,7.4,10658,tvSeries,Exact (title + year),0
2174,2220,LEGO Masters,2020,7+,7.4/10,71/100,0,1,0,0,1,7.4,tt9615014,7.5,3784,tvSeries,Exact (title + year),0.0999999999999996
2175,2221,Good Behavior,2016,18+,8.1/10,71/100,0,1,0,0,1,8.1,tt4855114,8,12694,tvSeries,Exact (title + year),-0.0999999999999996
2176,2222,Murdoch Mysteries,2008,7+,8.1/10,71/100,0,1,0,0,1,8.1,tt1091909,8.2,20563,tvSeries,Exact (title + year),0.0999999999999996
2177,2223,Full House,1987,all,6.7/10,71/100,0,1,0,0,1,6.7,tt0092359,6.8,67593,tvSeries,Exact (title + year),0.0999999999999996
2178,2224,Mom,2013,16+,7.2/10,71/100,1,1,0,0,1,7.2,tt2660806,7.4,44291,tvSeries,Exact (title + year),0.2
2179,2227,Will & Grace,1998,16+,7.2/10,71/100,0,1,0,0,1,7.2,tt0157246,7.4,64532,tvSeries,Exact (title + year),0.2
2180,2228,King of the Hill,1997,7+,7.3/10,71/100,0,1,0,0,1,7.3,tt0118375,7.6,66491,tvSeries,Exact (title + year),0.3
2181,2229,Doc Martin,2004,7+,8.3/10,71/100,0,1,0,0,1,8.3,tt0408381,8.4,23002,tvSeries,Exact (title + year),0.0999999999999996
2182,2230,Impractical Jokers,2011,16+,8.6/10,71/100,0,1,0,0,1,8.6,tt2100976,8.5,52253,tvSeries,Exact (title + year),-0.0999999999999996
2183,2231,Debris,2021,16+,6.5/10,71/100,0,1,0,0,1,6.5,tt11640020,6.5,10082,tvSeries,Exact (title + year),0
2184,2233,Solar Opposites,2020,18+,8.0/10,70/100,0,1,0,0,1,8,tt8910922,7.9,37435,tvSeries,Exact (title + year),-0.0999999999999996
2185,2234,Trust,2018,18+,7.6/10,70/100,0,1,0,0,1,7.6,tt5664952,7.5,9143,tvSeries,Exact (title + year),-0.0999999999999996
2186,2235,SIX,2017,18+,7.3/10,70/100,0,1,0,0,1,7.3,tt5541338,7.3,14987,tvSeries,Exact (title + year),0
2187,2236,Last Man Standing,2011,7+,7.5/10,70/100,0,1,0,0,1,7.5,tt1828327,7.5,40567,tvSeries,Exact (title + year),0
2188,2237,Body of Proof,2011,16+,7.1/10,70/100,0,1,0,0,1,7.1,tt1587669,7.1,21670,tvSeries,Exact (title + year),0
2189,2238,The Hitchhiker's Guide to the Galaxy,1981,7+,8.0/10,70/100,0,1,1,0,1,8,,,,,Unmatched,
2190,2239,Afro Samurai,2007,18+,7.7/10,70/100,0,1,0,0,1,7.7,tt0465316,7.6,20457,tvMiniSeries,Exact (title + year),-0.100000000000001
2191,2240,S.W.A.T.,2017,16+,7.0/10,70/100,0,1,0,0,1,7,tt6111130,7.2,41911,tvSeries,Exact (title + year),0.2
2192,2241,A Million Little Things,2018,16+,7.9/10,70/100,0,1,0,0,1,7.9,tt7608248,7.9,18545,tvSeries,Exact (title + year),0
2193,2242,For Life,2020,16+,7.6/10,70/100,0,1,0,0,1,7.6,tt10327830,7.6,9985,tvSeries,Exact (title + original-language year),0
2194,2243,Battlestar Galactica,1978,7+,7.2/10,70/100,0,1,0,0,1,7.2,tt0076984,7.2,19318,tvSeries,Exact (title + year),0
2195,2244,Alfred Hitchcock Presents,1955,16+,8.5/10,70/100,0,1,0,0,1,8.5,tt0047708,8.5,20737,tvSeries,Exact (title + year),0
2196,2246,Flashpoint,2008,16+,7.7/10,70/100,0,1,1,0,1,7.7,tt1059475,7.8,19587,tvSeries,Exact (title + year),0.0999999999999996
2197,2247,The Detour,2016,18+,7.7/10,70/100,0,1,0,0,1,7.7,tt4903242,7.7,8145,tvSeries,Exact (title + year),0
2198,2248,Greek,2007,16+,7.5/10,70/100,0,1,0,0,1,7.5,tt0976014,7.6,25840,tvSeries,Exact (title + year),0.0999999999999996
2199,2249,Casual,2015,18+,7.5/10,70/100,0,1,0,0,1,7.5,tt4577466,7.5,10058,tvSeries,Exact (title + year),0
2200,2250,Mary Kills People,2017,18+,7.5/10,70/100,0,1,0,0,1,7.5,tt6236572,7.5,5199,tvSeries,Exact (title + year),0
2201,2251,Mushi-Shi,2005,16+,8.5/10,70/100,0,1,1,0,1,8.5,tt0807832,8.5,16358,tvSeries,Exact (title + year),0
2202,2252,Baskets,2016,18+,7.6/10,70/100,0,1,0,0,1,7.6,tt3468798,7.6,13734,tvSeries,Exact (title + year),0
2203,2253,Touch,2012,16+,7.3/10,70/100,0,1,1,0,1,7.3,tt1821681,7.3,44018,tvSeries,Exact (title + year),0
2204,2254,Rurouni Kenshin,1996,16+,8.5/10,70/100,0,1,1,0,1,8.5,tt0182629,8.5,22146,tvSeries,Exact (title + year),0
2205,2255,Big Sky,2020,16+,6.7/10,70/100,0,1,1,0,1,6.7,tt11794642,6.8,28011,tvSeries,Exact (title + year),0.0999999999999996
2206,2256,The Wrong Mans,2013,18+,7.8/10,70/100,0,1,0,0,1,7.8,tt2603596,7.7,8372,tvSeries,Exact (title + year),-0.0999999999999996
2207,2257,Chance,2016,18+,7.7/10,69/100,0,1,0,0,1,7.7,tt5620076,7.5,11633,tvSeries,Exact (title + year),-0.2
2208,2258,The Split,2018,18+,7.7/10,69/100,0,1,0,0,1,7.7,tt7631146,7.9,12833,tvSeries,Exact (title + year),0.2
2209,2259,Make It or Break It,2009,16+,7.5/10,69/100,0,1,0,0,1,7.5,tt1332030,7.5,10868,tvSeries,Exact (title + year),0
2210,2261,Das Boot,2018,18+,7.4/10,69/100,0,1,0,0,1,7.4,tt5830254,7.6,11815,tvSeries,Exact (title + year),0.199999999999999
2211,2262,Legit,2013,18+,8.2/10,69/100,0,1,0,0,1,8.2,tt2400391,8.1,9084,tvSeries,Exact (title + year),-0.0999999999999996
2212,2263,Breeders,2020,18+,7.4/10,69/100,0,1,0,0,1,7.4,tt8129450,7.6,9752,tvSeries,Exact (title + year),0.199999999999999
2213,2264,Queen Sugar,2016,16+,7.6/10,69/100,0,1,0,0,1,7.6,tt4419214,7.8,6150,tvSeries,Exact (title + year),0.2
2214,2265,Drake & Josh,2004,all,7.7/10,69/100,0,1,0,0,1,7.7,tt0363328,7.7,47161,tvSeries,Exact (title + year),0
2215,2266,MasterChef,2010,16+,7.3/10,69/100,0,1,0,0,1,7.3,tt2070311,3.8,9,tvSeries,Exact (title + year),-3.5
2216,2267,Young Rock,2021,16+,7.1/10,69/100,0,1,0,0,1,7.1,tt11639952,7.2,29822,tvSeries,Exact (title + year),0.100000000000001
2217,2268,The Eric Andre Show,2012,18+,8.6/10,69/100,0,1,0,0,1,8.6,tt2244495,8.5,24028,tvSeries,Exact (title + year),-0.0999999999999996
2218,2269,Animaniacs,1993,all,7.9/10,69/100,0,1,0,0,1,7.9,tt0105941,7.8,27847,tvSeries,Exact (title + year),-0.100000000000001
2219,2270,Man Seeking Woman,2015,18+,7.8/10,69/100,0,1,0,0,1,7.8,tt4189492,7.8,11727,tvSeries,Exact (title + year),0
2220,2272,Pretty Little Liars: The Perfectionists,2019,16+,7.0/10,69/100,0,1,0,0,1,7,tt7413448,6.8,7218,tvSeries,Exact (title + year),-0.2
2221,2273,Yu Yu Hakusho,1992,16+,8.4/10,69/100,0,1,0,0,1,8.4,tt0185133,8.5,18441,tvSeries,Exact (title + original-language year),0.0999999999999996
2222,2274,Brassic,2019,"",8.3/10,69/100,0,1,0,0,1,8.3,tt9174582,8.4,18769,tvSeries,Exact (title + year),0.0999999999999996
2223,2275,Lodge 49,2018,16+,7.7/10,69/100,0,1,0,0,1,7.7,tt6128254,7.6,5215,tvSeries,Exact (title + year),-0.100000000000001
2224,2276,I Am the Night,2019,18+,7.0/10,69/100,0,1,0,0,1,7,tt7186588,6.9,9081,tvSeries,Exact (title + year),-0.0999999999999996
2225,2277,Hey Arnold!,1996,all,7.6/10,69/100,0,1,0,0,1,7.6,tt0115200,7.6,39598,tvSeries,Exact (title + year),0
2226,2278,NOS4A2,2019,16+,6.7/10,69/100,0,1,0,0,1,6.7,tt5194792,6.6,13150,tvSeries,Exact (title + year),-0.100000000000001
2227,2279,The Glades,2010,16+,7.4/10,69/100,0,1,0,0,1,7.4,tt1552112,7.4,16050,tvSeries,Exact (title + year),0
2228,2280,The Bridge,2013,18+,7.6/10,69/100,1,1,0,0,1,7.6,tt2406376,7.6,21710,tvSeries,Exact (title + year),0
2229,2282,Underground,2016,18+,7.8/10,69/100,0,1,1,0,1,7.8,tt4522400,7.8,5862,tvSeries,Exact (title + year),0
2230,2284,A Teacher,2020,18+,6.9/10,69/100,0,1,0,0,1,6.9,tt10680614,6.8,18250,tvMiniSeries,Exact (title + year),-0.100000000000001
2231,2285,Danny Phantom,2004,7+,7.1/10,69/100,0,1,0,0,1,7.1,tt0366005,7.2,23561,tvSeries,"Fuzzy (title exact, year +-1)",0.100000000000001
2232,2286,Sliders,1995,7+,7.4/10,69/100,0,1,0,0,1,7.4,tt0112167,7.4,22111,tvSeries,Exact (title + year),0
2233,2287,30 for 30,2009,7+,8.8/10,69/100,0,1,0,0,1,8.8,tt1408430,8.8,6116,tvSeries,Exact (title + year),0
2234,2288,Life in Pieces,2015,16+,8.0/10,69/100,0,1,1,0,1,8,tt4384086,8,19299,tvSeries,Exact (title + year),0
2235,2289,The Amazing Race,2001,7+,7.6/10,68/100,0,1,1,0,1,7.6,tt0285335,7.8,16569,tvSeries,Exact (title + year),0.2
2236,2290,Pitch,2016,16+,7.4/10,68/100,0,1,0,0,1,7.4,tt5500158,7.5,6631,tvSeries,Exact (title + year),0.0999999999999996
2237,2291,Numb3rs,2005,7+,6.9/10,68/100,0,1,0,0,1,6.9,tt0433309,7,48130,tvSeries,Exact (title + year),0.0999999999999996
2238,2292,Roswell,1999,16+,7.5/10,68/100,0,1,0,0,1,7.5,tt0201391,7.5,32284,tvSeries,Exact (title + year),0
2239,2293,Tyrant,2014,18+,7.8/10,68/100,0,1,0,0,1,7.8,tt2568204,7.7,24201,tvSeries,Exact (title + year),-0.0999999999999996
2240,2294,Legends,2014,16+,7.5/10,68/100,0,1,0,0,1,7.5,tt2402137,7.4,13828,tvSeries,Exact (title + year),-0.0999999999999996
2241,2295,Angie Tribeca,2016,16+,7.0/10,68/100,0,1,0,0,1,7,tt3597790,7.1,10359,tvSeries,Exact (title + year),0.0999999999999996
2242,2296,FLCL,2000,18+,8.2/10,68/100,0,1,0,0,1,8.2,tt0279077,8,21989,tvMiniSeries,Exact (title + year),-0.199999999999999
2243,2297,Rugrats,1991,all,7.4/10,68/100,0,1,0,0,1,7.4,tt0101188,7.4,41395,tvSeries,Exact (title + year),0
2244,2298,Fosse/Verdon,2019,18+,7.9/10,68/100,0,1,0,0,1,7.9,tt8746478,7.9,8249,tvMiniSeries,Exact (title + year),0
2245,2299,Assassination Classroom,2015,16+,8.0/10,68/100,0,1,0,0,1,8,tt3853452,6.1,2452,movie,Exact (title + year) [non-TV type],-1.9
2246,2300,Top Chef,2006,16+,7.6/10,68/100,0,1,0,0,1,7.6,tt0765425,7.8,7695,tvSeries,Exact (title + year),0.2
2247,2301,Ghost Whisperer,2005,7+,6.4/10,68/100,0,1,1,0,1,6.4,tt0460644,6.5,53089,tvSeries,Exact (title + year),0.0999999999999996
2248,2302,Darker than Black,2007,16+,7.7/10,68/100,0,1,1,0,1,7.7,tt0995941,7.7,13492,tvSeries,Exact (title + year),0
2249,2303,Kaguya-sama: Love is War,2019,16+,8.4/10,68/100,0,1,0,0,1,8.4,tt9522300,8.5,30726,tvSeries,Exact (title + year),0.0999999999999996
2250,2305,Ally McBeal,1997,16+,6.8/10,68/100,0,1,0,0,1,6.8,tt0118254,6.9,39257,tvSeries,Exact (title + year),0.100000000000001
2251,2307,Everything's Gonna Be Okay,2020,16+,7.3/10,68/100,0,1,0,0,1,7.3,tt8680006,7.5,3422,tvSeries,Exact (title + year),0.2
2252,2308,Psycho-Pass,2012,18+,8.2/10,68/100,0,1,1,0,1,8.2,tt2379308,8.1,26147,tvSeries,Exact (title + year),-0.0999999999999996
2253,2309,The Powerpuff Girls,1998,7+,7.3/10,68/100,0,1,0,0,1,7.3,tt0175058,7.3,52915,tvSeries,Exact (title + year),0
2254,2310,"Beverly Hills, 90210",1990,16+,6.4/10,68/100,0,1,0,0,1,6.4,tt0098749,6.6,41143,tvSeries,Exact (title + year),0.199999999999999
2255,2311,"McCartney 3,2,1",2021,"",9.0/10,68/100,0,1,0,0,1,9,tt13679628,8.7,3981,tvMiniSeries,Exact (title + year),-0.300000000000001
2256,2312,Friday Night Dinner,2011,18+,8.1/10,68/100,0,1,0,0,1,8.1,tt1844923,8.2,26321,tvSeries,Exact (title + year),0.0999999999999996
2257,2313,Wu-Tang: An American Saga,2019,18+,8.2/10,68/100,0,1,0,0,1,8.2,tt9113406,8.2,13299,tvSeries,Exact (title + year),0
2258,2315,Hellsing Ultimate,2006,18+,8.3/10,68/100,0,1,0,0,1,8.3,tt0495212,8.2,31351,tvMiniSeries,Exact (title + year),-0.100000000000001
2259,2316,Claws,2017,18+,7.4/10,68/100,0,1,0,0,1,7.4,tt5640558,7.5,7628,tvSeries,Exact (title + year),0.0999999999999996
2260,2317,Marvel's M.O.D.O.K.,2021,18+,6.3/10,68/100,0,1,0,0,1,6.3,tt9811118,6.4,6746,tvSeries,"Fuzzy (prefix stripped, exact year)",0.100000000000001
2261,2318,Shark Tank,2009,7+,7.6/10,68/100,0,1,0,0,1,7.6,tt1442550,7.6,11690,tvSeries,Exact (title + year),0
2262,2319,Ghost Adventures,2008,13+,7.5/10,67/100,0,1,0,0,1,7.5,tt1319900,7.2,10636,tvSeries,Exact (title + year),-0.3
2263,2320,Miranda,2009,7+,8.2/10,67/100,0,1,0,0,1,8.2,tt1533435,8.2,19111,tvSeries,Exact (title + year),0
2264,2321,Making It,2018,7+,7.9/10,67/100,0,1,0,0,1,7.9,tt6874206,8,1771,tvSeries,Exact (title + year),0.0999999999999996
2265,2322,The Son,2017,16+,7.5/10,67/100,1,1,0,0,1,7.5,tt3839822,7.5,8671,tvSeries,Exact (title + year),0
2266,2323,10 Things I Hate About You,2009,16+,7.3/10,67/100,0,1,0,1,1,7.3,tt1321805,7.2,6933,tvSeries,Exact (title + year),-0.0999999999999996
2267,2325,Good Trouble,2019,16+,7.5/10,67/100,0,1,0,0,1,7.5,tt7820906,7.5,10741,tvSeries,Exact (title + year),0
2268,2326,Ben 10,2005,7+,7.3/10,67/100,0,1,0,0,1,7.3,tt0760437,7.6,37147,tvSeries,Exact (title + year),0.3
2269,2327,The Mick,2017,16+,7.8/10,67/100,0,1,0,0,1,7.8,tt5638056,7.8,22476,tvSeries,Exact (title + year),0
2270,2328,WWE Raw,1993,7+,7.8/10,67/100,0,1,0,0,1,7.8,tt0185103,7.7,11040,tvSeries,Exact (title + original-language year),-0.0999999999999996
2271,2329,Party of Five,1994,7+,6.8/10,67/100,0,1,0,0,1,6.8,tt0108894,6.9,12203,tvSeries,Exact (title + year),0.100000000000001
2272,2330,Overlord,2015,18+,7.8/10,67/100,0,1,0,0,1,7.8,tt4869896,7.6,19845,tvSeries,Exact (title + year),-0.2
2273,2331,The Path,2016,18+,7.3/10,67/100,0,1,0,0,1,7.3,tt4789576,7.2,9709,tvSeries,Exact (title + year),-0.0999999999999996
2274,2332,Descendants of the Sun,2016,16+,8.3/10,67/100,0,1,1,0,1,8.3,tt4925000,8.2,29412,tvSeries,Exact (title + year),-0.100000000000001
2275,2333,Single Parents,2018,7+,7.1/10,67/100,0,1,0,0,1,7.1,tt7845644,7.2,7961,tvSeries,Exact (title + year),0.100000000000001
2276,2335,Deadliest Catch,2005,16+,7.8/10,67/100,0,1,0,0,1,7.8,tt0446809,7.8,9994,tvSeries,Exact (title + year),0
2277,2336,Gangland Undercover,2015,16+,8.2/10,67/100,0,1,0,0,1,8.2,tt4341996,8,4198,tvSeries,Exact (title + year),-0.199999999999999
2278,2337,ThunderCats,1985,7+,7.9/10,67/100,0,1,0,0,1,7.9,tt0088631,7.9,20716,tvSeries,Exact (title + year),0
2279,2338,Shiki,2010,18+,7.7/10,67/100,0,1,0,0,1,7.7,tt2016670,7.6,4812,tvSeries,Exact (title + year),-0.100000000000001
2280,2339,Rascal Does Not Dream of Bunny Girl Senpai,2018,16+,8.2/10,67/100,0,1,0,0,1,8.2,tt8993398,8.1,27274,tvSeries,Exact (title + year),-0.0999999999999996
2281,2340,Jane Eyre,2006,7+,8.3/10,67/100,0,1,1,0,1,8.3,tt0780362,8.3,24143,tvMiniSeries,Exact (title + year),0
2282,2341,Kitchen Nightmares,2007,16+,7.5/10,67/100,0,1,0,0,1,7.5,tt0983514,7.5,15912,tvSeries,Exact (title + original-language year),0
2283,2342,Devious Maids,2013,7+,7.8/10,67/100,0,1,0,0,1,7.8,tt2226342,7.8,27519,tvSeries,Exact (title + year),0
2284,2343,My Wife and Kids,2001,7+,6.8/10,67/100,0,1,0,0,1,6.8,tt0273855,7,31958,tvSeries,"Fuzzy (title exact, year +-1)",0.2
2285,2344,Star vs. the Forces of Evil,2015,7+,8.0/10,67/100,0,1,0,1,1,8,,,,,Unmatched,
2286,2345,Dark Side of the Ring,2019,16+,8.8/10,67/100,0,1,0,0,1,8.8,tt9159144,8.7,4666,tvSeries,Exact (title + year),-0.100000000000001
2287,2346,High School DxD,2012,18+,7.6/10,67/100,0,1,0,0,1,7.6,tt2230051,7.5,17620,tvSeries,Exact (title + year),-0.0999999999999996
2288,2347,Transplant,2020,16+,7.9/10,67/100,0,1,0,0,1,7.9,tt10936342,7.9,6820,tvSeries,Exact (title + year),0
2289,2348,Apple Tree Yard,2017,16+,7.2/10,67/100,0,1,0,0,1,7.2,tt5336698,7.2,6638,tvMiniSeries,Exact (title + year),0
2290,2349,9-1-1: Lone Star,2020,16+,6.8/10,67/100,0,1,0,0,1,6.8,tt10323338,7.3,27991,tvSeries,Exact (title + year),0.5
2291,2352,Fruits Basket,2019,7+,8.6/10,66/100,0,1,0,0,1,8.6,tt9304350,8.5,13810,tvSeries,Exact (title + year),-0.0999999999999996
2292,2353,Siren,2018,7+,7.0/10,66/100,0,1,0,0,1,7,tt5615700,7,17313,tvSeries,Exact (title + year),0
2293,2354,Holey Moley,2019,7+,6.9/10,66/100,0,1,0,0,1,6.9,tt10133226,7.2,1507,tvSeries,Exact (title + year),0.3
2294,2355,Diabolik Lovers,2013,16+,5.2/10,66/100,0,1,0,0,1,5.2,tt3114350,4.8,2240,tvSeries,Exact (title + year),-0.4
2295,2356,Dates,2013,"",7.5/10,66/100,0,1,0,0,1,7.5,tt2964118,7.5,1954,tvMiniSeries,Exact (title + year),0
2296,2357,Baby Daddy,2012,16+,7.4/10,66/100,0,1,0,0,1,7.4,tt2177489,7.3,22794,tvSeries,Exact (title + year),-0.100000000000001
2297,2358,Digimon Adventure,1999,7+,7.3/10,66/100,0,1,0,0,1,7.3,tt0210418,7.4,26522,tvSeries,Exact (title + year),0.100000000000001
2298,2360,The Long Road Home,2017,18+,7.5/10,66/100,0,1,0,0,1,7.5,tt1210820,7.3,3768,tvMiniSeries,Exact (title + year),-0.2
2299,2361,Black Lagoon,2006,18+,8.0/10,66/100,0,1,0,0,1,8,tt0962826,7.9,21539,tvSeries,Exact (title + year),-0.0999999999999996
2300,2362,Taken,2017,18+,6.6/10,66/100,0,1,0,0,1,6.6,tt5052460,6.6,12518,tvSeries,Exact (title + year),0
2301,2363,Harrow,2018,"",7.6/10,66/100,0,1,0,0,1,7.6,tt7242816,7.5,11971,tvSeries,Exact (title + year),-0.0999999999999996
2302,2364,Walker,2021,16+,5.9/10,66/100,0,1,0,0,1,5.9,tt11006642,6.2,16919,tvSeries,Exact (title + year),0.3
2303,2365,Catfish: The TV Show,2012,16+,7.1/10,66/100,0,1,0,0,1,7.1,tt2498968,7.1,9733,tvSeries,Exact (title + year),0
2304,2366,Treadstone,2019,18+,7.0/10,66/100,0,1,0,0,1,7,tt8289480,6.9,13538,tvSeries,Exact (title + year),-0.0999999999999996
2305,2367,The Incredible Hulk,1977,7+,7.0/10,66/100,0,1,0,1,1,7,tt0077031,7,18232,tvSeries,Exact (title + year),0
2306,2368,"Sabrina, the Teenage Witch",1996,all,6.7/10,66/100,0,1,0,0,1,6.7,,,,,Unmatched,
2307,2369,X-Men: Evolution,2000,7+,7.8/10,66/100,0,1,0,1,1,7.8,tt0247827,7.8,14849,tvSeries,Exact (title + year),0
2308,2370,Death Parade,2015,18+,7.9/10,66/100,0,1,0,0,1,7.9,tt4279012,7.8,25500,tvMiniSeries,Exact (title + year),-0.100000000000001
2309,2371,NEXT,2020,16+,6.7/10,66/100,0,1,1,0,1,6.7,tt9315054,6.7,6431,tvSeries,Exact (title + year),0
2310,2372,The Pink Panther,1964,all,7.6/10,66/100,0,1,1,0,1,7.6,tt13505014,7.7,835,tvSeries,Exact (title + year),0.100000000000001
2311,2373,Golden Time,2013,16+,7.6/10,66/100,0,1,0,0,1,7.6,tt3105452,7.6,6753,tvSeries,Exact (title + year),0
2312,2374,Dollface,2019,18+,7.4/10,66/100,0,1,0,0,1,7.4,tt7661046,7.3,11808,tvSeries,Exact (title + year),-0.100000000000001
2313,2375,Taxi,1978,7+,7.7/10,66/100,0,1,0,0,1,7.7,tt0077089,7.7,17859,tvSeries,Exact (title + year),0
2314,2376,Being Mary Jane,2014,16+,7.5/10,66/100,0,1,0,0,1,7.5,tt2345481,7.6,4614,tvSeries,"Fuzzy (title exact, year +-1)",0.0999999999999996
2315,2377,Drunk History,2013,16+,7.8/10,65/100,0,1,0,0,1,7.8,tt2712612,7.8,13984,tvSeries,Exact (title + year),0
2316,2378,Twisted,2013,16+,7.3/10,65/100,0,1,0,0,1,7.3,tt2355844,7.2,10520,tvSeries,Exact (title + year),-0.0999999999999996
2317,2379,Brothers and Sisters,2006,16+,7.3/10,65/100,0,1,0,0,1,7.3,,,,,Unmatched,
2318,2380,Breakout Kings,2011,16+,7.3/10,65/100,0,1,0,0,1,7.3,tt1590961,7.2,16982,tvSeries,Exact (title + year),-0.0999999999999996
2319,2382,Scott & Bailey,2011,7+,8.0/10,65/100,0,1,0,0,1,8,tt1843678,8,12460,tvSeries,Exact (title + year),0
2320,2383,Little Britain,2003,18+,7.6/10,65/100,0,1,0,0,1,7.6,tt0358856,7.7,28291,tvSeries,Exact (title + year),0.100000000000001
2321,2384,Law & Order: Organized Crime,2021,16+,7.6/10,65/100,0,1,0,0,1,7.6,tt12677870,7.7,12814,tvSeries,Exact (title + year),0.100000000000001
2322,2385,Pinky and the Brain,1995,7+,7.8/10,65/100,0,1,0,0,1,7.8,tt0112123,7.8,35351,tvSeries,Exact (title + year),0
2323,2387,Ergo Proxy,2006,18+,8.0/10,65/100,0,1,0,0,1,8,tt0791205,7.8,19024,tvSeries,Exact (title + year),-0.2
2324,2388,Noragami,2014,16+,7.9/10,65/100,0,1,0,0,1,7.9,tt3225270,7.8,23293,tvSeries,Exact (title + year),-0.100000000000001
2325,2390,Primeval,2007,16+,7.3/10,65/100,0,1,0,0,1,7.3,tt0808096,7.2,16652,tvSeries,Exact (title + year),-0.0999999999999996
2326,2391,Face Off,2011,7+,8.2/10,65/100,0,1,0,0,1,8.2,tt1663641,8.2,7705,tvSeries,Exact (title + year),0
2327,2392,Love Island,2015,18+,5.2/10,65/100,0,1,0,0,1,5.2,tt4770018,5.3,5669,tvSeries,Exact (title + year),0.0999999999999996
2328,2393,Highlander: The Series,1992,16+,7.2/10,65/100,0,1,0,0,1,7.2,,,,,Unmatched,
2329,2395,Prison School,2015,18+,7.6/10,65/100,0,1,0,0,1,7.6,,,,,Unmatched,
2330,2396,Good Luck Charlie,2010,all,7.0/10,65/100,0,1,0,1,1,7,tt1415889,7.1,27514,tvSeries,Exact (title + year),0.0999999999999996
2331,2397,Medium,2005,16+,7.0/10,65/100,0,1,0,0,1,7,tt0412175,7.2,33415,tvSeries,Exact (title + year),0.2
2332,2398,Fire Force,2019,16+,7.7/10,65/100,0,1,0,0,1,7.7,tt9307686,7.6,21445,tvSeries,Exact (title + year),-0.100000000000001
2333,2399,Second Chance,2016,16+,7.5/10,65/100,0,1,0,0,1,7.5,tt4378456,7.4,13101,tvSeries,Exact (title + year),-0.0999999999999996
2334,2400,American Housewife,2016,7+,7.4/10,65/100,0,1,0,0,1,7.4,tt5396394,7.4,14036,tvSeries,Exact (title + year),0
2335,2401,The First,2018,18+,6.7/10,65/100,0,1,0,0,1,6.7,tt7412482,6.6,8559,tvSeries,Exact (title + year),-0.100000000000001
2336,2403,Reprisal,2019,18+,7.5/10,65/100,0,1,0,0,1,7.5,tt8594028,7.4,5041,tvSeries,Exact (title + year),-0.0999999999999996
2337,2404,Mushoku Tensei: Jobless Reincarnation,2021,16+,8.3/10,64/100,0,1,0,0,1,8.3,tt13293588,8.2,45550,tvSeries,Exact (title + year),-0.100000000000001
2338,2405,The Kids Are Alright,2018,7+,7.9/10,64/100,0,1,0,0,1,7.9,tt7440732,7.9,3927,tvSeries,Exact (title + year),0
2339,2406,Remington Steele,1982,7+,7.2/10,64/100,0,1,0,0,1,7.2,tt0083470,7.3,10991,tvSeries,Exact (title + year),0.0999999999999996
2340,2407,Saved by the Bell,1989,all,7.0/10,64/100,0,1,0,0,1,7,tt0096694,7.1,40105,tvSeries,Exact (title + year),0.0999999999999996
2341,2408,The Fades,2011,18+,7.7/10,64/100,0,1,0,0,1,7.7,tt1772379,7.5,7393,tvMiniSeries,Exact (title + year),-0.2
2342,2409,My Teen Romantic Comedy SNAFU,2013,16+,7.9/10,64/100,0,1,0,0,1,7.9,tt2703720,8,13715,tvSeries,Exact (title + year),0.0999999999999996
2343,2410,Station 19,2018,16+,6.7/10,64/100,0,1,0,0,1,6.7,tt7053188,7.1,25939,tvSeries,Exact (title + year),0.399999999999999
2344,2412,New Tricks,2003,7+,7.8/10,64/100,0,1,0,0,1,7.8,tt0362357,8,10157,tvSeries,Exact (title + year),0.2
2345,2414,The Mary Tyler Moore Show,1970,7+,8.1/10,64/100,0,1,0,0,1,8.1,tt0065314,8.3,11359,tvSeries,Exact (title + year),0.200000000000001
2346,2415,Hill Street Blues,1981,16+,8.1/10,64/100,0,1,0,0,1,8.1,tt0081873,8.2,11915,tvSeries,Exact (title + year),0.0999999999999996
2347,2416,Monster Musume: Everyday Life with Monster Girls,2015,18+,6.7/10,64/100,0,1,0,0,1,6.7,tt4831392,6.5,4281,tvMiniSeries,Exact (title + year),-0.2
2348,2417,The Conners,2018,7+,5.3/10,64/100,0,1,0,0,1,5.3,tt8595140,5.9,14712,tvSeries,Exact (title + year),0.600000000000001
2349,2418,NYPD Blue,1993,16+,7.6/10,64/100,0,1,1,0,1,7.6,tt0106079,7.8,18422,tvSeries,Exact (title + year),0.2
2350,2419,CSI: Miami,2002,16+,6.4/10,64/100,0,1,0,0,1,6.4,tt0313043,6.5,64757,tvSeries,Exact (title + year),0.0999999999999996
2351,2420,Metalocalypse,2006,18+,8.2/10,64/100,0,1,0,0,1,8.2,tt0839188,8.3,19212,tvSeries,Exact (title + year),0.100000000000001
2352,2421,America's Got Talent,2006,7+,5.8/10,64/100,0,1,0,0,1,5.8,tt0759364,5.8,11369,tvSeries,Exact (title + year),0
2353,2422,Fixer Upper,2013,all,8.2/10,64/100,0,1,0,0,1,8.2,tt4591390,8.1,3733,tvSeries,Exact (title + year),-0.0999999999999996
2354,2424,DCI Banks,2011,16+,7.6/10,64/100,0,1,0,0,1,7.6,tt1652216,7.7,10437,tvSeries,"Fuzzy (title exact, year +-1)",0.100000000000001
2355,2425,The Future Diary,2011,18+,7.6/10,64/100,0,1,0,0,1,7.6,tt2069441,7.4,23901,tvSeries,Exact (title + year),-0.199999999999999
2356,2426,Childrens Hospital,2008,18+,7.8/10,64/100,0,1,0,0,1,7.8,tt1325113,7.8,8693,tvSeries,Exact (title + year),0
2357,2427,The First 48,2004,18+,8.2/10,64/100,0,1,0,0,1,8.2,tt0423652,8.2,4808,tvSeries,Exact (title + year),0
2358,2428,Chopped,2009,all,7.5/10,64/100,0,1,0,0,1,7.5,,,,,Unmatched,
2359,2429,Sense and Sensibility,2008,16+,8.0/10,64/100,0,1,1,0,1,8,,,,,Unmatched,
2360,2430,House Hunters,1999,all,8.1/10,64/100,0,1,0,0,1,8.1,tt0369117,6.7,2081,tvSeries,Exact (title + year),-1.4
2361,2431,Teenage Mutant Ninja Turtles,2012,7+,7.8/10,64/100,0,1,0,0,1,7.8,tt1877889,7.9,18493,tvSeries,Exact (title + year),0.100000000000001
2362,2432,Flower of Evil,2020,"",8.8/10,64/100,0,1,0,0,1,8.8,tt11691684,8.5,19670,tvSeries,Exact (title + year),-0.300000000000001
2363,2434,Monogatari,2009,16+,8.0/10,64/100,0,1,0,0,1,8,,,,,Unmatched,
2364,2435,Prisoners of War,2010,"",8.4/10,63/100,0,1,0,0,1,8.4,tt1676462,8.3,2971,tvSeries,"Fuzzy (title exact, year +-1)",-0.0999999999999996
2365,2436,Clique,2017,18+,7.0/10,63/100,0,1,0,0,1,7,tt6563112,6.9,3514,tvSeries,Exact (title + year),-0.0999999999999996
2366,2437,Atlantis,2013,7+,6.6/10,63/100,0,1,0,0,1,6.6,tt2705602,6.5,12974,tvSeries,Exact (title + year),-0.0999999999999996
2367,2438,Travel Man: 48 Hours in...,2015,7+,8.3/10,63/100,0,1,0,0,1,8.3,tt4719744,8.1,3787,tvSeries,Exact (title + year),-0.200000000000001
2368,2439,Chowder,2007,7+,7.3/10,63/100,0,1,0,0,1,7.3,tt1140100,7.3,17008,tvSeries,Exact (title + year),0
2369,2440,The Hardy Boys,2020,7+,7.0/10,63/100,0,1,0,0,1,7,tt11252090,7,4148,tvSeries,Exact (title + year),0
2370,2442,Shots Fired,2017,16+,6.5/10,63/100,0,1,0,0,1,6.5,tt5093452,6.8,2557,tvSeries,Exact (title + year),0.3
2371,2443,National Treasure,2016,"",7.4/10,63/100,0,1,0,1,1,7.4,tt5571524,7.3,3551,tvMiniSeries,Exact (title + year),-0.100000000000001
2372,2444,The Familiar of Zero,2006,16+,7.0/10,63/100,0,1,0,0,1,7,tt0978553,6.9,2896,tvMiniSeries,Exact (title + year),-0.0999999999999996
2373,2445,The Brady Bunch,1969,all,6.7/10,63/100,0,1,0,0,1,6.7,tt0063878,6.8,17195,tvSeries,Exact (title + year),0.0999999999999996
2374,2446,Four Weddings and a Funeral,2019,18+,7.2/10,63/100,0,1,0,0,1,7.2,tt7587362,7.2,6877,tvMiniSeries,Exact (title + year),0
2375,2448,Hamilton's Pharmacopeia,2016,18+,8.9/10,63/100,0,1,0,0,1,8.9,,,,,Unmatched,
2376,2449,The New York Times Presents,2020,18+,6.7/10,63/100,0,1,0,0,1,6.7,tt12673630,6.8,652,tvSeries,Exact (title + year),0.0999999999999996
2377,2450,What's Wrong with Secretary Kim,2018,all,8.1/10,63/100,0,1,0,0,1,8.1,tt8242904,8,25923,tvSeries,Exact (title + year),-0.0999999999999996
2378,2452,The Great North,2021,16+,6.5/10,63/100,0,1,0,0,1,6.5,tt9140632,7,7546,tvSeries,Exact (title + year),0.5
2379,2453,The Ultimate Fighter,2005,16+,7.8/10,63/100,0,1,0,0,1,7.8,tt0445912,7.8,3370,tvSeries,Exact (title + year),0
2380,2455,Tiny Toon Adventures,1990,all,7.5/10,63/100,0,1,0,0,1,7.5,tt0098929,7.5,15309,tvSeries,Exact (title + year),0
2381,2456,Foster's Home for Imaginary Friends,2004,7+,7.6/10,63/100,0,1,0,0,1,7.6,tt0419326,7.5,27104,tvSeries,Exact (title + year),-0.0999999999999996
2382,2457,The Tonight Show Starring Jimmy Fallon,2014,16+,7.2/10,63/100,0,1,0,0,1,7.2,tt3444938,7,20290,tvSeries,Exact (title + year),-0.2
2383,2458,Barkskins,2020,18+,7.3/10,63/100,0,1,0,0,1,7.3,tt9426272,7.3,2809,tvSeries,Exact (title + year),0
2384,2459,River Monsters,2009,7+,8.1/10,63/100,0,1,1,0,1,8.1,tt1476750,8.2,6516,tvSeries,Exact (title + year),0.0999999999999996
2385,2460,The Dick Van Dyke Show,1961,all,8.3/10,63/100,0,1,0,0,1,8.3,tt0054533,8.5,13312,tvSeries,Exact (title + year),0.199999999999999
2386,2461,Yu-Gi-Oh! GX,2004,all,6.8/10,63/100,0,1,0,0,1,6.8,tt0493334,6.9,6114,tvSeries,Exact (title + year),0.100000000000001
2387,2462,Highschool of the Dead,2010,18+,7.2/10,63/100,0,1,0,0,1,7.2,tt1685401,7.1,18522,tvSeries,Exact (title + year),-0.100000000000001
2388,2464,While You Were Sleeping,2017,"",8.4/10,63/100,0,1,0,1,1,8.4,tt6256484,8.2,13147,tvSeries,Exact (title + year),-0.200000000000001
2389,2465,The Marvelous Misadventures of Flapjack,2008,7+,7.8/10,63/100,0,1,0,0,1,7.8,tt1178180,7.8,18213,tvSeries,Exact (title + year),0
2390,2466,Difficult People,2015,18+,7.0/10,63/100,0,1,0,0,1,7,tt4676574,7.1,4949,tvSeries,Exact (title + year),0.0999999999999996
2391,2467,Reba,2001,7+,6.5/10,63/100,0,1,0,0,1,6.5,tt0284722,6.8,19819,tvSeries,Exact (title + year),0.3
2392,2468,The Event,2010,16+,7.0/10,62/100,0,1,0,0,1,7,tt1582459,7,27082,tvSeries,Exact (title + year),0
2393,2469,American Gothic,1995,7+,8.1/10,62/100,0,1,0,0,1,8.1,tt0111880,8.1,5289,tvSeries,Exact (title + year),0
2394,2470,Garfield and Friends,1988,7+,7.3/10,62/100,0,1,0,0,1,7.3,tt0094469,7.2,15141,tvSeries,Exact (title + year),-0.0999999999999996
2395,2471,Home Economics,2021,7+,6.2/10,62/100,0,1,0,0,1,6.2,tt9214684,7,7153,tvSeries,Exact (title + year),0.8
2396,2472,Clannad After Story,2009,7+,8.6/10,62/100,0,1,0,0,1,8.6,,,,,Unmatched,
2397,2473,The Choe Show,2021,"",8.5/10,62/100,0,1,0,0,1,8.5,tt14535092,8.4,598,tvSeries,Exact (title + year),-0.0999999999999996
2398,2474,Bless This Mess,2019,7+,6.9/10,62/100,0,1,0,0,1,6.9,tt9418572,7,5392,tvSeries,Exact (title + year),0.0999999999999996
2399,2475,Horrible Histories,2009,7+,8.8/10,62/100,0,1,1,0,1,8.8,tt1400819,8.7,6909,tvSeries,Exact (title + year),-0.100000000000001
2400,2476,grown-ish,2018,16+,6.4/10,62/100,0,1,0,0,1,6.4,tt7018644,6.6,7322,tvSeries,Exact (title + year),0.199999999999999
2401,2478,Duncanville,2020,16+,6.0/10,62/100,0,1,0,0,1,6,tt9073898,6.4,2903,tvSeries,Exact (title + year),0.4
2402,2479,The Guest Book,2017,18+,7.2/10,62/100,0,1,0,0,1,7.2,tt5990096,7.3,4346,tvSeries,Exact (title + year),0.0999999999999996
2403,2480,Speechless,2016,7+,7.6/10,62/100,0,1,0,0,1,7.6,tt5592146,7.6,9115,tvSeries,Exact (title + year),0
2404,2481,Intervention,2005,16+,7.8/10,62/100,0,1,0,0,1,7.8,tt0450920,7.9,3230,tvSeries,Exact (title + year),0.100000000000001
2405,2482,K.C. Undercover,2015,all,6.2/10,62/100,0,1,0,1,1,6.2,tt3598030,6.5,8061,tvSeries,Exact (title + year),0.3
2406,2483,The Three Stooges,1934,all,8.6/10,62/100,0,1,0,0,1,8.6,,,,,Unmatched,
2407,2485,Dragon Ball GT,1996,7+,6.8/10,62/100,0,1,0,0,1,6.8,tt0139774,6.8,32180,tvSeries,Exact (title + year),0
2408,2486,Melissa & Joey,2010,16+,7.0/10,62/100,0,1,0,0,1,7,tt1597420,7,20550,tvSeries,Exact (title + year),0
2409,2487,The Bob Newhart Show,1972,all,8.1/10,62/100,0,1,0,0,1,8.1,tt0068049,8.1,7664,tvSeries,Exact (title + year),0
2410,2488,General Hospital,1963,16+,6.5/10,62/100,0,1,0,0,1,6.5,tt0056758,6.7,6286,tvSeries,Exact (title + year),0.2
2411,2489,Lupin the Third,1971,16+,7.9/10,62/100,0,1,0,0,1,7.9,,,,,Unmatched,
2412,2490,Charlotte,2015,16+,7.6/10,62/100,0,1,0,0,1,7.6,tt4574736,7.5,12025,tvMiniSeries,Exact (title + year),-0.0999999999999996
2413,2491,Mr. Mayor,2021,16+,6.3/10,62/100,0,1,0,0,1,6.3,tt10662034,6.4,5659,tvSeries,Exact (title + year),0.100000000000001
2414,2492,Murder in the First,2014,18+,7.3/10,62/100,0,1,0,0,1,7.3,tt2402061,7.3,8191,tvSeries,Exact (title + year),0
2415,2493,Jersey Shore: Family Vacation,2018,16+,6.6/10,62/100,0,1,0,0,1,6.6,tt7686456,6.6,2857,tvSeries,Exact (title + year),0
2416,2494,Family Matters,1989,all,6.6/10,62/100,0,1,0,0,1,6.6,tt0096579,6.6,32270,tvSeries,Exact (title + year),0
2417,2497,24: Legacy,2017,16+,6.2/10,62/100,0,1,0,0,1,6.2,tt5345490,6.3,12338,tvSeries,"Fuzzy (title exact, year +-1)",0.0999999999999996
2418,2499,American Ninja Warrior,2009,7+,6.8/10,62/100,0,1,0,0,1,6.8,tt1587934,6.8,4860,tvSeries,Exact (title + year),0
2419,2500,Seraph of the End,2015,13+,7.5/10,62/100,0,1,0,0,1,7.5,tt4584326,7.4,9197,tvSeries,Exact (title + year),-0.0999999999999996
2420,2501,Deutschland 86,2018,"",7.6/10,62/100,0,1,0,0,1,7.6,tt6148324,7.6,5857,tvMiniSeries,Exact (title + year),0
2421,2502,Brickleberry,2012,18+,7.3/10,62/100,0,1,0,0,1,7.3,tt2022713,7.3,19499,tvSeries,Exact (title + year),0
2422,2503,Ghosted,2017,7+,6.3/10,62/100,0,1,0,0,1,6.3,,,,,Unmatched,
2423,2504,Saving Hope,2012,16+,7.5/10,62/100,0,1,0,0,1,7.5,tt1954804,7.4,8659,tvSeries,Exact (title + year),-0.0999999999999996
2424,2506,Married at First Sight,2014,7+,6.2/10,61/100,0,1,1,0,1,6.2,tt3868860,6.2,3007,tvSeries,Exact (title + year),0
2425,2508,The Voice,2011,7+,6.5/10,61/100,0,1,0,0,1,6.5,tt1839337,6.5,14117,tvSeries,Exact (title + year),0
2426,2509,Wings,1990,7+,7.2/10,61/100,0,1,0,0,1,7.2,tt0098948,7.3,16210,tvSeries,Exact (title + year),0.0999999999999996
2427,2510,American Pickers,2010,7+,7.0/10,61/100,0,1,0,0,1,7,tt1596786,7.1,9180,tvSeries,Exact (title + year),0.0999999999999996
2428,2511,Nightwatch,2015,16+,8.8/10,61/100,0,1,1,0,1,8.8,tt4287464,8.8,1247,tvSeries,Exact (title + year),0
2429,2512,Gold Rush,2010,7+,7.3/10,61/100,0,1,0,0,1,7.3,tt1800864,7.3,6151,tvSeries,Exact (title + year),0
2430,2513,The Riches,2007,18+,7.8/10,61/100,0,1,0,0,1,7.8,tt0496343,7.8,9011,tvSeries,Exact (title + year),0
2431,2514,Lark Rise to Candleford,2008,7+,8.1/10,61/100,0,1,0,0,1,8.1,tt1077744,8.2,9529,tvSeries,Exact (title + year),0.0999999999999996
2432,2515,Stan Against Evil,2016,16+,7.3/10,61/100,0,1,0,0,1,7.3,tt5722214,7.3,7338,tvSeries,Exact (title + year),0
2433,2516,Homicide Hunter: Lt Joe Kenda,2011,16+,8.8/10,61/100,0,1,0,0,1,8.8,,,,,Unmatched,
2434,2517,RuPaul's Drag Race: Untucked,2010,16+,7.8/10,61/100,0,1,0,0,1,7.8,,,,,Unmatched,
2435,2518,The Carmichael Show,2015,7+,7.7/10,61/100,0,1,0,0,1,7.7,tt4307902,7.7,3485,tvSeries,Exact (title + year),0
2436,2519,Moone Boy,2012,16+,8.1/10,61/100,0,1,0,0,1,8.1,tt2319283,8.1,7190,tvSeries,Exact (title + year),0
2437,2520,Tyler Perry's The Haves and the Have Nots,2013,16+,6.0/10,61/100,0,1,0,0,1,6,,,,,Unmatched,
2438,2522,Perfect Strangers,1986,7+,7.2/10,61/100,0,1,1,0,1,7.2,tt0090501,7.2,12329,tvSeries,Exact (title + year),0
2439,2523,The Practice,1997,16+,7.7/10,61/100,0,1,0,0,1,7.7,tt0118437,7.7,11759,tvSeries,Exact (title + year),0
2440,2525,Light as a Feather,2018,16+,6.6/10,61/100,0,1,0,0,1,6.6,tt8619822,6.5,4383,tvSeries,Exact (title + year),-0.0999999999999996
2441,2526,Burden of Truth,2018,16+,7.3/10,61/100,0,1,0,0,1,7.3,tt6987476,7.3,5909,tvSeries,Exact (title + year),0
2442,2527,Mister Ed,1961,all,7.0/10,61/100,0,1,0,0,1,7,tt0054557,6.9,5208,tvSeries,Exact (title + year),-0.0999999999999996
2443,2528,Kamisama Kiss,2012,7+,8.1/10,61/100,0,1,0,0,1,8.1,tt2320220,8.1,7433,tvSeries,Exact (title + year),0
2444,2530,Mike Tyson Mysteries,2014,16+,8.1/10,61/100,0,1,0,0,1,8.1,tt3038546,8.2,6302,tvSeries,Exact (title + year),0.0999999999999996
2445,2531,American Gladiators,1988,7+,6.5/10,61/100,0,1,0,0,1,6.5,tt0096532,6.6,3490,tvSeries,"Fuzzy (title exact, year +-1)",0.0999999999999996
2446,2532,My Life as a Teenage Robot,2003,all,6.9/10,60/100,0,1,0,0,1,6.9,tt0318233,6.9,11623,tvSeries,"Fuzzy (title exact, year +-1)",0
2447,2533,Felicity,1998,16+,6.8/10,60/100,0,1,0,0,1,6.8,tt0134247,6.9,13982,tvSeries,Exact (title + year),0.100000000000001
2448,2535,Expedition Unknown,2015,7+,8.2/10,60/100,0,1,0,0,1,8.2,tt4305162,8.2,4694,tvSeries,Exact (title + year),0
2449,2536,Rosewood,2015,16+,6.7/10,60/100,0,1,0,0,1,6.7,tt4465472,6.8,10018,tvSeries,Exact (title + year),0.0999999999999996
2450,2537,The Guardian,2001,7+,7.4/10,60/100,0,1,1,0,1,7.4,tt0285370,7.4,6575,tvSeries,Exact (title + year),0
2451,2538,Jeremiah,2002,18+,7.0/10,60/100,0,1,1,0,1,7,tt0290966,7,4953,tvSeries,Exact (title + year),0
2452,2539,The Secret of Skinwalker Ranch,2020,7+,6.1/10,60/100,0,1,0,0,1,6.1,tt10589968,6.5,5755,tvSeries,Exact (title + year),0.4
2453,2540,Dharma & Greg,1997,16+,6.3/10,60/100,0,1,0,0,1,6.3,tt0118303,6.4,33851,tvSeries,Exact (title + year),0.100000000000001
2454,2541,The Real Housewives of Beverly Hills,2010,16+,5.1/10,60/100,0,1,0,0,1,5.1,tt1720601,5.7,8418,tvSeries,Exact (title + year),0.600000000000001
2455,2542,The Fall Guy,1981,16+,7.0/10,60/100,0,1,0,0,1,7,tt0081859,7.1,10920,tvSeries,Exact (title + year),0.0999999999999996
2456,2543,Sealab 2021,2000,16+,7.9/10,60/100,0,1,1,0,1,7.9,tt0278877,7.8,8738,tvSeries,Exact (title + year),-0.100000000000001
2457,2544,The Incredible Dr. Pol,2011,7+,8.6/10,60/100,0,1,0,1,1,8.6,tt2136396,8.6,2442,tvSeries,Exact (title + year),0
2458,2545,Whose Line Is It Anyway? (UK),1988,7+,8.2/10,60/100,0,1,0,0,1,8.2,,,,,Unmatched,
2459,2546,The Fruit of Grisaia,2014,18+,7.1/10,60/100,0,1,0,0,1,7.1,tt3909210,6.9,1498,tvSeries,Exact (title + year),-0.199999999999999
2460,2547,St. Elsewhere,1982,7+,7.9/10,60/100,0,1,0,0,1,7.9,tt0083483,8,5906,tvSeries,Exact (title + year),0.0999999999999996
2461,2548,Ben 10: Omniverse,2012,7+,6.0/10,60/100,0,1,0,0,1,6,tt2293002,6.7,10893,tvSeries,Exact (title + year),0.7
2462,2550,Naked and Afraid,2013,16+,6.6/10,60/100,0,1,0,0,1,6.6,tt3007640,6.6,5684,tvSeries,Exact (title + year),0
2463,2551,Woke,2020,18+,6.4/10,60/100,0,1,0,0,1,6.4,tt9223870,6.7,3900,tvSeries,Exact (title + year),0.3
2464,2553,Mr. Pickles,2014,18+,7.4/10,60/100,0,1,0,0,1,7.4,tt2950342,7.3,11489,tvSeries,"Fuzzy (title exact, year +-1)",-0.100000000000001
2465,2554,The Moodys,2019,16+,6.8/10,60/100,0,1,0,0,1,6.8,tt3205334,7,1689,tvSeries,Exact (title + year),0.2
2466,2555,Being Erica,2009,16+,7.5/10,60/100,0,1,1,0,1,7.5,tt1149608,7.7,10805,tvSeries,Exact (title + year),0.2
2467,2556,Dual Survival,2010,16+,7.5/10,60/100,0,1,0,0,1,7.5,tt1673441,7.4,3554,tvSeries,Exact (title + year),-0.0999999999999996
2468,2557,Dimension 404,2017,16+,6.6/10,60/100,0,1,0,0,1,6.6,tt5798078,6.5,3109,tvMiniSeries,Exact (title + year),-0.0999999999999996
2469,2558,Diff'rent Strokes,1978,all,6.6/10,60/100,0,1,0,0,1,6.6,tt0077003,6.7,13659,tvSeries,Exact (title + year),0.100000000000001
2470,2559,Bad Banks,2018,7+,7.9/10,60/100,0,1,0,0,1,7.9,tt6258718,7.8,6659,tvSeries,Exact (title + year),-0.100000000000001
2471,2560,Kojak,1973,16+,7.1/10,60/100,0,1,0,0,1,7.1,tt0069599,7.1,10111,tvSeries,Exact (title + year),0
2472,2561,Robin of Sherwood,1984,7+,8.5/10,60/100,0,1,1,0,1,8.5,tt0086791,8.4,5552,tvSeries,Exact (title + year),-0.0999999999999996
2473,2562,Ranma ½,1989,16+,7.9/10,60/100,0,1,0,0,1,7.9,tt0096686,7.9,6640,tvSeries,Exact (title + original-language year),0
2474,2563,McLeod's Daughters,2001,16+,7.2/10,60/100,0,1,0,0,1,7.2,tt0292414,7.4,7175,tvSeries,Exact (title + year),0.2
2475,2564,Life Below Zero,2013,7+,8.0/10,60/100,0,1,0,1,1,8,tt2964642,7.9,2671,tvSeries,Exact (title + year),-0.0999999999999996
2476,2566,mixed-ish,2019,7+,6.2/10,60/100,0,1,0,0,1,6.2,tt10276062,6.9,3234,tvSeries,Exact (title + year),0.7
2477,2567,Mountain Men,2012,7+,7.3/10,60/100,0,1,0,0,1,7.3,tt2202488,7.3,1932,tvSeries,Exact (title + year),0
2478,2569,Baywatch,1989,7+,5.3/10,60/100,0,1,1,0,1,5.3,tt0096542,5.5,33142,tvSeries,Exact (title + year),0.2
2479,2570,Shut Eye,2016,18+,7.3/10,59/100,0,1,0,0,1,7.3,tt5520392,7.2,4262,tvSeries,Exact (title + year),-0.0999999999999996
2480,2571,Dietland,2018,18+,6.5/10,59/100,0,1,0,0,1,6.5,tt5869202,6.7,2937,tvSeries,Exact (title + year),0.2
2481,2572,Yona of the Dawn,2014,16+,8.1/10,59/100,0,1,0,0,1,8.1,tt3957196,8,6957,tvSeries,Exact (title + year),-0.0999999999999996
2482,2573,The Hustler,2021,7+,7.7/10,59/100,0,1,0,0,1,7.7,tt11127158,7.9,811,tvSeries,Exact (title + year),0.2
2483,2574,Man v. Food,2008,all,7.3/10,59/100,0,1,0,0,1,7.3,tt1342711,7.3,7809,tvSeries,Exact (title + year),0
2484,2576,Teen Titans Go!,2013,7+,5.4/10,59/100,0,1,0,0,1,5.4,tt2771780,5.8,29305,tvSeries,Exact (title + year),0.399999999999999
2485,2577,Designing Women,1986,7+,7.1/10,59/100,0,1,0,0,1,7.1,tt0090418,7.3,8050,tvSeries,Exact (title + year),0.2
2486,2578,Into the Dark,2018,18+,6.4/10,59/100,0,1,0,0,1,6.4,tt8427140,6.4,6017,tvSeries,Exact (title + year),0
2487,2579,Mobile Suit Gundam Wing,2000,13+,8.1/10,59/100,0,1,0,0,1,8.1,,,,,Unmatched,
2488,2580,Damien,2016,16+,6.9/10,59/100,0,1,0,0,1,6.9,tt4337944,6.8,8706,tvSeries,Exact (title + year),-0.100000000000001
2489,2581,Mistresses,2013,16+,7.1/10,59/100,0,1,0,0,1,7.1,tt2295809,7.1,14386,tvSeries,Exact (title + year),0
2490,2582,The Lord of the Skies,2013,16+,6.8/10,59/100,0,1,0,0,1,6.8,tt2777882,6.7,1631,tvSeries,Exact (title + year),-0.0999999999999996
2491,2583,Snow White with the Red Hair,2015,16+,7.8/10,59/100,0,1,0,0,1,7.8,tt4542568,7.6,4950,tvSeries,Exact (title + year),-0.2
2492,2584,The Masked Singer,2019,7+,6.0/10,59/100,0,1,0,0,1,6,,,,,Unmatched,
2493,2585,Danganronpa: The Animation,2013,18+,6.9/10,59/100,0,1,0,0,1,6.9,tt2902582,6.8,4466,tvSeries,Exact (title + year),-0.100000000000001
2494,2586,Hellsing,2001,18+,7.9/10,59/100,0,1,0,0,1,7.9,tt0325547,7.7,20807,tvMiniSeries,Exact (title + year),-0.2
2495,2587,Fate/stay night,2006,18+,7.3/10,59/100,0,1,0,0,1,7.3,tt0774809,7.2,7706,tvSeries,Exact (title + year),-0.0999999999999996
2496,2588,Uncle,2014,16+,7.9/10,59/100,0,1,0,0,1,7.9,tt5016444,5.9,261,movie,"Fuzzy (title exact, year +-1) [non-TV type]",-2
2497,2589,Deadly Women,2005,16+,8.0/10,59/100,0,1,1,0,1,8,tt1303337,7.7,298,tvMiniSeries,Exact (title + year),-0.3
2498,2590,Ironside,1967,7+,6.9/10,59/100,0,1,0,0,1,6.9,tt0061266,6.9,4771,tvSeries,Exact (title + year),0
2499,2592,D.Gray-man,2006,16+,7.7/10,59/100,0,1,0,0,1,7.7,tt0899258,7.6,5074,tvSeries,Exact (title + year),-0.100000000000001
2500,2593,Space Dandy,2014,16+,8.1/10,59/100,0,1,0,0,1,8.1,tt3158246,8,5353,tvSeries,Exact (title + year),-0.0999999999999996
2501,2594,Songland,2019,7+,8.0/10,59/100,0,1,0,0,1,8,tt9165752,8.1,803,tvSeries,Exact (title + year),0.0999999999999996
2502,2595,Running Wild with Bear Grylls,2014,7+,7.7/10,59/100,0,1,0,1,1,7.7,tt3816666,7.5,3178,tvSeries,Exact (title + year),-0.2
2503,2596,Living Single,1993,7+,7.5/10,59/100,0,1,0,0,1,7.5,tt0106056,7.8,7676,tvSeries,Exact (title + year),0.3
2504,2597,My 600-lb Life,2012,16+,6.6/10,59/100,0,1,0,0,1,6.6,tt2152112,6.7,2517,tvSeries,Exact (title + year),0.100000000000001
2505,2598,Naked and Afraid XL,2015,16+,7.4/10,59/100,0,1,0,0,1,7.4,tt4791250,7.4,2233,tvSeries,Exact (title + year),0
2506,2600,Popeye the Sailor,1960,all,7.1/10,59/100,0,1,0,0,1,7.1,tt0145628,7.1,15737,tvSeries,Exact (title + year),0
2507,2601,20/20,1978,"",6.6/10,59/100,0,1,0,0,1,6.6,tt0124932,6.8,3098,tvSeries,Exact (title + year),0.2
2508,2602,The Thundermans,2013,all,5.8/10,59/100,0,1,0,0,1,5.8,tt2712516,6.1,9794,tvSeries,Exact (title + year),0.3
2509,2603,90 Day Fiancé,2014,16+,6.4/10,59/100,0,1,0,0,1,6.4,tt3469050,6.4,3243,tvSeries,Exact (title + year),0
2510,2604,Duck Dynasty,2012,7+,6.2/10,59/100,0,1,0,0,1,6.2,tt2229907,6.2,11686,tvSeries,Exact (title + year),0
2511,2605,Pasión prohibida,2013,"",8.4/10,59/100,0,1,0,0,1,8.4,tt2636446,7.9,409,tvSeries,Exact (title + year),-0.5
2512,2606,No Man's Land,2020,16+,7.7/10,59/100,0,1,0,0,1,7.7,tt8335218,7.8,4653,tvSeries,Exact (title + year),0.0999999999999996
2513,2607,Upstairs Downstairs,2010,7+,7.4/10,59/100,0,1,0,0,1,7.4,tt1782352,7.4,7660,tvSeries,Exact (title + year),0
2514,2608,The Bastard Executioner,2015,18+,6.2/10,59/100,0,1,0,0,1,6.2,tt4218618,6.2,9880,tvSeries,Exact (title + year),0
2515,2610,The Food That Built America,2019,7+,8.5/10,59/100,0,1,0,0,1,8.5,tt10098248,8.4,1946,tvSeries,Exact (title + year),-0.0999999999999996
2516,2611,Hang Ups,2018,"",6.5/10,59/100,0,1,0,0,1,6.5,tt7411444,6.4,983,tvSeries,Exact (title + year),-0.0999999999999996
2517,2612,Star,2016,16+,6.7/10,59/100,0,1,0,0,1,6.7,tt4941240,6.8,5610,tvSeries,Exact (title + year),0.0999999999999996
2518,2614,Saving Grace,2007,18+,7.6/10,59/100,0,1,0,0,1,7.6,tt0830900,7.6,6173,tvSeries,Exact (title + year),0
2519,2615,Full Metal Panic!,2002,16+,7.7/10,58/100,0,1,0,0,1,7.7,tt0328739,7.6,6366,tvSeries,Exact (title + year),-0.100000000000001
2520,2616,America's Funniest Home Videos,1989,7+,6.2/10,58/100,0,1,0,1,1,6.2,tt0098740,6.2,6396,tvSeries,Exact (title + year),0
2521,2617,BuzzFeed Unsolved - True Crime,2016,"",8.9/10,58/100,0,1,1,0,1,8.9,,,,,Unmatched,
2522,2618,Log Horizon,2013,16+,7.7/10,58/100,0,1,0,0,1,7.7,tt2942218,7.4,5771,tvSeries,Exact (title + year),-0.3
2523,2619,Son of Zorn,2016,16+,6.8/10,58/100,0,1,0,0,1,6.8,tt4798814,6.8,5208,tvSeries,Exact (title + year),0
2524,2620,Him & Her,2010,16+,7.8/10,58/100,0,1,0,0,1,7.8,tt1493923,7.8,5228,tvSeries,Exact (title + year),0
2525,2621,World Trigger,2014,16+,7.5/10,58/100,0,1,0,0,1,7.5,tt3950102,7.4,1619,tvSeries,Exact (title + year),-0.0999999999999996
2526,2622,Clarence,2014,7+,6.6/10,58/100,0,1,0,0,1,6.6,tt3061050,6.9,14385,tvSeries,"Fuzzy (title exact, year +-1)",0.300000000000001
2527,2623,Kenan,2021,7+,5.6/10,58/100,0,1,0,0,1,5.6,tt10312854,5.9,2155,tvSeries,Exact (title + year),0.300000000000001
2528,2624,Mayo Chiki!,2011,18+,7.0/10,58/100,0,1,0,0,1,7,tt2008252,6.7,1612,tvSeries,Exact (title + year),-0.3
2529,2625,Haven't You Heard? I'm Sakamoto,2016,16+,7.2/10,58/100,0,1,0,0,1,7.2,tt5701624,7.1,3348,tvMiniSeries,Exact (title + year),-0.100000000000001
2530,2626,Hard Sun,2018,18+,6.6/10,58/100,0,1,0,0,1,6.6,tt6402362,6.6,5640,tvMiniSeries,Exact (title + year),0
2531,2627,Crime Scene Kitchen,2021,"",7.2/10,58/100,0,1,0,0,1,7.2,tt14409846,7.7,904,tvSeries,Exact (title + year),0.5
2532,2628,Dance Moms,2011,7+,4.7/10,58/100,0,1,0,0,1,4.7,tt1991410,4.8,7569,tvSeries,Exact (title + year),0.0999999999999996
2533,2629,Gordon Ramsay's 24 Hours to Hell and Back,2018,16+,7.3/10,58/100,0,1,0,0,1,7.3,tt7768166,7.2,1730,tvSeries,Exact (title + year),-0.0999999999999996
2534,2630,The White Shadow,1978,"",8.0/10,58/100,0,1,0,0,1,8,tt0077101,8,1736,tvSeries,Exact (title + year),0
2535,2631,X Company,2015,16+,7.7/10,58/100,0,1,0,0,1,7.7,tt4338336,7.7,3554,tvSeries,Exact (title + year),0
2536,2632,Step by Step,1991,all,6.5/10,58/100,0,1,0,0,1,6.5,tt0101205,6.6,17942,tvSeries,Exact (title + year),0.0999999999999996
2537,2633,False Flag,2015,"",7.8/10,58/100,0,1,0,0,1,7.8,,,,,Unmatched,
2538,2634,Housebroken,2021,16+,5.9/10,58/100,0,1,0,0,1,5.9,tt9610166,6.4,2464,tvSeries,Exact (title + year),0.5
2539,2635,Jimmy Kimmel Live!,2003,16+,6.5/10,58/100,0,1,0,0,1,6.5,tt0320037,6.4,20002,tvSeries,Exact (title + year),-0.0999999999999996
2540,2636,The Cleveland Show,2009,16+,5.5/10,58/100,0,1,0,0,1,5.5,tt1195935,5.6,44842,tvSeries,Exact (title + year),0.0999999999999996
2541,2637,Midnight Sun,2016,"",7.5/10,58/100,1,1,0,0,1,7.5,tt4836846,7.4,5715,tvSeries,Exact (title + year),-0.0999999999999996
2542,2638,Dice,2016,18+,7.5/10,58/100,0,1,0,0,1,7.5,tt4688512,7.4,2118,tvSeries,Exact (title + year),-0.0999999999999996
2543,2639,Primeval: New World,2012,16+,6.6/10,58/100,0,1,0,0,1,6.6,tt2295953,6.5,5136,tvSeries,Exact (title + year),-0.0999999999999996
2544,2640,7th Heaven,1996,7+,5.2/10,58/100,0,1,1,0,1,5.2,tt0115083,5.3,28521,tvSeries,Exact (title + year),0.0999999999999996
2545,2641,Cutthroat Kitchen,2013,all,7.3/10,58/100,0,1,0,0,1,7.3,tt2930446,7.3,2436,tvSeries,Exact (title + year),0
2546,2642,Married,2014,18+,7.1/10,58/100,0,1,0,0,1,7.1,tt2786956,7.1,3794,tvSeries,Exact (title + year),0
2547,2643,Land of Honor,2014,16+,8.0/10,58/100,0,1,0,0,1,8,,,,,Unmatched,
2548,2644,The UnXplained,2019,16+,7.3/10,58/100,0,1,0,0,1,7.3,tt10098498,7.3,2445,tvSeries,Exact (title + year),0
2549,2645,Deadbeat,2014,16+,7.4/10,58/100,0,1,0,0,1,7.4,tt3147316,7.2,5912,tvSeries,Exact (title + year),-0.2
2550,2646,Alone Together,2018,16+,6.5/10,58/100,0,1,0,0,1,6.5,tt5615840,6.8,2288,tvSeries,Exact (title + year),0.3
2551,2648,Chivalry of a Failed Knight,2015,18+,7.4/10,58/100,0,1,0,0,1,7.4,tt5100366,7.2,5955,tvMiniSeries,Exact (title + year),-0.2
2552,2649,Intruders,2014,18+,6.7/10,58/100,0,1,1,0,1,6.7,tt3552166,6.6,4198,tvSeries,Exact (title + year),-0.100000000000001
2553,2650,Kimi ni Todoke: From Me to You,2009,all,7.8/10,58/100,0,1,0,0,1,7.8,tt1745240,7.8,8690,tvSeries,Exact (title + year),0
2554,2651,WWE Friday Night SmackDown,1999,7+,7.3/10,58/100,0,1,0,0,1,7.3,,,,,Unmatched,
2555,2652,Coronation Street,1960,7+,5.6/10,58/100,0,1,0,0,1,5.6,tt0053494,5.6,6671,tvSeries,Exact (title + year),0
2556,2653,Dirty Sexy Money,2007,7+,7.2/10,58/100,0,1,0,0,1,7.2,tt0960136,7.2,12567,tvSeries,Exact (title + year),0
2557,2654,The Accident,2019,"",6.2/10,58/100,0,1,0,0,1,6.2,tt9145372,6.4,3284,tvSeries,Exact (title + year),0.2
2558,2655,Kenichi: The Mightiest Disciple,2006,16+,8.2/10,58/100,0,1,1,0,1,8.2,tt1424037,8,2802,tvSeries,Exact (title + year),-0.199999999999999
2559,2656,Archangel,2005,18+,6.5/10,58/100,0,1,0,0,1,6.5,tt0426911,6.4,6756,tvMovie,Exact (title + year) [non-TV type],-0.0999999999999996
2560,2657,Persona 4 The Animation,2011,7+,7.6/10,58/100,0,1,0,0,1,7.6,,,,,Unmatched,
2561,2658,Melrose Place,1992,16+,5.8/10,57/100,0,1,1,0,1,5.8,tt0103491,6,14441,tvSeries,Exact (title + year),0.2
2562,2660,SHIMONETA: A Boring World Where the Concept of Dirty Jokes Doesn't Exist,2015,18+,7.0/10,57/100,0,1,0,0,1,7,tt4967674,6.9,4229,tvSeries,Exact (title + year),-0.0999999999999996
2563,2661,Restaurant: Impossible,2011,all,6.9/10,57/100,0,1,0,0,1,6.9,tt1771742,6.8,2370,tvSeries,Exact (title + year),-0.100000000000001
2564,2662,The Legend of the Blue Sea,2016,"",8.1/10,57/100,0,1,0,0,1,8.1,,,,,Unmatched,
2565,2663,Alias Smith and Jones,1971,7+,7.6/10,57/100,0,1,0,0,1,7.6,tt0066625,7.6,2787,tvSeries,Exact (title + year),0
2566,2664,Justice League Action,2016,7+,7.6/10,57/100,0,1,0,0,1,7.6,tt5419200,7.5,2935,tvSeries,Exact (title + year),-0.0999999999999996
2567,2665,Helstrom,2020,"",6.8/10,57/100,0,1,0,0,1,6.8,tt10266874,6.7,11394,tvSeries,Exact (title + year),-0.0999999999999996
2568,2666,Packed to the Rafters,2008,18+,7.4/10,57/100,0,1,0,0,1,7.4,tt1132600,7.5,2807,tvSeries,Exact (title + year),0.0999999999999996
2569,2667,Oh My Venus,2015,16+,7.8/10,57/100,0,1,0,0,1,7.8,tt5189944,7.7,8377,tvSeries,Exact (title + year),-0.0999999999999996
2570,2668,Banished,2015,18+,7.4/10,57/100,0,1,1,0,1,7.4,tt3508050,7.4,4494,tvMiniSeries,Exact (title + year),0
2571,2669,Bizarre Foods with Andrew Zimmern,2006,7+,7.7/10,57/100,0,1,0,0,1,7.7,tt1138645,7.7,2710,tvSeries,Exact (title + year),0
2572,2670,Blood Blockade Battlefront,2015,18+,7.3/10,57/100,0,1,0,0,1,7.3,tt4379632,7.1,3409,tvSeries,Exact (title + year),-0.2
2573,2671,Curious George,2006,all,7.2/10,57/100,0,1,0,0,1,7.2,tt0449545,7.2,5124,tvSeries,Exact (title + year),0
2574,2672,Guilty Crown,2011,16+,7.1/10,57/100,0,1,0,0,1,7.1,tt2122656,6.9,6572,tvSeries,Exact (title + year),-0.199999999999999
2575,2673,Outlaw Star,1998,16+,7.9/10,57/100,0,1,0,0,1,7.9,tt0266171,7.9,4430,tvSeries,Exact (title + year),0
2576,2674,The Real Housewives of New York City,2008,16+,4.5/10,57/100,0,1,0,0,1,4.5,tt1191056,5.1,4467,tvSeries,Exact (title + year),0.6
2577,2675,Storage Wars,2010,7+,6.3/10,57/100,0,1,1,0,1,6.3,tt1785123,6.3,11141,tvSeries,Exact (title + year),0
2578,2676,Bluff City Law,2019,16+,6.8/10,57/100,0,1,0,0,1,6.8,tt10312776,6.9,2728,tvSeries,Exact (title + year),0.100000000000001
2579,2677,Bad Girls Club,2006,16+,4.7/10,57/100,0,1,0,0,1,4.7,tt0914829,5.1,3067,tvSeries,Exact (title + year),0.399999999999999
2580,2678,The Bisexual,2018,"",6.3/10,57/100,0,1,0,0,1,6.3,tt8050586,6.5,1543,tvSeries,Exact (title + year),0.2
2581,2679,McHale's Navy,1962,all,7.4/10,57/100,0,1,0,0,1,7.4,tt0055689,7.4,3651,tvSeries,Exact (title + year),0
2582,2681,The Four: Battle for Stardom,2018,"",4.3/10,57/100,0,1,0,0,1,4.3,tt7235406,4.3,843,tvSeries,Exact (title + year),0
2583,2682,"Doogie Howser, M.D.",1989,7+,6.5/10,57/100,0,1,0,0,1,6.5,tt0096569,6.5,10477,tvSeries,Exact (title + year),0
2584,2683,House Hunters International,2006,all,7.0/10,57/100,0,1,0,0,1,7,tt0795129,7,1571,tvSeries,Exact (title + year),0
2585,2684,Shark,2006,16+,7.1/10,57/100,0,1,0,0,1,7.1,tt0805666,7.1,12398,tvSeries,Exact (title + year),0
2586,2685,Sasquatch,2021,18+,6.2/10,57/100,0,1,0,0,1,6.2,tt14035948,6.3,1818,tvMiniSeries,Exact (title + year),0.0999999999999996
2587,2686,The Electric Company,1971,all,8.1/10,57/100,0,1,1,0,1,8.1,tt0066651,8.2,2614,tvSeries,Exact (title + year),0.0999999999999996
2588,2687,Akudama Drive,2020,18+,7.5/10,57/100,0,1,0,0,1,7.5,tt12331342,7.2,4005,tvMiniSeries,Exact (title + year),-0.3
2589,2688,Love & Hip Hop Atlanta,2012,16+,5.5/10,57/100,0,1,0,0,1,5.5,,,,,Unmatched,
2590,2689,Good Doctor,2013,"",8.1/10,57/100,0,1,0,0,1,8.1,tt3184708,7.9,2693,tvSeries,Exact (title + year),-0.199999999999999
2591,2690,Alaska: The Last Frontier,2011,16+,7.7/10,57/100,0,1,0,0,1,7.7,tt1877010,7.6,1857,tvSeries,Exact (title + year),-0.100000000000001
2592,2692,Sonic Boom,2014,7+,6.9/10,57/100,0,1,0,0,1,6.9,tt3232262,6.9,8049,tvSeries,Exact (title + year),0
2593,2694,Graves,2016,18+,6.6/10,57/100,0,1,0,0,1,6.6,,,,,Unmatched,
2594,2695,The Secret of Crickley Hall,2012,"",6.9/10,56/100,0,1,0,0,1,6.9,tt2294227,6.8,3937,tvMiniSeries,Exact (title + year),-0.100000000000001
2595,2696,Locked Up Abroad,2008,16+,8.2/10,56/100,0,1,0,0,1,8.2,tt1020109,8.1,2418,tvSeries,"Fuzzy (title exact, year +-1)",-0.0999999999999996
2596,2697,School Rumble,2004,7+,7.8/10,56/100,0,1,0,0,1,7.8,tt0878036,7.8,2359,tvSeries,Exact (title + year),0
2597,2698,Princess Tutu,2002,16+,8.1/10,56/100,0,1,1,0,1,8.1,tt0444745,8,1321,tvSeries,Exact (title + year),-0.0999999999999996
2598,2699,Date a Live,2013,16+,7.0/10,56/100,0,1,0,0,1,7,tt2575684,6.9,5393,tvSeries,Exact (title + year),-0.0999999999999996
2599,2700,Devil May Cry,2007,16+,7.1/10,56/100,0,1,0,0,1,7.1,,,,,Unmatched,
2600,2701,MasterChef Junior,2013,all,6.7/10,56/100,0,1,0,0,1,6.7,,,,,Unmatched,
2601,2702,Utopia Falls,2020,7+,5.4/10,56/100,0,1,0,0,1,5.4,tt10193046,5.3,2194,tvSeries,Exact (title + year),-0.100000000000001
2602,2703,Fear Factor,2001,7+,5.6/10,56/100,0,1,0,0,1,5.6,,,,,Unmatched,
2603,2704,Hellevator,2015,18+,6.1/10,56/100,0,1,0,0,1,6.1,tt4787000,6.2,523,tvSeries,Exact (title + year),0.100000000000001
2604,2705,Aesthetica of a Rogue Hero,2012,18+,7.1/10,56/100,0,1,0,0,1,7.1,tt2269368,6.7,2520,tvSeries,Exact (title + year),-0.399999999999999
2605,2706,"Drugs, Inc.",2010,16+,7.8/10,56/100,0,1,0,0,1,7.8,tt1688779,7.8,1503,tvSeries,Exact (title + year),0
2606,2707,Pure,2017,18+,7.0/10,56/100,0,1,0,0,1,7,tt6257298,7,1319,tvSeries,Exact (title + year),0
2607,2708,Dr. Pimple Popper,2018,16+,6.6/10,56/100,0,1,0,0,1,6.6,tt6045142,6.7,1499,tvSeries,Exact (title + year),0.100000000000001
2608,2709,The Biggest Loser,2004,7+,5.4/10,56/100,0,1,0,0,1,5.4,tt0429318,5.4,5428,tvSeries,Exact (title + year),0
2609,2710,Filthy Rich,2020,16+,6.2/10,56/100,0,1,0,0,1,6.2,tt10327526,6.3,2106,tvSeries,Exact (title + year),0.0999999999999996
2610,2711,Grimgar of Fantasy and Ash,2016,16+,7.4/10,56/100,0,1,0,0,1,7.4,,,,,Unmatched,
2611,2712,Bless the Harts,2019,16+,5.4/10,56/100,0,1,0,0,1,5.4,tt9068332,5.9,2773,tvSeries,Exact (title + year),0.5
2612,2713,Celebrity Family Feud,2008,7+,6.3/10,56/100,0,1,0,0,1,6.3,tt1249208,6.4,1851,tvSeries,Exact (title + year),0.100000000000001
2613,2714,xxxHOLiC,2006,16+,7.7/10,56/100,0,1,0,0,1,7.7,tt0488477,7.6,2365,tvSeries,Exact (title + year),-0.100000000000001
2614,2715,Bloom,2019,"",6.7/10,56/100,0,1,0,0,1,6.7,tt8888322,6.7,2080,tvSeries,Exact (title + year),0
2615,2716,Paradox,2009,16+,7.0/10,56/100,1,1,1,0,1,7,tt1460746,6.9,2111,tvMiniSeries,Exact (title + year),-0.0999999999999996
2616,2717,Worst Cooks in America,2010,all,6.4/10,56/100,0,1,0,0,1,6.4,tt1570957,6.3,1970,tvSeries,Exact (title + year),-0.100000000000001
2617,2718,Keeping Up with the Kardashians,2007,16+,2.8/10,56/100,0,1,0,0,1,2.8,tt1086761,2.9,32464,tvSeries,Exact (title + year),0.1
2618,2719,Blossom,1990,all,6.0/10,56/100,0,1,0,0,1,6,tt0101050,6.1,10237,tvSeries,Exact (title + year),0.0999999999999996
2619,2720,Taste the Nation with Padma Lakshmi,2020,16+,8.4/10,56/100,0,1,0,0,1,8.4,tt12244950,8.1,796,tvSeries,Exact (title + year),-0.300000000000001
2620,2721,Digimon Tamers,2001,7+,7.7/10,56/100,0,1,0,0,1,7.7,tt0295080,7.6,3652,tvSeries,Exact (title + year),-0.100000000000001
2621,2722,"BOFURI: I Don’t Want to Get Hurt, so I’ll Max Out My Defense.",2020,16+,7.5/10,56/100,0,1,0,0,1,7.5,,,,,Unmatched,
2622,2723,Cake Boss,2009,7+,6.6/10,56/100,0,1,0,0,1,6.6,tt1444382,6.6,3537,tvSeries,Exact (title + year),0
2623,2724,Tyler Perry's If Loving You Is Wrong,2014,16+,5.8/10,56/100,0,1,0,0,1,5.8,,,,,Unmatched,
2624,2725,Plastic Memories,2015,16+,7.4/10,56/100,0,1,0,0,1,7.4,tt4603222,7.4,4440,tvSeries,Exact (title + year),0
2625,2726,Love It or List It,2008,all,6.3/10,56/100,0,1,0,0,1,6.3,tt1773182,6.6,2896,tvSeries,Exact (title + year),0.3
2626,2727,Dragnet,1967,7+,7.5/10,56/100,0,1,0,0,1,7.5,,,,,Unmatched,
2627,2728,"Say """"I Love You.""""",2012,16+,7.4/10,56/100,0,1,0,0,1,7.4,,,,,Unmatched,
2628,2729,Rev.,2010,16+,7.9/10,56/100,0,1,0,0,1,7.9,tt1588221,7.8,3281,tvSeries,Exact (title + year),-0.100000000000001
2629,2730,Axe Cop,2013,18+,7.4/10,56/100,0,1,0,0,1,7.4,tt2497834,7.3,2405,tvSeries,"Fuzzy (title exact, year +-1)",-0.100000000000001
2630,2731,The Secret Life of the American Teenager,2008,16+,5.0/10,55/100,0,1,0,0,1,5,tt1179817,4.9,21639,tvSeries,Exact (title + year),-0.0999999999999996
2631,2732,Extreme Ghostbusters,1997,7+,6.9/10,55/100,0,1,0,0,1,6.9,tt0121932,6.9,3627,tvSeries,Exact (title + year),0
2632,2733,OK K.O.! Let's Be Heroes,2017,7+,7.0/10,55/100,0,1,0,0,1,7,tt6965802,6.9,4138,tvSeries,Exact (title + year),-0.0999999999999996
2633,2734,頭文字D First Stage,1998,7+,8.4/10,55/100,0,1,0,0,1,8.4,,,,,Unmatched,
2634,2735,The Firm,2012,16+,7.1/10,55/100,0,1,1,0,1,7.1,tt1949012,7.1,6473,tvSeries,Exact (title + year),0
2635,2736,The Titan Games,2019,all,7.0/10,55/100,0,1,0,0,1,7,tt7967262,7.1,3731,tvSeries,Exact (title + year),0.0999999999999996
2636,2737,Attack on Titan: Junior High,2015,16+,7.1/10,55/100,0,1,0,0,1,7.1,tt4906830,7.2,3815,tvMiniSeries,Exact (title + year),0.100000000000001
2637,2738,To Love-Ru,2008,18+,6.9/10,55/100,0,1,0,0,1,6.9,tt1216222,6.5,2152,tvSeries,Exact (title + year),-0.4
2638,2739,Rosario + Vampire,2008,18+,7.0/10,55/100,0,1,0,0,1,7,tt1161684,6.8,4393,tvSeries,Exact (title + year),-0.2
2639,2740,All Saints,1998,16+,7.1/10,55/100,0,1,0,0,1,7.1,tt0163924,7.1,1849,tvSeries,Exact (title + year),0
2640,2741,Fast N' Loud,2012,16+,7.5/10,55/100,0,1,0,0,1,7.5,tt2346169,7.4,3000,tvSeries,Exact (title + year),-0.0999999999999996
2641,2742,Upper Middle Bogan,2013,16+,7.9/10,55/100,0,1,0,0,1,7.9,tt2401525,7.8,3751,tvSeries,Exact (title + year),-0.100000000000001
2642,2743,Toilet-Bound Hanako-kun,2020,16+,7.6/10,55/100,0,1,0,0,1,7.6,tt10777610,7.5,4085,tvSeries,Exact (title + year),-0.0999999999999996
2643,2744,Barbarians Rising,2016,18+,7.8/10,55/100,0,1,0,0,1,7.8,tt5807292,7.7,2441,tvMiniSeries,Exact (title + year),-0.0999999999999996
2644,2745,Prey,2014,"",7.2/10,55/100,0,1,0,0,1,7.2,tt3315020,7.2,4479,tvSeries,Exact (title + year),0
2645,2747,Silk Stalkings,1991,16+,6.6/10,55/100,0,1,0,0,1,6.6,tt0101198,6.6,3612,tvSeries,Exact (title + year),0
2646,2748,Match Game,1973,7+,8.3/10,55/100,0,1,1,0,1,8.3,tt0069608,8.3,2756,tvSeries,Exact (title + year),0
2647,2749,The Most Dangerous Animal of All,2020,16+,6.3/10,55/100,0,1,0,0,1,6.3,tt4079926,6.3,1715,tvMiniSeries,Exact (title + year),0
2648,2750,Arifureta: From Commonplace to World's Strongest,2019,16+,7.0/10,55/100,0,1,0,0,1,7,tt10431290,7,6697,tvSeries,Exact (title + year),0
2649,2751,Renegade,1992,16+,6.0/10,55/100,0,1,0,0,1,6,tt0103524,6,6423,tvSeries,Exact (title + year),0
2650,2752,Disappeared,2009,7+,8.0/10,55/100,0,1,0,0,1,8,tt1563280,8,1540,tvSeries,Exact (title + year),0
2651,2753,My Favorite Martian,1963,all,7.3/10,55/100,0,1,0,1,1,7.3,tt0056775,7.2,3423,tvSeries,Exact (title + year),-0.0999999999999996
2652,2754,Wise Man’s Grandchild,2019,16+,6.8/10,55/100,0,1,0,0,1,6.8,,,,,Unmatched,
2653,2755,The Slap,2015,16+,7.6/10,55/100,0,1,1,0,1,7.6,tt3476576,6.2,3994,tvSeries,Exact (title + year),-1.4
2654,2756,Daniel Deronda,2002,"",7.2/10,55/100,0,1,0,0,1,7.2,tt0321897,7.2,5604,tvMiniSeries,Exact (title + year),0
2655,2757,90 Day Fiancé: Before the 90 Days,2017,16+,6.8/10,55/100,0,1,0,0,1,6.8,tt7252812,6.7,1866,tvSeries,Exact (title + year),-0.0999999999999996
2656,2758,Love Thy Neighbor,2013,7+,4.4/10,55/100,0,1,0,0,1,4.4,tt2834032,4.4,998,tvSeries,Exact (title + year),0
2657,2759,Infinite Stratos,2011,18+,6.7/10,55/100,0,1,0,0,1,6.7,tt1929675,6.5,2466,tvSeries,Exact (title + year),-0.2
2658,2760,A Certain Scientific Railgun,2009,16+,7.6/10,55/100,0,1,0,0,1,7.6,tt1515996,7.4,2286,tvSeries,Exact (title + year),-0.199999999999999
2659,2761,Taggart,1983,18+,7.3/10,55/100,0,1,0,0,1,7.3,tt0088621,7.4,2361,tvSeries,Exact (title + year),0.100000000000001
2660,2762,Call Me Kat,2021,7+,5.0/10,55/100,0,1,0,0,1,5,tt10985096,5.4,8387,tvSeries,Exact (title + year),0.4
2661,2763,My Love Story!!,2015,16+,7.8/10,55/100,0,1,0,0,1,7.8,tt4681414,6.7,903,movie,Exact (title + year) [non-TV type],-1.1
2662,2764,Digimon Adventure:,2020,all,7.4/10,55/100,0,1,0,0,1,7.4,tt11645760,6.8,1057,tvSeries,Exact (title + year),-0.600000000000001
2663,2766,City Homicide,2007,16+,7.5/10,55/100,0,1,0,0,1,7.5,tt1024932,7.6,2059,tvSeries,"Fuzzy (title exact, year +-1)",0.0999999999999996
2664,2767,The Lucy Show,1962,7+,7.2/10,55/100,0,1,0,0,1,7.2,tt0055686,7.2,3557,tvSeries,Exact (title + year),0
2665,2768,Bering Sea Gold,2012,all,6.6/10,55/100,0,1,0,0,1,6.6,tt2182427,6.7,1947,tvSeries,Exact (title + year),0.100000000000001
2666,2769,Dog with a Blog,2012,all,4.9/10,55/100,0,1,0,1,1,4.9,tt2222135,5.1,7841,tvSeries,Exact (title + year),0.199999999999999
2667,2770,Beyond Scared Straight,2011,18+,7.3/10,55/100,0,1,0,0,1,7.3,tt1707374,7.2,1337,tvSeries,Exact (title + year),-0.0999999999999996
2668,2771,Deutschland 89,2020,"",7.8/10,55/100,0,1,0,0,1,7.8,tt8760304,7.7,3862,tvMiniSeries,Exact (title + year),-0.0999999999999996
2669,2772,The Smile Has Left Your Eyes,2018,all,7.7/10,55/100,0,1,0,0,1,7.7,tt8696768,7.9,2424,tvSeries,Exact (title + year),0.2
2670,2773,Bakuman。,2010,16+,8.0/10,55/100,0,1,0,0,1,8,,,,,Unmatched,
2671,2774,Castaways,2018,7+,6.4/10,55/100,0,1,0,0,1,6.4,tt8589128,6.6,544,tvSeries,Exact (title + year),0.199999999999999
2672,2776,Iron Chef America,2005,all,7.1/10,54/100,0,1,0,0,1,7.1,,,,,Unmatched,
2673,2777,Your Pretty Face Is Going to Hell,2013,18+,7.7/10,54/100,0,1,0,0,1,7.7,tt2362694,7.8,3468,tvSeries,Exact (title + year),0.0999999999999996
2674,2778,Jersey Shore,2009,16+,3.6/10,54/100,0,1,0,0,1,3.6,tt1563069,4,25304,tvSeries,Exact (title + year),0.4
2675,2779,Tim and Eric's Bedtime Stories,2014,18+,7.8/10,54/100,0,1,0,0,1,7.8,tt3292726,7.8,2772,tvSeries,"Fuzzy (title exact, year +-1)",0
2676,2780,ID: INVADED,2020,18+,7.7/10,54/100,0,1,0,0,1,7.7,tt10954274,7.5,3793,tvMiniSeries,Exact (title + original-language year),-0.2
2677,2781,Undercover Boss,2010,7+,5.8/10,54/100,0,1,0,0,1,5.8,tt1442553,5.8,3999,tvSeries,Exact (title + year),0
2678,2782,Sex&Drugs&Rock&Roll,2015,16+,7.1/10,54/100,0,1,0,0,1,7.1,,,,,Unmatched,
2679,2783,Vanished,2006,18+,7.0/10,54/100,0,1,0,0,1,7,tt0499591,6.9,1770,tvSeries,Exact (title + year),-0.0999999999999996
2680,2784,Skin Wars,2014,16+,7.1/10,54/100,0,1,0,0,1,7.1,tt3231286,7.1,1526,tvSeries,Exact (title + year),0
2681,2785,Hollywood Game Night,2013,7+,7.2/10,54/100,0,1,0,0,1,7.2,tt3037520,7.3,1830,tvSeries,Exact (title + year),0.0999999999999996
2682,2786,A Christmas Carol,2019,18+,7.2/10,54/100,0,1,0,1,1,7.2,tt7686464,7.3,14264,tvMiniSeries,Exact (title + year),0.0999999999999996
2683,2787,Black Narcissus,2020,18+,5.8/10,54/100,0,1,0,0,1,5.8,tt8001136,5.9,3238,tvMiniSeries,Exact (title + year),0.100000000000001
2684,2789,Pramface,2012,16+,7.5/10,54/100,0,1,0,0,1,7.5,tt2239949,7.4,2804,tvSeries,Exact (title + year),-0.0999999999999996
2685,2790,Buzzfeed Unsolved - Supernatural,2016,"",8.7/10,54/100,0,1,1,0,1,8.7,,,,,Unmatched,
2686,2791,The Lowe Files,2017,7+,6.9/10,54/100,0,1,1,0,1,6.9,tt7214622,6.9,492,tvSeries,Exact (title + year),0
2687,2792,When the Weather is Fine,2020,"",7.9/10,54/100,0,1,0,0,1,7.9,tt11535086,7.7,3404,tvSeries,Exact (title + year),-0.2
2688,2793,Kämpfer,2009,18+,6.2/10,54/100,0,1,0,0,1,6.2,tt1516239,6,563,tvSeries,Exact (title + year),-0.2
2689,2794,City So Real,2020,16+,7.5/10,54/100,0,1,0,0,1,7.5,tt11469904,7.6,304,tvMiniSeries,Exact (title + year),0.0999999999999996
2690,2795,American Idol,2002,7+,4.1/10,54/100,0,1,0,0,1,4.1,tt0319931,4.3,22805,tvSeries,Exact (title + year),0.2
2691,2796,Lincoln Heights,2007,7+,7.8/10,54/100,0,1,0,0,1,7.8,tt0775374,7.7,2169,tvSeries,"Fuzzy (title exact, year +-1)",-0.0999999999999996
2692,2797,Some Girls,2012,16+,7.7/10,54/100,0,1,0,0,1,7.7,tt2358629,7.6,2090,tvSeries,Exact (title + year),-0.100000000000001
2693,2798,The Asterisk War,2015,16+,6.9/10,54/100,0,1,0,0,1,6.9,tt5095466,6.8,3052,tvSeries,Exact (title + year),-0.100000000000001
2694,2799,The Housewife and the Hustler,2021,"",6.4/10,54/100,0,1,0,0,1,6.4,tt14807808,6.3,417,movie,Exact (title + year) [non-TV type],-0.100000000000001
2695,2800,Nura: Rise of the Yokai Clan,2010,16+,7.6/10,54/100,0,1,0,0,1,7.6,tt2716982,7.3,957,tvSeries,Exact (title + year),-0.3
2696,2801,Find Me in Paris,2018,all,7.2/10,54/100,0,1,0,0,1,7.2,tt7150060,6.9,1838,tvSeries,Exact (title + year),-0.3
2697,2802,Devils' Line,2018,18+,6.9/10,54/100,0,1,0,0,1,6.9,,,,,Unmatched,
2698,2803,Wander Over Yonder,2013,7+,7.2/10,54/100,0,1,0,1,1,7.2,tt2252938,7.4,5493,tvSeries,Exact (title + year),0.2
2699,2804,The Qwaser of Stigmata,2010,18+,5.6/10,54/100,0,1,0,0,1,5.6,tt3443306,5.4,635,tvSeries,Exact (title + year),-0.199999999999999
2700,2805,Trust Me,2017,"",7.0/10,54/100,0,1,0,0,1,7,tt6708260,7,3395,tvSeries,Exact (title + year),0
2701,2806,Dream Corp LLC,2016,16+,7.2/10,54/100,0,1,0,0,1,7.2,tt5475704,7.3,1266,tvSeries,Exact (title + year),0.0999999999999996
2702,2807,Top Gear,2010,7+,5.4/10,54/100,0,1,1,0,1,5.4,,,,,Unmatched,
2703,2808,Swamp People,2010,7+,6.2/10,54/100,0,1,1,0,1,6.2,tt1747551,6.2,2835,tvSeries,Exact (title + year),0
2704,2809,Still 17,2018,"",7.9/10,54/100,0,1,0,0,1,7.9,tt8648696,7.8,4515,tvSeries,Exact (title + year),-0.100000000000001
2705,2810,Kiri,2018,"",6.7/10,54/100,0,1,0,0,1,6.7,tt7157494,6.7,3330,tvMiniSeries,Exact (title + original-language year),0
2706,2811,Baghdad Central,2020,"",7.3/10,54/100,0,1,0,0,1,7.3,tt7411098,7.3,1978,tvSeries,Exact (title + year),0
2707,2812,Haganai: I Don't Have Many Friends,2011,18+,7.1/10,54/100,0,1,0,0,1,7.1,tt2645500,6.9,3243,tvSeries,Exact (title + year),-0.199999999999999
2708,2813,Coupling,2000,7+,3.6/10,53/100,0,1,0,0,1,3.6,tt0237123,8.5,50428,tvSeries,Exact (title + year),4.9
2709,2814,Witchblade,2006,18+,7.1/10,53/100,0,1,0,0,1,7.1,tt0813971,6.9,1787,tvSeries,Exact (title + year),-0.199999999999999
2710,2815,The Bachelor,2002,16+,3.2/10,53/100,0,1,0,0,1,3.2,tt0313038,3.3,8012,tvSeries,Exact (title + year),0.0999999999999996
2711,2816,Just Between Lovers,2017,"",8.1/10,53/100,0,1,0,0,1,8.1,,,,,Unmatched,
2712,2817,Doc McStuffins,2012,all,6.6/10,53/100,0,1,0,1,1,6.6,tt1710295,6.5,3705,tvSeries,Exact (title + original-language year),-0.0999999999999996
2713,2818,The Sister,2020,"",5.7/10,53/100,0,1,0,0,1,5.7,tt10642480,5.9,3434,tvMiniSeries,Exact (title + year),0.2
2714,2819,To Tell the Truth,2016,7+,6.2/10,53/100,0,1,0,0,1,6.2,tt5817158,6.5,929,tvSeries,Exact (title + year),0.3
2715,2820,Bachelor in Paradise,2014,16+,5.2/10,53/100,0,1,0,0,1,5.2,tt3780132,5.4,2300,tvSeries,Exact (title + year),0.2
2716,2821,Hikaru no Go,2001,all,8.3/10,53/100,0,1,0,0,1,8.3,tt0426711,8.2,1679,tvSeries,Exact (title + year),-0.100000000000001
2717,2822,Everyone Is Doing Great,2021,"",7.7/10,53/100,0,1,0,0,1,7.7,,,,,Unmatched,
2718,2823,Bring It!,2014,7+,6.7/10,53/100,0,1,1,0,1,6.7,tt3704280,6.7,630,tvSeries,Exact (title + year),0
2719,2824,Criminal Justice,2008,"",7.7/10,53/100,0,1,0,0,1,7.7,tt1188927,7.6,2314,tvSeries,Exact (title + year),-0.100000000000001
2720,2825,Street Outlaws,2013,7+,6.7/10,53/100,0,1,0,0,1,6.7,tt3027156,6.5,1195,tvSeries,Exact (title + year),-0.2
2721,2826,Zomboat!,2019,"",7.0/10,53/100,0,1,0,0,1,7,tt10404664,7,2512,tvSeries,Exact (title + year),0
2722,2827,Accel World,2012,16+,7.1/10,53/100,0,1,0,0,1,7.1,tt2339875,6.9,2640,tvSeries,Exact (title + year),-0.199999999999999
2723,2828,Beat Shazam,2017,16+,6.0/10,53/100,0,1,0,0,1,6,tt6917254,6.1,964,tvSeries,Exact (title + year),0.0999999999999996
2724,2829,Eden of the East,2009,18+,7.6/10,53/100,0,1,0,0,1,7.6,tt1415054,7.4,4422,tvMiniSeries,Exact (title + year),-0.199999999999999
2725,2830,Saints & Sinners,2016,16+,7.4/10,53/100,0,1,0,0,1,7.4,tt5336934,7.3,1018,tvSeries,Exact (title + year),-0.100000000000001
2726,2831,America's Most Wanted,1988,7+,7.3/10,53/100,0,1,0,0,1,7.3,tt0094415,7.2,2389,tvSeries,Exact (title + original-language year),-0.0999999999999996
2727,2832,Seed,2013,18+,5.6/10,53/100,0,1,0,0,1,5.6,tt2429840,6.6,1217,tvSeries,Exact (title + year),1
2728,2833,"I Love You, America",2017,18+,5.7/10,53/100,0,1,0,0,1,5.7,tt7509270,6.3,1443,tvSeries,Exact (title + year),0.6
2729,2834,Young Hercules,1998,7+,5.8/10,53/100,0,1,0,0,1,5.8,tt0169516,5.7,2474,tvSeries,Exact (title + year),-0.0999999999999996
2730,2835,The Commish,1991,16+,7.1/10,53/100,0,1,0,0,1,7.1,tt0101069,7.1,2851,tvSeries,Exact (title + year),0
2731,2836,Vanderpump Rules,2013,16+,5.4/10,53/100,0,1,0,0,1,5.4,tt2343157,6.3,5139,tvSeries,Exact (title + year),0.9
2732,2837,Zeke and Luther,2009,7+,6.4/10,53/100,0,1,0,0,1,6.4,tt1189346,6.4,4333,tvSeries,Exact (title + year),0
2733,2838,Oreimo,2010,16+,6.4/10,53/100,0,1,0,0,1,6.4,tt1751305,6.3,2074,tvSeries,Exact (title + year),-0.100000000000001
2734,2839,Treehouse Masters,2013,7+,7.3/10,53/100,0,1,0,0,1,7.3,tt2838492,7.2,1713,tvSeries,Exact (title + year),-0.0999999999999996
2735,2840,The Real Housewives of Atlanta,2008,16+,4.4/10,53/100,0,1,0,0,1,4.4,tt1252370,4.9,4615,tvSeries,Exact (title + year),0.5
2736,2841,Bedlam,2011,16+,6.6/10,53/100,0,1,0,0,1,6.6,tt1822448,6.4,2636,tvSeries,Exact (title + year),-0.199999999999999
2737,2842,Slayers,1995,7+,7.5/10,53/100,0,1,0,0,1,7.5,tt0161981,6.7,996,movie,Exact (title + year) [non-TV type],-0.8
2738,2843,The Gong Show,1976,7+,6.9/10,53/100,0,1,0,0,1,6.9,tt0133303,7,966,tvSeries,Exact (title + year),0.0999999999999996
2739,2844,James May's Man Lab,2010,"",7.8/10,53/100,0,1,1,0,1,7.8,tt1750269,7.8,1088,tvSeries,Exact (title + year),0
2740,2845,Mr. D,2012,"",6.6/10,53/100,0,1,0,0,1,6.6,tt2128016,7.4,3356,tvSeries,Exact (title + year),0.800000000000001
2741,2846,Kick Buttowski: Suburban Daredevil,2010,7+,6.6/10,53/100,0,1,0,1,1,6.6,tt1600757,6.8,8174,tvSeries,Exact (title + year),0.2
2742,2847,The Real Housewives of Potomac,2016,16+,4.8/10,53/100,0,1,0,0,1,4.8,tt5327970,5.7,1741,tvSeries,Exact (title + year),0.9
2743,2848,"Good Morning, Miss Bliss",1988,all,6.8/10,53/100,0,1,0,0,1,6.8,tt0092363,6.8,2422,tvSeries,"Fuzzy (title exact, year +-1)",0
2744,2849,Astra Lost in Space,2019,16+,8.1/10,53/100,0,1,0,0,1,8.1,tt10483250,7.9,2587,tvMiniSeries,Exact (title + year),-0.199999999999999
2745,2850,Nurses,2020,7+,5.7/10,52/100,0,1,0,0,1,5.7,tt9024590,6.2,2920,tvSeries,Exact (title + year),0.5
2746,2851,Dragon Quest: The Adventure of Dai,2020,"",8.2/10,52/100,0,1,0,0,1,8.2,tt11858104,7.9,1565,tvSeries,Exact (title + year),-0.299999999999999
2747,2852,Feed the Beast,2016,16+,6.7/10,52/100,0,1,0,0,1,6.7,tt5363766,6.7,3577,tvMiniSeries,Exact (title + year),0
2748,2853,A Wilderness of Error,2020,18+,6.5/10,52/100,0,1,0,0,1,6.5,tt4504936,6.5,1162,tvMiniSeries,Exact (title + year),0
2749,2855,Devil May Care,2021,18+,6.0/10,52/100,0,1,0,0,1,6,tt11868868,6.2,466,tvSeries,Exact (title + year),0.2
2750,2856,Handy Manny,2006,all,5.6/10,52/100,0,1,0,1,1,5.6,tt0451460,5.6,3374,tvSeries,Exact (title + year),0
2751,2857,Deca-Dence,2020,16+,7.0/10,52/100,0,1,0,0,1,7,tt12443322,6.9,1929,tvMiniSeries,Exact (title + year),-0.0999999999999996
2752,2859,Love Island Australia,2018,18+,5.5/10,52/100,0,1,0,0,1,5.5,tt8467296,5.7,1058,tvSeries,Exact (title + year),0.2
2753,2860,The Circus,2016,16+,7.0/10,52/100,0,1,0,0,1,7,,,,,Unmatched,
2754,2861,WWE NXT,2010,7+,7.8/10,52/100,0,1,0,0,1,7.8,tt1601141,7.5,2626,tvSeries,Exact (title + year),-0.3
2755,2865,Ruyi's Royal Love in the Palace,2018,"",7.6/10,52/100,0,1,1,0,1,7.6,tt7817930,7.8,1260,tvSeries,Exact (title + year),0.2
2756,2866,Trafficked with Mariana van Zeller,2020,16+,8.4/10,52/100,0,1,0,0,1,8.4,tt10370750,8.5,1833,tvSeries,Exact (title + year),0.0999999999999996
2757,2867,Hillary,2020,7+,6.5/10,52/100,0,1,0,0,1,6.5,tt11558924,7,2730,tvMiniSeries,Exact (title + year),0.5
2758,2868,La Patrona,2013,16+,7.2/10,52/100,0,1,0,0,1,7.2,tt2585808,7.5,612,tvSeries,Exact (title + year),0.3
2759,2869,Maison close,2010,18+,6.6/10,52/100,0,1,0,0,1,6.6,tt1521186,6.5,645,tvSeries,Exact (title + year),-0.0999999999999996
2760,2870,Shahs of Sunset,2012,16+,4.7/10,52/100,0,1,0,0,1,4.7,tt1997999,5,1819,tvSeries,Exact (title + year),0.3
2761,2872,Tanked,2011,7+,6.6/10,52/100,0,1,0,0,1,6.6,tt1849622,6.5,2168,tvSeries,Exact (title + year),-0.0999999999999996
2762,2873,Little Women: LA,2014,16+,5.6/10,52/100,0,1,1,0,1,5.6,tt3761278,5.7,814,tvSeries,Exact (title + year),0.100000000000001
2763,2874,Quick Draw,2013,16+,7.7/10,52/100,0,1,0,0,1,7.7,tt2883562,7.6,1695,tvSeries,Exact (title + year),-0.100000000000001
2764,2875,Food Network Star,2005,7+,6.2/10,52/100,0,1,0,0,1,6.2,,,,,Unmatched,
2765,2876,Three Sheets,2006,18+,8.2/10,52/100,0,1,0,0,1,8.2,tt0818464,8.8,654,tvSeries,Exact (title + year),0.600000000000001
2766,2877,F*ck That's Delicious,2016,18+,8.0/10,52/100,0,1,0,0,1,8,,,,,Unmatched,
2767,2878,Blood-C,2011,18+,6.3/10,52/100,0,1,0,0,1,6.3,tt1890725,6.2,2681,tvSeries,Exact (title + year),-0.0999999999999996
2768,2879,Unusual Suspects,2010,16+,7.6/10,52/100,0,1,0,0,1,7.6,tt1546360,7.5,1058,tvSeries,Exact (title + year),-0.0999999999999996
2769,2881,Food Paradise,2007,all,8.1/10,51/100,0,1,0,0,1,8.1,tt1200227,7.7,148,tvSeries,Exact (title + year),-0.399999999999999
2770,2882,Black Jesus,2014,18+,6.9/10,51/100,0,1,0,0,1,6.9,tt3589872,7.1,4057,tvSeries,Exact (title + year),0.199999999999999
2771,2883,The Dick Cavett Show,1968,"",8.4/10,51/100,0,1,0,0,1,8.4,tt0063894,8.3,1008,tvSeries,Exact (title + year),-0.0999999999999996
2772,2884,ItaKiss,2008,16+,7.4/10,51/100,0,1,0,0,1,7.4,,,,,Unmatched,
2773,2885,Monsterland,2020,"",5.5/10,51/100,0,1,0,0,1,5.5,tt10404698,5.7,3643,tvSeries,Exact (title + year),0.2
2774,2886,The Aliens,2016,7+,6.1/10,51/100,0,1,0,0,1,6.1,tt5458832,6.2,1956,tvMiniSeries,Exact (title + year),0.100000000000001
2775,2887,Webster,1983,all,5.7/10,51/100,0,1,0,0,1,5.7,tt0085109,5.8,3681,tvSeries,Exact (title + year),0.0999999999999996
2776,2888,Getting On,2009,16+,8.1/10,51/100,0,1,0,0,1,8.1,tt1468773,8.1,1715,tvSeries,Exact (title + year),0
2777,2889,Kono Oto Tomare!: Sounds of Life,2019,7+,8.0/10,51/100,0,1,0,0,1,8,,,,,Unmatched,
2778,2890,Dante's Cove,2005,18+,5.9/10,51/100,0,1,0,0,1,5.9,tt0414731,5.8,2487,tvSeries,"Fuzzy (title exact, year +-1)",-0.100000000000001
2779,2891,Freakish,2016,16+,6.3/10,51/100,0,1,0,0,1,6.3,tt5875646,6.2,3395,tvSeries,Exact (title + year),-0.0999999999999996
2780,2892,Chuggington,2008,all,5.9/10,51/100,0,1,0,0,1,5.9,tt1307510,5.9,1183,tvSeries,Exact (title + year),0
2781,2893,The Hills,2006,7+,3.6/10,51/100,0,1,1,0,1,3.6,tt0489598,3.9,11759,tvSeries,Exact (title + year),0.3
2782,2894,The Awesomes,2013,16+,7.3/10,51/100,0,1,0,0,1,7.3,tt2818496,7.2,1752,tvSeries,Exact (title + year),-0.0999999999999996
2783,2895,Plunderer,2020,16+,6.4/10,51/100,0,1,0,0,1,6.4,tt11418324,6.5,2344,tvSeries,Exact (title + year),0.0999999999999996
2784,2896,Yu-Gi-Oh! 5D's,2008,13+,6.8/10,51/100,0,1,1,0,1,6.8,tt1196094,7.1,2437,tvSeries,Exact (title + year),0.3
2785,2897,Too Cute,2011,7+,8.5/10,51/100,0,1,0,0,1,8.5,,,,,Unmatched,
2786,2898,Hollyoaks,1995,16+,4.7/10,51/100,0,1,0,0,1,4.7,tt0112004,4.6,4804,tvSeries,Exact (title + year),-0.100000000000001
2787,2899,Absolute Duo,2015,18+,6.4/10,51/100,0,1,0,0,1,6.4,tt4216878,6.2,2042,tvSeries,Exact (title + year),-0.2
2788,2900,Total Divas,2013,16+,6.5/10,51/100,0,1,0,0,1,6.5,tt3056472,6.5,1928,tvSeries,Exact (title + year),0
2789,2901,What Would You Do?,2008,7+,7.2/10,51/100,0,1,0,0,1,7.2,tt1361787,7.1,1262,tvSeries,"Fuzzy (title exact, year +-1)",-0.100000000000001
2790,2902,Born This Way,2015,7+,8.5/10,51/100,0,1,0,0,1,8.5,tt5219042,8.6,621,tvSeries,Exact (title + year),0.0999999999999996
2791,2903,The Menendez Murders: Erik Tells All,2017,"",7.5/10,51/100,0,1,0,0,1,7.5,tt7753090,7.4,469,tvSeries,Exact (title + year),-0.0999999999999996
2792,2904,Late Night with Seth Meyers,2014,16+,6.1/10,51/100,0,1,0,0,1,6.1,tt3513388,6.4,8733,tvSeries,Exact (title + year),0.300000000000001
2793,2905,Is This a Zombie?,2011,18+,7.1/10,51/100,0,1,0,0,1,7.1,tt1780262,6.8,2235,tvSeries,Exact (title + year),-0.3
2794,2906,Flavor of Love,2006,16+,4.5/10,51/100,0,1,0,0,1,4.5,tt0488262,4.9,2530,tvSeries,Exact (title + year),0.4
2795,2907,Momma Named Me Sheriff,2019,18+,6.1/10,51/100,0,1,0,0,1,6.1,tt11305746,6.1,1148,tvSeries,Exact (title + year),0
2796,2908,Hunderby,2012,16+,7.5/10,51/100,0,1,0,0,1,7.5,tt2375858,7.3,1395,tvSeries,Exact (title + year),-0.2
2797,2909,World of Dance,2017,7+,7.2/10,51/100,0,1,0,0,1,7.2,tt5895884,7.3,1445,tvSeries,Exact (title + year),0.0999999999999996
2798,2910,Gap Year,2017,"",7.0/10,51/100,0,1,0,0,1,7,tt5793948,7,804,tvSeries,Exact (title + year),0
2799,2911,The Driver,2014,16+,7.0/10,51/100,0,1,0,0,1,7,tt3956604,6.9,2163,tvMiniSeries,Exact (title + year),-0.0999999999999996
2800,2912,In My Skin,2020,16+,7.6/10,51/100,0,1,0,0,1,7.6,tt13351512,7.1,17,movie,Exact (title + year) [non-TV type],-0.5
2801,2913,Rin-ne,2015,16+,6.6/10,51/100,0,1,0,0,1,6.6,tt4584754,6.7,190,tvSeries,Exact (title + year),0.100000000000001
2802,2914,Cults and Extreme Belief,2018,16+,7.6/10,51/100,0,1,0,0,1,7.6,tt8457940,7.4,533,tvMiniSeries,Exact (title + year),-0.199999999999999
2803,2915,Napoleon Dynamite,2012,7+,6.4/10,51/100,0,1,0,0,1,6.4,tt1743880,6.5,3403,tvSeries,Exact (title + year),0.0999999999999996
2804,2916,Man Up!,2011,7+,6.6/10,51/100,0,1,0,0,1,6.6,tt1828238,6.6,2719,tvSeries,Exact (title + year),0
2805,2917,Butterfly,2018,"",6.4/10,51/100,0,1,0,0,1,6.4,tt7703440,6.4,2056,tvMiniSeries,Exact (title + year),0
2806,2918,Worth It,2016,"",8.6/10,51/100,0,1,1,0,1,8.6,tt8223626,8.4,388,tvSeries,Exact (title + year),-0.199999999999999
2807,2919,Blood Lad,2013,16+,7.1/10,51/100,0,1,0,0,1,7.1,tt2760784,6.9,2769,tvMiniSeries,Exact (title + year),-0.199999999999999
2808,2920,The F Word,2005,18+,6.9/10,50/100,0,1,0,0,1,6.9,tt0490035,6.9,1757,tvSeries,Exact (title + year),0
2809,2921,Siblings,2014,"",7.1/10,50/100,0,1,0,0,1,7.1,tt3449528,7,1644,tvSeries,Exact (title + year),-0.0999999999999996
2810,2922,Law & Order True Crime,2017,16+,7.4/10,50/100,0,1,0,0,1,7.4,tt6110318,7.4,3084,tvMiniSeries,Exact (title + year),0
2811,2923,"The $100,000 Pyramid",2016,16+,6.2/10,50/100,0,1,0,0,1,6.2,tt5330088,6.3,716,tvSeries,Exact (title + year),0.0999999999999996
2812,2924,Stars Align,2019,16+,7.2/10,50/100,0,1,0,0,1,7.2,tt11008522,7.4,854,tvSeries,Exact (title + year),0.2
2813,2925,Blast of Tempest,2012,16+,7.6/10,50/100,0,1,0,0,1,7.6,tt2294048,7.4,1845,tvSeries,Exact (title + year),-0.199999999999999
2814,2926,Ask This Old House,2002,all,7.8/10,50/100,0,1,0,0,1,7.8,tt0369081,8,468,tvSeries,Exact (title + year),0.2
2815,2927,East Los High,2013,16+,7.1/10,50/100,0,1,0,0,1,7.1,tt2312036,7,922,tvSeries,Exact (title + year),-0.0999999999999996
2816,2928,Sister Wives,2010,16+,4.4/10,50/100,0,1,0,0,1,4.4,tt1721666,4.6,3332,tvSeries,Exact (title + year),0.199999999999999
2817,2929,Place to Place,2012,7+,6.7/10,50/100,0,1,0,0,1,6.7,,,,,Unmatched,
2818,2932,The New Detectives,1996,7+,7.8/10,50/100,0,1,0,0,1,7.8,,,,,Unmatched,
2819,2933,Who The (Bleep) Did I Marry?,2010,7+,6.7/10,50/100,0,1,0,0,1,6.7,,,,,Unmatched,
2820,2934,Crossing Swords,2020,18+,6.6/10,50/100,0,1,0,0,1,6.6,tt8777690,6.8,2004,tvSeries,Exact (title + year),0.2
2821,2935,Baka and Test: Summon the Beasts,2010,7+,7.3/10,50/100,0,1,0,0,1,7.3,tt1655610,7.1,1667,tvSeries,Exact (title + year),-0.2
2822,2936,Marido en Alquiler,2013,"",8.3/10,50/100,0,1,0,0,1,8.3,tt2877678,7,138,tvSeries,Exact (title + year),-1.3
2823,2937,Boy Band,2017,"",5.6/10,50/100,0,1,0,0,1,5.6,tt6977146,5.7,147,tvSeries,Exact (title + year),0.100000000000001
2824,2938,Threesome,2011,18+,7.6/10,50/100,0,1,0,0,1,7.6,,,,,Unmatched,
2825,2939,Maken-Ki! Battling Venus,2011,18+,6.1/10,50/100,0,1,0,0,1,6.1,tt3692198,5.9,874,tvSeries,Exact (title + year),-0.199999999999999
2826,2940,Sherman's Showcase,2019,18+,6.4/10,50/100,0,1,0,0,1,6.4,tt7422812,7.1,533,tvSeries,Exact (title + year),0.699999999999999
2827,2941,Yashahime: Princess Half-Demon,2020,16+,7.2/10,50/100,0,1,0,0,1,7.2,tt12287748,7,1474,tvSeries,Exact (title + year),-0.2
2828,2942,Outbreak Company,2013,16+,6.8/10,50/100,0,1,0,0,1,6.8,tt3196310,6.6,904,tvSeries,Exact (title + year),-0.2
2829,2943,Marriage Boot Camp: Reality Stars,2014,16+,4.7/10,50/100,0,1,0,0,1,4.7,tt3683038,5.1,359,tvSeries,Exact (title + year),0.399999999999999
2830,2944,Dagashi Kashi,2016,16+,6.2/10,50/100,0,1,0,0,1,6.2,tt5346952,6.1,1089,tvSeries,Exact (title + year),-0.100000000000001
2831,2945,Fashion House,2006,18+,6.4/10,50/100,0,1,0,0,1,6.4,tt0787407,6.3,668,tvSeries,Exact (title + year),-0.100000000000001
2832,2946,Southern Gothic,2020,"",7.0/10,50/100,0,1,0,0,1,7,tt11237568,6.8,193,tvSeries,Exact (title + year),-0.2
2833,2947,I Am Frankie,2017,all,6.2/10,50/100,0,1,0,0,1,6.2,tt5620962,6.1,1158,tvSeries,Exact (title + year),-0.100000000000001
2834,2949,Our Cartoon President,2018,16+,5.1/10,50/100,0,1,0,0,1,5.1,tt7689460,5.5,3989,tvSeries,Exact (title + year),0.4
2835,2950,Marrying Millions,2019,"",5.0/10,49/100,0,1,0,0,1,5,tt9854774,5.4,230,tvSeries,Exact (title + year),0.4
2836,2951,Our Last Crusade or the Rise of a New World,2020,16+,6.4/10,49/100,0,1,0,0,1,6.4,tt12331304,6.5,1656,tvSeries,Exact (title + year),0.0999999999999996
2837,2952,The Furchester Hotel,2014,all,7.2/10,49/100,0,1,0,0,1,7.2,tt3562366,7.4,188,tvSeries,Exact (title + year),0.2
2838,2953,Little Mosque on the Prairie,2007,7+,5.7/10,49/100,0,1,0,0,1,5.7,tt0923293,6.6,2783,tvSeries,Exact (title + year),0.9
2839,2954,The Wallflower,2006,16+,7.4/10,49/100,0,1,0,0,1,7.4,tt0892861,7.3,1338,tvSeries,Exact (title + year),-0.100000000000001
2840,2955,The Real Housewives of Orange County,2006,16+,4.1/10,49/100,0,1,0,0,1,4.1,tt0497079,4.5,4632,tvSeries,Exact (title + year),0.4
2841,2956,Married to Medicine,2013,16+,5.2/10,49/100,0,1,0,0,1,5.2,tt2543378,6.1,638,tvSeries,Exact (title + year),0.9
2842,2958,The Real Housewives of New Jersey,2009,16+,4.0/10,49/100,0,1,0,0,1,4,tt1411598,4.6,4423,tvSeries,Exact (title + year),0.6
2843,2959,Cold Squad,1998,16+,7.0/10,49/100,0,1,0,0,1,7,tt0138959,6.9,738,tvSeries,Exact (title + year),-0.0999999999999996
2844,2960,The Murder of Laci Peterson,2017,16+,7.4/10,49/100,0,1,1,0,1,7.4,tt7293016,7.3,1610,tvSeries,Exact (title + year),-0.100000000000001
2845,2961,Uta no Prince-sama,2011,16+,6.7/10,49/100,0,1,0,0,1,6.7,,,,,Unmatched,
2846,2962,Alone: The Beast,2020,7+,5.8/10,49/100,0,1,0,0,1,5.8,tt11654094,5.5,298,tvSeries,Exact (title + year),-0.3
2847,2964,Stacked,2005,7+,6.0/10,49/100,0,1,0,0,1,6,tt0448303,6,2178,tvSeries,Exact (title + year),0
2848,2965,Caillou,1998,all,4.0/10,49/100,0,1,1,0,1,4,tt0262153,3.9,4645,tvSeries,"Fuzzy (title exact, year +-1)",-0.1
2849,2966,Snake City,2014,16+,8.6/10,49/100,0,1,0,0,1,8.6,tt7349460,8.3,365,tvSeries,Exact (title + year),-0.299999999999999
2850,2968,StarTalk with Neil deGrasse Tyson,2015,all,7.8/10,49/100,0,1,1,0,1,7.8,,,,,Unmatched,
2851,2969,Wasted,2016,18+,7.4/10,49/100,0,1,0,0,1,7.4,tt5906924,7.3,1294,tvSeries,Exact (title + year),-0.100000000000001
2852,2970,Astro Boy,1980,all,7.3/10,49/100,0,1,1,0,1,7.3,tt0124228,7.3,1160,tvSeries,Exact (title + year),0
2853,2971,Total Wipeout,2009,"",6.0/10,49/100,0,1,1,0,1,6,tt1294955,6,1657,tvSeries,Exact (title + year),0
2854,2972,Hetalia,2009,18+,7.4/10,49/100,0,1,0,0,1,7.4,,,,,Unmatched,
2855,2973,Air Gear,2006,18+,7.2/10,49/100,0,1,0,0,1,7.2,tt0953916,7.1,1625,tvSeries,Exact (title + year),-0.100000000000001
2856,2974,Press Your Luck,2019,7+,6.1/10,49/100,0,1,0,0,1,6.1,tt10038600,6.5,660,tvSeries,Exact (title + year),0.4
2857,2975,BLUE DRAGON,2007,"",6.4/10,49/100,0,1,0,0,1,6.4,tt1238937,6.4,540,tvSeries,Exact (title + year),0
2858,2976,恋と選挙とチョコレート,2012,18+,6.6/10,49/100,0,1,0,0,1,6.6,,,,,Unmatched,
2859,2977,Black Blood Brothers,2006,16+,7.1/10,49/100,0,1,0,0,1,7.1,tt0878230,6.8,1368,tvSeries,Exact (title + year),-0.3
2860,2978,Below the Surface,2017,"",7.2/10,49/100,0,1,0,0,1,7.2,tt5174234,4.5,319,movie,"Fuzzy (title exact, year +-1) [non-TV type]",-2.7
2861,2980,Arliss,1996,"",7.0/10,49/100,0,1,0,0,1,7,,,,,Unmatched,
2862,2981,The Gumby Show,1955,all,7.0/10,48/100,0,1,1,0,1,7,tt0050022,7,1716,tvSeries,"Fuzzy (title exact, year +-1)",0
2863,2982,Are You Smarter Than a 5th Grader?,2007,7+,4.9/10,48/100,0,1,0,0,1,4.9,,,,,Unmatched,
2864,2983,Maxxx,2020,"",6.4/10,48/100,0,1,0,0,1,6.4,tt12674230,6,512,tvSeries,Exact (title + year),-0.4
2865,2984,Jeopardy! The Greatest of All Time,2020,7+,8.7/10,48/100,0,1,0,0,1,8.7,tt11311634,8.7,184,tvMiniSeries,Exact (title + year),0
2866,2985,The Strange Calls,2012,18+,7.4/10,48/100,0,1,0,0,1,7.4,tt2268019,7.3,876,tvMiniSeries,Exact (title + year),-0.100000000000001
2867,2986,Victoria's Secret Fashion Show,1999,18+,8.1/10,48/100,0,1,0,0,1,8.1,,,,,Unmatched,
2868,2987,Flavor of Love Girls: Charm School,2007,"",5.9/10,48/100,0,1,0,0,1,5.9,,,,,Unmatched,
2869,2988,Card Sharks,2019,7+,5.2/10,48/100,0,1,0,0,1,5.2,tt10023306,5.9,176,tvSeries,Exact (title + year),0.7
2870,2989,America: Our Defining Hours,2020,"","",48/100,0,1,0,0,1,,tt13227634,7.2,119,tvMiniSeries,Exact (title + year),
2871,2990,The Killer Speaks,2013,16+,7.4/10,48/100,0,1,0,0,1,7.4,tt2860762,7.3,374,tvSeries,"Fuzzy (title exact, year +-1)",-0.100000000000001
2872,2992,Nutri Ventures – The Quest for the 7 Kingdoms,2013,all,7.8/10,48/100,0,1,0,0,1,7.8,,,,,Unmatched,
2873,2993,Call Your Mother,2021,7+,5.2/10,48/100,0,1,0,0,1,5.2,tt11058114,5.2,1501,tvSeries,Exact (title + year),0
2874,2994,Lincoln: Divided We Stand,2021,"",7.6/10,48/100,0,1,0,0,1,7.6,tt13924274,7.7,398,tvMiniSeries,Exact (title + year),0.100000000000001
2875,2995,Toopy and Binoo,2005,all,6.9/10,48/100,0,1,0,0,1,6.9,tt0459161,7.3,296,tvSeries,Exact (title + year),0.399999999999999
2876,2996,Miz & Mrs,2018,16+,6.4/10,48/100,0,1,0,0,1,6.4,,,,,Unmatched,
2877,2997,The Loop,2006,16+,7.4/10,48/100,0,1,0,0,1,7.4,tt0460655,7.3,2081,tvSeries,Exact (title + year),-0.100000000000001
2878,2998,Weakest Link,2001,7+,5.4/10,48/100,0,1,0,0,1,5.4,tt0281521,5.5,1550,tvSeries,Exact (title + year),0.0999999999999996
2879,2999,Property Brothers: Buying and Selling,2012,all,7.1/10,48/100,0,1,0,0,1,7.1,,,,,Unmatched,
2880,3000,Breaking Amish,2012,16+,5.0/10,48/100,0,1,0,0,1,5,tt2386354,5.1,1250,tvSeries,Exact (title + year),0.0999999999999996
2881,3002,Cleopatra in Space,2020,all,6.8/10,48/100,0,1,0,0,1,6.8,tt11343400,7,349,tvSeries,"Fuzzy (title exact, year +-1)",0.2
2882,3003,Mental Samurai,2019,7+,6.0/10,48/100,0,1,0,0,1,6,,,,,Unmatched,
2883,3004,The Adventures of Paddington Bear,1997,all,7.1/10,48/100,0,1,0,0,1,7.1,tt0314975,7.1,574,tvSeries,Exact (title + year),0
2884,3005,A Very Brady Renovation,2019,"",8.1/10,48/100,0,1,0,0,1,8.1,tt9278110,8.3,360,tvSeries,Exact (title + year),0.200000000000001
2885,3006,Saved by the Bell: The College Years,1993,7+,6.3/10,48/100,0,1,0,0,1,6.3,tt0106122,6.3,5808,tvSeries,Exact (title + year),0
2886,3007,"Demon Lord, Retry!",2019,16+,6.8/10,48/100,0,1,0,0,1,6.8,,,,,Unmatched,
2887,3008,Don't,2020,16+,5.8/10,48/100,0,1,0,0,1,5.8,tt10150154,5.9,326,tvSeries,Exact (title + year),0.100000000000001
2888,3009,Uncle Grandpa,2013,7+,4.3/10,48/100,0,1,0,0,1,4.3,,,,,Unmatched,
2889,3010,Behind Bars: Rookie Year,2015,16+,7.8/10,48/100,0,1,0,0,1,7.8,tt4873020,7.7,259,tvSeries,Exact (title + year),-0.0999999999999996
2890,3011,Black Cat,2005,7+,7.1/10,48/100,0,1,0,0,1,7.1,tt1085074,6.9,1474,tvSeries,Exact (title + year),-0.199999999999999
2891,3012,Metástasis,2014,16+,2.3/10,48/100,0,1,0,0,1,2.3,tt3190448,2.5,5405,tvSeries,Exact (title + year),0.2
2892,3014,Lucas Bros Moving Co,2013,18+,7.0/10,48/100,0,1,0,0,1,7,tt3042900,7.1,1128,tvSeries,Exact (title + year),0.0999999999999996
2893,3015,Total Bellas,2016,16+,5.8/10,48/100,0,1,0,0,1,5.8,tt5646172,6.1,678,tvSeries,Exact (title + year),0.3
2894,3016,Aria the Scarlet Ammo,2011,16+,6.7/10,48/100,0,1,0,0,1,6.7,,,,,Unmatched,
2895,3017,Chopped Junior,2015,"",6.4/10,48/100,0,1,0,0,1,6.4,tt5226884,6.3,274,tvSeries,Exact (title + year),-0.100000000000001
2896,3018,Heartstrings,2011,16+,7.2/10,47/100,0,1,0,0,1,7.2,tt2623064,7.1,2423,tvSeries,Exact (title + year),-0.100000000000001
2897,3019,Dancing with the Stars,2005,7+,4.5/10,47/100,0,1,0,0,1,4.5,,,,,Unmatched,
2898,3020,The Other Guy,2017,18+,6.9/10,47/100,0,1,0,0,1,6.9,tt6934964,6.8,677,tvSeries,Exact (title + year),-0.100000000000001
2899,3022,The Kennedys,2015,7+,7.3/10,47/100,0,1,0,0,1,7.3,tt5079178,7.2,790,tvSeries,Exact (title + year),-0.0999999999999996
2900,3023,Holiday Baking Championship,2014,all,7.4/10,47/100,0,1,0,0,1,7.4,tt4226226,7.6,676,tvSeries,Exact (title + year),0.199999999999999
2901,3024,Capital One College Bowl,2021,"",5.4/10,47/100,0,1,0,0,1,5.4,tt13668188,6.5,111,tvSeries,Exact (title + year),1.1
2902,3025,Love & Hip Hop Hollywood,2014,16+,5.1/10,47/100,0,1,0,0,1,5.1,,,,,Unmatched,
2903,3026,Corpse Princess,2008,7+,6.9/10,47/100,0,1,0,0,1,6.9,,,,,Unmatched,
2904,3027,The Wall,2016,7+,5.9/10,47/100,0,1,1,0,1,5.9,tt6304194,5.8,778,tvSeries,Exact (title + year),-0.100000000000001
2905,3028,Divorce Court,1999,16+,4.2/10,47/100,0,1,0,0,1,4.2,tt0282291,4.5,408,tvSeries,Exact (title + year),0.3
2906,3029,Unikitty!,2017,7+,5.6/10,47/100,0,1,0,0,1,5.6,tt6874502,5.7,1946,tvSeries,Exact (title + year),0.100000000000001
2907,3030,Sheriff Callie's Wild West,2013,all,6.5/10,47/100,0,1,0,1,1,6.5,tt2769458,6.2,937,tvSeries,Exact (title + year),-0.3
2908,3031,Miles from Tomorrowland,2015,all,6.6/10,47/100,0,1,0,1,1,6.6,tt3098856,6.4,749,tvSeries,Exact (title + year),-0.199999999999999
2909,3032,Caribbean Life,2014,all,6.9/10,47/100,0,1,0,0,1,6.9,tt3667052,6.7,179,tvSeries,Exact (title + year),-0.2
2910,3033,Psychic Detective Yakumo,2010,16+,6.7/10,47/100,0,1,0,0,1,6.7,tt1715081,6.6,418,tvSeries,Exact (title + year),-0.100000000000001
2911,3034,Monster Rancher,1999,7+,7.1/10,47/100,0,1,1,0,1,7.1,tt0218775,6.9,1714,tvSeries,Exact (title + year),-0.199999999999999
2912,3035,Big Windup!,2007,7+,7.7/10,47/100,0,1,0,0,1,7.7,tt1409383,7.6,354,tvSeries,Exact (title + year),-0.100000000000001
2913,3036,Duenos Del Paraiso,2015,16+,6.9/10,47/100,0,1,0,0,1,6.9,,,,,Unmatched,
2914,3037,To Catch a Smuggler,2012,7+,7.0/10,47/100,0,1,0,0,1,7,tt2562174,6.9,271,tvSeries,Exact (title + year),-0.0999999999999996
2915,3038,Fugget About It,2012,18+,6.0/10,47/100,0,1,0,0,1,6,tt1799834,6.9,1913,tvSeries,Exact (title + year),0.9
2916,3039,Yu-Gi-Oh! Arc-V,2014,7+,6.3/10,47/100,0,1,1,0,1,6.3,tt3696476,6.1,1005,tvSeries,Exact (title + year),-0.2
2917,3040,Bong Appétit,2016,16+,8.0/10,47/100,0,1,0,0,1,8,tt6834076,8.1,367,tvSeries,Exact (title + year),0.0999999999999996
2918,3041,Nosotros los Guapos,2016,13+,5.9/10,47/100,0,1,0,0,1,5.9,tt7112114,7.3,277,tvSeries,Exact (title + year),1.4
2919,3042,Max Steel,2000,7+,6.3/10,47/100,0,1,0,0,1,6.3,tt0236908,6.2,712,tvSeries,Exact (title + year),-0.0999999999999996
2920,3043,"Golan, The Insatiable",2013,16+,6.9/10,47/100,0,1,0,0,1,6.9,,,,,Unmatched,
2921,3044,Dead Boss,2012,"",6.5/10,46/100,0,1,0,0,1,6.5,tt2201416,6.4,681,tvMiniSeries,Exact (title + year),-0.0999999999999996
2922,3045,Pinky Dinky Doo,2006,all,6.4/10,46/100,0,1,0,0,1,6.4,tt0804425,6.4,394,tvSeries,"Fuzzy (title exact, year +-1)",0
2923,3046,No Guns Life,2019,16+,6.8/10,46/100,0,1,0,0,1,6.8,tt10981954,6.6,950,tvSeries,Exact (title + year),-0.2
2924,3047,The Munsters Today,1988,"",5.2/10,46/100,0,1,0,0,1,5.2,tt0094518,5.2,749,tvSeries,Exact (title + year),0
2925,3048,The First 48 Presents: Homicide Squad Atlanta,2019,16+,8.3/10,46/100,0,1,1,0,1,8.3,tt9303692,8.1,372,tvSeries,Exact (title + year),-0.200000000000001
2926,3049,Hello Kitty's Furry Tale Theater,1987,all,6.4/10,46/100,0,1,0,0,1,6.4,tt0092368,6.8,268,tvSeries,Exact (title + year),0.399999999999999
2927,3050,Ladhood,2019,"",7.2/10,46/100,0,1,0,0,1,7.2,tt11333564,7.3,1299,tvSeries,Exact (title + year),0.0999999999999996
2928,3051,Space Brothers,2012,16+,8.1/10,46/100,0,1,0,0,1,8.1,tt2267446,8.2,703,tvSeries,Exact (title + year),0.0999999999999996
2929,3052,Little Women: Atlanta,2016,16+,5.2/10,46/100,0,1,1,0,1,5.2,tt5690880,5.7,420,tvSeries,Exact (title + year),0.5
2930,3053,Arte,2020,16+,7.0/10,46/100,0,1,0,0,1,7,tt11754514,6.9,666,tvMiniSeries,Exact (title + year),-0.0999999999999996
2931,3054,"Ready, Steady, Wiggle!",2013,all,7.8/10,46/100,0,1,0,0,1,7.8,tt7005920,7.6,233,tvSeries,Exact (title + year),-0.2
2932,3055,The Hotwives of Orlando,2014,16+,7.5/10,46/100,0,1,0,0,1,7.5,tt3453512,7.5,1065,tvSeries,Exact (title + year),0
2933,3056,"Ruff-Ruff, Tweet and Dave",2015,all,7.6/10,46/100,0,1,0,0,1,7.6,,,,,Unmatched,
2934,3057,Yu-Gi-Oh! Zexal,2011,7+,5.0/10,46/100,0,1,1,0,1,5,tt2363624,5.6,1446,tvSeries,Exact (title + year),0.6
2935,3058,Breadwinners,2005,7+,2.5/10,46/100,0,1,0,0,1,2.5,,,,,Unmatched,
2936,3059,Soul Eater Not!,2014,16+,5.7/10,46/100,0,1,0,0,1,5.7,tt3453204,5.6,702,tvMiniSeries,Exact (title + year),-0.100000000000001
2937,3060,The Only Way Is Essex,2010,16+,3.1/10,46/100,0,1,0,0,1,3.1,tt1737565,3.2,2406,tvSeries,Exact (title + year),0.1
2938,3061,Living With Fran,2005,"",5.9/10,46/100,0,1,0,0,1,5.9,tt0402471,5.8,1535,tvSeries,Exact (title + year),-0.100000000000001
2939,3062,Mythbusters Jr.,2019,7+,6.9/10,46/100,0,1,0,0,1,6.9,tt8265286,7.1,390,tvSeries,Exact (title + year),0.199999999999999
2940,3063,Cake,2019,18+,6.2/10,46/100,0,1,0,0,1,6.2,tt10768172,6.6,773,tvSeries,Exact (title + year),0.399999999999999
2941,3064,Major Lazer,2015,18+,7.6/10,46/100,0,1,0,0,1,7.6,tt4612950,7.6,949,tvSeries,"Fuzzy (title exact, year +-1)",0
2942,3065,NASA's Unexplained Files,2012,all,6.6/10,46/100,0,1,0,0,1,6.6,tt3952194,6.5,685,tvSeries,Exact (title + year),-0.0999999999999996
2943,3068,Brothers Conflict,2013,16+,6.1/10,46/100,0,1,0,0,1,6.1,tt2904656,5.8,1036,tvMiniSeries,Exact (title + year),-0.3
2944,3069,Astroblast!,2014,all,6.6/10,46/100,0,1,0,0,1,6.6,tt3863590,7.1,109,tvSeries,Exact (title + year),0.5
2945,3070,Rosa Diamante,2012,"",8.3/10,46/100,0,1,0,0,1,8.3,tt2270670,7.7,134,tvSeries,Exact (title + year),-0.600000000000001
2946,3071,Urara Meirocho,2017,16+,7.4/10,46/100,0,1,0,0,1,7.4,,,,,Unmatched,
2947,3072,Hakumei and Mikochi,2018,16+,7.4/10,46/100,0,1,0,0,1,7.4,tt7806844,7.2,255,tvMiniSeries,Exact (title + year),-0.2
2948,3073,Crimes of the Century,2013,"",7.1/10,46/100,0,1,0,0,1,7.1,tt3042566,7,323,tvMiniSeries,Exact (title + year),-0.0999999999999996
2949,3074,Undefeated Bahamut Chronicle,2016,"",6.5/10,45/100,0,1,0,0,1,6.5,tt5334364,6.3,1248,tvMiniSeries,Exact (title + year),-0.2
2950,3075,The New Adventures of Figaro Pho,2015,all,7.3/10,45/100,0,1,0,0,1,7.3,tt5016516,8,66,tvSeries,Exact (title + year),0.7
2951,3076,When Nature Calls with Helen Mirren,2021,7+,3.4/10,45/100,0,1,0,0,1,3.4,,,,,Unmatched,
2952,3077,Kono Yuusha ga Ore Tueee Kuse ni Shinchou Sugiru,2019,16+,7.4/10,45/100,0,1,0,0,1,7.4,,,,,Unmatched,
2953,3078,Tiny House Hunters,2014,all,6.2/10,45/100,0,1,0,0,1,6.2,tt4799404,6.4,275,tvSeries,Exact (title + year),0.2
2954,3079,Bleak House,1985,"",7.6/10,45/100,0,1,0,0,1,7.6,tt0088485,7.6,472,tvSeries,Exact (title + original-language year),0
2955,3080,Hip Hop Uncovered,2021,"",7.4/10,45/100,0,1,0,0,1,7.4,tt10773770,7.5,363,tvSeries,Exact (title + year),0.0999999999999996
2956,3081,More Than Friends,2020,"",6.7/10,45/100,0,1,0,0,1,6.7,tt12879170,6.6,925,tvSeries,Exact (title + year),-0.100000000000001
2957,3082,Street Outlaws: Memphis,2018,16+,6.6/10,45/100,0,1,0,0,1,6.6,tt9177338,6.3,147,tvSeries,Exact (title + year),-0.3
2958,3083,Part of Me,2014,16+,8.4/10,45/100,0,1,0,0,1,8.4,tt3511852,7.6,164,tvSeries,Exact (title + year),-0.800000000000001
2959,3084,LEGO Friends,2012,all,6.3/10,45/100,0,1,1,0,1,6.3,tt4049416,5.3,310,tvSeries,"Fuzzy (title exact, year +-1)",-1
2960,3085,Flea Market Flip,2012,all,6.7/10,45/100,0,1,0,0,1,6.7,tt2432822,7.1,556,tvSeries,Exact (title + year),0.399999999999999
2961,3086,Rock the Block,2019,all,6.7/10,45/100,0,1,0,0,1,6.7,tt10183798,7.2,577,tvSeries,Exact (title + year),0.5
2962,3087,Appare-Ranman!,2020,16+,6.9/10,45/100,0,1,0,0,1,6.9,tt11714178,6.8,611,tvSeries,Exact (title + year),-0.100000000000001
2963,3088,Kids Behind Bars: Life or Parole,2019,"",7.2/10,45/100,0,1,1,0,1,7.2,tt10132958,7.1,210,tvSeries,Exact (title + year),-0.100000000000001
2964,3089,The Case That Haunts Me,2018,16+,7.7/10,45/100,0,1,0,0,1,7.7,tt9601246,7.7,347,tvSeries,Exact (title + year),0
2965,3090,Senryu Girl,2019,7+,7.0/10,45/100,0,1,0,0,1,7,,,,,Unmatched,
2966,3091,Alguien Te Mira,2010,7+,7.4/10,45/100,0,1,0,0,1,7.4,tt1748418,7.5,224,tvSeries,Exact (title + year),0.0999999999999996
2967,3092,All Night,2018,16+,5.9/10,45/100,0,1,0,0,1,5.9,tt7292950,6,705,tvSeries,Exact (title + year),0.0999999999999996
2968,3093,El Clon,2000,"",6.8/10,45/100,0,1,0,0,1,6.8,,,,,Unmatched,
2969,3094,1969,2019,"",7.0/10,45/100,0,1,0,0,1,7,tt10150924,7,143,tvSeries,Exact (title + year),0
2970,3095,Long Island Medium,2011,7+,4.8/10,45/100,0,1,0,0,1,4.8,tt2010806,4.9,1597,tvSeries,"Fuzzy (title exact, year +-1)",0.100000000000001
2971,3096,Buddy Complex,2013,"",7.3/10,45/100,0,1,0,0,1,7.3,tt3399762,6.9,192,tvSeries,"Fuzzy (title exact, year +-1)",-0.399999999999999
2972,3097,Kaleido Star,2003,16+,7.8/10,45/100,0,1,0,0,1,7.8,tt0444953,7.8,1087,tvSeries,Exact (title + year),0
2973,3098,.hack,2002,7+,6.9/10,45/100,0,1,0,0,1,6.9,,,,,Unmatched,
2974,3099,The Tower of Druaga: The Aegis of Uruk,2008,7+,6.7/10,45/100,0,1,0,0,1,6.7,tt1216050,6.4,359,tvSeries,Exact (title + year),-0.3
2975,3100,Indebted,2020,"",4.5/10,45/100,0,1,0,0,1,4.5,tt9686380,4.7,1115,tvSeries,Exact (title + year),0.2
2976,3101,Psychic Kids,2008,16+,6.3/10,45/100,0,1,0,0,1,6.3,,,,,Unmatched,
2977,3102,Stone Quackers,2014,18+,6.8/10,45/100,0,1,0,0,1,6.8,tt4160686,6.7,424,tvSeries,Exact (title + year),-0.0999999999999996
2978,3103,Wicked Tuna: Outer Banks,2014,16+,6.2/10,45/100,0,1,0,1,1,6.2,,,,,Unmatched,
2979,3104,Genius Junior,2018,all,7.6/10,45/100,0,1,0,0,1,7.6,tt7439546,7.7,105,tvSeries,Exact (title + year),0.100000000000001
2980,3105,I Love Jenni,2011,7+,8.3/10,45/100,0,1,0,0,1,8.3,tt1816839,6.6,124,tvSeries,Exact (title + year),-1.7
2981,3106,Bloque de Búsqueda,2016,"",7.9/10,45/100,0,1,0,0,1,7.9,tt5354818,7.4,131,tvSeries,Exact (title + year),-0.5
2982,3107,VanDread,2000,16+,7.1/10,45/100,0,1,0,0,1,7.1,tt0309226,7,990,tvSeries,Exact (title + year),-0.0999999999999996
2983,3109,Broken Angel,2013,16+,7.0/10,45/100,0,1,0,0,1,7,,,,,Unmatched,
2984,3110,Trolls: TrollsTopia,2020,7+,7.1/10,45/100,0,1,0,0,1,7.1,tt11714932,5.8,325,tvSeries,Exact (title + original-language year),-1.3
2985,3111,Blippi,2014,all,7.5/10,45/100,0,1,1,0,1,7.5,tt6594882,5.7,751,tvSeries,Exact (title + year),-1.8
2986,3113,Jann,2019,"",7.1/10,44/100,0,1,0,0,1,7.1,tt9080978,7.4,646,tvSeries,Exact (title + year),0.300000000000001
2987,3114,The Boonies,2016,"",7.3/10,44/100,0,1,0,0,1,7.3,tt5360318,7.2,236,tvSeries,Exact (title + year),-0.0999999999999996
2988,3115,Britain's Best Home Cook,2018,"",7.9/10,44/100,0,1,0,0,1,7.9,tt8364940,7.9,309,tvSeries,Exact (title + year),0
2989,3116,Cardfight!! Vanguard,2011,16+,7.2/10,44/100,0,1,0,0,1,7.2,tt2549176,5.7,198,tvSeries,Exact (title + year),-1.5
2990,3117,Mrs. Piggle-Wiggle,1994,all,7.1/10,44/100,0,1,0,0,1,7.1,tt0108868,6.9,78,tvSeries,Exact (title + year),-0.199999999999999
2991,3118,Spoilers,2012,"",6.9/10,44/100,0,1,0,0,1,6.9,,,,,Unmatched,
2992,3119,S·A特优生,2008,16+,7.3/10,44/100,0,1,0,0,1,7.3,,,,,Unmatched,
2993,3120,"Pinky, Elmyra & the Brain",1998,"",5.8/10,44/100,0,1,0,0,1,5.8,tt0170996,5.8,1075,tvSeries,Exact (title + year),0
2994,3121,The Millionaire Matchmaker,2008,7+,4.6/10,44/100,0,1,0,0,1,4.6,tt1024167,4.7,1595,tvSeries,Exact (title + year),0.100000000000001
2995,3122,Azur Lane,2019,16+,6.0/10,44/100,0,1,0,0,1,6,tt10980934,5.6,484,tvSeries,Exact (title + year),-0.4
2996,3123,WWE Main Event,2012,7+,6.4/10,44/100,0,1,0,0,1,6.4,tt2659152,6.1,354,tvSeries,Exact (title + year),-0.300000000000001
2997,3124,House Hunters Renovation,2012,all,6.4/10,44/100,0,1,0,0,1,6.4,tt3519870,6.5,282,tvSeries,Exact (title + year),0.0999999999999996
2998,3125,The Dude Perfect Show,2016,7+,6.7/10,44/100,0,1,0,0,1,6.7,tt5512420,6.8,273,tvSeries,Exact (title + year),0.0999999999999996
2999,3126,Endlings,2020,7+,4.8/10,44/100,0,1,0,0,1,4.8,tt10267798,5.6,419,tvSeries,Exact (title + year),0.8
3000,3127,Celebrity Wheel of Fortune,2021,7+,7.3/10,44/100,0,1,0,0,1,7.3,tt13438882,7,360,tvSeries,Exact (title + year),-0.3
3001,3128,The Chew,2011,7+,5.3/10,44/100,0,1,0,0,1,5.3,tt2071236,5.4,1012,tvSeries,Exact (title + year),0.100000000000001
3002,3129,The Show Must Go On: The Queen + Adam Lambert Story,2019,"",7.8/10,44/100,1,1,0,0,1,7.8,tt9856280,7.8,2378,tvMovie,Exact (title + year) [non-TV type],0
3003,3130,Return to Downton Abbey: A Grand Event,2019,"",6.5/10,44/100,0,1,0,0,1,6.5,tt12502050,7.6,89,tvSpecial,Exact (title + year) [non-TV type],1.1
3004,3131,D.Gray-man Hallow,2016,16+,7.6/10,44/100,0,1,0,0,1,7.6,tt5954268,7.4,914,tvSeries,Exact (title + year),-0.199999999999999
3005,3132,Ellen's Game of Games,2017,7+,4.9/10,44/100,0,1,0,0,1,4.9,tt7369770,5.3,1107,tvSeries,Exact (title + year),0.399999999999999
3006,3133,Nina's World,2015,all,6.0/10,44/100,0,1,0,0,1,6,tt5899102,6.6,101,tvSeries,Exact (title + year),0.6
3007,3134,Charlie Rose,1991,all,7.5/10,44/100,0,1,0,0,1,7.5,tt0270116,7.5,1208,tvSeries,Exact (title + year),0
3008,3135,Love in the Time of Corona,2020,16+,5.7/10,44/100,0,1,0,0,1,5.7,tt12624862,5.8,531,tvSeries,Exact (title + year),0.0999999999999996
3009,3136,El Fantasma de Elena,2010,16+,7.4/10,43/100,0,1,0,0,1,7.4,tt1730842,6.8,170,tvSeries,Exact (title + original-language year),-0.600000000000001
3010,3137,Holly Hobbie,2018,7+,6.5/10,43/100,0,1,0,0,1,6.5,tt8602408,6.6,440,tvSeries,Exact (title + year),0.0999999999999996
3011,3138,Eater's Guide to the World,2020,"",6.8/10,43/100,0,1,0,0,1,6.8,tt10276462,6.8,115,tvSeries,Exact (title + year),0
3012,3139,Samurai Harem,2009,18+,6.0/10,43/100,0,1,0,0,1,6,tt1352414,5.9,365,tvSeries,Exact (title + year),-0.0999999999999996
3013,3140,Negima!,2005,7+,6.2/10,43/100,0,1,0,0,1,6.2,tt0480493,6.8,456,tvSeries,Exact (title + year),0.6
3014,3141,Australia's Next Top Model,2005,"",6.2/10,43/100,0,1,0,0,1,6.2,tt0835977,6.3,523,tvSeries,Exact (title + year),0.0999999999999996
3015,3142,Love Connection,2017,16+,"",43/100,0,1,0,0,1,,tt6931604,5.9,155,tvSeries,Exact (title + year),
3016,3143,Forged in Fire: Beat the Judges,2020,7+,8.6/10,43/100,0,1,0,0,1,8.6,tt12699108,8.4,238,tvSeries,Exact (title + year),-0.199999999999999
3017,3144,Spring Baking Championship,2015,all,6.9/10,43/100,0,1,0,0,1,6.9,tt4658614,7.1,514,tvSeries,Exact (title + year),0.199999999999999
3018,3145,Big Block SingSong,2012,all,"",43/100,0,1,0,0,1,,tt6979722,8.3,47,tvSeries,Exact (title + year),
3019,3146,Nabari no Ou,2008,16+,6.5/10,43/100,0,1,0,0,1,6.5,tt1216159,6.4,372,tvSeries,Exact (title + year),-0.0999999999999996
3020,3147,Name That Tune,2021,7+,4.9/10,43/100,0,1,0,0,1,4.9,tt13491734,5.4,805,tvSeries,Exact (title + year),0.5
3021,3148,Littlekenny,2019,"",6.9/10,43/100,0,1,0,0,1,6.9,tt11960282,7,487,tvMiniSeries,Exact (title + year),0.0999999999999996
3022,3149,My Super Sweet 16,2005,7+,1.8/10,43/100,0,1,0,0,1,1.8,tt0445890,1.9,3090,tvSeries,Exact (title + year),0.0999999999999999
3023,3150,Deadly Wives,2013,"",8.4/10,43/100,0,1,0,0,1,8.4,tt2505934,8,90,tvSeries,Exact (title + year),-0.4
3024,3151,Kendra on Top,2012,7+,3.6/10,43/100,0,1,0,0,1,3.6,tt2328067,3.8,645,tvSeries,Exact (title + year),0.2
3025,3152,I Can See Your Voice,2020,7+,5.7/10,43/100,0,1,0,0,1,5.7,tt11710130,5.8,623,tvSeries,Exact (title + year),0.0999999999999996
3026,3153,The Con,2020,"",7.3/10,43/100,0,1,0,0,1,7.3,,,,,Unmatched,
3027,3154,Battleground,2012,"",7.8/10,43/100,0,1,0,0,1,7.8,tt2187319,7.7,365,tvSeries,Exact (title + year),-0.0999999999999996
3028,3155,Hitler's Last Stand,2018,16+,6.4/10,43/100,0,1,0,0,1,6.4,tt8675140,6.3,290,tvSeries,Exact (title + year),-0.100000000000001
3029,3156,Nightline,1980,7+,5.7/10,43/100,0,1,0,0,1,5.7,,,,,Unmatched,
3030,3157,Special Forces,2012,"",9.0/10,43/100,0,1,1,0,1,9,tt3465008,8.6,10,tvSeries,Exact (title + year),-0.4
3031,3158,Juana la virgen,2002,"",6.1/10,42/100,0,1,0,0,1,6.1,tt0312151,5.9,209,tvSeries,Exact (title + year),-0.199999999999999
3032,3159,Lost Gold of World War II,2019,7+,6.5/10,42/100,0,1,0,0,1,6.5,,,,,Unmatched,
3033,3160,Hayate the Combat Butler,2007,"",6.9/10,42/100,0,1,0,0,1,6.9,,,,,Unmatched,
3034,3162,"Underworld, Inc.",2015,16+,7.1/10,42/100,0,1,0,0,1,7.1,tt4480608,6.7,263,tvSeries,Exact (title + year),-0.399999999999999
3035,3163,When Sharks Attack,2013,16+,6.6/10,42/100,0,1,0,1,1,6.6,tt3097686,6.1,175,tvSeries,Exact (title + year),-0.5
3036,3164,High School USA!,2013,18+,6.4/10,42/100,0,1,0,0,1,6.4,tt3012976,6.3,689,tvSeries,Exact (title + year),-0.100000000000001
3037,3165,Pooch Perfect,2021,7+,3.7/10,42/100,0,1,0,0,1,3.7,tt13967834,6.8,66,tvSeries,Exact (title + year),3.1
3038,3166,El Mariachi,2014,"",8.0/10,42/100,0,1,0,0,1,8,tt3135476,7.7,157,tvSeries,Exact (title + year),-0.3
3039,3167,The Mighty Ones,2020,7+,7.5/10,42/100,0,1,0,0,1,7.5,tt11714946,6.6,211,tvSeries,Exact (title + year),-0.9
3040,3168,Garo: The Animation,2014,all,6.7/10,42/100,0,1,0,0,1,6.7,,,,,Unmatched,
3041,3169,Arms Alchemy,2006,18+,6.9/10,42/100,0,1,0,0,1,6.9,,,,,Unmatched,
3042,3170,Who Killed Jeffrey Epstein?,2020,"",6.3/10,42/100,0,1,0,0,1,6.3,tt11859586,6.4,220,tvSpecial,Exact (title + year) [non-TV type],0.100000000000001
3043,3171,Where's Waldo?,2020,all,7.5/10,42/100,0,1,0,0,1,7.5,tt10242176,7.1,155,tvSeries,"Fuzzy (title exact, year +-1)",-0.4
3044,3172,Mad Mad House,2004,"",7.1/10,42/100,0,1,0,0,1,7.1,tt0380926,6.6,156,tvSeries,Exact (title + year),-0.5
3045,3173,Abandoned,2012,"","",42/100,0,1,1,0,1,,tt2738088,7.5,36,tvSeries,Exact (title + year),
3046,3174,Blade Dance of Elementalers,2014,16+,6.7/10,42/100,0,1,0,0,1,6.7,,,,,Unmatched,
3047,3175,Zou,2012,"",6.9/10,42/100,0,1,0,0,1,6.9,tt2587622,5.9,123,tvSeries,Exact (title + year),-1
3048,3176,Toddlers & Tiaras,2009,7+,1.8/10,42/100,0,1,0,0,1,1.8,tt1364951,1.8,4071,tvSeries,Exact (title + year),0
3049,3177,Dead By Dawn,2019,"",7.2/10,42/100,0,1,0,0,1,7.2,tt9278162,7.1,133,tvSeries,Exact (title + year),-0.100000000000001
3050,3178,Girls Beyond the Wasteland,2016,"",5.5/10,42/100,0,1,0,0,1,5.5,tt5326434,5.7,119,tvSeries,Exact (title + year),0.2
3051,3179,Gordon Ramsay's Home Cooking,2013,"",8.4/10,42/100,0,1,0,0,1,8.4,tt3949700,8.4,75,tvSeries,Exact (title + year),0
3052,3180,60 Days In: Narcoland,2019,16+,5.9/10,42/100,0,1,0,0,1,5.9,tt11271956,6.3,122,tvSeries,Exact (title + year),0.399999999999999
3053,3181,Basilisk,2005,18+,4.8/10,42/100,0,1,0,0,1,4.8,tt0856348,7.8,4830,tvSeries,Exact (title + year),3
3054,3182,Tree Fu Tom,2012,all,5.6/10,42/100,0,1,0,0,1,5.6,tt2299207,5.4,306,tvSeries,Exact (title + year),-0.199999999999999
3055,3183,Runaways,2012,16+,7.9/10,42/100,0,1,0,0,1,7.9,tt2431088,7.7,98,tvSeries,Exact (title + year),-0.2
3056,3184,The Impostor,2014,"",7.6/10,42/100,0,1,0,0,1,7.6,,,,,Unmatched,
3057,3185,Madagascar: A Little Wild,2020,all,5.7/10,42/100,0,1,0,0,1,5.7,tt11714912,5.8,353,tvSeries,Exact (title + year),0.0999999999999996
3058,3186,NY-LON,2004,18+,7.4/10,42/100,0,1,0,0,1,7.4,tt0421417,7.2,577,tvMiniSeries,Exact (title + year),-0.2
3059,3187,WTF Baron Davis,2019,18+,8.1/10,42/100,0,1,0,0,1,8.1,,,,,Unmatched,
3060,3188,Ancient Top 10,2016,16+,7.8/10,42/100,0,1,0,0,1,7.8,tt6954882,7.6,154,tvMiniSeries,Exact (title + year),-0.2
3061,3189,I Am Cait,2015,16+,3.4/10,42/100,0,1,0,0,1,3.4,tt4733278,3.6,2320,tvSeries,Exact (title + year),0.2
3062,3190,Pickle & Peanut,2015,7+,4.3/10,41/100,0,1,0,1,1,4.3,,,,,Unmatched,
3063,3191,Infinite Dendrogram,2020,16+,5.8/10,41/100,0,1,0,0,1,5.8,tt11295582,6,694,tvMiniSeries,Exact (title + year),0.2
3064,3192,Jamie's Quick & Easy Food,2017,all,8.4/10,41/100,0,1,0,0,1,8.4,tt7507476,8.1,144,tvSeries,Exact (title + year),-0.300000000000001
3065,3193,Aquarion,2005,18+,6.5/10,41/100,0,1,0,0,1,6.5,,,,,Unmatched,
3066,3194,Inside the NFL,1977,7+,6.9/10,41/100,0,1,0,0,1,6.9,tt0331136,7.1,445,tvSeries,Exact (title + year),0.199999999999999
3067,3195,Gensomaden Saiyuki,2000,16+,7.4/10,41/100,0,1,0,0,1,7.4,tt0111056,7.2,308,tvSeries,Exact (title + year),-0.2
3068,3196,Swiss Family Robinson,1974,7+,7.0/10,41/100,0,1,0,1,1,7,tt0072573,6.4,273,tvSeries,"Fuzzy (title exact, year +-1)",-0.6
3069,3197,The Toe Bro,2019,16+,7.9/10,41/100,0,1,0,0,1,7.9,tt10050374,7.9,113,tvSeries,Exact (title + year),0
3070,3198,Anyone But Me,2009,16+,7.2/10,41/100,0,1,0,0,1,7.2,tt1385817,7.2,1192,tvSeries,"Fuzzy (title exact, year +-1)",0
3071,3199,The Dating Guy,2009,18+,3.5/10,41/100,0,1,0,0,1,3.5,tt1344959,4.8,413,tvSeries,Exact (title + year),1.3
3072,3200,Celebs Go Dating,2016,18+,5.6/10,41/100,0,1,0,0,1,5.6,tt5993484,5.9,329,tvSeries,Exact (title + year),0.300000000000001
3073,3201,Planet Sheen,2010,7+,3.0/10,41/100,0,1,0,0,1,3,tt1492090,3,2553,tvSeries,Exact (title + year),0
3074,3202,College Hill,2004,"",5.5/10,41/100,0,1,0,0,1,5.5,tt0396976,5.5,156,tvSeries,Exact (title + year),0
3075,3203,To LOVEる -とらぶる- ダークネス2nd,2012,16+,7.2/10,41/100,0,1,0,0,1,7.2,,,,,Unmatched,
3076,3204,Good Morning America,1975,all,4.5/10,41/100,0,1,0,0,1,4.5,tt0072506,4.4,2258,tvSeries,Exact (title + year),-0.0999999999999996
3077,3205,Who Wants to Be a Millionaire,2020,16+,6.1/10,41/100,0,1,0,0,1,6.1,tt12057284,6.4,537,tvSeries,Exact (title + year),0.300000000000001
3078,3206,Joe and Jack,2012,all,4.5/10,41/100,0,1,0,0,1,4.5,tt2734194,6,44,tvSeries,Exact (title + year),1.5
3079,3207,Kidô senshi Gandamu: The Origin I - Aoi hitomi no kyasubaru,2015,"",7.6/10,40/100,0,1,0,0,1,7.6,tt4483100,7.5,1042,movie,Exact (title + original-language year) [non-TV type],-0.0999999999999996
3080,3209,The Young Turks,2005,16+,5.3/10,40/100,0,1,1,0,1,5.3,tt1714810,5.3,2319,tvSeries,Exact (title + year),0
3081,3210,Home Free,2015,all,7.2/10,40/100,0,1,0,0,1,7.2,tt4649390,7.3,248,tvSeries,Exact (title + year),0.0999999999999996
3082,3211,Paradise Run,2016,all,6.1/10,40/100,0,1,0,0,1,6.1,tt5361346,6.8,90,tvSeries,Exact (title + year),0.7
3083,3212,Murder on the Internet,2017,"",6.7/10,40/100,0,1,1,0,1,6.7,tt6821622,6.2,120,tvSeries,Exact (title + year),-0.5
3084,3213,A3!,2020,16+,6.5/10,40/100,0,1,0,0,1,6.5,tt11094154,6.3,119,tvSeries,Exact (title + year),-0.2
3085,3214,Game of Talents,2021,"",4.6/10,40/100,0,1,0,0,1,4.6,tt13629660,4.9,143,tvSeries,Exact (title + year),0.300000000000001
3086,3215,Jack Hanna's Into the Wild,2007,"",8.0/10,40/100,0,1,0,0,1,8,tt1224033,8.2,97,tvSeries,Exact (title + year),0.199999999999999
3087,3216,How It Works,2007,all,8.3/10,40/100,0,1,0,0,1,8.3,,,,,Unmatched,
3088,3217,ClassicaLoid,2016,16+,6.4/10,40/100,0,1,0,0,1,6.4,tt6234680,6.6,47,tvSeries,Exact (title + year),0.199999999999999
3089,3218,Kings of Pain,2019,16+,6.7/10,40/100,0,1,0,0,1,6.7,tt11091524,7.2,728,tvSeries,Exact (title + year),0.5
3090,3219,The View,1997,16+,2.6/10,40/100,0,1,0,0,1,2.6,tt0123366,2.4,12219,tvSeries,Exact (title + year),-0.2
3091,3220,The Celebrity Dating Game,2021,"",2.6/10,40/100,0,1,0,0,1,2.6,tt14250052,3.1,367,tvSeries,Exact (title + year),0.5
3092,3221,Rurangi,2020,"",7.1/10,40/100,0,1,0,0,1,7.1,tt11177950,7.1,314,tvSeries,Exact (title + year),0
3093,3223,American Greed: The Fugitives,2012,"",8.3/10,40/100,0,1,0,0,1,8.3,,,,,Unmatched,
3094,3224,Mighty Magiswords,2015,7+,4.9/10,40/100,0,1,0,0,1,4.9,tt4847134,4.6,1646,tvSeries,Exact (title + year),-0.300000000000001
3095,3225,The Paynes,2018,"",4.9/10,40/100,0,1,0,0,1,4.9,tt6482686,5.1,452,tvSeries,Exact (title + year),0.199999999999999
3096,3226,Basketball Wives LA,2011,7+,4.2/10,40/100,0,1,0,0,1,4.2,tt2057544,4.1,366,tvSeries,Exact (title + year),-0.100000000000001
3097,3227,Forensic Factor,2003,18+,7.3/10,40/100,0,1,1,0,1,7.3,,,,,Unmatched,
3098,3229,The Weekly,2019,18+,6.6/10,40/100,0,1,0,0,1,6.6,tt8629150,7.1,325,tvSeries,Exact (title + year),0.5
3099,3230,Connecting...,2020,7+,5.1/10,40/100,0,1,0,0,1,5.1,tt12810046,5.2,381,tvSeries,Exact (title + year),0.100000000000001
3100,3231,Atlas Of Cursed Places,2020,"",5.2/10,40/100,0,1,0,0,1,5.2,tt13554946,5.7,332,tvSeries,Exact (title + year),0.5
3101,3232,The School That Tried to End Racism,2020,"","",40/100,0,1,0,0,1,,tt12775806,5.5,122,tvMiniSeries,Exact (title + year),
3102,3233,Jim Henson Presents Mother Goose Stories,1990,all,8.3/10,40/100,0,1,0,0,1,8.3,,,,,Unmatched,
3103,3234,Side Effects,2013,"",7.4/10,39/100,0,1,0,0,1,7.4,tt3311936,7.6,203,tvSeries,Exact (title + year),0.199999999999999
3104,3235,Rock of Love with Bret Michaels,2007,18+,4.8/10,39/100,0,1,0,0,1,4.8,tt0965393,4.9,2164,tvSeries,Exact (title + year),0.100000000000001
3105,3236,Bajo el Mismo Cielo,2015,16+,8.0/10,39/100,0,1,0,0,1,8,tt4433296,7.2,127,tvSeries,Exact (title + year),-0.8
3106,3237,American Scandals,2015,"",8.3/10,39/100,0,1,0,0,1,8.3,tt4708572,8.2,76,tvSeries,Exact (title + year),-0.100000000000001
3107,3238,Eva La Trailera,2017,16+,7.3/10,39/100,0,1,0,0,1,7.3,tt5191206,7.1,71,tvSeries,"Fuzzy (title exact, year +-1)",-0.2
3108,3239,Born Behind Bars,2017,16+,8.1/10,39/100,0,1,0,0,1,8.1,tt8793210,8.5,60,tvSeries,Exact (title + year),0.4
3109,3240,Torn from the Headlines: The New York Post Reports,2020,"",7.1/10,39/100,0,1,0,0,1,7.1,tt11819198,7.5,89,tvSeries,Exact (title + year),0.4
3110,3241,Seven Year Switch,2015,16+,5.3/10,39/100,0,1,0,0,1,5.3,tt4836522,5.6,153,tvSeries,Exact (title + year),0.3
3111,3242,Dog love,2010,7+,6.6/10,39/100,0,1,0,0,1,6.6,,,,,Unmatched,
3112,3243,The Hotwives of Las Vegas,2015,"",6.6/10,39/100,0,1,0,0,1,6.6,tt4633166,6.9,587,tvSeries,Exact (title + year),0.300000000000001
3113,3244,The Happy Days of Garry Marshall,2020,"",8.3/10,39/100,0,1,0,0,1,8.3,tt12233136,7.8,62,tvSpecial,Exact (title + year) [non-TV type],-0.500000000000001
3114,3245,Driven,2020,16+,7.4/10,39/100,0,1,0,0,1,7.4,tt7692822,5,3636,movie,"Fuzzy (title exact, year +-1) [non-TV type]",-2.4
3115,3246,Hungry Henry,2014,"",9.3/10,39/100,0,1,0,0,1,9.3,tt6964618,8.2,20,tvSeries,Exact (title + year),-1.1
3116,3247,Mother Up!,2013,16+,4.6/10,39/100,0,1,0,0,1,4.6,tt3107224,5.4,662,tvSeries,Exact (title + year),0.800000000000001
3117,3248,Smile Down the Runway,2020,"",6.8/10,39/100,0,1,0,0,1,6.8,,,,,Unmatched,
3118,3249,A Day in the Life,2011,"",5.9/10,39/100,0,1,0,0,1,5.9,tt2057511,6,66,tvSeries,Exact (title + year),0.0999999999999996
3119,3250,Close Up with The Hollywood Reporter,2015,16+,7.0/10,39/100,0,1,0,0,1,7,tt4931888,7.1,186,tvMiniSeries,Exact (title + year),0.0999999999999996
3120,3251,Special 7: Special Crime Investigation Unit,2019,"",6.4/10,39/100,0,1,0,0,1,6.4,tt10054654,6.1,155,tvSeries,Exact (title + year),-0.300000000000001
3121,3252,205 Live,2016,7+,7.1/10,39/100,0,1,0,0,1,7.1,,,,,Unmatched,
3122,3253,Greta Thunberg: A Year to Change the World,2021,"",4.6/10,39/100,0,1,0,0,1,4.6,tt11891770,5.4,658,tvMiniSeries,Exact (title + year),0.800000000000001
3123,3254,Many Sides of Jane,2019,16+,6.1/10,39/100,0,1,0,0,1,6.1,tt8201656,5.8,199,tvMiniSeries,Exact (title + year),-0.3
3124,3255,The Riveras,2016,7+,7.6/10,39/100,0,1,0,0,1,7.6,tt6222252,7.8,39,tvSeries,Exact (title + year),0.2
3125,3256,Steve Harvey's Funderdome,2017,7+,7.3/10,39/100,0,1,0,0,1,7.3,tt7005048,7,64,tvSeries,Exact (title + year),-0.3
3126,3257,Cherries Wild,2021,"",3.6/10,39/100,0,1,0,0,1,3.6,tt13683120,4.1,96,tvSeries,Exact (title + year),0.5
3127,3258,"Oh Jerome, No",2019,"",8.0/10,39/100,0,1,0,0,1,8,tt10135740,7.8,370,tvMiniSeries,Exact (title + year),-0.2
3128,3259,The Last Days of Phil Hartman,2019,"",7.8/10,39/100,0,1,0,0,1,7.8,tt10958154,7.3,136,tvMovie,Exact (title + year) [non-TV type],-0.5
3129,3260,Afterlost,2019,"",5.2/10,39/100,0,1,0,0,1,5.2,,,,,Unmatched,
3130,3261,VICE Investigates,2019,18+,6.8/10,39/100,0,1,0,0,1,6.8,tt11203896,6.4,128,tvSeries,Exact (title + year),-0.399999999999999
3131,3262,Struggle Meals,2017,"","",38/100,0,1,0,0,1,,tt9206788,7.8,141,tvSeries,"Fuzzy (title exact, year +-1)",
3132,3263,Zorro the Chronicles,2015,all,7.3/10,38/100,0,1,0,0,1,7.3,tt6328652,6.7,189,tvSeries,Exact (title + year),-0.6
3133,3264,Truth & Iliza,2017,7+,5.5/10,38/100,0,1,0,0,1,5.5,tt6847436,5.5,144,tvSeries,Exact (title + year),0
3134,3265,Life of Kylie,2017,16+,3.5/10,38/100,0,1,0,0,1,3.5,tt6772826,3.5,1267,tvSeries,Exact (title + year),0
3135,3266,WWE Superstars,2009,7+,5.8/10,38/100,0,1,0,0,1,5.8,tt1401882,5.6,390,tvSeries,Exact (title + year),-0.2
3136,3267,Worst Bakers in America,2016,"",5.9/10,38/100,0,1,0,0,1,5.9,tt6117020,6.7,78,tvSeries,Exact (title + year),0.8
3137,3268,Showtime at the Apollo,1987,all,6.0/10,38/100,0,1,0,0,1,6,tt0240272,6.8,221,tvSeries,Exact (title + year),0.8
3138,3269,Nightcap,2016,7+,5.0/10,38/100,0,1,0,0,1,5,tt5507340,5.5,607,tvSeries,Exact (title + year),0.5
3139,3270,After School Dice Club,2019,16+,6.6/10,38/100,0,1,0,0,1,6.6,,,,,Unmatched,
3140,3271,Up to Speed,2012,16+,6.5/10,38/100,0,1,0,0,1,6.5,tt2188577,6.6,180,tvSeries,Exact (title + year),0.0999999999999996
3141,3272,Spartan: Ultimate Team Challenge,2016,7+,5.9/10,38/100,0,1,0,0,1,5.9,tt5809140,5.9,372,tvSeries,Exact (title + year),0
3142,3273,The Wildlife Docs,2013,all,8.0/10,38/100,0,1,0,0,1,8,tt3468670,8.2,38,tvSeries,Exact (title + year),0.199999999999999
3143,3274,Behind Closed Doors,2011,16+,7.2/10,38/100,0,1,1,0,1,7.2,tt1920029,6.8,261,tvSeries,Exact (title + year),-0.4
3144,3275,Open Door,2019,"",6.5/10,38/100,0,1,0,0,1,6.5,,,,,Unmatched,
3145,3276,Dot.,2016,all,7.1/10,38/100,0,1,0,0,1,7.1,tt5755206,7.5,81,tvSeries,Exact (title + year),0.4
3146,3277,Dead Again,2014,"",7.4/10,38/100,0,1,0,0,1,7.4,tt3961072,7.1,110,tvSeries,Exact (title + year),-0.300000000000001
3147,3278,Supernoobs,2015,7+,3.6/10,38/100,0,1,0,0,1,3.6,tt4033696,3.4,997,tvSeries,Exact (title + year),-0.2
3148,3279,Phenoms,2018,7+,7.4/10,38/100,0,1,0,0,1,7.4,tt6852582,7.8,83,tvSeries,Exact (title + year),0.399999999999999
3149,3280,The Burger Show,2018,"",7.7/10,38/100,0,1,0,0,1,7.7,tt9189114,7.5,49,tvSeries,Exact (title + year),-0.2
3150,3281,Anderson Cooper 360°,2003,"",4.9/10,38/100,0,1,0,0,1,4.9,tt0380086,5.4,1178,tvSeries,Exact (title + year),0.5
3151,3282,The Proposal,2018,"",1.9/10,38/100,0,1,0,0,1,1.9,tt8373190,1.8,370,tvSeries,Exact (title + year),-0.0999999999999999
3152,3283,Behind the Mask,2013,"",7.4/10,38/100,0,1,0,0,1,7.4,tt2884130,7.4,204,tvSeries,Exact (title + year),0
3153,3284,Bloomberg Game Changers,2010,"",7.8/10,38/100,0,1,0,0,1,7.8,tt1776394,7.7,80,tvSeries,Exact (title + year),-0.0999999999999996
3154,3285,Glam Masters,2018,"",4.5/10,38/100,0,1,0,0,1,4.5,tt7939778,4.3,192,tvSeries,Exact (title + year),-0.2
3155,3286,Sorcerous Stabber Orphen,2020,16+,5.7/10,37/100,0,1,0,0,1,5.7,tt11349866,5.5,313,tvSeries,Exact (title + year),-0.2
3156,3287,Future-Worm!,2016,7+,5.2/10,37/100,0,1,0,1,1,5.2,tt4715134,5.4,347,tvSeries,Exact (title + year),0.2
3157,3288,Get Ace,2014,all,7.5/10,37/100,0,1,0,0,1,7.5,tt2171132,7.6,270,tvSeries,Exact (title + year),0.0999999999999996
3158,3289,The Masked Dancer,2020,7+,4.1/10,37/100,0,1,0,0,1,4.1,tt11646232,4.1,488,tvSeries,Exact (title + year),0
3159,3290,This Week,1981,7+,5.2/10,37/100,0,1,0,0,1,5.2,,,,,Unmatched,
3160,3291,BEM,2019,16+,6.0/10,37/100,0,1,0,0,1,6,tt10423424,6.1,320,tvSeries,Exact (title + year),0.0999999999999996
3161,3292,Mix: Meisei Story,2019,7+,7.5/10,37/100,0,1,0,0,1,7.5,tt10147790,7,125,tvSeries,Exact (title + year),-0.5
3162,3293,Dreamland,2014,"",5.1/10,37/100,0,1,0,0,1,5.1,tt3044680,6.6,73,tvSeries,Exact (title + year),1.5
3163,3294,Monster Fish,2009,"",6.7/10,37/100,0,1,0,0,1,6.7,tt2017931,6.8,213,tvSeries,Exact (title + year),0.0999999999999996
3164,3295,ABC World News,1953,"",5.8/10,36/100,0,1,0,0,1,5.8,,,,,Unmatched,
3165,3296,Dies Irae,2017,18+,4.7/10,36/100,0,1,0,0,1,4.7,tt6931266,4.5,257,tvSeries,Exact (title + year),-0.2
3166,3297,O.J. Simpson: The Lost Confession?,2018,"",6.7/10,36/100,0,1,0,0,1,6.7,tt8106284,6.6,120,tvMovie,Exact (title + year) [non-TV type],-0.100000000000001
3167,3298,Daisy of Love,2009,16+,4.5/10,36/100,0,1,0,0,1,4.5,tt1429439,4.7,609,tvSeries,Exact (title + year),0.2
3168,3299,Sydney Sailboat,2015,"",8.0/10,36/100,0,1,0,0,1,8,tt4047062,8.5,58,tvSeries,Exact (title + year),0.5
3169,3300,Zero Punctuation,2014,"","",36/100,0,1,0,0,1,,,,,,Unmatched,
3170,3301,LA Story,2014,16+,7.2/10,36/100,0,1,0,0,1,7.2,tt5255092,8.6,12,tvSeries,"Fuzzy (title exact, year +-1)",1.4
3171,3302,"Bad Habits, Holy Orders",2017,"",7.0/10,36/100,0,1,0,0,1,7,tt7494116,7.4,81,tvSeries,Exact (title + year),0.4
3172,3303,Woman,2016,18+,7.3/10,36/100,0,1,0,0,1,7.3,tt7661932,6.7,2063,tvSeries,"Fuzzy (title exact, year +-1)",-0.6
3173,3304,Dinner with Dad,2017,"","",36/100,0,1,0,0,1,,tt6954646,6.7,15,tvSeries,Exact (title + year),
3174,3305,A Little Late with Lilly Singh,2019,16+,1.5/10,36/100,0,1,0,0,1,1.5,tt10023178,1.5,7944,tvSeries,Exact (title + year),0
3175,3306,The Posh Frock Shop,2018,"",8.4/10,36/100,0,1,0,0,1,8.4,tt9816932,8.7,33,tvSeries,Exact (title + year),0.299999999999999
3176,3307,WWE En Español,2012,7+,8.1/10,36/100,0,1,0,0,1,8.1,,,,,Unmatched,
3177,3308,CNBC Originals,2003,16+,"",36/100,0,1,0,0,1,,tt2759626,7.7,35,tvSeries,Exact (title + original-language year),
3178,3309,Hot Package,2013,18+,6.3/10,36/100,0,1,0,0,1,6.3,tt1781834,6.3,191,tvSeries,Exact (title + year),0
3179,3310,The Untold Story,2019,16+,7.2/10,36/100,0,1,0,0,1,7.2,tt10202960,7.6,40,tvSeries,Exact (title + year),0.399999999999999
3180,3311,With All Due Respect,2014,"",8.2/10,36/100,0,1,0,0,1,8.2,tt5530626,8.2,22,tvSeries,Exact (title + year),0
3181,3312,Tulli,2011,"",5.9/10,36/100,0,1,0,0,1,5.9,,,,,Unmatched,
3182,3313,Dama y Obrero,2013,16+,7.7/10,36/100,0,1,0,0,1,7.7,tt2968124,7.5,61,tvSeries,Exact (title + year),-0.2
3183,3314,Mickey's 90th Spectacular,2018,7+,7.1/10,36/100,0,1,0,0,1,7.1,tt8839988,7,116,tvSpecial,Exact (title + year) [non-TV type],-0.0999999999999996
3184,3315,Ellen's Greatest Night of Giveaways,2019,7+,4.5/10,35/100,0,1,0,0,1,4.5,tt10334498,4.9,77,tvMiniSeries,Exact (title + year),0.4
3185,3316,The Grill Dads,2017,7+,7.6/10,35/100,0,1,0,0,1,7.6,tt7737404,7.7,41,tvSeries,Exact (title + year),0.100000000000001
3186,3317,Package Deal,2013,"",3.4/10,35/100,0,1,0,0,1,3.4,tt2559390,4.4,660,tvSeries,Exact (title + year),1
3187,3318,New York Goes to Work,2009,"",5.4/10,35/100,0,1,1,0,1,5.4,tt1429423,5.3,173,tvSeries,Exact (title + year),-0.100000000000001
3188,3319,Nostradamus Effect,2009,"",5.0/10,35/100,0,1,0,0,1,5,,,,,Unmatched,
3189,3320,RocketJump: The Show,2015,16+,7.2/10,35/100,0,1,0,0,1,7.2,tt5122514,7.2,196,tvSeries,Exact (title + year),0
3190,3321,Missing,2010,"",7.3/10,35/100,0,1,1,0,1,7.3,tt1648934,6.9,180,tvSeries,Exact (title + year),-0.399999999999999
3191,3322,Countdown to UFC,2010,"",8.0/10,35/100,0,1,0,0,1,8,tt3137940,8,80,tvSeries,"Fuzzy (title exact, year +-1)",0
3192,3323,For & Against,2012,"","",35/100,0,1,0,0,1,,,,,,Unmatched,
3193,3324,UFC Main Event,2007,"","",35/100,0,1,0,0,1,,,,,,Unmatched,
3194,3325,NASA X,2012,"","",35/100,0,1,0,0,1,,,,,,Unmatched,
3195,3326,Finding the Next,2016,"","",35/100,0,1,0,0,1,,,,,,Unmatched,
3196,3327,Just Josh,2011,18+,"",35/100,0,1,0,0,1,,,,,,Unmatched,
3197,3328,Baldwin Hills,2007,16+,4.3/10,35/100,0,1,0,0,1,4.3,tt1068898,4.8,163,tvSeries,Exact (title + year),0.5
3198,3329,Vegimer,2015,"","",35/100,0,1,0,0,1,,,,,,Unmatched,
3199,3330,Nerds and Monsters,2013,"",4.8/10,35/100,0,1,0,0,1,4.8,tt2587744,4.5,121,tvSeries,Exact (title + year),-0.3
3200,3331,Doozers,2014,all,6.8/10,34/100,0,1,0,0,1,6.8,,,,,Unmatched,
3201,3332,Terrific Trucks,2016,all,5.7/10,34/100,0,1,0,0,1,5.7,tt4371878,6.3,75,tvSeries,Exact (title + year),0.6
3202,3333,The Bravest Knight,2019,7+,6.4/10,34/100,0,1,0,0,1,6.4,tt10394790,5.9,210,tvSeries,Exact (title + year),-0.5
3203,3334,Chiro and Friends,2007,"",7.6/10,34/100,0,1,0,0,1,7.6,,,,,Unmatched,
3204,3335,UFC Unleashed,2007,"",7.8/10,34/100,0,1,0,0,1,7.8,,,,,Unmatched,
3205,3336,Dress to Impress,2017,"",6.0/10,34/100,0,1,0,0,1,6,tt11239206,6.2,57,tvSeries,Exact (title + year),0.2
3206,3338,Star Wars Galaxy's Edge: Adventure Awaits,2019,"",5.4/10,34/100,0,1,0,0,1,5.4,tt10951528,5.7,235,tvMovie,Exact (title + year) [non-TV type],0.3
3207,3339,Fujiko,2015,"",8.4/10,34/100,0,1,0,0,1,8.4,tt5093964,8.4,30,tvMiniSeries,Exact (title + year),0
3208,3340,Buried secrets of World War II,2019,"",7.2/10,34/100,0,1,0,0,1,7.2,,,,,Unmatched,
3209,3341,Strahan & Sara,2019,"",3.3/10,34/100,0,1,0,0,1,3.3,,,,,Unmatched,
3210,3342,Big Bugs Band,2011,"",7.5/10,34/100,0,1,0,0,1,7.5,tt6958622,8.6,13,tvSeries,Exact (title + year),1.1
3211,3343,Cuomo Prime Time,2017,"",4.2/10,33/100,0,1,0,0,1,4.2,tt7317360,4.6,549,tvSeries,Exact (title + year),0.399999999999999
3212,3344,Redacted Tonight,2014,"",8.1/10,33/100,0,1,0,0,1,8.1,tt6773462,7.4,50,tvSeries,Exact (title + year),-0.699999999999999
3213,3345,Egg Birds,2014,"","",33/100,0,1,0,0,1,,tt6951600,8.2,12,tvSeries,Exact (title + year),
3214,3346,Activate: The Global Citizen Movement,2019,"",5.3/10,33/100,0,1,0,0,1,5.3,tt10761022,5.9,47,tvSeries,Exact (title + year),0.600000000000001
3215,3347,Larry King Now,2013,"",4.9/10,33/100,0,1,0,0,1,4.9,tt2322438,5.5,451,tvSeries,"Fuzzy (title exact, year +-1)",0.6
3216,3348,Sneaker Shopping,2014,"",7.6/10,33/100,0,1,0,0,1,7.6,,,,,Unmatched,
3217,3349,Fox News Sunday,1996,"",4.1/10,33/100,0,1,0,0,1,4.1,tt0426347,3.7,647,tvSeries,Exact (title + year),-0.399999999999999
3218,3350,Vets Saving Pets,2018,"",7.8/10,33/100,0,1,0,0,1,7.8,tt11006320,7.8,22,tvSeries,Exact (title + year),0
3219,3351,Sean in the Wild,2017,"",7.5/10,33/100,0,1,0,0,1,7.5,tt9188778,7.4,22,tvSeries,Exact (title + year),-0.0999999999999996
3220,3352,Last Call with Carson Daly,2002,16+,2.9/10,33/100,0,1,0,0,1,2.9,tt0305056,3.1,1360,tvSeries,Exact (title + year),0.2
3221,3353,THE REFLECTION,2017,18+,6.1/10,33/100,0,1,0,0,1,6.1,tt5170006,5.1,126,tvMiniSeries,Exact (title + year),-1
3222,3354,Dish Nation,2011,7+,3.6/10,33/100,0,1,0,0,1,3.6,tt1973047,3.6,755,tvSeries,Exact (title + year),0
3223,3355,Rudy Maxa's World,2008,all,7.2/10,33/100,0,1,0,0,1,7.2,tt6961868,8.2,28,tvSeries,Exact (title + year),1
3224,3356,Stick with Mick,2011,"",6.1/10,32/100,0,1,0,0,1,6.1,,,,,Unmatched,
3225,3357,Chiquis 'n Control,2012,"",8.4/10,32/100,0,1,0,0,1,8.4,tt2220570,8.2,20,tvSeries,Exact (title + year),-0.200000000000001
3226,3358,Fill in the Prank,2017,"",6.2/10,32/100,0,1,0,0,1,6.2,tt6973752,6.6,19,tvSeries,Exact (title + original-language year),0.399999999999999
3227,3359,Pressure Cook,2007,"",7.3/10,32/100,0,1,0,0,1,7.3,tt1171069,7.8,39,tvSeries,Exact (title + year),0.5
3228,3360,Man vs. Master: Chef Battle,2019,"",7.5/10,32/100,0,1,0,0,1,7.5,,,,,Unmatched,
3229,3361,Great Chocolate Showdown,2020,"",6.6/10,32/100,0,1,0,0,1,6.6,tt11399730,7,102,tvSeries,Exact (title + year),0.4
3230,3362,Utawarerumono: The False Faces,2015,16+,6.8/10,32/100,0,1,0,0,1,6.8,tt4760416,6.3,170,tvSeries,Exact (title + year),-0.5
3231,3363,Go Eco,2014,"","",32/100,0,1,0,0,1,,,,,,Unmatched,
3232,3364,UFC Fight Flashback,2014,"",7.8/10,31/100,0,1,0,0,1,7.8,tt7016024,8.6,21,tvSeries,"Fuzzy (title exact, year +-1)",0.8
3233,3365,Los Cowboys,2015,"",8.8/10,31/100,0,1,0,0,1,8.8,tt5158256,7.8,14,tvSeries,Exact (title + year),-1
3234,3366,CNBC Titans,2010,all,8.2/10,31/100,0,1,0,0,1,8.2,tt1829880,8.2,12,tvSeries,Exact (title + year),0
3235,3367,Day of Gluttony,2014,"",7.6/10,31/100,0,1,0,0,1,7.6,tt4661518,7.8,24,tvSeries,Exact (title + year),0.2
3236,3368,Make This Tonight,2020,"","",31/100,0,1,0,0,1,,,,,,Unmatched,
3237,3369,Destiny,2014,"",7.6/10,31/100,1,1,0,0,1,7.6,,,,,Unmatched,
3238,3370,Survival School,2008,"",7.3/10,31/100,0,1,0,0,1,7.3,tt1295816,7.3,26,tvSeries,Exact (title + year),0
3239,3371,LittleBabyBum,2011,"",9.0/10,31/100,0,1,0,0,1,9,,,,,Unmatched,
3240,3372,Noches con Platanito,2013,"",5.4/10,31/100,0,1,0,0,1,5.4,tt4941556,5.5,97,tvSeries,Exact (title + year),0.0999999999999996
3241,3373,Beyond the Headlines: The College Admissions Scandal with Gretchen Carlson,2019,"",5.4/10,31/100,0,1,0,0,1,5.4,tt11747954,6.3,31,tvSpecial,Exact (title + year) [non-TV type],0.9
3242,3374,La Diosa Coronada,2010,7+,7.3/10,31/100,0,1,0,0,1,7.3,tt1731860,7.4,33,tvSeries,Exact (title + year),0.100000000000001
3243,3375,HobbyKids Adventures,2019,"",2.5/10,31/100,0,1,0,0,1,2.5,tt10139982,4,113,tvSeries,Exact (title + year),1.5
3244,3376,Night Guard,2015,18+,8.0/10,31/100,0,1,0,0,1,8,,,,,Unmatched,
3245,3377,Top 30,2017,"",6.2/10,30/100,0,1,0,0,1,6.2,tt5805288,7.4,20,tvSeries,"Fuzzy (title exact, year +-1)",1.2
3246,3378,Consumer 101,2018,all,4.5/10,30/100,0,1,0,0,1,4.5,tt9088596,4.6,50,tvSeries,Exact (title + year),0.0999999999999996
3247,3379,Page Six TV,2017,7+,4.4/10,30/100,0,1,0,0,1,4.4,tt7395798,5.4,37,tvSeries,Exact (title + year),1
3248,3380,Best of BabyTV,2015,"","",30/100,0,1,0,0,1,,,,,,Unmatched,
3249,3381,Holiday Magic,2017,"",7.0/10,30/100,0,1,0,1,1,7,,,,,Unmatched,
3250,3382,The Little Rascals Classics,1931,"","",30/100,0,1,0,0,1,,,,,,Unmatched,
3251,3383,Paint Me a Story,2014,"","",30/100,0,1,0,0,1,,tt6956946,8.8,9,tvSeries,Exact (title + year),
3252,3384,Tiny Beats,2013,"","",29/100,0,1,0,0,1,,,,,,Unmatched,
3253,3385,Grey's Anatomy: B-Team,2018,"","",29/100,0,1,0,0,1,,,,,,Unmatched,
3254,3386,Corazón Valiente,2017,"","",29/100,0,1,0,0,1,,,,,,Unmatched,
3255,3387,We Day 2017,2017,"",5.5/10,29/100,0,1,0,0,1,5.5,tt7168976,5.2,15,tvSpecial,Exact (title + year) [non-TV type],-0.3
3256,3388,En La Boca Del Lobo,2014,"","",29/100,0,1,0,0,1,,tt4116480,8.7,133,tvSeries,Exact (title + original-language year),
3257,3389,ABC News Specials,2010,"",4.8/10,29/100,0,1,0,0,1,4.8,tt6963192,4.2,35,tvSeries,Exact (title + year),-0.6
3258,3390,Fields of Glory,2004,"",5.8/10,29/100,0,1,0,0,1,5.8,tt1110426,5.8,9,tvSeries,Exact (title + year),0
3259,3391,Kids Halloween Baking Championship,2016,"",5.8/10,29/100,0,1,0,0,1,5.8,tt6186918,6.5,38,tvSeries,Exact (title + year),0.7
3260,3392,Los Caballeros Las Prefieren Brutas,2011,"","",28/100,0,1,0,0,1,,tt1615325,7.5,308,tvSeries,"Fuzzy (title exact, year +-1)",
3261,3393,The Alec Baldwin Show,2018,"",3.3/10,28/100,0,1,0,0,1,3.3,tt8072678,4,396,tvSeries,Exact (title + year),0.7
3262,3394,Utano Princesama Revolutions,2015,"",4.2/10,28/100,0,1,0,0,1,4.2,,,,,Unmatched,
3263,3395,Bobby Flay's Barbecue Addiction,2011,7+,6.5/10,28/100,0,1,0,0,1,6.5,tt1974228,6.9,49,tvSeries,Exact (title + year),0.4
3264,3396,Videofashion! News,2006,"",6.3/10,28/100,0,1,1,0,1,6.3,,,,,Unmatched,
3265,3397,Behind the Bar,2011,16+,4.4/10,28/100,0,1,0,0,1,4.4,tt3267040,5.1,11,tvSeries,Exact (title + year),0.699999999999999
3266,3398,NASA 360,2008,all,7.6/10,28/100,0,1,0,0,1,7.6,tt1327783,8.4,9,tvSeries,Exact (title + year),0.800000000000001
3267,3399,Jammers,2011,"","",28/100,0,1,0,0,1,,,,,,Unmatched,
3268,3400,Four of a Kind,2011,"",5.2/10,28/100,0,1,0,0,1,5.2,tt1859792,5.8,16,tvSeries,Exact (title + year),0.6
3269,3401,The Making of Frozen: A Return to Arendelle,2016,"",7.1/10,27/100,0,1,0,0,1,7.1,tt6422886,8.9,39,tvMovie,Exact (title + year) [non-TV type],1.8
3270,3402,Hot Gay Comics,2008,18+,3.8/10,27/100,0,1,0,0,1,3.8,tt1419884,3.6,49,tvSeries,Exact (title + year),-0.2
3271,3403,Amar y Temer,2011,"","",26/100,0,1,0,0,1,,tt1895656,8.6,38,tvSeries,Exact (title + year),
3272,3404,Hysterical,2021,"","",26/100,0,1,0,0,1,,tt10773654,7.2,581,movie,Exact (title + year) [non-TV type],
3273,3405,Walter and Dude,2012,"","",26/100,0,1,0,0,1,,,,,,Unmatched,
3274,3406,Songs & Rhymes,2012,"","",26/100,0,1,0,0,1,,,,,,Unmatched,
3275,3407,She's Living for This,2012,18+,5.5/10,26/100,0,1,0,0,1,5.5,tt2272627,5.9,38,tvSeries,Exact (title + year),0.4
3276,3408,Pim & Pimba,2011,"","",26/100,0,1,0,0,1,,,,,,Unmatched,
3277,3409,Gordon Ramsay's American Road trip,2021,"","",26/100,0,1,0,0,1,,tt15833524,8,277,tvSpecial,Exact (title + year) [non-TV type],
3278,3411,Charlie & the Numbers,2011,"","",25/100,0,1,0,0,1,,,,,,Unmatched,
3279,3412,AwesomenessTV,2013,7+,2.4/10,25/100,0,1,0,0,1,2.4,tt3100634,2.8,422,tvSeries,Exact (title + year),0.4
3280,3413,On the Run Eating,2018,7+,"",25/100,0,1,0,0,1,,tt7345688,4.6,14,tvSeries,Exact (title + year),
3281,3414,Crafty Rafty,2014,"","",25/100,0,1,0,0,1,,,,,,Unmatched,
3282,3415,Counting On,2015,"","",25/100,0,1,0,0,1,,tt5402696,4.2,426,tvSeries,Exact (title + year),
3283,3416,Los Beltrán,1999,"","",25/100,0,1,0,0,1,,tt0256546,8.3,33,tvSeries,Exact (title + year),
3284,3417,Modd Couples,2015,18+,5.3/10,24/100,0,1,0,0,1,5.3,tt4786552,5.3,8,tvSeries,Exact (title + year),0
3285,3418,Draco,2011,"","",24/100,0,1,0,0,1,,,,,,Unmatched,
3286,3419,Tricky Tracks,2012,"","",23/100,0,1,0,0,1,,,,,,Unmatched,
3287,3420,Oliver Discovers,2014,"","",23/100,0,1,0,0,1,,,,,,Unmatched,
3288,3421,Kenny & Goorie,2011,"","",23/100,0,1,0,0,1,,tt6963280,7.4,7,tvSeries,Exact (title + year),
3289,3422,In the Giggle Park,2014,"","",23/100,0,1,0,0,1,,,,,,Unmatched,
3290,3423,Concertino,2011,"","",23/100,0,1,0,0,1,,,,,,Unmatched,
3291,3424,Pitch & Potch,2014,"","",22/100,0,1,0,0,1,,,,,,Unmatched,
3292,3425,ABC Primetime Nightline,2011,"","",22/100,0,1,0,0,1,,,,,,Unmatched,
3293,3426,Hippa Hey,2011,"","",22/100,0,1,0,0,1,,,,,,Unmatched,
3294,3427,Absolutely Ascot,2018,"","",22/100,0,1,0,0,1,,tt12712056,6.9,13,tvSeries,Exact (title + year),
3295,3428,Cuddlies,2011,"","",22/100,0,1,0,0,1,,tt6964616,8.4,11,tvSeries,Exact (title + year),
3296,3429,"Tengo Talento, Mucho Talento",2012,"","",22/100,0,1,0,0,1,,,,,,Unmatched,
3297,3430,Lo Que Callamos Las Mujeres,2012,"","",21/100,0,1,0,0,1,,tt4067372,7.3,42,tvSeries,"Fuzzy (title exact, year +-1)",
3298,3431,Grey's Anatomy: Post-Op,2017,"","",21/100,0,1,0,0,1,,tt8263372,4.5,33,tvMiniSeries,Exact (title + year),
3299,3432,Unusual Suspects: Deadly Intent,2017,"","",21/100,0,1,0,0,1,,tt16636174,7.6,61,tvSeries,Exact (title + year),
3300,3433,Bride and Prejudice: Forbidden Love,2020,"","",21/100,0,1,0,0,1,,,,,,Unmatched,
3301,3434,Impact Wrestling,2006,"","",21/100,0,1,0,0,1,,,,,,Unmatched,
3302,3435,Bath & Bed,2011,"","",21/100,0,1,0,0,1,,,,,,Unmatched,
3303,3436,South Park en Español,1997,"","",21/100,0,1,0,0,1,,,,,,Unmatched,
3304,3437,Savage Kingdom,2016,"","",21/100,0,1,0,0,1,,tt6498784,8.4,621,tvSeries,Exact (title + year),
3305,3438,Taraji and Terrence's White Hot Holidays,2015,"","",20/100,0,1,0,0,1,,tt5437608,7,31,tvSpecial,Exact (title + year) [non-TV type],
3306,3439,Wilderness Vet,2016,"","",20/100,0,1,0,0,1,,tt6974330,8.6,16,tvSeries,Exact (title + year),
3307,3440,What's New With Hulu,2019,"","",20/100,0,1,0,0,1,,,,,,Unmatched,
3308,3441,Mr. Snail,2014,"","",20/100,0,1,0,0,1,,,,,,Unmatched,
3309,3442,Play Time,2008,"","",20/100,0,1,0,0,1,,tt1377764,6.6,13,short,Exact (title + year) [non-TV type],
3310,3443,Rosaline,2016,"","",19/100,0,1,0,0,1,,tt6958746,7.5,14,tvSeries,Exact (title + year),
3311,3444,Drag Me,2020,"","",19/100,0,1,0,0,1,,,,,,Unmatched,
3312,3445,WildWoods,2017,"","",19/100,0,1,0,0,1,,tt7586268,9,21,tvSeries,Exact (title + year),
3313,3446,The Shirley Temple Collection,1960,"","",19/100,0,1,0,0,1,,,,,,Unmatched,
3314,3447,31 Nights of Halloween Fan Fest,2019,"","",19/100,0,1,0,0,1,,tt11039560,7.3,16,tvSpecial,Exact (title + year) [non-TV type],
3315,3448,Flip and Flash,2014,"","",19/100,0,1,0,0,1,,,,,,Unmatched,
3316,3449,Sad Hot Girls,2017,"","",19/100,0,1,0,0,1,,,,,,Unmatched,
3317,3450,5 Levels,2017,"","",19/100,0,1,0,0,1,,,,,,Unmatched,
3318,3451,WIRED's Autocomplete Interviews,2016,"","",19/100,0,1,1,0,1,,,,,,Unmatched,
3319,3452,Tinder Takeover,2016,"","",19/100,0,1,0,0,1,,,,,,Unmatched,
3320,3453,Superstructures: Engineering Marvels,2019,"","",18/100,0,1,0,0,1,,tt11439910,7.4,107,tvSeries,Exact (title + year),
3321,3454,Ryan's World Specials presented by pocket.watch,2019,"","",18/100,0,1,0,0,1,,tt14595212,2.4,47,tvSeries,Exact (title + year),
3322,3455,Billy Bam Bam,2011,"","",18/100,0,1,0,0,1,,,,,,Unmatched,
3323,3456,Popcorn With Peter Travers,2010,"","",18/100,0,1,0,0,1,,tt5326328,6.9,32,tvSeries,"Fuzzy (title exact, year +-1)",
3324,3457,The Oscars,1995,"","",18/100,0,1,0,0,1,,,,,,Unmatched,
3325,3458,BBQuest,2018,"","",18/100,0,1,0,0,1,,tt10051598,6.6,32,tvSeries,Exact (title + year),
3326,3459,Pasión de Gavilanes,2003,"","",18/100,0,1,0,0,1,,tt0387763,7.8,3345,tvSeries,Exact (title + original-language year),
3327,3460,Celebrity Living,2015,"","",18/100,0,1,0,0,1,,,,,,Unmatched,
3328,3461,Lost in the Supermarket,2016,"","",18/100,0,1,0,0,1,,,,,,Unmatched,
3329,3462,Maya and Yaya,2014,"","",18/100,0,1,0,0,1,,,,,,Unmatched,
3330,3463,Red Nose Day,2015,"","",18/100,0,1,0,0,1,,tt4688342,6.7,70,tvSpecial,Exact (title + year) [non-TV type],
3331,3464,The Big Vote,2018,"","",18/100,0,1,0,0,1,,,,,,Unmatched,
3332,3465,Sophie La Girafe,2017,"","",18/100,0,1,0,0,1,,,,,,Unmatched,
3333,3466,pocket.watch EvanTubeHD mishmash,2018,"","",17/100,0,1,0,0,1,,,,,,Unmatched,
3334,3467,Wooly,2010,"","",17/100,0,1,0,0,1,,,,,,Unmatched,
3335,3468,Election Cycle,2016,"","",17/100,0,1,0,0,1,,,,,,Unmatched,
3336,3469,Handcrafted,2017,"","",17/100,0,1,1,0,1,,tt12311178,8.8,8,tvSeries,Exact (title + year),
3337,3470,Ultimate Survival WWII,2019,"","",17/100,0,1,0,0,1,,tt13779496,8,113,tvSeries,Exact (title + year),
3338,3471,Tasty 101,2016,"","",17/100,0,1,1,0,1,,,,,,Unmatched,
3339,3472,Chief Kim,2017,"","",17/100,0,1,0,0,1,,,,,,Unmatched,
3340,3473,Eating Your Feed,2018,"","",17/100,0,1,1,0,1,,,,,,Unmatched,
3341,3474,A Murder on Orchard Street,2017,"","",16/100,0,1,0,0,1,,tt7429056,7,10,tvMiniSeries,Exact (title + year),
3342,3475,Grandpa Joe's Magical Playground,2015,"","",16/100,0,1,0,0,1,,tt6954448,6,9,tvSeries,Exact (title + year),
3343,3476,Mom In Progress,2018,"","",16/100,0,1,1,0,1,,,,,,Unmatched,
3344,3477,Fear Box,2018,"","",16/100,0,1,0,0,1,,,,,,Unmatched,
3345,3478,Canciones infantiles,2012,"","",16/100,0,1,0,0,1,,,,,,Unmatched,
3346,3479,OUT: Face to Face,2010,"","",16/100,0,1,0,0,1,,,,,,Unmatched,
3347,3480,10 Essentials,2013,"","",16/100,0,1,1,0,1,,,,,,Unmatched,
3348,3481,A Brief History,2016,"","",16/100,0,1,0,0,1,,,,,,Unmatched,
3349,3482,"Stop, Breathe & Think Kids: Mindful Games",2017,"","",16/100,0,1,0,0,1,,,,,,Unmatched,
3350,3483,pocket.watch JillianTubeHD Ultimate mishmash,2018,"","",16/100,0,1,0,0,1,,,,,,Unmatched,
3351,3484,pocket.watch HobbyKidsTV mishmash,2018,"","",16/100,0,1,0,0,1,,,,,,Unmatched,
3352,3485,Heritage,2015,"","",16/100,0,1,0,0,1,,,,,,Unmatched,
3353,3486,The Champion Within,2017,"","",16/100,0,1,0,0,1,,tt11006446,7.5,8,tvSeries,Exact (title + year),
3354,3487,Real Estate with Rosanna,2017,"","",16/100,0,1,0,0,1,,,,,,Unmatched,
3355,3488,Around The Way,2019,"","",16/100,0,1,0,0,1,,tt10056648,4.9,35,tvSeries,Exact (title + year),
3356,3489,TRANsitioning,2017,"","",16/100,0,1,0,0,1,,tt13199208,6.8,13,tvSeries,Exact (title + year),
3357,3490,GMA Day,2018,"","",16/100,0,1,0,0,1,,tt9114330,3.2,208,tvSeries,Exact (title + original-language year),
3358,3491,Magnificent Obsessions,2014,"","",14/100,0,1,0,0,1,,,,,,Unmatched,
3359,3492,Jeremiah Bullfrog Forks It,2017,"","",14/100,0,1,0,0,1,,,,,,Unmatched,
3360,3493,MOJO's The Circuit,2008,"","",14/100,0,1,0,0,1,,,,,,Unmatched,
3361,3494,ABC News Documentaries,2015,"","",14/100,0,1,0,0,1,,,,,,Unmatched,
3362,3495,Asia's Underworld,2012,"","",14/100,0,1,1,0,1,,tt7119406,6.6,12,tvSeries,"Fuzzy (title exact, year +-1)",
3363,3496,pocket.watch CaptainSparklez mishmash,2018,"","",14/100,0,1,0,0,1,,,,,,Unmatched,
3364,3497,Trials of the Wild,2018,"","",14/100,0,1,0,0,1,,,,,,Unmatched,
3365,3498,Ventaneando,2012,"","",14/100,0,1,0,0,1,,,,,,Unmatched,
3366,3499,Truth and Lies: Watergate,2017,"","",14/100,0,1,0,0,1,,tt7600780,7.6,20,movie,Exact (title + year) [non-TV type],
3367,3500,Bondi Harvest,2018,"","",14/100,0,1,0,0,1,,,,,,Unmatched,
3368,3501,#ThatsHarassment,2018,"","",14/100,0,1,1,0,1,,,,,,Unmatched,
3369,3502,Caption Contest,2017,"","",14/100,0,1,0,0,1,,,,,,Unmatched,
3370,3503,The 76th Annual Golden Globe Awards,2019,"","",14/100,0,1,0,0,1,,,,,,Unmatched,
3371,3504,Almost Impossible,2017,"","",14/100,0,1,0,0,1,,,,,,Unmatched,
3372,3505,Luke Gamble's Vet Adventures,2010,"","",14/100,0,1,1,0,1,,,,,,Unmatched,
3373,3506,On This Day in Black History Month,2019,"","",14/100,0,1,0,0,1,,,,,,Unmatched,
3374,3507,Rudy Maxa's Travel,2001,"","",14/100,0,1,1,0,1,,,,,,Unmatched,
3375,3508,Health + Happiness with Mayo Clinic,2018,"","",14/100,0,1,0,0,1,,,,,,Unmatched,
3376,3509,ESL: Replay,2017,"","",14/100,0,1,0,0,1,,,,,,Unmatched,
3377,3510,Style Evolution,2018,"","",14/100,0,1,0,0,1,,,,,,Unmatched,
3378,3511,Limomasters (Espanol),2014,"","",14/100,0,1,0,0,1,,,,,,Unmatched,
3379,3512,The Adventures of Dr. Buckeye Bottoms,2017,"","",14/100,0,1,0,0,1,,tt8343728,8.9,48,tvSeries,Exact (title + year),
3380,3513,"I Draw, You Cook",2018,"","",14/100,0,1,0,0,1,,,,,,Unmatched,
3381,3514,Triumph,2016,"","",14/100,0,1,0,0,1,,,,,,Unmatched,
3382,3515,Aurora,2010,"","",14/100,1,1,0,0,1,,tt1807106,6.7,258,tvSeries,Exact (title + year),
3383,3516,ESL: Player vs Player,2017,"","",14/100,0,1,0,0,1,,,,,,Unmatched,
3384,3517,BabyFirst Nursery Songs,2015,"","",14/100,0,1,0,0,1,,,,,,Unmatched,
3385,3518,Legendary Catch,2019,"","",14/100,0,1,0,0,1,,,,,,Unmatched,
3386,3519,ESL: Defining Moments,2017,"","",14/100,0,1,0,0,1,,,,,,Unmatched,
3387,3520,Dick Clark's Primetime New Year's Rockin' Eve,2013,"","",14/100,0,1,0,0,1,,,,,,Unmatched,
3388,3521,pocket.watch Ryan Toys Review Ultimate mishmash,2018,"","",14/100,0,1,0,0,1,,tt8927308,3.7,38,tvSeries,Exact (title + year),
3389,3522,El Sexo Débil,2015,"","",14/100,0,1,0,0,1,,,,,,Unmatched,
3390,3523,48 Hours with Kygo,2019,"","",14/100,0,1,0,0,1,,,,,,Unmatched,
3391,3524,Talks at GS,2017,"","",14/100,0,1,1,0,1,,,,,,Unmatched,
3392,3525,Magic Eye Shark Movie,2013,"","",14/100,0,1,0,0,1,,,,,,Unmatched,
3393,3526,Blissful Thinking,2017,"","",14/100,0,1,0,0,1,,,,,,Unmatched,
3394,3527,The Paley Center,2000,"","",13/100,0,1,0,0,1,,,,,,Unmatched,
3395,3528,Mujeres Rompiendo el Silencio,2017,"","",13/100,0,1,0,0,1,,,,,,Unmatched,
3396,3529,24 Hours With,2018,"","",13/100,0,1,0,0,1,,,,,,Unmatched,
3397,3530,Crime Shock: Asia Exposed,2013,"","",13/100,0,1,0,0,1,,,,,,Unmatched,
3398,3531,UFC Ultimate Knockouts,2014,"","",13/100,0,1,0,0,1,,,,,,Unmatched,
3399,3532,Thingstarter,2013,"","",13/100,0,1,0,0,1,,,,,,Unmatched,
3400,3533,Derek Does Stuff with a Friend,2016,"","",13/100,0,1,0,0,1,,,,,,Unmatched,
3401,3535,Food Fetish,2011,"","",13/100,0,1,0,0,1,,,,,,Unmatched,
3402,3536,NASA Television Documentaries,2015,"","",13/100,0,1,0,0,1,,,,,,Unmatched,
3403,3537,Dates (US),2015,"","",13/100,0,1,0,0,1,,,,,,Unmatched,
3404,3538,Politicking with Larry King,2013,"","",13/100,0,1,0,0,1,,tt5136220,6.2,53,tvSeries,"Fuzzy (title exact, year +-1)",
3405,3539,Especiales de Historia de México,2012,"","",13/100,0,1,0,0,1,,,,,,Unmatched,
3406,3540,It's Alive with Brad,2018,"","",13/100,0,1,1,0,1,,,,,,Unmatched,
3407,3541,Obsessed (WIRED),2017,"","",13/100,0,1,0,0,1,,,,,,Unmatched,
3408,3542,Secrets of Your Mind,2010,"","",13/100,0,1,0,0,1,,,,,,Unmatched,
3409,3543,Secret Talent Theatre,2016,"","",13/100,0,1,0,0,1,,,,,,Unmatched,
3410,3544,The Bravest Knight Who Ever Lived,2014,"","",13/100,0,1,0,0,1,,tt13905898,7.6,9,short,"Fuzzy (title exact, year +-1) [non-TV type]",
3411,3545,Puertas al Mas Alla,2012,"","",13/100,0,1,0,0,1,,,,,,Unmatched,
3412,3546,Out of Office with Brent Rose,2015,"","",13/100,0,1,1,0,1,,,,,,Unmatched,
3413,3547,Things I Do,2015,"","",13/100,0,1,0,0,1,,,,,,Unmatched,
3414,3548,El Negocio,2014,"","",13/100,0,1,0,0,1,,,,,,Unmatched,
3415,3549,Pop Trigger,2012,"","",13/100,0,1,0,0,1,,tt3170940,6.5,45,tvSeries,Exact (title + year),
3416,3550,Pégate a Mick,2014,"","",13/100,0,1,0,0,1,,,,,,Unmatched,
3417,3551,Bioterrorism: The Truth,2016,"","",13/100,0,1,0,0,1,,,,,,Unmatched,
3418,3552,Get Sweaty,2016,"","",13/100,0,1,0,0,1,,,,,,Unmatched,
3419,3553,Entre Caníbales,2015,"","",13/100,0,1,0,0,1,,tt4262710,7.6,161,tvSeries,Exact (title + original-language year),
3420,3554,Fantasy Forecast,2016,"","",13/100,0,1,0,0,1,,,,,,Unmatched,
3421,3555,Heart of a Champion,2016,"","",13/100,0,1,0,0,1,,,,,,Unmatched,
3422,3556,Raw. Vegan. Not Gross.,2013,"","",13/100,0,1,0,0,1,,,,,,Unmatched,
3423,3557,ABC News | Garage Geniuses,2016,"","",10/100,0,1,0,0,1,,,,,,Unmatched,
3424,3558,Jenni Rivera La Vida de Una Diva,2013,"","",10/100,0,1,0,0,1,,,,,,Unmatched,
3425,3559,UFC Presents,2013,"","",10/100,0,1,0,0,1,,,,,,Unmatched,
3426,3560,Earth From Above,2011,"","",10/100,0,1,0,0,1,,,,,,Unmatched,
3427,3561,Strait Talk with Matt & LZ,2016,"","",10/100,0,1,0,0,1,,,,,,Unmatched,
3428,3562,Epic Conversations,2016,"","",10/100,0,1,0,0,1,,,,,,Unmatched,
3429,3563,ESL Bootcamp: Immortals,2017,"","",10/100,0,1,0,0,1,,,,,,Unmatched,
3430,3564,Twitter Tech Support,2017,"","",10/100,0,1,0,0,1,,,,,,Unmatched,
3431,3565,On Stage,2017,"","",10/100,0,1,0,0,1,,,,,,Unmatched,
3432,3566,Gen H,2012,"","",10/100,0,1,0,0,1,,,,,,Unmatched,
3433,3567,Because of an Earlier Incident,2012,"","",10/100,0,1,0,0,1,,tt6951580,4,9,tvSeries,Exact (title + year),
3434,3568,Andy Explores,2019,"","",10/100,0,1,0,0,1,,,,,,Unmatched,
3435,3569,Laughs,2015,"","",10/100,0,1,0,0,1,,tt3902002,8.2,87,tvSeries,"Fuzzy (title exact, year +-1)",
3436,3570,Technique Critique,2016,"","",10/100,0,1,0,0,1,,,,,,Unmatched,
3437,3571,Time for Bed with Punam Patel,2017,"","",10/100,0,1,0,0,1,,,,,,Unmatched,
3438,3572,A Woman's Job,2017,"","",10/100,0,1,0,0,1,,,,,,Unmatched,
3439,3573,Hello World,2016,"","",10/100,0,1,0,0,1,,tt5759248,7.6,22,tvSeries,Exact (title + year),
3440,3574,Modern Baby,2019,"","",10/100,0,1,0,0,1,,,,,,Unmatched,
3441,3575,Tiny Nuts,2014,"","",10/100,0,1,0,0,1,,tt3634624,6.1,25,tvSeries,Exact (title + year),
3442,3576,Newsy,2016,"","",10/100,0,1,0,0,1,,,,,,Unmatched,
3443,3577,"Build Small, Live Anywhere",2015,"","",10/100,0,1,0,0,1,,,,,,Unmatched,
3444,3578,Going Si-ral,2016,"","",10/100,0,1,0,0,1,,tt6442382,6.8,94,tvSeries,Exact (title + year),
3445,3579,ABC News | Features,2016,"","",10/100,0,1,0,0,1,,,,,,Unmatched,
3446,3581,The Boys,2019,18+,8.7/10,93/100,0,0,1,0,1,8.7,tt1190634,8.5,1014228,tvSeries,Exact (title + year),-0.199999999999999
3447,3583,Dexter,2006,18+,8.6/10,92/100,0,0,1,0,1,8.6,tt0773262,8.6,947328,tvSeries,Exact (title + year),0
3448,3584,House,2004,16+,8.7/10,92/100,0,0,1,0,1,8.7,tt0412142,8.7,597347,tvSeries,Exact (title + year),0
3449,3585,Mr. Robot,2015,18+,8.5/10,91/100,0,0,1,0,1,8.5,tt4158110,8.5,471993,tvSeries,Exact (title + year),0
3450,3588,The Expanse,2015,16+,8.5/10,90/100,0,0,1,0,1,8.5,tt3230854,8.5,193721,tvSeries,Exact (title + year),0
3451,3590,Bosch,2015,18+,8.4/10,88/100,0,0,1,0,1,8.4,tt3502248,8.5,98500,tvSeries,"Fuzzy (title exact, year +-1)",0.0999999999999996
3452,3591,Invincible,2021,18+,8.7/10,88/100,0,0,1,1,1,8.7,tt6741278,8.7,348881,tvSeries,Exact (title + year),0
3453,3592,Fleabag,2016,18+,8.7/10,88/100,0,0,1,0,1,8.7,tt5687612,8.7,250379,tvSeries,Exact (title + year),0
3454,3594,The Americans,2013,18+,8.4/10,87/100,0,0,1,0,1,8.4,tt2149175,8.4,125387,tvSeries,Exact (title + year),0
3455,3595,Billions,2016,18+,8.4/10,87/100,0,0,1,0,1,8.4,tt4270492,8.3,118633,tvSeries,Exact (title + year),-0.0999999999999996
3456,3597,The Marvelous Mrs. Maisel,2017,18+,8.7/10,86/100,0,0,1,0,1,8.7,tt5788792,8.6,159505,tvSeries,Exact (title + year),-0.0999999999999996
3457,3600,Psych,2006,7+,8.3/10,86/100,0,0,1,0,1,8.3,tt0491738,8.4,121241,tvSeries,Exact (title + year),0.0999999999999996
3458,3601,The Night Manager,2016,16+,8.1/10,86/100,0,0,1,0,1,8.1,tt1399664,8,141140,tvSeries,Exact (title + year),-0.0999999999999996
3459,3603,Unforgotten,2018,18+,8.3/10,85/100,0,0,1,0,1,8.3,tt9046048,6.8,23,movie,Exact (title + year) [non-TV type],-1.5
3460,3604,Orphan Black,2013,18+,8.3/10,85/100,0,0,1,0,1,8.3,tt2234222,8.3,125538,tvSeries,Exact (title + year),0
3461,3605,Chuck,2007,16+,8.2/10,85/100,0,1,1,0,1,8.2,tt0934814,8.2,154345,tvSeries,Exact (title + year),0
3462,3607,The Fall,2013,18+,8.1/10,85/100,0,0,1,0,1,8.1,,,,,Unmatched,
3463,3609,Tom Clancy's Jack Ryan,2018,18+,8.1/10,84/100,0,0,1,0,1,8.1,,,,,Unmatched,
3464,3611,The Pacific,2010,18+,8.3/10,83/100,0,0,1,0,1,8.3,tt0374463,8.3,144883,tvMiniSeries,Exact (title + year),0
3465,3612,Good Omens,2019,18+,8.1/10,83/100,0,0,1,0,1,8.1,tt1869454,8,126822,tvSeries,Exact (title + year),-0.0999999999999996
3466,3614,The Man in the High Castle,2015,18+,8.0/10,83/100,0,0,1,0,1,8,tt1740299,7.9,125546,tvSeries,Exact (title + year),-0.0999999999999996
3467,3615,Grimm,2011,16+,7.8/10,83/100,0,0,1,0,1,7.8,tt1830617,7.9,141663,tvSeries,Exact (title + year),0.100000000000001
3468,3616,The Family Man,2019,16+,8.8/10,83/100,0,0,1,0,1,8.8,tt9544034,8.7,113402,tvSeries,Exact (title + year),-0.100000000000001
3469,3620,Upload,2020,18+,8.0/10,82/100,0,0,1,0,1,8,tt7826376,7.7,90867,tvSeries,Exact (title + year),-0.3
3470,3622,Counterpart,2017,18+,8.1/10,82/100,0,0,1,0,1,8.1,tt4643084,8,34897,tvSeries,Exact (title + year),-0.0999999999999996
3471,3624,Monk,2002,16+,8.0/10,81/100,0,0,1,0,1,8,tt0312172,8.1,102400,tvSeries,Exact (title + year),0.0999999999999996
3472,3626,The Grand Tour,2016,16+,8.7/10,81/100,0,0,1,0,1,8.7,tt5712554,8.7,95495,tvSeries,Exact (title + year),0
3473,3627,Black Books,2000,7+,8.5/10,81/100,0,0,1,0,1,8.5,tt0262150,8.4,64629,tvSeries,Exact (title + year),-0.0999999999999996
3474,3628,Californication,2007,18+,8.3/10,81/100,0,0,1,0,1,8.3,tt0904208,8.3,195747,tvSeries,Exact (title + year),0
3475,3629,Eureka,2006,16+,7.9/10,81/100,0,0,1,0,1,7.9,tt0796264,7.9,62059,tvSeries,Exact (title + year),0
3476,3630,Animal Kingdom,2016,18+,8.2/10,80/100,0,0,1,0,1,8.2,tt5574490,8.2,59267,tvSeries,Exact (title + year),0
3477,3633,Humans,2015,16+,8.0/10,80/100,0,0,1,0,1,8,tt4122068,7.9,46291,tvSeries,Exact (title + year),-0.0999999999999996
3478,3634,Endeavour,2013,16+,8.6/10,80/100,0,0,1,0,1,8.6,tt2701582,8.6,38280,tvSeries,"Fuzzy (title exact, year +-1)",0
3479,3635,Alias,2001,16+,7.6/10,80/100,0,0,1,0,1,7.6,tt0285333,7.6,58047,tvSeries,Exact (title + year),0
3480,3636,The Missing,2014,18+,8.2/10,80/100,0,0,1,0,1,8.2,tt3877200,8.1,32663,tvSeries,Exact (title + year),-0.0999999999999996
3481,3637,Sneaky Pete,2015,18+,8.1/10,79/100,0,0,1,0,1,8.1,tt5011816,8,48811,tvSeries,Exact (title + year),-0.0999999999999996
3482,3638,Father Ted,1995,16+,8.6/10,79/100,0,0,1,0,1,8.6,tt0111958,8.6,48158,tvSeries,Exact (title + year),0
3483,3639,The Mentalist,2008,16+,8.1/10,79/100,0,0,1,0,1,8.1,tt1196946,8.2,238959,tvSeries,Exact (title + year),0.0999999999999996
3484,3640,The Thick of It,2005,18+,8.7/10,79/100,0,0,1,0,1,8.7,tt0459159,8.7,29614,tvSeries,Exact (title + year),0
3485,3641,The Lost Room,2006,7+,8.2/10,79/100,0,0,1,0,1,8.2,tt0830361,8.1,35174,tvMiniSeries,Exact (title + year),-0.0999999999999996
3486,3644,River,2015,7+,8.0/10,79/100,0,0,1,0,1,8,tt4258440,7.9,30407,tvMiniSeries,Exact (title + year),-0.0999999999999996
3487,3646,The Affair,2014,18+,7.9/10,78/100,0,0,1,0,1,7.9,tt2699110,7.9,52265,tvSeries,Exact (title + year),0
3488,3647,Undone,2019,18+,8.2/10,78/100,0,0,1,0,1,8.2,tt8101850,8.2,26997,tvSeries,Exact (title + year),0
3489,3649,Poldark,2015,16+,8.3/10,78/100,0,0,1,0,1,8.3,tt3636060,8.2,41190,tvSeries,Exact (title + year),-0.100000000000001
3490,3650,Carnival Row,2019,18+,7.9/10,78/100,0,0,1,0,1,7.9,tt0489974,7.6,89108,tvSeries,Exact (title + year),-0.300000000000001
3491,3651,Wayne,2019,18+,8.4/10,78/100,0,0,1,0,1,8.4,tt7765404,8.3,24343,tvSeries,Exact (title + year),-0.0999999999999996
3492,3652,Farscape,1999,16+,8.2/10,78/100,0,0,1,0,1,8.2,tt0187636,8.2,43074,tvSeries,Exact (title + year),0
3493,3653,Victoria,2016,16+,8.2/10,78/100,0,0,1,0,1,8.2,tt5137338,8.2,35164,tvSeries,Exact (title + year),0
3494,3654,Goliath,2016,16+,8.1/10,77/100,0,0,1,0,1,8.1,tt4687880,8.1,64225,tvSeries,Exact (title + year),0
3495,3655,Catastrophe,2015,18+,8.2/10,77/100,0,0,1,0,1,8.2,,,,,Unmatched,
3496,3656,Hanna,2019,18+,7.5/10,77/100,0,0,1,0,1,7.5,tt6932244,7.6,46149,tvSeries,Exact (title + year),0.0999999999999996
3497,3659,SpongeBob SquarePants,1999,7+,8.2/10,77/100,0,0,1,0,1,8.2,tt0206512,8.2,127153,tvSeries,Exact (title + year),0
3498,3660,Extras,2005,18+,8.3/10,77/100,0,0,1,0,1,8.3,tt0445114,8.3,63771,tvSeries,Exact (title + year),0
3499,3661,Two and a Half Men,2003,16+,7.0/10,77/100,0,0,1,0,1,7,tt0369179,7.1,299788,tvSeries,Exact (title + year),0.0999999999999996
3500,3662,Escape at Dannemora,2018,18+,8.0/10,77/100,0,0,1,0,1,8,tt6866266,7.9,34254,tvMiniSeries,Exact (title + year),-0.0999999999999996
3501,3663,Patriot,2015,18+,8.3/10,77/100,0,0,1,0,1,8.3,tt4687882,8.2,21643,tvSeries,Exact (title + year),-0.100000000000001
3502,3667,Modern Love,2019,18+,8.0/10,76/100,0,0,1,0,1,8,tt8543390,7.9,40556,tvSeries,Exact (title + year),-0.0999999999999996
3503,3668,Clarkson's Farm,2021,7+,9.2/10,76/100,0,0,1,0,1,9.2,tt10541088,9,89206,tvSeries,Exact (title + year),-0.199999999999999
3504,3671,Gavin & Stacey,2007,16+,8.1/10,75/100,0,0,1,0,1,8.1,tt0908454,8.2,28407,tvSeries,Exact (title + year),0.0999999999999996
3505,3672,Homecoming,2018,18+,7.5/10,74/100,0,0,1,0,1,7.5,tt7008682,7.4,29616,tvSeries,Exact (title + year),-0.0999999999999996
3506,3673,City on a Hill,2019,18+,7.6/10,74/100,0,0,1,0,1,7.6,tt7187044,7.6,17232,tvSeries,Exact (title + year),0
3507,3674,Patrick Melrose,2018,18+,8.1/10,74/100,0,0,1,0,1,8.1,tt6586318,8,35669,tvMiniSeries,Exact (title + year),-0.0999999999999996
3508,3675,Queer as Folk,1999,18+,8.2/10,74/100,0,0,1,0,1,8.2,tt0185102,8.2,8255,tvSeries,Exact (title + year),0
3509,3676,Flack,2019,16+,7.2/10,74/100,0,0,1,0,1,7.2,tt8128344,7.3,6780,tvSeries,Exact (title + year),0.0999999999999996
3510,3677,Mozart in the Jungle,2014,18+,8.1/10,74/100,0,0,1,0,1,8.1,tt3502172,8.1,27237,tvSeries,Exact (title + year),0
3511,3678,The Tick,2016,7+,7.4/10,74/100,0,0,1,0,1,7.4,tt5540054,7.4,21470,tvSeries,Exact (title + year),0
3512,3682,Tales from the Loop,2020,18+,7.5/10,72/100,0,0,1,0,1,7.5,tt8741290,7.4,26878,tvSeries,Exact (title + year),-0.0999999999999996
3513,3683,Fortitude,2015,18+,7.4/10,72/100,0,0,1,0,1,7.4,tt3498622,7.3,25129,tvSeries,Exact (title + year),-0.100000000000001
3514,3684,The Tunnel,2013,18+,7.9/10,72/100,0,0,1,0,1,7.9,tt2711738,7.9,12033,tvSeries,Exact (title + year),0
3515,3685,The Wilds,2020,16+,7.3/10,72/100,0,0,1,0,1,7.3,tt8633062,7.3,27532,tvSeries,Exact (title + year),0
3516,3686,A Very English Scandal,2018,16+,7.7/10,72/100,0,0,1,0,1,7.7,tt6938856,7.6,18457,tvMiniSeries,Exact (title + year),-0.100000000000001
3517,3687,Salvation,2017,16+,7.0/10,72/100,0,0,1,0,1,7,tt6170874,6.9,25603,tvSeries,Exact (title + year),-0.0999999999999996
3518,3688,The Underground Railroad,2021,18+,7.3/10,72/100,0,0,1,0,1,7.3,tt6704972,7.4,9636,tvMiniSeries,Exact (title + year),0.100000000000001
3519,3689,Red Oaks,2014,18+,7.9/10,72/100,0,0,1,0,1,7.9,tt3973820,7.9,13997,tvSeries,Exact (title + year),0
3520,3691,Tell Me Your Secrets,2021,18+,7.4/10,72/100,0,0,1,0,1,7.4,tt7177890,7.3,12595,tvSeries,Exact (title + year),-0.100000000000001
3521,3692,Transparent,2014,18+,7.7/10,72/100,0,0,1,0,1,7.7,tt3502262,7.8,24537,tvSeries,Exact (title + year),0.0999999999999996
3522,3693,Loudermilk,2017,18+,7.8/10,72/100,0,0,1,0,1,7.8,tt5957766,7.8,23844,tvSeries,Exact (title + year),0
3523,3694,Britannia,2018,16+,6.8/10,72/100,0,0,1,0,1,6.8,tt5932548,6.9,19307,tvSeries,"Fuzzy (title exact, year +-1)",0.100000000000001
3524,3695,ZeroZeroZero,2020,18+,8.2/10,71/100,0,0,1,0,1,8.2,tt8332438,8.1,33190,tvMiniSeries,"Fuzzy (title exact, year +-1)",-0.0999999999999996
3525,3696,Philip K. Dick's Electric Dreams,2017,18+,7.3/10,71/100,0,0,1,0,1,7.3,,,,,Unmatched,
3526,3700,Vinland Saga,2019,"",8.8/10,71/100,0,0,1,0,1,8.8,tt10233448,8.9,146317,tvSeries,Exact (title + year),0.0999999999999996
3527,3703,Truth Seekers,2020,16+,7.1/10,71/100,0,0,1,0,1,7.1,tt7907922,7,16383,tvSeries,Exact (title + year),-0.0999999999999996
3528,3704,"Magnum, P.I.",1980,7+,7.5/10,70/100,0,0,1,0,1,7.5,tt0080240,7.5,31971,tvSeries,Exact (title + year),0
3529,3705,Hunters,2020,18+,7.2/10,70/100,0,0,1,0,1,7.2,tt7456722,7.2,57412,tvSeries,Exact (title + year),0
3530,3707,"Eerie, Indiana",1991,7+,8.2/10,70/100,0,0,1,0,1,8.2,tt0101088,8.2,7092,tvSeries,Exact (title + year),0
3531,3708,The Andy Griffith Show,1960,all,8.3/10,70/100,0,0,1,0,1,8.3,tt0053479,8.4,19124,tvSeries,Exact (title + year),0.0999999999999996
3532,3713,Mirzapur,2018,18+,8.4/10,69/100,0,0,1,0,1,8.4,tt6473300,8.4,94264,tvSeries,Exact (title + year),0
3533,3714,Sanctuary,2008,7+,7.3/10,69/100,0,0,1,0,1,7.3,tt0965394,7.3,24213,tvSeries,Exact (title + year),0
3534,3715,Them,2021,"",7.3/10,69/100,0,0,1,0,1,7.3,tt9064858,7.5,33355,tvSeries,Exact (title + original-language year),0.2
3535,3716,Detectorists,2014,16+,8.6/10,69/100,0,0,1,0,1,8.6,tt4082744,8.6,26785,tvSeries,Exact (title + year),0
3536,3717,Tin Star,2017,18+,7.3/10,69/100,0,0,1,0,1,7.3,tt4607112,7.2,16992,tvSeries,Exact (title + year),-0.0999999999999996
3537,3719,The Durrells,2016,7+,8.2/10,69/100,0,0,1,0,1,8.2,tt5014882,8.2,16905,tvSeries,Exact (title + year),0
3538,3720,Ordeal by Innocence,2018,"",7.3/10,69/100,0,0,1,0,1,7.3,tt6118426,7.2,13492,tvMiniSeries,Exact (title + year),-0.0999999999999996
3539,3721,Get Shorty,2017,18+,8.2/10,69/100,0,0,1,0,1,8.2,tt5761496,8.2,9368,tvSeries,Exact (title + year),0
3540,3722,Thirteen,2016,18+,7.2/10,69/100,0,0,1,0,1,7.2,tt5159916,7.2,10095,tvMiniSeries,Exact (title + year),0
3541,3724,The Returned,2015,18+,7.1/10,68/100,0,0,1,0,1,7.1,tt3230780,7,12515,tvSeries,Exact (title + year),-0.0999999999999996
3542,3726,Trapped,2015,7+,8.1/10,68/100,0,0,1,0,1,8.1,tt3561180,8,26952,tvSeries,Exact (title + year),-0.0999999999999996
3543,3727,ALF,1986,all,7.4/10,68/100,0,0,1,0,1,7.4,tt0090390,7.4,42879,tvSeries,Exact (title + year),0
3544,3730,Informer,2018,18+,7.8/10,68/100,0,0,1,0,1,7.8,tt7161312,7.8,7097,tvSeries,Exact (title + year),0
3545,3732,Alex Rider,2020,16+,7.6/10,68/100,0,0,1,0,1,7.6,tt6964748,7.5,19798,tvSeries,Exact (title + year),-0.0999999999999996
3546,3733,Jesus of Nazareth,1977,7+,8.5/10,68/100,0,0,1,0,1,8.5,tt0075520,8.5,27694,tvMiniSeries,Exact (title + year),0
3547,3734,The Cosby Show,1984,all,7.3/10,68/100,0,0,1,0,1,7.3,tt0086687,7.4,39139,tvSeries,Exact (title + year),0.100000000000001
3548,3736,Absentia,2017,18+,7.3/10,67/100,0,0,1,0,1,7.3,tt6794990,7.1,26727,tvSeries,Exact (title + year),-0.2
3549,3737,Grantchester,2014,16+,7.9/10,67/100,0,0,1,0,1,7.9,tt3747572,7.9,20741,tvSeries,Exact (title + year),0
3550,3738,The Men Who Built America,2012,7+,8.6/10,67/100,0,0,1,0,1,8.6,tt2167393,8.5,5162,tvMiniSeries,Exact (title + year),-0.0999999999999996
3551,3741,Too Old to Die Young,2019,18+,7.4/10,67/100,0,0,1,0,1,7.4,tt6517320,7.3,12619,tvMiniSeries,Exact (title + year),-0.100000000000001
3552,3743,Forever,2018,18+,7.2/10,67/100,0,0,1,0,1,7.2,,,,,Unmatched,
3553,3744,Dororo,2019,18+,8.4/10,67/100,0,0,1,0,1,8.4,tt9458304,8.2,30388,tvSeries,Exact (title + year),-0.200000000000001
3554,3745,Good Girls Revolt,2015,18+,8.2/10,67/100,0,0,1,0,1,8.2,tt4687892,8.1,6740,tvSeries,Exact (title + year),-0.0999999999999996
3555,3746,Secret Diary of a Call Girl,2007,18+,7.4/10,67/100,0,0,1,0,1,7.4,tt1000734,7.3,15231,tvSeries,Exact (title + year),-0.100000000000001
3556,3747,Mad Dogs,2015,18+,7.5/10,67/100,0,0,1,0,1,7.5,tt2805574,7.5,9383,tvSeries,Exact (title + year),0
3557,3749,Home Fires,2015,7+,8.2/10,66/100,0,0,1,0,1,8.2,tt4015216,8.2,4966,tvSeries,Exact (title + year),0
3558,3750,Jean-Claude Van Johnson,2016,7+,7.6/10,66/100,0,0,1,0,1,7.6,tt6682754,7.5,10848,tvMiniSeries,Exact (title + year),-0.0999999999999996
3559,3751,The Honeymooners,1952,all,8.6/10,66/100,0,0,1,0,1,8.6,,,,,Unmatched,
3560,3752,Isabel,2012,7+,8.3/10,66/100,0,0,1,0,1,8.3,tt2011533,8.3,2819,tvSeries,"Fuzzy (title exact, year +-1)",0
3561,3753,Vanity Fair,2018,7+,7.3/10,66/100,0,0,1,0,1,7.3,tt7076630,7.3,6369,tvMiniSeries,Exact (title + year),0
3562,3754,Lewis,2007,16+,8.0/10,66/100,0,0,1,0,1,8,,,,,Unmatched,
3563,3755,Mad About You,1992,16+,6.7/10,66/100,0,0,1,0,1,6.7,tt0103484,6.8,27346,tvSeries,Exact (title + year),0.0999999999999996
3564,3757,How the Universe Works,2010,7+,8.9/10,66/100,0,0,1,0,1,8.9,tt1832668,8.9,7705,tvSeries,Exact (title + year),0
3565,3759,Mister Rogers' Neighborhood,1968,all,8.6/10,65/100,0,0,1,0,1,8.6,tt0062588,8.8,10604,tvSeries,Exact (title + year),0.200000000000001
3566,3760,Made In Abyss,2017,18+,8.4/10,65/100,0,0,1,0,1,8.4,tt7222086,8.3,21877,tvSeries,Exact (title + year),-0.0999999999999996
3567,3761,Hand of God,2014,7+,7.5/10,65/100,0,0,1,0,1,7.5,tt3973768,7.4,13031,tvSeries,Exact (title + year),-0.0999999999999996
3568,3762,Silent Witness,1996,16+,7.8/10,65/100,0,0,1,0,1,7.8,tt0115355,7.9,15353,tvSeries,Exact (title + year),0.100000000000001
3569,3766,Arthur,1996,7+,7.3/10,65/100,0,0,1,0,1,7.3,tt0169414,7.4,17836,tvSeries,Exact (title + year),0.100000000000001
3570,3767,The Carol Burnett Show,1967,all,8.7/10,65/100,0,0,1,0,1,8.7,tt0061240,8.7,8256,tvSeries,Exact (title + year),0
3571,3769,Howards End,2017,7+,7.3/10,64/100,1,0,1,0,1,7.3,tt2577192,7.2,7468,tvMiniSeries,Exact (title + year),-0.0999999999999996
3572,3770,Wildfire,2005,16+,7.6/10,64/100,0,0,1,0,1,7.6,tt0439879,7.5,4594,tvSeries,Exact (title + year),-0.0999999999999996
3573,3771,A Gifted Man,2011,7+,7.0/10,64/100,0,0,1,0,1,7,tt1820742,7.1,7847,tvSeries,Exact (title + year),0.0999999999999996
3574,3772,Dance Academy,2010,16+,8.1/10,64/100,0,0,1,0,1,8.1,tt1551948,8,5477,tvSeries,Exact (title + year),-0.0999999999999996
3575,3773,Making the Cut,2020,16+,6.6/10,64/100,0,0,1,0,1,6.6,tt8962394,6.7,2639,tvSeries,Exact (title + year),0.100000000000001
3576,3776,Man vs. Wild,2006,7+,8.1/10,64/100,0,0,1,0,1,8.1,tt0883772,8.1,24023,tvSeries,Exact (title + year),0
3577,3777,Breaking In,2011,16+,7.1/10,64/100,0,0,1,0,1,7.1,tt1630574,7.1,7734,tvSeries,Exact (title + year),0
3578,3778,Bottom,1991,18+,8.2/10,64/100,0,0,1,0,1,8.2,tt0103376,8.3,15389,tvSeries,Exact (title + year),0.100000000000001
3579,3779,Paatal Lok,2020,18+,7.8/10,64/100,0,0,1,0,1,7.8,tt9680440,8.2,75949,tvSeries,Exact (title + year),0.399999999999999
3580,3780,Alpha House,2013,16+,7.6/10,64/100,0,0,1,0,1,7.6,tt3012160,7.5,5063,tvSeries,Exact (title + year),-0.0999999999999996
3581,3781,NOVA,1974,7+,8.7/10,64/100,0,0,1,0,1,8.7,tt0206501,8.7,3496,tvSeries,Exact (title + year),0
3582,3782,Hustle,2006,16+,8.1/10,64/100,0,0,1,0,1,8.1,,,,,Unmatched,
3583,3783,Doctor Thorne,2016,16+,7.3/10,64/100,0,0,1,0,1,7.3,tt4938084,7.3,5721,tvMiniSeries,Exact (title + year),0
3584,3784,The Royals,2015,16+,7.5/10,64/100,0,0,1,0,1,7.5,tt3597912,7.4,14992,tvSeries,Exact (title + year),-0.0999999999999996
3585,3785,Fresh Meat,2011,18+,7.8/10,64/100,0,0,1,0,1,7.8,tt2058303,7.8,21229,tvSeries,Exact (title + year),0
3586,3787,The League of Gentlemen,1999,18+,8.4/10,64/100,0,0,1,0,1,8.4,tt0184135,8.4,13274,tvSeries,Exact (title + year),0
3587,3788,American Experience,1988,7+,8.6/10,64/100,0,0,1,0,1,8.6,tt0094416,8.6,2540,tvSeries,Exact (title + year),0
3588,3789,4 Blocks,2017,7+,8.2/10,64/100,0,0,1,0,1,8.2,tt5754602,8.1,10968,tvSeries,Exact (title + year),-0.0999999999999996
3589,3790,The A Word,2016,18+,7.8/10,63/100,0,0,1,0,1,7.8,tt5311790,7.9,2737,tvSeries,Exact (title + year),0.100000000000001
3590,3791,Small Axe,2020,18+,7.9/10,63/100,0,0,1,0,1,7.9,tt3464896,7.8,5847,tvMiniSeries,Exact (title + year),-0.100000000000001
3591,3793,Breathe,2018,18+,8.3/10,63/100,0,0,1,0,1,8.3,tt6466208,8.2,23268,tvSeries,Exact (title + year),-0.100000000000001
3592,3794,Panic,2021,16+,6.5/10,63/100,0,0,1,0,1,6.5,tt10344410,6.6,11557,tvSeries,Exact (title + year),0.0999999999999996
3593,3795,Survivorman,2004,7+,8.2/10,63/100,0,0,1,0,1,8.2,tt0770659,8.2,6936,tvSeries,Exact (title + year),0
3594,3796,Utopia,2020,"",6.7/10,63/100,0,0,1,0,1,6.7,tt8303474,6.7,17148,tvSeries,Exact (title + year),0
3595,3797,Banana Fish,2018,"",8.2/10,63/100,0,0,1,0,1,8.2,tt8515016,8.1,12311,tvSeries,Exact (title + year),-0.0999999999999996
3596,3799,Sonic the Hedgehog,1993,7+,6.8/10,63/100,0,1,1,0,1,6.8,tt0106140,6.8,5895,tvSeries,Exact (title + year),0
3597,3800,Mission: Impossible,1966,7+,7.6/10,63/100,0,0,1,0,1,7.6,tt0060009,7.9,13025,tvSeries,Exact (title + year),0.300000000000001
3598,3802,The Storyteller,1988,"",8.9/10,62/100,0,0,1,0,1,8.9,tt0092383,8.8,5792,tvSeries,"Fuzzy (title exact, year +-1)",-0.0999999999999996
3599,3803,Between Two Ferns with Zach Galifianakis,2008,16+,8.4/10,62/100,0,0,1,0,1,8.4,tt1535002,8.3,10753,tvSeries,Exact (title + year),-0.0999999999999996
3600,3804,Guilt,2016,16+,6.0/10,62/100,0,0,1,0,1,6,tt5376862,5.9,2797,tvSeries,Exact (title + year),-0.0999999999999996
3601,3805,Grounded for Life,2001,16+,7.4/10,62/100,0,0,1,0,1,7.4,tt0255734,7.5,16739,tvSeries,Exact (title + year),0.0999999999999996
3602,3806,The Last Tycoon,2016,7+,7.7/10,62/100,0,0,1,0,1,7.7,tt3390892,7.5,6174,tvSeries,Exact (title + year),-0.2
3603,3807,Lore,2017,16+,6.7/10,62/100,0,0,1,0,1,6.7,tt6130902,6.6,6561,tvSeries,Exact (title + year),-0.100000000000001
3604,3809,Cops,1989,18+,7.0/10,62/100,0,0,1,0,1,7,tt0096563,7,7841,tvSeries,Exact (title + year),0
3605,3811,Survivor's Remorse,2014,18+,7.0/10,62/100,0,0,1,0,1,7,tt3231022,7.2,2767,tvSeries,Exact (title + year),0.2
3606,3812,Comrade Detective,2017,18+,7.3/10,62/100,0,0,1,0,1,7.3,tt5834198,7.2,3372,tvSeries,Exact (title + year),-0.0999999999999996
3607,3813,A Bit of Fry and Laurie,1989,16+,8.3/10,62/100,0,0,1,0,1,8.3,,,,,Unmatched,
3608,3814,Wolfblood,2013,7+,7.6/10,62/100,0,0,1,0,1,7.6,tt2321596,7.4,4506,tvSeries,"Fuzzy (title exact, year +-1)",-0.199999999999999
3609,3816,Neverland,2011,7+,6.4/10,62/100,0,0,1,0,1,6.4,tt1720619,6.3,10770,tvMiniSeries,Exact (title + year),-0.100000000000001
3610,3817,Just Add Magic,2015,7+,8.3/10,62/100,0,0,1,0,1,8.3,tt3952746,8.3,4302,tvSeries,Exact (title + year),0
3611,3818,Malgudi Days,1987,all,9.5/10,62/100,0,0,1,0,1,9.5,tt0244911,9.4,4542,tvSeries,"Fuzzy (title exact, year +-1)",-0.0999999999999996
3612,3819,Dark Shadows,1966,7+,7.5/10,62/100,0,0,1,0,1,7.5,tt0059978,8.1,6035,tvSeries,Exact (title + year),0.6
3613,3821,The Widow,2019,18+,6.9/10,61/100,0,0,1,0,1,6.9,,,,,Unmatched,
3614,3822,El Cid,2020,16+,6.5/10,61/100,0,0,1,0,1,6.5,tt10689614,6.8,4753,tvSeries,Exact (title + year),0.3
3615,3825,All or Nothing: Manchester City,2018,all,8.2/10,61/100,0,0,1,0,1,8.2,tt7653274,8.1,8231,tvMiniSeries,Exact (title + year),-0.0999999999999996
3616,3827,Totally Spies!,2001,7+,7.0/10,61/100,0,0,1,0,1,7,tt0283226,7.1,14397,tvSeries,Exact (title + year),0.0999999999999996
3617,3828,Underbelly,2008,18+,8.1/10,61/100,0,0,1,0,1,8.1,tt1119176,8,5708,tvSeries,Exact (title + year),-0.0999999999999996
3618,3829,Our Girl,2014,16+,7.7/10,61/100,0,0,1,0,1,7.7,tt3815412,7.6,5620,tvSeries,"Fuzzy (title exact, year +-1)",-0.100000000000001
3619,3830,DOM,2021,"",7.2/10,61/100,0,0,1,0,1,7.2,tt13354188,7.3,3392,tvSeries,Exact (title + year),0.0999999999999996
3620,3832,Reading Rainbow,1983,all,8.4/10,61/100,0,0,1,0,1,8.4,tt0085075,8.4,5806,tvSeries,Exact (title + year),0
3621,3833,"Kill Me, Heal Me",2015,16+,8.3/10,61/100,0,0,1,0,1,8.3,tt4339192,8.3,7293,tvSeries,Exact (title + year),0
3622,3834,Ted Bundy: Falling for a Killer,2020,18+,7.9/10,61/100,0,0,1,0,1,7.9,tt11141900,7.8,3681,tvMiniSeries,Exact (title + year),-0.100000000000001
3623,3835,"Dr. Quinn, Medicine Woman",1993,7+,6.7/10,60/100,0,0,1,0,1,6.7,tt0103405,6.9,15218,tvSeries,Exact (title + year),0.2
3624,3836,Z: The Beginning of Everything,2017,7+,7.1/10,60/100,0,0,1,0,1,7.1,,,,,Unmatched,
3625,3837,The Romanoffs,2018,18+,7.0/10,60/100,0,0,1,0,1,7,tt6599482,7,7089,tvMiniSeries,Exact (title + year),0
3626,3838,Republic of Doyle,2010,16+,7.4/10,60/100,0,0,1,0,1,7.4,tt1297754,7.6,5181,tvSeries,Exact (title + year),0.199999999999999
3627,3841,Inside Edge,2017,18+,8.0/10,60/100,0,0,1,0,1,8,tt6112414,7.9,13141,tvSeries,Exact (title + year),-0.0999999999999996
3628,3842,The Feed,2019,16+,6.3/10,60/100,0,0,1,0,1,6.3,tt8005176,6.3,2592,tvSeries,Exact (title + year),0
3629,3844,The Last Post,2017,18+,7.2/10,60/100,0,0,1,0,1,7.2,tt5133742,7.3,3188,tvMiniSeries,Exact (title + year),0.0999999999999996
3630,3845,I Shouldn't Be Alive,2005,7+,8.1/10,60/100,0,0,1,0,1,8.1,tt0492429,8.1,2573,tvSeries,Exact (title + year),0
3631,3846,A French Village,2009,"",8.4/10,60/100,0,0,1,0,1,8.4,tt1288631,8.4,2064,tvSeries,Exact (title + year),0
3632,3848,Halo 4: Forward Unto Dawn,2012,16+,6.9/10,60/100,0,0,1,0,1,6.9,tt2262308,6.7,26834,tvMiniSeries,Exact (title + year),-0.2
3633,3849,Four More Shots Please,2019,18+,6.4/10,60/100,0,0,1,0,1,6.4,tt8242548,5.5,55439,tvSeries,Exact (title + year),-0.9
3634,3851,James May: Our Man In Japan,2020,"",8.4/10,60/100,0,0,1,0,1,8.4,,,,,Unmatched,
3635,3852,The Lost World,1999,7+,7.2/10,60/100,0,0,1,0,1,7.2,tt0240278,7.1,5022,tvSeries,Exact (title + year),-0.100000000000001
3636,3855,All or Nothing: Tottenham Hotspur,2020,16+,8.2/10,59/100,0,0,1,0,1,8.2,tt11188556,8,7162,tvMiniSeries,Exact (title + year),-0.199999999999999
3637,3856,All or Nothing,2016,18+,8.6/10,59/100,0,0,1,0,1,8.6,,,,,Unmatched,
3638,3857,Appropriate Adult,2011,18+,7.5/10,59/100,0,0,1,0,1,7.5,tt1831575,7.3,5478,tvMiniSeries,Exact (title + year),-0.2
3639,3858,Mr. Bean: The Animated Series,2002,all,6.9/10,59/100,0,0,1,0,1,6.9,tt0280277,6.9,17467,tvSeries,Exact (title + year),0
3640,3859,Picnic at Hanging Rock,2018,16+,6.2/10,59/100,0,0,1,0,1,6.2,tt6038954,6.2,4881,tvMiniSeries,Exact (title + year),0
3641,3861,Frontline,1983,18+,8.6/10,59/100,0,0,1,0,1,8.6,tt0133302,8.6,2596,tvSeries,Exact (title + year),0
3642,3862,Little Women,2017,7+,7.2/10,59/100,0,0,1,0,1,7.2,tt6853528,7.2,5667,tvMiniSeries,Exact (title + year),0
3643,3863,Solos,2021,"",5.8/10,59/100,0,0,1,0,1,5.8,tt13356646,6,6363,tvMiniSeries,Exact (title + year),0.2
3644,3864,Earth: Final Conflict,1997,7+,6.2/10,59/100,0,0,1,0,1,6.2,tt0123816,6.3,5203,tvSeries,Exact (title + year),0.0999999999999996
3645,3865,The ABC Murders,2018,16+,6.6/10,59/100,0,0,1,0,1,6.6,tt8463714,6.6,13217,tvMiniSeries,Exact (title + year),0
3646,3867,Indian Summers,2015,7+,7.3/10,59/100,0,0,1,0,1,7.3,tt3706628,7.3,4867,tvSeries,Exact (title + year),0
3647,3868,Sea Patrol,2007,7+,7.5/10,59/100,0,0,1,0,1,7.5,tt0879688,7.5,2981,tvSeries,Exact (title + year),0
3648,3869,Inside Men,2012,16+,7.3/10,59/100,0,0,1,0,1,7.3,tt1989062,7.2,2916,tvMiniSeries,Exact (title + year),-0.0999999999999996
3649,3870,The Backyardigans,2004,7+,7.0/10,59/100,0,0,1,0,1,7,tt0439349,7.2,5042,tvSeries,Exact (title + year),0.2
3650,3871,ReGenesis,2004,18+,7.9/10,59/100,0,0,1,0,1,7.9,tt0429422,7.8,3686,tvSeries,Exact (title + year),-0.100000000000001
3651,3872,Ghost Hunters,2004,7+,6.2/10,59/100,0,0,1,0,1,6.2,tt0426697,6.3,7492,tvSeries,Exact (title + year),0.0999999999999996
3652,3873,September Mornings,2021,"",7.1/10,59/100,0,0,1,0,1,7.1,tt14532744,7.5,993,tvSeries,Exact (title + year),0.4
3653,3875,Blood & Treasure,2019,16+,6.7/10,58/100,0,0,1,0,1,6.7,tt7712598,6.8,7460,tvSeries,Exact (title + year),0.0999999999999996
3654,3876,Betas,2013,18+,7.0/10,58/100,0,0,1,0,1,7,tt3012184,6.9,3063,tvSeries,Exact (title + year),-0.0999999999999996
3655,3877,The Test: A New Era For Australia's Team,2020,16+,8.9/10,58/100,0,0,1,0,1,8.9,tt11347692,8.8,3899,tvSeries,Exact (title + original-language year),-0.0999999999999996
3656,3878,Falling Water,2016,16+,6.5/10,58/100,0,0,1,0,1,6.5,tt4520992,6.4,3583,tvSeries,Exact (title + year),-0.0999999999999996
3657,3880,Made in Heaven,2019,18+,8.3/10,58/100,0,0,1,0,1,8.3,tt6494622,8.2,15515,tvSeries,Exact (title + year),-0.100000000000001
3658,3881,Hunting Hitler,2015,16+,7.4/10,58/100,0,0,1,0,1,7.4,tt5248878,7.4,2828,tvSeries,Exact (title + year),0
3659,3882,A Different World,1987,7+,6.9/10,58/100,0,0,1,0,1,6.9,tt0092339,7.1,9111,tvSeries,Exact (title + year),0.199999999999999
3660,3883,Wotakoi: Love is Hard for Otaku,2018,16+,7.6/10,58/100,0,0,1,0,1,7.6,tt8254880,7.5,6471,tvSeries,Exact (title + year),-0.0999999999999996
3661,3884,Laakhon Mein Ek,2017,16+,8.2/10,58/100,0,0,1,0,1,8.2,tt7269100,8.1,4238,tvSeries,Exact (title + year),-0.0999999999999996
3662,3885,Dilbert,1999,7+,7.3/10,58/100,0,0,1,0,1,7.3,tt0118984,7.3,6175,tvSeries,Exact (title + year),0
3663,3887,Time Team,1994,all,8.5/10,57/100,0,0,1,0,1,8.5,tt0108961,8.6,1991,tvSeries,Exact (title + year),0.0999999999999996
3664,3890,Cagney & Lacey,1982,7+,6.8/10,57/100,0,0,1,0,1,6.8,tt0083395,6.9,6013,tvSeries,"Fuzzy (title exact, year +-1)",0.100000000000001
3665,3891,Paradise City,2021,"",6.9/10,57/100,0,0,1,0,1,6.9,tt4302062,6.5,2488,tvSeries,Exact (title + year),-0.4
3666,3893,Cyberchase,2002,all,6.8/10,57/100,0,0,1,0,1,6.8,tt0309141,6.9,3387,tvSeries,Exact (title + year),0.100000000000001
3667,3894,The Pale Horse,2020,all,6.1/10,57/100,0,0,1,0,1,6.1,tt10485750,6.1,7442,tvMiniSeries,Exact (title + year),0
3668,3896,Wild Kratts,2011,all,7.7/10,57/100,0,0,1,0,1,7.7,tt1807859,7.7,3339,tvSeries,Exact (title + year),0
3669,3897,Pingu,1986,all,7.4/10,57/100,0,0,1,0,1,7.4,,,,,Unmatched,
3670,3898,Breathe: Into the Shadows,2020,"",7.7/10,57/100,0,0,1,0,1,7.7,tt12405230,7.6,19765,tvSeries,Exact (title + year),-0.100000000000001
3671,3899,Bubble Guppies,2011,all,6.4/10,57/100,0,0,1,0,1,6.4,tt14250880,5.5,9,videoGame,"Fuzzy (title exact, year +-1) [non-TV type]",-0.9
3672,3900,Clifford the Big Red Dog,2000,all,6.6/10,57/100,0,0,1,0,1,6.6,tt0233041,6.5,6443,tvSeries,Exact (title + year),-0.0999999999999996
3673,3902,The Reagans,2020,7+,6.5/10,57/100,0,0,1,0,1,6.5,tt12351448,6.9,1207,tvMiniSeries,Exact (title + year),0.4
3674,3903,Inazuma Eleven,2008,7+,8.0/10,57/100,0,0,1,0,1,8,tt2189248,8.3,4370,tvSeries,Exact (title + year),0.300000000000001
3675,3904,Drifters,2013,18+,7.7/10,57/100,0,0,1,0,1,7.7,tt3323824,7.1,2201,tvSeries,Exact (title + year),-0.600000000000001
3676,3905,Touching Evil,1997,"",7.9/10,57/100,0,0,1,0,1,7.9,tt0118497,7.8,2540,tvSeries,Exact (title + year),-0.100000000000001
3677,3906,Thunderbirds,1965,7+,7.9/10,56/100,0,0,1,0,1,7.9,tt0057790,7.9,5723,tvSeries,Exact (title + year),0
3678,3908,Thriller,1960,"",8.2/10,56/100,1,0,1,0,1,8.2,tt0053546,8.2,1885,tvSeries,Exact (title + year),0
3679,3909,Gortimer Gibbon's Life on Normal Street,2014,all,8.3/10,56/100,0,0,1,0,1,8.3,tt3496764,8.3,1916,tvSeries,Exact (title + year),0
3680,3910,The Bernie Mac Show,2001,7+,7.0/10,56/100,0,0,1,0,1,7,tt0285341,7.3,9386,tvSeries,Exact (title + year),0.3
3681,3911,Dr. G: Medical Examiner,2004,16+,8.4/10,56/100,0,0,1,0,1,8.4,tt0364314,8.4,856,tvSeries,Exact (title + year),0
3682,3912,David Copperfield,1999,7+,7.7/10,56/100,0,0,1,0,1,7.7,tt0167872,7.6,5539,tvMiniSeries,Exact (title + year),-0.100000000000001
3683,3913,Say Yes to the Dress,2007,7+,5.6/10,56/100,0,0,1,0,1,5.6,tt1166709,5.7,2210,tvSeries,Exact (title + year),0.100000000000001
3684,3914,Red Rock,2015,7+,7.7/10,56/100,0,0,1,0,1,7.7,tt4320944,7.6,1270,tvSeries,Exact (title + year),-0.100000000000001
3685,3915,Almost Royal,2014,7+,7.3/10,56/100,0,0,1,0,1,7.3,tt3727552,7.3,1109,tvSeries,Exact (title + year),0
3686,3916,Wu-Tang Clan: Of Mics and Men,2019,18+,8.2/10,56/100,0,0,1,0,1,8.2,tt9376934,8.1,1969,tvMiniSeries,Exact (title + year),-0.0999999999999996
3687,3917,Daniel Tiger's Neighborhood,2012,all,7.4/10,56/100,0,0,1,0,1,7.4,tt2014553,7.4,1799,tvSeries,Exact (title + year),0
3688,3918,Criminal Minds: Suspect Behavior,2011,16+,6.3/10,56/100,0,0,1,0,1,6.3,tt1703874,6.2,6257,tvSeries,Exact (title + year),-0.0999999999999996
3689,3919,Whites,2010,18+,7.6/10,56/100,0,0,1,0,1,7.6,tt1726576,7.3,2926,tvSeries,Exact (title + year),-0.3
3690,3920,The Slave Hunters,2010,"",8.7/10,56/100,0,0,1,0,1,8.7,tt2980528,8.5,1331,tvMiniSeries,Exact (title + year),-0.199999999999999
3691,3922,The Devil's Whore,2008,"",7.1/10,56/100,0,0,1,0,1,7.1,tt1050057,7,2893,tvMiniSeries,Exact (title + original-language year),-0.0999999999999996
3692,3923,How the States Got Their Shapes,2010,7+,8.1/10,56/100,0,0,1,0,1,8.1,tt1772281,8.2,793,tvSeries,"Fuzzy (title exact, year +-1)",0.0999999999999996
3693,3924,One Mississippi,2016,18+,7.4/10,56/100,0,0,1,0,1,7.4,tt4947608,7.6,4988,tvSeries,"Fuzzy (title exact, year +-1)",0.199999999999999
3694,3925,Rick Steves' Europe,2000,all,8.5/10,56/100,0,0,1,0,1,8.5,tt1243815,8.6,888,tvSeries,Exact (title + year),0.0999999999999996
3695,3926,Our Mutual Friend,1998,"",8.1/10,56/100,0,0,1,0,1,8.1,tt0144727,8,3043,tvMiniSeries,Exact (title + year),-0.0999999999999996
3696,3927,London Kills,2019,16+,6.7/10,55/100,0,0,1,0,1,6.7,tt8571906,6.8,4249,tvSeries,Exact (title + year),0.0999999999999996
3697,3928,Hell Girl,2005,18+,7.5/10,55/100,0,0,1,0,1,7.5,tt0962740,7.4,2254,tvSeries,Exact (title + year),-0.0999999999999996
3698,3930,Grand Blue,2018,18+,7.9/10,55/100,0,0,1,0,1,7.9,,,,,Unmatched,
3699,3931,Cuffs,2015,16+,7.4/10,55/100,0,0,1,0,1,7.4,tt4568288,7.3,2577,tvMiniSeries,Exact (title + year),-0.100000000000001
3700,3932,She Was Pretty,2015,"",7.7/10,55/100,0,0,1,0,1,7.7,tt5045900,7.5,7794,tvSeries,Exact (title + year),-0.2
3701,3933,Dora the Explorer,2000,all,4.2/10,55/100,0,0,1,0,1,4.2,tt0235917,4.5,10268,tvSeries,Exact (title + year),0.3
3702,3935,Counting Cars,2012,7+,7.0/10,55/100,0,0,1,0,1,7,tt2338096,7,3201,tvSeries,Exact (title + year),0
3703,3936,Home and Away,1988,7+,5.1/10,55/100,0,0,1,0,1,5.1,tt0094481,5.1,6938,tvSeries,Exact (title + year),0
3704,3937,Hamish Macbeth,1995,"",7.8/10,55/100,0,0,1,0,1,7.8,tt0111993,7.8,2929,tvSeries,Exact (title + year),0
3705,3938,A Very British Coup,1988,18+,8.3/10,55/100,0,0,1,0,1,8.3,tt0094576,8.2,1114,tvMiniSeries,Exact (title + year),-0.100000000000001
3706,3939,Titanic,2012,16+,6.0/10,55/100,0,0,1,0,1,6,tt1869152,6.1,3837,tvMiniSeries,Exact (title + year),0.0999999999999996
3707,3940,Edwardian Farm,2010,"",8.8/10,55/100,0,0,1,0,1,8.8,tt1821820,8.8,667,tvSeries,Exact (title + year),0
3708,3941,Texas Rising,2015,16+,6.7/10,55/100,0,0,1,0,1,6.7,tt3598496,6.7,4960,tvMiniSeries,Exact (title + year),0
3709,3942,"Nu, pogodi!",1969,"",8.6/10,55/100,0,0,1,0,1,8.6,tt0234355,8.5,7270,tvSeries,Exact (title + original-language year),-0.0999999999999996
3710,3944,Oliver Twist,2007,7+,7.4/10,55/100,0,0,1,0,1,7.4,tt1065309,7.3,3435,tvMiniSeries,Exact (title + year),-0.100000000000001
3711,3945,World’s Toughest Race: Eco-Challenge Fiji,2020,16+,7.6/10,55/100,0,0,1,0,1,7.6,,,,,Unmatched,
3712,3946,Father Knows Best,1954,all,7.4/10,54/100,0,0,1,0,1,7.4,tt0046600,7.4,2971,tvSeries,Exact (title + year),0
3713,3947,Legend of Earthsea,2004,"",5.7/10,54/100,0,0,1,0,1,5.7,,,,,Unmatched,
3714,3948,I Love Dick,2016,16+,6.3/10,54/100,0,0,1,0,1,6.3,tt5478730,6.4,5661,tvSeries,Exact (title + year),0.100000000000001
3715,3949,The Ray Bradbury Theater,1985,"",7.5/10,54/100,0,0,1,0,1,7.5,tt0088591,7.3,1979,tvSeries,Exact (title + year),-0.2
3716,3950,Rocco Schiavone,2016,7+,7.6/10,54/100,0,0,1,0,1,7.6,tt6231158,7.9,3043,tvSeries,Exact (title + original-language year),0.300000000000001
3717,3951,WordWorld,2007,all,6.7/10,54/100,0,0,1,0,1,6.7,,,,,Unmatched,
3718,3952,The Collection,2016,18+,7.1/10,54/100,0,0,1,0,1,7.1,tt5239494,7,2568,tvSeries,Exact (title + year),-0.0999999999999996
3719,3953,Beecham House,2019,16+,6.7/10,54/100,0,0,1,0,1,6.7,tt8451638,6.9,2923,tvSeries,Exact (title + year),0.2
3720,3954,The Twelve Kingdoms,2002,16+,8.1/10,54/100,0,0,1,0,1,8.1,tt0327386,7.8,2491,tvSeries,Exact (title + year),-0.3
3721,3955,The Way We Live Now,2001,16+,7.6/10,54/100,0,0,1,0,1,7.6,tt0300879,7.6,3594,tvMiniSeries,Exact (title + year),0
3722,3956,Land of the Lustrous,2017,16+,8.0/10,54/100,0,0,1,0,1,8,tt7790776,7.9,2987,tvSeries,Exact (title + year),-0.0999999999999996
3723,3957,Rowan & Martin's Laugh-In,1967,7+,8.0/10,54/100,0,0,1,0,1,8,tt0062601,8,4242,tvSeries,Exact (title + year),0
3724,3961,Super Wings!,2014,all,6.2/10,54/100,0,0,1,0,1,6.2,,,,,Unmatched,
3725,3962,Touched by an Angel,1994,7+,6.0/10,54/100,0,0,1,0,1,6,tt0108968,6.1,8986,tvSeries,Exact (title + year),0.0999999999999996
3726,3963,The Border,2008,7+,7.0/10,54/100,0,0,1,0,1,7,tt0896527,7.2,1105,tvSeries,Exact (title + year),0.2
3727,3964,Victorian Farm,2009,"",8.7/10,54/100,0,0,1,0,1,8.7,tt1372211,8.8,837,tvMiniSeries,Exact (title + year),0.100000000000001
3728,3965,Crisis in Six Scenes,2016,all,6.6/10,54/100,0,0,1,0,1,6.6,tt4354616,6.6,7910,tvMiniSeries,Exact (title + year),0
3729,3966,American Playboy: The Hugh Hefner Story,2017,18+,7.5/10,54/100,0,0,1,0,1,7.5,tt5968748,7.5,2671,tvMiniSeries,Exact (title + year),0
3730,3967,The Street,2006,18+,8.3/10,54/100,0,0,1,0,1,8.3,tt0472984,8.2,1613,tvSeries,Exact (title + year),-0.100000000000001
3731,3968,Tales of the Unexpected,1979,7+,7.7/10,54/100,0,0,1,0,1,7.7,tt0075592,7.6,2949,tvSeries,Exact (title + year),-0.100000000000001
3732,3969,Meerkat Manor,2005,"",8.3/10,54/100,0,0,1,0,1,8.3,tt0765725,8.3,1398,tvSeries,Exact (title + year),0
3733,3972,My Mother and Other Strangers,2016,16+,7.5/10,54/100,0,0,1,0,1,7.5,tt5882386,7.4,1978,tvMiniSeries,Exact (title + year),-0.0999999999999996
3734,3973,Charles II: The Power and The Passion,2003,16+,7.5/10,53/100,0,0,1,0,1,7.5,,,,,Unmatched,
3735,3974,Moby Dick,1998,7+,6.5/10,53/100,0,0,1,0,1,6.5,tt0120756,6.4,4421,tvMiniSeries,Exact (title + year),-0.0999999999999996
3736,3975,A Cook's Tour,2002,16+,8.2/10,53/100,0,0,1,0,1,8.2,tt0306306,8.3,1122,tvSeries,Exact (title + original-language year),0.100000000000001
3737,3976,Beat,2018,18+,7.4/10,53/100,0,0,1,0,1,7.4,tt7095194,7.3,3366,tvSeries,Exact (title + year),-0.100000000000001
3738,3977,Long Strange Trip,2017,18+,8.2/10,53/100,0,0,1,0,1,8.2,tt4143508,8.2,2209,movie,Exact (title + year) [non-TV type],0
3739,3978,Middlemarch,1994,"",7.4/10,53/100,0,0,1,0,1,7.4,tt0108858,7.4,3194,tvMiniSeries,Exact (title + year),0
3740,3979,Wahlburgers,2014,16+,6.8/10,53/100,0,0,1,0,1,6.8,tt3333880,6.7,1830,tvSeries,Exact (title + year),-0.0999999999999996
3741,3980,Island at War,2004,"",7.6/10,53/100,0,0,1,0,1,7.6,tt0401019,7.6,2232,tvMiniSeries,Exact (title + year),0
3742,3981,We Children from Bahnhof Zoo,2021,"",6.3/10,53/100,0,0,1,0,1,6.3,tt13138972,6.3,3848,tvSeries,Exact (title + year),0
3743,3983,Kung Fu Panda: The Paws of Destiny,2018,7+,7.6/10,53/100,0,0,1,0,1,7.6,tt8271176,7.2,1996,tvSeries,Exact (title + year),-0.399999999999999
3744,3984,The Bold and the Beautiful,1987,16+,3.4/10,53/100,0,0,1,0,1,3.4,tt0092325,3.5,8933,tvSeries,Exact (title + year),0.1
3745,3985,Lucky Dog,2013,all,8.5/10,53/100,0,0,1,0,1,8.5,tt3220976,8.5,384,tvSeries,Exact (title + year),0
3746,3986,Team Umizoomi,2010,all,6.0/10,53/100,0,0,1,0,1,6,tt1594381,6.2,1850,tvSeries,Exact (title + year),0.2
3747,3987,GRAND PRIX Driver,2018,7+,7.6/10,53/100,0,0,1,0,1,7.6,tt6714738,7.4,1374,tvMiniSeries,Exact (title + year),-0.199999999999999
3748,3989,Gordon Ramsay's Ultimate Cookery Course,2012,"",8.4/10,53/100,0,0,1,0,1,8.4,tt2438272,8.1,413,tvSeries,Exact (title + year),-0.300000000000001
3749,3990,Moon Embracing the Sun,2012,7+,8.0/10,53/100,0,0,1,0,1,8,,,,,Unmatched,
3750,3992,The Forgotten Army - Azaadi ke liye,2020,18+,8.1/10,53/100,0,0,1,0,1,8.1,tt10289938,7.9,6465,tvMiniSeries,Exact (title + year),-0.199999999999999
3751,3993,RahXephon,2002,16+,7.2/10,53/100,0,0,1,0,1,7.2,tt0364863,7.2,1932,tvSeries,Exact (title + year),0
3752,3995,Accidentally on Purpose,2009,7+,6.3/10,52/100,0,0,1,0,1,6.3,tt1441096,6.4,6725,tvSeries,Exact (title + year),0.100000000000001
3753,3996,Hammer House of Horror,1980,18+,7.7/10,52/100,0,0,1,0,1,7.7,tt0080231,7.4,2673,tvSeries,Exact (title + year),-0.3
3754,3997,Rescue: Special Ops,2009,"",7.4/10,52/100,0,0,1,0,1,7.4,,,,,Unmatched,
3755,3998,Everest: Beyond the Limit,2006,7+,8.3/10,52/100,0,0,1,0,1,8.3,tt0883680,8.3,1065,tvSeries,Exact (title + year),0
3756,3999,Odd Squad,2014,all,6.5/10,52/100,0,0,1,0,1,6.5,tt3900614,7.4,2144,tvSeries,Exact (title + year),0.9
3757,4000,Detective Anna,2016,"",8.0/10,52/100,0,0,1,0,1,8,tt6226710,7.8,792,tvSeries,Exact (title + year),-0.2
3758,4001,Sarazanmai,2019,7+,7.0/10,52/100,0,0,1,0,1,7,tt8096510,6.8,484,tvSeries,Exact (title + year),-0.2
3759,4002,One Step Beyond,1959,all,7.8/10,52/100,0,0,1,0,1,7.8,tt0052442,7.8,2161,tvSeries,Exact (title + year),0
3760,4003,Everyday Driver,2017,"",9.3/10,52/100,0,0,1,0,1,9.3,tt6769592,8.2,163,tvSeries,Exact (title + year),-1.1
3761,4004,The Island with Bear Grylls,2014,16+,7.4/10,52/100,0,0,1,0,1,7.4,tt3725394,7.3,1604,tvSeries,Exact (title + year),-0.100000000000001
3762,4005,Here's Lucy,1968,all,6.9/10,52/100,0,0,1,0,1,6.9,tt0062570,6.9,2006,tvSeries,Exact (title + year),0
3763,4006,Hotel Impossible,2012,7+,7.8/10,52/100,0,0,1,0,1,7.8,tt2129304,7.8,1204,tvSeries,Exact (title + year),0
3764,4008,Zoboomafoo,1999,7+,7.5/10,52/100,0,0,1,0,1,7.5,tt0190211,7.6,4296,tvSeries,Exact (title + year),0.0999999999999996
3765,4009,Jessica,2004,16+,7.6/10,52/100,0,0,1,0,1,7.6,,,,,Unmatched,
3766,4010,The Passing Bells,2014,7+,6.9/10,52/100,0,0,1,0,1,6.9,tt3893044,6.9,1291,tvMiniSeries,Exact (title + year),0
3767,4011,Pandora,2019,7+,4.2/10,52/100,1,0,1,0,1,4.2,tt10207090,4.3,6541,tvSeries,Exact (title + year),0.0999999999999996
3768,4013,Luxe Listings Sydney,2021,"",6.2/10,52/100,0,0,1,0,1,6.2,tt14344354,6.2,753,tvSeries,Exact (title + year),0
3769,4014,The Hunger,1997,18+,6.3/10,52/100,0,0,1,0,1,6.3,tt0118346,6.2,1373,tvSeries,Exact (title + year),-0.0999999999999996
3770,4015,Lorena,2019,18+,7.2/10,52/100,0,0,1,0,1,7.2,tt9134666,7.2,2795,tvMiniSeries,Exact (title + year),0
3771,4017,Harmony with A R Rahman,2018,"",9.2/10,52/100,0,0,1,0,1,9.2,,,,,Unmatched,
3772,4018,You Are Wanted,2017,7+,6.0/10,52/100,0,0,1,0,1,6,tt5462886,6.1,3812,tvSeries,Exact (title + year),0.0999999999999996
3773,4019,The Time of Our Lives,2013,"",7.9/10,52/100,0,0,1,0,1,7.9,tt2196296,7.9,887,tvSeries,Exact (title + year),0
3774,4020,7 Deadly Sins,2014,18+,7.1/10,52/100,0,0,1,0,1,7.1,tt3735164,6.9,633,tvSeries,Exact (title + year),-0.199999999999999
3775,4021,Grace Under Fire,1993,7+,6.4/10,52/100,0,0,1,0,1,6.4,tt0106017,6.4,4909,tvSeries,Exact (title + year),0
3776,4022,Himouto! Umaru-chan,2015,16+,7.0/10,52/100,0,0,1,0,1,7,tt5059866,7.1,2344,tvSeries,Exact (title + year),0.0999999999999996
3777,4024,Story of Yanxi Palace,2018,"",8.2/10,52/100,0,0,1,0,1,8.2,tt8865016,8.2,2205,tvSeries,Exact (title + year),0
3778,4025,The Big Comfy Couch,1993,all,7.2/10,52/100,0,0,1,0,1,7.2,tt0136634,7.1,2119,tvSeries,"Fuzzy (title exact, year +-1)",-0.100000000000001
3779,4026,David the Gnome,1985,all,7.4/10,52/100,0,0,1,0,1,7.4,tt0283721,7.4,2969,tvSeries,Exact (title + year),0
3780,4028,Free to Choose,1980,"",9.1/10,51/100,0,0,1,0,1,9.1,tt0852785,8.9,352,tvSeries,Exact (title + year),-0.199999999999999
3781,4029,All or Nothing: New Zealand All Blacks,2018,16+,8.1/10,51/100,0,0,1,0,1,8.1,tt8169088,8,1192,tvMiniSeries,Exact (title + year),-0.0999999999999996
3782,4030,Teen Mom OG,2009,7+,3.6/10,51/100,0,0,1,0,1,3.6,tt1566154,3.7,4905,tvSeries,Exact (title + year),0.1
3783,4031,Miami Ink,2005,7+,6.5/10,51/100,0,0,1,0,1,6.5,tt0472014,6.6,2679,tvSeries,Exact (title + year),0.0999999999999996
3784,4033,Beowulf: Return to the Shieldlands,2016,7+,5.8/10,51/100,0,0,1,0,1,5.8,tt4520906,5.8,3887,tvSeries,Exact (title + year),0
3785,4034,Cosby,1996,7+,6.3/10,51/100,0,0,1,0,1,6.3,tt0115144,6.2,2979,tvSeries,Exact (title + year),-0.0999999999999996
3786,4035,The Boarding School: Las Cumbres,2021,"",6.5/10,51/100,0,0,1,0,1,6.5,tt11709206,6.5,2720,tvSeries,Exact (title + year),0
3787,4036,Mayday,2013,"",6.7/10,51/100,0,0,1,0,1,6.7,tt2401919,6.6,1868,tvMiniSeries,Exact (title + year),-0.100000000000001
3788,4038,The Real McCoys,1957,16+,7.6/10,51/100,0,0,1,0,1,7.6,tt0050053,7.6,1477,tvSeries,Exact (title + year),0
3789,4039,I Love Money,2008,"",6.1/10,51/100,0,0,1,0,1,6.1,tt1229295,6.2,968,tvSeries,Exact (title + year),0.100000000000001
3790,4040,Bobby's World,1990,all,7.3/10,51/100,0,0,1,0,1,7.3,tt0103373,7.2,5478,tvSeries,Exact (title + year),-0.0999999999999996
3791,4041,Leo the Wildlife Ranger,2015,"",6.8/10,51/100,0,0,1,0,1,6.8,tt5375224,8.3,49,tvSeries,Exact (title + year),1.5
3792,4042,Safe House,2015,18+,6.4/10,51/100,0,0,1,0,1,6.4,tt4567314,6.4,2727,tvSeries,Exact (title + year),0
3793,4044,The Saddle Club,2001,all,6.1/10,51/100,0,0,1,0,1,6.1,tt0278876,6.2,1273,tvSeries,Exact (title + year),0.100000000000001
3794,4045,The Principal,2015,"",7.5/10,51/100,0,0,1,0,1,7.5,tt4146664,7.4,1501,tvMiniSeries,Exact (title + year),-0.0999999999999996
3795,4046,Secret Agent,1965,7+,8.2/10,51/100,0,0,1,0,1,8.2,tt0058846,8.2,1748,tvSeries,"Fuzzy (title exact, year +-1)",0
3796,4047,The Vineyard,2021,"",7.1/10,51/100,0,0,1,0,1,7.1,tt10681240,7.1,1076,tvSeries,Exact (title + year),0
3797,4048,Tandav,2021,18+,3.8/10,51/100,0,0,1,0,1,3.8,tt11117570,4.8,65692,tvSeries,Exact (title + year),1
3798,4049,James May: Oh Cook!,2020,"",7.6/10,51/100,0,0,1,0,1,7.6,tt12546678,7.5,2546,tvSeries,Exact (title + year),-0.0999999999999996
3799,4051,Amazon,1999,"",7.6/10,51/100,0,0,1,0,1,7.6,tt0205737,7.4,736,tvSeries,Exact (title + year),-0.199999999999999
3800,4052,The New Yorker Presents,2016,18+,6.6/10,51/100,0,0,1,0,1,6.6,tt4115864,6.8,500,tvSeries,"Fuzzy (title exact, year +-1)",0.2
3801,4053,Oddities,2010,7+,8.0/10,51/100,0,0,1,0,1,8,tt1870946,7.9,763,tvSeries,Exact (title + year),-0.0999999999999996
3802,4054,The Secret World of Nature: Spain,2020,7+,9.6/10,51/100,0,0,1,0,1,9.6,,,,,Unmatched,
3803,4055,Aristocrats,1999,7+,7.3/10,51/100,0,0,1,0,1,7.3,tt0204082,7.2,1965,tvMiniSeries,Exact (title + year),-0.0999999999999996
3804,4057,Littlest Pet Shop,2012,all,6.2/10,51/100,0,0,1,0,1,6.2,tt2244077,6.3,1522,tvSeries,Exact (title + year),0.0999999999999996
3805,4058,Hole in the Wall,2008,all,3.2/10,51/100,1,0,1,0,1,3.2,,,,,Unmatched,
3806,4059,The Scholar Who Walks the Night,2015,"",7.3/10,50/100,0,0,1,0,1,7.3,tt4846958,7.2,1352,tvSeries,Exact (title + year),-0.0999999999999996
3807,4060,Murder Calls,2017,16+,7.7/10,50/100,0,0,1,0,1,7.7,tt5782486,7.5,480,tvSeries,Exact (title + year),-0.2
3808,4061,Hitorijime My Hero,2017,"",7.1/10,50/100,0,0,1,0,1,7.1,tt6994582,7.3,1590,tvMiniSeries,Exact (title + year),0.2
3809,4062,Charlie and Lola,2005,all,6.7/10,50/100,0,0,1,0,1,6.7,tt0487813,6.6,3094,tvSeries,Exact (title + year),-0.100000000000001
3810,4063,Land of the Lost,1991,all,6.9/10,50/100,0,0,1,0,1,6.9,tt0101130,6.8,1176,tvSeries,Exact (title + year),-0.100000000000001
3811,4064,Continuum,2012,"",6.5/10,50/100,0,0,1,0,1,6.5,,,,,Unmatched,
3812,4065,Making Their Mark,2021,"",8.5/10,50/100,0,0,1,0,1,8.5,tt13833756,8.3,344,tvSeries,Exact (title + year),-0.199999999999999
3813,4066,Frank of Ireland,2021,"",6.7/10,50/100,0,0,1,0,1,6.7,tt11909220,6.8,2699,tvSeries,Exact (title + year),0.0999999999999996
3814,4067,Where on Earth is Carmen Sandiego?,1994,all,7.3/10,50/100,0,0,1,0,1,7.3,tt0167742,7.2,2341,tvSeries,Exact (title + year),-0.0999999999999996
3815,4068,Bat Masterson,1958,16+,7.4/10,50/100,0,0,1,0,1,7.4,tt0052445,7.3,1386,tvSeries,Exact (title + year),-0.100000000000001
3816,4069,Lillie,1978,"",8.1/10,50/100,0,0,1,0,1,8.1,tt0077042,8.1,790,tvMiniSeries,Exact (title + year),0
3817,4070,Einstein,2017,"",6.5/10,50/100,0,0,1,0,1,6.5,tt5094068,6.5,485,tvSeries,Exact (title + year),0
3818,4072,Féminin/Féminin,2014,16+,8.4/10,50/100,0,0,1,0,1,8.4,tt3498424,8.4,311,tvSeries,Exact (title + year),0
3819,4073,The Last Place on Earth,1985,"",8.2/10,50/100,0,0,1,0,1,8.2,tt0088551,8,509,tvMiniSeries,Exact (title + year),-0.199999999999999
3820,4074,Becoming Human,2011,16+,7.4/10,50/100,0,0,1,0,1,7.4,tt1829850,7.5,376,tvSeries,Exact (title + year),0.0999999999999996
3821,4076,The Jury,2002,18+,7.8/10,50/100,0,0,1,0,1,7.8,tt0297571,7.6,1549,tvSeries,Exact (title + year),-0.2
3822,4077,James May's Toy Stories,2009,7+,8.1/10,50/100,0,0,1,0,1,8.1,,,,,Unmatched,
3823,4078,Mamon,2015,"",7.4/10,50/100,0,0,1,0,1,7.4,tt5169608,7.3,334,tvSeries,Exact (title + year),-0.100000000000001
3824,4079,Prime Suspect: Tennison,2017,16+,7.5/10,50/100,0,0,1,0,1,7.5,tt5936838,7.5,4255,tvMiniSeries,Exact (title + year),0
3825,4080,Ax Men,2008,7+,5.5/10,50/100,0,0,1,0,1,5.5,tt1197649,5.6,1556,tvSeries,Exact (title + year),0.0999999999999996
3826,4081,Inuyashiki Last Hero,2017,"",6.6/10,50/100,0,0,1,0,1,6.6,,,,,Unmatched,
3827,4082,On Death Row,2012,16+,8.0/10,50/100,0,0,1,0,1,8,tt1843894,7.9,1432,tvSeries,Exact (title + year),-0.0999999999999996
3828,4083,El Presidente,2020,16+,7.2/10,49/100,0,0,1,0,1,7.2,tt10091306,7.2,1750,tvSeries,Exact (title + original-language year),0
3829,4084,Celebrity Ghost Stories,2009,7+,7.1/10,49/100,0,0,1,0,1,7.1,tt1320080,7.1,1186,tvSeries,"Fuzzy (title exact, year +-1)",0
3830,4085,Mike Hammer,1984,7+,6.9/10,49/100,0,0,1,0,1,6.9,tt0086760,6.9,1477,tvSeries,Exact (title + original-language year),0
3831,4087,Bridget & Eamon,2016,16+,7.7/10,49/100,0,0,1,0,1,7.7,tt5237818,7.8,875,tvSeries,Exact (title + year),0.0999999999999996
3832,4088,Secrets of the Castle,2014,"",8.6/10,49/100,0,0,1,0,1,8.6,tt4388710,8.6,461,tvSeries,Exact (title + year),0
3833,4089,Le Mans: Racing is Everything,2017,7+,7.3/10,49/100,0,0,1,0,1,7.3,tt6628364,7.2,956,tvMiniSeries,Exact (title + year),-0.0999999999999996
3834,4090,Superheroes: A Never-Ending Battle,2013,7+,8.1/10,49/100,0,0,1,0,1,8.1,tt3062328,8.1,807,tvMiniSeries,Exact (title + year),0
3835,4091,The Busy World of Richard Scarry,1994,all,7.5/10,49/100,0,0,1,0,1,7.5,tt0179558,7.4,2364,tvSeries,"Fuzzy (title exact, year +-1)",-0.0999999999999996
3836,4092,King of the Road,2016,16+,8.9/10,49/100,0,0,1,0,1,8.9,tt5866252,8.9,515,tvSeries,Exact (title + year),0
3837,4093,Secret Smile,2005,"",6.9/10,49/100,0,0,1,0,1,6.9,tt0462520,6.8,2058,tvMiniSeries,Exact (title + year),-0.100000000000001
3838,4094,The Delivery Man,2015,16+,7.2/10,49/100,0,0,1,0,1,7.2,tt4610700,7,862,tvSeries,Exact (title + year),-0.2
3839,4095,Battle 360°,2008,7+,8.4/10,49/100,0,0,1,0,1,8.4,,,,,Unmatched,
3840,4096,This Giant Beast That is the Global Economy,2019,16+,7.8/10,49/100,0,0,1,0,1,7.8,tt8450534,7.7,977,tvSeries,Exact (title + year),-0.0999999999999996
3841,4097,LoliRock,2014,all,7.3/10,49/100,0,0,1,0,1,7.3,tt4506998,7.6,948,tvSeries,Exact (title + year),0.3
3842,4098,Strange Empire,2014,16+,6.4/10,49/100,0,0,1,0,1,6.4,tt3920814,6.3,1926,tvSeries,Exact (title + year),-0.100000000000001
3843,4099,The Greatest Love,2011,16+,7.8/10,49/100,0,0,1,0,1,7.8,tt2304406,7.7,1265,tvSeries,Exact (title + year),-0.0999999999999996
3844,4102,Cybersix,1999,16+,7.8/10,49/100,0,0,1,0,1,7.8,tt0211793,7.6,744,tvSeries,Exact (title + year),-0.2
3845,4105,The Dangerous Book for Boys,2018,7+,6.0/10,49/100,0,0,1,0,1,6,tt1082583,5.9,543,tvSeries,Exact (title + year),-0.0999999999999996
3846,4107,Empresses In The Palace,2011,7+,8.4/10,49/100,0,0,1,0,1,8.4,tt2374683,8.5,2836,tvSeries,Exact (title + year),0.0999999999999996
3847,4108,Captain Scarlet and the Mysterons,1967,all,7.8/10,49/100,0,0,1,0,1,7.8,tt0059973,7.8,2166,tvSeries,Exact (title + year),0
3848,4109,Stingray,1964,"",7.3/10,49/100,0,0,1,0,1,7.3,tt0057786,7.3,1641,tvSeries,Exact (title + year),0
3849,4110,Survive This,2009,7+,6.7/10,49/100,0,0,1,0,1,6.7,tt1478503,6.7,88,tvSeries,Exact (title + year),0
3850,4111,Unscripted,2005,"",7.3/10,49/100,0,0,1,0,1,7.3,tt0413616,7.4,503,tvSeries,Exact (title + year),0.100000000000001
3851,4112,Girls' Last Tour,2017,16+,7.7/10,49/100,0,0,1,0,1,7.7,tt7474942,7.8,2351,tvMiniSeries,Exact (title + year),0.0999999999999996
3852,4114,Grimoire of Zero,2017,16+,7.0/10,49/100,0,0,1,0,1,7,tt6477270,6.8,1066,tvMiniSeries,Exact (title + year),-0.2
3853,4116,After the Rain,2018,18+,7.4/10,49/100,0,0,1,0,1,7.4,tt9117242,5.3,16,short,Exact (title + original-language year) [non-TV type],-2.1
3854,4118,Gator Boys,2012,"",7.0/10,48/100,0,0,1,0,1,7,tt2141011,7,708,tvSeries,Exact (title + year),0
3855,4120,The Adventures of Swiss Family Robinson,1998,"",7.4/10,48/100,0,0,1,0,1,7.4,tt0222519,7.3,695,tvSeries,Exact (title + year),-0.100000000000001
3856,4122,The Roy Rogers Show,1951,"",7.2/10,48/100,0,0,1,0,1,7.2,tt0043225,7.1,790,tvSeries,Exact (title + year),-0.100000000000001
3857,4123,The Ruth Rendell Mysteries,1987,16+,6.8/10,48/100,0,0,1,0,1,6.8,tt0166458,6.9,857,tvSeries,Exact (title + year),0.100000000000001
3858,4124,10.5: Apocalypse,2006,"",4.5/10,48/100,0,0,1,0,1,4.5,tt0463850,4.5,2959,tvMiniSeries,Exact (title + year),0
3859,4125,Thunderbirds Are Go!,2015,all,6.8/10,48/100,0,0,1,0,1,6.8,,,,,Unmatched,
3860,4126,Blade of the Immortal,2008,16+,6.7/10,48/100,0,0,1,0,1,6.7,tt1208358,6.7,808,tvSeries,Exact (title + year),0
3861,4127,Laid,2011,"",7.4/10,48/100,0,0,1,0,1,7.4,tt1695583,7.2,677,tvSeries,Exact (title + year),-0.2
3862,4129,Karakuri Circus,2018,"",7.1/10,48/100,0,0,1,0,1,7.1,tt9050366,7,594,tvSeries,Exact (title + year),-0.0999999999999996
3863,4130,The Great Escapists,2021,"",5.6/10,48/100,0,0,1,0,1,5.6,tt10948294,5.6,2986,tvSeries,Exact (title + year),0
3864,4131,The Mill,2013,"",7.5/10,48/100,0,0,1,0,1,7.5,tt2220768,7.5,1425,tvSeries,Exact (title + year),0
3865,4132,Fake or Fortune?,2011,"",8.6/10,48/100,0,0,1,0,1,8.6,,,,,Unmatched,
3866,4133,Tudor Monastery Farm,2013,"",8.6/10,48/100,0,0,1,0,1,8.6,tt4103600,8.6,489,tvMiniSeries,Exact (title + year),0
3867,4135,Peg + Cat,2013,all,7.8/10,48/100,0,0,1,0,1,7.8,tt2402500,7.8,519,tvSeries,Exact (title + original-language year),0
3868,4136,Re:Creators,2017,18+,7.1/10,48/100,0,0,1,0,1,7.1,,,,,Unmatched,
3869,4137,Bounty Hunters,2017,"",6.0/10,48/100,0,0,1,0,1,6,tt7350790,6.1,762,tvSeries,Exact (title + year),0.0999999999999996
3870,4138,Just Because!,2017,7+,6.9/10,48/100,0,0,1,0,1,6.9,tt7513452,6.9,1239,tvMiniSeries,Exact (title + year),0
3871,4139,Chivas: El Rebaño Sagrado,2021,"",7.4/10,48/100,0,0,1,0,1,7.4,tt14681678,7.2,84,tvSeries,Exact (title + year),-0.2
3872,4140,Yuki Yuna is a Hero,2014,16+,6.8/10,48/100,0,0,1,0,1,6.8,tt3981902,6.8,318,tvSeries,Exact (title + year),0
3873,4141,The Pack,2020,"",6.5/10,48/100,0,0,1,0,1,6.5,tt12850564,6.6,624,tvSeries,Exact (title + year),0.0999999999999996
3874,4142,Boarding School Juliet,2018,16+,7.1/10,48/100,0,0,1,0,1,7.1,tt8496638,7.3,1469,tvSeries,Exact (title + year),0.2
3875,4143,This Is Football,2019,16+,8.2/10,48/100,0,0,1,0,1,8.2,tt9170224,7.9,871,tvMiniSeries,Exact (title + year),-0.299999999999999
3876,4144,Valemont,2009,7+,5.3/10,47/100,0,0,1,0,1,5.3,tt1430794,5.1,453,tvMiniSeries,Exact (title + year),-0.2
3877,4145,Alice in Paris,2016,all,8.7/10,47/100,0,0,1,0,1,8.7,tt5732812,8.5,228,tvSeries,Exact (title + year),-0.199999999999999
3878,4146,Fury,1955,"",7.4/10,47/100,0,0,1,0,1,7.4,tt0047734,7.4,648,tvSeries,Exact (title + year),0
3879,4148,Ronja the Robber's Daughter,2014,7+,7.3/10,47/100,0,0,1,0,1,7.3,,,,,Unmatched,
3880,4149,The Restoration Man,2010,"",7.8/10,47/100,0,0,1,0,1,7.8,tt1632329,7.9,275,tvSeries,Exact (title + year),0.100000000000001
3881,4150,Felix the Cat,1958,"",6.8/10,47/100,0,0,1,0,1,6.8,tt0278192,6.7,1079,tvSeries,Exact (title + year),-0.0999999999999996
3882,4151,Rebel,2017,16+,5.4/10,47/100,0,0,1,0,1,5.4,tt5651776,5.3,585,tvSeries,Exact (title + year),-0.100000000000001
3883,4153,Yancy Derringer,1958,"",7.8/10,47/100,0,0,1,0,1,7.8,tt0051329,7.8,552,tvSeries,Exact (title + year),0
3884,4154,Curiosity,2011,16+,7.8/10,47/100,0,0,1,0,1,7.8,tt1564623,7.7,756,tvSeries,Exact (title + year),-0.0999999999999996
3885,4155,Hitoshi Matsumoto Presents Documental,2016,"",8.0/10,47/100,0,0,1,0,1,8,,,,,Unmatched,
3886,4156,JourneyQuest,2010,"",8.0/10,47/100,0,0,1,0,1,8,tt1715332,7.8,769,tvSeries,Exact (title + year),-0.2
3887,4157,Babar,1989,all,6.5/10,47/100,0,0,1,0,1,6.5,tt0156200,6.5,5968,tvSeries,Exact (title + year),0
3888,4158,Public Enemies,2012,"",7.1/10,47/100,0,0,1,0,1,7.1,tt2148433,7,811,tvMiniSeries,Exact (title + year),-0.0999999999999996
3889,4159,One Night Stand,1989,18+,8.2/10,47/100,0,0,1,0,1,8.2,tt0283208,7.4,271,tvSeries,Exact (title + year),-0.799999999999999
3890,4160,The Rebel,1959,"",7.8/10,47/100,0,0,1,0,1,7.8,tt0052505,7.8,783,tvSeries,Exact (title + year),0
3891,4161,Full Custom Garage,2014,"",8.5/10,47/100,0,0,1,0,1,8.5,tt3646104,8.5,291,tvSeries,Exact (title + year),0
3892,4162,Hunting ISIS,2018,"",8.3/10,47/100,0,0,1,0,1,8.3,tt8372660,8.1,550,tvSeries,Exact (title + year),-0.200000000000001
3893,4163,Rose and Maloney,2002,"",7.4/10,47/100,0,0,1,0,1,7.4,tt0338655,7.6,1362,tvSeries,Exact (title + year),0.199999999999999
3894,4165,Mr. Osomatsu,2015,16+,7.5/10,47/100,0,0,1,0,1,7.5,,,,,Unmatched,
3895,4166,Fetch! with Ruff Ruffman,2006,all,7.5/10,47/100,0,0,1,0,1,7.5,tt0496195,7.3,1185,tvSeries,Exact (title + year),-0.2
3896,4168,The Cyanide & Happiness Show,2014,18+,8.0/10,47/100,0,0,1,0,1,8,tt4306696,7.8,1057,tvSeries,Exact (title + year),-0.2
3897,4169,Welcome to the Ballroom,2017,16+,7.8/10,47/100,0,0,1,0,1,7.8,tt7161104,7.8,1148,tvSeries,Exact (title + year),0
3898,4170,Flash Gordon,2007,7+,4.9/10,47/100,0,0,1,0,1,4.9,tt0959086,4.9,3344,tvSeries,Exact (title + original-language year),0
3899,4171,Empress Ki,2013,all,7.8/10,47/100,0,0,1,0,1,7.8,,,,,Unmatched,
3900,4172,Enemy at the Door,1978,"",7.9/10,47/100,0,0,1,0,1,7.9,tt0122818,7.9,490,tvSeries,Exact (title + year),0
3901,4173,Deal or No Deal,2005,7+,5.0/10,47/100,0,0,1,0,1,5,tt0493378,5.1,4545,tvSeries,Exact (title + year),0.0999999999999996
3902,4174,Pound Puppies,2010,all,6.3/10,47/100,0,0,1,0,1,6.3,tt1761811,6.3,711,tvSeries,Exact (title + year),0
3903,4175,Just Add Magic: Mystery City,2020,all,7.3/10,47/100,0,0,1,0,1,7.3,tt11569530,7.1,913,tvSeries,Exact (title + year),-0.2
3904,4176,American Ripper,2017,16+,6.3/10,47/100,0,0,1,0,1,6.3,tt7132032,6.2,806,tvMiniSeries,Exact (title + year),-0.0999999999999996
3905,4177,Hoarding: Buried Alive,2010,7+,6.6/10,46/100,0,0,1,0,1,6.6,tt1538296,6.6,846,tvSeries,Exact (title + year),0
3906,4178,Mr. Wizard's World,1983,all,8.1/10,46/100,0,0,1,0,1,8.1,tt0085060,8.2,848,tvSeries,Exact (title + year),0.0999999999999996
3907,4179,Street Fighter: Resurrection,2016,16+,6.5/10,46/100,0,0,1,0,1,6.5,tt5302168,6,630,tvSeries,Exact (title + year),-0.5
3908,4180,The Tesla Files,2018,"",7.2/10,46/100,0,0,1,0,1,7.2,tt8439492,6.9,503,tvSeries,Exact (title + year),-0.3
3909,4183,Clifford's Puppy Days,2003,all,6.7/10,46/100,0,0,1,0,1,6.7,tt0377156,6.6,454,tvSeries,Exact (title + year),-0.100000000000001
3910,4184,A Fortunate Life,1986,7+,7.9/10,46/100,0,0,1,0,1,7.9,tt0129681,7.8,134,tvMiniSeries,Exact (title + year),-0.100000000000001
3911,4185,Troopers,2011,"",8.0/10,46/100,0,0,1,0,1,8,tt1966281,7.9,359,tvSeries,Exact (title + year),-0.0999999999999996
3912,4187,999: What's Your Emergency?,2012,"",7.3/10,46/100,0,0,1,0,1,7.3,tt3321642,7.4,212,tvSeries,Exact (title + year),0.100000000000001
3913,4188,Happy Sugar Life,2018,"",6.5/10,46/100,0,0,1,0,1,6.5,tt8696458,6.4,1120,tvSeries,Exact (title + year),-0.0999999999999996
3914,4189,Tumble Leaf,2013,all,8.5/10,46/100,0,0,1,0,1,8.5,tt2948562,8.6,749,tvSeries,Exact (title + year),0.0999999999999996
3915,4190,The Gymkhana Files,2018,18+,7.9/10,46/100,0,0,1,0,1,7.9,tt7558708,7.8,552,tvSeries,Exact (title + year),-0.100000000000001
3916,4191,Life In Squares,2015,"",6.6/10,46/100,0,0,1,0,1,6.6,tt4034398,6.5,963,tvMiniSeries,Exact (title + year),-0.0999999999999996
3917,4192,Shakespeare Uncovered,2012,"",8.6/10,46/100,0,0,1,0,1,8.6,tt2693980,8.5,290,tvSeries,Exact (title + year),-0.0999999999999996
3918,4193,Little Men,1998,"",7.6/10,46/100,0,1,1,0,1,7.6,tt0179029,7.7,450,tvSeries,Exact (title + year),0.100000000000001
3919,4194,London's Burning,1986,"",7.0/10,46/100,0,0,1,0,1,7,tt0095537,7.3,134,tvMovie,Exact (title + year) [non-TV type],0.3
3920,4195,Lost in Oz,2015,7+,7.6/10,46/100,0,0,1,0,1,7.6,tt4677846,7.5,698,tvSeries,Exact (title + year),-0.0999999999999996
3921,4196,Deltora Quest,2007,all,7.1/10,46/100,0,0,1,0,1,7.1,tt0926230,7.1,381,tvSeries,Exact (title + year),0
3922,4197,Great Expectations,1999,"",7.2/10,46/100,0,0,1,0,1,7.2,tt0167187,7.2,1993,tvMovie,Exact (title + year) [non-TV type],0
3923,4198,The Eleven,2017,16+,6.8/10,46/100,0,0,1,0,1,6.8,tt7557574,6.7,475,tvSeries,Exact (title + year),-0.0999999999999996
3924,4199,Legend of Master Legend,2017,"","",46/100,0,0,1,0,1,,,,,,Unmatched,
3925,4200,Do You Love Your Mom and Her Two-Hit Multi-Target Attacks?,2019,16+,5.1/10,46/100,0,0,1,0,1,5.1,tt10443344,5.3,768,tvSeries,Exact (title + year),0.2
3926,4201,Big Dogs,2020,"",5.7/10,46/100,0,0,1,0,1,5.7,tt6599010,5.5,649,tvSeries,Exact (title + year),-0.2
3927,4202,Tokyo Girl,2016,"",7.9/10,46/100,0,0,1,0,1,7.9,tt7256504,8,889,tvMiniSeries,Exact (title + year),0.0999999999999996
3928,4203,Jim Gaffigan: The Pale Tourist,2020,"",6.7/10,46/100,0,0,1,0,1,6.7,tt11915950,6.9,932,tvSeries,Exact (title + year),0.2
3929,4204,MonsterQuest,2007,7+,7.1/10,46/100,0,0,1,0,1,7.1,tt1170243,7.1,1222,tvSeries,Exact (title + year),0
3930,4205,Peep and the Big Wide World,2004,all,7.1/10,46/100,0,0,1,0,1,7.1,tt0389668,7.9,950,tvSeries,Exact (title + year),0.800000000000001
3931,4206,Shaktimaan,1997,"",8.2/10,46/100,0,0,1,0,1,8.2,tt0389680,8.1,5855,tvSeries,Exact (title + year),-0.0999999999999996
3932,4207,Unsealed: Alien Files,2012,"",6.5/10,46/100,0,0,1,0,1,6.5,tt2433570,6.4,921,tvSeries,Exact (title + year),-0.0999999999999996
3933,4208,Flowering Heart,2018,"","",46/100,0,0,1,0,1,,,,,,Unmatched,
3934,4209,Nova ScienceNow,2005,all,8.5/10,45/100,0,0,1,0,1,8.5,tt0449461,8.5,548,tvSeries,Exact (title + year),0
3935,4210,Budding Prospects,2017,18+,7.3/10,45/100,0,0,1,0,1,7.3,tt6101624,6.6,471,tvMovie,Exact (title + year) [non-TV type],-0.7
3936,4211,Sofiya,2016,"",7.8/10,45/100,0,0,1,0,1,7.8,tt6653336,7.5,670,tvMiniSeries,Exact (title + original-language year),-0.3
3937,4212,I Married Joan,1952,"",7.9/10,45/100,0,0,1,0,1,7.9,tt0044269,7.7,441,tvSeries,Exact (title + year),-0.2
3938,4214,Baby u,2011,"","",45/100,0,0,1,0,1,,,,,,Unmatched,
3939,4215,This Is Personal: The Hunt for the Yorkshire Ripper,2000,"",7.6/10,45/100,0,0,1,0,1,7.6,tt0233115,7.6,495,tvMiniSeries,Exact (title + year),0
3940,4216,Tenspeed and Brown Shoe,1980,7+,7.6/10,45/100,0,0,1,0,1,7.6,tt0080289,7.5,636,tvSeries,Exact (title + year),-0.0999999999999996
3941,4217,Women in Love,2011,"",6.1/10,45/100,0,0,1,0,1,6.1,tt1738340,6.2,654,tvMiniSeries,Exact (title + year),0.100000000000001
3942,4218,Marcia Clark Investigates The First 48,2018,16+,8.0/10,45/100,0,0,1,0,1,8,tt7874718,8.1,218,tvSeries,Exact (title + year),0.0999999999999996
3943,4219,Goku Midnight Eye,1989,18+,6.9/10,45/100,0,0,1,0,1,6.9,tt0097445,6.8,1730,tvMiniSeries,Exact (title + year),-0.100000000000001
3944,4220,Samurai Girls,2010,18+,6.5/10,45/100,0,0,1,0,1,6.5,tt2074011,6.5,497,tvMiniSeries,Exact (title + year),0
3945,4221,Played,2013,"",6.4/10,45/100,0,0,1,0,1,6.4,tt2886812,6.2,375,tvSeries,Exact (title + year),-0.2
3946,4223,City of Vice,2008,"",7.7/10,45/100,0,0,1,0,1,7.7,tt1044196,7.4,584,tvMiniSeries,Exact (title + year),-0.3
3947,4224,True Tears,2008,7+,7.3/10,45/100,0,0,1,0,1,7.3,tt1161697,7,642,tvMiniSeries,Exact (title + year),-0.3
3948,4225,Kratts' Creatures,1996,all,8.2/10,45/100,0,0,1,0,1,8.2,tt0159885,8.2,336,tvSeries,Exact (title + year),0
3949,4226,Love and Lies,2017,16+,6.1/10,45/100,0,0,1,0,1,6.1,tt7158574,6.2,1116,tvMiniSeries,Exact (title + year),0.100000000000001
3950,4227,LOL: Australia,2020,"",5.9/10,45/100,0,0,1,0,1,5.9,,,,,Unmatched,
3951,4228,HBO Comedy Half-Hour,1994,7+,8.0/10,45/100,0,0,1,0,1,8,tt0251512,7.9,394,tvSeries,Exact (title + year),-0.0999999999999996
3952,4229,Princess Principal,2017,18+,7.4/10,45/100,0,0,1,0,1,7.4,tt6692956,7.6,1138,tvMiniSeries,Exact (title + year),0.199999999999999
3953,4230,Onihei,2017,"",7.8/10,45/100,0,0,1,0,1,7.8,tt6494518,7.5,410,tvSeries,Exact (title + year),-0.3
3954,4231,The Legend of William Tell,1998,"",7.2/10,45/100,0,0,1,0,1,7.2,tt0191700,7.1,316,tvSeries,Exact (title + year),-0.100000000000001
3955,4232,Acapulco H.E.A.T.,1993,16+,5.8/10,45/100,0,0,1,0,1,5.8,tt0105930,5.7,962,tvSeries,Exact (title + year),-0.0999999999999996
3956,4233,Dharmakshetra,2014,"",8.1/10,45/100,0,0,1,0,1,8.1,tt6803712,8.6,460,tvSeries,Exact (title + year),0.5
3957,4234,UFO Files,2004,7+,6.9/10,45/100,0,0,1,0,1,6.9,tt0433320,6.9,349,tvSeries,Exact (title + year),0
3958,4235,Mansfield Park,1983,all,6.8/10,45/100,0,0,1,0,1,6.8,tt0085052,6.7,1344,tvMiniSeries,Exact (title + year),-0.0999999999999996
3959,4236,Porterhouse Blue,1987,18+,7.6/10,45/100,0,0,1,0,1,7.6,tt0092428,7.6,583,tvMiniSeries,Exact (title + year),0
3960,4237,Pete the Cat,2017,all,7.6/10,45/100,0,0,1,0,1,7.6,tt6148744,7.8,550,tvSeries,Exact (title + year),0.2
3961,4239,Ivanhoe,1997,7+,7.4/10,45/100,0,0,1,0,1,7.4,tt0118354,7.3,1327,tvMiniSeries,Exact (title + year),-0.100000000000001
3962,4240,Sigmund and the Sea Monsters,1973,all,6.9/10,45/100,0,0,1,0,1,6.9,tt0069632,6.9,1072,tvSeries,Exact (title + year),0
3963,4241,The Bay,2010,"",7.3/10,45/100,0,0,1,0,1,7.3,tt1688612,7.2,5580,tvSeries,Exact (title + year),-0.0999999999999996
3964,4242,The Detectives,2015,"",7.8/10,45/100,0,0,1,0,1,7.8,tt4855124,7.9,237,tvSeries,Exact (title + year),0.100000000000001
3965,4243,100 Years of Horror,1996,"",7.2/10,45/100,0,0,1,0,1,7.2,tt0166940,7,569,tvSeries,Exact (title + year),-0.2
3966,4244,Bikini Destinations,2003,18+,6.9/10,45/100,0,0,1,0,1,6.9,tt0445867,6.8,127,tvSeries,Exact (title + year),-0.100000000000001
3967,4245,Walking Through History,2013,"",8.2/10,45/100,0,0,1,0,1,8.2,tt4614532,8.1,304,tvSeries,Exact (title + year),-0.0999999999999996
3968,4246,Civil War Journal,1993,"",8.2/10,45/100,0,0,1,0,1,8.2,tt0294032,8.2,161,tvSeries,Exact (title + year),0
3969,4248,IRODUKU: The World in Colors,2018,16+,7.4/10,44/100,0,0,1,0,1,7.4,tt9050480,7.4,1071,tvMiniSeries,Exact (title + year),0
3970,4249,El Desafío: ETA,2020,"",8.3/10,44/100,0,0,1,0,1,8.3,,,,,Unmatched,
3971,4250,Rob the Robot,2010,all,7.8/10,44/100,0,0,1,0,1,7.8,tt1787439,7,116,tvSeries,Exact (title + year),-0.8
3972,4251,Crime Investigation Australia,2005,18+,8.0/10,44/100,0,0,1,0,1,8,,,,,Unmatched,
3973,4252,Six Dreams,2018,"",7.8/10,44/100,0,0,1,0,1,7.8,tt8098164,7.8,350,tvSeries,Exact (title + year),0
3974,4253,Sensing Murder,2006,"",6.4/10,44/100,0,0,1,0,1,6.4,tt0805945,6.9,60,tvSeries,Exact (title + year),0.5
3975,4254,I Survived...Beyond and Back,2010,"",8.1/10,44/100,0,0,1,0,1,8.1,,,,,Unmatched,
3976,4255,All or Nothing: The Michigan Wolverines,2018,"",7.6/10,44/100,0,0,1,0,1,7.6,tt8134160,7.6,808,tvMiniSeries,Exact (title + year),0
3977,4256,The Simple Life,2003,16+,3.9/10,44/100,0,0,1,0,1,3.9,tt0362153,4.3,6216,tvSeries,Exact (title + year),0.4
3978,4257,Beatless,2018,"",5.7/10,44/100,0,0,1,0,1,5.7,tt7900936,5.7,318,tvSeries,Exact (title + year),0
3979,4259,The Kicks,2016,all,7.0/10,44/100,0,0,1,0,1,7,tt4196686,6.9,881,tvSeries,"Fuzzy (title exact, year +-1)",-0.0999999999999996
3980,4260,Sons of The Soil - Jaipur Pink Panthers,2020,"",7.8/10,44/100,0,0,1,0,1,7.8,,,,,Unmatched,
3981,4262,Pequeñas coincidencias,2018,7+,7.4/10,44/100,0,0,1,0,1,7.4,tt8597326,7.2,771,tvSeries,Exact (title + year),-0.2
3982,4263,On the Spot,2014,"",8.1/10,44/100,0,0,1,0,1,8.1,tt4181892,8.2,676,tvSeries,Exact (title + year),0.0999999999999996
3983,4264,UFO Hunters,2008,7+,6.5/10,44/100,0,0,1,0,1,6.5,,,,,Unmatched,
3984,4265,Transformers: Combiner Wars,2016,16+,5.4/10,44/100,0,0,1,0,1,5.4,tt5831646,5.4,429,tvMiniSeries,Exact (title + year),0
3985,4266,Cape Town,2016,"",6.1/10,44/100,0,0,1,0,1,6.1,tt4760616,6.1,439,tvMiniSeries,"Fuzzy (title exact, year +-1)",0
3986,4267,All or Nothing: Brazil National Team,2020,16+,7.2/10,44/100,0,0,1,0,1,7.2,tt11621718,7,692,tvMiniSeries,Exact (title + year),-0.2
3987,4269,Kannazuki no Miko,2004,16+,6.7/10,44/100,0,0,1,0,1,6.7,tt0890871,6.5,458,tvSeries,Exact (title + original-language year),-0.2
3988,4270,The Roman Empire in the First Century,2001,"",7.5/10,44/100,0,0,1,0,1,7.5,,,,,Unmatched,
3989,4271,The Adventures of Maya the Honey Bee,1975,all,6.7/10,44/100,0,0,1,0,1,6.7,,,,,Unmatched,
3990,4272,Soviet Storm: WWII in the East,2011,7+,8.7/10,44/100,0,0,1,0,1,8.7,,,,,Unmatched,
3991,4273,Chiller,1995,"",6.5/10,44/100,0,0,1,0,1,6.5,tt0324723,6.4,408,tvSeries,Exact (title + year),-0.0999999999999996
3992,4274,Charlie's Angels,2011,16+,4.4/10,44/100,1,0,1,0,1,4.4,tt1760943,4.4,4594,tvSeries,Exact (title + year),0
3993,4276,The Underground,2006,18+,5.6/10,44/100,0,0,1,0,1,5.6,,,,,Unmatched,
3994,4277,Eat the World with Emeril Lagasse,2016,16+,7.9/10,44/100,0,0,1,0,1,7.9,tt5860892,7.7,226,tvSeries,Exact (title + year),-0.2
3995,4278,Pandora's Box,2012,16+,8.5/10,44/100,0,0,1,0,1,8.5,tt4478658,9,14,short,"Fuzzy (title exact, year +-1) [non-TV type]",0.5
3996,4279,The Veil,1958,"",7.6/10,44/100,0,0,1,0,1,7.6,tt0255763,7.2,659,tvSeries,Exact (title + year),-0.399999999999999
3997,4280,Black Widows,2014,"",6.9/10,44/100,0,0,1,0,1,6.9,,,,,Unmatched,
3998,4281,Sea Rescue,2012,all,8.9/10,44/100,0,0,1,0,1,8.9,tt2353113,8.3,53,tvSeries,Exact (title + year),-0.6
3999,4282,America Revealed,2012,"",8.1/10,44/100,0,0,1,0,1,8.1,tt2354651,8,158,tvSeries,Exact (title + year),-0.0999999999999996
4000,4283,Hero: 108,2010,all,5.7/10,44/100,0,0,1,0,1,5.7,tt1674117,6,1261,tvSeries,Exact (title + original-language year),0.3
4001,4284,BBQ with Franklin,2015,all,8.1/10,44/100,0,0,1,0,1,8.1,tt4906064,8.5,56,tvSeries,Exact (title + year),0.4
4002,4285,Oasis,2017,18+,8.3/10,44/100,0,0,1,0,1,8.3,,,,,Unmatched,
4003,4286,The Fabric of the Cosmos,2011,"",8.7/10,43/100,0,0,1,0,1,8.7,tt8060080,8.5,370,tvMiniSeries,Exact (title + year),-0.199999999999999
4004,4287,Merlin's Apprentice,2006,16+,5.3/10,43/100,0,0,1,0,1,5.3,tt0463826,5.3,2386,tvMiniSeries,Exact (title + year),0
4005,4288,Fireball XL5,1962,7+,7.3/10,43/100,0,0,1,0,1,7.3,tt0055673,7.2,837,tvSeries,Exact (title + year),-0.0999999999999996
4006,4289,Studio One,1948,"",7.8/10,43/100,0,0,1,0,1,7.8,tt0040051,7.5,361,tvSeries,Exact (title + year),-0.3
4007,4290,Canimals,2011,all,7.0/10,43/100,0,0,1,0,1,7,tt2174349,6.4,148,tvSeries,Exact (title + year),-0.6
4008,4291,Wild Boys,2011,7+,6.9/10,43/100,0,0,1,0,1,6.9,tt1865572,6.8,546,tvSeries,Exact (title + year),-0.100000000000001
4009,4292,The Annoying Orange,2009,7+,"",43/100,0,0,1,0,1,,tt1715368,3.1,2462,tvSeries,Exact (title + year),
4010,4293,1st & Ten,1984,"",6.5/10,43/100,0,0,1,0,1,6.5,tt0086660,6.6,660,tvSeries,Exact (title + year),0.0999999999999996
4011,4294,"Lancelot Link, Secret Chimp",1970,"",7.5/10,43/100,0,0,1,0,1,7.5,,,,,Unmatched,
4012,4295,Lorna Doone,2000,"",6.9/10,43/100,0,0,1,0,1,6.9,tt0259786,6.9,2144,tvMovie,Exact (title + year) [non-TV type],0
4013,4296,Wagner,1983,"",7.7/10,43/100,0,0,1,0,1,7.7,tt0085107,7.5,698,tvMiniSeries,Exact (title + year),-0.2
4014,4297,Niko and the Sword of Light,2017,all,7.7/10,43/100,0,0,1,0,1,7.7,,,,,Unmatched,
4015,4298,Mata Hari,2017,"",6.2/10,43/100,0,0,1,0,1,6.2,tt4110246,6.1,620,tvSeries,"Fuzzy (title exact, year +-1)",-0.100000000000001
4016,4299,Chacha Vidhayak Hain Humare,2018,"",7.7/10,43/100,0,0,1,0,1,7.7,tt8254592,7.5,6586,tvSeries,Exact (title + year),-0.2
4017,4300,Big Pacific,2017,all,8.4/10,43/100,0,0,1,0,1,8.4,tt7274440,8.2,232,tvMiniSeries,Exact (title + year),-0.200000000000001
4018,4301,Wildest Islands,2012,"",8.2/10,43/100,0,0,1,0,1,8.2,tt2825476,8,225,tvSeries,Exact (title + year),-0.199999999999999
4019,4302,Animal Mechanicals,2008,all,6.3/10,43/100,0,0,1,0,1,6.3,tt1516169,6.2,255,tvSeries,Exact (title + year),-0.0999999999999996
4020,4303,Strange Events,2017,"",4.8/10,43/100,0,0,1,0,1,4.8,,,,,Unmatched,
4021,4304,Costume Quest,2019,7+,7.0/10,43/100,0,0,1,0,1,7,tt6536550,7.2,304,tvSeries,Exact (title + year),0.2
4022,4305,Spaceballs: The Animated Series,2008,18+,4.2/10,43/100,0,0,1,0,1,4.2,tt0870980,4.3,1153,tvSeries,Exact (title + year),0.0999999999999996
4023,4306,Daughter of Lupin,2019,"",6.4/10,43/100,0,0,1,0,1,6.4,tt10315062,6.8,104,tvMiniSeries,Exact (title + year),0.399999999999999
4024,4307,The Renaissance Unchained,2016,"",8.4/10,43/100,0,0,1,0,1,8.4,tt5548612,8.2,220,tvMiniSeries,Exact (title + year),-0.200000000000001
4025,4308,Joanna Lumley's Nile,2010,"",8.1/10,43/100,0,0,1,0,1,8.1,tt1642494,8,310,tvSeries,Exact (title + original-language year),-0.0999999999999996
4026,4309,The History of Tom Jones,1997,"",7.7/10,43/100,0,0,1,0,1,7.7,,,,,Unmatched,
4027,4310,Vials,2017,"","",43/100,0,0,1,0,1,,tt6992418,7.8,289,tvSeries,Exact (title + year),
4028,4311,Nature Cat,2015,all,7.2/10,43/100,0,0,1,0,1,7.2,tt4947580,7.3,528,tvSeries,Exact (title + year),0.0999999999999996
4029,4312,Ancient Inventions,1998,"",7.8/10,43/100,0,0,1,0,1,7.8,tt0173523,7.8,150,tvMiniSeries,Exact (title + year),0
4030,4313,"Kokkoku, Moment by Moment",2018,18+,7.0/10,43/100,0,0,1,0,1,7,,,,,Unmatched,
4031,4315,Albert & Junior Series,2011,all,"",43/100,0,0,1,0,1,,,,,,Unmatched,
4032,4316,Ella the Elephant,2013,"","",43/100,0,0,1,0,1,,tt1853955,6.8,70,tvSeries,"Fuzzy (title exact, year +-1)",
4033,4317,The Danny Thomas Show,1957,all,7.2/10,43/100,0,0,1,0,1,7.2,,,,,Unmatched,
4034,4318,Ready Jet Go!,2016,all,6.1/10,43/100,0,0,1,0,1,6.1,tt5292052,5.9,227,tvSeries,Exact (title + year),-0.199999999999999
4035,4319,Ultimate Survival: Everest,2004,"",7.3/10,43/100,0,0,1,0,1,7.3,tt2408444,7.2,173,tvMiniSeries,Exact (title + year),-0.0999999999999996
4036,4320,Sex Sent Me to the ER,2013,18+,5.4/10,42/100,0,0,1,0,1,5.4,tt3415250,5.1,458,tvSeries,Exact (title + year),-0.300000000000001
4037,4321,Tornado Chasers,2012,"",8.1/10,42/100,0,0,1,0,1,8.1,tt2949316,7.8,601,tvSeries,Exact (title + year),-0.3
4038,4322,Dino Dan,2009,7+,5.6/10,42/100,0,0,1,0,1,5.6,tt1447487,5.6,505,tvSeries,"Fuzzy (title exact, year +-1)",0
4039,4323,Tricky Business,2012,"",6.0/10,42/100,0,0,1,0,1,6,tt2396275,5.8,210,tvMiniSeries,Exact (title + original-language year),-0.2
4040,4324,18 to Life,2010,"",6.1/10,42/100,0,0,1,0,1,6.1,tt1411254,6.9,1360,tvSeries,Exact (title + year),0.800000000000001
4041,4325,Annedroids,2014,all,6.3/10,42/100,0,0,1,0,1,6.3,tt3012532,6.5,458,tvSeries,"Fuzzy (title exact, year +-1)",0.2
4042,4326,Mars Rising,2007,7+,8.0/10,42/100,0,0,1,0,1,8,tt1120412,7.8,114,tvSeries,Exact (title + year),-0.2
4043,4327,Rage of Bahamut Virgin Soul,2017,"",7.3/10,42/100,0,0,1,0,1,7.3,,,,,Unmatched,
4044,4328,The Attackers,2013,"",7.4/10,42/100,0,0,1,0,1,7.4,,,,,Unmatched,
4045,4329,Atlantis High,2001,all,7.9/10,42/100,0,0,1,0,1,7.9,tt0295066,6.9,133,tvSeries,Exact (title + year),-1
4046,4330,All or Nothing: The Dallas Cowboys,2018,18+,7.7/10,42/100,0,0,1,0,1,7.7,tt8077544,7.6,1050,tvMiniSeries,Exact (title + year),-0.100000000000001
4047,4331,Switch,2012,"",6.8/10,42/100,0,0,1,0,1,6.8,tt2368005,6.7,422,tvSeries,Exact (title + year),-0.0999999999999996
4048,4332,Angel's Friends,2009,"",7.4/10,42/100,0,0,1,0,1,7.4,tt1731708,7.4,604,tvSeries,Exact (title + year),0
4049,4334,Girl/Girl Scene,2010,18+,5.3/10,42/100,0,0,1,0,1,5.3,tt2385242,5.3,424,tvSeries,Exact (title + year),0
4050,4335,Nanny 911,2004,7+,5.4/10,42/100,0,0,1,0,1,5.4,tt0433726,5.4,398,tvSeries,Exact (title + year),0
4051,4336,Curvy Girls,2011,"",6.5/10,42/100,0,0,1,0,1,6.5,tt2092546,6.6,46,tvSeries,Exact (title + year),0.0999999999999996
4052,4337,Body & Soul,1993,"",8.1/10,42/100,0,0,1,0,1,8.1,tt0108711,7.8,364,tvMiniSeries,Exact (title + year),-0.3
4053,4338,Very British Problems,2015,"",7.2/10,42/100,0,0,1,0,1,7.2,tt4960806,7.2,515,tvSeries,Exact (title + year),0
4054,4339,Til Debt Do Us Part,2005,"",7.9/10,42/100,0,0,1,0,1,7.9,,,,,Unmatched,
4055,4340,The Pitch,2012,"",7.0/10,42/100,0,0,1,0,1,7,tt2287229,7,315,tvSeries,Exact (title + year),0
4056,4341,Date My Dad,2017,all,7.1/10,42/100,0,0,1,0,1,7.1,tt5012346,6.8,416,tvSeries,Exact (title + year),-0.3
4057,4342,The Stinky & Dirty Show,2016,all,7.3/10,42/100,0,0,1,0,1,7.3,tt3952774,7.4,434,tvSeries,"Fuzzy (title exact, year +-1)",0.100000000000001
4058,4344,Doctor in the House,1969,"",7.6/10,42/100,0,0,1,0,1,7.6,tt0063895,7.4,475,tvSeries,Exact (title + year),-0.199999999999999
4059,4345,Little Princess,2007,all,5.7/10,42/100,0,0,1,0,1,5.7,tt0934676,5.5,496,tvSeries,"Fuzzy (title exact, year +-1)",-0.2
4060,4346,When We Go to War,2015,16+,6.7/10,42/100,0,0,1,0,1,6.7,tt3553312,6.8,261,tvMiniSeries,Exact (title + year),0.0999999999999996
4061,4347,Bad Guy,2010,16+,7.7/10,42/100,0,0,1,0,1,7.7,,,,,Unmatched,
4062,4348,Warrior Women,2003,"",7.9/10,41/100,0,0,1,0,1,7.9,tt0387790,7.8,201,tvSeries,Exact (title + year),-0.100000000000001
4063,4349,Britain's Busiest Airport: Heathrow,2015,"",8.3/10,41/100,0,0,1,0,1,8.3,tt6169802,7.8,164,tvSeries,Exact (title + year),-0.500000000000001
4064,4350,Sergeant Preston of the Yukon,1955,"",7.6/10,41/100,0,0,1,0,1,7.6,tt0182633,7.5,433,tvSeries,Exact (title + year),-0.0999999999999996
4065,4351,Crime Stories,1999,"",7.3/10,41/100,0,0,1,0,1,7.3,tt0221740,7.2,164,tvSeries,"Fuzzy (title exact, year +-1)",-0.0999999999999996
4066,4352,Miami Swat,2009,"",7.5/10,41/100,0,0,1,0,1,7.5,tt1466414,7.7,78,tvSeries,Exact (title + year),0.2
4067,4353,Comicstaan,2018,18+,6.8/10,41/100,0,0,1,0,1,6.8,tt7336778,6.9,2705,tvSeries,Exact (title + year),0.100000000000001
4068,4354,Junk Drawer Magic,2015,"",9.1/10,41/100,0,0,1,0,1,9.1,tt5525448,8.4,21,tvSeries,Exact (title + year),-0.699999999999999
4069,4355,After Hours,2015,16+,7.2/10,41/100,0,0,1,0,1,7.2,tt5178792,7.1,219,tvSeries,Exact (title + year),-0.100000000000001
4070,4356,Black Jack,1993,"",7.6/10,41/100,0,0,1,0,1,7.6,tt5778326,7.4,358,tvSeries,Exact (title + year),-0.199999999999999
4071,4357,Horseland,2006,all,5.8/10,41/100,0,0,1,0,1,5.8,tt0961121,6.2,776,tvSeries,Exact (title + year),0.4
4072,4358,Killing Bites,2018,18+,6.3/10,41/100,0,0,1,0,1,6.3,tt7879138,6.3,781,tvSeries,Exact (title + year),0
4073,4359,YouTubers React,2012,"",4.9/10,41/100,0,0,1,0,1,4.9,tt3548368,4.9,947,tvSeries,Exact (title + year),0
4074,4360,Postcards from Buster,2004,all,6.0/10,41/100,0,0,1,0,1,6,tt0426774,5.8,272,tvSeries,Exact (title + year),-0.2
4075,4361,Into the Wild,2014,"",8.5/10,41/100,1,0,1,0,1,8.5,tt4228738,8.5,131,tvSeries,Exact (title + year),0
4076,4362,Bonekickers,2008,"",4.9/10,41/100,0,0,1,0,1,4.9,tt1148181,5.1,1100,tvMiniSeries,Exact (title + year),0.199999999999999
4077,4363,ToddWorld,2004,"",6.9/10,41/100,0,0,1,0,1,6.9,tt0435585,6.5,124,tvSeries,Exact (title + year),-0.4
4078,4364,Bizarre ER,2008,"",7.7/10,41/100,0,0,1,0,1,7.7,,,,,Unmatched,
4079,4365,Music & Murder,2016,18+,8.3/10,41/100,0,0,1,0,1,8.3,tt5881896,8.1,36,tvSeries,Exact (title + year),-0.200000000000001
4080,4366,Wildest Latin America,2012,"","",41/100,0,0,1,0,1,,tt2534596,7.9,161,tvSeries,Exact (title + year),
4081,4367,The Ultimate Civil War Series,2012,"",6.9/10,41/100,0,0,1,0,1,6.9,,,,,Unmatched,
4082,4368,Black Harbour,1996,"",8.0/10,41/100,0,0,1,0,1,8,tt0115690,7.9,103,tvSeries,Exact (title + year),-0.0999999999999996
4083,4369,Jayde Adams: Serious Black Jumper,2020,"",7.3/10,41/100,0,0,1,0,1,7.3,tt11468536,7.3,275,tvSpecial,Exact (title + year) [non-TV type],0
4084,4370,Benito: The Rise and Fall of Mussolini,1994,18+,5.7/10,41/100,0,0,1,0,1,5.7,,,,,Unmatched,
4085,4372,La Femme Musketeer,2004,7+,5.7/10,41/100,0,0,1,0,1,5.7,tt0341855,5.6,1253,tvSeries,Exact (title + year),-0.100000000000001
4086,4373,Psychic Investigators,2006,7+,7.6/10,41/100,0,0,1,0,1,7.6,tt0816399,7.3,148,tvSeries,Exact (title + year),-0.3
4087,4374,Moses the Lawgiver,1975,all,6.1/10,41/100,0,0,1,0,1,6.1,tt0072547,6.1,636,tvMiniSeries,"Fuzzy (title exact, year +-1)",0
4088,4375,Lunch Monkeys,2009,"",6.4/10,41/100,0,0,1,0,1,6.4,tt1477819,6.4,176,tvSeries,Exact (title + year),0
4089,4376,Inventions That Shook the World,2011,all,8.3/10,41/100,0,0,1,0,1,8.3,tt2011532,8.1,159,tvSeries,Exact (title + year),-0.200000000000001
4090,4377,Italy's Invisible Cities,2017,"",7.9/10,41/100,0,0,1,0,1,7.9,tt6415598,7.8,153,tvMiniSeries,Exact (title + year),-0.100000000000001
4091,4378,Dino Dana,2017,all,7.1/10,41/100,0,0,1,0,1,7.1,tt5200330,7.3,679,tvSeries,Exact (title + year),0.2
4092,4379,Pet Alien,2005,all,5.1/10,41/100,0,0,1,0,1,5.1,tt0453434,4.9,280,tvSeries,"Fuzzy (title exact, year +-1)",-0.199999999999999
4093,4380,Arthur & George,2015,all,5.6/10,40/100,0,0,1,0,1,5.6,tt4439928,7.1,1552,tvMiniSeries,Exact (title + year),1.5
4094,4381,The Nightmare Worlds of H.G. Wells,2016,"",5.9/10,40/100,0,0,1,0,1,5.9,tt5437394,5.9,337,tvMiniSeries,Exact (title + year),0
4095,4383,Fluffy's Food Adventures,2015,7+,7.4/10,40/100,0,0,1,0,1,7.4,,,,,Unmatched,
4096,4384,Ocean Mysteries with Jeff Corwin,2011,all,8.4/10,40/100,0,0,1,0,1,8.4,tt1967678,8.5,77,tvSeries,Exact (title + year),0.0999999999999996
4097,4386,Confessions: Animal Hoarding,2010,"",7.0/10,40/100,0,0,1,0,1,7,tt1684397,6.6,113,tvSeries,Exact (title + year),-0.4
4098,4387,Queens,2017,"",5.6/10,40/100,0,0,1,0,1,5.6,tt6235602,5.7,184,tvMiniSeries,"Fuzzy (title exact, year +-1)",0.100000000000001
4099,4389,Rob Delaney: Jackie,2020,"",6.7/10,40/100,0,0,1,0,1,6.7,tt11433098,6.6,400,tvSpecial,Exact (title + year) [non-TV type],-0.100000000000001
4100,4390,Morganville: The series,2014,"",5.7/10,40/100,0,0,1,0,1,5.7,tt3206540,5.6,327,tvMiniSeries,Exact (title + year),-0.100000000000001
4101,4391,Amish Mafia,2012,16+,3.1/10,40/100,0,0,1,0,1,3.1,tt2514488,3.1,1523,tvSeries,Exact (title + year),0
4102,4392,Gotthard,2016,"",6.5/10,40/100,0,0,1,0,1,6.5,tt5008688,6.5,328,tvSeries,Exact (title + original-language year),0
4103,4393,Circus,2010,7+,8.3/10,40/100,0,0,1,0,1,8.3,tt1609531,8.3,131,tvSeries,Exact (title + year),0
4104,4394,My Girlfriend is Shobitch,2017,"","",40/100,0,0,1,0,1,,tt8644562,5.7,568,tvSeries,Exact (title + year),
4105,4395,Geronimo Stilton,2009,all,6.8/10,40/100,0,0,1,0,1,6.8,tt1875337,6.9,722,tvSeries,Exact (title + year),0.100000000000001
4106,4396,Becoming a Man,2019,"",9.2/10,40/100,0,0,1,0,1,9.2,tt12142728,8.6,13,tvMiniSeries,Exact (title + year),-0.6
4107,4397,Catherine,2013,"",7.3/10,40/100,0,0,1,0,1,7.3,tt2940332,7,146,tvSeries,Exact (title + year),-0.3
4108,4398,Flickers,1980,all,8.2/10,40/100,0,0,1,0,1,8.2,tt0081864,8,216,tvMiniSeries,Exact (title + year),-0.199999999999999
4109,4400,Storage Wars: Northern Treasures,2017,18+,5.6/10,40/100,0,0,1,0,1,5.6,tt6904118,5.3,360,tvSeries,Exact (title + year),-0.3
4110,4403,Bali,2006,"",5.5/10,40/100,0,0,1,0,1,5.5,tt3306842,7.8,52,tvSeries,Exact (title + year),2.3
4111,4404,Drop Kick on my Devil!,2018,"",6.6/10,40/100,0,0,1,0,1,6.6,,,,,Unmatched,
4112,4405,Your Bleeped Up Brain,2013,7+,7.8/10,40/100,0,0,1,0,1,7.8,tt3042086,7.7,108,tvSeries,Exact (title + year),-0.0999999999999996
4113,4406,The Dreamstone,1990,all,8.1/10,40/100,0,0,1,0,1,8.1,tt0299286,7.9,456,tvSeries,Exact (title + year),-0.199999999999999
4114,4407,Wildest Africa,2013,7+,8.2/10,40/100,0,0,1,0,1,8.2,,,,,Unmatched,
4115,4408,Barbie Dreamtopia,2017,all,6.1/10,40/100,0,0,1,0,1,6.1,tt7533146,6.1,112,tvSeries,Exact (title + year),0
4116,4409,Honest Ads,2017,"",8.6/10,40/100,0,0,1,0,1,8.6,,,,,Unmatched,
4117,4410,An American Girl Story: Melody 1963 - Love Has to Win,2016,all,7.6/10,40/100,0,0,1,0,1,7.6,tt6000818,7.6,264,tvMovie,Exact (title + year) [non-TV type],0
4118,4411,Brum,1994,7+,6.3/10,40/100,0,0,1,0,1,6.3,,,,,Unmatched,
4119,4412,Private Secretary,1953,"",8.0/10,40/100,0,0,1,0,1,8,tt0045435,7.9,235,tvSeries,Exact (title + year),-0.0999999999999996
4120,4413,Most Haunted,2002,7+,5.0/10,40/100,0,0,1,0,1,5,tt0362355,5,1654,tvSeries,Exact (title + year),0
4121,4414,Londongrad,2015,7+,5.9/10,40/100,0,0,1,0,1,5.9,tt2115354,6.2,488,tvSeries,Exact (title + year),0.3
4122,4415,7 Day Barre Challenge,2019,"","",40/100,0,0,1,0,1,,,,,,Unmatched,
4123,4416,ABC Galaxy,2015,"","",40/100,0,0,1,0,1,,tt6917394,8,10,tvSeries,Exact (title + year),
4124,4417,Ghost Stories,1997,"",6.6/10,39/100,1,1,1,0,1,6.6,,,,,Unmatched,
4125,4418,Wildest Arctic,2012,"",8.4/10,39/100,0,0,1,0,1,8.4,tt3917432,8.3,121,tvSeries,Exact (title + year),-0.0999999999999996
4126,4419,Angelina Ballerina,2002,all,5.8/10,39/100,0,0,1,0,1,5.8,tt0319935,5.6,753,tvSeries,"Fuzzy (title exact, year +-1)",-0.2
4127,4420,Shui hu zhuan,2011,"",7.3/10,39/100,0,0,1,0,1,7.3,tt1983891,7,162,tvSeries,Exact (title + original-language year),-0.3
4128,4421,Pan y Circo,2020,"",6.7/10,39/100,0,0,1,0,1,6.7,tt12675790,6.7,196,tvMiniSeries,Exact (title + year),0
4129,4422,Barter Kings,2012,7+,5.1/10,39/100,0,0,1,0,1,5.1,tt2254098,4.9,287,tvSeries,Exact (title + year),-0.199999999999999
4130,4423,Chi's Sweet Adventure,2016,"",7.8/10,39/100,0,0,1,0,1,7.8,tt6356032,7.6,111,tvSeries,Exact (title + year),-0.2
4131,4424,The New V.I.P.'s,2017,"","",39/100,0,0,1,0,1,,tt6613768,6.8,378,tvShort,Exact (title + year) [non-TV type],
4132,4425,A Woman Named Jackie,1991,7+,6.6/10,39/100,0,0,1,0,1,6.6,tt0101238,6.6,397,tvMiniSeries,Exact (title + year),0
4133,4426,Password Plus,1979,all,7.5/10,39/100,0,0,1,0,1,7.5,tt0197176,7.6,358,tvSeries,Exact (title + year),0.0999999999999996
4134,4427,Category 7: The End of the World,2005,7+,4.7/10,39/100,0,0,1,0,1,4.7,tt0468988,4.5,3130,tvMiniSeries,Exact (title + year),-0.2
4135,4428,Unsolved History,2002,"",7.1/10,39/100,0,0,1,0,1,7.1,tt0357400,7,129,tvSeries,Exact (title + year),-0.0999999999999996
4136,4430,Immortal Egypt,2016,"",7.9/10,39/100,0,0,1,0,1,7.9,tt6139972,7.7,286,tvMiniSeries,Exact (title + year),-0.2
4137,4431,Stories from the Stone Age,2004,all,8.5/10,39/100,0,0,1,0,1,8.5,tt1096666,8.4,96,tvSeries,"Fuzzy (title exact, year +-1)",-0.0999999999999996
4138,4432,The Johnny Carson Show,1955,"","",39/100,0,0,1,0,1,,,,,,Unmatched,
4139,4433,Wildest Indochina,2014,"",8.4/10,39/100,0,0,1,0,1,8.4,tt3902878,8.1,161,tvSeries,Exact (title + year),-0.300000000000001
4140,4434,For the Love of Jason,2020,18+,7.2/10,39/100,0,0,1,0,1,7.2,tt13032438,8.1,122,tvSeries,Exact (title + year),0.9
4141,4435,Project G.e.e.K.e.R.,1996,all,7.5/10,39/100,0,0,1,0,1,7.5,tt0115324,7.9,116,tvSeries,Exact (title + year),0.4
4142,4436,Down East Dickering,2014,"",7.2/10,39/100,0,0,1,0,1,7.2,tt3762958,7.5,168,tvSeries,Exact (title + year),0.3
4143,4437,Chloe's Closet,2010,all,6.9/10,39/100,0,0,1,0,1,6.9,tt1194725,5.3,142,tvSeries,"Fuzzy (title exact, year +-1)",-1.6
4144,4438,The Hive,2010,all,6.6/10,39/100,0,0,1,0,1,6.6,tt1715134,6.4,212,tvSeries,Exact (title + year),-0.199999999999999
4145,4439,Blockbusters,1980,"",7.3/10,39/100,0,0,1,0,1,7.3,tt0180342,7.2,144,tvSeries,Exact (title + year),-0.0999999999999996
4146,4440,Popeye and Son,1987,all,5.7/10,39/100,0,0,1,0,1,5.7,tt0252162,5.7,415,tvSeries,Exact (title + year),0
4147,4441,Gangstars,2018,"",6.8/10,39/100,0,0,1,0,1,6.8,tt8461164,6.5,333,tvSeries,Exact (title + year),-0.3
4148,4442,6ixth Sense,2002,"",5.1/10,39/100,0,0,1,0,1,5.1,,,,,Unmatched,
4149,4443,Shadow Force,2008,16+,7.3/10,39/100,0,0,1,0,1,7.3,tt1145866,7.3,42,tvSeries,Exact (title + year),0
4150,4445,America Divided,2016,16+,4.0/10,39/100,0,0,1,0,1,4,tt5355972,4.9,233,tvSeries,Exact (title + year),0.9
4151,4446,Danger & Eggs,2017,all,6.9/10,39/100,0,0,1,0,1,6.9,,,,,Unmatched,
4152,4447,Cool McCool,1966,7+,7.2/10,38/100,0,0,1,0,1,7.2,tt0059975,6.9,216,tvSeries,Exact (title + year),-0.3
4153,4448,Life with Elizabeth,1953,"",7.1/10,38/100,0,0,1,0,1,7.1,tt0045407,7.4,383,tvSeries,"Fuzzy (title exact, year +-1)",0.300000000000001
4154,4449,Modern Traveler,2016,"","",38/100,0,0,1,0,1,,,,,,Unmatched,
4155,4450,Crime & Punishment,2002,"","",38/100,0,0,1,0,1,,tt0278250,7.3,125,tvSeries,Exact (title + original-language year),
4156,4451,Inside the Mind of a Serial Killer,2015,"","",38/100,0,0,1,0,1,,tt9084708,5.7,193,tvSeries,Exact (title + year),
4157,4452,It's How You Get There,2017,"","",38/100,0,0,1,0,1,,,,,,Unmatched,
4158,4453,Civilizations,2018,"","",38/100,0,0,1,0,1,,tt7104930,7.8,754,tvMiniSeries,Exact (title + year),
4159,4454,Curious Traveler,2015,"",7.9/10,38/100,0,0,1,0,1,7.9,tt4811640,8.1,54,tvSeries,Exact (title + year),0.199999999999999
4160,4455,Road Side Stories,2016,"","",38/100,0,0,1,0,1,,,,,,Unmatched,
4161,4456,The Prosecutors: In Pursuit of Justice,2000,"",7.8/10,38/100,0,0,1,0,1,7.8,tt0297607,7.8,51,tvSeries,Exact (title + year),0
4162,4457,Busytown Mysteries,2007,all,6.2/10,38/100,0,0,1,0,1,6.2,tt1002836,6.4,227,tvSeries,Exact (title + year),0.2
4163,4458,Starhunter ReduX,2018,"",5.6/10,38/100,0,0,1,0,1,5.6,tt5779830,5.4,364,tvSeries,"Fuzzy (title exact, year +-1)",-0.199999999999999
4164,4459,The Aces' War,2018,"",6.9/10,38/100,0,0,1,0,1,6.9,,,,,Unmatched,
4165,4460,Seven Senses of the Re'Union,2018,"",4.6/10,38/100,0,0,1,0,1,4.6,tt8343748,5.2,222,tvSeries,Exact (title + year),0.600000000000001
4166,4461,The Timeline,2015,"",8.2/10,38/100,0,0,1,0,1,8.2,tt5247918,8.1,117,tvSeries,Exact (title + year),-0.0999999999999996
4167,4462,Roughing It,2002,"",7.0/10,38/100,0,0,1,0,1,7,tt0290280,7.1,414,tvMovie,Exact (title + year) [non-TV type],0.0999999999999996
4168,4463,Sneg i pepel,2015,"",6.2/10,38/100,0,0,1,0,1,6.2,tt4693256,6.4,50,tvMiniSeries,Exact (title + original-language year),0.2
4169,4464,One Mic Stand,2019,"",6.6/10,38/100,0,0,1,0,1,6.6,tt10183688,6.3,1076,tvSeries,Exact (title + year),-0.3
4170,4465,Bat Pat,2016,"","",38/100,0,0,1,0,1,,tt7941974,7.3,37,tvSeries,"Fuzzy (title exact, year +-1)",
4171,4466,Secrets of Archaeology,2014,"",8.0/10,38/100,0,0,1,0,1,8,,,,,Unmatched,
4172,4467,Greatest Tank Battles,2010,7+,7.4/10,38/100,0,0,1,0,1,7.4,tt1973370,7.5,225,tvSeries,Exact (title + year),0.0999999999999996
4173,4468,Nightmare in Suburbia,2008,"",7.9/10,38/100,0,0,1,0,1,7.9,tt1426952,7.6,88,tvSeries,Exact (title + year),-0.300000000000001
4174,4469,Extinct,2001,"",7.3/10,38/100,0,0,1,0,1,7.3,tt0297556,7.7,55,tvSeries,Exact (title + year),0.4
4175,4470,We'll Meet Again,1982,7+,7.1/10,38/100,0,0,1,0,1,7.1,tt0083501,7.2,247,tvMiniSeries,Exact (title + year),0.100000000000001
4176,4471,Sworn to Secrecy: Secrets of War,1998,16+,7.5/10,38/100,0,0,1,0,1,7.5,,,,,Unmatched,
4177,4473,The Video Game Years,2012,"",8.1/10,38/100,0,0,1,0,1,8.1,tt3777108,7.6,129,tvSeries,Exact (title + year),-0.5
4178,4474,The Sheriffs are Coming,2012,all,7.1/10,38/100,0,0,1,0,1,7.1,tt3473178,7.1,96,tvSeries,Exact (title + year),0
4179,4475,Jestination Unknown,2019,16+,6.1/10,38/100,0,0,1,0,1,6.1,tt10350924,5.9,293,tvSeries,Exact (title + year),-0.199999999999999
4180,4476,Impostors,2014,16+,7.7/10,38/100,0,0,1,0,1,7.7,tt3383584,8,43,tvSeries,Exact (title + year),0.3
4181,4477,Teens React,2011,"",5.5/10,38/100,0,0,1,0,1,5.5,tt2125638,5.6,1193,tvSeries,Exact (title + year),0.0999999999999996
4182,4478,Medieval Dead,2013,"",7.3/10,38/100,0,0,1,0,1,7.3,tt2986262,7.7,113,tvSeries,Exact (title + year),0.4
4183,4479,Paranormal Investigators Uncut,2015,"","",38/100,0,0,1,0,1,,,,,,Unmatched,
4184,4480,All Things Adrienne,2018,"","",38/100,0,0,1,0,1,,,,,,Unmatched,
4185,4481,Comedy Brew,2009,"","",38/100,0,0,1,0,1,,,,,,Unmatched,
4186,4482,To Kill or to Cure,2003,"","",38/100,0,0,1,0,1,,,,,,Unmatched,
4187,4483,Ireland's Greatest Robberies,1970,"","",38/100,0,0,1,0,1,,,,,,Unmatched,
4188,4484,Glorious Gardens from Above,2014,"","",38/100,0,0,1,0,1,,,,,,Unmatched,
4189,4485,A Tale of Two Cities,1980,"",6.6/10,38/100,0,0,1,0,1,6.6,tt0421465,6.5,135,tvMiniSeries,Exact (title + year),-0.0999999999999996
4190,4486,Extreme Forensics,2008,"",7.9/10,38/100,0,0,1,0,1,7.9,tt1298822,7.8,98,tvSeries,Exact (title + year),-0.100000000000001
4191,4487,Miracle Pets,2001,"",7.5/10,38/100,0,0,1,0,1,7.5,tt0279543,7.7,58,tvSeries,Exact (title + year),0.2
4192,4488,999: Killer on the Line?,2016,"",7.1/10,38/100,0,0,1,0,1,7.1,tt5712314,7.1,83,tvSeries,Exact (title + year),0
4193,4489,Time Team America,2009,all,6.9/10,38/100,0,0,1,0,1,6.9,tt1556097,6.8,47,tvSeries,Exact (title + year),-0.100000000000001
4194,4490,Small Business Revolution: Main Street,2016,"",7.4/10,38/100,0,0,1,0,1,7.4,tt6319758,7.6,34,tvSeries,Exact (title + year),0.199999999999999
4195,4491,Cosmic Quantum Ray,2010,7+,5.7/10,38/100,0,0,1,0,1,5.7,,,,,Unmatched,
4196,4492,Final Life,2017,"",5.4/10,38/100,0,0,1,0,1,5.4,,,,,Unmatched,
4197,4493,The Californians,1957,"",7.3/10,38/100,0,0,1,0,1,7.3,tt0050002,6.7,180,tvSeries,Exact (title + year),-0.6
4198,4494,那年花開月正圓,2017,7+,7.8/10,38/100,0,0,1,0,1,7.8,,,,,Unmatched,
4199,4495,Minecraft Villagers,2013,"",8.0/10,38/100,0,0,1,0,1,8,tt6058886,8.3,233,tvMiniSeries,Exact (title + year),0.300000000000001
4200,4496,Boundless,2013,7+,7.6/10,37/100,0,0,1,0,1,7.6,tt2960796,8.2,117,tvSeries,Exact (title + year),0.6
4201,4497,Kids React,2010,"",4.9/10,37/100,0,0,1,0,1,4.9,tt2327804,5,1076,tvSeries,Exact (title + year),0.0999999999999996
4202,4498,Screen Two,1985,"",6.3/10,37/100,0,0,1,0,1,6.3,tt0297626,6.7,316,tvSeries,"Fuzzy (title exact, year +-1)",0.4
4203,4499,The Vigilantes in Masks,2011,16+,7.9/10,37/100,0,0,1,0,1,7.9,tt3211050,7.3,131,tvSeries,"Fuzzy (title exact, year +-1)",-0.600000000000001
4204,4500,The Bug Diaries,2019,all,7.0/10,37/100,0,0,1,0,1,7,tt6435118,6.2,100,tvSeries,Exact (title + year),-0.8
4205,4501,Wild North,2015,"",7.3/10,37/100,0,0,1,0,1,7.3,tt6241856,7.3,155,tvSeries,Exact (title + year),0
4206,4502,Top Gear: Ambitious But Rubbish,2014,"","",37/100,0,0,1,0,1,,,,,,Unmatched,
4207,4503,Empires,2000,all,"",37/100,0,0,1,0,1,,,,,,Unmatched,
4208,4504,The Snowy Day,2016,all,7.5/10,37/100,0,0,1,0,1,7.5,tt6186164,7.4,530,tvShort,Exact (title + year) [non-TV type],-0.0999999999999996
4209,4505,Hackers of CypherCon,2018,"",8.6/10,37/100,0,0,1,0,1,8.6,tt8986558,9.1,13,tvSeries,Exact (title + year),0.5
4210,4506,Snog Marry Avoid?,2008,"",5.4/10,37/100,0,0,1,0,1,5.4,tt1270230,5.5,353,tvSeries,Exact (title + year),0.0999999999999996
4211,4507,Wishenpoof!,2015,all,5.0/10,37/100,0,0,1,0,1,5,,,,,Unmatched,
4212,4508,Tokyo Vampire Hotel,2018,"",6.1/10,37/100,0,0,1,0,1,6.1,tt7108184,6.3,797,tvMiniSeries,"Fuzzy (title exact, year +-1)",0.2
4213,4509,Hot Girl,2016,"",7.0/10,37/100,0,0,1,0,1,7,tt5074678,7,260,tvMiniSeries,Exact (title + year),0
4214,4510,Wheel Sharks,2013,"","",37/100,0,0,1,0,1,,,,,,Unmatched,
4215,4511,Legends of Power with Tony Robinson,2003,"","",37/100,0,0,1,0,1,,,,,,Unmatched,
4216,4512,DNA Detectives,2011,"","",37/100,0,0,1,0,1,,,,,,Unmatched,
4217,4513,Underground: La Historia del Reggeaton,2020,"","",37/100,0,0,1,0,1,,,,,,Unmatched,
4218,4514,Luxury Life,2016,"","",37/100,0,0,1,0,1,,,,,,Unmatched,
4219,4515,Great Family Adventures,2011,"","",37/100,0,0,1,0,1,,,,,,Unmatched,
4220,4516,Pet Moms,2018,"","",37/100,0,0,1,0,1,,,,,,Unmatched,
4221,4517,Perfect Couple,2014,"",8.2/10,37/100,0,0,1,0,1,8.2,tt5662664,7.3,100,tvSeries,Exact (title + year),-0.9
4222,4518,The Other F Word,2017,"",7.8/10,37/100,0,0,1,0,1,7.8,tt5428980,7.9,39,tvSeries,"Fuzzy (title exact, year +-1)",0.100000000000001
4223,4519,World War II The Last Heroes,2011,"",8.5/10,37/100,0,0,1,0,1,8.5,,,,,Unmatched,
4224,4520,Stacey David's GearZ,2010,all,8.8/10,37/100,0,0,1,0,1,8.8,,,,,Unmatched,
4225,4521,Battlefield Recovery,2016,"",6.5/10,37/100,0,0,1,0,1,6.5,tt5959046,6.4,149,tvSeries,Exact (title + year),-0.0999999999999996
4226,4522,LEGO City,2011,all,5.4/10,37/100,0,0,1,0,1,5.4,tt4168604,6.2,105,tvSeries,Exact (title + year),0.8
4227,4523,Creative Galaxy,2013,all,5.0/10,37/100,0,0,1,0,1,5,tt3012540,5.4,342,tvSeries,Exact (title + year),0.4
4228,4524,Life on Fire,2010,"",8.4/10,37/100,0,0,1,0,1,8.4,,,,,Unmatched,
4229,4525,Prime Rewind: Inside the Boys,2020,18+,5.6/10,37/100,0,0,1,0,1,5.6,tt12996012,5.7,293,tvSeries,Exact (title + year),0.100000000000001
4230,4526,Austin Stevens - Adventures,2009,"",8.1/10,37/100,0,0,1,0,1,8.1,,,,,Unmatched,
4231,4527,Bulge Bracket,2020,"",5.2/10,37/100,0,0,1,0,1,5.2,tt9173376,5.4,184,tvSeries,Exact (title + year),0.2
4232,4528,If You Give a Mouse a Cookie,2015,7+,6.4/10,37/100,0,0,1,0,1,6.4,tt7344644,6.6,295,tvSeries,Exact (title + year),0.199999999999999
4233,4529,Faster with Finnegan,2020,"","",37/100,0,0,1,0,1,,tt11826274,8.2,90,tvSeries,Exact (title + year),
4234,4530,Chillers,1990,"",6.7/10,36/100,0,0,1,0,1,6.7,tt0098889,6.4,197,tvSeries,Exact (title + year),-0.3
4235,4531,Nature's Power Revealed,2011,"",9.0/10,36/100,0,0,1,0,1,9,tt3053136,9,16,tvSeries,Exact (title + year),0
4236,4532,Ground Warfare,2010,"","",36/100,0,0,1,0,1,,,,,,Unmatched,
4237,4533,Billion Dollar Wreck,2016,7+,4.7/10,36/100,0,0,1,0,1,4.7,tt5533788,4.7,234,tvSeries,Exact (title + year),0
4238,4534,Disasters of the Century,2004,7+,6.4/10,36/100,0,0,1,0,1,6.4,,,,,Unmatched,
4239,4535,Dino the Dinosaur,2016,all,7.1/10,36/100,0,0,1,0,1,7.1,tt7818384,7.1,52,tvSeries,Exact (title + year),0
4240,4536,Sangre Negra,2017,"",8.5/10,36/100,0,0,1,0,1,8.5,tt3355496,8,486,tvSeries,"Fuzzy (title exact, year +-1)",-0.5
4241,4537,Tainted Dreams,2017,"",7.6/10,36/100,0,0,1,0,1,7.6,,,,,Unmatched,
4242,4538,A Craftsman’s Legacy,2014,all,8.5/10,36/100,0,0,1,0,1,8.5,,,,,Unmatched,
4243,4539,Lidia's Kitchen,2013,all,7.9/10,36/100,0,0,1,0,1,7.9,tt3698892,8.4,93,tvSeries,Exact (title + year),0.5
4244,4540,Noveltoon,1943,7+,"",36/100,0,0,1,0,1,,tt6286406,6.8,31,tvSeries,Exact (title + year),
4245,4541,Color Crew,2015,all,5.5/10,36/100,0,0,1,0,1,5.5,,,,,Unmatched,
4246,4542,Nikola Tesla and the End of the World,2015,"",4.9/10,36/100,0,0,1,0,1,4.9,tt4981448,4.8,58,tvSeries,Exact (title + year),-0.100000000000001
4247,4543,Life in the Carolinas,2008,"",8.0/10,36/100,0,0,1,0,1,8,,,,,Unmatched,
4248,4544,FBI Takedowns,2015,7+,8.0/10,36/100,0,0,1,0,1,8,tt4568496,8,38,tvSeries,Exact (title + year),0
4249,4545,Bad Ink,2013,16+,5.7/10,36/100,0,0,1,0,1,5.7,tt3116986,5.6,352,tvSeries,Exact (title + year),-0.100000000000001
4250,4546,Ilana Glazer: The Planet Is Burning,2020,"",3.9/10,36/100,0,0,1,0,1,3.9,tt10472008,4,768,tvSpecial,Exact (title + year) [non-TV type],0.1
4251,4547,Diagnosis: Unknown,2002,"",8.6/10,36/100,0,0,1,0,1,8.6,tt0360255,8.7,37,tvSeries,Exact (title + year),0.0999999999999996
4252,4548,Build a New Life In the Country,2005,"",7.9/10,36/100,0,0,1,0,1,7.9,tt0492510,7.9,83,tvSeries,Exact (title + year),0
4253,4549,Christmas Through the Decades,2015,"",8.2/10,36/100,0,0,1,0,1,8.2,tt5262572,8.1,77,tvMiniSeries,Exact (title + year),-0.0999999999999996
4254,4550,Private Sales,2016,"",5.7/10,36/100,0,0,1,0,1,5.7,tt5467332,5.6,229,tvSeries,Exact (title + year),-0.100000000000001
4255,4551,부릉! 부릉! 브루미즈,2012,"",4.6/10,36/100,0,0,1,0,1,4.6,,,,,Unmatched,
4256,4552,The Curse of King Tut's Tomb,2006,"",4.4/10,36/100,0,0,1,0,1,4.4,tt0464799,4.4,2688,tvMovie,Exact (title + year) [non-TV type],0
4257,4553,Eat. Race. Win.,2018,"",7.1/10,36/100,0,0,1,0,1,7.1,tt7985540,7.1,309,tvSeries,Exact (title + year),0
4258,4554,Nurses Who Kill,2016,"",5.8/10,36/100,0,0,1,0,1,5.8,tt6264964,5.8,269,tvSeries,Exact (title + year),0
4259,4555,Trail of Tears,1999,all,8.2/10,36/100,0,0,1,0,1,8.2,,,,,Unmatched,
4260,4556,Fight Night: White Collar Boxing,2005,"","",36/100,0,0,1,0,1,,,,,,Unmatched,
4261,4557,Constitution USA with Peter Sagal,2013,"","",36/100,0,0,1,0,1,,tt2874610,7.3,50,tvMiniSeries,Exact (title + year),
4262,4558,Kung Food,2011,"","",36/100,0,0,1,0,1,,,,,,Unmatched,
4263,4559,Get the Fork Out,2018,"","",36/100,0,0,1,0,1,,,,,,Unmatched,
4264,4560,Hidden Europe,2002,"","",36/100,0,0,1,0,1,,,,,,Unmatched,
4265,4561,Happy Marriage!?,2016,"",6.4/10,36/100,0,0,1,0,1,6.4,,,,,Unmatched,
4266,4562,Grand Tours of Scotland's Lochs,2017,"",8.4/10,36/100,0,0,1,0,1,8.4,tt7397944,8.2,82,tvSeries,Exact (title + year),-0.200000000000001
4267,4563,WWII in the Pacific,2015,7+,"",36/100,0,0,1,0,1,,,,,,Unmatched,
4268,4564,"Glenn Martin, DDS",2009,16+,4.2/10,36/100,0,0,1,0,1,4.2,,,,,Unmatched,
4269,4565,Zack Morris is Trash,2017,"",7.4/10,36/100,0,0,1,0,1,7.4,tt8614132,7.8,201,tvSeries,Exact (title + year),0.399999999999999
4270,4566,The Kacey Musgraves Christmas Show,2019,"",7.2/10,36/100,0,0,1,0,1,7.2,tt11225428,7.2,606,tvMovie,Exact (title + year) [non-TV type],0
4271,4567,Thelma's Gypsy Girls,2012,"",6.6/10,36/100,0,0,1,0,1,6.6,tt2368285,6.6,57,tvSeries,Exact (title + original-language year),0
4272,4568,I Am Innocent,2015,18+,7.3/10,36/100,0,0,1,0,1,7.3,tt6846982,7.4,59,tvSeries,Exact (title + year),0.100000000000001
4273,4569,Baby Talk,1991,all,4.1/10,36/100,0,0,1,0,1,4.1,tt0101041,4,268,tvSeries,Exact (title + year),-0.0999999999999996
4274,4570,"Rich Bride, Poor Bride",2006,all,6.2/10,36/100,0,0,1,0,1,6.2,tt0904108,6.8,83,tvSeries,Exact (title + year),0.6
4275,4571,Delayed Gratification Series,2017,"",8.7/10,36/100,0,0,1,0,1,8.7,,,,,Unmatched,
4276,4572,Betsy's Kindergarten Adventures,2008,all,4.9/10,36/100,0,0,1,0,1,4.9,tt0458250,5.7,49,tvSeries,"Fuzzy (title exact, year +-1)",0.8
4277,4573,Long Haired Businessmen,2013,"",8.5/10,35/100,0,0,1,0,1,8.5,tt2706484,8,22,tvSeries,Exact (title + year),-0.5
4278,4574,Cut the Rope - Om Nom Stories,2012,all,6.0/10,35/100,0,0,1,0,1,6,,,,,Unmatched,
4279,4575,Drovers' Gold,1997,"",7.6/10,35/100,0,0,1,0,1,7.6,tt0118305,7.4,74,tvMiniSeries,Exact (title + year),-0.199999999999999
4280,4576,Dance Moms: Miami,2012,16+,3.8/10,35/100,0,0,1,0,1,3.8,tt2190731,3.3,244,tvSeries,Exact (title + year),-0.5
4281,4577,Crackanory,2013,"",7.0/10,35/100,0,0,1,0,1,7,tt3328268,7.1,172,tvSeries,Exact (title + year),0.0999999999999996
4282,4578,Mary Portas: Secret Shopper,2011,"",6.7/10,35/100,0,0,1,0,1,6.7,tt1823963,6.8,91,tvSeries,Exact (title + year),0.0999999999999996
4283,4579,Knock Knock Ghost,2015,13+,5.2/10,35/100,0,0,1,0,1,5.2,tt5124168,6.8,179,tvSeries,"Fuzzy (title exact, year +-1)",1.6
4284,4581,Mobile,2007,"",7.5/10,35/100,0,0,1,0,1,7.5,tt0918546,7.2,419,tvMiniSeries,Exact (title + year),-0.3
4285,4582,Killer Wave,2007,16+,4.3/10,35/100,0,0,1,0,1,4.3,tt0875948,4.4,1005,tvMiniSeries,Exact (title + year),0.100000000000001
4286,4583,Edward and Mary: The Unknown Tudors,2002,"",7.4/10,35/100,0,0,1,0,1,7.4,tt0483967,7.4,78,tvSeries,Exact (title + year),0
4287,4584,Big Easy Motors,2016,7+,6.5/10,35/100,0,0,1,0,1,6.5,tt5734342,6.3,87,tvSeries,Exact (title + year),-0.2
4288,4585,Vanity,2015,"",7.1/10,35/100,0,0,1,0,1,7.1,tt4694268,7.1,83,tvSeries,Exact (title + year),0
4289,4586,The R.I.P. Files,2012,"",7.1/10,35/100,0,0,1,0,1,7.1,tt3618534,6.9,48,tvSeries,Exact (title + year),-0.199999999999999
4290,4587,Shark Gordon,2000,"",8.9/10,35/100,0,0,1,0,1,8.9,tt0783414,9.1,14,tvSeries,Exact (title + year),0.199999999999999
4291,4588,Dangerous Encounters,2005,all,7.3/10,35/100,0,0,1,0,1,7.3,tt0924555,7.1,108,tvSeries,Exact (title + year),-0.2
4292,4589,Foxy Ladies,2016,"",6.1/10,35/100,0,0,1,0,1,6.1,tt5342836,5.9,17,tvSeries,Exact (title + year),-0.199999999999999
4293,4590,Puppy in My Pocket,2010,"",4.5/10,35/100,0,0,1,0,1,4.5,,,,,Unmatched,
4294,4591,The Pickwick Papers,1985,"",7.2/10,35/100,0,0,1,0,1,7.2,tt0278228,7.1,341,tvSeries,Exact (title + year),-0.100000000000001
4295,4593,Fukuyadou Honpo: Kyoto Love Story,2016,"",6.8/10,35/100,0,0,1,0,1,6.8,,,,,Unmatched,
4296,4594,The Crimean War,2018,"",7.7/10,35/100,0,0,1,0,1,7.7,,,,,Unmatched,
4297,4595,Stories of Saints for Kids,2016,"","",35/100,0,0,1,0,1,,,,,,Unmatched,
4298,4596,Zoo Babies,2009,"","",35/100,0,0,1,0,1,,,,,,Unmatched,
4299,4597,Episode #6.9,1990,"","",35/100,0,0,1,0,1,,,,,,Unmatched,
4300,4598,Cowboy Country: The American Cowboy,2000,"","",35/100,0,0,1,0,1,,,,,,Unmatched,
4301,4599,Cooking at the Academy,1991,"","",35/100,0,0,1,0,1,,,,,,Unmatched,
4302,4600,Islam and the West,2011,all,"",35/100,0,0,1,0,1,,,,,,Unmatched,
4303,4601,Beat the Clock,1979,"",6.8/10,35/100,0,0,1,0,1,6.8,tt0198060,6.7,61,tvSeries,Exact (title + year),-0.0999999999999996
4304,4602,Enchantimals: Tales from Everwilde,2018,all,6.6/10,35/100,0,0,1,0,1,6.6,tt9304186,7.3,76,tvSeries,Exact (title + year),0.7
4305,4603,Queen Victoria's Letters: A Monarch Unveiled,2014,"",8.1/10,35/100,0,0,1,0,1,8.1,tt4232344,7.9,60,tvMiniSeries,Exact (title + year),-0.199999999999999
4306,4604,Kremen. Osvobozhdenie,2013,"",5.8/10,35/100,0,0,1,0,1,5.8,,,,,Unmatched,
4307,4605,Wipeout (AU),2009,"",6.1/10,35/100,0,0,1,0,1,6.1,,,,,Unmatched,
4308,4606,Kemurikusa,2019,all,7.1/10,35/100,0,0,1,0,1,7.1,,,,,Unmatched,
4309,4607,Travel With Kids,2011,all,6.2/10,35/100,0,0,1,0,1,6.2,,,,,Unmatched,
4310,4608,I killed my BFF,2012,"",7.0/10,35/100,0,0,1,0,1,7,tt2231118,6.9,159,tvSeries,Exact (title + year),-0.0999999999999996
4311,4609,Xploration DIY Sci,2016,all,8.8/10,34/100,0,0,1,0,1,8.8,tt6056924,8.6,34,tvSeries,Exact (title + year),-0.200000000000001
4312,4610,Rome,2012,"",5.6/10,34/100,0,0,1,0,1,5.6,tt2823184,6,39,tvSeries,Exact (title + year),0.4
4313,4611,Engineering Giants,2012,"",8.5/10,34/100,0,0,1,0,1,8.5,tt2576360,8.1,48,tvSeries,Exact (title + year),-0.4
4314,4612,Ladylike,2016,"",6.1/10,34/100,0,0,1,0,1,6.1,tt5875234,6.1,26,tvSeries,Exact (title + year),0
4315,4613,Inside the Tube: Going Underground,2017,"",8.2/10,34/100,0,0,1,0,1,8.2,tt7635022,8.7,23,tvSeries,Exact (title + year),0.5
4316,4614,Beyond,2005,"",7.0/10,34/100,0,0,1,0,1,7,tt0442718,7.3,38,tvSeries,Exact (title + year),0.3
4317,4615,Interpol Investigates,2004,"",7.0/10,34/100,0,0,1,0,1,7,tt0426722,7.2,44,tvSeries,Exact (title + year),0.2
4318,4616,Hotel GB,2012,"",6.1/10,34/100,0,0,1,0,1,6.1,tt2428392,6.6,51,tvSeries,Exact (title + year),0.5
4319,4617,Owlegories,2016,"",8.5/10,34/100,0,0,1,0,1,8.5,,,,,Unmatched,
4320,4618,Teletubbies: Nursery Rhymes,2017,"",5.2/10,34/100,0,0,1,0,1,5.2,,,,,Unmatched,
4321,4619,Big Shrimpin',2011,16+,6.0/10,34/100,0,0,1,0,1,6,tt2114586,6,41,tvSeries,Exact (title + year),0
4322,4620,Bordertown: Laredo,2011,"",6.9/10,34/100,0,0,1,0,1,6.9,tt2097386,7.2,37,tvSeries,Exact (title + year),0.3
4323,4622,Design Squad,2007,all,8.5/10,34/100,0,0,1,0,1,8.5,tt1039872,8.4,33,tvSeries,Exact (title + year),-0.0999999999999996
4324,4623,Elders React,2012,"",5.8/10,34/100,0,0,1,0,1,5.8,tt3548468,5.8,751,tvSeries,Exact (title + year),0
4325,4624,The Bumble Nums,2017,all,7.2/10,34/100,0,0,1,0,1,7.2,tt6805798,8.2,37,tvSeries,Exact (title + year),1
4326,4625,Qumi-Qumi,2012,"",7.9/10,34/100,0,0,1,0,1,7.9,tt2623770,7.1,116,tvSeries,"Fuzzy (title exact, year +-1)",-0.800000000000001
4327,4626,Inside Jokes,2018,16+,7.3/10,34/100,0,0,1,0,1,7.3,tt9132960,7.3,221,tvSeries,Exact (title + year),0
4328,4627,Plane Resurrection,2016,"",7.3/10,34/100,0,0,1,0,1,7.3,tt6176132,7.4,53,tvSeries,Exact (title + year),0.100000000000001
4329,4628,Sketch,2018,"","",34/100,0,0,1,0,1,,tt8269322,7.4,342,tvSeries,Exact (title + year),
4330,4629,Fanny by Gaslight,1981,18+,6.5/10,34/100,0,0,1,0,1,6.5,tt0327282,6.1,79,tvMiniSeries,Exact (title + year),-0.4
4331,4630,72 Hours,2013,16+,5.9/10,34/100,0,0,1,0,1,5.9,tt2525840,6,69,tvSeries,Exact (title + year),0.0999999999999996
4332,4631,Cam & Leon,2017,"",6.7/10,34/100,0,0,1,0,1,6.7,tt9389662,7.7,13,tvSeries,"Fuzzy (title exact, year +-1)",1
4333,4632,Ghost Dimension,2016,7+,6.0/10,34/100,0,0,1,0,1,6,tt6338614,3.9,120,tvSeries,Exact (title + year),-2.1
4334,4633,The Hunt,2014,"",6.5/10,34/100,0,0,1,0,1,6.5,tt3749330,6.5,47,tvSeries,Exact (title + year),0
4335,4634,Wild About Animals,1995,"",7.5/10,34/100,0,0,1,0,1,7.5,tt0257330,7.3,39,tvSeries,Exact (title + year),-0.2
4336,4635,Catherine the Great,2015,"",6.7/10,34/100,0,0,1,0,1,6.7,tt3764724,6.8,462,tvSeries,Exact (title + year),0.0999999999999996
4337,4636,Bookaboo,2016,all,7.8/10,34/100,0,0,1,0,1,7.8,,,,,Unmatched,
4338,4637,For the Love of Ray J,2009,"",3.2/10,34/100,0,0,1,0,1,3.2,tt1361721,3.3,409,tvSeries,Exact (title + year),0.0999999999999996
4339,4638,Jessy & Nessy,2020,all,8.0/10,33/100,0,0,1,0,1,8,,,,,Unmatched,
4340,4639,Kids on the Edge,2016,"",7.6/10,33/100,0,0,1,0,1,7.6,tt6245282,7.6,21,tvSeries,Exact (title + year),0
4341,4640,Double Your House for Half the Money,2012,"",6.9/10,33/100,0,0,1,0,1,6.9,tt2459086,6.8,32,tvSeries,Exact (title + year),-0.100000000000001
4342,4641,Bump!,2005,"",5.8/10,33/100,0,0,1,0,1,5.8,tt0765489,6.5,48,tvSeries,"Fuzzy (title exact, year +-1)",0.7
4343,4642,"Frauen, die Geschichte machten",2013,"",7.3/10,33/100,0,0,1,0,1,7.3,tt3333802,7.2,95,tvSeries,Exact (title + year),-0.0999999999999996
4344,4643,First Civilizations,2018,"",6.8/10,33/100,0,0,1,0,1,6.8,tt8539056,6.9,81,tvMiniSeries,Exact (title + year),0.100000000000001
4345,4644,Wir Geiseln der SS,2015,7+,7.3/10,33/100,0,0,1,0,1,7.3,tt4554406,7.1,89,tvMiniSeries,Exact (title + original-language year),-0.2
4346,4645,Mopar or No Car,2007,"","",33/100,0,0,1,0,1,,,,,,Unmatched,
4347,4646,The Surgeons,2003,16+,"",33/100,0,0,1,0,1,,,,,,Unmatched,
4348,4647,Talking Tom Shorts,2014,"","",33/100,0,0,1,0,1,,tt13011686,8,52,tvSeries,Exact (title + year),
4349,4648,Fresh Tracks,2016,"",8.8/10,33/100,0,0,1,0,1,8.8,,,,,Unmatched,
4350,4649,Flipping Boston,2012,"",6.9/10,33/100,0,0,1,0,1,6.9,tt2201533,7,136,tvSeries,Exact (title + year),0.0999999999999996
4351,4650,American Treasures,2010,"",7.0/10,33/100,0,0,1,0,1,7,tt1844862,6.5,20,tvSeries,Exact (title + year),-0.5
4352,4651,Mr Swimmer,2018,"",7.4/10,33/100,0,0,1,0,1,7.4,tt9365182,7.1,63,tvSeries,Exact (title + year),-0.300000000000001
4353,4652,Flying Through Time,2004,all,"",33/100,0,0,1,0,1,,tt16309360,7.9,9,tvSeries,Exact (title + year),
4354,4653,Looped,2016,all,5.8/10,33/100,0,0,1,0,1,5.8,tt5116628,5.4,216,tvSeries,"Fuzzy (title exact, year +-1)",-0.399999999999999
4355,4654,PowerNation: Engine Power,2014,all,7.7/10,33/100,0,0,1,0,1,7.7,tt3560876,7.8,15,tvSeries,Exact (title + year),0.0999999999999996
4356,4655,Pompidou,2015,"",4.1/10,33/100,0,0,1,0,1,4.1,tt2811472,4.2,873,tvSeries,Exact (title + year),0.100000000000001
4357,4656,Immortalized,2013,"",4.4/10,33/100,0,0,1,0,1,4.4,tt2631416,3.1,112,tvSeries,Exact (title + year),-1.3
4358,4657,Hope and Wire,2014,"",6.2/10,33/100,0,0,1,0,1,6.2,tt3779610,6.4,59,tvMiniSeries,Exact (title + year),0.2
4359,4658,Brandi and Jarrod: Married to the Job,2014,7+,4.2/10,33/100,0,0,1,0,1,4.2,tt3971974,4.1,189,tvSeries,Exact (title + year),-0.100000000000001
4360,4659,Anna's Wild Life,2011,all,8.4/10,33/100,0,0,1,0,1,8.4,tt2952394,8.4,16,tvSeries,Exact (title + year),0
4361,4660,New York Confidential,2017,"",7.9/10,33/100,0,0,1,0,1,7.9,,,,,Unmatched,
4362,4661,Handy Bean,2018,"",6.8/10,33/100,0,0,1,0,1,6.8,tt9337464,6.2,488,tvSeries,Exact (title + year),-0.6
4363,4662,Mix Master,2011,"",7.9/10,33/100,0,0,1,0,1,7.9,,,,,Unmatched,
4364,4663,SciGirls,2010,all,7.5/10,33/100,0,0,1,0,1,7.5,tt1936714,8.5,63,tvSeries,Exact (title + year),1
4365,4664,Today's Homeowner with Danny Lipford,1998,all,8.9/10,32/100,0,0,1,0,1,8.9,tt1217956,9,19,tvSeries,Exact (title + year),0.0999999999999996
4366,4665,Gangster Empire: Rise of the Mob,2013,16+,5.6/10,32/100,0,0,1,0,1,5.6,tt2884504,5.6,36,tvMiniSeries,Exact (title + year),0
4367,4666,A Path Appears,2016,"",7.6/10,32/100,0,0,1,0,1,7.6,tt4265178,7.2,51,tvMovie,"Fuzzy (title exact, year +-1) [non-TV type]",-0.399999999999999
4368,4667,Strictly Ballet,2014,"",6.5/10,32/100,0,0,1,0,1,6.5,tt4649098,7.9,17,tvSeries,Exact (title + year),1.4
4369,4668,Beyond the Tattoo,2017,"",6.7/10,32/100,0,0,1,0,1,6.7,tt10115958,6.6,10,tvSeries,Exact (title + year),-0.100000000000001
4370,4669,The Suspects: True Australian Thrillers,2010,16+,7.9/10,32/100,0,0,1,0,1,7.9,tt1786276,7.4,20,tvSeries,Exact (title + year),-0.5
4371,4670,UQ Holder!,2017,"","",32/100,0,0,1,0,1,,tt7591766,6.5,665,tvMiniSeries,Exact (title + year),
4372,4671,Deals from the Dark Side,2011,"",6.5/10,32/100,0,0,1,0,1,6.5,tt2372855,6.6,80,tvSeries,Exact (title + year),0.0999999999999996
4373,4672,Conversations in L.A.,2017,"",6.7/10,32/100,0,0,1,0,1,6.7,tt5659824,6.5,38,tvSeries,Exact (title + year),-0.2
4374,4673,Making It in Music City,2017,"",7.3/10,32/100,0,0,1,0,1,7.3,tt7319282,7.4,229,tvMiniSeries,Exact (title + year),0.100000000000001
4375,4675,Infidelity,2015,"",6.4/10,32/100,0,0,1,0,1,6.4,tt4383340,6.2,27,movie,Exact (title + year) [non-TV type],-0.2
4376,4676,Stalkers Who Kill,2016,"",3.8/10,32/100,0,0,1,0,1,3.8,tt6963502,3.6,106,tvSeries,"Fuzzy (title exact, year +-1)",-0.2
4377,4677,Shelldon,2009,all,5.8/10,32/100,0,0,1,0,1,5.8,tt1333922,6.7,64,tvSeries,"Fuzzy (title exact, year +-1)",0.9
4378,4678,Thurston,2011,"",6.3/10,32/100,0,0,1,0,1,6.3,tt2173014,6.8,30,tvSeries,Exact (title + year),0.5
4379,4679,Crime Inc,2010,"",6.5/10,32/100,0,0,1,0,1,6.5,tt2292388,6.7,17,tvSeries,Exact (title + year),0.2
4380,4680,The Irish Mob,2016,16+,7.5/10,32/100,0,0,1,0,1,7.5,,,,,Unmatched,
4381,4681,Buried Secrets,2005,"",7.4/10,32/100,0,0,1,0,1,7.4,tt0488467,7.6,17,tvSeries,Exact (title + year),0.199999999999999
4382,4682,Wendy,2013,7+,5.9/10,32/100,0,0,1,0,1,5.9,tt3184148,6.6,52,tvSeries,Exact (title + year),0.699999999999999
4383,4683,Worth It: Lifestyle,2017,"",7.6/10,32/100,0,0,1,0,1,7.6,tt8223644,7.6,28,tvSeries,"Fuzzy (title exact, year +-1)",0
4384,4684,Troy the Train of Car City,2016,"",7.5/10,32/100,0,0,1,0,1,7.5,tt7821912,7.7,38,tvSeries,Exact (title + year),0.2
4385,4685,The Underdogs,2010,all,8.3/10,32/100,0,0,1,0,1,8.3,tt2368267,8.3,8,tvSeries,Exact (title + year),0
4386,4686,Discovering the World,2019,"",6.7/10,32/100,0,0,1,0,1,6.7,tt12142888,8,11,tvSeries,Exact (title + year),1.3
4387,4687,Hitler's Propaganda Machine,2017,"",8.0/10,31/100,0,0,1,0,1,8,tt9394860,7.6,64,tvSeries,Exact (title + year),-0.4
4388,4688,A Desert Between Us and Them,2013,"",7.5/10,31/100,0,0,1,0,1,7.5,tt2730248,7.8,13,movie,Exact (title + year) [non-TV type],0.3
4389,4689,Ancient Warriors,1994,"",6.2/10,31/100,0,0,1,0,1,6.2,tt4533436,6.2,46,tvSeries,Exact (title + year),0
4390,4690,The Presidents: From Politics to Power,2014,"",6.4/10,31/100,0,0,1,0,1,6.4,tt3684862,7,14,movie,Exact (title + year) [non-TV type],0.6
4391,4691,Napoleon Hill's Master Key,1993,"",6.8/10,31/100,0,0,1,0,1,6.8,,,,,Unmatched,
4392,4692,Outsmarted,2017,"",7.7/10,31/100,0,0,1,0,1,7.7,tt7227748,7.7,23,tvSeries,Exact (title + year),0
4393,4693,WellieWishers,2016,"",7.0/10,31/100,0,0,1,0,1,7,tt6042492,7.9,38,tvSeries,Exact (title + year),0.9
4394,4694,Monster Hunters,2002,"",4.7/10,31/100,0,0,1,0,1,4.7,tt0323288,5.5,18,tvMovie,Exact (title + year) [non-TV type],0.8
4395,4695,Steps to the Future,2010,"","",31/100,0,0,1,0,1,,,,,,Unmatched,
4396,4696,edebits,2000,all,"",31/100,0,0,1,0,1,,,,,,Unmatched,
4397,4697,Hey Qween,2018,"",6.0/10,31/100,0,0,1,0,1,6,,,,,Unmatched,
4398,4698,The Amazing Gayl Pile,2015,"",4.6/10,31/100,0,0,1,0,1,4.6,tt3612226,5.3,811,tvSeries,"Fuzzy (title exact, year +-1)",0.7
4399,4699,Voyage of the Continents,2012,"",7.0/10,31/100,0,0,1,0,1,7,tt3696480,8.2,79,tvMiniSeries,Exact (title + year),1.2
4400,4701,Serial Swindlers,2018,"",7.2/10,31/100,0,0,1,0,1,7.2,tt13244080,6.3,23,tvSeries,Exact (title + year),-0.9
4401,4702,Love It or Lose It,2004,"",6.1/10,31/100,0,0,1,0,1,6.1,tt0468426,6.1,32,tvSeries,Exact (title + year),0
4402,4703,Wrench Wars,2017,"",5.7/10,31/100,0,0,1,0,1,5.7,tt6258162,5.3,11,tvSeries,Exact (title + year),-0.4
4403,4704,Hollywood Couples,2006,"",7.2/10,31/100,0,0,1,0,1,7.2,,,,,Unmatched,
4404,4705,DoongDoong,2020,"",6.8/10,31/100,0,0,1,0,1,6.8,,,,,Unmatched,
4405,4706,Gordon the Garden Gnome,2005,all,7.4/10,31/100,0,0,1,0,1,7.4,tt0455255,8.1,41,tvSeries,Exact (title + year),0.699999999999999
4406,4707,The Weather Files,2018,"",7.6/10,31/100,0,0,1,0,1,7.6,tt7986946,7.6,10,tvSeries,Exact (title + year),0
4407,4708,Superships,2001,all,7.6/10,31/100,0,0,1,0,1,7.6,tt1090143,7.3,28,tvSeries,Exact (title + year),-0.3
4408,4709,Grand Star,2007,"",5.4/10,31/100,0,0,1,0,1,5.4,tt0830161,5.5,308,tvSeries,Exact (title + year),0.0999999999999996
4409,4710,Vatican Miracle Examiner,2017,"",6.5/10,30/100,0,0,1,0,1,6.5,tt6994700,6,126,tvSeries,Exact (title + year),-0.5
4410,4711,The Source Series,2014,"",7.3/10,30/100,0,0,1,0,1,7.3,,,,,Unmatched,
4411,4712,The Really Big Flip,2017,"",6.3/10,30/100,0,0,1,0,1,6.3,,,,,Unmatched,
4412,4713,The Urban Vegetarian,2017,"",5.5/10,30/100,0,0,1,0,1,5.5,tt6414218,5.4,55,tvSeries,Exact (title + year),-0.0999999999999996
4413,4714,War in the Pacific,2017,"",5.9/10,30/100,0,0,1,0,1,5.9,,,,,Unmatched,
4414,4715,Iconic Characters,2018,"",6.8/10,30/100,0,0,1,0,1,6.8,tt9029006,6.1,27,tvSeries,Exact (title + year),-0.7
4415,4716,The World's Funniest Moments,2008,"",2.9/10,30/100,0,0,1,0,1,2.9,tt1291098,3.3,59,tvSeries,Exact (title + year),0.4
4416,4717,Museum Diaries,2014,"",6.2/10,30/100,0,0,1,0,1,6.2,tt4266646,6.6,9,tvSeries,Exact (title + year),0.399999999999999
4417,4718,Critical Rescue,2003,"",5.9/10,30/100,0,0,1,0,1,5.9,tt0358809,5.9,20,tvSeries,Exact (title + year),0
4418,4719,Vinnie Jones' Toughest Cops,2009,"",7.1/10,30/100,0,0,1,0,1,7.1,tt2647960,7.4,52,tvSeries,"Fuzzy (title exact, year +-1)",0.300000000000001
4419,4720,St. Bears Doll's Hospital,1998,"",5.7/10,30/100,0,0,1,0,1,5.7,,,,,Unmatched,
4420,4721,Millenniums,2018,"",6.2/10,30/100,0,0,1,0,1,6.2,tt7670096,6.3,63,tvSeries,Exact (title + year),0.0999999999999996
4421,4722,Counting with Paula,2015,"",6.1/10,30/100,0,0,1,0,1,6.1,tt5375126,8.1,17,tvSeries,"Fuzzy (title exact, year +-1)",2
4422,4723,Very Superstitious with George Lopez,2018,"",6.7/10,30/100,0,0,1,0,1,6.7,tt8328512,6.9,28,tvSeries,Exact (title + year),0.2
4423,4724,Fashion News Live,2004,"",6.5/10,29/100,0,0,1,0,1,6.5,tt2195045,6.2,79,tvSeries,Exact (title + year),-0.3
4424,4725,Ultimate Journeys,2013,"",7.5/10,29/100,0,0,1,0,1,7.5,,,,,Unmatched,
4425,4726,A Year to Remember,2011,"",6.3/10,29/100,0,0,1,0,1,6.3,,,,,Unmatched,
4426,4727,The American Dream Project,2015,"",6.8/10,29/100,0,0,1,0,1,6.8,tt4075876,6.9,35,tvSeries,Exact (title + year),0.100000000000001
4427,4728,American Daredevils,2013,16+,6.2/10,29/100,0,0,1,0,1,6.2,tt2351607,6.2,20,tvSeries,Exact (title + year),0
4428,4729,Ritual,2017,"",7.7/10,29/100,0,0,1,0,1,7.7,tt7462524,7.7,11,tvSeries,Exact (title + year),0
4429,4730,Mission NinetyTwo,2015,"",4.6/10,29/100,0,0,1,0,1,4.6,tt3189862,4.9,70,movie,Exact (title + year) [non-TV type],0.300000000000001
4430,4731,Boing: The Play Ranger,2015,"",7.3/10,29/100,0,0,1,0,1,7.3,,,,,Unmatched,
4431,4732,Mario Lopez: Saved By the Baby,2010,"",5.5/10,29/100,0,0,1,0,1,5.5,tt1691307,5.3,28,tvSeries,Exact (title + year),-0.2
4432,4733,New York Goes to Hollywood,2008,"",4.6/10,29/100,0,0,1,0,1,4.6,tt1260848,4.8,207,tvSeries,Exact (title + year),0.2
4433,4734,About Him: Freshman Year,2017,"","",29/100,0,0,1,0,1,,,,,,Unmatched,
4434,4735,Innovation Nation,2011,"",7.1/10,29/100,0,0,1,0,1,7.1,tt1833397,7.6,16,tvSeries,Exact (title + year),0.5
4435,4736,Hilarious Helmet History,2017,"",6.6/10,29/100,0,0,1,0,1,6.6,tt7943660,7.4,13,tvSeries,Exact (title + year),0.800000000000001
4436,4737,NOVA Wonders,2018,all,7.6/10,29/100,0,0,1,0,1,7.6,tt8458634,7.5,63,tvSeries,Exact (title + year),-0.0999999999999996
4437,4738,Dangerous Waters,2013,"",7.0/10,29/100,0,0,1,0,1,7,tt2297714,7.2,43,tvSeries,"Fuzzy (title exact, year +-1)",0.2
4438,4739,One-Eyed Horse: The Series,2009,"",3.9/10,29/100,0,0,1,0,1,3.9,,,,,Unmatched,
4439,4740,Sam's Game,2001,"",5.6/10,29/100,0,0,1,0,1,5.6,tt0284778,5.2,35,tvSeries,Exact (title + year),-0.399999999999999
4440,4741,Anthony Bourdain Explains Everything,1970,"","",29/100,0,0,1,0,1,,,,,,Unmatched,
4441,4742,Carl's Car Wash - Super Simple,2016,"",6.2/10,29/100,0,0,1,0,1,6.2,,,,,Unmatched,
4442,4743,Nerve Center,2012,7+,6.6/10,29/100,0,0,1,0,1,6.6,tt2458640,8,29,tvSeries,"Fuzzy (title exact, year +-1)",1.4
4443,4744,Main courante,2012,"",6.4/10,29/100,0,0,1,0,1,6.4,tt2359700,6.7,38,tvSeries,Exact (title + original-language year),0.3
4444,4745,Xploration Earth 2050,2014,"",7.7/10,28/100,0,0,1,0,1,7.7,tt5754418,7.8,30,tvSeries,Exact (title + year),0.0999999999999996
4445,4746,MegaWorld,2008,all,6.8/10,28/100,0,0,1,0,1,6.8,,,,,Unmatched,
4446,4747,Gnarfs,2003,"",5.3/10,28/100,0,0,1,0,1,5.3,tt1351407,7.4,11,tvSeries,Exact (title + year),2.1
4447,4748,Wildlife Quest,2016,"",6.1/10,28/100,0,0,1,0,1,6.1,tt3112066,6.5,36,tvSeries,Exact (title + year),0.4
4448,4750,"The Vietnam War: Before, During, After",2017,"",7.4/10,28/100,0,0,1,0,1,7.4,,,,,Unmatched,
4449,4751,Strange Love,2005,"",2.4/10,28/100,0,0,1,0,1,2.4,tt0429438,2.7,166,tvSeries,Exact (title + year),0.3
4450,4752,Instruments of Death,2012,"",8.0/10,28/100,0,0,1,0,1,8,tt2986266,7.4,11,tvSeries,Exact (title + year),-0.6
4451,4753,Fountain Of Youth,2017,"",5.8/10,28/100,0,0,1,0,1,5.8,tt5352056,6,32,tvSeries,Exact (title + year),0.2
4452,4754,Yaya et Zouk,2015,"",4.0/10,28/100,0,0,1,0,1,4,tt6752226,4.7,43,tvSeries,Exact (title + original-language year),0.7
4453,4755,Death Unexplained,2012,"",7.4/10,28/100,0,0,1,0,1,7.4,tt2656046,7.5,15,tvSeries,Exact (title + year),0.0999999999999996
4454,4756,Avoiding Apocalypse,2012,"",5.6/10,27/100,0,0,1,0,1,5.6,tt3547120,7.4,10,tvSeries,Exact (title + year),1.8
4455,4757,Could It Be A Miracle,1997,"",7.2/10,27/100,0,0,1,0,1,7.2,,,,,Unmatched,
4456,4758,Stable Wars: Del Mar,2014,"","",27/100,0,0,1,0,1,,,,,,Unmatched,
4457,4759,Liquor House Comedy,2017,"","",27/100,0,0,1,0,1,,,,,,Unmatched,
4458,4760,MegaSpeed,2014,"",4.4/10,27/100,0,0,1,0,1,4.4,,,,,Unmatched,
4459,4761,ViR: The Robot Boy,2013,"",2.8/10,27/100,0,0,1,0,1,2.8,tt8242412,3.2,169,tvSeries,Exact (title + year),0.4
4460,4762,JFK - A New World Order,2013,7+,7.0/10,27/100,0,0,1,0,1,7,,,,,Unmatched,
4461,4763,"#MeToo, Now What?",2018,"",7.0/10,27/100,0,0,1,0,1,7,tt8195496,6.5,17,tvSeries,Exact (title + year),-0.5
4462,4764,Favorite Places,2012,"",2.4/10,27/100,0,0,1,0,1,2.4,,,,,Unmatched,
4463,4765,The Hollywood Puppet Show,2017,16+,6.2/10,27/100,0,0,1,0,1,6.2,tt7153382,5.8,36,tvSeries,Exact (title + year),-0.4
4464,4766,Narco Finance,2015,"",7.8/10,27/100,0,0,1,0,1,7.8,,,,,Unmatched,
4465,4767,Treetop Family - Super Simple,2017,"",6.7/10,27/100,0,0,1,0,1,6.7,,,,,Unmatched,
4466,4768,The Lifted Life,2017,"",4.7/10,26/100,0,0,1,0,1,4.7,tt5951544,4.6,9,tvSeries,"Fuzzy (title exact, year +-1)",-0.100000000000001
4467,4769,My House of Paranormal,2017,"",4.0/10,26/100,0,0,1,0,1,4,tt6503746,5.9,13,tvSeries,Exact (title + year),1.9
4468,4770,Talking Tom and Friends Minis,2016,all,7.6/10,26/100,0,0,1,0,1,7.6,tt11542624,7.5,33,tvSeries,"Fuzzy (title exact, year +-1)",-0.0999999999999996
4469,4771,Headliners,2017,"",4.6/10,26/100,0,0,1,0,1,4.6,tt8301190,5.3,13,tvSeries,Exact (title + year),0.7
4470,4772,Star April,2017,"",7.0/10,26/100,0,0,1,0,1,7,,,,,Unmatched,
4471,4773,How Tech Works,2012,"",6.8/10,26/100,0,0,1,0,1,6.8,tt2646334,6.8,14,tvSeries,Exact (title + year),0
4472,4774,Rev & Roll,2019,"",3.8/10,26/100,0,0,1,0,1,3.8,tt9741332,5.1,74,tvSeries,Exact (title + year),1.3
4473,4775,Ghost Cases,2010,"",5.2/10,26/100,0,0,1,0,1,5.2,tt1739432,5.5,18,tvSeries,"Fuzzy (title exact, year +-1)",0.3
4474,4776,Family Travel with Colleen Kelly,2013,"",7.8/10,26/100,0,0,1,0,1,7.8,tt2392029,8.6,10,tvSeries,"Fuzzy (title exact, year +-1)",0.8
4475,4777,Juan Happy Love Story,2016,"",7.8/10,26/100,0,0,1,0,1,7.8,tt5718960,6.9,14,tvSeries,Exact (title + year),-0.9
4476,4778,Murderers and Their Mothers,2016,"",4.4/10,26/100,0,0,1,0,1,4.4,tt6941966,4.7,50,tvSeries,Exact (title + year),0.3
4477,4779,House Hazards,2012,"",4.8/10,25/100,0,0,1,0,1,4.8,tt2527184,5.1,18,tvSeries,Exact (title + year),0.3
4478,4780,Paranormal Egypt,2007,all,3.8/10,25/100,0,0,1,0,1,3.8,tt1535270,4.1,34,tvSeries,Exact (title + year),0.3
4479,4781,Makeover Wish,2007,"",6.0/10,25/100,0,0,1,0,1,6,tt3640376,6.4,12,tvSeries,Exact (title + year),0.4
4480,4782,Ultimate Wheels,2014,"",5.1/10,25/100,0,0,1,0,1,5.1,tt5050548,5.7,15,tvSeries,"Fuzzy (title exact, year +-1)",0.600000000000001
4481,4783,MayDay: Air Disaster Investigations,2010,"","",25/100,0,0,1,0,1,,,,,,Unmatched,
4482,4784,Gok's Clothes Roadshow,2011,"",6.4/10,24/100,0,0,1,0,1,6.4,,,,,Unmatched,
4483,4785,Scandalous Overtures,2014,"",5.6/10,24/100,0,0,1,0,1,5.6,tt5181214,6.8,7,tvSeries,Exact (title + year),1.2
4484,4786,Ekaterina: The Rise of Catherine the Great,2014,"","",24/100,0,0,1,0,1,,,,,,Unmatched,
4485,4787,David and Olivia? - Naked in Scotland,2018,"","",24/100,0,0,1,0,1,,,,,,Unmatched,
4486,4788,Rakuen Miyoshi Kazuyoshi to meguru rakuen no tabi,2016,"",4.8/10,24/100,0,0,1,0,1,4.8,tt7256332,6.4,12,tvSeries,Exact (title + year),1.6
4487,4789,State Parole,2008,"",4.6/10,24/100,0,0,1,0,1,4.6,tt1249254,5.5,14,tvSeries,Exact (title + year),0.9
4488,4790,Best of BabyFirst Art Music Language And More,2015,"","",24/100,0,0,1,0,1,,,,,,Unmatched,
4489,4791,Supersize Structures,2016,"",4.4/10,23/100,0,0,1,0,1,4.4,,,,,Unmatched,
4490,4792,Rat-A-Tat,2015,"","",23/100,0,0,1,0,1,,tt12881654,5,57,tvSeries,Exact (title + year),
4491,4793,David Hand's Animaland,1948,"","",23/100,0,0,1,0,1,,,,,,Unmatched,
4492,4794,Color Inspirations: Art And Music,2011,"","",23/100,0,0,1,0,1,,,,,,Unmatched,
4493,4795,Betty Boop,1932,all,"",23/100,0,0,1,0,1,,,,,,Unmatched,
4494,4796,It's A Miracle,1998,"","",22/100,0,0,1,0,1,,tt0197161,7.4,126,tvSeries,Exact (title + year),
4495,4797,Flint,2012,"","",22/100,0,0,1,0,1,,tt3419982,6.3,409,tvMiniSeries,Exact (title + year),
4496,4798,A Century of Science Fiction,2001,"","",21/100,0,0,1,0,1,,,,,,Unmatched,
4497,4799,Hidden Agenda - Real Conspiracies that Affect Our Lives Today,2017,"","",21/100,0,0,1,0,1,,,,,,Unmatched,
4498,4801,"I, Caesar: The Rise and Fall of the Roman Empire",1997,"","",21/100,0,0,1,0,1,,tt14135696,8,60,tvMiniSeries,Exact (title + year),
4499,4802,Snapshots,2016,"","",21/100,0,0,1,0,1,,,,,,Unmatched,
4500,4803,Kongsuni & Friends,2018,"","",21/100,0,0,1,0,1,,,,,,Unmatched,
4501,4804,"Sesame Street: 3,2,1 Let's Go",2010,"","",21/100,0,0,1,0,1,,,,,,Unmatched,
4502,4805,Local Knowledge,2017,"","",20/100,0,0,1,0,1,,,,,,Unmatched,
4503,4806,Trinity and Beyond,2018,"","",20/100,0,0,1,0,1,,,,,,Unmatched,
4504,4807,The Poltergeist Diaries,2018,"","",20/100,0,0,1,0,1,,,,,,Unmatched,
4505,4808,Let's Fall in Love -《咱们相爱吧》,2018,"","",20/100,0,0,1,0,1,,,,,,Unmatched,
4506,4809,Room to Improve,2012,"","",20/100,0,0,1,0,1,,,,,,Unmatched,
4507,4810,Cleopatra,2018,"","",20/100,0,0,1,0,1,,,,,,Unmatched,
4508,4811,City Slickers In Westworld featuring Billy Crystal,2017,"","",20/100,0,0,1,0,1,,,,,,Unmatched,
4509,4812,Dog Dynasty,2016,"","",20/100,0,0,1,0,1,,,,,,Unmatched,
4510,4813,Chasin the Sun,2017,"","",20/100,0,0,1,0,1,,,,,,Unmatched,
4511,4814,The Very Best Of Kristen Bell,2010,"","",20/100,0,0,1,0,1,,,,,,Unmatched,
4512,4815,La Usurpadora,2019,"","",20/100,0,0,1,0,1,,tt10709178,6.8,180,tvSeries,Exact (title + year),
4513,4816,Card Sharks 86,1986,"","",20/100,0,0,1,0,1,,,,,,Unmatched,
4514,4817,Police Women,2010,"","",20/100,0,0,1,0,1,,,,,,Unmatched,
4515,4818,The Notekins,2012,"","",20/100,0,0,1,0,1,,,,,,Unmatched,
4516,4820,Crime Scene Solvers,2018,"","",19/100,0,0,1,0,1,,,,,,Unmatched,
4517,4821,Life and Fate,2012,"","",19/100,0,0,1,0,1,,tt2460432,7.8,220,tvSeries,Exact (title + year),
4518,4822,Breaking Homicide,2018,"","",19/100,0,0,1,0,1,,tt7878864,7.4,354,tvSeries,Exact (title + year),
4519,4823,60 Second Docs,2016,"","",19/100,0,0,1,0,1,,,,,,Unmatched,
4520,4824,14 Year Old President of the Smallest Country in the World,2017,"","",19/100,0,0,1,0,1,,,,,,Unmatched,
4521,4825,Clip: Lego Jurassic World Video Game Walkthrough,2017,"","",19/100,0,0,1,0,1,,,,,,Unmatched,
4522,4826,Brooklyn Kinda Love,2011,"","",19/100,0,0,1,0,1,,tt1796785,6.2,21,tvSeries,Exact (title + year),
4523,4827,Lego Set Builds Bionicle - Artifex,2016,"","",19/100,0,0,1,0,1,,,,,,Unmatched,
4524,4828,Auction,2013,"","",19/100,0,0,1,0,1,,,,,,Unmatched,
4525,4829,Harry the Bunny,2011,"","",19/100,0,0,1,0,1,,,,,,Unmatched,
4526,4830,The Toque 12 Master Chefs at The Epicurean Market,2013,"","",18/100,0,0,1,0,1,,,,,,Unmatched,
4527,4831,The Queen's Diamond Decades,2013,"","",18/100,0,0,1,0,1,,,,,,Unmatched,
4528,4832,Dark Forest,2015,"","",18/100,0,0,1,0,1,,tt3237942,4.3,325,movie,Exact (title + year) [non-TV type],
4529,4833,Television Playhouse,1947,"","",18/100,0,0,1,0,1,,,,,,Unmatched,
4530,4834,Babies in Car City,2017,"","",18/100,0,0,1,0,1,,tt7826976,7.7,31,tvSeries,Exact (title + year),
4531,4835,Angels,2017,"","",18/100,0,0,1,0,1,,tt10752242,3,20,short,"Fuzzy (title exact, year +-1) [non-TV type]",
4532,4836,Power Battle Watch Car,2016,"","",18/100,0,0,1,0,1,,tt26762092,7.5,37,tvSeries,"Fuzzy (title exact, year +-1)",
4533,4837,Siege in Fog,2018,"","",18/100,0,0,1,0,1,,tt27410928,7.9,21,tvSeries,Exact (title + year),
4534,4838,Addy Media,2018,"","",18/100,0,0,1,0,1,,,,,,Unmatched,
4535,4839,Two Legends,2014,"","",18/100,0,0,1,0,1,,,,,,Unmatched,
4536,4840,Dirty Dancing,2017,"","",18/100,0,0,1,0,1,,tt5262792,3.2,6852,tvMovie,Exact (title + year) [non-TV type],
4537,4841,5 Facts,2014,"","",18/100,0,0,1,0,1,,,,,,Unmatched,
4538,4842,True Nordic Crimes,2017,"","",18/100,0,0,1,0,1,,,,,,Unmatched,
4539,4843,Peanuts,1965,"","",18/100,0,0,1,0,1,,tt13957868,7.5,176,tvSeries,Exact (title + year),
4540,4844,73 Questions Answered By Your Favorite Celebs,2014,"","",18/100,0,0,1,0,1,,,,,,Unmatched,
4541,4845,'About Joey',2017,"","",18/100,0,0,1,0,1,,,,,,Unmatched,
4542,4846,Architects of Darkness,2014,"","",18/100,0,0,1,0,1,,tt20138518,7.1,35,tvMiniSeries,Exact (title + year),
4543,4847,Hollywood's 10 Best,2017,"","",18/100,0,0,1,0,1,,,,,,Unmatched,
4544,4848,Katsugeki/Touken Ranbu,2017,"","",17/100,0,0,1,0,1,,tt8503628,6.2,173,tvSeries,Exact (title + year),
4545,4849,Classic Popeye,1960,"","",17/100,0,0,1,0,1,,,,,,Unmatched,
4546,4850,History of Westinghouse,1904,"","",17/100,0,0,1,0,1,,,,,,Unmatched,
4547,4851,Garage Dreams,2015,"","",17/100,0,0,1,0,1,,tt4527488,6.7,13,tvSeries,Exact (title + year),
4548,4852,Ghost Response - Haunted UK,2018,"","",17/100,0,0,1,0,1,,,,,,Unmatched,
4549,4854,Day of The Gun - The Series,2018,"","",17/100,0,0,1,0,1,,,,,,Unmatched,
4550,4856,Second Sight,2000,"","",17/100,0,0,1,0,1,,tt14587658,7.5,87,tvSeries,Exact (title + year),
4551,4857,Tom The Tow Truck's Paint Shop,2016,"","",17/100,0,0,1,0,1,,,,,,Unmatched,
4552,4858,Mono Mario,2016,"","",17/100,0,0,1,0,1,,,,,,Unmatched,
4553,4859,Inherited Marriage,2010,"","",17/100,0,0,1,0,1,,,,,,Unmatched,
4554,4860,Video Workbench: The Scale Model Show,2016,"","",17/100,0,0,1,0,1,,,,,,Unmatched,
4555,4861,Technological Marvels of the Ancient World,2003,"","",17/100,0,0,1,0,1,,,,,,Unmatched,
4556,4862,Mickey's Farm,2009,"","",17/100,0,0,1,0,1,,tt1833426,6.5,38,tvSeries,Exact (title + year),
4557,4863,Baby Einstein's Holiday Special,2009,"","",17/100,0,0,1,0,1,,,,,,Unmatched,
4558,4864,The Splendor of Rome,2018,"","",17/100,0,0,1,0,1,,,,,,Unmatched,
4559,4865,Saving Ghosts,2018,"","",17/100,0,0,1,0,1,,tt8571650,7.3,16,tvSeries,Exact (title + year),
4560,4866,Haunted France,2018,"","",17/100,0,0,1,0,1,,,,,,Unmatched,
4561,4867,Killer IQ: Lion vs. Hyena,2015,"","",17/100,0,0,1,0,1,,,,,,Unmatched,
4562,4870,Brand New House On a Budget,2014,"","",17/100,0,0,1,0,1,,,,,,Unmatched,
4563,4871,Bounty Hamster,2003,"","",17/100,0,0,1,0,1,,tt1145491,7.6,97,tvSeries,Exact (title + year),
4564,4872,Adam & Eve,2016,"","",17/100,0,0,1,0,1,,tt5446832,6.2,17,tvMiniSeries,Exact (title + year),
4565,4873,Graham Kerr's Kitchen,1992,"","",16/100,0,0,1,0,1,,,,,,Unmatched,
4566,4874,Somewhere South,2020,"","",16/100,0,0,1,0,1,,tt12158686,8.6,81,tvSeries,Exact (title + year),
4567,4875,300 Million Years,2015,"","",16/100,0,0,1,0,1,,tt10257000,7.1,49,tvMiniSeries,Exact (title + year),
4568,4876,Roblox Funny Moments (PairOfDucks),2017,"","",16/100,0,0,1,0,1,,,,,,Unmatched,
4569,4877,Space Mistakes,2016,"","",16/100,0,0,1,0,1,,tt5358422,7.1,11,tvMiniSeries,Exact (title + year),
4570,4879,Running Man,2016,"","",16/100,0,0,1,0,1,,tt11256118,8.5,82,tvSeries,"Fuzzy (title exact, year +-1)",
4571,4880,Spring 1986 TV Line-Up,2012,"","",16/100,0,0,1,0,1,,,,,,Unmatched,
4572,4881,The Complete Story of Hitler and the Nazis,2017,"","",16/100,0,0,1,0,1,,,,,,Unmatched,
4573,4882,Ancient Civilizations of North America,2008,"","",16/100,0,0,1,0,1,,,,,,Unmatched,
4574,4884,Lego Pirates of the Caribbean Playthrough,2017,"","",16/100,0,0,1,0,1,,,,,,Unmatched,
4575,4885,Whitney Bjerken Gymnastics Level 9 Competitions,2017,"","",16/100,0,0,1,0,1,,,,,,Unmatched,
4576,4886,The Amazing World of Aviation,2013,"","",16/100,0,0,1,0,1,,,,,,Unmatched,
4577,4887,Strictly Dumpling,2017,"","",16/100,0,0,1,0,1,,,,,,Unmatched,
4578,4888,Gardens of the World,2007,"","",16/100,0,0,1,0,1,,,,,,Unmatched,
4579,4889,1Life,2016,"","",16/100,0,0,1,0,1,,tt6044674,6.6,10,tvSeries,Exact (title + year),
4580,4890,Life on Mar's: The Home Makeover Show,2015,"","",16/100,0,0,1,0,1,,,,,,Unmatched,
4581,4891,Tomorrow's World,1995,"","",16/100,0,0,1,0,1,,,,,,Unmatched,
4582,4892,Try Guys,2017,"","",16/100,0,0,1,0,1,,,,,,Unmatched,
4583,4893,Make48,2017,"","",16/100,0,0,1,0,1,,tt8099388,9.2,6,tvSeries,Exact (title + year),
4584,4894,I've Got a Secret,1961,"","",16/100,0,0,1,0,1,,,,,,Unmatched,
4585,4896,The Order of Victory,2016,"","",16/100,0,0,1,0,1,,,,,,Unmatched,
4586,4897,Morning Glory,2013,"","",16/100,0,1,1,0,1,,,,,,Unmatched,
4587,4898,Where I'd Rather Be,2017,"","",16/100,0,0,1,0,1,,,,,,Unmatched,
4588,4899,Hotel Sacher,2016,"","",16/100,0,0,1,0,1,,tt5672212,6.2,339,tvMiniSeries,Exact (title + year),
4589,4900,In Search of Hidden Holy Sites,2013,"","",16/100,0,0,1,0,1,,tt9569216,6.6,9,tvMiniSeries,Exact (title + year),
4590,4901,Deals in the Desert,2018,"","",16/100,0,0,1,0,1,,,,,,Unmatched,
4591,4902,She Is Beautiful,2018,"","",16/100,0,0,1,0,1,,tt10380340,5.9,19,tvSeries,Exact (title + year),
4592,4903,"Miracle of Faith: 2,000 Years of Christianity in the Holy Land",2000,"","",16/100,0,0,1,0,1,,,,,,Unmatched,
4593,4904,Dinosaurs Inside and Out,1996,"","",16/100,0,0,1,0,1,,,,,,Unmatched,
4594,4905,The Wackiest Works of Tex Avery,1945,"","",16/100,0,0,1,0,1,,,,,,Unmatched,
4595,4906,The Family Blend!,2016,"","",16/100,0,0,1,0,1,,,,,,Unmatched,
4596,4907,Focal Point,2019,"","",16/100,0,0,1,0,1,,,,,,Unmatched,
4597,4908,"Mysteries, Magic and Miracles",1994,"","",14/100,0,0,1,0,1,,tt0166451,6.6,33,tvSeries,Exact (title + year),
4598,4909,Amber the Ambulance,2017,"","",14/100,0,0,1,0,1,,tt7818362,7.8,28,tvSeries,Exact (title + year),
4599,4910,Kings in Grass Castles,1998,"","",14/100,0,0,1,0,1,,tt0178147,7.4,171,tvMiniSeries,Exact (title + year),
4600,4911,Review: Gun Stock Reviews,2017,"","",14/100,0,0,1,0,1,,,,,,Unmatched,
4601,4912,I'm a Creepy Crawly,2018,"","",14/100,0,0,1,0,1,,,,,,Unmatched,
4602,4913,Inside Things,2017,"","",14/100,0,0,1,0,1,,,,,,Unmatched,
4603,4914,Crew,1970,"","",14/100,0,0,1,0,1,,,,,,Unmatched,
4604,4915,An Unknown Enemy,2018,"","",14/100,0,0,1,0,1,,tt8946436,7.9,728,tvSeries,Exact (title + year),
4605,4916,Easy Living,2010,"","",14/100,0,0,1,0,1,,tt1343217,7.8,455,tvSeries,"Fuzzy (title exact, year +-1)",
4606,4917,How Does That Work?,2007,"","",14/100,0,0,1,0,1,,,,,,Unmatched,
4607,4918,Tank Biathlon,2017,"","",14/100,0,0,1,0,1,,,,,,Unmatched,
4608,4919,Celebrity Poker Gala,2018,"","",14/100,0,0,1,0,1,,,,,,Unmatched,
4609,4920,Actually Me,2017,"","",14/100,0,0,1,0,1,,,,,,Unmatched,
4610,4921,Microsoft Outlook 2016 - Training,2017,"","",14/100,0,0,1,0,1,,,,,,Unmatched,
4611,4922,Fluffy Gardens,2007,"","",14/100,0,0,1,0,1,,tt1045385,8,26,tvSeries,Exact (title + year),
4612,4923,Changelings: cambions,2014,"","",14/100,0,0,1,0,1,,,,,,Unmatched,
4613,4924,Blippi - Videos for Kids,2016,"","",14/100,0,0,1,0,1,,,,,,Unmatched,
4614,4925,Under The Sea: The Great Barrier Reef,2017,"","",14/100,0,0,1,0,1,,,,,,Unmatched,
4615,4926,Backcountry Fly Fishing,2014,"","",14/100,0,0,1,0,1,,,,,,Unmatched,
4616,4927,MANE,2018,"","",14/100,0,0,1,0,1,,,,,,Unmatched,
4617,4928,True Ghost Stories,2017,"","",14/100,0,0,1,0,1,,,,,,Unmatched,
4618,4930,Wild & Crazy,2008,"","",14/100,0,0,1,0,1,,,,,,Unmatched,
4619,4931,"YTF: Yesterday, Today, Forever",2012,"","",14/100,0,0,1,0,1,,,,,,Unmatched,
4620,4932,Van Der Week,2011,"","",14/100,0,0,1,0,1,,,,,,Unmatched,
4621,4934,Getting Doug with High,2017,"","",14/100,0,0,1,0,1,,,,,,Unmatched,
4622,4935,Always and Forever,2003,"","",14/100,0,0,1,0,1,,,,,,Unmatched,
4623,4936,GayTerns,2016,"","",14/100,0,0,1,0,1,,,,,,Unmatched,
4624,4937,Altair: A Record of Battles,2017,"","",14/100,0,0,1,0,1,,tt12875720,7.4,194,tvSeries,Exact (title + year),
4625,4938,"Review: Build A Bear, Tsum Tsum and Disney Plushie Toy Reviews",2017,"","",14/100,0,0,1,0,1,,,,,,Unmatched,
4626,4939,Can You Even Sport?,2011,"","",14/100,0,0,1,0,1,,,,,,Unmatched,
4627,4940,Mafia Undercover,2016,"","",14/100,0,0,1,0,1,,,,,,Unmatched,
4628,4941,Super Mario 64 Playthrough,2017,"","",14/100,0,0,1,0,1,,,,,,Unmatched,
4629,4943,Mix Master: Final Force,2011,"","",14/100,0,0,1,0,1,,,,,,Unmatched,
4630,4944,Serial Killer Culture TV,2017,"","",14/100,0,0,1,0,1,,tt5736176,6.2,39,tvSeries,Exact (title + year),
4631,4945,"Myths, Magic & Monsters",2007,"","",14/100,0,0,1,0,1,,,,,,Unmatched,
4632,4946,Animal Favorites,2002,"","",14/100,0,0,1,0,1,,,,,,Unmatched,
4633,4947,Sea Power,2005,"","",14/100,0,0,1,0,1,,,,,,Unmatched,
4634,4948,Crimes that Made History,2017,"","",14/100,0,0,1,0,1,,tt9233402,6.1,94,tvSeries,"Fuzzy (title exact, year +-1)",
4635,4949,Woodwalkers,2017,"","",14/100,0,0,1,0,1,,tt7497198,7.4,14,tvSeries,Exact (title + year),
4636,4950,Wolfpack,2013,"","",14/100,0,0,1,0,1,,,,,,Unmatched,
4637,4951,Uncharted Waters with Peter Miller,2019,"","",14/100,0,0,1,0,1,,,,,,Unmatched,
4638,4953,The Magical Adventures of Quasimodo,1996,"","",14/100,0,0,1,0,1,,tt0819821,6.8,52,tvSeries,Exact (title + year),
4639,4954,"Cars, Cops & Criminals",2008,"","",14/100,0,0,1,0,1,,,,,,Unmatched,
4640,4955,The Complete History of the Second World War,2017,"","",14/100,0,0,1,0,1,,,,,,Unmatched,
4641,4956,The Red Booth,2017,"","",14/100,0,0,1,0,1,,,,,,Unmatched,
4642,4957,Desperate Love,2012,"","",14/100,0,0,1,0,1,,tt6352844,7.9,9,tvSeries,"Fuzzy (title exact, year +-1)",
4643,4959,Tales of the Living Dead,2000,"","",14/100,0,0,1,0,1,,,,,,Unmatched,
4644,4960,"Monsters, Madness and Mayhem",2003,"","",14/100,0,0,1,0,1,,,,,,Unmatched,
4645,4961,PRIME JAPAN,2016,"","",14/100,0,0,1,0,1,,,,,,Unmatched,
4646,4962,Heart to Heart,2015,"","",14/100,0,0,1,0,1,,tt4342564,7.3,219,tvSeries,Exact (title + year),
4647,4963,Hitler's Lost Battles,2017,"","",14/100,0,0,1,0,1,,,,,,Unmatched,
4648,4964,Countdown to Victory: World War II - The Ultimate Timeline,2009,"","",14/100,0,0,1,0,1,,,,,,Unmatched,
4649,4965,Lockout,2016,"","",14/100,0,0,1,0,1,,,,,,Unmatched,
4650,4966,Working 24 Hours At...,2015,"","",14/100,0,0,1,0,1,,,,,,Unmatched,
4651,4967,Dinosaur Britain,2015,"","",14/100,0,0,1,0,1,,tt8488330,8.2,60,tvMiniSeries,Exact (title + year),
4652,4968,F'd,2015,"","",14/100,0,0,1,0,1,,tt4383602,5.6,16,tvSeries,Exact (title + year),
4653,4969,Tea Time with Tayla,2011,"","",13/100,0,0,1,0,1,,tt2467242,7.6,14,tvSeries,Exact (title + year),
4654,4970,Wildest Middle East,2015,"","",13/100,0,0,1,0,1,,tt4719796,8.3,86,tvSeries,Exact (title + year),
4655,4971,Mafia Queens,2018,"","",13/100,0,0,1,0,1,,,,,,Unmatched,
4656,4972,Home Remedy,2017,"","",13/100,0,0,1,0,1,,tt7022508,6,18,tvSeries,Exact (title + year),
4657,4973,Food Hacks,2017,"","",13/100,0,0,1,0,1,,,,,,Unmatched,
4658,4974,The Prince of Han Dynasty 1,2001,"","",13/100,0,0,1,0,1,,,,,,Unmatched,
4659,4975,Feed Famous,2018,"","",13/100,0,0,1,0,1,,,,,,Unmatched,
4660,4976,Dermot Bannon's Luxury Homes,2018,"","",13/100,0,0,1,0,1,,,,,,Unmatched,
4661,4977,Blake Griffin's Internship,2011,"","",13/100,0,0,1,0,1,,,,,,Unmatched,
4662,4978,Learn with Ethan The Dump Truck,2016,"","",13/100,0,0,1,0,1,,,,,,Unmatched,
4663,4979,Titipo Titipo,2017,"","",13/100,0,0,1,0,1,,,,,,Unmatched,
4664,4980,On The Bank,2017,"","",13/100,0,0,1,0,1,,,,,,Unmatched,
4665,4981,Paper Mario Color Splash Playthrough,2016,"","",13/100,0,0,1,0,1,,,,,,Unmatched,
4666,4982,Oh My General,2017,"","",13/100,0,0,1,0,1,,tt17005906,7.7,79,tvSeries,Exact (title + year),
4667,4983,Egotastic FunTime!,2017,"","",13/100,0,0,1,0,1,,tt5678628,7.9,18,tvSeries,"Fuzzy (title exact, year +-1)",
4668,4984,Backline,2017,"","",13/100,0,0,1,0,1,,,,,,Unmatched,
4669,4985,Victorious Living with Kenneth Copeland,2016,"","",13/100,0,0,1,0,1,,,,,,Unmatched,
4670,4986,Partners in Crime,2011,"","",13/100,0,0,1,0,1,,tt6067812,7.3,26,tvSeries,Exact (title + year),
4671,4987,From Beyond,2017,"","",13/100,0,0,1,0,1,,tt7714520,6.9,100,tvSeries,Exact (title + year),
4672,4988,Space Curiosities,2017,"","",13/100,0,0,1,0,1,,,,,,Unmatched,
4673,4989,Beginnings,2016,"","",13/100,0,0,1,0,1,,tt5037152,4.8,53,tvSeries,"Fuzzy (title exact, year +-1)",
4674,4990,Revival Radio TV,2017,"","",13/100,0,0,1,0,1,,,,,,Unmatched,
4675,4991,The Lost Tales of Egypt,2018,"","",13/100,0,0,1,0,1,,,,,,Unmatched,
4676,4992,"Yoga For Back Pain, Neck Pain & Stress Relief - Lindsey Samper",2017,"","",13/100,0,0,1,0,1,,,,,,Unmatched,
4677,4993,Lego Set Builds Spongebob Squarepants - Artifex,2017,"","",13/100,0,0,1,0,1,,,,,,Unmatched,
4678,4994,Spectre Analysis,2017,"","",13/100,0,0,1,0,1,,,,,,Unmatched,
4679,4995,I Declare War: The Series,2016,"","",13/100,0,0,1,0,1,,,,,,Unmatched,
4680,4996,The Bomber: Behind Nazi Lines,2012,"","",13/100,0,0,1,0,1,,,,,,Unmatched,
4681,4997,Blood and Water,2015,"","",13/100,0,0,1,0,1,,tt4474750,5.5,212,tvSeries,Exact (title + year),
4682,4998,Watch Around the Clock B&W,2017,"","",13/100,0,0,1,0,1,,,,,,Unmatched,
4683,4999,Luxury Travel Show,2018,"","",13/100,0,0,1,0,1,,,,,,Unmatched,
4684,5000,America's Monsters,2013,"","",13/100,0,0,1,0,1,,tt7906168,6.3,10,tvSeries,Exact (title + year),
4685,5001,The Evolution of Us,2016,"","",13/100,0,0,1,0,1,,tt10675284,7.4,53,tvMiniSeries,Exact (title + year),
4686,5002,How-To,2015,"","",13/100,0,0,1,0,1,,,,,,Unmatched,
4687,5003,Besties,2013,"","",13/100,0,0,1,0,1,,tt1843110,6,80,movie,"Fuzzy (title exact, year +-1) [non-TV type]",
4688,5004,Full Body Flexibility Beginners Yoga Workouts - Krystin Scott,2017,"","",13/100,0,0,1,0,1,,,,,,Unmatched,
4689,5005,The Sweet Spot: A Treasury of Baseball Stories,2016,"","",13/100,0,0,1,0,1,,,,,,Unmatched,
4690,5006,Treasure Houses of Britain,2011,"","",13/100,0,0,1,0,1,,,,,,Unmatched,
4691,5007,Homebuddies,2017,"","",13/100,0,0,1,0,1,,tt8124372,8.8,18,tvSeries,Exact (title + year),
4692,5008,Cosmic Kids Yoga Adventures,2012,"","",13/100,0,0,1,0,1,,,,,,Unmatched,
4693,5009,Iria: Zeiram The Bounty Hunter,1994,"","",13/100,0,0,1,0,1,,,,,,Unmatched,
4694,5010,The Ridge: Origins,2016,"","",13/100,0,0,1,0,1,,tt5135744,6,17,tvSeries,Exact (title + year),
4695,5011,SharkBites TV,2017,"","",13/100,0,0,1,0,1,,,,,,Unmatched,
4696,5012,My First INBA Fitness Model Competition,2017,"","",13/100,0,0,1,0,1,,,,,,Unmatched,
4697,5013,Hitler's Holocaust,2001,"","",13/100,0,0,1,0,1,,tt0267188,8.4,183,tvSeries,"Fuzzy (title exact, year +-1)",
4698,5014,A Century of Lionel Legendary Trains,2005,"","",13/100,0,0,1,0,1,,,,,,Unmatched,
4699,5015,Lucas el Camioncito,2016,"","",13/100,0,0,1,0,1,,,,,,Unmatched,
4700,5016,Subzero,2018,"","",13/100,0,0,1,0,1,,,,,,Unmatched,
4701,5017,Human Nature,2013,"","",13/100,1,0,1,0,1,,tt2398179,7.3,24,movie,"Fuzzy (title exact, year +-1) [non-TV type]",
4702,5018,Aerial Adventures,2010,"","",13/100,0,0,1,0,1,,,,,,Unmatched,
4703,5019,Esovision Relaxation,2007,"","",13/100,0,0,1,0,1,,,,,,Unmatched,
4704,5020,Tasty's Made By Hand,2018,"","",13/100,0,0,1,0,1,,,,,,Unmatched,
4705,5021,Logan's Adventures,2015,"","",13/100,0,0,1,0,1,,,,,,Unmatched,
4706,5022,"In Sanity, Florida",2017,"","",13/100,0,0,1,0,1,,tt6529682,5.6,38,tvSeries,Exact (title + year),
4707,5023,Frenemies with Eliza Coupe,2012,"","",13/100,0,0,1,0,1,,,,,,Unmatched,
4708,5024,Philipp Shorts,1998,"","",13/100,0,0,1,0,1,,,,,,Unmatched,
4709,5025,Honolulu P.D.,2003,"","",13/100,0,0,1,0,1,,,,,,Unmatched,
4710,5026,Food Stories,2017,"","",13/100,0,0,1,0,1,,,,,,Unmatched,
4711,5027,Fish Mavericks,2017,"","",13/100,0,0,1,0,1,,,,,,Unmatched,
4712,5028,NHL Road to the Outdoor Classics,2016,"","",13/100,0,0,1,0,1,,,,,,Unmatched,
4713,5029,Troy in Train Town,2016,"","",13/100,0,0,1,0,1,,,,,,Unmatched,
4714,5030,Tried + True,2017,"","",13/100,0,0,1,0,1,,,,,,Unmatched,
4715,5031,Legend of the Fist: Chen Zhen,2008,"","",13/100,0,0,1,0,1,,,,,,Unmatched,
4716,5032,Minecraft Life,2017,"","",13/100,0,0,1,0,1,,,,,,Unmatched,
4717,5033,Tiny Trucks,2018,"","",13/100,0,0,1,0,1,,,,,,Unmatched,
4718,5034,Wonder Balls,2015,"","",13/100,0,0,1,0,1,,tt7826972,8.6,19,tvSeries,Exact (title + year),
4719,5035,Game Changers,2012,"","",13/100,0,0,1,0,1,,,,,,Unmatched,
4720,5036,"Montréal: My Love, My Story",2018,"","",13/100,0,0,1,0,1,,,,,,Unmatched,
4721,5037,My Dream Derelict Home,2014,"","",13/100,0,0,1,0,1,,,,,,Unmatched,
4722,5038,Blue Realm,2017,"","",13/100,0,0,1,0,1,,,,,,Unmatched,
4723,5039,Master Lin in Seoul,2012,"","",13/100,0,0,1,0,1,,,,,,Unmatched,
4724,5040,Kingdoms of Sumeria,2018,"","",13/100,0,0,1,0,1,,,,,,Unmatched,
4725,5041,Ruining History,2017,"","",13/100,0,0,1,0,1,,tt8123920,8.2,391,tvSeries,Exact (title + year),
4726,5042,Carl Transform of Car City,2016,"","",13/100,0,0,1,0,1,,,,,,Unmatched,
4727,5043,pocket.watch Challenge Squad,2018,"","",13/100,0,0,1,0,1,,tt8927222,5.6,9,tvSeries,Exact (title + year),
4728,5044,Cosmo Queens,2017,"","",13/100,0,0,1,0,1,,,,,,Unmatched,
4729,5045,In the Dream to Find the Answer,2015,"","",13/100,0,0,1,0,1,,,,,,Unmatched,
4730,5046,South Bend's Lunkerville,2017,"","",13/100,0,0,1,0,1,,,,,,Unmatched,
4731,5047,The Adventure Series,2016,"","",13/100,0,0,1,0,1,,,,,,Unmatched,
4732,5048,Hardly Working,2008,"","",13/100,0,0,1,0,1,,tt1846093,7.6,253,tvSeries,"Fuzzy (title exact, year +-1)",
4733,5049,"Abu, The Little Dinosaur",2015,"","",13/100,0,0,1,0,1,,,,,,Unmatched,
4734,5050,Price Points,2017,"","",13/100,0,0,1,0,1,,,,,,Unmatched,
4735,5051,Pinkfong! Dinosaur Musical Stories,2017,"","",13/100,0,0,1,0,1,,,,,,Unmatched,
4736,5053,Warbirds Over the Trenches,2014,"","",13/100,0,0,1,0,1,,,,,,Unmatched,
4737,5054,You Colored My World,2017,"","",13/100,0,0,1,0,1,,,,,,Unmatched,
4738,5055,Last Thing On My Phone,2016,"","",13/100,0,0,1,0,1,,,,,,Unmatched,
4739,5056,X-Files History,2018,"","",13/100,0,0,1,0,1,,,,,,Unmatched,
4740,5057,HowStuffWorks NOW,2015,"","",13/100,0,0,1,0,1,,,,,,Unmatched,
4741,5058,BabyFirst Halloween Special,2017,"","",13/100,0,0,1,0,1,,,,,,Unmatched,
4742,5059,Lego Set Builds Nexo Knights - Artifex,2016,"","",13/100,0,0,1,0,1,,,,,,Unmatched,
4743,5060,The Crusaders,2005,"","",13/100,0,0,1,0,1,,,,,,Unmatched,
4744,5061,World War II Diaries - The Complete War Report,2017,"","",13/100,0,0,1,0,1,,,,,,Unmatched,
4745,5062,Fred Dinenage Murder Casebook,2010,"","",13/100,0,0,1,0,1,,tt1889810,8.1,160,tvSeries,"Fuzzy (title exact, year +-1)",
4746,5063,I Survived Real Estate,2017,"","",13/100,0,0,1,0,1,,,,,,Unmatched,
4747,5064,Double Dare 76 & 77,1977,"","",13/100,0,0,1,0,1,,,,,,Unmatched,
4748,5066,Learning with Lizzy the Dog!,2015,"","",13/100,0,0,1,0,1,,,,,,Unmatched,
4749,5067,Local Hauntings,2018,"","",13/100,0,0,1,0,1,,,,,,Unmatched,
4750,5068,The War at Sea,2015,"","",13/100,0,0,1,0,1,,,,,,Unmatched,
4751,5069,My Battalion,2014,"","",13/100,0,0,1,0,1,,,,,,Unmatched,
4752,5070,DIY Destinations Budget Travel Show,2017,"","",13/100,0,0,1,0,1,,,,,,Unmatched,
4753,5071,Nordic Wild,2011,"","",13/100,0,0,1,0,1,,,,,,Unmatched,
4754,5072,S.O.S! Winter,2003,"","",13/100,0,0,1,0,1,,,,,,Unmatched,
4755,5073,Shorts in Minecraft,2014,"","",13/100,0,0,1,0,1,,,,,,Unmatched,
4756,5074,Lie Detector Test,2018,"","",13/100,0,0,1,0,1,,,,,,Unmatched,
4757,5075,Review: Pullip Doll Reviews,2017,"","",13/100,0,0,1,0,1,,,,,,Unmatched,
4758,5076,Life of Jesus,2017,"","",13/100,0,0,1,0,1,,,,,,Unmatched,
4759,5077,Microsoft Excel 2016 - Training,2016,"","",13/100,0,0,1,0,1,,,,,,Unmatched,
4760,5078,The World's Best Chefs - The Toque 12,2013,"","",13/100,0,0,1,0,1,,,,,,Unmatched,
4761,5079,Kenneth Copeland Ministries,2016,"","",13/100,0,0,1,0,1,,,,,,Unmatched,
4762,5080,Zumba Awesome Legs & Booty System,2014,"","",13/100,0,0,1,0,1,,,,,,Unmatched,
4763,5081,SMOSH Babies,2013,"","",13/100,0,0,1,0,1,,tt5028280,4.3,184,tvSeries,Exact (title + year),
4764,5082,Pinkfong! Animal Songs,2017,"","",13/100,0,0,1,0,1,,tt7818356,5.1,27,tvSeries,"Fuzzy (title exact, year +-1)",
4765,5083,Flip Flap,2017,"","",13/100,0,0,1,0,1,,,,,,Unmatched,
4766,5084,Geometry,2017,"","",13/100,0,0,1,0,1,,,,,,Unmatched,
4767,5085,Impossible Peace,2017,"","",13/100,0,0,1,0,1,,tt9394532,8.1,121,tvSeries,Exact (title + year),
4768,5086,The Duke Of Mount Deer,2014,"","",13/100,0,0,1,0,1,,,,,,Unmatched,
4769,5087,See Deng,2017,"","",13/100,0,0,1,0,1,,,,,,Unmatched,
4770,5088,Faaail!,2016,"","",13/100,0,0,1,0,1,,tt5643026,7.5,7,tvMiniSeries,Exact (title + year),
4771,5089,Curious?,2017,"","",13/100,0,0,1,0,1,,,,,,Unmatched,
4772,5090,Tesla Road Trip,2017,"","",13/100,0,0,1,0,1,,,,,,Unmatched,
4773,5091,Bigger Questions,2017,"","",13/100,0,0,1,0,1,,,,,,Unmatched,
4774,5092,Fifi: Cat Therapist,2014,"","",13/100,0,0,1,0,1,,tt3705890,6.1,18,tvSeries,Exact (title + year),
4775,5093,Gym Class Science,2015,"","",13/100,0,0,1,0,1,,,,,,Unmatched,
4776,5094,This Is Your Brain & Body When...,2016,"","",13/100,0,0,1,0,1,,,,,,Unmatched,
4777,5095,Pinkfong! Dinosaur Songs,2014,"","",13/100,0,0,1,0,1,,,,,,Unmatched,
4778,5096,Pro-Semitism with Elon Gold,2011,"","",13/100,0,0,1,0,1,,,,,,Unmatched,
4779,5098,All Your History Are Belong To Us,2012,"","",13/100,0,0,1,0,1,,,,,,Unmatched,
4780,5099,Best Motorcycle Movies (Biker Documentary Anthology),2017,"","",13/100,0,0,1,0,1,,,,,,Unmatched,
4781,5100,3 Rabbits,2017,"","",13/100,0,0,1,0,1,,,,,,Unmatched,
4782,5101,Inside Scotland Yard with Trevor McDonald,2016,"","",13/100,0,0,1,0,1,,,,,,Unmatched,
4783,5102,Love in Memory,2013,"","",13/100,0,0,1,0,1,,tt11364270,4.6,7,tvSeries,Exact (title + year),
4784,5103,Memorization: The Art of The Technique,2017,"","",13/100,0,0,1,0,1,,,,,,Unmatched,
4785,5104,Piux XII,2017,"","",13/100,0,0,1,0,1,,,,,,Unmatched,
4786,5105,The Hunters Club,2014,"","",10/100,0,0,1,0,1,,,,,,Unmatched,
4787,5106,Travel the Road,2016,"","",10/100,0,0,1,0,1,,,,,,Unmatched,
4788,5107,Pinkfong! Bedtime Lullabies,2015,"","",10/100,0,0,1,0,1,,,,,,Unmatched,
4789,5108,The Union Series,2016,"","",10/100,0,0,1,0,1,,tt5556636,7.7,19,tvSeries,Exact (title + year),
4790,5109,Another Dirty Room,2016,"","",10/100,0,0,1,0,1,,tt8969784,8.5,88,tvSeries,Exact (title + year),
4791,5110,Christmas in Car City,2017,"","",10/100,0,0,1,0,1,,,,,,Unmatched,
4792,5111,Please Tell Me I'm Adopted!,2017,"","",10/100,0,0,1,0,1,,tt3959140,7.5,45,tvSeries,Exact (title + year),
4793,5112,Pinkfong! Puppet Show,2017,"","",10/100,0,0,1,0,1,,,,,,Unmatched,
4794,5113,Chronicle Of Love,2015,"","",10/100,0,0,1,0,1,,,,,,Unmatched,
4795,5114,Underworld Wrestling,2018,"","",10/100,0,0,1,0,1,,,,,,Unmatched,
4796,5115,Best Laid Plans,2010,"","",10/100,0,0,1,0,1,,tt1596559,7.6,31,tvSeries,Exact (title + year),
4797,5116,Mob Squad,2012,"","",10/100,0,0,1,0,1,,,,,,Unmatched,
4798,5117,Designer Guys,2018,"","",10/100,0,0,1,0,1,,,,,,Unmatched,
4799,5118,Learn with Ted The Train,2016,"","",10/100,0,0,1,0,1,,tt7826988,7.7,26,tvSeries,Exact (title + year),
4800,5119,Night In/Night Out,2018,"","",10/100,0,0,1,0,1,,,,,,Unmatched,
4801,5120,Tasting Our Roots,2017,"","",10/100,0,0,1,0,1,,,,,,Unmatched,
4802,5121,FUNnel Vision: Challenges,2018,"","",10/100,0,0,1,0,1,,,,,,Unmatched,
4803,5122,The Flavors of France,2013,"","",10/100,0,0,1,0,1,,,,,,Unmatched,
4804,5123,Earth Shocks: Our Hyperactive Planet,2007,"","",10/100,0,0,1,0,1,,,,,,Unmatched,
4805,5124,Board AF,2016,"","",10/100,0,0,1,0,1,,tt6614936,9,32,tvSeries,Exact (title + year),
4806,5125,The Wild Life,2014,"","",10/100,0,0,1,0,1,,,,,,Unmatched,
4807,5126,Great Taste No Money,2017,"","",10/100,0,0,1,0,1,,,,,,Unmatched,
4808,5127,Foundations of Freedom with Historian David Barton,2015,"","",10/100,0,0,1,0,1,,,,,,Unmatched,
4809,5128,Alba's Cuban Kitchen,2017,"","",10/100,0,0,1,0,1,,,,,,Unmatched,
4810,5129,Aprender con los Mini Constructores,2016,"","",10/100,0,0,1,0,1,,,,,,Unmatched,
4811,5130,Behind Bars: The World's Toughest Prisons,2016,"","",10/100,0,0,1,0,1,,tt15576176,7.6,36,tvSeries,Exact (title + year),
4812,5131,Ghosts of The Caribbean,2017,"","",10/100,0,0,1,0,1,,,,,,Unmatched,
4813,5132,The Story of Furong,2015,"","",10/100,0,0,1,0,1,,,,,,Unmatched,
4814,5133,Waterways: The Royal Canal,2013,"","",10/100,0,0,1,0,1,,,,,,Unmatched,
4815,5134,End of the Big Cats,2012,"","",10/100,0,0,1,0,1,,,,,,Unmatched,
4816,5135,Leo the Truck,2015,"","",10/100,0,0,1,0,1,,tt8475950,7.3,58,tvSeries,"Fuzzy (title exact, year +-1)",
4817,5136,Celtic Myths,2001,"","",10/100,0,0,1,0,1,,,,,,Unmatched,
4818,5137,US Bounty Hunters,2014,"","",10/100,0,0,1,0,1,,,,,,Unmatched,
4819,5138,SAS Rogue Warriors,2017,"","",10/100,0,0,1,0,1,,,,,,Unmatched,
4820,5139,Concepto de Vida Plena,2016,"","",10/100,0,0,1,0,1,,,,,,Unmatched,
4821,5140,The Fish Guyz,2017,"","",10/100,0,0,1,0,1,,,,,,Unmatched,
4822,5141,Field of Stars,2017,"","",10/100,0,0,1,0,1,,,,,,Unmatched,
4823,5142,All the Pizza,2016,"","",10/100,0,0,1,0,1,,tt11547472,6.6,26,tvSeries,Exact (title + year),
4824,5143,Python for Everybody,2016,"","",10/100,0,0,1,0,1,,,,,,Unmatched,
4825,5144,I Pranked My Parents,2014,"","",10/100,0,0,1,0,1,,,,,,Unmatched,
4826,5145,Mad Fabricators Society,2015,"","",10/100,0,0,1,0,1,,,,,,Unmatched,
4827,5146,You Sang My Song,2017,"","",10/100,0,0,1,0,1,,,,,,Unmatched,
4828,5147,Road to the Games 2016,2016,"","",10/100,0,0,1,0,1,,,,,,Unmatched,
4829,5148,Have Steam Engine Will Travel,2013,"","",10/100,0,0,1,0,1,,tt2383988,8,11,tvSeries,"Fuzzy (title exact, year +-1)",
4830,5149,Clip: Adventures of Buttman (Annoying Orange Grand Theft Auto V Gaming),2017,"","",10/100,0,0,1,0,1,,,,,,Unmatched,
4831,5150,Gold War,2016,"","",10/100,0,0,1,0,1,,,,,,Unmatched,
4832,5151,Fin Chasers,2017,"","",10/100,0,0,1,0,1,,,,,,Unmatched,
4833,5152,The F.B.I. Files Specials,2002,"","",10/100,0,0,1,0,1,,,,,,Unmatched,
4834,5153,Flannery's Porch,2016,"","",10/100,0,0,1,0,1,,,,,,Unmatched,
4835,5154,USWA Memphis Wrestling,1989,"","",10/100,0,0,1,0,1,,,,,,Unmatched,
4836,5155,Behind the Scenes,2010,"","",10/100,0,0,1,0,1,,tt1805164,7.9,34,movie,Exact (title + year) [non-TV type],
4837,5156,Tales of the Unexplained,2004,"","",10/100,0,0,1,0,1,,,,,,Unmatched,
4838,5157,America Unveiled,2018,"","",10/100,0,0,1,0,1,,,,,,Unmatched,
4839,5158,Snowdonia 1890,2010,"","",10/100,0,0,1,0,1,,,,,,Unmatched,
4840,5159,Jesse James Austin Speed Shop,2012,"","",10/100,0,0,1,0,1,,,,,,Unmatched,
4841,5160,Project Restoration,2016,"","",10/100,0,0,1,0,1,,,,,,Unmatched,
4842,5161,Lego Set Builds City - Artifex,2016,"","",10/100,0,0,1,0,1,,,,,,Unmatched,
4843,5162,Tanks aren't afraid of mud,2009,"","",10/100,0,0,1,0,1,,,,,,Unmatched,
4844,5163,Cosmic Journeys,2009,"","",10/100,0,0,1,0,1,,tt3585578,8.2,70,tvSeries,Exact (title + year),
4845,5164,Ghost Stories Of Scotland,2017,"","",10/100,0,0,1,0,1,,,,,,Unmatched,
4846,5165,Pinkfong! Christmas Carols,2016,"","",10/100,0,0,1,0,1,,,,,,Unmatched,
4847,5166,Can We Cure,2018,"","",10/100,0,0,1,0,1,,,,,,Unmatched,
4848,5167,Socially Awkward,2017,"","",10/100,0,0,1,0,1,,,,,,Unmatched,
4849,5168,L.A. Cops,1998,"","",10/100,0,0,1,0,1,,,,,,Unmatched,
4850,5169,Smoke & Steam,1990,"","",10/100,0,0,1,0,1,,,,,,Unmatched,
4851,5170,"Cars, Cars",2017,"","",10/100,0,0,1,0,1,,,,,,Unmatched,
4852,5171,Grace for Beginners,2014,"","",10/100,0,0,1,0,1,,,,,,Unmatched,
4853,5172,Raised Hunting,2015,"","",10/100,0,0,1,0,1,,,,,,Unmatched,
4854,5173,K2: The Italian Mountain,2012,"","",10/100,0,0,1,0,1,,,,,,Unmatched,
4855,5174,ANGRY ALIENS,2016,"","",10/100,0,0,1,0,1,,,,,,Unmatched,
4856,5175,The Crack!,2011,"","",10/100,0,0,1,0,1,,,,,,Unmatched,
4857,5176,Pet Medics: New Zealand,2016,"","",10/100,0,0,1,0,1,,,,,,Unmatched,
4858,5177,How2: How to do Amazing Things! (with Annoying Orange & Pear!),2016,"","",10/100,0,0,1,0,1,,,,,,Unmatched,
4859,5178,My Animal Friends,2018,"","",10/100,0,0,1,0,1,,,,,,Unmatched,
4860,5179,Citizens of the World,2010,"","",10/100,0,0,1,0,1,,,,,,Unmatched,
4861,5180,Roomies & Friends,2013,"","",10/100,0,0,1,0,1,,,,,,Unmatched,
4862,5181,Lego Set Builds Star Wars - Artifex,2016,"","",10/100,0,0,1,0,1,,,,,,Unmatched,
4863,5182,Equipo Constructor en Auto City,2016,"","",10/100,0,0,1,0,1,,,,,,Unmatched,
4864,5183,Premier Guitar Rig Rundown,2016,"","",10/100,0,0,1,0,1,,,,,,Unmatched,
4865,5184,The Most Ridiculous Things From The Walking Dead,2017,"","",10/100,0,0,1,0,1,,,,,,Unmatched,
4866,5185,An Egg's Guide to Minecraft,2012,"","",10/100,0,0,1,0,1,,tt11597332,8.7,61,tvSeries,Exact (title + year),
4867,5186,The Flavors of Italy,2013,"","",10/100,0,0,1,0,1,,,,,,Unmatched,
4868,5187,Lego Set Builds Minecraft - Artifex,2017,"","",10/100,0,0,1,0,1,,,,,,Unmatched,
4869,5188,The Best Markets On Earth,2017,"","",10/100,0,0,1,0,1,,,,,,Unmatched,
4870,5189,Quark Science,2018,"","",10/100,0,0,1,0,1,,,,,,Unmatched,
4871,5190,Bobby Ashley's Repercussions,2014,"","",10/100,0,0,1,0,1,,,,,,Unmatched,
4872,5191,Life Beyond Earth,2018,"","",10/100,0,0,1,0,1,,,,,,Unmatched,
4873,5192,Moving Machines For Kids,2017,"","",10/100,0,0,1,0,1,,,,,,Unmatched,
4874,5193,Best Arrangement,2017,"","",10/100,0,0,1,0,1,,,,,,Unmatched,
4875,5194,Baking with Toddlers,2017,"","",10/100,0,0,1,0,1,,,,,,Unmatched,
4876,5195,Halloween of Car City,2018,"","",10/100,0,0,1,0,1,,,,,,Unmatched,
4877,5196,Pinkfong! Healthy Habit Songs,2017,"","",10/100,0,0,1,0,1,,,,,,Unmatched,
4878,5197,Pinkfong! Princess Songs,2017,"","",10/100,0,0,1,0,1,,,,,,Unmatched,
4879,5198,Switzerland's Amazing Train Rides,2014,"","",10/100,0,0,1,0,1,,tt12569614,7.6,10,tvSeries,Exact (title + year),
4880,5199,All About My Siblings,2014,"","",10/100,0,0,1,0,1,,tt6280224,8.2,12,tvSeries,Exact (title + year),
4881,5200,Tatiana's Night,2015,"","",10/100,0,0,1,0,1,,,,,,Unmatched,
4882,5201,Barn Find Hunter,2016,"","",10/100,0,0,1,0,1,,,,,,Unmatched,
4883,5202,Holy Wars,2004,"","",10/100,0,0,1,0,1,,,,,,Unmatched,
4884,5203,Learning Shapes and Colours in Creative Lesson - Education Video for Children,2018,"","",10/100,0,0,1,0,1,,,,,,Unmatched,
4885,5204,World Changers Television,2017,"","",10/100,0,0,1,0,1,,,,,,Unmatched,
4886,5205,Love Tribulations,2009,"","",10/100,0,0,1,0,1,,,,,,Unmatched,
4887,5206,Gourmet Makes,2018,"","",10/100,0,0,1,0,1,,tt10162630,9.2,56,tvSeries,"Fuzzy (title exact, year +-1)",
4888,5207,Analyse,2017,"","",10/100,0,0,1,0,1,,,,,,Unmatched,
4889,5208,Road Kings,2016,"","",10/100,0,0,1,0,1,,tt8719416,8.5,7,tvSeries,"Fuzzy (title exact, year +-1)",
4890,5209,Pinkfing! Time Songs,2017,"","",10/100,0,0,1,0,1,,,,,,Unmatched,
4891,5210,OMG!,2016,"","",10/100,0,0,1,0,1,,,,,,Unmatched,
4892,5211,Car Patrol: The Adventures of Matt the Police Car and Frank the Firetruck,2016,"","",10/100,0,0,1,0,1,,,,,,Unmatched,
4893,5212,Uchimura Summers,2016,"","",10/100,0,0,1,0,1,,,,,,Unmatched,
4894,5213,Finley's Factory - Super Simple,2016,"","",10/100,0,0,1,0,1,,,,,,Unmatched,
4895,5214,Royal Watch,2017,"","",10/100,0,0,1,0,1,,,,,,Unmatched,
4896,5215,The Bacca Chronicles,2015,"","",10/100,0,0,1,0,1,,,,,,Unmatched,
4897,5216,Warriors of the Night,1998,"","",10/100,0,0,1,0,1,,,,,,Unmatched,
4898,5217,Bogus Beauty,2017,"","",10/100,0,0,1,0,1,,,,,,Unmatched,
4899,5218,ReCore Video Gameplay,2017,"","",10/100,0,0,1,0,1,,,,,,Unmatched,
4900,5219,The History Of Ford Trucks,2016,"","",10/100,0,0,1,0,1,,,,,,Unmatched,
4901,5220,Car Collectors,2013,"","",10/100,0,0,1,0,1,,,,,,Unmatched,
4902,5221,Bana: Heart of Darkness,2017,"","",10/100,0,0,1,0,1,,tt6482812,7.6,16,tvSeries,Exact (title + year),
4903,5222,Grandma's Cats (Are Trying To Kill Her!),2015,"","",10/100,0,0,1,0,1,,,,,,Unmatched,
4904,5223,Minecraft - Survival Madness Adventures,2016,"","",10/100,0,0,1,0,1,,,,,,Unmatched,
4905,5224,Empires Of Stone,2010,"","",10/100,0,0,1,0,1,,,,,,Unmatched,
4906,5225,Beyond Invention,2004,"","",10/100,0,0,1,0,1,,,,,,Unmatched,
4907,5226,Railway Roundup,2010,"","",10/100,0,0,1,0,1,,,,,,Unmatched,
4908,5227,Review: Disney Toy Review,2017,"","",10/100,0,0,1,0,1,,,,,,Unmatched,
4909,5228,Delinquent Hamsters,2013,"","",10/100,0,0,1,0,1,,,,,,Unmatched,
4910,5229,"Review: Cool Collectibles Dolls, Toys and Vinyl Figures Reviews",2017,"","",10/100,0,0,1,0,1,,,,,,Unmatched,
4911,5230,Planet Wild,2007,"","",10/100,0,0,1,0,1,,,,,,Unmatched,
4912,5231,Genius of Nature,2012,"","",10/100,0,0,1,0,1,,,,,,Unmatched,
4913,5232,Julie Nolke,2015,"","",10/100,0,0,1,0,1,,,,,,Unmatched,
4914,5233,Speaker Meeting,2017,"","",10/100,0,0,1,0,1,,,,,,Unmatched,
4915,5234,Saints & Sinners: The History of the Popes,2013,"","",10/100,0,0,1,0,1,,,,,,Unmatched,
4916,5235,The Lazy Chef,2011,"","",10/100,0,0,1,0,1,,,,,,Unmatched,
4917,5236,Livin' 'Neath The Law with Jack McBrayer,2007,"","",10/100,0,0,1,0,1,,,,,,Unmatched,
4918,5237,Fishstick & Honeybear,2014,"","",10/100,0,0,1,0,1,,,,,,Unmatched,
4919,5238,BigDo2 - Random Hair,2016,"","",10/100,0,0,1,0,1,,,,,,Unmatched,
4920,5239,Car Patrol of Car City,2017,"","",10/100,0,0,1,0,1,,tt7821972,6.3,43,tvSeries,"Fuzzy (title exact, year +-1)",
4921,5240,Inside Series,2011,"","",10/100,0,0,1,0,1,,,,,,Unmatched,
4922,5241,Eori,2016,"","",10/100,0,0,1,0,1,,,,,,Unmatched,
4923,5242,Desperate Widows,2016,"","",10/100,0,0,1,0,1,,,,,,Unmatched,
4924,5243,Uncaged: The Animated Series,2017,"","",10/100,0,0,1,0,1,,,,,,Unmatched,
4925,5244,Innovations of War,2014,"","",10/100,0,0,1,0,1,,,,,,Unmatched,
4926,5245,Jimmy Blue Shorts,2014,"","",10/100,0,0,1,0,1,,,,,,Unmatched,
4927,5246,Love In Han Yuan,2018,"","",10/100,0,0,1,0,1,,,,,,Unmatched,
4928,5247,Review: Shopkins Shoppies Doll Reviews,2017,"","",10/100,0,0,1,0,1,,,,,,Unmatched,
4929,5248,Review: Blind Bags and Surprise Toy Reviews,2017,"","",10/100,0,0,1,0,1,,,,,,Unmatched,
4930,5249,Pinkfong! Baby Shark & Halloween Songs,2018,"","",10/100,0,0,1,0,1,,tt13566208,5.7,16,tvSeries,Exact (title + year),
4931,5250,Astrid Strudelman The Unicorn Whisperer,2014,"","",10/100,0,0,1,0,1,,,,,,Unmatched,
4932,5251,History's Biggest Secrets,2013,"","",10/100,0,0,1,0,1,,,,,,Unmatched,
4933,5252,My Prom Makeover,2014,"","",10/100,0,0,1,0,1,,,,,,Unmatched,
4934,5253,Image Essence,2013,"","",10/100,0,0,1,0,1,,,,,,Unmatched,
4935,5254,How To Self-Publish,2017,"","",10/100,0,0,1,0,1,,,,,,Unmatched,
4936,5255,Bryanboy Goes to College,2014,"","",10/100,0,0,1,0,1,,,,,,Unmatched,
4937,5256,The Coeds,2015,"","",10/100,0,0,1,0,1,,tt5023626,8.2,22,tvSeries,Exact (title + year),
4938,5257,Awesome Hot Rods,2017,"","",10/100,0,0,1,0,1,,,,,,Unmatched,
4939,5258,Troy el Tren en Auto City,2016,"","",10/100,0,0,1,0,1,,,,,,Unmatched,
4940,5259,Kickstart or Die,2013,"","",10/100,0,0,1,0,1,,,,,,Unmatched,
4941,5260,Chasing November,2016,"","",10/100,0,0,1,0,1,,,,,,Unmatched,
4942,5261,Quick Bites,2017,"","",10/100,0,0,1,0,1,,,,,,Unmatched,
4943,5262,Happy Bear Kid Andrea,2016,"","",10/100,0,0,1,0,1,,,,,,Unmatched,
4944,5263,Totally Real Movies Coming Soon,2010,"","",10/100,0,0,1,0,1,,,,,,Unmatched,
4945,5264,Air Wars,2000,"","",10/100,0,0,1,0,1,,,,,,Unmatched,
4946,5265,Operation Shadow,2017,"","",10/100,0,0,1,0,1,,,,,,Unmatched,
4947,5266,The Special Needs Hotel,2015,"","",10/100,0,0,1,0,1,,,,,,Unmatched,
4948,5267,World War I,2014,"","",10/100,0,0,1,0,1,,tt3669304,7.5,74,tvSeries,Exact (title + year),
4949,5268,Clip: Lego Set Builds Minifgures - Artifex,2016,"","",10/100,0,0,1,0,1,,,,,,Unmatched,
4950,5269,High Blood Pressure,2016,"","",10/100,0,0,1,0,1,,,,,,Unmatched,
4951,5270,Supernova,2005,"","",10/100,0,1,1,0,1,,tt0452569,7.4,261,tvSeries,Exact (title + year),
4952,5271,Mu Guiying Takes Command,2012,"","",10/100,0,0,1,0,1,,,,,,Unmatched,
4953,5272,Nordic Road Trip 2018,2018,"","",10/100,0,0,1,0,1,,,,,,Unmatched,
4954,5273,LEGO Dimensions Gameplay,2017,"","",10/100,0,0,1,0,1,,,,,,Unmatched,
4955,5274,Learning with Vehicles,2015,"","",10/100,0,0,1,0,1,,,,,,Unmatched,
4956,5275,Celebrity Snackdown,2017,"","",10/100,0,0,1,0,1,,,,,,Unmatched,
4957,5276,Eat Yourself Sexy,2009,"","",10/100,0,0,1,0,1,,tt1763482,5.5,20,tvSeries,Exact (title + year),
4958,5277,Second War Diary - The War Day by Day,2014,"","",10/100,0,0,1,0,1,,,,,,Unmatched,
4959,5278,Warning Men Thinking,2015,"","",10/100,0,0,1,0,1,,,,,,Unmatched,
4960,5279,Space Adventure Legend Quest,2013,"","",10/100,0,0,1,0,1,,,,,,Unmatched,
4961,5280,This Is My City,2013,"","",10/100,0,0,1,0,1,,,,,,Unmatched,
4962,5281,Eyewitness Weather Disasters,2012,"","",10/100,0,0,1,0,1,,,,,,Unmatched,
4963,5282,Health Issues: Alzheimer's,2010,"","",10/100,0,0,1,0,1,,,,,,Unmatched,
4964,5283,Kids Try,2016,"","",10/100,0,0,1,0,1,,,,,,Unmatched,
4965,5284,The Hunting Public,2017,"","",10/100,0,0,1,0,1,,tt12987412,8,15,tvSeries,Exact (title + year),
4966,5285,Dream Town,2015,"","",10/100,0,0,1,0,1,,tt3163276,8,11,movie,"Fuzzy (title exact, year +-1) [non-TV type]",
4967,5286,From the Test Kitchen,2017,"","",10/100,0,0,1,0,1,,,,,,Unmatched,
4968,5287,Killing The Fat Man,2017,"","",10/100,0,0,1,0,1,,,,,,Unmatched,
4969,5288,Game Bang,2013,"","",10/100,0,0,1,0,1,,tt2660690,7.2,177,tvSeries,"Fuzzy (title exact, year +-1)",
4970,5289,Invisivle TOKYO,2016,"","",10/100,0,0,1,0,1,,,,,,Unmatched,
4971,5290,PINKFONG!,2017,"","",10/100,0,0,1,0,1,,,,,,Unmatched,
4972,5291,Pinkfong! Body Songs,2017,"","",10/100,0,0,1,0,1,,,,,,Unmatched,
4973,5292,Dr. Qin,2018,"","",10/100,0,0,1,0,1,,,,,,Unmatched,
4974,5293,Sirenetta & the Second Star,2017,"","",10/100,0,0,1,0,1,,tt7338878,4.8,16,tvMiniSeries,Exact (title + year),
4975,5294,Dibo the Gift Dragon,2012,"","",10/100,0,0,1,0,1,,,,,,Unmatched,
4976,5295,Everyday Elevated With Sharone Hakman,2017,"","",10/100,0,0,1,0,1,,,,,,Unmatched,
4977,5296,Wide World of Kids,2013,"","",10/100,0,0,1,0,1,,,,,,Unmatched,
4978,5297,Tom the Tow Truck,2016,"","",10/100,0,0,1,0,1,,tt5911560,7.4,53,tvSeries,Exact (title + year),
4979,5298,Yoga Class for Beginners with Irini Res,2017,"","",10/100,0,0,1,0,1,,,,,,Unmatched,
4980,5299,Trains,2016,"","",10/100,0,0,1,0,1,,,,,,Unmatched,
4981,5300,Finding the Future,2017,"","",10/100,0,0,1,0,1,,,,,,Unmatched,
4982,5301,Puppy Prep,2018,"","",10/100,0,0,1,0,1,,,,,,Unmatched,
4983,5302,Video Wallpaper,2017,"","",10/100,0,0,1,0,1,,,,,,Unmatched,
4984,5303,Five Minute Fairy Tales,2017,"","",10/100,0,0,1,0,1,,,,,,Unmatched,
4985,5304,Gamer Next Door,2015,"","",10/100,0,0,1,0,1,,,,,,Unmatched,
4986,5305,Crazy TV Pranks. Funny Surprises,2013,"","",10/100,0,0,1,0,1,,,,,,Unmatched,
4987,5306,Haus of Schreck,2018,"","",10/100,0,0,1,0,1,,,,,,Unmatched,
4988,5307,The Kingdom and End Times,2016,"","",10/100,0,0,1,0,1,,,,,,Unmatched,
4989,5308,Dombey and Son,1983,"","",10/100,0,0,1,0,1,,,,,,Unmatched,
4990,5309,Drunken Movie Geeks,2017,"","",10/100,0,0,1,0,1,,,,,,Unmatched,
4991,5310,The GCN Show,2016,"","",10/100,0,0,1,0,1,,,,,,Unmatched,
4992,5311,Gloriavale,2014,"","",10/100,0,0,1,0,1,,,,,,Unmatched,
4993,5312,The Laura Show,2017,"","",10/100,0,0,1,0,1,,,,,,Unmatched,
4994,5313,Fonko: Contemporary Africa Through Its Urban Music,2017,"","",10/100,0,0,1,0,1,,,,,,Unmatched,
4995,5314,Cream,2017,"","",10/100,0,0,1,0,1,,tt6601152,6.1,39,short,Exact (title + year) [non-TV type],
4996,5315,Tanks!,2005,"","",10/100,0,0,1,0,1,,,,,,Unmatched,
4997,5316,Missy Mila Twisted Tales,2015,"","",10/100,0,0,1,0,1,,,,,,Unmatched,
4998,5317,The Big Flip,2009,"","",10/100,0,0,1,0,1,,,,,,Unmatched,
4999,5318,Reelin' in the Keys,2017,"","",10/100,0,0,1,0,1,,,,,,Unmatched,
5000,5319,Pinkfong! Baby Shark Special,2017,"","",10/100,0,0,1,0,1,,,,,,Unmatched,
5001,5320,Model Diaries,2017,"","",10/100,0,0,1,0,1,,tt7634698,7.6,15,tvSeries,Exact (title + year),
5002,5321,Dyches Fam 2016,2016,"","",10/100,0,0,1,0,1,,,,,,Unmatched,
5003,5322,Open Space,2011,"","",10/100,0,0,1,0,1,,,,,,Unmatched,
5004,5323,Strange Curiosity,2016,"","",10/100,0,0,1,0,1,,,,,,Unmatched,
5005,5324,Deep Rest: Guided Meditations with Christine Wushke,2017,"","",10/100,0,0,1,0,1,,,,,,Unmatched,
5006,5325,Tales of Morrissa,2017,"","",10/100,0,0,1,0,1,,tt6862736,6,23,tvSeries,Exact (title + year),
5007,5326,The Golden Age of Toy Trains,2012,"","",10/100,0,0,1,0,1,,,,,,Unmatched,
5008,5327,Meditations on Love,2017,"","",10/100,0,0,1,0,1,,,,,,Unmatched,
5009,5328,The Rise of Mankind,2018,"","",10/100,0,0,1,0,1,,,,,,Unmatched,
5010,5329,Little Big Awesome,2016,"","",10/100,0,0,1,0,1,,tt5615874,7.1,146,tvSeries,Exact (title + year),
5011,5330,Men with Sword 2,2016,"","",10/100,0,0,1,0,1,,,,,,Unmatched,
5012,5331,Best of Ellen's Scares,2012,"","",10/100,0,0,1,0,1,,,,,,Unmatched,
5013,5332,Drawing PS4 Spider-Man,2018,"","",10/100,0,0,1,0,1,,,,,,Unmatched,
5014,5333,Tales of The Wild West,2017,"","",10/100,0,0,1,0,1,,tt9218334,6.7,21,tvSeries,Exact (title + year),
5015,5334,Jump Start Your Photography,2011,"","",10/100,0,0,1,0,1,,,,,,Unmatched,
5016,5335,Laver Cup 2018,2018,"","",10/100,0,0,1,0,1,,,,,,Unmatched,
5017,5336,My Sister-in-Law,2015,"","",10/100,0,0,1,0,1,,,,,,Unmatched,
5018,5337,Take On The World Conference 2017,2017,"","",10/100,0,0,1,0,1,,,,,,Unmatched,
5019,5338,Dropping the Soap,2017,"","",10/100,0,0,1,0,1,,tt3752910,5.8,208,tvSeries,Exact (title + year),
5020,5339,Onyx Kids,2016,"","",10/100,0,0,1,0,1,,,,,,Unmatched,
5021,5340,Chickenwatch,2018,"","",10/100,0,0,1,0,1,,,,,,Unmatched,
5022,5341,Minecraft Survival with Brick Show Brian!,2016,"","",10/100,0,0,1,0,1,,,,,,Unmatched,
5023,5342,Jelly Jam,2011,"","",10/100,0,0,1,0,1,,,,,,Unmatched,
5024,5343,Tanlines,2011,"","",10/100,0,0,1,0,1,,,,,,Unmatched,
5025,5344,Looi,2014,"","",10/100,0,0,1,0,1,,,,,,Unmatched,
5026,5345,Reading Egg's The Eggsperts,2014,"","",10/100,0,0,1,0,1,,,,,,Unmatched,
5027,5346,Lots & Lots of Fire Trucks,2010,"","",10/100,0,0,1,0,1,,tt7821922,9.1,13,tvSeries,Exact (title + year),
5028,5347,Hop Up TV,2016,"","",10/100,0,0,1,0,1,,,,,,Unmatched,
5029,5348,The GiggleBellies - Monster Truck Learning,2017,"","",10/100,0,0,1,0,1,,,,,,Unmatched,
5030,5349,The Contract Terms,2011,"","",10/100,0,0,1,0,1,,,,,,Unmatched,
5031,5350,Designing Ireland,2015,"","",10/100,0,0,1,0,1,,,,,,Unmatched,
5032,5351,Red Dust,2013,"","",10/100,0,0,1,0,1,,tt10326954,7,11,tvSeries,Exact (title + year),
5033,5352,Great Indian Wars,2009,"","",10/100,0,0,1,0,1,,,,,,Unmatched,
5034,5353,Can I Catch It,2018,"","",10/100,0,0,1,0,1,,,,,,Unmatched,
5035,5354,Blue City,2015,"","",10/100,0,0,1,0,1,,,,,,Unmatched,
5036,5355,Kintoons,2018,"","",10/100,0,0,1,0,1,,,,,,Unmatched,
5037,5356,Wedding Season,2017,"","",10/100,0,0,1,0,1,,,,,,Unmatched,
5038,5357,The Fall and Rise of Britain's Railways,2008,"","",10/100,0,0,1,0,1,,,,,,Unmatched,
5039,5358,Flood,2008,"","",10/100,0,0,1,0,1,,tt2498272,5.5,7,movie,Exact (title + year) [non-TV type],
5040,5359,Our American Family,2012,"","",10/100,0,0,1,0,1,,,,,,Unmatched,
5041,5360,Back to Back Chef,2017,"","",10/100,0,0,1,0,1,,,,,,Unmatched,
5042,5361,True War Stories,2015,"","",10/100,0,0,1,0,1,,,,,,Unmatched,
5043,5362,Top 30 Wonderful Rhymes,2013,"","",10/100,0,0,1,0,1,,,,,,Unmatched,
5044,5363,Inside Hitler's Killing Machine,2016,"","",10/100,0,0,1,0,1,,tt13780968,7.2,65,tvMiniSeries,Exact (title + year),
5045,5364,Dowry,2015,"","",10/100,0,0,1,0,1,,,,,,Unmatched,
5046,5365,Tales To Get Scared To,2016,"","",10/100,0,0,1,0,1,,tt12844648,5,14,tvSeries,Exact (title + year),
5047,5366,Review: Mega Construx Dinotrux Reviews,2017,"","",10/100,0,0,1,0,1,,,,,,Unmatched,
5048,5367,What's Up In Space: The Solar System For Kids Series,2010,"","",10/100,0,0,1,0,1,,,,,,Unmatched,
5049,5368,Nursery Rhymes Time,2017,"","",10/100,0,0,1,0,1,,,,,,Unmatched,
5050,5369,Home to Flip,2009,"","",10/100,0,0,1,0,1,,,,,,Unmatched,
5051,5370,Nature Adventures with Terri and Todd,2018,"","",10/100,0,0,1,0,1,,,,,,Unmatched,
5052,5371,Breakfast with Bevan,2013,"","",10/100,0,0,1,0,1,,,,,,Unmatched,
5053,5372,"Gas, Grub, and Ghosts",2017,"","",10/100,0,0,1,0,1,,,,,,Unmatched,
5054,5373,Extreme Constructions,2017,"","",10/100,0,0,1,0,1,,,,,,Unmatched,
5055,5374,Nature's Treasure Islands,2014,"","",10/100,0,0,1,0,1,,,,,,Unmatched,
5056,5375,Lego Set Builds Chima - Artifex,2017,"","",10/100,0,0,1,0,1,,,,,,Unmatched,
5057,5376,Loki,2021,16+,8.5/10,95/100,0,0,0,1,1,8.5,tt9140554,8.2,479006,tvSeries,Exact (title + year),-0.300000000000001
5058,5377,The Mandalorian,2019,16+,8.8/10,94/100,0,0,0,1,1,8.8,tt8111088,8.6,662231,tvSeries,Exact (title + year),-0.200000000000001
5059,5379,WandaVision,2021,16+,8.0/10,89/100,0,0,0,1,1,8,tt9140560,7.9,420466,tvMiniSeries,Exact (title + year),-0.0999999999999996
5060,5381,The Falcon and the Winter Soldier,2021,16+,7.4/10,86/100,0,0,0,1,1,7.4,tt9208876,7.1,283596,tvMiniSeries,Exact (title + year),-0.300000000000001
5061,5382,Star Wars: The Clone Wars,2008,7+,8.3/10,85/100,0,0,0,1,1,8.3,tt0458290,8.5,147095,tvSeries,Exact (title + year),0.199999999999999
5062,5383,Once Upon a Time,2011,7+,7.7/10,83/100,0,0,0,1,1,7.7,tt1843230,7.6,248835,tvSeries,Exact (title + year),-0.100000000000001
5063,5384,Marvel's Agent Carter,2015,7+,7.9/10,82/100,0,0,0,1,1,7.9,tt3475734,7.8,95650,tvSeries,"Fuzzy (prefix stripped, exact year)",-0.100000000000001
5064,5385,The Bad Batch,2021,7+,8.2/10,82/100,1,0,0,1,1,8.2,,,,,Unmatched,
5065,5387,Star Wars Rebels,2014,7+,8.0/10,79/100,0,0,0,1,1,8,tt2930604,8.1,70871,tvSeries,Exact (title + original-language year),0.0999999999999996
5066,5388,The Owl House,2020,7+,8.1/10,78/100,0,0,0,1,1,8.1,tt8050756,8.6,26286,tvSeries,Exact (title + year),0.5
5067,5390,The Muppet Show,1976,all,8.4/10,78/100,0,0,0,1,1,8.4,tt0074028,8.4,27940,tvSeries,Exact (title + year),0
5068,5391,The Mysterious Benedict Society,2021,7+,7.7/10,76/100,0,0,0,1,1,7.7,tt11875316,7.6,6396,tvSeries,Exact (title + year),-0.100000000000001
5069,5393,Monsters at Work,2021,all,7.2/10,75/100,0,0,0,1,1,7.2,tt8610082,7,11016,tvSeries,Exact (title + year),-0.2
5070,5394,One Strange Rock,2018,all,8.8/10,74/100,0,0,0,1,1,8.8,tt7651892,8.7,8668,tvMiniSeries,Exact (title + year),-0.100000000000001
5071,5395,High School Musical: The Musical: The Series,2019,7+,7.3/10,73/100,0,0,0,1,1,7.3,tt8510382,7.1,9804,tvSeries,Exact (title + year),-0.2
5072,5396,Dinosaurs,1991,7+,7.4/10,73/100,0,0,0,1,1,7.4,tt0101081,7.5,24125,tvSeries,Exact (title + year),0.0999999999999996
5073,5397,Boy Meets World,1993,all,8.0/10,72/100,0,0,0,1,1,8,tt0105958,8.1,50208,tvSeries,Exact (title + year),0.0999999999999996
5074,5398,Big Shot,2021,7+,7.5/10,71/100,0,0,0,1,1,7.5,tt11238096,7.4,6056,tvSeries,Exact (title + year),-0.0999999999999996
5075,5399,Disney Gallery / Star Wars: The Mandalorian,2020,7+,8.4/10,71/100,0,0,0,1,1,8.4,,,,,Unmatched,
5076,5400,Phineas and Ferb,2007,all,8.0/10,71/100,0,0,0,1,1,8,tt0852863,8.1,68794,tvSeries,Exact (title + year),0.0999999999999996
5077,5401,Bluey,2018,all,9.6/10,71/100,0,0,0,1,1,9.6,tt7678620,9.3,48648,tvSeries,Exact (title + year),-0.299999999999999
5078,5402,Spider-Man,1994,all,8.4/10,70/100,0,0,0,1,1,8.4,tt0112175,8.4,39689,tvSeries,Exact (title + original-language year),0
5079,5403,The Imagineering Story,2019,7+,9.0/10,69/100,0,0,0,1,1,9,tt9331982,8.9,3719,tvMiniSeries,Exact (title + year),-0.0999999999999996
5080,5404,DuckTales,1987,7+,8.1/10,69/100,0,0,0,1,1,8.1,tt0092345,8,38012,tvSeries,Exact (title + year),-0.0999999999999996
5081,5406,Wizards of Waverly Place,2007,all,6.9/10,68/100,0,0,0,1,1,6.9,tt0799922,7,42636,tvSeries,Exact (title + year),0.0999999999999996
5082,5407,Star Wars: Clone Wars,2003,7+,7.8/10,68/100,0,0,0,1,1,7.8,tt0361243,7.9,32915,tvSeries,Exact (title + year),0.100000000000001
5083,5408,Wolverine and the X-Men,2009,7+,8.0/10,68/100,0,0,0,1,1,8,tt0772145,8,13032,tvSeries,"Fuzzy (title exact, year +-1)",0
5084,5410,Marvel Studios: Assembled,2021,7+,8.1/10,66/100,0,0,0,1,1,8.1,tt14094206,7.8,3319,tvSeries,Exact (title + year),-0.3
5085,5411,Kim Possible,2002,all,7.2/10,66/100,0,0,0,1,1,7.2,tt0278866,7.3,36454,tvSeries,Exact (title + year),0.0999999999999996
5086,5412,Once Upon a Time in Wonderland,2013,7+,7.0/10,66/100,0,0,0,1,1,7,tt2802008,6.9,13629,tvSeries,Exact (title + year),-0.0999999999999996
5087,5414,Marvel Studios: Legends,2021,16+,6.5/10,66/100,0,0,0,1,1,6.5,tt13650480,6.5,5612,tvSeries,Exact (title + year),0
5088,5415,Girl Meets World,2014,all,7.1/10,65/100,0,0,0,1,1,7.1,tt2543796,7,18140,tvSeries,Exact (title + year),-0.0999999999999996
5089,5416,The Avengers: Earth's Mightiest Heroes,2010,7+,8.3/10,65/100,0,0,0,1,1,8.3,tt1626038,8.3,18258,tvSeries,Exact (title + year),0
5090,5417,The World According to Jeff Goldblum,2019,7+,7.8/10,65/100,0,0,0,1,1,7.8,tt10196390,7.6,3153,tvSeries,Exact (title + year),-0.2
5091,5418,Marvel's Ultimate Spider-Man,2012,7+,7.2/10,65/100,0,0,0,1,1,7.2,tt1722512,7.2,16865,tvSeries,"Fuzzy (prefix stripped, exact year)",0
5092,5420,Amphibia,2019,7+,8.1/10,65/100,0,0,0,1,1,8.1,tt8050740,8.3,12032,tvSeries,Exact (title + year),0.200000000000001
5093,5421,Gargoyles,1994,7+,8.1/10,64/100,0,0,0,1,1,8.1,tt0108783,8,20334,tvSeries,Exact (title + year),-0.0999999999999996
5094,5422,The Suite Life of Zack & Cody,2005,all,6.5/10,64/100,0,0,0,1,1,6.5,tt0426371,6.7,43315,tvSeries,Exact (title + year),0.2
5095,5423,Darkwing Duck,1991,7+,7.6/10,64/100,0,0,0,1,1,7.6,tt0101076,7.6,19194,tvSeries,Exact (title + year),0
5096,5424,The Right Stuff,2020,16+,6.8/10,64/100,0,0,0,1,1,6.8,tt7423322,6.8,4487,tvSeries,Exact (title + year),0
5097,5425,The Muppets,2015,7+,7.4/10,64/100,1,0,0,1,1,7.4,,,,,Unmatched,
5098,5426,TRON: Uprising,2012,7+,8.2/10,64/100,0,0,0,1,1,8.2,tt1812523,8.1,10310,tvSeries,Exact (title + year),-0.0999999999999996
5099,5427,The Mighty Ducks: Game Changers,2021,7+,7.5/10,63/100,0,0,0,1,1,7.5,tt7939768,7.2,6260,tvSeries,Exact (title + year),-0.3
5100,5428,Marvel's Avengers Assemble,2013,7+,7.0/10,63/100,0,0,0,1,1,7,,,,,Unmatched,
5101,5429,Recess,1997,7+,7.8/10,63/100,0,0,0,1,1,7.8,tt0126170,7.8,30760,tvSeries,Exact (title + year),0
5102,5430,Chip 'n' Dale Rescue Rangers,1989,all,7.6/10,63/100,0,0,0,1,1,7.6,tt0096557,7.6,23423,tvSeries,Exact (title + year),0
5103,5431,Doug,1991,7+,7.4/10,63/100,0,0,0,1,1,7.4,tt0101084,7.4,21352,tvSeries,Exact (title + year),0
5104,5432,I am Luna,2016,"",6.8/10,62/100,0,0,0,1,1,6.8,,,,,Unmatched,
5105,5434,Lizzie McGuire,2001,all,6.6/10,62/100,0,0,0,1,1,6.6,tt0273366,6.6,21769,tvSeries,Exact (title + year),0
5106,5435,Cosmos: Possible Worlds,2020,7+,9.2/10,62/100,0,0,0,1,1,9.2,tt11170862,9,8692,tvMiniSeries,Exact (title + year),-0.199999999999999
5107,5436,The Suite Life on Deck,2008,all,6.4/10,62/100,0,0,0,1,1,6.4,tt1181917,6.4,24182,tvSeries,Exact (title + year),0
5108,5437,Hannah Montana,2006,all,5.2/10,61/100,0,0,0,1,1,5.2,tt0493093,5.5,47884,tvSeries,Exact (title + year),0.3
5109,5438,Jessie,2011,all,6.0/10,61/100,0,0,0,1,1,6,tt1865769,6.2,22340,tvSeries,Exact (title + year),0.2
5110,5439,Marvel's Inhumans,2017,7+,5.0/10,61/100,0,0,0,1,1,5,tt4154858,4.9,31371,tvSeries,"Fuzzy (prefix stripped, exact year)",-0.0999999999999996
5111,5440,Gordon Ramsay: Uncharted,2019,16+,7.8/10,61/100,0,0,0,1,1,7.8,tt9165706,7.7,2133,tvSeries,Exact (title + year),-0.0999999999999996
5112,5441,Disney's Adventures of the Gummi Bears,1985,all,7.5/10,61/100,0,0,0,1,1,7.5,,,,,Unmatched,
5113,5442,Star Wars Resistance,2018,7+,5.0/10,60/100,0,0,0,1,1,5,tt8336340,5.3,9385,tvSeries,Exact (title + original-language year),0.3
5114,5443,That's So Raven,2003,all,6.6/10,60/100,0,0,0,1,1,6.6,tt0300865,6.7,23330,tvSeries,Exact (title + year),0.100000000000001
5115,5444,Turner & Hooch,2021,7+,6.0/10,60/100,0,0,0,1,1,6,tt11547014,6.6,4406,tvSeries,Exact (title + year),0.6
5116,5445,TaleSpin,1990,all,7.6/10,60/100,0,0,0,1,1,7.6,tt0098924,7.5,17213,tvSeries,Exact (title + year),-0.0999999999999996
5117,5447,Mickey Mouse Clubhouse,2006,all,5.7/10,60/100,0,0,0,1,1,5.7,tt0784896,5.9,6681,tvSeries,Exact (title + year),0.2
5118,5448,Even Stevens,2000,all,7.6/10,60/100,0,0,0,1,1,7.6,tt0206511,7.6,16070,tvSeries,Exact (title + year),0
5119,5450,Andi Mack,2017,all,7.2/10,60/100,0,0,0,1,1,7.2,tt5195114,7.3,2849,tvSeries,Exact (title + year),0.0999999999999996
5120,5451,Behind the Attraction,2021,7+,7.6/10,59/100,0,0,0,1,1,7.6,tt11069436,7.7,1483,tvSeries,Exact (title + year),0.100000000000001
5121,5452,Secrets of Sulphur Springs,2021,7+,7.7/10,59/100,0,0,0,1,1,7.7,tt10329642,7.6,4683,tvSeries,Exact (title + year),-0.100000000000001
5122,5453,Liv and Maddie,2013,all,6.4/10,59/100,0,0,0,1,1,6.4,tt2794380,6.4,12068,tvSeries,Exact (title + year),0
5123,5454,Milo Murphy's Law,2016,all,7.6/10,59/100,0,0,0,1,1,7.6,tt5439480,7.5,4366,tvSeries,Exact (title + year),-0.0999999999999996
5124,5456,Lab Rats,2012,7+,6.6/10,59/100,0,0,0,1,1,6.6,tt1991564,6.8,8794,tvSeries,Exact (title + year),0.2
5125,5457,Lilo & Stitch: The Series,2003,all,6.8/10,59/100,0,0,0,1,1,6.8,tt0364774,6.8,13353,tvSeries,Exact (title + year),0
5126,5458,So Weird,1999,7+,8.5/10,59/100,0,0,0,1,1,8.5,tt0169247,8.3,3605,tvSeries,Exact (title + year),-0.199999999999999
5127,5459,Austin & Ally,2011,all,6.0/10,59/100,0,0,0,1,1,6,tt1830491,6.1,15119,tvSeries,Exact (title + year),0.0999999999999996
5128,5460,The New Adventures of Winnie the Pooh,1988,all,7.7/10,59/100,0,0,0,1,1,7.7,tt0165052,7.6,5580,tvSeries,Exact (title + year),-0.100000000000001
5129,5461,Raven's Home,2017,all,7.3/10,59/100,0,0,0,1,1,7.3,tt6311972,7.1,4316,tvSeries,Exact (title + year),-0.2
5130,5463,Kickin' It,2011,all,6.5/10,58/100,0,0,0,1,1,6.5,tt1765622,6.6,7858,tvSeries,Exact (title + year),0.0999999999999996
5131,5464,Brain Games,2011,7+,8.3/10,58/100,0,0,0,1,1,8.3,tt2078690,8.2,3752,tvSeries,Exact (title + year),-0.100000000000001
5132,5465,Schoolhouse Rock,1973,7+,8.1/10,58/100,0,0,0,1,1,8.1,,,,,Unmatched,
5133,5466,Dog Whisperer,2004,all,8.0/10,58/100,0,0,0,1,1,8,,,,,Unmatched,
5134,5467,The Proud Family,2001,all,6.4/10,58/100,0,0,0,1,1,6.4,tt0293737,6.6,9073,tvSeries,Exact (title + year),0.199999999999999
5135,5468,Sonny with a Chance,2009,all,6.1/10,58/100,0,0,0,1,1,6.1,tt1252374,6,13997,tvSeries,Exact (title + year),-0.0999999999999996
5136,5469,Violetta,2012,all,5.3/10,58/100,0,0,0,1,1,5.3,tt2171665,5.6,3432,tvSeries,Exact (title + year),0.3
5137,5470,The Lion King's Timon & Pumbaa,1995,all,7.1/10,58/100,0,0,0,1,1,7.1,,,,,Unmatched,
5138,5471,Phil of the Future,2004,7+,7.0/10,57/100,0,0,0,1,1,7,tt0340281,6.9,8463,tvSeries,Exact (title + year),-0.0999999999999996
5139,5472,Little Einsteins,2005,all,6.3/10,57/100,0,0,0,1,1,6.3,tt0756522,6.4,3178,tvSeries,Exact (title + year),0.100000000000001
5140,5473,Shake It Up,2010,all,4.9/10,57/100,0,0,0,1,1,4.9,tt1661326,5.1,15982,tvSeries,Exact (title + year),0.199999999999999
5141,5474,Hercules,1998,all,6.6/10,57/100,0,0,0,1,1,6.6,tt0138967,6.6,11955,tvSeries,Exact (title + year),0
5142,5475,Rapunzel's Tangled Adventure,2017,all,7.7/10,56/100,0,0,0,1,1,7.7,tt4902964,7.7,4400,tvSeries,Exact (title + year),0
5143,5476,Marvel's Guardians of the Galaxy,2015,7+,7.3/10,56/100,0,0,0,1,1,7.3,,,,,Unmatched,
5144,5477,Smart Guy,1997,all,7.4/10,56/100,0,0,0,1,1,7.4,tt0118466,7.4,5969,tvSeries,Exact (title + year),0
5145,5478,American Dragon: Jake Long,2005,all,6.6/10,56/100,0,0,0,1,1,6.6,tt0429305,6.6,15372,tvSeries,Exact (title + year),0
5146,5479,Encore!,2019,7+,7.7/10,56/100,0,0,0,1,1,7.7,tt7759016,7.6,726,tvSeries,Exact (title + year),-0.100000000000001
5147,5480,Mickey Mouse,2013,all,8.1/10,56/100,0,0,0,1,1,8.1,tt2768802,8.1,4551,tvSeries,Exact (title + year),0
5148,5481,Marvel's Spider-Man,2017,7+,6.1/10,56/100,0,0,0,1,1,6.1,tt19371346,7.5,24,tvMiniSeries,Exact (title + year),1.4
5149,5482,Diary of a Future President,2020,7+,6.0/10,56/100,0,0,0,1,1,6,tt9695266,6.7,1573,tvSeries,Exact (title + year),0.7
5150,5483,Spider-Man and His Amazing Friends,1981,7+,7.2/10,56/100,0,0,0,1,1,7.2,tt0083481,7.1,4669,tvSeries,Exact (title + year),-0.100000000000001
5151,5484,Goof Troop,1992,all,6.8/10,55/100,0,0,0,1,1,6.8,tt0103428,6.8,10069,tvSeries,Exact (title + year),0
5152,5485,Spider-Man Unlimited,1999,7+,6.4/10,55/100,0,0,0,1,1,6.4,tt0207120,6.3,4791,tvSeries,Exact (title + year),-0.100000000000001
5153,5486,The Little Mermaid,1992,all,6.8/10,55/100,0,0,0,1,1,6.8,tt0103477,6.8,7001,tvSeries,Exact (title + year),0
5154,5488,Big City Greens,2018,7+,7.2/10,55/100,0,0,0,1,1,7.2,tt7165904,7.6,4730,tvSeries,Exact (title + year),0.399999999999999
5155,5489,Zenimation,2020,all,7.4/10,55/100,0,0,0,1,1,7.4,tt12372034,7.4,571,tvSeries,Exact (title + year),0
5156,5490,Wicked Tuna,2012,16+,6.6/10,55/100,0,0,0,1,1,6.6,tt2191567,6.6,1193,tvSeries,Exact (title + year),0
5157,5492,Big Hero 6 The Series,2017,7+,7.1/10,54/100,0,0,0,1,1,7.1,,,,,Unmatched,
5158,5493,Inside Pixar,2020,all,7.3/10,54/100,0,0,0,1,1,7.3,tt13302848,7.3,882,tvSeries,Exact (title + year),0
5159,5494,Iron Man: Armored Adventures,2009,7+,6.5/10,54/100,0,0,0,1,1,6.5,tt0837143,6.5,4812,tvSeries,"Fuzzy (title exact, year +-1)",0
5160,5495,Pair of Kings,2010,7+,5.8/10,54/100,0,0,0,1,1,5.8,tt1571313,5.9,5315,tvSeries,Exact (title + year),0.100000000000001
5161,5496,Mighty Med,2013,7+,6.6/10,54/100,0,0,0,1,1,6.6,tt2573338,6.6,3002,tvSeries,Exact (title + year),0
5162,5497,Special Agent Oso,2009,all,5.2/10,54/100,0,0,0,1,1,5.2,tt1124354,5.4,1043,tvSeries,Exact (title + year),0.2
5163,5498,Imagination Movers,2008,all,7.1/10,54/100,0,0,0,1,1,7.1,tt1101237,7.2,1005,tvSeries,"Fuzzy (title exact, year +-1)",0.100000000000001
5164,5500,Secrets of the Whales,2021,7+,8.6/10,54/100,0,0,0,1,1,8.6,tt12824750,8.4,1274,tvMiniSeries,Exact (title + year),-0.199999999999999
5165,5501,Stuck in the Middle,2016,all,6.1/10,53/100,0,0,0,1,1,6.1,tt4488724,6.4,4222,tvSeries,Exact (title + year),0.300000000000001
5166,5503,Jonas,2009,"",4.7/10,53/100,0,0,0,1,1,4.7,tt1044418,4.8,6862,tvSeries,Exact (title + year),0.0999999999999996
5167,5504,MECH-X4,2016,all,6.4/10,53/100,0,0,0,1,1,6.4,tt5568740,6.4,782,tvSeries,Exact (title + year),0
5168,5505,The Wonderful World of Mickey Mouse,2020,all,7.8/10,53/100,0,0,0,1,1,7.8,tt13089270,7.9,1850,tvSeries,Exact (title + year),0.100000000000001
5169,5507,The Emperor's New School,2006,all,6.6/10,53/100,0,0,0,1,1,6.6,tt0465327,6.6,7460,tvSeries,Exact (title + year),0
5170,5508,Hostile Planet,2019,7+,8.3/10,53/100,0,0,0,1,1,8.3,tt8390274,8.2,1100,tvMiniSeries,Exact (title + year),-0.100000000000001
5171,5509,Puppy Dog Pals,2017,all,7.0/10,53/100,0,0,0,1,1,7,tt6688750,6.7,1573,tvSeries,Exact (title + year),-0.3
5172,5511,Fantastic Four,1994,7+,6.5/10,52/100,0,0,0,1,1,6.5,tt0187635,6.4,4522,tvSeries,Exact (title + original-language year),-0.0999999999999996
5173,5512,I Didn't Do It,2014,all,6.0/10,52/100,0,0,0,1,1,6,tt2996052,6,3083,tvSeries,Exact (title + year),0
5174,5514,The Lion Guard,2016,all,6.4/10,52/100,0,0,0,1,1,6.4,tt3793630,6.4,3583,tvSeries,"Fuzzy (title exact, year +-1)",0
5175,5515,Pixar Popcorn,2021,7+,6.6/10,52/100,0,0,0,1,1,6.6,tt13634444,6.5,2707,tvMiniSeries,Exact (title + year),-0.0999999999999996
5176,5516,Lab Rats: Elite Force,2016,7+,6.5/10,52/100,0,0,0,1,1,6.5,tt5118450,6.3,2342,tvSeries,Exact (title + year),-0.2
5177,5517,A.N.T. Farm,2011,all,5.1/10,52/100,0,0,0,1,1,5.1,tt1772752,5.3,8952,tvSeries,Exact (title + year),0.2
5178,5518,Silver Surfer,1998,7+,7.1/10,52/100,0,0,0,1,1,7.1,tt0203268,7.1,3396,tvSeries,Exact (title + year),0
5179,5519,Muppets Now,2020,7+,6.0/10,52/100,0,0,0,1,1,6,tt10857210,5.9,1553,tvSeries,Exact (title + year),-0.0999999999999996
5180,5520,Car S.O.S.,2013,"",8.1/10,52/100,0,0,0,1,1,8.1,tt3110590,8.1,1106,tvSeries,Exact (title + year),0
5181,5521,Sydney to the Max,2019,all,6.3/10,52/100,0,0,0,1,1,6.3,tt8959856,6.5,822,tvSeries,Exact (title + year),0.2
5182,5522,Vampirina,2017,all,6.6/10,52/100,0,0,0,1,1,6.6,tt7010622,6.4,1362,tvSeries,Exact (title + year),-0.199999999999999
5183,5523,Earth to Ned,2020,7+,6.7/10,51/100,0,0,0,1,1,6.7,tt11176048,6.7,470,tvSeries,Exact (title + year),0
5184,5524,Best Friends Whenever,2015,all,5.7/10,51/100,0,0,0,1,1,5.7,tt4507442,6,2366,tvSeries,Exact (title + year),0.3
5185,5525,Into the Unknown: Making Frozen II,2020,7+,8.5/10,51/100,0,0,0,1,1,8.5,,,,,Unmatched,
5186,5526,Elena of Avalor,2016,all,6.4/10,51/100,0,0,0,1,1,6.4,tt4549142,6.5,2566,tvSeries,Exact (title + year),0.0999999999999996
5187,5527,Prop Culture,2020,7+,8.2/10,51/100,0,0,0,1,1,8.2,tt10162496,8,951,tvSeries,Exact (title + year),-0.199999999999999
5188,5528,Fantastic Four: World's Greatest Heroes,2006,7+,6.7/10,51/100,0,0,0,1,1,6.7,tt0830298,6.7,3035,tvSeries,Exact (title + year),0
5189,5529,Jake and the Never Land Pirates,2011,all,5.6/10,51/100,0,0,0,1,1,5.6,tt1833403,5.8,2985,tvSeries,Exact (title + original-language year),0.2
5190,5530,Fish Hooks,2010,all,4.8/10,51/100,0,0,0,1,1,4.8,tt1725902,5.1,4752,tvSeries,Exact (title + year),0.3
5191,5531,Drain the Oceans,2018,7+,7.6/10,51/100,0,0,0,1,1,7.6,tt8676618,7.5,931,tvSeries,Exact (title + year),-0.0999999999999996
5192,5532,The Replacements,2006,7+,5.9/10,51/100,0,0,0,1,1,5.9,tt0816401,5.9,3661,tvSeries,Exact (title + year),0
5193,5533,Port Protection Alaska,2015,16+,8.4/10,51/100,0,0,0,1,1,8.4,,,,,Unmatched,
5194,5534,"Dr. Oakley, Yukon Vet",2014,all,8.3/10,51/100,0,0,0,1,1,8.3,tt3593456,8.5,845,tvSeries,Exact (title + year),0.199999999999999
5195,5535,Ice Road Rescue,2015,"",8.0/10,50/100,0,0,0,1,1,8,tt5270356,7.8,471,tvSeries,Exact (title + year),-0.2
5196,5536,Marvel’s Hulk and the Agents of S.M.A.S.H,2013,7+,6.1/10,50/100,0,0,0,1,1,6.1,,,,,Unmatched,
5197,5537,Super Robot Monkey Team Hyperforce Go!,2004,7+,6.2/10,50/100,0,0,0,1,1,6.2,tt0423746,6.5,2885,tvSeries,Exact (title + year),0.3
5198,5538,Quack Pack,1996,7+,6.8/10,50/100,0,0,0,1,1,6.8,tt0136658,6.7,4729,tvSeries,Exact (title + year),-0.0999999999999996
5199,5539,Descendants: Wicked World,2015,all,6.6/10,50/100,0,0,0,1,1,6.6,tt4951098,6.3,1597,tvSeries,Exact (title + year),-0.3
5200,5540,Muppet Babies,2018,all,6.9/10,50/100,0,0,0,1,1,6.9,tt6337766,6.5,959,tvSeries,Exact (title + year),-0.4
5201,5541,T.O.T.S.,2019,all,6.9/10,50/100,0,0,0,1,1,6.9,tt8266218,6.8,599,tvSeries,Exact (title + year),-0.100000000000001
5202,5542,One Day at Disney,2019,all,7.3/10,50/100,0,0,0,1,1,7.3,tt10854760,7.3,660,tvSeries,Exact (title + year),0
5203,5543,Pixar in Real Life,2019,all,6.6/10,50/100,0,0,0,1,1,6.6,tt11199558,6.4,1027,tvSeries,Exact (title + year),-0.199999999999999
5204,5544,Mighty Ducks: The Animated Series,1996,7+,6.5/10,50/100,0,0,0,1,1,6.5,,,,,Unmatched,
5205,5545,Star Wars: Ewoks,1985,all,6.1/10,49/100,0,0,0,1,1,6.1,tt0088515,5.9,2631,tvSeries,Exact (title + year),-0.199999999999999
5206,5546,101 Dalmatians: The Series,1997,all,6.2/10,49/100,0,0,0,1,1,6.2,tt0144700,6.1,2236,tvSeries,Exact (title + year),-0.100000000000001
5207,5548,"Heartland Docs, DVM",2020,"",9.1/10,49/100,0,0,0,1,1,9.1,tt11783490,8.6,225,tvSeries,Exact (title + year),-0.5
5208,5549,BIA,2019,all,6.7/10,49/100,0,0,0,1,1,6.7,tt9168904,6.4,345,tvSeries,Exact (title + year),-0.3
5209,5550,Marvel's Hero Project,2019,7+,6.1/10,49/100,0,0,0,1,1,6.1,tt10163846,6.7,188,tvSeries,Exact (title + year),0.600000000000001
5210,5551,Iron Man,1994,7+,6.7/10,49/100,0,0,0,1,1,6.7,tt0115218,6.5,4147,tvSeries,Exact (title + year),-0.2
5211,5552,Coop & Cami Ask The World,2018,all,5.9/10,49/100,0,0,0,1,1,5.9,,,,,Unmatched,
5212,5553,Marvel Rising: Initiation,2018,"",5.3/10,49/100,0,0,0,1,1,5.3,tt9073722,5.8,881,tvMiniSeries,Exact (title + year),0.5
5213,5554,My Friends Tigger & Pooh,2007,all,5.7/10,48/100,0,0,0,1,1,5.7,tt0805905,5.5,671,tvSeries,Exact (title + year),-0.2
5214,5555,Secrets of the Zoo,2018,"",8.4/10,48/100,0,0,0,1,1,8.4,tt8879238,8.4,440,tvSeries,Exact (title + year),0
5215,5556,Bizaardvark,2016,all,3.7/10,48/100,0,0,0,1,1,3.7,tt4800624,4.2,3062,tvSeries,Exact (title + year),0.5
5216,5558,The Mickey Mouse Club,1955,all,7.7/10,48/100,0,0,0,1,1,7.7,tt0047757,7.6,947,tvSeries,Exact (title + year),-0.100000000000001
5217,5559,Marvel's 616,2020,"",6.4/10,48/100,0,0,0,1,1,6.4,tt10162586,6.5,757,tvSeries,Exact (title + original-language year),0.0999999999999996
5218,5560,Turning the Tables with Robin Roberts,2021,"","",48/100,0,0,0,1,1,,tt14598810,6.8,104,tvMiniSeries,Exact (title + year),
5219,5561,On Pointe,2020,7+,7.7/10,48/100,0,0,0,1,1,7.7,tt11097576,7.9,474,tvSeries,Exact (title + year),0.2
5220,5562,Race to the Center of the Earth,2021,"",6.0/10,48/100,0,0,0,1,1,6,tt10370752,6.5,249,tvSeries,Exact (title + year),0.5
5221,5563,Out of the Box,1998,all,7.5/10,48/100,0,0,0,1,1,7.5,tt0277514,7.5,1170,tvSeries,Exact (title + year),0
5222,5564,Gabby Duran and the Unsittables,2019,all,5.5/10,48/100,0,0,0,1,1,5.5,,,,,Unmatched,
5223,5565,Dr. Ks Exotic Animal ER,2014,7+,8.1/10,48/100,0,0,0,1,1,8.1,,,,,Unmatched,
5224,5566,Spin and Marty,1955,all,8.1/10,47/100,0,0,0,1,1,8.1,,,,,Unmatched,
5225,5567,Higglytown Heroes,2004,all,5.0/10,47/100,0,0,0,1,1,5,tt0406419,5,789,tvSeries,Exact (title + year),0
5226,5568,Bonkers,1993,all,6.8/10,47/100,0,0,0,1,1,6.8,tt0213334,6.7,1975,tvSeries,Exact (title + year),-0.0999999999999996
5227,5569,Crash & Bernstein,2012,all,5.0/10,47/100,0,0,0,1,1,5,tt2273734,5.2,1047,tvSeries,Exact (title + year),0.2
5228,5571,Lego Star Wars: The Freemaker Adventures,2016,"",7.4/10,47/100,0,0,0,1,1,7.4,tt5459566,7.3,1734,tvSeries,Exact (title + year),-0.100000000000001
5229,5573,Star Wars Vehicle Flythroughs,2021,"",6.3/10,47/100,0,0,0,1,1,6.3,tt14578626,6.2,593,tvSeries,Exact (title + year),-0.0999999999999996
5230,5574,Randy Cunningham: Ninja Total,2012,all,6.7/10,47/100,0,0,0,1,1,6.7,,,,,Unmatched,
5231,5575,Pick of the Litter,2019,7+,8.1/10,47/100,1,1,0,1,1,8.1,tt10855726,8,188,tvMiniSeries,Exact (title + year),-0.0999999999999996
5232,5576,Lost Cities with Albert Lin,2019,"",7.8/10,47/100,0,0,0,1,1,7.8,tt10366494,7.5,858,tvSeries,Exact (title + year),-0.3
5233,5577,Earth Moods,2021,"",8.2/10,47/100,0,0,0,1,1,8.2,tt14260676,7.9,327,tvMiniSeries,Exact (title + year),-0.299999999999999
5234,5578,Mickey and the Roadster Racers,2017,all,6.1/10,47/100,0,0,0,1,1,6.1,tt6264782,6,866,tvSeries,Exact (title + year),-0.0999999999999996
5235,5579,Star Wars: Forces of Destiny,2017,all,5.0/10,47/100,0,0,0,1,1,5,tt6779076,5.4,3115,tvSeries,Exact (title + year),0.4
5236,5580,Magic of Disney's Animal Kingdom,2020,7+,8.3/10,47/100,0,0,0,1,1,8.3,tt10196378,8.2,569,tvSeries,Exact (title + year),-0.100000000000001
5237,5581,Goldie & Bear,2015,all,6.4/10,47/100,0,0,0,1,1,6.4,,,,,Unmatched,
5238,5582,Evermoor,2014,"",6.2/10,46/100,0,0,0,1,1,6.2,tt3602560,6.3,1044,tvSeries,Exact (title + year),0.0999999999999996
5239,5583,Europe From Above,2019,"",8.1/10,46/100,0,0,0,1,1,8.1,tt11003514,8.1,918,tvSeries,Exact (title + year),0
5240,5584,Dog: Impossible,2019,"",8.2/10,46/100,0,0,0,1,1,8.2,tt10981266,7.5,176,tvSeries,Exact (title + year),-0.699999999999999
5241,5585,Marvel's Ant-Man,2017,"",6.6/10,46/100,0,0,0,1,1,6.6,tt7249258,6.3,837,tvMiniSeries,"Fuzzy (prefix stripped, exact year)",-0.3
5242,5586,Adventures in Wonderland,1992,7+,8.0/10,46/100,0,0,0,1,1,8,tt0088473,7.8,996,tvSeries,Exact (title + year),-0.2
5243,5587,The Super Hero Squad Show,2009,7+,6.1/10,46/100,0,0,0,1,1,6.1,tt1388589,6.2,2358,tvSeries,Exact (title + year),0.100000000000001
5244,5588,Critter Fixers: Country Vets,2020,16+,9.0/10,46/100,0,0,0,1,1,9,tt11929804,8.7,435,tvSeries,Exact (title + year),-0.300000000000001
5245,5589,Great Migrations,2010,all,8.1/10,46/100,0,0,0,1,1,8.1,tt1769803,8,940,tvMiniSeries,Exact (title + year),-0.0999999999999996
5246,5590,Origins: The Journey of Humankind,2017,"",6.8/10,46/100,0,0,0,1,1,6.8,tt6091694,6.7,743,tvSeries,Exact (title + year),-0.0999999999999996
5247,5591,The Lodge,2016,"",6.2/10,46/100,0,1,0,1,1,6.2,tt6176812,6.2,851,tvSeries,Exact (title + year),0
5248,5592,LEGO Star Wars: Droid Tales,2015,7+,7.5/10,46/100,0,0,0,1,1,7.5,tt4855868,7.4,1277,tvMiniSeries,Exact (title + year),-0.0999999999999996
5249,5593,Minnie's Bow-Toons,2011,all,6.2/10,45/100,0,0,0,1,1,6.2,tt3008594,5.4,310,tvSeries,Exact (title + year),-0.8
5250,5594,Chip 'n' Dale: Park Life,2021,all,6.9/10,45/100,0,0,0,1,1,6.9,tt10516496,6.1,628,tvSeries,Exact (title + year),-0.800000000000001
5251,5595,The Book of Pooh,2001,all,6.5/10,45/100,0,0,0,1,1,6.5,tt0274240,6.3,593,tvSeries,Exact (title + year),-0.2
5252,5596,Shark Attack Files,2021,16+,"",45/100,0,0,0,1,1,,tt14811706,6.2,49,tvSeries,Exact (title + year),
5253,5597,The Avengers: United They Stand,1999,7+,5.5/10,45/100,0,0,0,1,1,5.5,tt0203247,5.3,1304,tvSeries,Exact (title + year),-0.2
5254,5598,Walt Disney Animation Studios: Short Circuit Experimental Films,2020,all,7.6/10,45/100,0,0,0,1,1,7.6,,,,,Unmatched,
5255,5599,"Mira, Royal Detective",2020,all,6.5/10,45/100,0,0,0,1,1,6.5,tt9357248,7.4,443,tvSeries,Exact (title + year),0.9
5256,5601,Legend of the Three Caballeros,2018,all,7.8/10,45/100,0,0,0,1,1,7.8,tt8611524,7.6,604,tvSeries,Exact (title + year),-0.2
5257,5602,The Greeks,2016,"",7.8/10,44/100,0,0,0,1,1,7.8,tt5848928,7.6,294,tvMiniSeries,Exact (title + year),-0.2
5258,5603,Marvel's Future Avengers,2017,7+,5.7/10,44/100,0,0,0,1,1,5.7,,,,,Unmatched,
5259,5604,Just Roll With It,2019,7+,5.0/10,44/100,0,0,0,1,1,5,tt9181662,5.2,407,tvSeries,Exact (title + year),0.2
5260,5605,101 Dalmatian Street,2019,7+,6.3/10,44/100,0,0,0,1,1,6.3,,,,,Unmatched,
5261,5606,Spider-Woman,1979,all,5.8/10,44/100,0,0,0,1,1,5.8,tt0197911,5.8,1199,tvSeries,Exact (title + year),0
5262,5607,Primal Survivor,2016,"",8.3/10,44/100,0,0,0,1,1,8.3,tt5538644,7.9,673,tvSeries,Exact (title + year),-0.4
5263,5608,Secrets of the Zoo: Tampa,2020,"",8.6/10,43/100,0,0,0,1,1,8.6,tt11708046,8,284,tvSeries,Exact (title + year),-0.6
5264,5609,Disney's Doug,1996,"",6.6/10,43/100,0,0,0,1,1,6.6,tt0122815,6.6,1017,tvSeries,Exact (title + year),0
5265,5610,Year Million,2017,16+,7.4/10,43/100,0,0,0,1,1,7.4,tt6945708,7.4,732,tvMiniSeries,Exact (title + year),0
5266,5611,Rogue Trip,2020,7+,7.2/10,43/100,0,0,0,1,1,7.2,tt10225100,7.2,217,tvSeries,Exact (title + year),0
5267,5612,Fancy Nancy,2018,all,5.5/10,43/100,0,0,0,1,1,5.5,tt2229129,5.3,573,tvSeries,Exact (title + year),-0.2
5268,5613,America's National Parks,2015,all,7.7/10,43/100,0,0,0,1,1,7.7,,,,,Unmatched,
5269,5614,Wild Hawaii,2014,"",7.2/10,43/100,0,0,0,1,1,7.2,tt4380034,7,275,tvMiniSeries,Exact (title + year),-0.2
5270,5615,Lego Frozen Northern Lights,2016,all,5.7/10,42/100,0,0,0,1,1,5.7,,,,,Unmatched,
5271,5616,Dino Ranch,2021,all,8.1/10,42/100,0,0,0,1,1,8.1,tt13858416,5.3,400,tvSeries,Exact (title + year),-2.8
5272,5618,Disney's Fairy Tale Weddings,2017,7+,6.8/10,42/100,0,0,0,1,1,6.8,tt6974848,6.7,211,tvSeries,Exact (title + year),-0.0999999999999996
5273,5619,Kingdom of the Polar Bears,2021,"","",42/100,0,0,0,1,1,,tt13342264,6.2,26,tvMiniSeries,Exact (title + original-language year),
5274,5620,Teacher's Pet,2000,all,6.3/10,42/100,0,0,0,1,1,6.3,tt0257325,6.2,676,tvSeries,Exact (title + year),-0.0999999999999996
5275,5621,Henry Hugglemonster,2013,all,5.3/10,42/100,0,0,0,1,1,5.3,tt2746314,5.3,518,tvSeries,Exact (title + year),0
5276,5622,Shop Class,2020,all,7.2/10,42/100,0,0,0,1,1,7.2,tt10225108,6.9,97,tvSeries,Exact (title + year),-0.3
5277,5623,Alaska Animal Rescue,2020,"",9.4/10,42/100,0,0,0,1,1,9.4,tt12188528,8.5,108,tvSeries,Exact (title + year),-0.9
5278,5624,The Rocketeer,2019,all,6.3/10,42/100,0,0,0,1,1,6.3,tt8068852,5.2,341,tvSeries,Exact (title + year),-1.1
5279,5626,Fast Layne,2019,all,5.6/10,41/100,0,0,0,1,1,5.6,tt8115666,5.7,337,tvSeries,Exact (title + year),0.100000000000001
5280,5627,Weird But True!,2016,all,7.8/10,41/100,0,0,0,1,1,7.8,,,,,Unmatched,
5281,5628,Continent 7: Antarctica,2016,7+,7.4/10,41/100,0,0,0,1,1,7.4,tt6244108,7.2,272,tvMiniSeries,Exact (title + year),-0.2
5282,5629,Marvel's Rocket & Groot,2017,7+,6.8/10,41/100,0,0,0,1,1,6.8,tt6603254,6.4,727,tvMiniSeries,"Fuzzy (prefix stripped, exact year)",-0.399999999999999
5283,5630,Take Two with Phineas and Ferb,2010,7+,6.5/10,41/100,0,0,0,1,1,6.5,tt1887491,6.1,508,tvSeries,Exact (title + year),-0.4
5284,5631,Be our Chef,2020,all,6.3/10,40/100,0,0,0,1,1,6.3,tt10219416,6.5,216,tvSeries,Exact (title + year),0.2
5285,5632,Japan: Between Earth & Sky,2018,"",7.6/10,40/100,0,0,0,1,1,7.6,,,,,Unmatched,
5286,5633,India from Above,2020,"",7.7/10,40/100,0,0,0,1,1,7.7,tt12873192,7.5,328,tvSeries,Exact (title + year),-0.2
5287,5634,Prairie Dog Manor,2019,"",7.8/10,39/100,0,0,0,1,1,7.8,tt8316986,8,75,tvSeries,Exact (title + year),0.2
5288,5635,Marvel Super Hero Adventures,2017,all,6.3/10,39/100,0,0,0,1,1,6.3,tt7726152,5.6,257,tvMiniSeries,Exact (title + year),-0.7
5289,5636,Wild Yellowstone,2015,"",7.5/10,39/100,0,0,0,1,1,7.5,,,,,Unmatched,
5290,5637,Tut's Treasures: Hidden Secrets,2018,"",7.4/10,39/100,0,0,0,1,1,7.4,tt8174114,7.3,359,tvMiniSeries,Exact (title + year),-0.100000000000001
5291,5638,Secrets of the Zoo: Down Under,2020,"","",39/100,0,0,0,1,1,,tt14948806,8.3,94,tvSeries,Exact (title + year),
5292,5639,Disney Channel Games 2008,2008,"",6.7/10,39/100,0,0,0,1,1,6.7,,,,,Unmatched,
5293,5640,UFOs: The Untold Stories,2012,"","",39/100,0,0,0,1,1,,,,,,Unmatched,
5294,5641,Animal ER,2016,16+,8.0/10,39/100,0,0,0,1,1,8,tt6208226,7.9,114,tvSeries,Exact (title + year),-0.0999999999999996
5295,5642,Fury Files,2017,"","",38/100,0,0,0,1,1,,,,,,Unmatched,
5296,5643,Disney Parks Sunrise,2020,"","",38/100,0,0,0,1,1,,tt27983388,6.6,19,tvMiniSeries,Exact (title + year),
5297,5644,Marvel Funko Shorts,2016,all,"",38/100,0,0,0,1,1,,,,,,Unmatched,
5298,5645,Marvel Video Comics,2016,all,6.6/10,38/100,0,0,0,1,1,6.6,tt6343290,5.8,170,tvMiniSeries,Exact (title + year),-0.8
5299,5646,Secrets of Wild India,2012,"",8.1/10,38/100,0,0,0,1,1,8.1,tt2718652,8,242,tvMiniSeries,Exact (title + year),-0.0999999999999996
5300,5647,Buried Secrets of the Bible with Albert Lin,2019,"",7.1/10,38/100,0,0,0,1,1,7.1,tt12204636,6.7,424,tvSeries,Exact (title + year),-0.399999999999999
5301,5648,Supercar Megabuild,2016,"",4.3/10,38/100,0,0,0,1,1,4.3,tt12535708,4.3,162,tvSeries,Exact (title + year),0
5302,5649,Kirby Buckets,2014,7+,4.8/10,38/100,0,0,0,1,1,4.8,tt3544772,5,690,tvSeries,Exact (title + year),0.2
5303,5650,Becoming,2020,16+,6.8/10,38/100,1,0,0,1,1,6.8,tt12944764,7.2,90,tvSeries,Exact (title + year),0.4
5304,5652,Kingdom of the White Wolf,2019,"",8.1/10,37/100,0,0,0,1,1,8.1,tt10704300,8,366,tvMiniSeries,Exact (title + year),-0.0999999999999996
5305,5653,Mickey Mouse Funhouse,2021,all,5.6/10,37/100,0,0,0,1,1,5.6,tt13262134,5.3,574,tvSeries,Exact (title + year),-0.3
5306,5654,Disney Junior Music Lullabies,2019,"","",37/100,0,0,0,1,1,,,,,,Unmatched,
5307,5655,Wild Congo,2014,"","",37/100,0,0,0,1,1,,tt19767844,7.4,66,tvMiniSeries,Exact (title + year),
5308,5656,Walk the Prank,2016,7+,4.0/10,37/100,0,0,0,1,1,4,tt5486088,4.2,643,tvSeries,Exact (title + year),0.2
5309,5657,Meet the Chimps,2020,"",8.5/10,37/100,0,0,0,1,1,8.5,tt11853160,7.7,159,tvMiniSeries,Exact (title + year),-0.8
5310,5658,X-Ray Earth,2020,"",6.1/10,37/100,0,0,0,1,1,6.1,tt12988062,6.4,102,tvMiniSeries,Exact (title + year),0.300000000000001
5311,5659,It's a Dog's Life with Bill Farmer,2020,7+,8.2/10,37/100,0,0,0,1,1,8.2,,,,,Unmatched,
5312,5660,Unlikely Animal Friends,2012,"",7.6/10,36/100,0,0,0,1,1,7.6,tt2181679,7.2,138,tvSeries,Exact (title + year),-0.399999999999999
5313,5661,Kingdom of the Mummies,2020,"",7.4/10,36/100,0,0,0,1,1,7.4,tt12366196,7.2,225,tvMiniSeries,Exact (title + year),-0.2
5314,5662,Wild Sri Lanka,2015,7+,8.6/10,36/100,0,0,0,1,1,8.6,tt7871864,8.1,117,tvMiniSeries,Exact (title + year),-0.5
5315,5663,LEGO Star Wars: The Resistance Rises,2016,"",6.1/10,36/100,0,0,0,1,1,6.1,tt8352934,6.1,335,tvMiniSeries,Exact (title + year),0
5316,5664,Marvel Battleworld: Mystery of the Thanostones,2020,"",5.9/10,36/100,0,0,0,1,1,5.9,tt12583300,5.6,148,tvMiniSeries,Exact (title + year),-0.300000000000001
5317,5665,"Dr. T, Lone Star Vet",2019,"",8.4/10,35/100,0,0,0,1,1,8.4,tt11018282,8.1,131,tvSeries,Exact (title + original-language year),-0.300000000000001
5318,5666,Made in A Day,2020,"",7.6/10,35/100,0,0,0,1,1,7.6,tt12833474,7.5,79,tvSeries,Exact (title + year),-0.0999999999999996
5319,5667,Bug Juice: My Adventures at Camp,2018,"",7.3/10,35/100,0,0,0,1,1,7.3,tt8693362,7.1,50,tvSeries,Exact (title + year),-0.2
5320,5668,Chip 'n Dale's Nutty Tales,2017,"",7.0/10,35/100,0,0,0,1,1,7,tt8046422,6.2,87,tvSeries,Exact (title + year),-0.8
5321,5669,Ancient China from Above,2020,"",7.3/10,35/100,0,0,0,1,1,7.3,tt12873166,6.8,206,tvSeries,Exact (title + year),-0.5
5322,5670,Wild Cats of India,2020,"",7.6/10,35/100,0,0,0,1,1,7.6,tt11920706,7.4,126,tvMiniSeries,Exact (title + year),-0.199999999999999
5323,5671,Lost Treasures of the Maya,2019,"","",35/100,0,0,0,1,1,,tt10276578,6.5,421,tvSeries,"Fuzzy (title exact, year +-1)",
5324,5672,Star Wars Blips,2017,"",6.1/10,34/100,0,0,0,1,1,6.1,tt11281500,6,351,tvSeries,Exact (title + year),-0.0999999999999996
5325,5673,Birth of Europe,2012,all,7.1/10,34/100,0,0,0,1,1,7.1,tt2125050,7,122,tvSeries,Exact (title + year),-0.0999999999999996
5326,5674,Alaska's Grizzly Gauntlet,2018,7+,6.6/10,34/100,0,0,0,1,1,6.6,tt8415880,6.4,93,tvSeries,Exact (title + year),-0.199999999999999
5327,5675,Muppet Moments,2015,"",8.0/10,34/100,0,0,0,1,1,8,tt4555736,7.8,65,tvSeries,Exact (title + year),-0.2
5328,5676,Billy Dilley's Super-Duper Subterranean Summer,2017,7+,4.4/10,34/100,0,0,0,1,1,4.4,tt6412478,3.4,626,tvSeries,Exact (title + year),-1
5329,5677,Mickey Go Local,2019,"",6.0/10,34/100,0,0,0,1,1,6,tt13845582,5.8,126,tvMiniSeries,Exact (title + year),-0.2
5330,5678,Gathering Storm,2020,"","",33/100,0,0,0,1,1,,tt12760500,7.2,114,tvSeries,Exact (title + year),
5331,5679,Disney Fam Jam,2020,all,5.3/10,33/100,0,0,0,1,1,5.3,tt11138524,6.5,40,tvSeries,Exact (title + year),1.2
5332,5680,LEGO Star Wars: All-Stars,2018,7+,6.5/10,33/100,0,0,0,1,1,6.5,tt9297164,6.4,568,tvSeries,Exact (title + year),-0.0999999999999996
5333,5681,Out There with Jack Randall,2019,"",7.0/10,33/100,0,0,0,1,1,7,tt10583412,5.9,107,tvSeries,Exact (title + year),-1.1
5334,5682,Disney Junior Music Nursery Rhymes,2017,all,6.0/10,32/100,0,0,0,1,1,6,tt9277788,6.4,35,tvSeries,"Fuzzy (title exact, year +-1)",0.4
5335,5683,United States of Animals,2016,"",6.3/10,32/100,0,0,0,1,1,6.3,tt6126926,6.8,33,tvSeries,Exact (title + year),0.5
5336,5684,Disney Family Sundays,2019,all,5.6/10,31/100,0,0,0,1,1,5.6,tt11199552,6.5,67,tvSeries,Exact (title + year),0.9
5337,5685,Rocky Mountain Animal Rescue,2018,"",7.9/10,30/100,0,0,0,1,1,7.9,tt8053430,7.8,66,tvSeries,Exact (title + year),-0.100000000000001
5338,5686,Wild Nordic,2019,"",6.0/10,30/100,0,0,0,1,1,6,tt14072300,7.3,188,tvMiniSeries,Exact (title + year),1.3
5339,5687,Wild Chile,2018,7+,7.5/10,30/100,0,0,0,1,1,7.5,tt11652174,7.6,146,tvMiniSeries,Exact (title + year),0.0999999999999996
5340,5688,Howie Mandel's Animals Doing Things,2018,all,3.2/10,30/100,0,0,0,1,1,3.2,tt8598154,4.2,84,tvSeries,Exact (title + year),1
5341,5690,The Big Fib,2020,all,5.4/10,29/100,0,0,0,1,1,5.4,tt11241096,6,111,tvSeries,Exact (title + year),0.6
5342,5691,Vampirina: Ghoul Girls Rock!,2018,all,7.7/10,28/100,0,0,0,1,1,7.7,tt36535072,5.9,12,tvMiniSeries,Exact (title + year),-1.8
5343,5692,Jungle Animal Rescue,2020,"",6.4/10,28/100,0,0,0,1,1,6.4,tt12690880,7.8,34,tvSeries,Exact (title + year),1.4
5344,5693,Disney Insider,2012,"","",23/100,0,0,0,1,1,,,,,,Unmatched,
5345,5694,First Class Chefs: Family Style,2016,"","",23/100,0,0,0,1,1,,,,,,Unmatched,
5346,5695,101 Dalmatians,1997,"","",21/100,0,0,0,1,1,,tt0115433,5.8,124058,movie,"Fuzzy (title exact, year +-1) [non-TV type]",
5347,5696,Spaced Out,2019,"","",20/100,0,0,0,1,1,,tt8884276,6.1,14,tvMiniSeries,Exact (title + year),
5348,5697,Party Animals,2016,all,"",19/100,0,0,0,1,1,,,,,,Unmatched,
5349,5698,Nature Boom Time,2016,"","",18/100,0,0,0,1,1,,,,,,Unmatched,
5350,5699,Lost Treasures of Egypt,2019,"","",16/100,0,0,0,1,1,,tt10115054,7.6,712,tvSeries,Exact (title + year),
5351,5700,What Sam Sees,2018,"","",16/100,0,0,0,1,1,,tt13326050,6.1,14,tvMiniSeries,Exact (title + year),
5352,5701,Scuba Sam's World,2018,"","",14/100,0,0,0,1,1,,,,,,Unmatched,
5353,5702,Calling All T.O.T.S.,2020,"","",14/100,0,0,0,1,1,,,,,,Unmatched,
5354,5703,Destination: World,2018,"","",14/100,0,0,0,1,1,,,,,,Unmatched,
5355,5704,Sam's Zookeeper Challenge,2019,"","",14/100,0,0,0,1,1,,tt13325238,5.8,11,tvMiniSeries,"Fuzzy (title exact, year +-1)",
5356,5705,Marvel Funko,2017,"","",14/100,0,0,0,1,1,,tt13802728,5.3,125,tvSeries,"Fuzzy (title exact, year +-1)",
5357,5706,"Weirdest, Bestest, Truest",2018,all,"",14/100,0,0,0,1,1,,,,,,Unmatched,
5358,5707,Roll it Back,2019,"","",14/100,0,0,0,1,1,,,,,,Unmatched,
5359,5709,Animal Showdown,2018,"","",13/100,0,0,0,1,1,,tt21798874,2.7,29,tvMiniSeries,Exact (title + year),
5360,5710,Love & Vets,2017,"","",13/100,0,0,0,1,1,,,,,,Unmatched,
5361,5711,Awesome Animals,2020,"","",13/100,0,0,0,1,1,,,,,,Unmatched,
5362,5712,Best Job Ever,2018,"","",10/100,0,0,0,1,1,,,,,,Unmatched,
5363,5713,Paradise Islands,2017,"","",10/100,0,0,0,1,1,,,,,,Unmatched,
5364,5714,Mexico Untamed,2018,"","",10/100,0,0,0,1,1,,tt10389464,7.5,52,tvMiniSeries,Exact (title + year),
5365,5715,Wild Centeral America,2020,"","",10/100,0,0,0,1,1,,,,,,Unmatched,
5366,5716,Wild Russia,2018,"","",10/100,0,0,0,1,1,,,,,,Unmatched,
5367,5717,Fearless Adventures with Jack Randall,2018,"","",10/100,0,0,0,1,1,,,,,,Unmatched,
