tconst,V1,ID,Title,Year,Age,IMDb,Rotten_Tomatoes,Netflix,Hulu,Prime Video,Disney+,Type,IMDb_catalog_2021,IMDb_rating_2026,IMDb_ratecount_2026,imdb_title_type,Match_Confidence_Current,rating_change,IMDb_rating_2021,IMDb_ratecount_2021,rating_change_2021_2026,ratecount_change_2021_2026,n_platforms,exclusive
tt0040051,4006,4289,Studio One,1948,"",7.8/10,43/100,0,0,1,0,1,7.8,7.5,361,tvSeries,Exact (title + year),-0.3,7.8,206,-0.3,155,1,TRUE
tt0043208,2146,2187,I Love Lucy,1951,all,8.4/10,72/100,0,1,0,0,1,8.4,8.5,31069,tvSeries,Exact (title + year),0.0999999999999996,8.4,22469,0.0999999999999996,8600,1,TRUE
tt0043225,3856,4122,The Roy Rogers Show,1951,"",7.2/10,48/100,0,0,1,0,1,7.2,7.1,790,tvSeries,Exact (title + year),-0.100000000000001,7.2,625,-0.100000000000001,165,1,TRUE
tt0044269,3937,4212,I Married Joan,1952,"",7.9/10,45/100,0,0,1,0,1,7.9,7.7,441,tvSeries,Exact (title + year),-0.2,7.8,318,-0.0999999999999996,123,1,TRUE
tt0045407,4153,4448,Life with Elizabeth,1953,"",7.1/10,38/100,0,0,1,0,1,7.1,7.4,383,tvSeries,"Fuzzy (title exact, year +-1)",0.300000000000001,7.1,208,0.300000000000001,175,1,TRUE
tt0045435,4119,4412,Private Secretary,1953,"",8.0/10,40/100,0,0,1,0,1,8,7.9,235,tvSeries,Exact (title + year),-0.0999999999999996,8,153,-0.0999999999999996,82,1,TRUE
tt0046600,3712,3946,Father Knows Best,1954,all,7.4/10,54/100,0,0,1,0,1,7.4,7.4,2971,tvSeries,Exact (title + year),0,7.4,1970,0,1001,1,TRUE
tt0047708,2195,2244,Alfred Hitchcock Presents,1955,16+,8.5/10,70/100,0,1,0,0,1,8.5,8.5,20737,tvSeries,Exact (title + year),0,8.5,15194,0,5543,1,TRUE
tt0047734,3878,4146,Fury,1955,"",7.4/10,47/100,0,0,1,0,1,7.4,7.4,648,tvSeries,Exact (title + year),0,7.4,438,0,210,1,TRUE
tt0047757,5216,5558,The Mickey Mouse Club,1955,all,7.7/10,48/100,0,0,0,1,1,7.7,7.6,947,tvSeries,Exact (title + year),-0.100000000000001,7.7,667,-0.100000000000001,280,1,TRUE
tt0050002,4197,4493,The Californians,1957,"",7.3/10,38/100,0,0,1,0,1,7.3,6.7,180,tvSeries,Exact (title + year),-0.6,7.2,67,-0.5,113,1,TRUE
tt0050022,2862,2981,The Gumby Show,1955,all,7.0/10,48/100,0,1,1,0,1,7,7,1716,tvSeries,"Fuzzy (title exact, year +-1)",0,7,1404,0,312,2,FALSE
tt0050053,3788,4038,The Real McCoys,1957,16+,7.6/10,51/100,0,0,1,0,1,7.6,7.6,1477,tvSeries,Exact (title + year),0,7.5,881,0.0999999999999996,596,1,TRUE
tt0051329,3883,4153,Yancy Derringer,1958,"",7.8/10,47/100,0,0,1,0,1,7.8,7.8,552,tvSeries,Exact (title + year),0,8,310,-0.2,242,1,TRUE
tt0052442,3759,4002,One Step Beyond,1959,all,7.8/10,52/100,0,0,1,0,1,7.8,7.8,2161,tvSeries,Exact (title + year),0,7.8,1318,0,843,1,TRUE
tt0052445,3815,4068,Bat Masterson,1958,16+,7.4/10,50/100,0,0,1,0,1,7.4,7.3,1386,tvSeries,Exact (title + year),-0.100000000000001,7.4,889,-0.100000000000001,497,1,TRUE
tt0052505,3890,4160,The Rebel,1959,"",7.8/10,47/100,0,0,1,0,1,7.8,7.8,783,tvSeries,Exact (title + year),0,7.8,474,0,309,1,TRUE
tt0052520,1981,1999,The Twilight Zone,1959,7+,9.0/10,86/100,0,1,0,0,1,9,9,109661,tvSeries,Exact (title + year),0,9,73328,0,36333,1,TRUE
tt0053479,3531,3708,The Andy Griffith Show,1960,all,8.3/10,70/100,0,0,1,0,1,8.3,8.4,19124,tvSeries,Exact (title + year),0.0999999999999996,8.3,12710,0.0999999999999996,6414,1,TRUE
tt0053494,2555,2652,Coronation Street,1960,7+,5.6/10,58/100,0,1,0,0,1,5.6,5.6,6671,tvSeries,Exact (title + year),0,5.6,4954,0,1717,1,TRUE
tt0053546,3678,3908,Thriller,1960,"",8.2/10,56/100,1,0,1,0,1,8.2,8.2,1885,tvSeries,Exact (title + year),0,8.2,1253,0,632,2,FALSE
tt0054533,2385,2460,The Dick Van Dyke Show,1961,all,8.3/10,63/100,0,1,0,0,1,8.3,8.5,13312,tvSeries,Exact (title + year),0.199999999999999,8.3,9112,0.199999999999999,4200,1,TRUE
tt0054557,2442,2527,Mister Ed,1961,all,7.0/10,61/100,0,1,0,0,1,7,6.9,5208,tvSeries,Exact (title + year),-0.0999999999999996,7,3765,-0.0999999999999996,1443,1,TRUE
tt0055673,4005,4288,Fireball XL5,1962,7+,7.3/10,43/100,0,0,1,0,1,7.3,7.2,837,tvSeries,Exact (title + year),-0.0999999999999996,7.3,505,-0.0999999999999996,332,1,TRUE
tt0055686,2664,2767,The Lucy Show,1962,7+,7.2/10,55/100,0,1,0,0,1,7.2,7.2,3557,tvSeries,Exact (title + year),0,7.2,2325,0,1232,1,TRUE
tt0055689,2581,2679,McHale's Navy,1962,all,7.4/10,57/100,0,1,0,0,1,7.4,7.4,3651,tvSeries,Exact (title + year),0,7.4,2490,0,1161,1,TRUE
tt0056758,2410,2488,General Hospital,1963,16+,6.5/10,62/100,0,1,0,0,1,6.5,6.7,6286,tvSeries,Exact (title + year),0.2,6.5,4391,0.2,1895,1,TRUE
tt0056775,2651,2753,My Favorite Martian,1963,all,7.3/10,55/100,0,1,0,1,1,7.3,7.2,3423,tvSeries,Exact (title + year),-0.0999999999999996,7.3,2213,-0.0999999999999996,1210,2,FALSE
tt0057786,3848,4109,Stingray,1964,"",7.3/10,49/100,0,0,1,0,1,7.3,7.3,1641,tvSeries,Exact (title + year),0,7.3,1091,0,550,1,TRUE
tt0057790,3677,3906,Thunderbirds,1965,7+,7.9/10,56/100,0,0,1,0,1,7.9,7.9,5723,tvSeries,Exact (title + year),0,7.9,4049,0,1674,1,TRUE
tt0058846,3795,4046,Secret Agent,1965,7+,8.2/10,51/100,0,0,1,0,1,8.2,8.2,1748,tvSeries,"Fuzzy (title exact, year +-1)",0,8.2,1168,0,580,1,TRUE
tt0059973,3847,4108,Captain Scarlet and the Mysterons,1967,all,7.8/10,49/100,0,0,1,0,1,7.8,7.8,2166,tvSeries,Exact (title + year),0,7.8,1500,0,666,1,TRUE
tt0059975,4152,4447,Cool McCool,1966,7+,7.2/10,38/100,0,0,1,0,1,7.2,6.9,216,tvSeries,Exact (title + year),-0.3,7.2,137,-0.3,79,1,TRUE
tt0059978,3612,3819,Dark Shadows,1966,7+,7.5/10,62/100,0,0,1,0,1,7.5,8.1,6035,tvSeries,Exact (title + year),0.6,8,4156,0.0999999999999996,1879,1,TRUE
tt0060009,3597,3800,Mission: Impossible,1966,7+,7.6/10,63/100,0,0,1,0,1,7.6,7.9,13025,tvSeries,Exact (title + year),0.300000000000001,7.9,8387,0,4638,1,TRUE
tt0060028,84,85,Star Trek,1966,7+,8.3/10,82/100,1,1,1,0,1,8.3,8.4,101510,tvSeries,Exact (title + year),0.0999999999999996,8.3,75379,0.0999999999999996,26131,3,FALSE
tt0061240,3570,3767,The Carol Burnett Show,1967,all,8.7/10,65/100,0,0,1,0,1,8.7,8.7,8256,tvSeries,Exact (title + year),0,8.8,5253,-0.100000000000001,3003,1,TRUE
tt0061266,2498,2590,Ironside,1967,7+,6.9/10,59/100,0,1,0,0,1,6.9,6.9,4771,tvSeries,Exact (title + year),0,6.9,3175,0,1596,1,TRUE
tt0062570,3762,4005,Here's Lucy,1968,all,6.9/10,52/100,0,0,1,0,1,6.9,6.9,2006,tvSeries,Exact (title + year),0,6.9,1291,0,715,1,TRUE
tt0062588,3565,3759,Mister Rogers' Neighborhood,1968,all,8.6/10,65/100,0,0,1,0,1,8.6,8.8,10604,tvSeries,Exact (title + year),0.200000000000001,8.6,7920,0.200000000000001,2684,1,TRUE
tt0062601,3723,3957,Rowan & Martin's Laugh-In,1967,7+,8.0/10,54/100,0,0,1,0,1,8,8,4242,tvSeries,Exact (title + year),0,8,2652,0,1590,1,TRUE
tt0063878,2373,2445,The Brady Bunch,1969,all,6.7/10,63/100,0,1,0,0,1,6.7,6.8,17195,tvSeries,Exact (title + year),0.0999999999999996,6.7,12775,0.0999999999999996,4420,1,TRUE
tt0063894,2771,2883,The Dick Cavett Show,1968,"",8.4/10,51/100,0,1,0,0,1,8.4,8.3,1008,tvSeries,Exact (title + year),-0.0999999999999996,8.3,667,0,341,1,TRUE
tt0063895,4058,4344,Doctor in the House,1969,"",7.6/10,42/100,0,0,1,0,1,7.6,7.4,475,tvSeries,Exact (title + year),-0.199999999999999,7.6,344,-0.199999999999999,131,1,TRUE
tt0063929,96,97,Monty Python's Flying Circus,1969,16+,8.8/10,81/100,1,0,0,0,1,8.8,8.8,87568,tvSeries,Exact (title + year),0,8.8,68780,0,18788,1,TRUE
tt0063951,2172,2218,Sesame Street,1969,all,8.1/10,71/100,0,1,1,0,1,8.1,8.1,17219,tvSeries,Exact (title + year),0,8.1,12340,0,4879,2,FALSE
tt0065314,2345,2414,The Mary Tyler Moore Show,1970,7+,8.1/10,64/100,0,1,0,0,1,8.1,8.3,11359,tvSeries,Exact (title + year),0.200000000000001,8.1,7235,0.200000000000001,4124,1,TRUE
tt0066625,2565,2663,Alias Smith and Jones,1971,7+,7.6/10,57/100,0,1,0,0,1,7.6,7.6,2787,tvSeries,Exact (title + year),0,7.6,1748,0,1039,1,TRUE
tt0066651,2587,2686,The Electric Company,1971,all,8.1/10,57/100,0,1,1,0,1,8.1,8.2,2614,tvSeries,Exact (title + year),0.0999999999999996,8.1,1807,0.0999999999999996,807,2,FALSE
tt0068049,2409,2487,The Bob Newhart Show,1972,all,8.1/10,62/100,0,1,0,0,1,8.1,8.1,7664,tvSeries,Exact (title + year),0,8.1,5057,0,2607,1,TRUE
tt0068098,2097,2134,M*A*S*H,1972,7+,8.4/10,75/100,0,1,0,0,1,8.4,8.5,69736,tvSeries,Exact (title + year),0.0999999999999996,8.4,51354,0.0999999999999996,18382,1,TRUE
tt0069599,2471,2560,Kojak,1973,16+,7.1/10,60/100,0,1,0,0,1,7.1,7.1,10111,tvSeries,Exact (title + year),0,7.1,6868,0,3243,1,TRUE
tt0069608,2646,2748,Match Game,1973,7+,8.3/10,55/100,0,1,1,0,1,8.3,8.3,2756,tvSeries,Exact (title + year),0,8.3,1764,0,992,2,FALSE
tt0069632,3962,4240,Sigmund and the Sea Monsters,1973,all,6.9/10,45/100,0,0,1,0,1,6.9,6.9,1072,tvSeries,Exact (title + year),0,6.9,756,0,316,1,TRUE
tt0072506,3076,3204,Good Morning America,1975,all,4.5/10,41/100,0,1,0,0,1,4.5,4.4,2258,tvSeries,Exact (title + year),-0.0999999999999996,4.6,1354,-0.199999999999999,904,1,TRUE
tt0072547,4087,4374,Moses the Lawgiver,1975,all,6.1/10,41/100,0,0,1,0,1,6.1,6.1,636,tvMiniSeries,"Fuzzy (title exact, year +-1)",0,6.1,478,0,158,1,TRUE
tt0072562,2101,2138,Saturday Night Live,1975,16+,8.0/10,75/100,0,1,0,0,1,8,8,58062,tvSeries,Exact (title + year),0,8,44271,0,13791,1,TRUE
tt0072573,3068,3196,Swiss Family Robinson,1974,7+,7.0/10,41/100,0,1,0,1,1,7,6.4,273,tvSeries,"Fuzzy (title exact, year +-1)",-0.6,6.7,169,-0.3,104,2,FALSE
tt0072584,840,843,Wheel of Fortune,1983,all,6.7/10,55/100,1,0,0,0,1,6.7,6.7,4094,tvSeries,Exact (title + year),0,6.7,2748,0,1346,1,TRUE
tt0074028,5067,5390,The Muppet Show,1976,all,8.4/10,78/100,0,0,0,1,1,8.4,8.4,27940,tvSeries,Exact (title + year),0,8.4,22978,0,4962,1,TRUE
tt0075520,3546,3733,Jesus of Nazareth,1977,7+,8.5/10,68/100,0,0,1,0,1,8.5,8.5,27694,tvMiniSeries,Exact (title + year),0,8.5,20581,0,7113,1,TRUE
tt0075592,3731,3968,Tales of the Unexpected,1979,7+,7.7/10,54/100,0,0,1,0,1,7.7,7.6,2949,tvSeries,Exact (title + year),-0.100000000000001,7.7,1730,-0.100000000000001,1219,1,TRUE
tt0076984,2194,2243,Battlestar Galactica,1978,7+,7.2/10,70/100,0,1,0,0,1,7.2,7.2,19318,tvSeries,Exact (title + year),0,7.2,14262,0,5056,1,TRUE
tt0077003,2469,2558,Diff'rent Strokes,1978,all,6.6/10,60/100,0,1,0,0,1,6.6,6.7,13659,tvSeries,Exact (title + year),0.100000000000001,6.6,9934,0.100000000000001,3725,1,TRUE
tt0077031,2305,2367,The Incredible Hulk,1977,7+,7.0/10,66/100,0,1,0,1,1,7,7,18232,tvSeries,Exact (title + year),0,7,12187,0,6045,2,FALSE
tt0077042,3816,4069,Lillie,1978,"",8.1/10,50/100,0,0,1,0,1,8.1,8.1,790,tvMiniSeries,Exact (title + year),0,8.1,534,0,256,1,TRUE
tt0077089,2313,2375,Taxi,1978,7+,7.7/10,66/100,0,1,0,0,1,7.7,7.7,17859,tvSeries,Exact (title + year),0,7.7,11946,0,5913,1,TRUE
tt0077101,2534,2630,The White Shadow,1978,"",8.0/10,58/100,0,1,0,0,1,8,8,1736,tvSeries,Exact (title + year),0,8,1143,0,593,1,TRUE
tt0080231,3753,3996,Hammer House of Horror,1980,18+,7.7/10,52/100,0,0,1,0,1,7.7,7.4,2673,tvSeries,Exact (title + year),-0.3,7.7,1656,-0.3,1017,1,TRUE
tt0080240,3528,3704,"Magnum, P.I.",1980,7+,7.5/10,70/100,0,0,1,0,1,7.5,7.5,31971,tvSeries,Exact (title + year),0,7.5,22943,0,9028,1,TRUE
tt0080289,3940,4216,Tenspeed and Brown Shoe,1980,7+,7.6/10,45/100,0,0,1,0,1,7.6,7.5,636,tvSeries,Exact (title + year),-0.0999999999999996,7.6,392,-0.0999999999999996,244,1,TRUE
tt0081848,915,918,Danger Mouse,1981,7+,7.4/10,54/100,1,0,0,0,1,7.4,7.4,4296,tvSeries,Exact (title + year),0,7.4,3236,0,1060,1,TRUE
tt0081859,2455,2542,The Fall Guy,1981,16+,7.0/10,60/100,0,1,0,0,1,7,7.1,10920,tvSeries,Exact (title + year),0.0999999999999996,7,6672,0.0999999999999996,4248,1,TRUE
tt0081864,4108,4398,Flickers,1980,all,8.2/10,40/100,0,0,1,0,1,8.2,8,216,tvMiniSeries,Exact (title + year),-0.199999999999999,8.2,159,-0.199999999999999,57,1,TRUE
tt0081873,2346,2415,Hill Street Blues,1981,16+,8.1/10,64/100,0,1,0,0,1,8.1,8.2,11915,tvSeries,Exact (title + year),0.0999999999999996,8.1,7741,0.0999999999999996,4174,1,TRUE
tt0083395,3664,3890,Cagney & Lacey,1982,7+,6.8/10,57/100,0,0,1,0,1,6.8,6.9,6013,tvSeries,"Fuzzy (title exact, year +-1)",0.100000000000001,6.8,3566,0.100000000000001,2447,1,TRUE
tt0083399,2011,2036,Cheers,1982,7+,7.9/10,82/100,0,1,1,0,1,7.9,8,68566,tvSeries,Exact (title + year),0.0999999999999996,7.9,49245,0.0999999999999996,19321,2,FALSE
tt0083470,2339,2406,Remington Steele,1982,7+,7.2/10,64/100,0,1,0,0,1,7.2,7.3,10991,tvSeries,Exact (title + year),0.0999999999999996,7.2,7711,0.0999999999999996,3280,1,TRUE
tt0083481,5150,5483,Spider-Man and His Amazing Friends,1981,7+,7.2/10,56/100,0,0,0,1,1,7.2,7.1,4669,tvSeries,Exact (title + year),-0.100000000000001,7.2,3059,-0.100000000000001,1610,1,TRUE
tt0083483,2460,2547,St. Elsewhere,1982,7+,7.9/10,60/100,0,1,0,0,1,7.9,8,5906,tvSeries,Exact (title + year),0.0999999999999996,7.9,3925,0.0999999999999996,1981,1,TRUE
tt0083501,4175,4470,We'll Meet Again,1982,7+,7.1/10,38/100,0,0,1,0,1,7.1,7.2,247,tvMiniSeries,Exact (title + year),0.100000000000001,7.1,159,0.100000000000001,88,1,TRUE
tt0085052,3958,4235,Mansfield Park,1983,all,6.8/10,45/100,0,0,1,0,1,6.8,6.7,1344,tvMiniSeries,Exact (title + year),-0.0999999999999996,6.8,956,-0.0999999999999996,388,1,TRUE
tt0085060,3906,4178,Mr. Wizard's World,1983,all,8.1/10,46/100,0,0,1,0,1,8.1,8.2,848,tvSeries,Exact (title + year),0.0999999999999996,8.1,691,0.0999999999999996,157,1,TRUE
tt0085075,3620,3832,Reading Rainbow,1983,all,8.4/10,61/100,0,0,1,0,1,8.4,8.4,5806,tvSeries,Exact (title + year),0,8.4,4040,0,1766,1,TRUE
tt0085107,4013,4296,Wagner,1983,"",7.7/10,43/100,0,0,1,0,1,7.7,7.5,698,tvMiniSeries,Exact (title + year),-0.2,7.7,454,-0.2,244,1,TRUE
tt0085109,2775,2887,Webster,1983,all,5.7/10,51/100,0,1,0,0,1,5.7,5.8,3681,tvSeries,Exact (title + year),0.0999999999999996,5.7,2742,0.0999999999999996,939,1,TRUE
tt0086660,4010,4293,1st & Ten,1984,"",6.5/10,43/100,0,0,1,0,1,6.5,6.6,660,tvSeries,Exact (title + year),0.0999999999999996,6.5,409,0.0999999999999996,251,1,TRUE
tt0086687,3547,3734,The Cosby Show,1984,all,7.3/10,68/100,0,0,1,0,1,7.3,7.4,39139,tvSeries,Exact (title + year),0.100000000000001,7.3,31969,0.100000000000001,7170,1,TRUE
tt0086760,3830,4085,Mike Hammer,1984,7+,6.9/10,49/100,0,0,1,0,1,6.9,6.9,1477,tvSeries,Exact (title + original-language year),0,6.9,977,0,500,1,TRUE
tt0086791,2472,2561,Robin of Sherwood,1984,7+,8.5/10,60/100,0,1,1,0,1,8.5,8.4,5552,tvSeries,Exact (title + year),-0.0999999999999996,8.5,4109,-0.0999999999999996,1443,2,FALSE
tt0086815,563,566,Thomas & Friends,1984,all,6.6/10,62/100,1,0,1,0,1,6.6,6.5,8275,tvSeries,"Fuzzy (title exact, year +-1)",-0.0999999999999996,6.6,3996,-0.0999999999999996,4279,2,FALSE
tt0088473,5242,5586,Adventures in Wonderland,1992,7+,8.0/10,46/100,0,0,0,1,1,8,7.8,996,tvSeries,Exact (title + year),-0.2,8,625,-0.2,371,1,TRUE
tt0088485,2954,3079,Bleak House,1985,"",7.6/10,45/100,0,1,0,0,1,7.6,7.6,472,tvSeries,Exact (title + original-language year),0,7.6,345,0,127,1,TRUE
tt0088515,5205,5545,Star Wars: Ewoks,1985,all,6.1/10,49/100,0,0,0,1,1,6.1,5.9,2631,tvSeries,Exact (title + year),-0.199999999999999,6.1,1693,-0.199999999999999,938,1,TRUE
tt0088526,2127,2165,The Golden Girls,1985,7+,8.0/10,74/100,0,1,0,0,1,8,8.2,53411,tvSeries,Exact (title + year),0.199999999999999,7.9,32760,0.299999999999999,20651,1,TRUE
tt0088551,3819,4073,The Last Place on Earth,1985,"",8.2/10,50/100,0,0,1,0,1,8.2,8,509,tvMiniSeries,Exact (title + year),-0.199999999999999,8.2,380,-0.199999999999999,129,1,TRUE
tt0088591,3715,3949,The Ray Bradbury Theater,1985,"",7.5/10,54/100,0,0,1,0,1,7.5,7.3,1979,tvSeries,Exact (title + year),-0.2,7.5,1186,-0.2,793,1,TRUE
tt0088621,2659,2761,Taggart,1983,18+,7.3/10,55/100,0,1,0,0,1,7.3,7.4,2361,tvSeries,Exact (title + year),0.100000000000001,7.3,1424,0.100000000000001,937,1,TRUE
tt0088631,2278,2337,ThunderCats,1985,7+,7.9/10,67/100,0,1,0,0,1,7.9,7.9,20716,tvSeries,Exact (title + year),0,7.9,16494,0,4222,1,TRUE
tt0090390,3543,3727,ALF,1986,all,7.4/10,68/100,0,0,1,0,1,7.4,7.4,42879,tvSeries,Exact (title + year),0,7.4,32352,0,10527,1,TRUE
tt0090418,2485,2577,Designing Women,1986,7+,7.1/10,59/100,0,1,0,0,1,7.1,7.3,8050,tvSeries,Exact (title + year),0.2,7.1,4834,0.2,3216,1,TRUE
tt0090501,2438,2522,Perfect Strangers,1986,7+,7.2/10,61/100,0,1,1,0,1,7.2,7.2,12329,tvSeries,Exact (title + year),0,7.2,8920,0,3409,2,FALSE
tt0092325,3744,3984,The Bold and the Beautiful,1987,16+,3.4/10,53/100,0,0,1,0,1,3.4,3.5,8933,tvSeries,Exact (title + year),0.1,3.4,7153,0.1,1780,1,TRUE
tt0092339,3659,3882,A Different World,1987,7+,6.9/10,58/100,0,0,1,0,1,6.9,7.1,9111,tvSeries,Exact (title + year),0.199999999999999,6.9,5932,0.199999999999999,3179,1,TRUE
tt0092345,5080,5404,DuckTales,1987,7+,8.1/10,69/100,0,0,0,1,1,8.1,8,38012,tvSeries,Exact (title + year),-0.0999999999999996,8.1,29995,-0.0999999999999996,8017,1,TRUE
tt0092359,2177,2223,Full House,1987,all,6.7/10,71/100,0,1,0,0,1,6.7,6.8,67593,tvSeries,Exact (title + year),0.0999999999999996,6.7,53905,0.0999999999999996,13688,1,TRUE
tt0092363,2743,2848,"Good Morning, Miss Bliss",1988,all,6.8/10,53/100,0,1,0,0,1,6.8,6.8,2422,tvSeries,"Fuzzy (title exact, year +-1)",0,6.8,1677,0,745,1,TRUE
tt0092368,2926,3049,Hello Kitty's Furry Tale Theater,1987,all,6.4/10,46/100,0,1,0,0,1,6.4,6.8,268,tvSeries,Exact (title + year),0.399999999999999,6.3,131,0.5,137,1,TRUE
tt0092383,3598,3802,The Storyteller,1988,"",8.9/10,62/100,0,0,1,0,1,8.9,8.8,5792,tvSeries,"Fuzzy (title exact, year +-1)",-0.0999999999999996,8.9,4150,-0.0999999999999996,1642,1,TRUE
tt0092400,2132,2171,Married... with Children,1987,7+,8.0/10,73/100,0,1,0,0,1,8,8.1,118617,tvSeries,Exact (title + year),0.0999999999999996,8,98056,0.0999999999999996,20561,1,TRUE
tt0092428,3959,4236,Porterhouse Blue,1987,18+,7.6/10,45/100,0,0,1,0,1,7.6,7.6,583,tvMiniSeries,Exact (title + year),0,7.7,410,-0.100000000000001,173,1,TRUE
tt0092455,40,41,Star Trek: The Next Generation,1987,7+,8.6/10,86/100,1,1,1,0,1,8.6,8.7,150767,tvSeries,Exact (title + year),0.0999999999999996,8.6,104632,0.0999999999999996,46135,3,FALSE
tt0094415,2726,2831,America's Most Wanted,1988,7+,7.3/10,53/100,0,1,0,0,1,7.3,7.2,2389,tvSeries,Exact (title + original-language year),-0.0999999999999996,7.3,1859,-0.0999999999999996,530,1,TRUE
tt0094416,3587,3788,American Experience,1988,7+,8.6/10,64/100,0,0,1,0,1,8.6,8.6,2540,tvSeries,Exact (title + year),0,8.6,1625,0,915,1,TRUE
tt0094469,2394,2470,Garfield and Friends,1988,7+,7.3/10,62/100,0,1,0,0,1,7.3,7.2,15141,tvSeries,Exact (title + year),-0.0999999999999996,7.3,10294,-0.0999999999999996,4847,1,TRUE
tt0094481,3703,3936,Home and Away,1988,7+,5.1/10,55/100,0,0,1,0,1,5.1,5.1,6938,tvSeries,Exact (title + year),0,5.1,5584,0,1354,1,TRUE
tt0094518,2924,3047,The Munsters Today,1988,"",5.2/10,46/100,0,1,0,0,1,5.2,5.2,749,tvSeries,Exact (title + year),0,5.3,497,-0.0999999999999996,252,1,TRUE
tt0094540,2141,2182,Roseanne,1988,7+,7.0/10,73/100,0,1,1,0,1,7,7.1,49618,tvSeries,Exact (title + year),0.0999999999999996,7,40262,0.0999999999999996,9356,2,FALSE
tt0094574,565,568,Unsolved Mysteries,1987,7+,8.2/10,61/100,1,1,1,0,1,8.2,8.3,7439,tvSeries,Exact (title + year),0.100000000000001,8.2,5120,0.100000000000001,2319,3,FALSE
tt0094576,3705,3938,A Very British Coup,1988,18+,8.3/10,55/100,0,0,1,0,1,8.3,8.2,1114,tvMiniSeries,Exact (title + year),-0.100000000000001,8.3,837,-0.100000000000001,277,1,TRUE
tt0094582,2149,2192,The Wonder Years,1988,7+,8.3/10,72/100,0,1,0,0,1,8.3,8.3,44023,tvSeries,Exact (title + year),0,8.3,34859,0,9164,1,TRUE
tt0096532,2445,2531,American Gladiators,1988,7+,6.5/10,61/100,0,1,0,0,1,6.5,6.6,3490,tvSeries,"Fuzzy (title exact, year +-1)",0.0999999999999996,6.5,2321,0.0999999999999996,1169,1,TRUE
tt0096542,2478,2569,Baywatch,1989,7+,5.3/10,60/100,0,1,1,0,1,5.3,5.5,33142,tvSeries,Exact (title + year),0.2,5.3,25643,0.2,7499,2,FALSE
tt0096557,5102,5430,Chip 'n' Dale Rescue Rangers,1989,all,7.6/10,63/100,0,0,0,1,1,7.6,7.6,23423,tvSeries,Exact (title + year),0,7.6,17698,0,5725,1,TRUE
tt0096563,3604,3809,Cops,1989,18+,7.0/10,62/100,0,0,1,0,1,7,7,7841,tvSeries,Exact (title + year),0,7,5508,0,2333,1,TRUE
tt0096569,2583,2682,"Doogie Howser, M.D.",1989,7+,6.5/10,57/100,0,1,0,0,1,6.5,6.5,10477,tvSeries,Exact (title + year),0,6.5,8052,0,2425,1,TRUE
tt0096579,2416,2494,Family Matters,1989,all,6.6/10,62/100,0,1,0,0,1,6.6,6.6,32270,tvSeries,Exact (title + year),0,6.6,25289,0,6981,1,TRUE
tt0096657,2003,2026,Mr. Bean,1990,all,8.5/10,82/100,0,1,1,0,1,8.5,8.6,152941,tvSeries,Exact (title + year),0.0999999999999996,8.5,105801,0.0999999999999996,47140,2,FALSE
tt0096686,2473,2562,Ranma ½,1989,16+,7.9/10,60/100,0,1,0,0,1,7.9,7.9,6640,tvSeries,Exact (title + original-language year),0,7.9,4722,0,1918,1,TRUE
tt0096694,2340,2407,Saved by the Bell,1989,all,7.0/10,64/100,0,1,0,0,1,7,7.1,40105,tvSeries,Exact (title + year),0.0999999999999996,7,32787,0.0999999999999996,7318,1,TRUE
tt0096697,1957,1968,The Simpsons,1989,7+,8.6/10,91/100,0,1,0,1,1,8.6,8.6,470917,tvSeries,Exact (title + year),0,8.6,372537,0,98380,2,FALSE
tt0097445,3943,4219,Goku Midnight Eye,1989,18+,6.9/10,45/100,0,0,1,0,1,6.9,6.8,1730,tvMiniSeries,Exact (title + year),-0.100000000000001,6.9,862,-0.100000000000001,868,1,TRUE
tt0098740,2520,2616,America's Funniest Home Videos,1989,7+,6.2/10,58/100,0,1,0,1,1,6.2,6.2,6396,tvSeries,Exact (title + year),0,6.2,4897,0,1499,2,FALSE
tt0098749,2254,2310,"Beverly Hills, 90210",1990,16+,6.4/10,68/100,0,1,0,0,1,6.4,6.6,41143,tvSeries,Exact (title + year),0.199999999999999,6.4,31968,0.199999999999999,9175,1,TRUE
tt0098889,4234,4530,Chillers,1990,"",6.7/10,36/100,0,0,1,0,1,6.7,6.4,197,tvSeries,Exact (title + year),-0.3,6.7,98,-0.3,99,1,TRUE
tt0098898,2093,2129,Prime Suspect,1991,18+,8.4/10,75/100,0,1,0,0,1,8.4,8.3,10861,tvMiniSeries,Exact (title + year),-0.0999999999999996,8.4,6937,-0.0999999999999996,3924,1,TRUE
tt0098904,1951,1962,Seinfeld,1989,16+,8.8/10,93/100,0,1,0,0,1,8.8,8.8,387025,tvSeries,Exact (title + year),0,8.8,261855,0,125170,1,TRUE
tt0098924,5116,5445,TaleSpin,1990,all,7.6/10,60/100,0,0,0,1,1,7.6,7.5,17213,tvSeries,Exact (title + year),-0.0999999999999996,7.6,13765,-0.0999999999999996,3448,1,TRUE
tt0098929,2380,2455,Tiny Toon Adventures,1990,all,7.5/10,63/100,0,1,0,0,1,7.5,7.5,15309,tvSeries,Exact (title + year),0,7.5,12190,0,3119,1,TRUE
tt0098936,1964,1976,Twin Peaks,1990,18+,8.8/10,89/100,0,1,0,0,1,8.8,8.7,249117,tvSeries,Exact (title + year),-0.100000000000001,8.8,180181,-0.100000000000001,68936,1,TRUE
tt0098948,2426,2509,Wings,1990,7+,7.2/10,61/100,0,1,0,0,1,7.2,7.3,16210,tvSeries,Exact (title + year),0.0999999999999996,7.2,11167,0.0999999999999996,5043,1,TRUE
tt0101041,4273,4569,Baby Talk,1991,all,4.1/10,36/100,0,0,1,0,1,4.1,4,268,tvSeries,Exact (title + year),-0.0999999999999996,4.1,155,-0.0999999999999996,113,1,TRUE
tt0101050,2618,2719,Blossom,1990,all,6.0/10,56/100,0,1,0,0,1,6,6.1,10237,tvSeries,Exact (title + year),0.0999999999999996,6,7217,0.0999999999999996,3020,1,TRUE
tt0101069,2730,2835,The Commish,1991,16+,7.1/10,53/100,0,1,0,0,1,7.1,7.1,2851,tvSeries,Exact (title + year),0,7.1,1904,0,947,1,TRUE
tt0101076,5095,5423,Darkwing Duck,1991,7+,7.6/10,64/100,0,0,0,1,1,7.6,7.6,19194,tvSeries,Exact (title + year),0,7.6,15077,0,4117,1,TRUE
tt0101081,5072,5396,Dinosaurs,1991,7+,7.4/10,73/100,0,0,0,1,1,7.4,7.5,24125,tvSeries,Exact (title + year),0.0999999999999996,7.4,17104,0.0999999999999996,7021,1,TRUE
tt0101084,5103,5431,Doug,1991,7+,7.4/10,63/100,0,0,0,1,1,7.4,7.4,21352,tvSeries,Exact (title + year),0,7.4,17892,0,3460,1,TRUE
tt0101088,3530,3707,"Eerie, Indiana",1991,7+,8.2/10,70/100,0,0,1,0,1,8.2,8.2,7092,tvSeries,Exact (title + year),0,8.2,5228,0,1864,1,TRUE
tt0101130,3810,4063,Land of the Lost,1991,all,6.9/10,50/100,0,0,1,0,1,6.9,6.8,1176,tvSeries,Exact (title + year),-0.100000000000001,6.9,828,-0.100000000000001,348,1,TRUE
tt0101188,2243,2297,Rugrats,1991,all,7.4/10,68/100,0,1,0,0,1,7.4,7.4,41395,tvSeries,Exact (title + year),0,7.4,32645,0,8750,1,TRUE
tt0101198,2645,2747,Silk Stalkings,1991,16+,6.6/10,55/100,0,1,0,0,1,6.6,6.6,3612,tvSeries,Exact (title + year),0,6.6,2550,0,1062,1,TRUE
tt0101205,2536,2632,Step by Step,1991,all,6.5/10,58/100,0,1,0,0,1,6.5,6.6,17942,tvSeries,Exact (title + year),0.0999999999999996,6.5,13087,0.0999999999999996,4855,1,TRUE
tt0101238,4132,4425,A Woman Named Jackie,1991,7+,6.6/10,39/100,0,0,1,0,1,6.6,6.6,397,tvMiniSeries,Exact (title + year),0,6.6,250,0,147,1,TRUE
tt0103369,2122,2160,Sailor Moon,1992,16+,7.8/10,74/100,0,1,0,0,1,7.8,7.7,9099,tvSeries,Exact (title + year),-0.0999999999999996,7.7,5614,0,3485,1,TRUE
tt0103373,3790,4040,Bobby's World,1990,all,7.3/10,51/100,0,0,1,0,1,7.3,7.2,5478,tvSeries,Exact (title + year),-0.0999999999999996,7.3,4095,-0.0999999999999996,1383,1,TRUE
tt0103376,3578,3778,Bottom,1991,18+,8.2/10,64/100,0,0,1,0,1,8.2,8.3,15389,tvSeries,Exact (title + year),0.100000000000001,8.2,12017,0.100000000000001,3372,1,TRUE
tt0103405,3623,3835,"Dr. Quinn, Medicine Woman",1993,7+,6.7/10,60/100,0,0,1,0,1,6.7,6.9,15218,tvSeries,Exact (title + year),0.2,6.7,10362,0.2,4856,1,TRUE
tt0103428,5151,5484,Goof Troop,1992,all,6.8/10,55/100,0,0,0,1,1,6.8,6.8,10069,tvSeries,Exact (title + year),0,6.8,7964,0,2105,1,TRUE
tt0103477,5153,5486,The Little Mermaid,1992,all,6.8/10,55/100,0,0,0,1,1,6.8,6.8,7001,tvSeries,Exact (title + year),0,6.8,4369,0,2632,1,TRUE
tt0103484,3563,3755,Mad About You,1992,16+,6.7/10,66/100,0,0,1,0,1,6.7,6.8,27346,tvSeries,Exact (title + year),0.0999999999999996,6.7,21698,0.0999999999999996,5648,1,TRUE
tt0103491,2561,2658,Melrose Place,1992,16+,5.8/10,57/100,0,1,1,0,1,5.8,6,14441,tvSeries,Exact (title + year),0.2,5.8,11256,0.2,3185,2,FALSE
tt0103524,2649,2751,Renegade,1992,16+,6.0/10,55/100,0,1,0,0,1,6,6,6423,tvSeries,Exact (title + year),0,6,4683,0,1740,1,TRUE
tt0105929,2107,2144,Absolutely Fabulous,1992,16+,8.1/10,74/100,0,1,0,0,1,8.1,8.2,23464,tvSeries,Exact (title + year),0.0999999999999996,8.1,18448,0.0999999999999996,5016,1,TRUE
tt0105930,3955,4232,Acapulco H.E.A.T.,1993,16+,5.8/10,45/100,0,0,1,0,1,5.8,5.7,962,tvSeries,Exact (title + year),-0.0999999999999996,5.8,671,-0.0999999999999996,291,1,TRUE
tt0105941,2218,2269,Animaniacs,1993,all,7.9/10,69/100,0,1,0,0,1,7.9,7.8,27847,tvSeries,Exact (title + year),-0.100000000000001,7.9,21951,-0.100000000000001,5896,1,TRUE
tt0105958,5073,5397,Boy Meets World,1993,all,8.0/10,72/100,0,0,0,1,1,8,8.1,50208,tvSeries,Exact (title + year),0.0999999999999996,8,39599,0.0999999999999996,10609,1,TRUE
tt0106004,1991,2012,Frasier,1993,7+,8.1/10,83/100,0,1,0,0,1,8.1,8.2,103707,tvSeries,Exact (title + year),0.0999999999999996,8.1,75711,0.0999999999999996,27996,1,TRUE
tt0106017,3775,4021,Grace Under Fire,1993,7+,6.4/10,52/100,0,0,1,0,1,6.4,6.4,4909,tvSeries,Exact (title + year),0,6.3,3490,0.100000000000001,1419,1,TRUE
tt0106056,2503,2596,Living Single,1993,7+,7.5/10,59/100,0,1,0,0,1,7.5,7.8,7676,tvSeries,Exact (title + year),0.3,7.5,4644,0.3,3032,1,TRUE
tt0106079,2349,2418,NYPD Blue,1993,16+,7.6/10,64/100,0,1,1,0,1,7.6,7.8,18422,tvSeries,Exact (title + year),0.2,7.6,12158,0.2,6264,2,FALSE
tt0106122,2885,3006,Saved by the Bell: The College Years,1993,7+,6.3/10,48/100,0,1,0,0,1,6.3,6.3,5808,tvSeries,Exact (title + year),0,6.3,4502,0,1306,1,TRUE
tt0106140,3596,3799,Sonic the Hedgehog,1993,7+,6.8/10,63/100,0,1,1,0,1,6.8,6.8,5895,tvSeries,Exact (title + year),0,6.8,4615,0,1280,2,FALSE
tt0106145,104,105,Star Trek: Deep Space Nine,1993,7+,8.0/10,80/100,1,1,1,0,1,8,8.1,77952,tvSeries,Exact (title + year),0.0999999999999996,8,54886,0.0999999999999996,23066,3,FALSE
tt0106179,1969,1983,The X-Files,1993,18+,8.6/10,87/100,0,1,0,0,1,8.6,8.6,274979,tvSeries,Exact (title + year),0,8.6,203786,0,71193,1,TRUE
tt0108711,4052,4337,Body & Soul,1993,"",8.1/10,42/100,0,0,1,0,1,8.1,7.8,364,tvMiniSeries,Exact (title + year),-0.3,8.1,280,-0.3,84,1,TRUE
tt0108757,2160,2203,ER,1994,16+,7.7/10,72/100,0,1,0,0,1,7.7,7.9,79679,tvSeries,Exact (title + year),0.2,7.7,52139,0.2,27540,1,TRUE
tt0108783,5093,5421,Gargoyles,1994,7+,8.1/10,64/100,0,0,0,1,1,8.1,8,20334,tvSeries,Exact (title + year),-0.0999999999999996,8.1,14825,-0.0999999999999996,5509,1,TRUE
tt0108800,1044,1047,Heartbreak High,1994,7+,7.8/10,51/100,1,0,0,0,1,7.8,7.8,3911,tvSeries,Exact (title + year),0,7.8,2826,0,1085,1,TRUE
tt0108847,531,534,The Magic School Bus,1994,all,7.8/10,62/100,1,0,0,0,1,7.8,7.8,12820,tvSeries,Exact (title + year),0,7.8,8586,0,4234,1,TRUE
tt0108858,3739,3978,Middlemarch,1994,"",7.4/10,53/100,0,0,1,0,1,7.4,7.4,3194,tvMiniSeries,Exact (title + year),0,7.5,2307,-0.0999999999999996,887,1,TRUE
tt0108868,2990,3117,Mrs. Piggle-Wiggle,1994,all,7.1/10,44/100,0,1,0,0,1,7.1,6.9,78,tvSeries,Exact (title + year),-0.199999999999999,7.1,47,-0.199999999999999,31,1,TRUE
tt0108872,2074,2109,My So-Called Life,1994,16+,8.3/10,76/100,0,1,0,0,1,8.3,8.4,23446,tvSeries,Exact (title + year),0.0999999999999996,8.3,19412,0.0999999999999996,4034,1,TRUE
tt0108894,2271,2329,Party of Five,1994,7+,6.8/10,67/100,0,1,0,0,1,6.8,6.9,12203,tvSeries,Exact (title + year),0.100000000000001,6.8,9569,0.100000000000001,2634,1,TRUE
tt0108927,665,668,"Sister, Sister",1994,7+,6.3/10,59/100,1,1,0,0,1,6.3,6.3,14756,tvSeries,Exact (title + year),0,6.2,11551,0.0999999999999996,3205,2,FALSE
tt0108961,3663,3887,Time Team,1994,all,8.5/10,57/100,0,0,1,0,1,8.5,8.6,1991,tvSeries,Exact (title + year),0.0999999999999996,8.5,1280,0.0999999999999996,711,1,TRUE
tt0108968,3725,3962,Touched by an Angel,1994,7+,6.0/10,54/100,0,0,1,0,1,6,6.1,8986,tvSeries,Exact (title + year),0.0999999999999996,6,6444,0.0999999999999996,2542,1,TRUE
tt0111056,3067,3195,Gensomaden Saiyuki,2000,16+,7.4/10,41/100,0,1,0,0,1,7.4,7.2,308,tvSeries,Exact (title + year),-0.2,7.5,202,-0.3,106,1,TRUE
tt0111880,2393,2469,American Gothic,1995,7+,8.1/10,62/100,0,1,0,0,1,8.1,8.1,5289,tvSeries,Exact (title + year),0,8.1,4237,0,1052,1,TRUE
tt0111958,3482,3638,Father Ted,1995,16+,8.6/10,79/100,0,0,1,0,1,8.6,8.6,48158,tvSeries,Exact (title + year),0,8.6,37252,0,10906,1,TRUE
tt0111987,487,490,Goosebumps,1995,all,7.7/10,63/100,1,0,0,0,1,7.7,7.6,17032,tvSeries,Exact (title + year),-0.100000000000001,7.7,12205,-0.100000000000001,4827,1,TRUE
tt0111993,3704,3937,Hamish Macbeth,1995,"",7.8/10,55/100,0,0,1,0,1,7.8,7.8,2929,tvSeries,Exact (title + year),0,7.8,1689,0,1240,1,TRUE
tt0112004,2786,2898,Hollyoaks,1995,16+,4.7/10,51/100,0,1,0,0,1,4.7,4.6,4804,tvSeries,Exact (title + year),-0.100000000000001,4.7,3954,-0.100000000000001,850,1,TRUE
tt0112123,2322,2385,Pinky and the Brain,1995,7+,7.8/10,65/100,0,1,0,0,1,7.8,7.8,35351,tvSeries,Exact (title + year),0,7.8,28593,0,6758,1,TRUE
tt0112130,1996,2019,Pride and Prejudice,1995,all,8.8/10,83/100,0,1,0,0,1,8.8,8.8,104452,tvMiniSeries,Exact (title + year),0,8.8,77981,0,26471,1,TRUE
tt0112159,91,92,Neon Genesis Evangelion,1995,16+,8.5/10,82/100,1,0,0,0,1,8.5,8.5,113321,tvSeries,Exact (title + year),0,8.5,54195,0,59126,1,TRUE
tt0112167,2232,2286,Sliders,1995,7+,7.4/10,69/100,0,1,0,0,1,7.4,7.4,22111,tvSeries,Exact (title + year),0,7.4,16947,0,5164,1,TRUE
tt0112175,5078,5402,Spider-Man,1994,all,8.4/10,70/100,0,0,0,1,1,8.4,8.4,39689,tvSeries,Exact (title + original-language year),0,8.4,27559,0,12130,1,TRUE
tt0112178,136,137,Star Trek: Voyager,1995,7+,7.8/10,78/100,1,1,1,0,1,7.8,7.9,84923,tvSeries,Exact (title + year),0.100000000000001,7.8,61077,0.100000000000001,23846,3,FALSE
tt0115083,2544,2640,7th Heaven,1996,7+,5.2/10,58/100,0,1,1,0,1,5.2,5.3,28521,tvSeries,Exact (title + year),0.0999999999999996,5.2,24343,0.0999999999999996,4178,2,FALSE
tt0115144,3785,4034,Cosby,1996,7+,6.3/10,51/100,0,0,1,0,1,6.3,6.2,2979,tvSeries,Exact (title + year),-0.0999999999999996,6.3,2312,-0.0999999999999996,667,1,TRUE
tt0115200,2225,2277,Hey Arnold!,1996,all,7.6/10,69/100,0,1,0,0,1,7.6,7.6,39598,tvSeries,Exact (title + year),0,7.6,31260,0,8338,1,TRUE
tt0115218,5210,5551,Iron Man,1994,7+,6.7/10,49/100,0,0,0,1,1,6.7,6.5,4147,tvSeries,Exact (title + year),-0.2,6.7,2959,-0.2,1188,1,TRUE
tt0115275,1105,1108,Moesha,1996,7+,5.8/10,50/100,1,1,0,0,1,5.8,6,4542,tvSeries,Exact (title + year),0.2,5.8,3357,0.2,1185,2,FALSE
tt0115324,4141,4435,Project G.e.e.K.e.R.,1996,all,7.5/10,39/100,0,0,1,0,1,7.5,7.9,116,tvSeries,Exact (title + year),0.4,7.5,75,0.4,41,1,TRUE
tt0115355,3568,3762,Silent Witness,1996,16+,7.8/10,65/100,0,0,1,0,1,7.8,7.9,15353,tvSeries,Exact (title + year),0.100000000000001,7.8,6286,0.100000000000001,9067,1,TRUE
tt0115690,4082,4368,Black Harbour,1996,"",8.0/10,41/100,0,0,1,0,1,8,7.9,103,tvSeries,Exact (title + year),-0.0999999999999996,7.9,82,0,21,1,TRUE
tt0118254,2250,2305,Ally McBeal,1997,16+,6.8/10,68/100,0,1,0,0,1,6.8,6.9,39257,tvSeries,Exact (title + year),0.100000000000001,6.8,31216,0.100000000000001,8041,1,TRUE
tt0118276,1982,2000,Buffy the Vampire Slayer,1997,16+,8.2/10,86/100,0,1,1,0,1,8.2,8.3,175793,tvSeries,Exact (title + year),0.100000000000001,8.2,133953,0.100000000000001,41840,2,FALSE
tt0118300,319,321,Dawson's Creek,1998,7+,6.6/10,69/100,1,1,0,0,1,6.6,6.8,48960,tvSeries,Exact (title + year),0.2,6.6,37612,0.2,11348,2,FALSE
tt0118303,2453,2540,Dharma & Greg,1997,16+,6.3/10,60/100,0,1,0,0,1,6.3,6.4,33851,tvSeries,Exact (title + year),0.100000000000001,6.3,28893,0.100000000000001,4958,1,TRUE
tt0118305,4279,4575,Drovers' Gold,1997,"",7.6/10,35/100,0,0,1,0,1,7.6,7.4,74,tvMiniSeries,Exact (title + year),-0.199999999999999,7.6,37,-0.199999999999999,37,1,TRUE
tt0118346,3769,4014,The Hunger,1997,18+,6.3/10,52/100,0,0,1,0,1,6.3,6.2,1373,tvSeries,Exact (title + year),-0.0999999999999996,6.3,853,-0.0999999999999996,520,1,TRUE
tt0118354,3961,4239,Ivanhoe,1997,7+,7.4/10,45/100,0,0,1,0,1,7.4,7.3,1327,tvMiniSeries,Exact (title + year),-0.100000000000001,7.4,1018,-0.100000000000001,309,1,TRUE
tt0118375,2180,2228,King of the Hill,1997,7+,7.3/10,71/100,0,1,0,0,1,7.3,7.6,66491,tvSeries,Exact (title + year),0.3,7.3,46597,0.3,19894,1,TRUE
tt0118437,2439,2523,The Practice,1997,16+,7.7/10,61/100,0,1,0,0,1,7.7,7.7,11759,tvSeries,Exact (title + year),0,7.7,8087,0,3672,1,TRUE
tt0118466,5144,5477,Smart Guy,1997,all,7.4/10,56/100,0,0,0,1,1,7.4,7.4,5969,tvSeries,Exact (title + year),0,7.4,4645,0,1324,1,TRUE
tt0118480,122,123,Stargate SG-1,1997,13+,8.4/10,79/100,1,1,0,0,1,8.4,8.4,110235,tvSeries,Exact (title + year),0,8.4,85387,0,24848,2,FALSE
tt0118497,3676,3905,Touching Evil,1997,"",7.9/10,57/100,0,0,1,0,1,7.9,7.8,2540,tvSeries,Exact (title + year),-0.100000000000001,7.9,1744,-0.100000000000001,796,1,TRUE
tt0118984,3662,3885,Dilbert,1999,7+,7.3/10,58/100,0,0,1,0,1,7.3,7.3,6175,tvSeries,Exact (title + year),0,7.3,5479,0,696,1,TRUE
tt0120756,3735,3974,Moby Dick,1998,7+,6.5/10,53/100,0,0,1,0,1,6.5,6.4,4421,tvMiniSeries,Exact (title + year),-0.0999999999999996,6.5,3749,-0.0999999999999996,672,1,TRUE
tt0121932,2631,2732,Extreme Ghostbusters,1997,7+,6.9/10,55/100,0,1,0,0,1,6.9,6.9,3627,tvSeries,Exact (title + year),0,6.9,2781,0,846,1,TRUE
tt0122815,5264,5609,Disney's Doug,1996,"",6.6/10,43/100,0,0,0,1,1,6.6,6.6,1017,tvSeries,Exact (title + year),0,6.6,551,0,466,1,TRUE
tt0122818,3900,4172,Enemy at the Door,1978,"",7.9/10,47/100,0,0,1,0,1,7.9,7.9,490,tvSeries,Exact (title + year),0,7.9,278,0,212,1,TRUE
tt0123366,3090,3219,The View,1997,16+,2.6/10,40/100,0,1,0,0,1,2.6,2.4,12219,tvSeries,Exact (title + year),-0.2,2.6,6747,-0.2,5472,1,TRUE
tt0123816,3644,3864,Earth: Final Conflict,1997,7+,6.2/10,59/100,0,0,1,0,1,6.2,6.3,5203,tvSeries,Exact (title + year),0.0999999999999996,6.2,3992,0.0999999999999996,1211,1,TRUE
tt0124228,2852,2970,Astro Boy,1980,all,7.3/10,49/100,0,1,1,0,1,7.3,7.3,1160,tvSeries,Exact (title + year),0,7.3,829,0,331,2,FALSE
tt0124932,2507,2601,20/20,1978,"",6.6/10,59/100,0,1,0,0,1,6.6,6.8,3098,tvSeries,Exact (title + year),0.2,6.6,1762,0.2,1336,1,TRUE
tt0126170,5101,5429,Recess,1997,7+,7.8/10,63/100,0,0,0,1,1,7.8,7.8,30760,tvSeries,Exact (title + year),0,7.8,23189,0,7571,1,TRUE
tt0129681,3910,4184,A Fortunate Life,1986,7+,7.9/10,46/100,0,0,1,0,1,7.9,7.8,134,tvMiniSeries,Exact (title + year),-0.100000000000001,7.9,76,-0.100000000000001,58,1,TRUE
tt0133302,3641,3861,Frontline,1983,18+,8.6/10,59/100,0,0,1,0,1,8.6,8.6,2596,tvSeries,Exact (title + year),0,8.6,1687,0,909,1,TRUE
tt0133303,2738,2843,The Gong Show,1976,7+,6.9/10,53/100,0,1,0,0,1,6.9,7,966,tvSeries,Exact (title + year),0.0999999999999996,6.9,701,0.0999999999999996,265,1,TRUE
tt0134247,2447,2533,Felicity,1998,16+,6.8/10,60/100,0,1,0,0,1,6.8,6.9,13982,tvSeries,Exact (title + year),0.100000000000001,6.8,10702,0.100000000000001,3280,1,TRUE
tt0136634,3778,4025,The Big Comfy Couch,1993,all,7.2/10,52/100,0,0,1,0,1,7.2,7.1,2119,tvSeries,"Fuzzy (title exact, year +-1)",-0.100000000000001,7.2,1339,-0.100000000000001,780,1,TRUE
tt0136658,5198,5538,Quack Pack,1996,7+,6.8/10,50/100,0,0,0,1,1,6.8,6.7,4729,tvSeries,Exact (title + year),-0.0999999999999996,6.8,3850,-0.0999999999999996,879,1,TRUE
tt0138959,2843,2959,Cold Squad,1998,16+,7.0/10,49/100,0,1,0,0,1,7,6.9,738,tvSeries,Exact (title + year),-0.0999999999999996,7,480,-0.0999999999999996,258,1,TRUE
tt0138967,5141,5474,Hercules,1998,all,6.6/10,57/100,0,0,0,1,1,6.6,6.6,11955,tvSeries,Exact (title + year),0,6.6,9714,0,2241,1,TRUE
tt0139774,2407,2485,Dragon Ball GT,1996,7+,6.8/10,62/100,0,1,0,0,1,6.8,6.8,32180,tvSeries,Exact (title + year),0,6.8,24263,0,7917,1,TRUE
tt0144700,5206,5546,101 Dalmatians: The Series,1997,all,6.2/10,49/100,0,0,0,1,1,6.2,6.1,2236,tvSeries,Exact (title + year),-0.100000000000001,6.2,1237,-0.100000000000001,999,1,TRUE
tt0144701,1014,1017,Barney & Friends,1992,all,3.9/10,52/100,1,0,1,0,1,3.9,4.1,8885,tvSeries,Exact (title + year),0.2,3.9,4421,0.2,4464,2,FALSE
tt0144727,3695,3926,Our Mutual Friend,1998,"",8.1/10,56/100,0,0,1,0,1,8.1,8,3043,tvMiniSeries,Exact (title + year),-0.0999999999999996,8.1,2328,-0.0999999999999996,715,1,TRUE
tt0145628,2506,2600,Popeye the Sailor,1960,all,7.1/10,59/100,0,1,0,0,1,7.1,7.1,15737,tvSeries,Exact (title + year),0,7.1,10588,0,5149,1,TRUE
tt0149460,1967,1979,Futurama,1999,16+,8.4/10,88/100,0,1,0,0,1,8.4,8.5,279524,tvSeries,Exact (title + year),0.0999999999999996,8.4,216194,0.0999999999999996,63330,1,TRUE
tt0156200,3887,4157,Babar,1989,all,6.5/10,47/100,0,0,1,0,1,6.5,6.5,5968,tvSeries,Exact (title + year),0,6.5,4688,0,1280,1,TRUE
tt0157246,2179,2227,Will & Grace,1998,16+,7.2/10,71/100,0,1,0,0,1,7.2,7.4,64532,tvSeries,Exact (title + year),0.2,7.2,51750,0.2,12782,1,TRUE
tt0159885,3948,4225,Kratts' Creatures,1996,all,8.2/10,45/100,0,0,1,0,1,8.2,8.2,336,tvSeries,Exact (title + year),0,8.1,223,0.0999999999999996,113,1,TRUE
tt0161952,465,467,Saint Seiya,1986,7+,8.5/10,64/100,1,0,1,0,1,8.5,8.4,12737,tvSeries,Exact (title + year),-0.0999999999999996,8.5,9345,-0.0999999999999996,3392,2,FALSE
tt0162065,2041,2073,Angel,1999,7+,7.9/10,79/100,0,1,1,0,1,7.9,7.9,81054,tvSeries,Exact (title + year),0,7.9,65748,0,15306,2,FALSE
tt0163924,2639,2740,All Saints,1998,16+,7.1/10,55/100,0,1,0,0,1,7.1,7.1,1849,tvSeries,Exact (title + year),0,7,1214,0.0999999999999996,635,1,TRUE
tt0165052,5128,5460,The New Adventures of Winnie the Pooh,1988,all,7.7/10,59/100,0,0,0,1,1,7.7,7.6,5580,tvSeries,Exact (title + year),-0.100000000000001,7.7,3461,-0.100000000000001,2119,1,TRUE
tt0166451,4597,4908,"Mysteries, Magic and Miracles",1994,"","",14/100,0,0,1,0,1,,6.6,33,tvSeries,Exact (title + year),,6.8,20,-0.2,13,1,TRUE
tt0166458,3857,4123,The Ruth Rendell Mysteries,1987,16+,6.8/10,48/100,0,0,1,0,1,6.8,6.9,857,tvSeries,Exact (title + year),0.100000000000001,6.8,369,0.100000000000001,488,1,TRUE
tt0166940,3965,4243,100 Years of Horror,1996,"",7.2/10,45/100,0,0,1,0,1,7.2,7,569,tvSeries,Exact (title + year),-0.2,7.2,362,-0.2,207,1,TRUE
tt0167742,3814,4067,Where on Earth is Carmen Sandiego?,1994,all,7.3/10,50/100,0,0,1,0,1,7.3,7.2,2341,tvSeries,Exact (title + year),-0.0999999999999996,7.3,1740,-0.0999999999999996,601,1,TRUE
tt0167872,3682,3912,David Copperfield,1999,7+,7.7/10,56/100,0,0,1,0,1,7.7,7.6,5539,tvMiniSeries,Exact (title + year),-0.100000000000001,7.7,4155,-0.100000000000001,1384,1,TRUE
tt0168366,218,219,Pokémon,1997,7+,7.5/10,73/100,1,1,1,0,1,7.5,7.6,56797,tvSeries,Exact (title + year),0.0999999999999996,7.5,38932,0.0999999999999996,17865,3,FALSE
tt0169247,5126,5458,So Weird,1999,7+,8.5/10,59/100,0,0,0,1,1,8.5,8.3,3605,tvSeries,Exact (title + year),-0.199999999999999,8.5,2691,-0.199999999999999,914,1,TRUE
tt0169414,3569,3766,Arthur,1996,7+,7.3/10,65/100,0,0,1,0,1,7.3,7.4,17836,tvSeries,Exact (title + year),0.100000000000001,7.3,12546,0.100000000000001,5290,1,TRUE
tt0169516,2729,2834,Young Hercules,1998,7+,5.8/10,53/100,0,1,0,0,1,5.8,5.7,2474,tvSeries,Exact (title + year),-0.0999999999999996,5.7,1787,0,687,1,TRUE
tt0170996,2993,3120,"Pinky, Elmyra & the Brain",1998,"",5.8/10,44/100,0,1,0,0,1,5.8,5.8,1075,tvSeries,Exact (title + year),0,5.8,681,0,394,1,TRUE
tt0173523,4029,4312,Ancient Inventions,1998,"",7.8/10,43/100,0,0,1,0,1,7.8,7.8,150,tvMiniSeries,Exact (title + year),0,7.8,118,0,32,1,TRUE
tt0173554,800,803,H,1998,"",7.4/10,56/100,1,0,0,0,1,7.4,7.4,2157,tvSeries,Exact (title + year),0,7.4,1528,0,629,1,TRUE
tt0174420,1671,1677,Popples,1986,all,6.5/10,39/100,1,0,0,0,1,6.5,6.3,288,tvSeries,Exact (title + year),-0.2,6.5,209,-0.2,79,1,TRUE
tt0175058,2253,2309,The Powerpuff Girls,1998,7+,7.3/10,68/100,0,1,0,0,1,7.3,7.3,52915,tvSeries,Exact (title + year),0,7.3,38387,0,14528,1,TRUE
tt0176095,371,373,The Challenge,1998,16+,7.7/10,67/100,1,1,1,0,1,7.7,8.1,5130,tvSeries,Exact (title + year),0.399999999999999,7.6,2656,0.5,2474,3,FALSE
tt0178147,4599,4910,Kings in Grass Castles,1998,"","",14/100,0,0,1,0,1,,7.4,171,tvMiniSeries,Exact (title + year),,7.4,113,0,58,1,TRUE
tt0179029,3918,4193,Little Men,1998,"",7.6/10,46/100,0,1,1,0,1,7.6,7.7,450,tvSeries,Exact (title + year),0.100000000000001,7.5,301,0.2,149,2,FALSE
tt0179558,3835,4091,The Busy World of Richard Scarry,1994,all,7.5/10,49/100,0,0,1,0,1,7.5,7.4,2364,tvSeries,"Fuzzy (title exact, year +-1)",-0.0999999999999996,7.5,1685,-0.0999999999999996,679,1,TRUE
tt0180342,4145,4439,Blockbusters,1980,"",7.3/10,39/100,0,0,1,0,1,7.3,7.2,144,tvSeries,Exact (title + year),-0.0999999999999996,7.3,90,-0.0999999999999996,54,1,TRUE
tt0180384,1129,1132,Supermarket Sweep,1990,all,7.5/10,50/100,1,1,1,0,1,7.5,7.5,1315,tvSeries,Exact (title + year),0,7.4,763,0.0999999999999996,552,3,FALSE
tt0182576,2010,2035,Family Guy,1999,16+,8.1/10,82/100,0,1,0,0,1,8.1,8.1,390672,tvSeries,Exact (title + year),0,8.1,310148,0,80524,1,TRUE
tt0182629,2204,2254,Rurouni Kenshin,1996,16+,8.5/10,70/100,0,1,1,0,1,8.5,8.5,22146,tvSeries,Exact (title + year),0,8.5,17811,0,4335,2,FALSE
tt0182633,4064,4350,Sergeant Preston of the Yukon,1955,"",7.6/10,41/100,0,0,1,0,1,7.6,7.5,433,tvSeries,Exact (title + year),-0.0999999999999996,7.7,319,-0.2,114,1,TRUE
tt0184135,3586,3787,The League of Gentlemen,1999,18+,8.4/10,64/100,0,0,1,0,1,8.4,8.4,13274,tvSeries,Exact (title + year),0,8.4,10368,0,2906,1,TRUE
tt0185102,3508,3675,Queer as Folk,1999,18+,8.2/10,74/100,0,0,1,0,1,8.2,8.2,8255,tvSeries,Exact (title + year),0,8.2,6154,0,2101,1,TRUE
tt0185103,2270,2328,WWE Raw,1993,7+,7.8/10,67/100,0,1,0,0,1,7.8,7.7,11040,tvSeries,Exact (title + original-language year),-0.0999999999999996,7.8,8370,-0.0999999999999996,2670,1,TRUE
tt0185133,2221,2273,Yu Yu Hakusho,1992,16+,8.4/10,69/100,0,1,0,0,1,8.4,8.5,18441,tvSeries,Exact (title + original-language year),0.0999999999999996,8.4,11891,0.0999999999999996,6550,1,TRUE
tt0187635,5172,5511,Fantastic Four,1994,7+,6.5/10,52/100,0,0,0,1,1,6.5,6.4,4522,tvSeries,Exact (title + original-language year),-0.0999999999999996,6.5,3175,-0.0999999999999996,1347,1,TRUE
tt0187636,3492,3652,Farscape,1999,16+,8.2/10,78/100,0,0,1,0,1,8.2,8.2,43074,tvSeries,Exact (title + year),0,8.3,34027,-0.100000000000001,9047,1,TRUE
tt0190211,3764,4008,Zoboomafoo,1999,7+,7.5/10,52/100,0,0,1,0,1,7.5,7.6,4296,tvSeries,Exact (title + year),0.0999999999999996,7.5,2722,0.0999999999999996,1574,1,TRUE
tt0191700,3954,4231,The Legend of William Tell,1998,"",7.2/10,45/100,0,0,1,0,1,7.2,7.1,316,tvSeries,Exact (title + year),-0.100000000000001,7.2,236,-0.100000000000001,80,1,TRUE
tt0193676,1973,1987,Freaks and Geeks,1999,16+,8.7/10,87/100,0,1,0,0,1,8.7,8.7,165221,tvSeries,Exact (title + year),0,8.8,132384,-0.100000000000001,32837,1,TRUE
tt0197161,4494,4796,It's A Miracle,1998,"","",22/100,0,0,1,0,1,,7.4,126,tvSeries,Exact (title + year),,8.2,74,-0.799999999999999,52,1,TRUE
tt0197176,4133,4426,Password Plus,1979,all,7.5/10,39/100,0,0,1,0,1,7.5,7.6,358,tvSeries,Exact (title + year),0.0999999999999996,7.5,192,0.0999999999999996,166,1,TRUE
tt0197911,5261,5606,Spider-Woman,1979,all,5.8/10,44/100,0,0,0,1,1,5.8,5.8,1199,tvSeries,Exact (title + year),0,5.8,660,0,539,1,TRUE
tt0198060,4303,4601,Beat the Clock,1979,"",6.8/10,35/100,0,0,1,0,1,6.8,6.7,61,tvSeries,Exact (title + year),-0.0999999999999996,6.8,39,-0.0999999999999996,22,1,TRUE
tt0200353,1214,1217,The Parkers,1999,7+,6.9/10,48/100,1,0,0,0,1,6.9,7,3001,tvSeries,Exact (title + year),0.0999999999999996,6.9,2028,0.0999999999999996,973,1,TRUE
tt0201391,2238,2292,Roswell,1999,16+,7.5/10,68/100,0,1,0,0,1,7.5,7.5,32284,tvSeries,Exact (title + year),0,7.5,27658,0,4626,1,TRUE
tt0202477,1223,1226,Monty Python's Fliegender Zirkus,1972,"",8.2/10,48/100,1,0,0,0,1,8.2,8,2419,tvMiniSeries,Exact (title + year),-0.199999999999999,8.2,1856,-0.199999999999999,563,1,TRUE
tt0203247,5253,5597,The Avengers: United They Stand,1999,7+,5.5/10,45/100,0,0,0,1,1,5.5,5.3,1304,tvSeries,Exact (title + year),-0.2,5.5,833,-0.2,471,1,TRUE
tt0203259,2059,2092,Law & Order: Special Victims Unit,1999,16+,8.0/10,78/100,0,1,0,0,1,8,8.1,146330,tvSeries,Exact (title + year),0.0999999999999996,8,85894,0.0999999999999996,60436,1,TRUE
tt0203268,5178,5518,Silver Surfer,1998,7+,7.1/10,52/100,0,0,0,1,1,7.1,7.1,3396,tvSeries,Exact (title + year),0,7.1,2096,0,1300,1,TRUE
tt0204082,3803,4055,Aristocrats,1999,7+,7.3/10,51/100,0,0,1,0,1,7.3,7.2,1965,tvMiniSeries,Exact (title + year),-0.0999999999999996,7.3,1493,-0.0999999999999996,472,1,TRUE
tt0205737,3799,4051,Amazon,1999,"",7.6/10,51/100,0,0,1,0,1,7.6,7.4,736,tvSeries,Exact (title + year),-0.199999999999999,7.5,600,-0.0999999999999996,136,1,TRUE
tt0206501,3581,3781,NOVA,1974,7+,8.7/10,64/100,0,0,1,0,1,8.7,8.7,3496,tvSeries,Exact (title + year),0,8.7,2388,0,1108,1,TRUE
tt0206511,5118,5448,Even Stevens,2000,all,7.6/10,60/100,0,0,0,1,1,7.6,7.6,16070,tvSeries,Exact (title + year),0,7.6,13777,0,2293,1,TRUE
tt0206512,3497,3659,SpongeBob SquarePants,1999,7+,8.2/10,77/100,0,0,1,0,1,8.2,8.2,127153,tvSeries,Exact (title + year),0,8.2,86386,0,40767,1,TRUE
tt0207120,5152,5485,Spider-Man Unlimited,1999,7+,6.4/10,55/100,0,0,0,1,1,6.4,6.3,4791,tvSeries,Exact (title + year),-0.100000000000001,6.4,2893,-0.100000000000001,1898,1,TRUE
tt0210418,2297,2358,Digimon Adventure,1999,7+,7.3/10,66/100,0,1,0,0,1,7.3,7.4,26522,tvSeries,Exact (title + year),0.100000000000001,7.3,20657,0.100000000000001,5865,1,TRUE
tt0211793,3844,4102,Cybersix,1999,16+,7.8/10,49/100,0,0,1,0,1,7.8,7.6,744,tvSeries,Exact (title + year),-0.2,7.8,505,-0.2,239,1,TRUE
tt0212671,2050,2083,Malcolm in the Middle,2000,7+,8.0/10,78/100,0,1,0,0,1,8,8.2,161881,tvSeries,Exact (title + year),0.199999999999999,8,120423,0.199999999999999,41458,1,TRUE
tt0213334,5226,5568,Bonkers,1993,all,6.8/10,47/100,0,0,0,1,1,6.8,6.7,1975,tvSeries,Exact (title + year),-0.0999999999999996,6.8,1314,-0.0999999999999996,661,1,TRUE
tt0213338,2026,2057,Cowboy Bebop,1998,16+,8.9/10,80/100,0,1,0,0,1,8.9,8.9,171805,tvSeries,Exact (title + year),0,8.9,93667,0,78138,1,TRUE
tt0218775,2911,3034,Monster Rancher,1999,7+,7.1/10,47/100,0,1,1,0,1,7.1,6.9,1714,tvSeries,Exact (title + year),-0.199999999999999,7.1,1286,-0.199999999999999,428,2,FALSE
tt0221735,474,476,Cardcaptor Sakura,1998,7+,8.0/10,64/100,1,0,0,0,1,8,8,6538,tvSeries,Exact (title + year),0,8,4524,0,2014,1,TRUE
tt0221740,4065,4351,Crime Stories,1999,"",7.3/10,41/100,0,0,1,0,1,7.3,7.2,164,tvSeries,"Fuzzy (title exact, year +-1)",-0.0999999999999996,7.3,107,-0.0999999999999996,57,1,TRUE
tt0222518,818,821,Adventures of Sonic the Hedgehog,1993,7+,6.2/10,55/100,1,0,0,0,1,6.2,6.3,4601,tvSeries,Exact (title + year),0.0999999999999996,6.2,2857,0.0999999999999996,1744,1,TRUE
tt0222519,3855,4120,The Adventures of Swiss Family Robinson,1998,"",7.4/10,48/100,0,0,1,0,1,7.4,7.3,695,tvSeries,Exact (title + year),-0.100000000000001,7.5,474,-0.2,221,1,TRUE
tt0233041,3672,3900,Clifford the Big Red Dog,2000,all,6.6/10,57/100,0,0,1,0,1,6.6,6.5,6443,tvSeries,Exact (title + year),-0.0999999999999996,6.6,4027,-0.0999999999999996,2416,1,TRUE
tt0233115,3939,4215,This Is Personal: The Hunt for the Yorkshire Ripper,2000,"",7.6/10,45/100,0,0,1,0,1,7.6,7.6,495,tvMiniSeries,Exact (title + year),0,7.6,330,0,165,1,TRUE
tt0234355,3709,3942,"Nu, pogodi!",1969,"",8.6/10,55/100,0,0,1,0,1,8.6,8.5,7270,tvSeries,Exact (title + original-language year),-0.0999999999999996,8.6,4754,-0.0999999999999996,2516,1,TRUE
tt0235917,3701,3933,Dora the Explorer,2000,all,4.2/10,55/100,0,0,1,0,1,4.2,4.5,10268,tvSeries,Exact (title + year),0.3,4.1,5697,0.4,4571,1,TRUE
tt0236908,2919,3042,Max Steel,2000,7+,6.3/10,47/100,0,1,0,0,1,6.3,6.2,712,tvSeries,Exact (title + year),-0.0999999999999996,6.3,506,-0.0999999999999996,206,1,TRUE
tt0237123,2708,2813,Coupling,2000,7+,3.6/10,53/100,0,1,0,0,1,3.6,8.5,50428,tvSeries,Exact (title + year),4.9,8.5,43436,0,6992,1,TRUE
tt0238784,67,68,Gilmore Girls,2000,16+,8.1/10,84/100,1,0,0,0,1,8.1,8.2,175698,tvSeries,Exact (title + year),0.0999999999999996,8.1,105104,0.0999999999999996,70594,1,TRUE
tt0239195,248,249,Survivor,2000,7+,7.2/10,72/100,1,1,1,0,1,7.2,7.6,30281,tvSeries,Exact (title + year),0.399999999999999,7.2,22312,0.399999999999999,7969,3,FALSE
tt0240272,3137,3268,Showtime at the Apollo,1987,all,6.0/10,38/100,0,1,0,0,1,6,6.8,221,tvSeries,Exact (title + year),0.8,6,127,0.8,94,1,TRUE
tt0240278,3635,3852,The Lost World,1999,7+,7.2/10,60/100,0,0,1,0,1,7.2,7.1,5022,tvSeries,Exact (title + year),-0.100000000000001,7.2,3698,-0.100000000000001,1324,1,TRUE
tt0244365,176,177,Star Trek: Enterprise,2001,7+,7.5/10,76/100,1,1,1,0,1,7.5,7.6,64739,tvSeries,Exact (title + year),0.0999999999999996,7.5,47588,0.0999999999999996,17151,3,FALSE
tt0244911,3611,3818,Malgudi Days,1987,all,9.5/10,62/100,0,0,1,0,1,9.5,9.4,4542,tvSeries,"Fuzzy (title exact, year +-1)",-0.0999999999999996,9.5,3517,-0.0999999999999996,1025,1,TRUE
tt0247082,2118,2155,CSI: Crime Scene Investigation,2000,16+,7.6/10,74/100,0,1,0,0,1,7.6,7.7,94550,tvSeries,Exact (title + year),0.100000000000001,7.6,77999,0.100000000000001,16551,1,TRUE
tt0247102,807,810,Girlfriends,2000,7+,7.2/10,56/100,1,0,0,0,1,7.2,7.5,5581,tvSeries,Exact (title + year),0.3,7.2,3889,0.3,1692,1,TRUE
tt0247827,2307,2369,X-Men: Evolution,2000,7+,7.8/10,66/100,0,1,0,1,1,7.8,7.8,14849,tvSeries,Exact (title + year),0,7.8,10898,0,3951,2,FALSE
tt0247882,293,295,Forensic Files,1996,16+,8.8/10,70/100,1,1,1,0,1,8.8,8.8,8262,tvSeries,Exact (title + year),0,8.8,5322,0,2940,3,FALSE
tt0251439,2073,2108,TRIGUN,1998,16+,8.3/10,77/100,0,1,0,0,1,8.3,8.2,26672,tvSeries,Exact (title + year),-0.100000000000001,8.3,19756,-0.100000000000001,6916,1,TRUE
tt0251512,3951,4228,HBO Comedy Half-Hour,1994,7+,8.0/10,45/100,0,0,1,0,1,8,7.9,394,tvSeries,Exact (title + year),-0.0999999999999996,8,271,-0.0999999999999996,123,1,TRUE
tt0252162,4146,4440,Popeye and Son,1987,all,5.7/10,39/100,0,0,1,0,1,5.7,5.7,415,tvSeries,Exact (title + year),0,5.7,292,0,123,1,TRUE
tt0255734,3601,3805,Grounded for Life,2001,16+,7.4/10,62/100,0,0,1,0,1,7.4,7.5,16739,tvSeries,Exact (title + year),0.0999999999999996,7.4,14422,0.0999999999999996,2317,1,TRUE
tt0255763,3996,4279,The Veil,1958,"",7.6/10,44/100,0,0,1,0,1,7.6,7.2,659,tvSeries,Exact (title + year),-0.399999999999999,7.6,400,-0.399999999999999,259,1,TRUE
tt0256546,3283,3416,Los Beltrán,1999,"","",25/100,0,1,0,0,1,,8.3,33,tvSeries,Exact (title + year),,8.4,18,-0.0999999999999996,15,1,TRUE
tt0257325,5274,5620,Teacher's Pet,2000,all,6.3/10,42/100,0,0,0,1,1,6.3,6.2,676,tvSeries,Exact (title + year),-0.0999999999999996,6.3,437,-0.0999999999999996,239,1,TRUE
tt0257330,4335,4634,Wild About Animals,1995,"",7.5/10,34/100,0,0,1,0,1,7.5,7.3,39,tvSeries,Exact (title + year),-0.2,7.5,28,-0.2,11,1,TRUE
tt0262150,3473,3627,Black Books,2000,7+,8.5/10,81/100,0,0,1,0,1,8.5,8.4,64629,tvSeries,Exact (title + year),-0.0999999999999996,8.5,55212,-0.0999999999999996,9417,1,TRUE
tt0262153,2848,2965,Caillou,1998,all,4.0/10,49/100,0,1,1,0,1,4,3.9,4645,tvSeries,"Fuzzy (title exact, year +-1)",-0.1,4,2766,-0.1,1879,2,FALSE
tt0266171,2575,2673,Outlaw Star,1998,16+,7.9/10,57/100,0,1,0,0,1,7.9,7.9,4430,tvSeries,Exact (title + year),0,7.9,3484,0,946,1,TRUE
tt0267188,4697,5013,Hitler's Holocaust,2001,"","",13/100,0,0,1,0,1,,8.4,183,tvSeries,"Fuzzy (title exact, year +-1)",,8.3,150,0.0999999999999996,33,1,TRUE
tt0270116,3007,3134,Charlie Rose,1991,all,7.5/10,44/100,0,1,0,0,1,7.5,7.5,1208,tvSeries,Exact (title + year),0,7.5,918,0,290,1,TRUE
tt0272397,651,654,Kath & Kim,2002,7+,8.3/10,60/100,1,0,0,0,1,8.3,8.4,5978,tvSeries,Exact (title + year),0.0999999999999996,8.3,3534,0.0999999999999996,2444,1,TRUE
tt0273366,5105,5434,Lizzie McGuire,2001,all,6.6/10,62/100,0,0,0,1,1,6.6,6.6,21769,tvSeries,Exact (title + year),0,6.6,17782,0,3987,1,TRUE
tt0273855,2284,2343,My Wife and Kids,2001,7+,6.8/10,67/100,0,1,0,0,1,6.8,7,31958,tvSeries,"Fuzzy (title exact, year +-1)",0.2,6.8,25642,0.2,6316,1,TRUE
tt0274240,5251,5595,The Book of Pooh,2001,all,6.5/10,45/100,0,0,0,1,1,6.5,6.3,593,tvSeries,Exact (title + year),-0.2,6.4,441,-0.100000000000001,152,1,TRUE
tt0277514,5221,5563,Out of the Box,1998,all,7.5/10,48/100,0,0,0,1,1,7.5,7.5,1170,tvSeries,Exact (title + year),0,7.5,872,0,298,1,TRUE
tt0278192,3881,4150,Felix the Cat,1958,"",6.8/10,47/100,0,0,1,0,1,6.8,6.7,1079,tvSeries,Exact (title + year),-0.0999999999999996,6.8,745,-0.0999999999999996,334,1,TRUE
tt0278228,4294,4591,The Pickwick Papers,1985,"",7.2/10,35/100,0,0,1,0,1,7.2,7.1,341,tvSeries,Exact (title + year),-0.100000000000001,7.2,213,-0.100000000000001,128,1,TRUE
tt0278250,4155,4450,Crime & Punishment,2002,"","",38/100,0,0,1,0,1,,7.3,125,tvSeries,Exact (title + original-language year),,8,91,-0.7,34,1,TRUE
tt0278866,5085,5411,Kim Possible,2002,all,7.2/10,66/100,0,0,0,1,1,7.2,7.3,36454,tvSeries,Exact (title + year),0.0999999999999996,7.2,24532,0.0999999999999996,11922,1,TRUE
tt0278876,3793,4044,The Saddle Club,2001,all,6.1/10,51/100,0,0,1,0,1,6.1,6.2,1273,tvSeries,Exact (title + year),0.100000000000001,6,917,0.2,356,1,TRUE
tt0278877,2456,2543,Sealab 2021,2000,16+,7.9/10,60/100,0,1,1,0,1,7.9,7.8,8738,tvSeries,Exact (title + year),-0.100000000000001,7.9,7470,-0.100000000000001,1268,2,FALSE
tt0279077,2242,2296,FLCL,2000,18+,8.2/10,68/100,0,1,0,0,1,8.2,8,21989,tvMiniSeries,Exact (title + year),-0.199999999999999,8.2,15776,-0.199999999999999,6213,1,TRUE
tt0279543,4191,4487,Miracle Pets,2001,"",7.5/10,38/100,0,0,1,0,1,7.5,7.7,58,tvSeries,Exact (title + year),0.2,7.5,46,0.2,12,1,TRUE
tt0279600,2022,2052,Smallville,2001,7+,7.5/10,80/100,0,1,0,0,1,7.5,7.5,155634,tvSeries,Exact (title + year),0,7.5,118507,0,37127,1,TRUE
tt0280249,2156,2199,Dragon Ball,1996,16+,8.5/10,72/100,0,1,0,0,1,8.5,8.5,76609,tvSeries,"Fuzzy (title exact, year +-1)",0,8.5,54380,0,22229,1,TRUE
tt0280277,3639,3858,Mr. Bean: The Animated Series,2002,all,6.9/10,59/100,0,0,1,0,1,6.9,6.9,17467,tvSeries,Exact (title + year),0,6.9,10581,0,6886,1,TRUE
tt0281491,570,573,Still Game,2002,16+,8.8/10,61/100,1,0,0,0,1,8.8,8.9,11458,tvSeries,Exact (title + year),0.0999999999999996,8.8,6473,0.0999999999999996,4985,1,TRUE
tt0281521,2878,2998,Weakest Link,2001,7+,5.4/10,48/100,0,1,0,0,1,5.4,5.5,1550,tvSeries,Exact (title + year),0.0999999999999996,5.5,1295,0,255,1,TRUE
tt0282291,2905,3028,Divorce Court,1999,16+,4.2/10,47/100,0,1,0,0,1,4.2,4.5,408,tvSeries,Exact (title + year),0.3,4.2,258,0.3,150,1,TRUE
tt0283208,3889,4159,One Night Stand,1989,18+,8.2/10,47/100,0,0,1,0,1,8.2,7.4,271,tvSeries,Exact (title + year),-0.799999999999999,7.5,196,-0.0999999999999996,75,1,TRUE
tt0283226,3616,3827,Totally Spies!,2001,7+,7.0/10,61/100,0,0,1,0,1,7,7.1,14397,tvSeries,Exact (title + year),0.0999999999999996,7,9057,0.0999999999999996,5340,1,TRUE
tt0283721,3779,4026,David the Gnome,1985,all,7.4/10,52/100,0,0,1,0,1,7.4,7.4,2969,tvSeries,Exact (title + year),0,7.4,2241,0,728,1,TRUE
tt0284722,2391,2467,Reba,2001,7+,6.5/10,63/100,0,1,0,0,1,6.5,6.8,19819,tvSeries,Exact (title + year),0.3,6.5,13682,0.3,6137,1,TRUE
tt0284770,908,911,One on One,2001,16+,7.2/10,54/100,1,0,1,0,1,7.2,7.2,2851,tvSeries,Exact (title + year),0,7.1,2004,0.100000000000001,847,2,FALSE
tt0284778,4439,4740,Sam's Game,2001,"",5.6/10,29/100,0,0,1,0,1,5.6,5.2,35,tvSeries,Exact (title + year),-0.399999999999999,5.3,18,-0.0999999999999996,17,1,TRUE
tt0285331,1980,1998,24,2001,16+,8.3/10,86/100,0,1,0,0,1,8.3,8.4,207604,tvSeries,Exact (title + year),0.0999999999999996,8.3,175009,0.0999999999999996,32595,1,TRUE
tt0285333,3479,3635,Alias,2001,16+,7.6/10,80/100,0,0,1,0,1,7.6,7.6,58047,tvSeries,Exact (title + year),0,7.6,46444,0,11603,1,TRUE
tt0285335,2235,2289,The Amazing Race,2001,7+,7.6/10,68/100,0,1,1,0,1,7.6,7.8,16569,tvSeries,Exact (title + year),0.2,7.6,13559,0.2,3010,2,FALSE
tt0285341,3680,3910,The Bernie Mac Show,2001,7+,7.0/10,56/100,0,0,1,0,1,7,7.3,9386,tvSeries,Exact (title + year),0.3,7,7098,0.3,2288,1,TRUE
tt0285370,2450,2537,The Guardian,2001,7+,7.4/10,60/100,0,1,1,0,1,7.4,7.4,6575,tvSeries,Exact (title + year),0,7.4,4758,0,1817,2,FALSE
tt0285403,1975,1990,Scrubs,2001,16+,8.3/10,87/100,0,1,1,0,1,8.3,8.4,286947,tvSeries,Exact (title + year),0.0999999999999996,8.3,240721,0.0999999999999996,46226,2,FALSE
tt0286486,1985,2004,The Shield,2002,18+,8.7/10,85/100,0,1,0,0,1,8.7,8.7,97953,tvSeries,Exact (title + year),0,8.7,73538,0,24415,1,TRUE
tt0289649,1001,1004,Okupas,2000,18+,9.1/10,52/100,1,0,0,0,1,9.1,8.9,4079,tvMiniSeries,Exact (title + year),-0.199999999999999,9.1,964,-0.199999999999999,3115,1,TRUE
tt0290223,302,304,InuYasha,2000,16+,7.9/10,69/100,1,1,0,0,1,7.9,7.9,20071,tvSeries,Exact (title + year),0,7.9,14947,0,5124,2,FALSE
tt0290966,2451,2538,Jeremiah,2002,18+,7.0/10,60/100,0,1,1,0,1,7,7,4953,tvSeries,Exact (title + year),0,7,4249,0,704,2,FALSE
tt0290978,1990,2010,The Office,2001,16+,8.5/10,84/100,0,1,1,0,1,8.5,8.5,133271,tvSeries,Exact (title + year),0,8.5,101450,0,31821,2,FALSE
tt0290988,256,257,Trailer Park Boys,2001,18+,8.5/10,71/100,1,0,0,0,1,8.5,8.5,58149,tvSeries,Exact (title + year),0,8.5,38386,0,19763,1,TRUE
tt0292414,2474,2563,McLeod's Daughters,2001,16+,7.2/10,60/100,0,1,0,0,1,7.2,7.4,7175,tvSeries,Exact (title + year),0.2,7.2,5122,0.2,2053,1,TRUE
tt0293737,5134,5467,The Proud Family,2001,all,6.4/10,58/100,0,0,0,1,1,6.4,6.6,9073,tvSeries,Exact (title + year),0.199999999999999,6.4,6491,0.199999999999999,2582,1,TRUE
tt0294032,3968,4246,Civil War Journal,1993,"",8.2/10,45/100,0,0,1,0,1,8.2,8.2,161,tvSeries,Exact (title + year),0,8.2,125,0,36,1,TRUE
tt0295066,4045,4329,Atlantis High,2001,all,7.9/10,42/100,0,0,1,0,1,7.9,6.9,133,tvSeries,Exact (title + year),-1,7.8,86,-0.9,47,1,TRUE
tt0295080,2620,2721,Digimon Tamers,2001,7+,7.7/10,56/100,0,1,0,0,1,7.7,7.6,3652,tvSeries,Exact (title + year),-0.100000000000001,7.7,1870,-0.100000000000001,1782,1,TRUE
tt0297556,4174,4469,Extinct,2001,"",7.3/10,38/100,0,0,1,0,1,7.3,7.7,55,tvSeries,Exact (title + year),0.4,7.3,27,0.4,28,1,TRUE
tt0297571,3821,4076,The Jury,2002,18+,7.8/10,50/100,0,0,1,0,1,7.8,7.6,1549,tvSeries,Exact (title + year),-0.2,7.8,985,-0.2,564,1,TRUE
tt0297607,4161,4456,The Prosecutors: In Pursuit of Justice,2000,"",7.8/10,38/100,0,0,1,0,1,7.8,7.8,51,tvSeries,Exact (title + year),0,7.8,24,0,27,1,TRUE
tt0297626,4202,4498,Screen Two,1985,"",6.3/10,37/100,0,0,1,0,1,6.3,6.7,316,tvSeries,"Fuzzy (title exact, year +-1)",0.4,6.3,149,0.4,167,1,TRUE
tt0299286,4113,4406,The Dreamstone,1990,all,8.1/10,40/100,0,0,1,0,1,8.1,7.9,456,tvSeries,Exact (title + year),-0.199999999999999,8,344,-0.0999999999999996,112,1,TRUE
tt0300865,5114,5443,That's So Raven,2003,all,6.6/10,60/100,0,0,0,1,1,6.6,6.7,23330,tvSeries,Exact (title + year),0.100000000000001,6.6,18259,0.100000000000001,5071,1,TRUE
tt0300879,3721,3955,The Way We Live Now,2001,16+,7.6/10,54/100,0,0,1,0,1,7.6,7.6,3594,tvMiniSeries,Exact (title + year),0,7.6,2866,0,728,1,TRUE
tt0303461,1959,1971,Firefly,2002,16+,9.0/10,90/100,0,1,0,0,1,9,8.9,303260,tvSeries,Exact (title + year),-0.0999999999999996,9,247612,-0.0999999999999996,55648,1,TRUE
tt0305056,3220,3352,Last Call with Carson Daly,2002,16+,2.9/10,33/100,0,1,0,0,1,2.9,3.1,1360,tvSeries,Exact (title + year),0.2,2.9,1137,0.2,223,1,TRUE
tt0306274,512,515,"What's New, Scooby-Doo?",2002,7+,7.3/10,63/100,1,0,0,0,1,7.3,7.4,13373,tvSeries,Exact (title + year),0.100000000000001,7.3,8342,0.100000000000001,5031,1,TRUE
tt0306306,3736,3975,A Cook's Tour,2002,16+,8.2/10,53/100,0,0,1,0,1,8.2,8.3,1122,tvSeries,Exact (title + original-language year),0.100000000000001,8.2,631,0.100000000000001,491,1,TRUE
tt0309141,3666,3893,Cyberchase,2002,all,6.8/10,57/100,0,0,1,0,1,6.8,6.9,3387,tvSeries,Exact (title + year),0.100000000000001,6.8,2148,0.100000000000001,1239,1,TRUE
tt0309226,2982,3107,VanDread,2000,16+,7.1/10,45/100,0,1,0,0,1,7.1,7,990,tvSeries,Exact (title + year),-0.0999999999999996,7.1,826,-0.0999999999999996,164,1,TRUE
tt0312151,3031,3158,Juana la virgen,2002,"",6.1/10,42/100,0,1,0,0,1,6.1,5.9,209,tvSeries,Exact (title + year),-0.199999999999999,6,131,-0.0999999999999996,78,1,TRUE
tt0312172,3471,3624,Monk,2002,16+,8.0/10,81/100,0,0,1,0,1,8,8.1,102400,tvSeries,Exact (title + year),0.0999999999999996,8,67259,0.0999999999999996,35141,1,TRUE
tt0313038,2710,2815,The Bachelor,2002,16+,3.2/10,53/100,0,1,0,0,1,3.2,3.3,8012,tvSeries,Exact (title + year),0.0999999999999996,3.2,6526,0.0999999999999996,1486,1,TRUE
tt0313043,2350,2419,CSI: Miami,2002,16+,6.4/10,64/100,0,1,0,0,1,6.4,6.5,64757,tvSeries,Exact (title + year),0.0999999999999996,6.4,54069,0.0999999999999996,10688,1,TRUE
tt0314975,2883,3004,The Adventures of Paddington Bear,1997,all,7.1/10,48/100,0,1,0,0,1,7.1,7.1,574,tvSeries,Exact (title + year),0,7.1,415,0,159,1,TRUE
tt0318233,2446,2532,My Life as a Teenage Robot,2003,all,6.9/10,60/100,0,1,0,0,1,6.9,6.9,11623,tvSeries,"Fuzzy (title exact, year +-1)",0,6.9,9068,0,2555,1,TRUE
tt0319931,2690,2795,American Idol,2002,7+,4.1/10,54/100,0,1,0,0,1,4.1,4.3,22805,tvSeries,Exact (title + year),0.2,4.1,21043,0.2,1762,1,TRUE
tt0319935,4126,4419,Angelina Ballerina,2002,all,5.8/10,39/100,0,0,1,0,1,5.8,5.6,753,tvSeries,"Fuzzy (title exact, year +-1)",-0.2,5.8,378,-0.2,375,1,TRUE
tt0320024,1060,1063,Half & Half,2002,7+,7.1/10,51/100,1,0,0,0,1,7.1,7.2,2362,tvSeries,Exact (title + year),0.100000000000001,7,1541,0.2,821,1,TRUE
tt0320037,2539,2635,Jimmy Kimmel Live!,2003,16+,6.5/10,58/100,0,1,0,0,1,6.5,6.4,20002,tvSeries,Exact (title + year),-0.0999999999999996,6.5,14741,-0.0999999999999996,5261,1,TRUE
tt0321897,2654,2756,Daniel Deronda,2002,"",7.2/10,55/100,0,1,0,0,1,7.2,7.2,5604,tvMiniSeries,Exact (title + year),0,7.2,4523,0,1081,1,TRUE
tt0324723,3991,4273,Chiller,1995,"",6.5/10,44/100,0,0,1,0,1,6.5,6.4,408,tvSeries,Exact (title + year),-0.0999999999999996,6.5,219,-0.0999999999999996,189,1,TRUE
tt0325547,2494,2586,Hellsing,2001,18+,7.9/10,59/100,0,1,0,0,1,7.9,7.7,20807,tvMiniSeries,Exact (title + year),-0.2,7.9,15038,-0.2,5769,1,TRUE
tt0327282,4330,4629,Fanny by Gaslight,1981,18+,6.5/10,34/100,0,0,1,0,1,6.5,6.1,79,tvMiniSeries,Exact (title + year),-0.4,6.5,33,-0.4,46,1,TRUE
tt0327386,3720,3954,The Twelve Kingdoms,2002,16+,8.1/10,54/100,0,0,1,0,1,8.1,7.8,2491,tvSeries,Exact (title + year),-0.3,8.1,1840,-0.3,651,1,TRUE
tt0328739,2519,2615,Full Metal Panic!,2002,16+,7.7/10,58/100,0,1,0,0,1,7.7,7.6,6366,tvSeries,Exact (title + year),-0.100000000000001,7.7,5215,-0.100000000000001,1151,1,TRUE
tt0331136,3066,3194,Inside the NFL,1977,7+,6.9/10,41/100,0,1,0,0,1,6.9,7.1,445,tvSeries,Exact (title + year),0.199999999999999,6.9,326,0.199999999999999,119,1,TRUE
tt0338655,3893,4163,Rose and Maloney,2002,"",7.4/10,47/100,0,0,1,0,1,7.4,7.6,1362,tvSeries,Exact (title + year),0.199999999999999,7.4,287,0.199999999999999,1075,1,TRUE
tt0339968,1109,1112,Scare Tactics,2003,16+,6.7/10,50/100,1,0,0,0,1,6.7,6.7,2688,tvSeries,Exact (title + year),0,6.7,2369,0,319,1,TRUE
tt0340281,5138,5471,Phil of the Future,2004,7+,7.0/10,57/100,0,0,0,1,1,7,6.9,8463,tvSeries,Exact (title + year),-0.0999999999999996,7,7026,-0.0999999999999996,1437,1,TRUE
tt0341855,4085,4372,La Femme Musketeer,2004,7+,5.7/10,41/100,0,0,1,0,1,5.7,5.6,1253,tvSeries,Exact (title + year),-0.100000000000001,5.7,1000,-0.100000000000001,253,1,TRUE
tt0348894,643,646,The Bachelorette,2003,16+,3.4/10,60/100,1,1,0,0,1,3.4,3.5,6281,tvSeries,Exact (title + year),0.1,3.4,4999,0.1,1282,2,FALSE
tt0353049,71,72,Chappelle's Show,2003,18+,8.7/10,83/100,1,0,0,0,1,8.7,8.8,79211,tvSeries,Exact (title + year),0.100000000000001,8.8,56797,0,22414,1,TRUE
tt0357400,4135,4428,Unsolved History,2002,"",7.1/10,39/100,0,0,1,0,1,7.1,7,129,tvSeries,Exact (title + year),-0.0999999999999996,7.1,103,-0.0999999999999996,26,1,TRUE
tt0358809,4417,4718,Critical Rescue,2003,"",5.9/10,30/100,0,0,1,0,1,5.9,5.9,20,tvSeries,Exact (title + year),0,5.5,12,0.4,8,1,TRUE
tt0358856,2320,2383,Little Britain,2003,18+,7.6/10,65/100,0,1,0,0,1,7.6,7.7,28291,tvSeries,Exact (title + year),0.100000000000001,7.6,22377,0.100000000000001,5914,1,TRUE
tt0360255,4251,4547,Diagnosis: Unknown,2002,"",8.6/10,36/100,0,0,1,0,1,8.6,8.7,37,tvSeries,Exact (title + year),0.0999999999999996,8.6,20,0.0999999999999996,17,1,TRUE
tt0361217,2124,2162,Nip/Tuck,2003,18+,7.6/10,74/100,0,1,0,0,1,7.6,7.7,62122,tvSeries,Exact (title + year),0.100000000000001,7.6,53390,0.100000000000001,8732,1,TRUE
tt0361243,5082,5407,Star Wars: Clone Wars,2003,7+,7.8/10,68/100,0,0,0,1,1,7.8,7.9,32915,tvSeries,Exact (title + year),0.100000000000001,7.8,23664,0.100000000000001,9251,1,TRUE
tt0362153,3977,4256,The Simple Life,2003,16+,3.9/10,44/100,0,0,1,0,1,3.9,4.3,6216,tvSeries,Exact (title + year),0.4,3.9,5313,0.4,903,1,TRUE
tt0362355,4120,4413,Most Haunted,2002,7+,5.0/10,40/100,0,0,1,0,1,5,5,1654,tvSeries,Exact (title + year),0,5,1326,0,328,1,TRUE
tt0362357,2344,2412,New Tricks,2003,7+,7.8/10,64/100,0,1,0,0,1,7.8,8,10157,tvSeries,Exact (title + year),0.2,7.8,5573,0.2,4584,1,TRUE
tt0363307,599,602,America's Next Top Model,2003,7+,5.5/10,61/100,1,1,1,0,1,5.5,5.6,19310,tvSeries,Exact (title + year),0.0999999999999996,5.5,17304,0.0999999999999996,2006,3,FALSE
tt0363328,2214,2265,Drake & Josh,2004,all,7.7/10,69/100,0,1,0,0,1,7.7,7.7,47161,tvSeries,Exact (title + year),0,7.7,36377,0,10784,1,TRUE
tt0364314,3681,3911,Dr. G: Medical Examiner,2004,16+,8.4/10,56/100,0,0,1,0,1,8.4,8.4,856,tvSeries,Exact (title + year),0,8.3,524,0.0999999999999996,332,1,TRUE
tt0364774,5125,5457,Lilo & Stitch: The Series,2003,all,6.8/10,59/100,0,0,0,1,1,6.8,6.8,13353,tvSeries,Exact (title + year),0,6.8,8805,0,4548,1,TRUE
tt0364845,93,94,NCIS,2003,16+,7.7/10,81/100,1,0,0,0,1,7.7,7.8,177509,tvSeries,Exact (title + year),0.0999999999999996,7.7,123588,0.0999999999999996,53921,1,TRUE
tt0364863,3751,3993,RahXephon,2002,16+,7.2/10,53/100,0,0,1,0,1,7.2,7.2,1932,tvSeries,Exact (title + year),0,7.2,1592,0,340,1,TRUE
tt0366005,2231,2285,Danny Phantom,2004,7+,7.1/10,69/100,0,1,0,0,1,7.1,7.2,23561,tvSeries,"Fuzzy (title exact, year +-1)",0.100000000000001,7.1,16002,0.100000000000001,7559,1,TRUE
tt0367279,30,31,Arrested Development,2003,16+,8.7/10,87/100,1,1,0,0,1,8.7,8.6,345447,tvSeries,Exact (title + year),-0.0999999999999996,8.7,281893,-0.0999999999999996,63554,2,FALSE
tt0367413,729,732,Sonic X,2003,16+,6.2/10,57/100,1,1,1,0,1,6.2,6.4,6817,tvSeries,Exact (title + year),0.2,6.2,3898,0.2,2919,3,FALSE
tt0368530,2123,2161,One Tree Hill,2003,16+,7.7/10,74/100,0,1,0,0,1,7.7,7.8,95444,tvSeries,Exact (title + year),0.0999999999999996,7.7,73221,0.0999999999999996,22223,1,TRUE
tt0369081,2814,2926,Ask This Old House,2002,all,7.8/10,50/100,0,1,0,0,1,7.8,8,468,tvSeries,Exact (title + year),0.2,7.8,300,0.2,168,1,TRUE
tt0369117,2360,2430,House Hunters,1999,all,8.1/10,64/100,0,1,0,0,1,8.1,6.7,2081,tvSeries,Exact (title + year),-1.4,6.7,1443,0,638,1,TRUE
tt0369179,3499,3661,Two and a Half Men,2003,16+,7.0/10,77/100,0,0,1,0,1,7,7.1,299788,tvSeries,Exact (title + year),0.0999999999999996,7,245122,0.0999999999999996,54666,1,TRUE
tt0374463,3464,3611,The Pacific,2010,18+,8.3/10,83/100,0,0,1,0,1,8.3,8.3,144883,tvMiniSeries,Exact (title + year),0,8.3,102312,0,42571,1,TRUE
tt0377156,3909,4183,Clifford's Puppy Days,2003,all,6.7/10,46/100,0,0,1,0,1,6.7,6.6,454,tvSeries,Exact (title + year),-0.100000000000001,6.7,241,-0.100000000000001,213,1,TRUE
tt0380086,3150,3281,Anderson Cooper 360°,2003,"",4.9/10,38/100,0,1,0,0,1,4.9,5.4,1178,tvSeries,Exact (title + year),0.5,4.9,884,0.5,294,1,TRUE
tt0380926,3044,3172,Mad Mad House,2004,"",7.1/10,42/100,0,1,0,0,1,7.1,6.6,156,tvSeries,Exact (title + year),-0.5,7.1,135,-0.5,21,1,TRUE
tt0381798,2084,2119,Rescue Me,2004,18+,8.3/10,76/100,0,1,0,0,1,8.3,8.3,29992,tvSeries,Exact (title + year),0,8.3,25190,0,4802,1,TRUE
tt0383126,2120,2158,MythBusters,2003,7+,8.3/10,74/100,0,1,0,0,1,8.3,8.3,56838,tvSeries,Exact (title + year),0,8.3,50546,0,6292,1,TRUE
tt0387763,3326,3459,Pasión de Gavilanes,2003,"","",18/100,0,1,0,0,1,,7.8,3345,tvSeries,Exact (title + original-language year),,7.9,2033,-0.100000000000001,1312,1,TRUE
tt0387764,2014,2040,Peep Show,2003,18+,8.6/10,81/100,0,1,1,0,1,8.6,8.7,74250,tvSeries,Exact (title + year),0.0999999999999996,8.6,54604,0.0999999999999996,19646,2,FALSE
tt0387790,4062,4348,Warrior Women,2003,"",7.9/10,41/100,0,0,1,0,1,7.9,7.8,201,tvSeries,Exact (title + year),-0.100000000000001,7.9,157,-0.100000000000001,44,1,TRUE
tt0388629,54,55,One Piece,1999,7+,8.8/10,85/100,1,1,0,0,1,8.8,9,361153,tvSeries,Exact (title + year),0.199999999999999,8.8,77850,0.199999999999999,283303,2,FALSE
tt0388644,196,197,The Staircase,2005,16+,7.9/10,74/100,1,0,0,0,1,7.9,7.8,29661,tvSeries,"Fuzzy (title exact, year +-1)",-0.100000000000001,7.9,19786,-0.100000000000001,9875,1,TRUE
tt0389564,129,130,The 4400,2004,7+,7.3/10,79/100,1,0,0,0,1,7.3,7.3,48623,tvSeries,Exact (title + year),0,7.3,42769,0,5854,1,TRUE
tt0389668,3930,4205,Peep and the Big Wide World,2004,all,7.1/10,46/100,0,0,1,0,1,7.1,7.9,950,tvSeries,Exact (title + year),0.800000000000001,7.1,563,0.800000000000001,387,1,TRUE
tt0389680,3931,4206,Shaktimaan,1997,"",8.2/10,46/100,0,0,1,0,1,8.2,8.1,5855,tvSeries,Exact (title + year),-0.0999999999999996,8.2,4316,-0.0999999999999996,1539,1,TRUE
tt0396976,3074,3202,College Hill,2004,"",5.5/10,41/100,0,1,0,0,1,5.5,5.5,156,tvSeries,Exact (title + year),0,5.5,125,0,31,1,TRUE
tt0397306,2079,2114,American Dad!,2005,16+,7.3/10,76/100,0,1,0,0,1,7.3,7.4,145156,tvSeries,Exact (title + year),0.100000000000001,7.3,118591,0.100000000000001,26565,1,TRUE
tt0401019,3741,3980,Island at War,2004,"",7.6/10,53/100,0,0,1,0,1,7.6,7.6,2232,tvMiniSeries,Exact (title + year),0,7.6,1383,0,849,1,TRUE
tt0402471,2938,3061,Living With Fran,2005,"",5.9/10,46/100,0,1,0,0,1,5.9,5.8,1535,tvSeries,Exact (title + year),-0.100000000000001,5.9,1245,-0.100000000000001,290,1,TRUE
tt0402711,2032,2064,Boston Legal,2004,16+,8.4/10,79/100,0,1,0,0,1,8.4,8.5,53969,tvSeries,Exact (title + year),0.0999999999999996,8.4,43275,0.0999999999999996,10694,1,TRUE
tt0406419,5225,5567,Higglytown Heroes,2004,all,5.0/10,47/100,0,0,0,1,1,5,5,789,tvSeries,Exact (title + year),0,5,412,0,377,1,TRUE
tt0408381,2181,2229,Doc Martin,2004,7+,8.3/10,71/100,0,1,0,0,1,8.3,8.4,23002,tvSeries,Exact (title + year),0.0999999999999996,8.3,13316,0.0999999999999996,9686,1,TRUE
tt0409591,92,93,Naruto,2002,7+,8.3/10,81/100,1,1,0,0,1,8.3,8.4,171193,tvSeries,Exact (title + year),0.0999999999999996,8.3,76916,0.0999999999999996,94277,2,FALSE
tt0410975,2030,2061,Desperate Housewives,2004,7+,7.5/10,79/100,0,1,0,0,1,7.5,7.7,155297,tvSeries,Exact (title + year),0.2,7.5,118602,0.2,36695,1,TRUE
tt0411008,1955,1966,Lost,2004,16+,8.3/10,91/100,0,1,0,0,1,8.3,8.3,678211,tvSeries,Exact (title + year),0,8.3,507250,0,170961,1,TRUE
tt0412142,3448,3584,House,2004,16+,8.7/10,92/100,0,0,1,0,1,8.7,8.7,597347,tvSeries,Exact (title + year),0,8.7,422635,0,174712,1,TRUE
tt0412175,2331,2397,Medium,2005,16+,7.0/10,65/100,0,1,0,0,1,7,7.2,33415,tvSeries,Exact (title + year),0.2,7,26215,0.2,7200,1,TRUE
tt0412253,2000,2023,Veronica Mars,2004,16+,8.3/10,83/100,0,1,0,0,1,8.3,8.3,83897,tvSeries,Exact (title + year),0,8.3,68153,0,15744,1,TRUE
tt0413573,29,30,Grey's Anatomy,2005,16+,7.5/10,87/100,1,1,0,0,1,7.5,7.6,376294,tvSeries,Exact (title + year),0.0999999999999996,7.5,261413,0.0999999999999996,114881,2,FALSE
tt0413616,3850,4111,Unscripted,2005,"",7.3/10,49/100,0,0,1,0,1,7.3,7.4,503,tvSeries,Exact (title + year),0.100000000000001,7.3,395,0.100000000000001,108,1,TRUE
tt0414731,2778,2890,Dante's Cove,2005,18+,5.9/10,51/100,0,1,0,0,1,5.9,5.8,2487,tvSeries,"Fuzzy (title exact, year +-1)",-0.100000000000001,5.9,2049,-0.100000000000001,438,1,TRUE
tt0416394,2105,2142,The Mighty Boosh,2004,16+,8.3/10,75/100,0,1,0,0,1,8.3,8.3,25420,tvSeries,"Fuzzy (title exact, year +-1)",0,8.3,20827,0,4593,1,TRUE
tt0417299,5,6,Avatar: The Last Airbender,2005,7+,9.3/10,93/100,1,0,1,0,1,9.3,9.3,450861,tvSeries,Exact (title + year),0,9.3,260952,0,189909,2,FALSE
tt0417311,768,771,Code Lyoko,2003,7+,7.3/10,57/100,1,0,0,0,1,7.3,7.3,6043,tvSeries,Exact (title + year),0,7.3,4708,0,1335,1,TRUE
tt0417373,2044,2076,The Venture Bros.,2004,18+,8.5/10,78/100,0,1,0,0,1,8.5,8.6,30297,tvSeries,"Fuzzy (title exact, year +-1)",0.0999999999999996,8.5,23850,0.0999999999999996,6447,1,TRUE
tt0419326,2381,2456,Foster's Home for Imaginary Friends,2004,7+,7.6/10,63/100,0,1,0,0,1,7.6,7.5,27104,tvSeries,Exact (title + year),-0.0999999999999996,7.6,19970,-0.0999999999999996,7134,1,TRUE
tt0421357,226,227,Fullmetal Alchemist,2003,16+,8.5/10,73/100,1,0,0,0,1,8.5,8.5,86725,tvSeries,Exact (title + year),0,8.5,64098,0,22627,1,TRUE
tt0421417,3058,3186,NY-LON,2004,18+,7.4/10,42/100,0,1,0,0,1,7.4,7.2,577,tvMiniSeries,Exact (title + year),-0.2,7.4,466,-0.2,111,1,TRUE
tt0421465,4189,4485,A Tale of Two Cities,1980,"",6.6/10,38/100,0,0,1,0,1,6.6,6.5,135,tvMiniSeries,Exact (title + year),-0.0999999999999996,6.6,84,-0.0999999999999996,51,1,TRUE
tt0421482,770,773,Winx Club,2004,all,6.2/10,57/100,1,0,0,0,1,6.2,6.4,9828,tvSeries,Exact (title + year),0.2,6.1,4595,0.300000000000001,5233,1,TRUE
tt0423652,2357,2427,The First 48,2004,18+,8.2/10,64/100,0,1,0,0,1,8.2,8.2,4808,tvSeries,Exact (title + year),0,8.2,3017,0,1791,1,TRUE
tt0423731,2034,2066,Samurai Champloo,2004,18+,8.5/10,79/100,0,1,0,0,1,8.5,8.5,64414,tvSeries,Exact (title + year),0,8.5,42278,0,22136,1,TRUE
tt0423746,5197,5537,Super Robot Monkey Team Hyperforce Go!,2004,7+,6.2/10,50/100,0,0,0,1,1,6.2,6.5,2885,tvSeries,Exact (title + year),0.3,6.2,1785,0.3,1100,1,TRUE
tt0426347,3217,3349,Fox News Sunday,1996,"",4.1/10,33/100,0,1,0,0,1,4.1,3.7,647,tvSeries,Exact (title + year),-0.399999999999999,4.1,487,-0.399999999999999,160,1,TRUE
tt0426371,5094,5422,The Suite Life of Zack & Cody,2005,all,6.5/10,64/100,0,0,0,1,1,6.5,6.7,43315,tvSeries,Exact (title + year),0.2,6.5,33515,0.2,9800,1,TRUE
tt0426666,644,647,Cold Case Files,1999,18+,8.1/10,60/100,1,1,1,0,1,8.1,8,2096,tvSeries,Exact (title + year),-0.0999999999999996,8.1,1511,-0.0999999999999996,585,3,FALSE
tt0426697,3651,3872,Ghost Hunters,2004,7+,6.2/10,59/100,0,0,1,0,1,6.2,6.3,7492,tvSeries,Exact (title + year),0.0999999999999996,6.2,6380,0.0999999999999996,1112,1,TRUE
tt0426711,2716,2821,Hikaru no Go,2001,all,8.3/10,53/100,0,1,0,0,1,8.3,8.2,1679,tvSeries,Exact (title + year),-0.100000000000001,8.3,1111,-0.100000000000001,568,1,TRUE
tt0426722,4317,4615,Interpol Investigates,2004,"",7.0/10,34/100,0,0,1,0,1,7,7.2,44,tvSeries,Exact (title + year),0.2,7,32,0.2,12,1,TRUE
tt0426774,4074,4360,Postcards from Buster,2004,all,6.0/10,41/100,0,0,1,0,1,6,5.8,272,tvSeries,Exact (title + year),-0.2,6,168,-0.2,104,1,TRUE
tt0429305,5145,5478,American Dragon: Jake Long,2005,all,6.6/10,56/100,0,0,0,1,1,6.6,6.6,15372,tvSeries,Exact (title + year),0,6.6,10390,0,4982,1,TRUE
tt0429318,2608,2709,The Biggest Loser,2004,7+,5.4/10,56/100,0,1,0,0,1,5.4,5.4,5428,tvSeries,Exact (title + year),0,5.4,4903,0,525,1,TRUE
tt0429422,3650,3871,ReGenesis,2004,18+,7.9/10,59/100,0,0,1,0,1,7.9,7.8,3686,tvSeries,Exact (title + year),-0.100000000000001,7.9,3165,-0.100000000000001,521,1,TRUE
tt0429438,4449,4751,Strange Love,2005,"",2.4/10,28/100,0,0,1,0,1,2.4,2.7,166,tvSeries,Exact (title + year),0.3,2.4,128,0.3,38,1,TRUE
tt0433309,2237,2291,Numb3rs,2005,7+,6.9/10,68/100,0,1,0,0,1,6.9,7,48130,tvSeries,Exact (title + year),0.0999999999999996,6.9,40020,0.0999999999999996,8110,1,TRUE
tt0433320,3957,4234,UFO Files,2004,7+,6.9/10,45/100,0,0,1,0,1,6.9,6.9,349,tvSeries,Exact (title + year),0,6.9,263,0,86,1,TRUE
tt0433726,4050,4335,Nanny 911,2004,7+,5.4/10,42/100,0,0,1,0,1,5.4,5.4,398,tvSeries,Exact (title + year),0,5.3,342,0.100000000000001,56,1,TRUE
tt0434665,215,216,Bleach,2004,18+,8.1/10,73/100,1,1,0,0,1,8.1,8.2,94397,tvSeries,Exact (title + year),0.0999999999999996,8.1,45599,0.0999999999999996,48798,2,FALSE
tt0435585,4077,4363,ToddWorld,2004,"",6.9/10,41/100,0,0,1,0,1,6.9,6.5,124,tvSeries,Exact (title + year),-0.4,6.9,49,-0.4,75,1,TRUE
tt0437005,2167,2212,Hell's Kitchen,2005,16+,7.1/10,71/100,0,1,1,0,1,7.1,7.2,24548,tvSeries,Exact (title + year),0.100000000000001,7.1,19110,0.100000000000001,5438,2,FALSE
tt0437745,2168,2213,Robot Chicken,2005,18+,7.7/10,71/100,0,1,0,0,1,7.7,7.7,49038,tvSeries,Exact (title + year),0,7.7,40105,0,8933,1,TRUE
tt0439349,3649,3870,The Backyardigans,2004,7+,7.0/10,59/100,0,0,1,0,1,7,7.2,5042,tvSeries,Exact (title + year),0.2,7,2600,0.2,2442,1,TRUE
tt0439879,3572,3770,Wildfire,2005,16+,7.6/10,64/100,0,0,1,0,1,7.6,7.5,4594,tvSeries,Exact (title + year),-0.0999999999999996,7.6,3183,-0.0999999999999996,1411,1,TRUE
tt0442718,4316,4614,Beyond,2005,"",7.0/10,34/100,0,0,1,0,1,7,7.3,38,tvSeries,Exact (title + year),0.3,7,32,0.3,6,1,TRUE
tt0444745,2597,2698,Princess Tutu,2002,16+,8.1/10,56/100,0,1,1,0,1,8.1,8,1321,tvSeries,Exact (title + year),-0.0999999999999996,8.1,907,-0.0999999999999996,414,2,FALSE
tt0444953,2972,3097,Kaleido Star,2003,16+,7.8/10,45/100,0,1,0,0,1,7.8,7.8,1087,tvSeries,Exact (title + year),0,7.8,830,0,257,1,TRUE
tt0445114,3498,3660,Extras,2005,18+,8.3/10,77/100,0,0,1,0,1,8.3,8.3,63771,tvSeries,Exact (title + year),0,8.3,53911,0,9860,1,TRUE
tt0445867,3966,4244,Bikini Destinations,2003,18+,6.9/10,45/100,0,0,1,0,1,6.9,6.8,127,tvSeries,Exact (title + year),-0.100000000000001,6.9,73,-0.100000000000001,54,1,TRUE
tt0445890,3022,3149,My Super Sweet 16,2005,7+,1.8/10,43/100,0,1,0,0,1,1.8,1.9,3090,tvSeries,Exact (title + year),0.1,1.8,2869,0.0999999999999999,221,1,TRUE
tt0445912,2379,2453,The Ultimate Fighter,2005,16+,7.8/10,63/100,0,1,0,0,1,7.8,7.8,3370,tvSeries,Exact (title + year),0,7.8,2851,0,519,1,TRUE
tt0446809,2276,2335,Deadliest Catch,2005,16+,7.8/10,67/100,0,1,0,0,1,7.8,7.8,9994,tvSeries,Exact (title + year),0,7.8,7877,0,2117,1,TRUE
tt0448303,2847,2964,Stacked,2005,7+,6.0/10,49/100,0,1,0,0,1,6,6,2178,tvSeries,Exact (title + year),0,6,1675,0,503,1,TRUE
tt0449461,3934,4209,Nova ScienceNow,2005,all,8.5/10,45/100,0,0,1,0,1,8.5,8.5,548,tvSeries,Exact (title + year),0,8.5,488,0,60,1,TRUE
tt0449545,2573,2671,Curious George,2006,all,7.2/10,57/100,0,1,0,0,1,7.2,7.2,5124,tvSeries,Exact (title + year),0,7.2,1725,0,3399,1,TRUE
tt0450920,2404,2481,Intervention,2005,16+,7.8/10,62/100,0,1,0,0,1,7.8,7.9,3230,tvSeries,Exact (title + year),0.100000000000001,7.8,2528,0.100000000000001,702,1,TRUE
tt0451460,2750,2856,Handy Manny,2006,all,5.6/10,52/100,0,1,0,1,1,5.6,5.6,3374,tvSeries,Exact (title + year),0,5.6,1636,0,1738,2,FALSE
tt0452046,2015,2042,Criminal Minds,2005,16+,8.0/10,81/100,0,1,0,0,1,8,8.1,241561,tvSeries,Exact (title + year),0.0999999999999996,8,167892,0.0999999999999996,73669,1,TRUE
tt0452569,4951,5270,Supernova,2005,"","",10/100,0,1,1,0,1,,7.4,261,tvSeries,Exact (title + year),,7.4,214,0,47,2,FALSE
tt0453434,4092,4379,Pet Alien,2005,all,5.1/10,41/100,0,0,1,0,1,5.1,4.9,280,tvSeries,"Fuzzy (title exact, year +-1)",-0.199999999999999,5,158,-0.0999999999999996,122,1,TRUE
tt0454349,931,934,Johnny Test,2005,all,5.1/10,53/100,1,0,0,0,1,5.1,5.5,11225,tvSeries,Exact (title + year),0.4,5.1,7130,0.4,4095,1,TRUE
tt0455255,4405,4706,Gordon the Garden Gnome,2005,all,7.4/10,31/100,0,0,1,0,1,7.4,8.1,41,tvSeries,Exact (title + year),0.699999999999999,7.3,25,0.8,16,1,TRUE
tt0455275,1974,1988,Prison Break,2005,16+,8.3/10,87/100,0,1,1,0,1,8.3,8.3,675445,tvSeries,Exact (title + year),0,8.3,487773,0,187672,2,FALSE
tt0458250,4276,4572,Betsy's Kindergarten Adventures,2008,all,4.9/10,36/100,0,0,1,0,1,4.9,5.7,49,tvSeries,"Fuzzy (title exact, year +-1)",0.8,4.7,17,1,32,1,TRUE
tt0458290,5061,5382,Star Wars: The Clone Wars,2008,7+,8.3/10,85/100,0,0,0,1,1,8.3,8.5,147095,tvSeries,Exact (title + year),0.199999999999999,8.3,69618,0.199999999999999,77477,1,TRUE
tt0459159,3484,3640,The Thick of It,2005,18+,8.7/10,79/100,0,0,1,0,1,8.7,8.7,29614,tvSeries,Exact (title + year),0,8.7,21268,0,8346,1,TRUE
tt0459161,2875,2995,Toopy and Binoo,2005,all,6.9/10,48/100,0,1,0,0,1,6.9,7.3,296,tvSeries,Exact (title + year),0.399999999999999,6.9,154,0.399999999999999,142,1,TRUE
tt0459724,862,865,Vientos de agua,2006,"",8.8/10,55/100,1,0,0,0,1,8.8,8.7,1313,tvMiniSeries,Exact (title + year),-0.100000000000001,8.8,937,-0.100000000000001,376,1,TRUE
tt0460091,2054,2087,My Name Is Earl,2005,16+,7.7/10,78/100,0,1,0,0,1,7.7,7.8,116844,tvSeries,Exact (title + year),0.0999999999999996,7.7,96754,0.0999999999999996,20090,1,TRUE
tt0460627,2004,2027,Bones,2005,16+,7.8/10,82/100,0,1,1,0,1,7.8,7.8,191926,tvSeries,Exact (title + year),0,7.8,142910,0,49016,2,FALSE
tt0460637,2086,2122,Everybody Hates Chris,2005,7+,7.4/10,76/100,0,1,0,0,1,7.4,7.6,46466,tvSeries,Exact (title + year),0.199999999999999,7.4,34865,0.199999999999999,11601,1,TRUE
tt0460644,2247,2301,Ghost Whisperer,2005,7+,6.4/10,68/100,0,1,1,0,1,6.4,6.5,53089,tvSeries,Exact (title + year),0.0999999999999996,6.4,43337,0.0999999999999996,9752,2,FALSE
tt0460649,1961,1973,How I Met Your Mother,2005,16+,8.3/10,90/100,0,1,1,0,1,8.3,8.3,786512,tvSeries,Exact (title + year),0,8.3,618203,0,168309,2,FALSE
tt0460655,2877,2997,The Loop,2006,16+,7.4/10,48/100,0,1,0,0,1,7.4,7.3,2081,tvSeries,Exact (title + year),-0.100000000000001,7.4,1888,-0.100000000000001,193,1,TRUE
tt0460681,17,18,Supernatural,2005,16+,8.4/10,89/100,1,0,0,0,1,8.4,8.4,544688,tvSeries,Exact (title + year),0,8.4,400024,0,144664,1,TRUE
tt0460690,2114,2151,The Unit,2006,16+,8.1/10,74/100,0,1,0,0,1,8.1,8,24750,tvSeries,Exact (title + year),-0.0999999999999996,8.1,20561,-0.0999999999999996,4189,1,TRUE
tt0462520,3837,4093,Secret Smile,2005,"",6.9/10,49/100,0,0,1,0,1,6.9,6.8,2058,tvMiniSeries,Exact (title + year),-0.100000000000001,6.9,1570,-0.100000000000001,488,1,TRUE
tt0463826,4004,4287,Merlin's Apprentice,2006,16+,5.3/10,43/100,0,0,1,0,1,5.3,5.3,2386,tvMiniSeries,Exact (title + year),0,5.3,2017,0,369,1,TRUE
tt0463850,3858,4124,10.5: Apocalypse,2006,"",4.5/10,48/100,0,0,1,0,1,4.5,4.5,2959,tvMiniSeries,Exact (title + year),0,4.5,2451,0,508,1,TRUE
tt0465316,2190,2239,Afro Samurai,2007,18+,7.7/10,70/100,0,1,0,0,1,7.7,7.6,20457,tvMiniSeries,Exact (title + year),-0.100000000000001,7.7,15418,-0.100000000000001,5039,1,TRUE
tt0465327,5169,5507,The Emperor's New School,2006,all,6.6/10,53/100,0,0,0,1,1,6.6,6.6,7460,tvSeries,Exact (title + year),0,6.6,4789,0,2671,1,TRUE
tt0468426,4401,4702,Love It or Lose It,2004,"",6.1/10,31/100,0,0,1,0,1,6.1,6.1,32,tvSeries,Exact (title + year),0,5.9,16,0.199999999999999,16,1,TRUE
tt0468988,4134,4427,Category 7: The End of the World,2005,7+,4.7/10,39/100,0,0,1,0,1,4.7,4.5,3130,tvMiniSeries,Exact (title + year),-0.2,4.6,2636,-0.0999999999999996,494,1,TRUE
tt0472014,3783,4031,Miami Ink,2005,7+,6.5/10,51/100,0,0,1,0,1,6.5,6.6,2679,tvSeries,Exact (title + year),0.0999999999999996,6.5,2523,0.0999999999999996,156,1,TRUE
tt0472954,1958,1970,It's Always Sunny in Philadelphia,2005,18+,8.8/10,90/100,0,1,0,0,1,8.8,8.8,283205,tvSeries,Exact (title + year),0,8.8,195076,0,88129,1,TRUE
tt0472984,3730,3967,The Street,2006,18+,8.3/10,54/100,0,0,1,0,1,8.3,8.2,1613,tvSeries,Exact (title + year),-0.100000000000001,8.3,1084,-0.100000000000001,529,1,TRUE
tt0475900,2151,2194,Anthony Bourdain: No Reservations,2005,7+,8.5/10,72/100,0,1,0,0,1,8.5,8.6,8835,tvSeries,Exact (title + year),0.0999999999999996,8.5,6477,0.0999999999999996,2358,1,TRUE
tt0480489,2069,2104,Elfen Lied,2004,18+,8.0/10,77/100,0,1,1,0,1,8,7.8,41900,tvSeries,Exact (title + year),-0.2,8,30689,-0.2,11211,2,FALSE
tt0480493,3013,3140,Negima!,2005,7+,6.2/10,43/100,0,1,0,0,1,6.2,6.8,456,tvSeries,Exact (title + year),0.6,6.9,340,-0.100000000000001,116,1,TRUE
tt0483967,4286,4583,Edward and Mary: The Unknown Tudors,2002,"",7.4/10,35/100,0,0,1,0,1,7.4,7.4,78,tvSeries,Exact (title + year),0,7.4,62,0,16,1,TRUE
tt0487813,3809,4062,Charlie and Lola,2005,all,6.7/10,50/100,0,0,1,0,1,6.7,6.6,3094,tvSeries,Exact (title + year),-0.100000000000001,6.6,1410,0,1684,1,TRUE
tt0487831,42,43,The IT Crowd,2006,16+,8.5/10,86/100,1,0,0,0,1,8.5,8.5,177140,tvSeries,Exact (title + year),0,8.5,137591,0,39549,1,TRUE
tt0487849,1200,1203,Pocoyo,2005,all,7.4/10,48/100,1,1,1,0,1,7.4,7.1,2975,tvSeries,Exact (title + year),-0.300000000000001,7.4,1292,-0.300000000000001,1683,3,FALSE
tt0488262,2794,2906,Flavor of Love,2006,16+,4.5/10,51/100,0,1,0,0,1,4.5,4.9,2530,tvSeries,Exact (title + year),0.4,4.5,2060,0.4,470,1,TRUE
tt0488467,4381,4681,Buried Secrets,2005,"",7.4/10,32/100,0,0,1,0,1,7.4,7.6,17,tvSeries,Exact (title + year),0.199999999999999,7,16,0.6,1,1,TRUE
tt0488477,2613,2714,xxxHOLiC,2006,16+,7.7/10,56/100,0,1,0,0,1,7.7,7.6,2365,tvSeries,Exact (title + year),-0.100000000000001,7.7,1683,-0.100000000000001,682,1,TRUE
tt0489598,2781,2893,The Hills,2006,7+,3.6/10,51/100,0,1,1,0,1,3.6,3.9,11759,tvSeries,Exact (title + year),0.3,3.6,10975,0.3,784,2,FALSE
tt0489974,3490,3650,Carnival Row,2019,18+,7.9/10,78/100,0,0,1,0,1,7.9,7.6,89108,tvSeries,Exact (title + year),-0.300000000000001,7.9,49362,-0.300000000000001,39746,1,TRUE
tt0490035,2808,2920,The F Word,2005,18+,6.9/10,50/100,0,1,0,0,1,6.9,6.9,1757,tvSeries,Exact (title + year),0,6.9,1546,0,211,1,TRUE
tt0491603,471,473,H2O: Just Add Water,2006,all,7.2/10,64/100,1,1,0,0,1,7.2,7.3,21992,tvSeries,Exact (title + year),0.0999999999999996,7.2,13116,0.0999999999999996,8876,2,FALSE
tt0491738,3457,3600,Psych,2006,7+,8.3/10,86/100,0,0,1,0,1,8.3,8.4,121241,tvSeries,Exact (title + year),0.0999999999999996,8.3,87213,0.0999999999999996,34028,1,TRUE
tt0492429,3630,3845,I Shouldn't Be Alive,2005,7+,8.1/10,60/100,0,0,1,0,1,8.1,8.1,2573,tvSeries,Exact (title + year),0,8.1,1963,0,610,1,TRUE
tt0492510,4252,4548,Build a New Life In the Country,2005,"",7.9/10,36/100,0,0,1,0,1,7.9,7.9,83,tvSeries,Exact (title + year),0,7.7,47,0.2,36,1,TRUE
tt0493093,5108,5437,Hannah Montana,2006,all,5.2/10,61/100,0,0,0,1,1,5.2,5.5,47884,tvSeries,Exact (title + year),0.3,5.2,37646,0.3,10238,1,TRUE
tt0493334,2386,2461,Yu-Gi-Oh! GX,2004,all,6.8/10,63/100,0,1,0,0,1,6.8,6.9,6114,tvSeries,Exact (title + year),0.100000000000001,6.8,4116,0.100000000000001,1998,1,TRUE
tt0493378,3901,4173,Deal or No Deal,2005,7+,5.0/10,47/100,0,0,1,0,1,5,5.1,4545,tvSeries,Exact (title + year),0.0999999999999996,5,3684,0.0999999999999996,861,1,TRUE
tt0495212,2258,2315,Hellsing Ultimate,2006,18+,8.3/10,68/100,0,1,0,0,1,8.3,8.2,31351,tvMiniSeries,Exact (title + year),-0.100000000000001,8.3,20500,-0.100000000000001,10851,1,TRUE
tt0496195,3895,4166,Fetch! with Ruff Ruffman,2006,all,7.5/10,47/100,0,0,1,0,1,7.5,7.3,1185,tvSeries,Exact (title + year),-0.2,7.5,731,-0.2,454,1,TRUE
tt0496343,2430,2513,The Riches,2007,18+,7.8/10,61/100,0,1,0,0,1,7.8,7.8,9011,tvSeries,Exact (title + year),0,7.8,8014,0,997,1,TRUE
tt0496424,1987,2006,30 Rock,2006,16+,8.2/10,84/100,0,1,1,0,1,8.2,8.3,139345,tvSeries,Exact (title + year),0.100000000000001,8.2,113488,0.100000000000001,25857,2,FALSE
tt0497079,2840,2955,The Real Housewives of Orange County,2006,16+,4.1/10,49/100,0,1,0,0,1,4.1,4.5,4632,tvSeries,Exact (title + year),0.4,4.1,3369,0.4,1263,1,TRUE
tt0499591,2679,2783,Vanished,2006,18+,7.0/10,54/100,0,1,0,0,1,7,6.9,1770,tvSeries,Exact (title + year),-0.0999999999999996,7,1649,-0.0999999999999996,121,1,TRUE
tt0756522,5139,5472,Little Einsteins,2005,all,6.3/10,57/100,0,0,0,1,1,6.3,6.4,3178,tvSeries,Exact (title + year),0.100000000000001,6.3,1443,0.100000000000001,1735,1,TRUE
tt0758745,1994,2015,Friday Night Lights,2006,7+,8.6/10,83/100,0,1,1,0,1,8.6,8.7,79837,tvSeries,Exact (title + year),0.0999999999999996,8.6,57111,0.0999999999999996,22726,2,FALSE
tt0759364,2352,2421,America's Got Talent,2006,7+,5.8/10,64/100,0,1,0,0,1,5.8,5.8,11369,tvSeries,Exact (title + year),0,5.8,9173,0,2196,1,TRUE
tt0760437,2268,2326,Ben 10,2005,7+,7.3/10,67/100,0,1,0,0,1,7.3,7.6,37147,tvSeries,Exact (title + year),0.3,7.3,14598,0.3,22549,1,TRUE
tt0765425,2246,2300,Top Chef,2006,16+,7.6/10,68/100,0,1,0,0,1,7.6,7.8,7695,tvSeries,Exact (title + year),0.2,7.6,5660,0.2,2035,1,TRUE
tt0765489,4342,4641,Bump!,2005,"",5.8/10,33/100,0,0,1,0,1,5.8,6.5,48,tvSeries,"Fuzzy (title exact, year +-1)",0.7,5.6,41,0.9,7,1,TRUE
tt0765725,3732,3969,Meerkat Manor,2005,"",8.3/10,54/100,0,0,1,0,1,8.3,8.3,1398,tvSeries,Exact (title + year),0,8.2,1141,0.100000000000001,257,1,TRUE
tt0770659,3593,3795,Survivorman,2004,7+,8.2/10,63/100,0,0,1,0,1,8.2,8.2,6936,tvSeries,Exact (title + year),0,8.2,6212,0,724,1,TRUE
tt0772137,670,673,The Game,2006,16+,6.7/10,59/100,1,1,1,0,1,6.7,6.9,5181,tvSeries,Exact (title + year),0.2,6.7,3991,0.2,1190,3,FALSE
tt0772145,5083,5408,Wolverine and the X-Men,2009,7+,8.0/10,68/100,0,0,0,1,1,8,8,13032,tvSeries,"Fuzzy (title exact, year +-1)",0,8,10215,0,2817,1,TRUE
tt0773262,3447,3583,Dexter,2006,18+,8.6/10,92/100,0,0,1,0,1,8.6,8.6,947328,tvSeries,Exact (title + year),0,8.6,658574,0,288754,1,TRUE
tt0774809,2495,2587,Fate/stay night,2006,18+,7.3/10,59/100,0,1,0,0,1,7.3,7.2,7706,tvSeries,Exact (title + year),-0.0999999999999996,7.3,5100,-0.0999999999999996,2606,1,TRUE
tt0775374,2691,2796,Lincoln Heights,2007,7+,7.8/10,54/100,0,1,0,0,1,7.8,7.7,2169,tvSeries,"Fuzzy (title exact, year +-1)",-0.0999999999999996,7.8,1739,-0.0999999999999996,430,1,TRUE
tt0780362,2281,2340,Jane Eyre,2006,7+,8.3/10,67/100,0,1,1,0,1,8.3,8.3,24143,tvMiniSeries,Exact (title + year),0,8.3,19778,0,4365,2,FALSE
tt0783414,4290,4587,Shark Gordon,2000,"",8.9/10,35/100,0,0,1,0,1,8.9,9.1,14,tvSeries,Exact (title + year),0.199999999999999,8.3,13,0.799999999999999,1,1,TRUE
tt0784896,5117,5447,Mickey Mouse Clubhouse,2006,all,5.7/10,60/100,0,0,0,1,1,5.7,5.9,6681,tvSeries,Exact (title + year),0.2,5.7,2944,0.2,3737,1,TRUE
tt0787407,2831,2945,Fashion House,2006,18+,6.4/10,50/100,0,1,0,0,1,6.4,6.3,668,tvSeries,Exact (title + year),-0.100000000000001,6.4,599,-0.100000000000001,69,1,TRUE
tt0791205,2323,2387,Ergo Proxy,2006,18+,8.0/10,65/100,0,1,0,0,1,8,7.8,19024,tvSeries,Exact (title + year),-0.2,8,12893,-0.2,6131,1,TRUE
tt0795129,2584,2683,House Hunters International,2006,all,7.0/10,57/100,0,1,0,0,1,7,7,1571,tvSeries,Exact (title + year),0,7,1122,0,449,1,TRUE
tt0795156,1316,1319,Monty Python's Personal Best,2006,16+,7.9/10,46/100,1,0,0,0,1,7.9,7.8,515,tvSeries,Exact (title + year),-0.100000000000001,7.9,404,-0.100000000000001,111,1,TRUE
tt0796264,3475,3629,Eureka,2006,16+,7.9/10,81/100,0,0,1,0,1,7.9,7.9,62059,tvSeries,Exact (title + year),0,7.9,49034,0,13025,1,TRUE
tt0799922,5081,5406,Wizards of Waverly Place,2007,all,6.9/10,68/100,0,0,0,1,1,6.9,7,42636,tvSeries,Exact (title + year),0.0999999999999996,6.9,30490,0.0999999999999996,12146,1,TRUE
tt0804425,2922,3045,Pinky Dinky Doo,2006,all,6.4/10,46/100,0,1,0,0,1,6.4,6.4,394,tvSeries,"Fuzzy (title exact, year +-1)",0,6.4,196,0,198,1,TRUE
tt0805663,387,389,Jericho,2006,16+,7.3/10,66/100,1,0,0,0,1,7.3,7.9,61339,tvSeries,Exact (title + year),0.600000000000001,7.9,54378,0,6961,1,TRUE
tt0805666,2585,2684,Shark,2006,16+,7.1/10,57/100,0,1,0,0,1,7.1,7.1,12398,tvSeries,Exact (title + year),0,7.1,11174,0,1224,1,TRUE
tt0805669,2152,2195,Ugly Betty,2006,7+,6.5/10,72/100,0,1,0,0,1,6.5,6.8,50916,tvSeries,Exact (title + year),0.3,6.5,41026,0.3,9890,1,TRUE
tt0805905,5213,5554,My Friends Tigger & Pooh,2007,all,5.7/10,48/100,0,0,0,1,1,5.7,5.5,671,tvSeries,Exact (title + year),-0.2,5.8,383,-0.3,288,1,TRUE
tt0805945,3974,4253,Sensing Murder,2006,"",6.4/10,44/100,0,0,1,0,1,6.4,6.9,60,tvSeries,Exact (title + year),0.5,6.4,45,0.5,15,1,TRUE
tt0807832,2201,2251,Mushi-Shi,2005,16+,8.5/10,70/100,0,1,1,0,1,8.5,8.5,16358,tvSeries,Exact (title + year),0,8.5,12120,0,4238,2,FALSE
tt0808096,2325,2390,Primeval,2007,16+,7.3/10,65/100,0,1,0,0,1,7.3,7.2,16652,tvSeries,Exact (title + year),-0.0999999999999996,7.3,13587,-0.0999999999999996,3065,1,TRUE
tt0810788,2007,2032,Burn Notice,2007,7+,7.9/10,82/100,0,1,1,0,1,7.9,8,83347,tvSeries,Exact (title + year),0.0999999999999996,7.9,69165,0.0999999999999996,14182,2,FALSE
tt0813971,2709,2814,Witchblade,2006,18+,7.1/10,53/100,0,1,0,0,1,7.1,6.9,1787,tvSeries,Exact (title + year),-0.199999999999999,7.1,1316,-0.199999999999999,471,1,TRUE
tt0816397,391,393,Ouran High School Host Club,2006,16+,8.2/10,66/100,1,1,0,0,1,8.2,8.1,14163,tvSeries,Exact (title + year),-0.0999999999999996,8.2,8635,-0.0999999999999996,5528,2,FALSE
tt0816399,4086,4373,Psychic Investigators,2006,7+,7.6/10,41/100,0,0,1,0,1,7.6,7.3,148,tvSeries,Exact (title + year),-0.3,7.5,81,-0.2,67,1,TRUE
tt0816401,5192,5532,The Replacements,2006,7+,5.9/10,51/100,0,0,0,1,1,5.9,5.9,3661,tvSeries,Exact (title + year),0,5.9,2672,0,989,1,TRUE
tt0818464,2765,2876,Three Sheets,2006,18+,8.2/10,52/100,0,1,0,0,1,8.2,8.8,654,tvSeries,Exact (title + year),0.600000000000001,8.2,558,0.600000000000001,96,1,TRUE
tt0819821,4638,4953,The Magical Adventures of Quasimodo,1996,"","",14/100,0,0,1,0,1,,6.8,52,tvSeries,Exact (title + year),,6.7,31,0.0999999999999996,21,1,TRUE
tt0830161,4408,4709,Grand Star,2007,"",5.4/10,31/100,0,0,1,0,1,5.4,5.5,308,tvSeries,Exact (title + year),0.0999999999999996,5.4,142,0.0999999999999996,166,1,TRUE
tt0830298,5188,5528,Fantastic Four: World's Greatest Heroes,2006,7+,6.7/10,51/100,0,0,0,1,1,6.7,6.7,3035,tvSeries,Exact (title + year),0,6.7,2160,0,875,1,TRUE
tt0830361,3485,3641,The Lost Room,2006,7+,8.2/10,79/100,0,0,1,0,1,8.2,8.1,35174,tvMiniSeries,Exact (title + year),-0.0999999999999996,8.2,29912,-0.0999999999999996,5262,1,TRUE
tt0830900,2518,2614,Saving Grace,2007,18+,7.6/10,59/100,0,1,0,0,1,7.6,7.6,6173,tvSeries,Exact (title + year),0,7.6,4651,0,1522,1,TRUE
tt0835977,3014,3141,Australia's Next Top Model,2005,"",6.2/10,43/100,0,1,0,0,1,6.2,6.3,523,tvSeries,Exact (title + year),0.0999999999999996,6.2,466,0.0999999999999996,57,1,TRUE
tt0837143,5159,5494,Iron Man: Armored Adventures,2009,7+,6.5/10,54/100,0,0,0,1,1,6.5,6.5,4812,tvSeries,"Fuzzy (title exact, year +-1)",0,6.5,3119,0,1693,1,TRUE
tt0839188,2351,2420,Metalocalypse,2006,18+,8.2/10,64/100,0,1,0,0,1,8.2,8.3,19212,tvSeries,Exact (title + year),0.100000000000001,8.2,15755,0.100000000000001,3457,1,TRUE
tt0851851,2040,2072,Terminator: The Sarah Connor Chronicles,2008,7+,7.7/10,79/100,0,1,0,0,1,7.7,7.6,65641,tvSeries,Exact (title + year),-0.100000000000001,7.7,57919,-0.100000000000001,7722,1,TRUE
tt0852785,3780,4028,Free to Choose,1980,"",9.1/10,51/100,0,0,1,0,1,9.1,8.9,352,tvSeries,Exact (title + year),-0.199999999999999,9.1,248,-0.199999999999999,104,1,TRUE
tt0852863,5076,5400,Phineas and Ferb,2007,all,8.0/10,71/100,0,0,0,1,1,8,8.1,68794,tvSeries,Exact (title + year),0.0999999999999996,8,37131,0.0999999999999996,31663,1,TRUE
tt0856348,3053,3181,Basilisk,2005,18+,4.8/10,42/100,0,1,0,0,1,4.8,7.8,4830,tvSeries,Exact (title + year),3,7.9,3702,-0.100000000000001,1128,1,TRUE
tt0870980,4022,4305,Spaceballs: The Animated Series,2008,18+,4.2/10,43/100,0,0,1,0,1,4.2,4.3,1153,tvSeries,Exact (title + year),0.0999999999999996,4.2,937,0.0999999999999996,216,1,TRUE
tt0875948,4285,4582,Killer Wave,2007,16+,4.3/10,35/100,0,0,1,0,1,4.3,4.4,1005,tvMiniSeries,Exact (title + year),0.100000000000001,4.3,757,0.100000000000001,248,1,TRUE
tt0877057,66,67,Death Note,2006,16+,9.0/10,84/100,1,1,0,0,1,9,8.9,492400,tvSeries,Exact (title + year),-0.0999999999999996,9,256207,-0.0999999999999996,236193,2,FALSE
tt0878036,2596,2697,School Rumble,2004,7+,7.8/10,56/100,0,1,0,0,1,7.8,7.8,2359,tvSeries,Exact (title + year),0,7.8,1911,0,448,1,TRUE
tt0878230,2859,2977,Black Blood Brothers,2006,16+,7.1/10,49/100,0,1,0,0,1,7.1,6.8,1368,tvSeries,Exact (title + year),-0.3,7.1,1133,-0.3,235,1,TRUE
tt0879688,3647,3868,Sea Patrol,2007,7+,7.5/10,59/100,0,0,1,0,1,7.5,7.5,2981,tvSeries,Exact (title + year),0,7.5,1837,0,1144,1,TRUE
tt0883680,3755,3998,Everest: Beyond the Limit,2006,7+,8.3/10,52/100,0,0,1,0,1,8.3,8.3,1065,tvSeries,Exact (title + year),0,8.3,868,0,197,1,TRUE
tt0883772,3576,3776,Man vs. Wild,2006,7+,8.1/10,64/100,0,0,1,0,1,8.1,8.1,24023,tvSeries,Exact (title + year),0,8.1,21926,0,2097,1,TRUE
tt0890871,3987,4269,Kannazuki no Miko,2004,16+,6.7/10,44/100,0,0,1,0,1,6.7,6.5,458,tvSeries,Exact (title + original-language year),-0.2,6.6,292,-0.0999999999999996,166,1,TRUE
tt0892861,2839,2954,The Wallflower,2006,16+,7.4/10,49/100,0,1,0,0,1,7.4,7.3,1338,tvSeries,Exact (title + year),-0.100000000000001,7.4,975,-0.100000000000001,363,1,TRUE
tt0896527,3726,3963,The Border,2008,7+,7.0/10,54/100,0,0,1,0,1,7,7.2,1105,tvSeries,Exact (title + year),0.2,7,775,0.2,330,1,TRUE
tt0899258,2499,2592,D.Gray-man,2006,16+,7.7/10,59/100,0,1,0,0,1,7.7,7.6,5074,tvSeries,Exact (title + year),-0.100000000000001,7.7,3902,-0.100000000000001,1172,1,TRUE
tt0903747,0,1,Breaking Bad,2008,18+,9.4/10,100/100,1,0,0,0,1,9.4,9.5,2652911,tvSeries,Exact (title + year),0.0999999999999996,9.4,1527259,0.0999999999999996,1125652,1,TRUE
tt0904108,4274,4570,"Rich Bride, Poor Bride",2006,all,6.2/10,36/100,0,0,1,0,1,6.2,6.8,83,tvSeries,Exact (title + year),0.6,6.1,58,0.7,25,1,TRUE
tt0904208,3474,3628,Californication,2007,18+,8.3/10,81/100,0,0,1,0,1,8.3,8.3,195747,tvSeries,Exact (title + year),0,8.3,173201,0,22546,1,TRUE
tt0907286,1774,1782,Cocaine,2005,"",7.1/10,35/100,1,0,0,0,1,7.1,7.1,69,tvSeries,Exact (title + year),0,7.1,54,0,15,1,TRUE
tt0908454,3504,3671,Gavin & Stacey,2007,16+,8.1/10,75/100,0,0,1,0,1,8.1,8.2,28407,tvSeries,Exact (title + year),0.0999999999999996,8.1,17467,0.0999999999999996,10940,1,TRUE
tt0914376,448,450,The Innocent Man,2018,18+,7.3/10,65/100,1,0,0,0,1,7.3,7.3,7043,tvMiniSeries,Exact (title + year),0,7.3,5247,0,1796,1,TRUE
tt0914829,2579,2677,Bad Girls Club,2006,16+,4.7/10,57/100,0,1,0,0,1,4.7,5.1,3067,tvSeries,Exact (title + year),0.399999999999999,4.7,2553,0.399999999999999,514,1,TRUE
tt0918546,4284,4581,Mobile,2007,"",7.5/10,35/100,0,0,1,0,1,7.5,7.2,419,tvMiniSeries,Exact (title + year),-0.3,7.4,254,-0.2,165,1,TRUE
tt0923293,2838,2953,Little Mosque on the Prairie,2007,7+,5.7/10,49/100,0,1,0,0,1,5.7,6.6,2783,tvSeries,Exact (title + year),0.9,5.7,2359,0.9,424,1,TRUE
tt0924555,4291,4588,Dangerous Encounters,2005,all,7.3/10,35/100,0,0,1,0,1,7.3,7.1,108,tvSeries,Exact (title + year),-0.2,7.3,84,-0.2,24,1,TRUE
tt0926230,3921,4196,Deltora Quest,2007,all,7.1/10,46/100,0,0,1,0,1,7.1,7.1,381,tvSeries,Exact (title + year),0,7.1,207,0,174,1,TRUE
tt0934676,4059,4345,Little Princess,2007,all,5.7/10,42/100,0,0,1,0,1,5.7,5.5,496,tvSeries,"Fuzzy (title exact, year +-1)",-0.2,5.6,270,-0.0999999999999996,226,1,TRUE
tt0934814,3461,3605,Chuck,2007,16+,8.2/10,85/100,0,1,1,0,1,8.2,8.2,154345,tvSeries,Exact (title + year),0,8.2,129124,0,25221,2,FALSE
tt0948103,385,387,Gurren Lagann,2007,16+,8.3/10,66/100,1,0,0,0,1,8.3,8.3,27245,tvSeries,Exact (title + year),0,8.3,15360,0,11885,1,TRUE
tt0953916,2855,2973,Air Gear,2006,18+,7.2/10,49/100,0,1,0,0,1,7.2,7.1,1625,tvSeries,Exact (title + year),-0.100000000000001,7.2,1178,-0.100000000000001,447,1,TRUE
tt0959086,3898,4170,Flash Gordon,2007,7+,4.9/10,47/100,0,0,1,0,1,4.9,4.9,3344,tvSeries,Exact (title + original-language year),0,4.8,2949,0.100000000000001,395,1,TRUE
tt0960136,2556,2653,Dirty Sexy Money,2007,7+,7.2/10,58/100,0,1,0,0,1,7.2,7.2,12567,tvSeries,Exact (title + year),0,7.2,11518,0,1049,1,TRUE
tt0961121,4071,4357,Horseland,2006,all,5.8/10,41/100,0,0,1,0,1,5.8,6.2,776,tvSeries,Exact (title + year),0.4,5.8,315,0.4,461,1,TRUE
tt0962740,3697,3928,Hell Girl,2005,18+,7.5/10,55/100,0,0,1,0,1,7.5,7.4,2254,tvSeries,Exact (title + year),-0.0999999999999996,7.5,1597,-0.0999999999999996,657,1,TRUE
tt0962826,2299,2361,Black Lagoon,2006,18+,8.0/10,66/100,0,1,0,0,1,8,7.9,21539,tvSeries,Exact (title + year),-0.0999999999999996,8,12794,-0.0999999999999996,8745,1,TRUE
tt0965393,3104,3235,Rock of Love with Bret Michaels,2007,18+,4.8/10,39/100,0,1,0,0,1,4.8,4.9,2164,tvSeries,Exact (title + year),0.100000000000001,4.8,1753,0.100000000000001,411,1,TRUE
tt0965394,3533,3714,Sanctuary,2008,7+,7.3/10,69/100,0,0,1,0,1,7.3,7.3,24213,tvSeries,Exact (title + year),0,7.3,19505,0,4708,1,TRUE
tt0972412,320,322,Private Practice,2007,16+,6.7/10,69/100,1,1,0,0,1,6.7,6.8,31149,tvSeries,Exact (title + year),0.0999999999999996,6.7,23129,0.0999999999999996,8020,2,FALSE
tt0972534,267,268,iCarly,2007,all,6.7/10,71/100,1,0,0,0,1,6.7,6.8,50561,tvSeries,Exact (title + year),0.0999999999999996,6.7,34685,0.0999999999999996,15876,1,TRUE
tt0976014,2198,2248,Greek,2007,16+,7.5/10,70/100,0,1,0,0,1,7.5,7.6,25840,tvSeries,Exact (title + year),0.0999999999999996,7.5,23648,0.0999999999999996,2192,1,TRUE
tt0978553,2372,2444,The Familiar of Zero,2006,16+,7.0/10,63/100,0,1,0,0,1,7,6.9,2896,tvMiniSeries,Exact (title + year),-0.0999999999999996,7,1811,-0.0999999999999996,1085,1,TRUE
tt0983514,2282,2341,Kitchen Nightmares,2007,16+,7.5/10,67/100,0,1,0,0,1,7.5,7.5,15912,tvSeries,Exact (title + original-language year),0,7.5,11531,0,4381,1,TRUE
tt0983983,433,435,Shaun the Sheep,2007,all,8.2/10,65/100,1,0,1,0,1,8.2,8.1,20235,tvSeries,Exact (title + year),-0.0999999999999996,8.2,12571,-0.0999999999999996,7664,2,FALSE
tt0985991,1413,1419,Horrid Henry,2006,7+,6.4/10,44/100,1,0,1,0,1,6.4,6.5,1850,tvSeries,Exact (title + year),0.0999999999999996,6.3,711,0.2,1139,2,FALSE
tt0994314,237,238,Code Geass: Lelouch of the Rebellion,2006,18+,8.7/10,72/100,1,0,0,0,1,8.7,8.7,107271,tvSeries,Exact (title + year),0,8.7,54471,0,52800,1,TRUE
tt0995941,2248,2302,Darker than Black,2007,16+,7.7/10,68/100,0,1,1,0,1,7.7,7.7,13492,tvSeries,Exact (title + year),0,7.8,11178,-0.0999999999999996,2314,2,FALSE
tt1000734,3555,3746,Secret Diary of a Call Girl,2007,18+,7.4/10,67/100,0,0,1,0,1,7.4,7.3,15231,tvSeries,Exact (title + year),-0.100000000000001,7.4,12902,-0.100000000000001,2329,1,TRUE
tt10009170,545,548,Blood of Zeus,2020,"",7.5/10,62/100,1,0,0,0,1,7.5,7.5,28962,tvSeries,Exact (title + year),0,7.6,13487,-0.0999999999999996,15475,1,TRUE
tt10023178,3174,3305,A Little Late with Lilly Singh,2019,16+,1.5/10,36/100,0,1,0,0,1,1.5,1.5,7944,tvSeries,Exact (title + year),0,1.6,6468,-0.1,1476,1,TRUE
tt10023306,2869,2988,Card Sharks,2019,7+,5.2/10,48/100,0,1,0,0,1,5.2,5.9,176,tvSeries,Exact (title + year),0.7,5.3,118,0.600000000000001,58,1,TRUE
tt10027946,1340,1344,My Husband Won't Fit,2019,"",6.7/10,46/100,1,0,0,0,1,6.7,6.6,1099,tvSeries,Exact (title + year),-0.100000000000001,6.6,677,0,422,1,TRUE
tt10027990,1287,1290,Persona,2019,"",6.6/10,47/100,1,0,0,0,1,6.6,6.5,1788,tvMiniSeries,Exact (title + year),-0.0999999999999996,6.6,933,-0.0999999999999996,855,1,TRUE
tt1002836,4162,4457,Busytown Mysteries,2007,all,6.2/10,38/100,0,0,1,0,1,6.2,6.4,227,tvSeries,Exact (title + year),0.2,6.2,131,0.2,96,1,TRUE
tt10037034,638,641,Gentefied,2020,16+,7.4/10,60/100,1,0,0,0,1,7.4,7.4,3263,tvSeries,Exact (title + year),0,7.4,1741,0,1522,1,TRUE
tt10038600,2856,2974,Press Your Luck,2019,7+,6.1/10,49/100,0,1,0,0,1,6.1,6.5,660,tvSeries,Exact (title + year),0.4,6.2,267,0.3,393,1,TRUE
tt10044952,846,849,You vs. Wild,2019,"",7.0/10,55/100,1,0,0,0,1,7,6.6,3058,tvSeries,Exact (title + year),-0.4,6.7,2291,-0.100000000000001,767,1,TRUE
tt10048342,9,10,The Queen's Gambit,2020,18+,8.6/10,92/100,1,0,0,0,1,8.6,8.5,672632,tvMiniSeries,Exact (title + year),-0.0999999999999996,8.6,322175,-0.0999999999999996,350457,1,TRUE
tt10049610,1501,1507,Followers,2020,18+,6.2/10,42/100,1,0,0,0,1,6.2,6.3,732,tvSeries,Exact (title + year),0.0999999999999996,6.3,417,0,315,1,TRUE
tt10050374,3069,3197,The Toe Bro,2019,16+,7.9/10,41/100,0,1,0,0,1,7.9,7.9,113,tvSeries,Exact (title + year),0,8,64,-0.0999999999999996,49,1,TRUE
tt10050752,1411,1416,Mighty Little Bheem,2019,all,6.7/10,44/100,1,0,0,0,1,6.7,6.4,354,tvSeries,Exact (title + year),-0.3,6.6,199,-0.199999999999999,155,1,TRUE
tt10050772,100,101,I Think You Should Leave with Tim Robinson,2019,18+,7.8/10,81/100,1,0,0,0,1,7.8,8.1,27147,tvSeries,Exact (title + year),0.3,7.8,6275,0.3,20872,1,TRUE
tt10051598,3325,3458,BBQuest,2018,"","",18/100,0,1,0,0,1,,6.6,32,tvSeries,Exact (title + year),,6.7,17,-0.100000000000001,15,1,TRUE
tt10054654,3120,3251,Special 7: Special Crime Investigation Unit,2019,"",6.4/10,39/100,0,1,0,0,1,6.4,6.1,155,tvSeries,Exact (title + year),-0.300000000000001,6.4,80,-0.300000000000001,75,1,TRUE
tt10055734,954,957,Abyss,2019,16+,7.1/10,53/100,1,0,0,0,1,7.1,7.1,4739,tvSeries,Exact (title + year),0,7.1,1398,0,3341,1,TRUE
tt10056648,3355,3488,Around The Way,2019,"","",16/100,0,1,0,0,1,,4.9,35,tvSeries,Exact (title + year),,7.1,7,-2.2,28,1,TRUE
tt10062292,47,48,Never Have I Ever,2020,16+,7.9/10,86/100,1,0,0,0,1,7.9,7.8,96199,tvSeries,Exact (title + year),-0.100000000000001,7.9,27637,-0.100000000000001,68562,1,TRUE
tt10064124,1189,1192,Stolen Away,2020,"",7.1/10,48/100,1,0,0,0,1,7.1,7.1,3117,tvSeries,Exact (title + year),0,7.2,1922,-0.100000000000001,1195,1,TRUE
tt10069398,641,644,Home for Christmas,2019,18+,7.7/10,60/100,1,0,0,0,1,7.7,7.7,20558,tvSeries,Exact (title + year),0,7.7,10961,0,9597,1,TRUE
tt10085386,1486,1492,Tiffany Haddish Presents: They Ready,2019,"",6.3/10,43/100,1,0,0,0,1,6.3,6.7,633,tvSeries,Exact (title + year),0.4,6.3,476,0.4,157,1,TRUE
tt10087694,1813,1821,Morphle,2019,all,4.9/10,34/100,1,1,0,0,1,4.9,4.3,164,tvSeries,Exact (title + year),-0.600000000000001,4.6,50,-0.3,114,2,FALSE
tt10091306,3828,4083,El Presidente,2020,16+,7.2/10,49/100,0,0,1,0,1,7.2,7.2,1750,tvSeries,Exact (title + original-language year),0,7.2,1108,0,642,1,TRUE
tt10092764,1626,1632,Move,2020,"","",40/100,1,0,0,0,1,,7.3,160,tvSeries,Exact (title + year),,7.6,84,-0.3,76,1,TRUE
tt10095402,1530,1536,Garth Brooks: The Road I'm On,2019,"",7.4/10,42/100,1,0,0,0,1,7.4,7.4,360,tvSeries,Exact (title + year),0,7.4,225,0,135,1,TRUE
tt10098248,2515,2610,The Food That Built America,2019,7+,8.5/10,59/100,0,1,0,0,1,8.5,8.4,1946,tvSeries,Exact (title + year),-0.0999999999999996,8.5,650,-0.0999999999999996,1296,1,TRUE
tt10098498,2548,2644,The UnXplained,2019,16+,7.3/10,58/100,0,1,0,0,1,7.3,7.3,2445,tvSeries,Exact (title + year),0,7.3,661,0,1784,1,TRUE
tt10098620,154,155,Feel Good,2020,18+,7.5/10,77/100,1,0,0,0,1,7.5,7.5,15419,tvSeries,Exact (title + year),0,7.5,6299,0,9120,1,TRUE
tt10101518,809,812,Curon,2020,18+,5.8/10,56/100,1,0,0,0,1,5.8,5.9,5056,tvSeries,Exact (title + year),0.100000000000001,5.8,3477,0.100000000000001,1579,1,TRUE
tt10106108,592,595,Seis Manos,2019,18+,7.2/10,61/100,1,0,0,0,1,7.2,7.1,2233,tvSeries,Exact (title + year),-0.100000000000001,7.2,1209,-0.100000000000001,1024,1,TRUE
tt10115054,5350,5699,Lost Treasures of Egypt,2019,"","",16/100,0,0,0,1,1,,7.6,712,tvSeries,Exact (title + year),,8.1,127,-0.5,585,1,TRUE
tt10115958,4369,4668,Beyond the Tattoo,2017,"",6.7/10,32/100,0,0,1,0,1,6.7,6.6,10,tvSeries,Exact (title + year),-0.100000000000001,6.7,9,-0.100000000000001,1,1,TRUE
tt10132958,2963,3088,Kids Behind Bars: Life or Parole,2019,"",7.2/10,45/100,0,1,1,0,1,7.2,7.1,210,tvSeries,Exact (title + year),-0.100000000000001,7.2,81,-0.100000000000001,129,2,FALSE
tt10133226,2293,2354,Holey Moley,2019,7+,6.9/10,66/100,0,1,0,0,1,6.9,7.2,1507,tvSeries,Exact (title + year),0.3,6.9,784,0.3,723,1,TRUE
tt10135740,3127,3258,"Oh Jerome, No",2019,"",8.0/10,39/100,0,1,0,0,1,8,7.8,370,tvMiniSeries,Exact (title + year),-0.2,7.9,175,-0.100000000000001,195,1,TRUE
tt10139982,3243,3375,HobbyKids Adventures,2019,"",2.5/10,31/100,0,1,0,0,1,2.5,4,113,tvSeries,Exact (title + year),1.5,2.4,59,1.6,54,1,TRUE
tt10141612,1583,1589,The Defected,2019,"",7.2/10,40/100,1,0,0,0,1,7.2,7,99,tvSeries,Exact (title + year),-0.2,7.2,48,-0.2,51,1,TRUE
tt10145110,1565,1571,Spectros,2020,18+,4.7/10,41/100,1,0,0,0,1,4.7,4.7,520,tvSeries,Exact (title + year),0,4.6,338,0.100000000000001,182,1,TRUE
tt10145322,1751,1759,28 Faces of the Moon,2016,7+,5.5/10,36/100,1,0,0,0,1,5.5,5.9,36,tvMiniSeries,Exact (title + year),0.4,5.5,12,0.4,24,1,TRUE
tt10147520,921,924,The Minions of Midas,2020,"",6.6/10,53/100,1,0,0,0,1,6.6,6.6,5144,tvMiniSeries,Exact (title + year),0,6.6,3374,0,1770,1,TRUE
tt10147790,3161,3292,Mix: Meisei Story,2019,7+,7.5/10,37/100,0,1,0,0,1,7.5,7,125,tvSeries,Exact (title + year),-0.5,7.5,46,-0.5,79,1,TRUE
tt10150154,2887,3008,Don't,2020,16+,5.8/10,48/100,0,1,0,0,1,5.8,5.9,326,tvSeries,Exact (title + year),0.100000000000001,5.8,254,0.100000000000001,72,1,TRUE
tt10150924,2969,3094,1969,2019,"",7.0/10,45/100,0,1,0,0,1,7,7,143,tvSeries,Exact (title + year),0,7,110,0,33,1,TRUE
tt10151772,1275,1278,Sneakerheads,2020,"",6.2/10,47/100,1,0,0,0,1,6.2,6.1,1790,tvSeries,Exact (title + year),-0.100000000000001,6.2,1115,-0.100000000000001,675,1,TRUE
tt10162496,5187,5527,Prop Culture,2020,7+,8.2/10,51/100,0,0,0,1,1,8.2,8,951,tvSeries,Exact (title + year),-0.199999999999999,8.2,652,-0.199999999999999,299,1,TRUE
tt10162586,5217,5559,Marvel's 616,2020,"",6.4/10,48/100,0,0,0,1,1,6.4,6.5,757,tvSeries,Exact (title + original-language year),0.0999999999999996,6.4,436,0.0999999999999996,321,1,TRUE
tt10162630,4887,5206,Gourmet Makes,2018,"","",10/100,0,0,1,0,1,,9.2,56,tvSeries,"Fuzzy (title exact, year +-1)",,9.2,48,0,8,1,TRUE
tt10163846,5209,5550,Marvel's Hero Project,2019,7+,6.1/10,49/100,0,0,0,1,1,6.1,6.7,188,tvSeries,Exact (title + year),0.600000000000001,6.2,123,0.5,65,1,TRUE
tt10166602,2025,2056,"Love, Victor",2020,16+,8.1/10,80/100,0,1,0,0,1,8.1,7.9,24999,tvSeries,Exact (title + year),-0.199999999999999,8.1,9197,-0.199999999999999,15802,1,TRUE
tt10183688,4169,4464,One Mic Stand,2019,"",6.6/10,38/100,0,0,1,0,1,6.6,6.3,1076,tvSeries,Exact (title + year),-0.3,6.6,724,-0.3,352,1,TRUE
tt10183798,2961,3086,Rock the Block,2019,all,6.7/10,45/100,0,1,0,0,1,6.7,7.2,577,tvSeries,Exact (title + year),0.5,6.7,131,0.5,446,1,TRUE
tt10183988,200,201,Julie and the Phantoms,2020,7+,8.5/10,74/100,1,0,0,0,1,8.5,8.4,14256,tvSeries,Exact (title + year),-0.0999999999999996,8.5,7138,-0.0999999999999996,7118,1,TRUE
tt10186846,494,497,It's Bruno!,2019,7+,7.5/10,63/100,1,0,0,0,1,7.5,7.4,3588,tvSeries,Exact (title + year),-0.0999999999999996,7.5,2610,-0.0999999999999996,978,1,TRUE
tt10192576,1061,1064,One Spring Night,2019,"",7.9/10,51/100,1,0,0,0,1,7.9,7.8,5246,tvSeries,Exact (title + year),-0.100000000000001,7.9,1653,-0.100000000000001,3593,1,TRUE
tt10193046,2601,2702,Utopia Falls,2020,7+,5.4/10,56/100,0,1,0,0,1,5.4,5.3,2194,tvSeries,Exact (title + year),-0.100000000000001,5.4,1552,-0.100000000000001,642,1,TRUE
tt10196378,5236,5580,Magic of Disney's Animal Kingdom,2020,7+,8.3/10,47/100,0,0,0,1,1,8.3,8.2,569,tvSeries,Exact (title + year),-0.100000000000001,8.2,212,0,357,1,TRUE
tt10196390,5090,5417,The World According to Jeff Goldblum,2019,7+,7.8/10,65/100,0,0,0,1,1,7.8,7.6,3153,tvSeries,Exact (title + year),-0.2,7.8,1981,-0.2,1172,1,TRUE
tt10198732,1923,1933,Hatchimals: Adventures in Hatchtopia,2018,"","",16/100,1,0,0,0,1,,7.5,25,tvMiniSeries,Exact (title + year),,7.2,11,0.3,14,1,TRUE
tt1020109,2595,2696,Locked Up Abroad,2008,16+,8.2/10,56/100,0,1,0,0,1,8.2,8.1,2418,tvSeries,"Fuzzy (title exact, year +-1)",-0.0999999999999996,8.2,1831,-0.0999999999999996,587,1,TRUE
tt10202268,1944,1954,Sons of the Caliphate,2016,"","",13/100,1,0,0,0,1,,8.2,51,tvSeries,Exact (title + year),,7.3,27,0.9,24,1,TRUE
tt10202960,3179,3310,The Untold Story,2019,16+,7.2/10,36/100,0,1,0,0,1,7.2,7.6,40,tvSeries,Exact (title + year),0.399999999999999,7.3,16,0.3,24,1,TRUE
tt10207090,3767,4011,Pandora,2019,7+,4.2/10,52/100,1,0,1,0,1,4.2,4.3,6541,tvSeries,Exact (title + year),0.0999999999999996,4.2,3094,0.0999999999999996,3447,2,FALSE
tt10219416,5284,5631,Be our Chef,2020,all,6.3/10,40/100,0,0,0,1,1,6.3,6.5,216,tvSeries,Exact (title + year),0.2,6.3,141,0.2,75,1,TRUE
tt10220476,1445,1451,Chief of Staff,2019,16+,7.9/10,44/100,1,0,0,0,1,7.9,7.7,916,tvSeries,Exact (title + year),-0.2,7.9,321,-0.2,595,1,TRUE
tt10225100,5266,5611,Rogue Trip,2020,7+,7.2/10,43/100,0,0,0,1,1,7.2,7.2,217,tvSeries,Exact (title + year),0,7.3,132,-0.0999999999999996,85,1,TRUE
tt10225108,5276,5622,Shop Class,2020,all,7.2/10,42/100,0,0,0,1,1,7.2,6.9,97,tvSeries,Exact (title + year),-0.3,7.2,61,-0.3,36,1,TRUE
tt10228032,1656,1662,Legend Quest: Masters of Myth,2019,"",7.7/10,39/100,1,0,0,0,1,7.7,7.1,221,tvSeries,Exact (title + year),-0.600000000000001,7.7,101,-0.600000000000001,120,1,TRUE
tt10233448,3526,3700,Vinland Saga,2019,"",8.8/10,71/100,0,0,1,0,1,8.8,8.9,146317,tvSeries,Exact (title + year),0.0999999999999996,8.8,18485,0.0999999999999996,127832,1,TRUE
tt10238792,1190,1193,Bombay Begums,2021,"",4.9/10,48/100,1,0,0,0,1,4.9,5.1,5168,tvSeries,Exact (title + year),0.199999999999999,4.9,3469,0.199999999999999,1699,1,TRUE
tt10241238,929,932,Reality Z,2020,18+,5.4/10,53/100,1,0,0,0,1,5.4,5.7,3289,tvSeries,Exact (title + year),0.3,5.4,2098,0.3,1191,1,TRUE
tt1024167,2994,3121,The Millionaire Matchmaker,2008,7+,4.6/10,44/100,0,1,0,0,1,4.6,4.7,1595,tvSeries,Exact (title + year),0.100000000000001,4.6,1323,0.100000000000001,272,1,TRUE
tt10242176,3043,3171,Where's Waldo?,2020,all,7.5/10,42/100,0,1,0,0,1,7.5,7.1,155,tvSeries,"Fuzzy (title exact, year +-1)",-0.4,7.4,56,-0.300000000000001,99,1,TRUE
tt10242266,1432,1438,Crime Diaries: Night Out,2019,"",7.8/10,44/100,1,0,0,0,1,7.8,7.2,1148,tvMiniSeries,Exact (title + year),-0.6,7.3,702,-0.0999999999999996,446,1,TRUE
tt10242848,551,554,Taco Chronicles,2019,18+,7.9/10,62/100,1,0,0,0,1,7.9,7.8,1050,tvSeries,Exact (title + year),-0.100000000000001,7.9,710,-0.100000000000001,340,1,TRUE
tt10243628,1166,1169,Jailbirds,2019,18+,7.1/10,49/100,1,0,0,0,1,7.1,7,1470,tvSeries,Exact (title + year),-0.0999999999999996,7.1,908,-0.0999999999999996,562,1,TRUE
tt10243692,972,975,Killer Ratings,2019,18+,8.0/10,53/100,1,0,0,0,1,8,7.5,2139,tvMiniSeries,Exact (title + year),-0.5,7.7,1334,-0.2,805,1,TRUE
tt10244612,1115,1118,Oktoberfest: Beer & Blood,2020,"",6.8/10,50/100,1,0,0,0,1,6.8,6.8,3075,tvMiniSeries,Exact (title + year),0,6.8,1730,0,1345,1,TRUE
tt1024932,2663,2766,City Homicide,2007,16+,7.5/10,55/100,0,1,0,0,1,7.5,7.6,2059,tvSeries,"Fuzzy (title exact, year +-1)",0.0999999999999996,7.5,1090,0.0999999999999996,969,1,TRUE
tt10257000,4567,4875,300 Million Years,2015,"","",16/100,0,0,1,0,1,,7.1,49,tvMiniSeries,Exact (title + year),,7.2,26,-0.100000000000001,23,1,TRUE
tt10262630,793,796,Extracurricular,2020,18+,7.7/10,56/100,1,0,0,0,1,7.7,7.5,12154,tvSeries,Exact (title + year),-0.2,7.7,3315,-0.2,8839,1,TRUE
tt10265158,1052,1055,Put Your Head on My Shoulder,2019,7+,8.0/10,51/100,1,0,0,0,1,8,7.9,4402,tvSeries,Exact (title + year),-0.0999999999999996,8,1212,-0.0999999999999996,3190,1,TRUE
tt10266874,2567,2665,Helstrom,2020,"",6.8/10,57/100,0,1,0,0,1,6.8,6.7,11394,tvSeries,Exact (title + year),-0.0999999999999996,6.8,6680,-0.0999999999999996,4714,1,TRUE
tt10267798,2999,3126,Endlings,2020,7+,4.8/10,44/100,0,1,0,0,1,4.8,5.6,419,tvSeries,Exact (title + year),0.8,4.8,276,0.8,143,1,TRUE
tt10268080,1522,1528,My Perfect Landing,2020,"",6.3/10,42/100,1,0,0,0,1,6.3,6.5,530,tvSeries,Exact (title + year),0.2,6.3,108,0.2,422,1,TRUE
tt10276062,2476,2566,mixed-ish,2019,7+,6.2/10,60/100,0,1,0,0,1,6.2,6.9,3234,tvSeries,Exact (title + year),0.7,6.3,2007,0.600000000000001,1227,1,TRUE
tt10276462,3011,3138,Eater's Guide to the World,2020,"",6.8/10,43/100,0,1,0,0,1,6.8,6.8,115,tvSeries,Exact (title + year),0,6.8,65,0,50,1,TRUE
tt10276578,5323,5671,Lost Treasures of the Maya,2019,"","",35/100,0,0,0,1,1,,6.5,421,tvSeries,"Fuzzy (title exact, year +-1)",,6.6,150,-0.0999999999999996,271,1,TRUE
tt10282684,1698,1704,Hong Kong West Side Stories,2019,18+,7.3/10,38/100,1,0,0,0,1,7.3,7,142,tvSeries,Exact (title + year),-0.3,,,,,1,TRUE
tt10289938,3750,3992,The Forgotten Army - Azaadi ke liye,2020,18+,8.1/10,53/100,0,0,1,0,1,8.1,7.9,6465,tvMiniSeries,Exact (title + year),-0.199999999999999,8.1,4384,-0.199999999999999,2081,1,TRUE
tt10293938,123,124,Outer Banks,2020,18+,7.6/10,79/100,1,0,0,0,1,7.6,7.5,109556,tvSeries,Exact (title + year),-0.0999999999999996,7.6,22148,-0.0999999999999996,87408,1,TRUE
tt10302548,1446,1452,Pup Academy,2019,"",6.6/10,44/100,1,0,0,0,1,6.6,6.6,823,tvSeries,Exact (title + year),0,6.7,395,-0.100000000000001,428,1,TRUE
tt10311562,891,894,#blackAF,2020,18+,6.8/10,54/100,1,0,0,0,1,6.8,6.8,5653,tvSeries,Exact (title + year),0,6.8,4079,0,1574,1,TRUE
tt10311932,911,914,Someone Has to Die,2020,"",6.3/10,54/100,1,0,0,0,1,6.3,6.3,6178,tvMiniSeries,Exact (title + year),0,6.3,3777,0,2401,1,TRUE
tt10312776,2578,2676,Bluff City Law,2019,16+,6.8/10,57/100,0,1,0,0,1,6.8,6.9,2728,tvSeries,Exact (title + year),0.100000000000001,6.8,2067,0.100000000000001,661,1,TRUE
tt10312854,2527,2623,Kenan,2021,7+,5.6/10,58/100,0,1,0,0,1,5.6,5.9,2155,tvSeries,Exact (title + year),0.300000000000001,5.6,1194,0.300000000000001,961,1,TRUE
tt10312958,1607,1613,The Writer,2019,7+,6.6/10,40/100,1,0,0,0,1,6.6,6.5,389,tvSeries,Exact (title + year),-0.0999999999999996,6.5,237,0,152,1,TRUE
tt10313066,2145,2186,Stumptown,2019,16+,7.5/10,73/100,0,1,0,0,1,7.5,7.5,14519,tvSeries,Exact (title + year),0,7.5,9487,0,5032,1,TRUE
tt10314462,2047,2079,Zoey's Extraordinary Playlist,2020,16+,8.1/10,78/100,0,1,0,0,1,8.1,8.1,20753,tvSeries,Exact (title + year),0,8.1,12732,0,8021,1,TRUE
tt10315062,4023,4306,Daughter of Lupin,2019,"",6.4/10,43/100,0,0,1,0,1,6.4,6.8,104,tvMiniSeries,Exact (title + year),0.399999999999999,6.4,52,0.399999999999999,52,1,TRUE
tt10323338,2290,2349,9-1-1: Lone Star,2020,16+,6.8/10,67/100,0,1,0,0,1,6.8,7.3,27991,tvSeries,Exact (title + year),0.5,6.8,8698,0.5,19293,1,TRUE
tt10326954,5032,5351,Red Dust,2013,"","",10/100,0,0,1,0,1,,7,11,tvSeries,Exact (title + year),,7.4,5,-0.4,6,1,TRUE
tt10327354,2065,2098,Prodigal Son,2019,16+,7.7/10,77/100,0,1,0,0,1,7.7,7.6,27208,tvSeries,Exact (title + year),-0.100000000000001,7.7,16063,-0.100000000000001,11145,1,TRUE
tt10327440,1628,1634,I Hear You,2019,all,7.8/10,40/100,1,0,0,0,1,7.8,7.1,1046,tvSeries,Exact (title + year),-0.7,7.3,431,-0.2,615,1,TRUE
tt10327526,2609,2710,Filthy Rich,2020,16+,6.2/10,56/100,0,1,0,0,1,6.2,6.3,2106,tvSeries,Exact (title + year),0.0999999999999996,6.1,1366,0.2,740,1,TRUE
tt10327830,2193,2242,For Life,2020,16+,7.6/10,70/100,0,1,0,0,1,7.6,7.6,9985,tvSeries,Exact (title + original-language year),0,7.6,3965,0,6020,1,TRUE
tt10329028,368,370,The Unicorn,2019,7+,7.2/10,67/100,1,1,0,0,1,7.2,7.2,5075,tvSeries,Exact (title + year),0,7.2,3578,0,1497,2,FALSE
tt10329642,5121,5452,Secrets of Sulphur Springs,2021,7+,7.7/10,59/100,0,0,0,1,1,7.7,7.6,4683,tvSeries,Exact (title + year),-0.100000000000001,7.8,1197,-0.2,3486,1,TRUE
tt10332322,1433,1439,LEGO City Adventures,2019,7+,7.0/10,44/100,1,0,1,0,1,7,6.8,379,tvSeries,Exact (title + year),-0.2,6.9,119,-0.100000000000001,260,2,FALSE
tt10334498,3184,3315,Ellen's Greatest Night of Giveaways,2019,7+,4.5/10,35/100,0,1,0,0,1,4.5,4.9,77,tvMiniSeries,Exact (title + year),0.4,4.6,41,0.300000000000001,36,1,TRUE
tt1034007,130,131,Alias Grace,2017,18+,7.7/10,79/100,1,0,0,0,1,7.7,7.6,42167,tvMiniSeries,Exact (title + year),-0.100000000000001,7.7,27725,-0.100000000000001,14442,1,TRUE
tt10340828,1803,1811,Miniforce X,2019,"",4.3/10,34/100,1,0,1,0,1,4.3,6.8,39,tvSeries,Exact (title + year),2.5,4.3,9,2.5,30,2,FALSE
tt10344410,3592,3794,Panic,2021,16+,6.5/10,63/100,0,0,1,0,1,6.5,6.6,11557,tvSeries,Exact (title + year),0.0999999999999996,6.4,3598,0.199999999999999,7959,1,TRUE
tt10347886,1282,1285,All For Love,2020,7+,7.0/10,47/100,1,0,0,0,1,7,6.8,330,tvSeries,Exact (title + year),-0.2,7.2,117,-0.4,213,1,TRUE
tt10348078,1301,1304,Her Mother's Killer,2020,16+,7.7/10,46/100,1,0,0,0,1,7.7,7.8,536,tvSeries,Exact (title + year),0.0999999999999996,7.7,208,0.0999999999999996,328,1,TRUE
tt10348700,1005,1008,The Queen and the Conqueror,2020,16+,6.7/10,52/100,1,0,0,0,1,6.7,6.6,252,tvSeries,Exact (title + year),-0.100000000000001,6.7,124,-0.100000000000001,128,1,TRUE
tt10350924,4179,4475,Jestination Unknown,2019,16+,6.1/10,38/100,0,0,1,0,1,6.1,5.9,293,tvSeries,Exact (title + year),-0.199999999999999,6.1,221,-0.199999999999999,72,1,TRUE
tt10359446,606,609,The Chef Show,2019,18+,8.2/10,61/100,1,0,0,0,1,8.2,8.2,5930,tvSeries,Exact (title + year),0,8.2,4362,0,1568,1,TRUE
tt10366494,5232,5576,Lost Cities with Albert Lin,2019,"",7.8/10,47/100,0,0,0,1,1,7.8,7.5,858,tvSeries,Exact (title + year),-0.3,7.8,263,-0.3,595,1,TRUE
tt10367818,1046,1049,El Final del Paraíso,2019,"",5.5/10,51/100,1,0,0,0,1,5.5,5,345,tvSeries,Exact (title + year),-0.5,5.6,153,-0.6,192,1,TRUE
tt10367990,1288,1291,No te puedes esconder,2019,"",6.5/10,47/100,1,0,0,0,1,6.5,6.5,1526,tvMiniSeries,Exact (title + original-language year),0,6.5,873,0,653,1,TRUE
tt10370750,2756,2866,Trafficked with Mariana van Zeller,2020,16+,8.4/10,52/100,0,1,0,0,1,8.4,8.5,1833,tvSeries,Exact (title + year),0.0999999999999996,8.4,376,0.0999999999999996,1457,1,TRUE
tt10370752,5220,5562,Race to the Center of the Earth,2021,"",6.0/10,48/100,0,0,0,1,1,6,6.5,249,tvSeries,Exact (title + year),0.5,6.5,71,0,178,1,TRUE
tt10370952,1742,1750,A Thousand Goodnights,2019,"","",36/100,1,0,0,0,1,,7.2,140,tvSeries,Exact (title + year),,7.9,68,-0.7,72,1,TRUE
tt10370956,1349,1353,Awake: The Million Dollar Game,2019,7+,5.9/10,45/100,1,0,0,0,1,5.9,6,955,tvSeries,Exact (title + year),0.0999999999999996,6,660,0,295,1,TRUE
tt10376904,1450,1456,Exhibit A,2019,18+,6.2/10,44/100,1,0,1,0,1,6.2,6.3,1302,tvSeries,Exact (title + year),0.0999999999999996,6.3,839,0,463,2,FALSE
tt10380340,4591,4902,She Is Beautiful,2018,"","",16/100,0,0,1,0,1,,5.9,19,tvSeries,Exact (title + year),,5.8,6,0.100000000000001,13,1,TRUE
tt10380814,1633,1639,Dino Girl Gauko,2019,7+,6.7/10,39/100,1,0,0,0,1,6.7,6.6,134,tvSeries,Exact (title + year),-0.100000000000001,6.8,55,-0.2,79,1,TRUE
tt10380896,1178,1181,City of Ghosts,2021,7+,8.0/10,49/100,1,0,1,0,1,8,7.6,511,tvSeries,Exact (title + year),-0.4,7.9,159,-0.300000000000001,352,2,FALSE
tt10380934,1054,1057,The Expanding Universe of Ashley Garcia,2020,all,6.8/10,51/100,1,0,0,0,1,6.8,6.7,1909,tvSeries,Exact (title + original-language year),-0.0999999999999996,6.9,899,-0.2,1010,1,TRUE
tt10384610,756,759,Scissor Seven,2018,7+,8.3/10,57/100,1,0,0,0,1,8.3,8.4,6395,tvSeries,Exact (title + year),0.0999999999999996,8.6,190,-0.199999999999999,6205,1,TRUE
tt10389464,5364,5714,Mexico Untamed,2018,"","",10/100,0,0,0,1,1,,7.5,52,tvMiniSeries,Exact (title + year),,7.6,11,-0.0999999999999996,41,1,TRUE
tt10394770,1028,1031,Next in Fashion,2020,16+,7.3/10,52/100,1,0,0,0,1,7.3,7.3,5609,tvSeries,Exact (title + year),0,7.3,2996,0,2613,1,TRUE
tt10394790,3202,3333,The Bravest Knight,2019,7+,6.4/10,34/100,0,1,0,0,1,6.4,5.9,210,tvSeries,Exact (title + year),-0.5,6.3,85,-0.399999999999999,125,1,TRUE
tt10397430,1778,1786,In The Bosom of a Thorn,2019,16+,7.3/10,35/100,1,0,0,0,1,7.3,7.3,74,tvSeries,Exact (title + year),0,7.3,35,0,39,1,TRUE
tt1039872,4323,4622,Design Squad,2007,all,8.5/10,34/100,0,0,1,0,1,8.5,8.4,33,tvSeries,Exact (title + year),-0.0999999999999996,8.4,17,0,16,1,TRUE
tt10404664,2721,2826,Zomboat!,2019,"",7.0/10,53/100,0,1,0,0,1,7,7,2512,tvSeries,Exact (title + year),0,7,1445,0,1067,1,TRUE
tt10404698,2773,2885,Monsterland,2020,"",5.5/10,51/100,0,1,0,0,1,5.5,5.7,3643,tvSeries,Exact (title + year),0.2,5.5,2223,0.2,1420,1,TRUE
tt10405394,1087,1090,Designated Survivor: 60 Days,2019,"",8.1/10,51/100,1,0,0,0,1,8.1,8.1,2258,tvSeries,Exact (title + year),0,8.1,869,0,1389,1,TRUE
tt10406128,1051,1054,Rookie Historian Goo Hae-Ryung,2019,"",8.2/10,51/100,1,0,0,0,1,8.2,8.1,4175,tvSeries,Exact (title + year),-0.0999999999999996,8.2,1304,-0.0999999999999996,2871,1,TRUE
tt10423424,3160,3291,BEM,2019,16+,6.0/10,37/100,0,1,0,0,1,6,6.1,320,tvSeries,Exact (title + year),0.0999999999999996,6,159,0.0999999999999996,161,1,TRUE
tt10423460,774,777,Family Business,2019,16+,7.4/10,56/100,1,0,0,0,1,7.4,7.4,5937,tvSeries,Exact (title + original-language year),0,7.4,2601,0,3336,1,TRUE
tt10431290,2648,2750,Arifureta: From Commonplace to World's Strongest,2019,16+,7.0/10,55/100,0,1,0,0,1,7,7,6697,tvSeries,Exact (title + year),0,6.9,1452,0.0999999999999996,5245,1,TRUE
tt10436228,312,314,Jurassic World: Camp Cretaceous,2020,7+,7.5/10,69/100,1,0,0,0,1,7.5,7.5,14164,tvSeries,Exact (title + year),0,7.5,4967,0,9197,1,TRUE
tt1044196,3946,4223,City of Vice,2008,"",7.7/10,45/100,0,0,1,0,1,7.7,7.4,584,tvMiniSeries,Exact (title + year),-0.3,7.7,441,-0.3,143,1,TRUE
tt10443344,3925,4200,Do You Love Your Mom and Her Two-Hit Multi-Target Attacks?,2019,16+,5.1/10,46/100,0,0,1,0,1,5.1,5.3,768,tvSeries,Exact (title + year),0.2,5.1,293,0.2,475,1,TRUE
tt1044418,5166,5503,Jonas,2009,"",4.7/10,53/100,0,0,0,1,1,4.7,4.8,6862,tvSeries,Exact (title + year),0.0999999999999996,4.7,5753,0.0999999999999996,1109,1,TRUE
tt10448486,1613,1619,Scams,2019,"",6.3/10,40/100,1,0,0,0,1,6.3,6.4,488,tvMiniSeries,Exact (title + year),0.100000000000001,6.3,267,0.100000000000001,221,1,TRUE
tt10449632,1610,1616,Unrequited Love,2019,"",7.3/10,40/100,1,0,0,0,1,7.3,7,353,tvSeries,Exact (title + year),-0.3,7.3,177,-0.3,176,1,TRUE
tt1045385,4611,4922,Fluffy Gardens,2007,"","",14/100,0,0,1,0,1,,8,26,tvSeries,Exact (title + year),,7.2,9,0.8,17,1,TRUE
tt10472296,1575,1581,Somewhere Only We Know,2019,"",7.3/10,41/100,1,0,0,0,1,7.3,6.9,269,tvSeries,Exact (title + year),-0.399999999999999,7.3,123,-0.399999999999999,146,1,TRUE
tt10473150,601,604,Grand Army,2020,"",7.6/10,61/100,1,0,0,0,1,7.6,7.4,10338,tvSeries,Exact (title + year),-0.199999999999999,7.6,4154,-0.199999999999999,6184,1,TRUE
tt10477528,398,400,The Naked Director,2019,18+,7.7/10,66/100,1,0,0,0,1,7.7,7.6,7567,tvSeries,Exact (title + year),-0.100000000000001,7.7,4470,-0.100000000000001,3097,1,TRUE
tt10482560,297,299,Kipo and the Age of Wonderbeasts,2020,7+,8.4/10,70/100,1,0,0,0,1,8.4,8.3,8844,tvSeries,Exact (title + year),-0.0999999999999996,8.4,3727,-0.0999999999999996,5117,1,TRUE
tt10483250,2744,2849,Astra Lost in Space,2019,16+,8.1/10,53/100,0,1,0,0,1,8.1,7.9,2587,tvMiniSeries,Exact (title + year),-0.199999999999999,8.1,920,-0.199999999999999,1667,1,TRUE
tt10483610,1079,1082,Capitani,2019,"",6.6/10,51/100,1,0,0,0,1,6.6,6.6,6997,tvSeries,Exact (title + year),0,6.6,3103,0,3894,1,TRUE
tt10485750,3667,3894,The Pale Horse,2020,all,6.1/10,57/100,0,0,1,0,1,6.1,6.1,7442,tvMiniSeries,Exact (title + year),0,6.1,4138,0,3304,1,TRUE
tt10487072,1239,1242,Prank Encounters,2019,16+,5.2/10,48/100,1,0,0,0,1,5.2,5.3,3353,tvSeries,Exact (title + year),0.0999999999999996,5.2,2411,0.0999999999999996,942,1,TRUE
tt1050057,3691,3922,The Devil's Whore,2008,"",7.1/10,56/100,0,0,1,0,1,7.1,7,2893,tvMiniSeries,Exact (title + original-language year),-0.0999999999999996,7.1,2386,-0.0999999999999996,507,1,TRUE
tt1051155,434,436,The Universe,2007,16+,8.7/10,65/100,1,0,1,0,1,8.7,8.6,6019,tvSeries,Exact (title + year),-0.0999999999999996,8.7,5407,-0.0999999999999996,612,2,FALSE
tt1051220,160,161,The Shannara Chronicles,2016,16+,7.2/10,77/100,1,0,0,0,1,7.2,7.1,66406,tvSeries,Exact (title + year),-0.100000000000001,7.2,55517,-0.100000000000001,10889,1,TRUE
tt10513300,1724,1731,Justice,2019,7+,5.2/10,37/100,1,0,0,0,1,5.2,7.3,145,tvSeries,Exact (title + year),2.1,7.7,62,-0.4,83,1,TRUE
tt10516352,575,578,Love 101,2020,18+,7.5/10,61/100,1,0,0,0,1,7.5,7.4,20144,tvSeries,Exact (title + year),-0.0999999999999996,7.5,9910,-0.0999999999999996,10234,1,TRUE
tt10516496,5250,5594,Chip 'n' Dale: Park Life,2021,all,6.9/10,45/100,0,0,0,1,1,6.9,6.1,628,tvSeries,Exact (title + year),-0.800000000000001,,,,,1,TRUE
tt10521644,1690,1696,Extreme Engagement,2019,18+,5.7/10,38/100,1,0,0,0,1,5.7,5.7,423,tvSeries,Exact (title + year),0,5.7,329,0,94,1,TRUE
tt10522374,1746,1754,True Tunes,2019,all,8.0/10,36/100,1,0,0,0,1,8,7.7,18,tvSeries,Exact (title + year),-0.3,8,11,-0.3,7,1,TRUE
tt10540276,660,663,Snabba Cash,2021,"",7.6/10,59/100,1,0,0,0,1,7.6,7.6,14287,tvSeries,Exact (title + year),0,7.6,5996,0,8291,1,TRUE
tt10540562,1198,1201,The Healing Powers of Dude,2020,all,6.6/10,48/100,1,0,0,0,1,6.6,6.7,1374,tvSeries,Exact (title + year),0.100000000000001,6.6,701,0.100000000000001,673,1,TRUE
tt10541088,3503,3668,Clarkson's Farm,2021,7+,9.2/10,76/100,0,0,1,0,1,9.2,9,89206,tvSeries,Exact (title + year),-0.199999999999999,9.3,4247,-0.300000000000001,84959,1,TRUE
tt10549212,1136,1139,The Trial,2019,"",7.0/10,50/100,1,0,0,0,1,7,7.2,4594,tvSeries,Exact (title + year),0.2,7,2472,0.2,2122,1,TRUE
tt10551256,772,775,Age of Samurai: Battle for Japan,2021,"",7.4/10,56/100,1,0,0,0,1,7.4,7.4,5888,tvMiniSeries,Exact (title + year),0,7.4,3004,0,2884,1,TRUE
tt10554898,393,395,The Untamed,2019,16+,9.0/10,66/100,1,0,0,0,1,9,8.7,16336,tvSeries,Exact (title + year),-0.300000000000001,9,4374,-0.300000000000001,11962,1,TRUE
tt10583412,5333,5681,Out There with Jack Randall,2019,"",7.0/10,33/100,0,0,0,1,1,7,5.9,107,tvSeries,Exact (title + year),-1.1,7,52,-1.1,55,1,TRUE
tt10584608,231,232,Teenage Bounty Hunters,2020,18+,7.7/10,72/100,1,0,0,0,1,7.7,7.6,15961,tvSeries,Exact (title + year),-0.100000000000001,7.7,8918,-0.100000000000001,7043,1,TRUE
tt10589968,2452,2539,The Secret of Skinwalker Ranch,2020,7+,6.1/10,60/100,0,1,0,0,1,6.1,6.5,5755,tvSeries,Exact (title + year),0.4,6,1224,0.5,4531,1,TRUE
tt1059455,970,973,The Legend of Bruce Lee,2008,"",7.0/10,53/100,1,0,1,0,1,7,6.9,1720,tvSeries,Exact (title + year),-0.0999999999999996,7,1317,-0.0999999999999996,403,2,FALSE
tt1059475,2196,2246,Flashpoint,2008,16+,7.7/10,70/100,0,1,1,0,1,7.7,7.8,19587,tvSeries,Exact (title + year),0.0999999999999996,7.7,16651,0.0999999999999996,2936,2,FALSE
tt10619444,1110,1113,Levius,2019,"",7.0/10,50/100,1,0,0,0,1,7,7,755,tvMiniSeries,Exact (title + year),0,7,431,0,324,1,TRUE
tt10619486,1143,1146,Zero,2021,"",5.7/10,50/100,1,0,0,0,1,5.7,5.8,1655,tvSeries,Exact (title + year),0.0999999999999996,5.6,940,0.2,715,1,TRUE
tt10619724,1903,1911,Sexy Central,2019,"","",21/100,1,0,0,0,1,,5.2,20,tvSeries,Exact (title + year),,,,,,1,TRUE
tt10628250,1544,1550,The Legend of White Snake,2019,all,7.7/10,41/100,1,0,0,0,1,7.7,7.3,402,tvSeries,Exact (title + year),-0.4,7.6,163,-0.3,239,1,TRUE
tt10642480,2713,2818,The Sister,2020,"",5.7/10,53/100,0,1,0,0,1,5.7,5.9,3434,tvMiniSeries,Exact (title + year),0.2,5.7,1882,0.2,1552,1,TRUE
tt1064899,118,119,Queen of the South,2016,16+,8.0/10,79/100,1,0,0,0,1,8,8,38276,tvSeries,Exact (title + year),0,7.9,22100,0.0999999999999996,16176,1,TRUE
tt10651790,803,806,Betaal,2020,18+,5.4/10,56/100,1,0,0,0,1,5.4,5.5,10173,tvSeries,Exact (title + year),0.0999999999999996,5.4,8067,0.0999999999999996,2106,1,TRUE
tt1065309,3710,3944,Oliver Twist,2007,7+,7.4/10,55/100,0,0,1,0,1,7.4,7.3,3435,tvMiniSeries,Exact (title + year),-0.100000000000001,7.4,2712,-0.100000000000001,723,1,TRUE
tt10655506,1305,1308,Masaba Masaba,2020,"",6.7/10,46/100,1,0,0,0,1,6.7,6.6,2400,tvSeries,Exact (title + year),-0.100000000000001,6.7,1490,-0.100000000000001,910,1,TRUE
tt10662034,2413,2491,Mr. Mayor,2021,16+,6.3/10,62/100,0,1,0,0,1,6.3,6.4,5659,tvSeries,Exact (title + year),0.100000000000001,6.3,2680,0.100000000000001,2979,1,TRUE
tt10675284,4685,5001,The Evolution of Us,2016,"","",13/100,0,0,1,0,1,,7.4,53,tvMiniSeries,Exact (title + year),,7.1,18,0.300000000000001,35,1,TRUE
tt10680614,2230,2284,A Teacher,2020,18+,6.9/10,69/100,0,1,0,0,1,6.9,6.8,18250,tvMiniSeries,Exact (title + year),-0.100000000000001,6.9,9493,-0.100000000000001,8757,1,TRUE
tt10681222,183,184,The Movies That Made Us,2019,18+,7.8/10,75/100,1,0,0,0,1,7.8,7.6,7684,tvSeries,Exact (title + year),-0.2,7.8,2955,-0.2,4729,1,TRUE
tt10681240,3796,4047,The Vineyard,2021,"",7.1/10,51/100,0,0,1,0,1,7.1,7.1,1076,tvSeries,Exact (title + year),0,7.1,425,0,651,1,TRUE
tt10681670,1047,1050,"Breakfast, Lunch & Dinner",2019,18+,6.8/10,51/100,1,0,0,0,1,6.8,6.7,1225,tvSeries,Exact (title + year),-0.0999999999999996,6.8,909,-0.0999999999999996,316,1,TRUE
tt10686814,1252,1255,Terrace House: Tokyo 2019-2020,2019,"",7.4/10,47/100,1,0,0,0,1,7.4,7.4,889,tvSeries,Exact (title + year),0,7.5,606,-0.0999999999999996,283,1,TRUE
tt10687134,1370,1374,Dragons: Rescue Riders,2019,7+,6.1/10,45/100,1,0,0,0,1,6.1,5.9,499,tvSeries,Exact (title + year),-0.199999999999999,6.1,220,-0.199999999999999,279,1,TRUE
tt10687170,1814,1822,Hello Ninja,2019,all,6.6/10,34/100,1,0,0,0,1,6.6,5.7,196,tvSeries,Exact (title + year),-0.9,6.6,88,-0.9,108,1,TRUE
tt10687184,1261,1264,StarBeam,2020,all,6.9/10,47/100,1,0,0,0,1,6.9,5.6,138,tvSeries,Exact (title + year),-1.3,6.9,64,-1.3,74,1,TRUE
tt10687266,1387,1392,Izzy's Koala World,2020,all,8.0/10,45/100,1,0,0,0,1,8,8,306,tvSeries,Exact (title + year),0,8,151,0,155,1,TRUE
tt10687464,1442,1448,Emily's Wonder Lab,2020,all,8.6/10,44/100,1,0,0,0,1,8.6,8.5,275,tvSeries,Exact (title + year),-0.0999999999999996,8.6,128,-0.0999999999999996,147,1,TRUE
tt10687564,1422,1428,Dollar,2019,18+,6.7/10,44/100,1,0,0,0,1,6.7,6.7,692,tvSeries,Exact (title + year),0,6.8,537,-0.0999999999999996,155,1,TRUE
tt1068898,3197,3328,Baldwin Hills,2007,16+,4.3/10,35/100,0,1,0,0,1,4.3,4.8,163,tvSeries,Exact (title + year),0.5,4.3,138,0.5,25,1,TRUE
tt10689614,3614,3822,El Cid,2020,16+,6.5/10,61/100,0,0,1,0,1,6.5,6.8,4753,tvSeries,Exact (title + year),0.3,6.4,2131,0.399999999999999,2622,1,TRUE
tt10698408,1483,1489,Basketball or Nothing,2019,7+,7.5/10,43/100,1,0,0,0,1,7.5,7.3,764,tvSeries,Exact (title + year),-0.2,7.4,506,-0.100000000000001,258,1,TRUE
tt10702412,1743,1751,Secreto bien guardado,2019,"",4.9/10,36/100,1,0,0,0,1,4.9,5,273,tvMiniSeries,Exact (title + year),0.0999999999999996,4.9,156,0.0999999999999996,117,1,TRUE
tt10704300,5304,5652,Kingdom of the White Wolf,2019,"",8.1/10,37/100,0,0,0,1,1,8.1,8,366,tvMiniSeries,Exact (title + year),-0.0999999999999996,8.1,165,-0.0999999999999996,201,1,TRUE
tt10709178,4512,4815,La Usurpadora,2019,"","",20/100,0,0,1,0,1,,6.8,180,tvSeries,Exact (title + year),,7.6,78,-0.8,102,1,TRUE
tt10715148,690,693,The Family,2019,16+,6.4/10,59/100,1,0,0,0,1,6.4,6.4,4303,tvMiniSeries,Exact (title + year),0,6.4,3136,0,1167,1,TRUE
tt10715172,1451,1457,Apache: La vida de Carlos Tevez,2019,18+,7.9/10,44/100,1,0,0,0,1,7.9,7.2,2204,tvMiniSeries,Exact (title + original-language year),-0.7,6.6,1382,0.600000000000001,822,1,TRUE
tt10715202,1786,1794,Styling Hollywood,2019,16+,7.3/10,35/100,1,0,0,0,1,7.3,6.5,420,tvSeries,Exact (title + year),-0.8,6.7,307,-0.2,113,1,TRUE
tt10726356,1018,1021,The Big Show Show,2020,all,6.4/10,52/100,1,0,0,0,1,6.4,6.3,3132,tvSeries,Exact (title + year),-0.100000000000001,6.4,2068,-0.100000000000001,1064,1,TRUE
tt10753590,1792,1800,Happy Jail,2019,18+,8.0/10,34/100,1,0,0,0,1,8,6.9,297,tvSeries,Exact (title + year),-1.1,7,222,-0.0999999999999996,75,1,TRUE
tt10761022,3214,3346,Activate: The Global Citizen Movement,2019,"",5.3/10,33/100,0,1,0,0,1,5.3,5.9,47,tvSeries,Exact (title + year),0.600000000000001,5.5,24,0.4,23,1,TRUE
tt10767748,820,823,Tiny Pretty Things,2020,"",5.9/10,55/100,1,0,0,0,1,5.9,5.9,11442,tvSeries,Exact (title + year),0,5.9,7809,0,3633,1,TRUE
tt10768172,2940,3063,Cake,2019,18+,6.2/10,46/100,0,1,0,0,1,6.2,6.6,773,tvSeries,Exact (title + year),0.399999999999999,6.2,411,0.399999999999999,362,1,TRUE
tt10773770,2955,3080,Hip Hop Uncovered,2021,"",7.4/10,45/100,0,1,0,0,1,7.4,7.5,363,tvSeries,Exact (title + year),0.0999999999999996,7.4,148,0.0999999999999996,215,1,TRUE
tt1077744,2431,2514,Lark Rise to Candleford,2008,7+,8.1/10,61/100,0,1,0,0,1,8.1,8.2,9529,tvSeries,Exact (title + year),0.0999999999999996,8.1,6729,0.0999999999999996,2800,1,TRUE
tt10777610,2642,2743,Toilet-Bound Hanako-kun,2020,16+,7.6/10,55/100,0,1,0,0,1,7.6,7.5,4085,tvSeries,Exact (title + year),-0.0999999999999996,7.6,807,-0.0999999999999996,3278,1,TRUE
tt10795658,370,372,Alice in Borderland,2020,"",7.7/10,67/100,1,0,0,0,1,7.7,7.8,150526,tvSeries,Exact (title + year),0.0999999999999996,7.7,21278,0.0999999999999996,129248,1,TRUE
tt10810430,527,530,"The Mind, Explained",2019,16+,8.0/10,62/100,1,0,0,0,1,8,7.9,6478,tvSeries,Exact (title + year),-0.0999999999999996,8,4313,-0.0999999999999996,2165,1,TRUE
tt10813940,180,181,Ginny & Georgia,2021,16+,7.5/10,75/100,1,0,0,0,1,7.5,7.5,109846,tvSeries,Exact (title + year),0,7.5,33052,0,76794,1,TRUE
tt1082583,3845,4105,The Dangerous Book for Boys,2018,7+,6.0/10,49/100,0,0,1,0,1,6,5.9,543,tvSeries,Exact (title + year),-0.0999999999999996,6,414,-0.0999999999999996,129,1,TRUE
tt10826054,266,267,Masters of the Universe: Revelation,2021,7+,4.9/10,71/100,1,0,0,0,1,4.9,5.6,29742,tvSeries,Exact (title + year),0.699999999999999,,,,,1,TRUE
tt10826064,825,828,When the Camellia Blooms,2019,"",8.0/10,55/100,1,0,0,0,1,8,7.8,4065,tvSeries,Exact (title + year),-0.2,8,1689,-0.2,2376,1,TRUE
tt10833132,1102,1105,The Club,2019,18+,6.3/10,50/100,1,0,0,0,1,6.3,6.2,1081,tvSeries,Exact (title + year),-0.0999999999999996,6.3,728,-0.0999999999999996,353,1,TRUE
tt10834478,1498,1504,Get Organized with The Home Edit,2020,"",4.8/10,43/100,1,0,0,0,1,4.8,5.7,1989,tvSeries,Exact (title + year),0.9,4.7,166,1,1823,1,TRUE
tt10837476,452,454,Inside Bill's Brain: Decoding Bill Gates,2019,16+,7.9/10,65/100,1,0,0,0,1,7.9,7.8,12136,tvMiniSeries,Exact (title + year),-0.100000000000001,7.9,9749,-0.100000000000001,2387,1,TRUE
tt10839422,225,226,Sex/Life,2021,18+,5.4/10,73/100,1,0,0,0,1,5.4,5.6,34837,tvSeries,Exact (title + year),0.199999999999999,,,,,1,TRUE
tt1085074,2890,3011,Black Cat,2005,7+,7.1/10,48/100,0,1,0,0,1,7.1,6.9,1474,tvSeries,Exact (title + year),-0.199999999999999,7.1,976,-0.199999999999999,498,1,TRUE
tt10850888,1072,1075,My Country: The New Age,2019,"",8.3/10,51/100,1,0,0,0,1,8.3,8.1,3228,tvSeries,Exact (title + year),-0.200000000000001,8.3,1356,-0.200000000000001,1872,1,TRUE
tt10850932,275,277,Crash Landing on You,2019,16+,8.7/10,71/100,1,0,0,0,1,8.7,8.7,60154,tvMiniSeries,Exact (title + year),0,8.7,15494,0,44660,1,TRUE
tt10854760,5202,5542,One Day at Disney,2019,all,7.3/10,50/100,0,0,0,1,1,7.3,7.3,660,tvSeries,Exact (title + year),0,7.3,416,0,244,1,TRUE
tt10855726,5231,5575,Pick of the Litter,2019,7+,8.1/10,47/100,1,1,0,1,1,8.1,8,188,tvMiniSeries,Exact (title + year),-0.0999999999999996,8.1,123,-0.0999999999999996,65,3,FALSE
tt10856242,1503,1509,One on One with Kirk Cameron,2019,"",4.2/10,42/100,1,0,0,0,1,4.2,6.1,64,tvSeries,Exact (title + year),1.9,5.9,10,0.199999999999999,54,1,TRUE
tt10857210,5179,5519,Muppets Now,2020,7+,6.0/10,52/100,0,0,0,1,1,6,5.9,1553,tvSeries,Exact (title + year),-0.0999999999999996,6,858,-0.0999999999999996,695,1,TRUE
tt1086761,2617,2718,Keeping Up with the Kardashians,2007,16+,2.8/10,56/100,0,1,0,0,1,2.8,2.9,32464,tvSeries,Exact (title + year),0.1,2.8,27335,0.1,5129,1,TRUE
tt10872880,1390,1395,LEGO Jurassic World: Legend of Isla Nublar,2019,all,6.8/10,45/100,1,0,0,0,1,6.8,6.7,551,tvMiniSeries,"Fuzzy (title exact, year +-1)",-0.0999999999999996,6.8,190,-0.0999999999999996,361,1,TRUE
tt10875696,227,228,Marianne,2019,18+,7.5/10,73/100,1,0,0,0,1,7.5,7.3,22641,tvSeries,Exact (title + year),-0.2,7.5,12537,-0.2,10104,1,TRUE
tt10888876,982,985,Love & Anarchy,2020,"",7.4/10,52/100,1,0,0,0,1,7.4,7.3,13525,tvSeries,Exact (title + year),-0.100000000000001,7.4,6534,-0.100000000000001,6991,1,TRUE
tt10893694,519,522,The Irregulars,2021,18+,5.9/10,63/100,1,0,0,0,1,5.9,6.1,18863,tvSeries,Exact (title + year),0.199999999999999,5.9,12010,0.199999999999999,6853,1,TRUE
tt10895588,1596,1602,Nowhere Man,2019,18+,5.6/10,40/100,1,0,0,0,1,5.6,5.7,484,tvSeries,Exact (title + year),0.100000000000001,5.6,298,0.100000000000001,186,1,TRUE
tt10895604,1708,1714,Power Players,2019,7+,6.0/10,37/100,1,0,0,0,1,6,5.2,149,tvSeries,Exact (title + year),-0.8,6,54,-0.8,95,1,TRUE
tt1090143,4407,4708,Superships,2001,all,7.6/10,31/100,0,0,1,0,1,7.6,7.3,28,tvSeries,Exact (title + year),-0.3,7.6,19,-0.3,9,1,TRUE
tt1091909,2176,2222,Murdoch Mysteries,2008,7+,8.1/10,71/100,0,1,0,0,1,8.1,8.2,20563,tvSeries,Exact (title + year),0.0999999999999996,8.1,11195,0.0999999999999996,9368,1,TRUE
tt10919290,1541,1547,Centaurworld,2021,7+,7.1/10,42/100,1,0,0,0,1,7.1,7.6,3296,tvSeries,Exact (title + year),0.5,,,,,1,TRUE
tt10919902,1238,1241,The Lies Within,2019,"",7.0/10,48/100,1,0,0,0,1,7,7.1,742,tvSeries,Exact (title + year),0.0999999999999996,7,243,0.0999999999999996,499,1,TRUE
tt10930958,1148,1151,Brews Brothers,2020,18+,5.1/10,49/100,1,0,0,0,1,5.1,5.2,2255,tvSeries,Exact (title + year),0.100000000000001,5.1,1674,0.100000000000001,581,1,TRUE
tt10932166,1670,1676,Ricky Zoom,2019,all,6.5/10,39/100,1,0,0,0,1,6.5,5.7,141,tvSeries,Exact (title + year),-0.8,6.5,67,-0.8,74,1,TRUE
tt10936342,2288,2347,Transplant,2020,16+,7.9/10,67/100,0,1,0,0,1,7.9,7.9,6820,tvSeries,Exact (title + year),0,7.9,2672,0,4148,1,TRUE
tt10945036,926,929,The Upshaws,2021,16+,6.9/10,53/100,1,0,0,0,1,6.9,7.1,5147,tvSeries,Exact (title + year),0.199999999999999,6.9,1552,0.199999999999999,3595,1,TRUE
tt10948294,3863,4130,The Great Escapists,2021,"",5.6/10,48/100,0,0,1,0,1,5.6,5.6,2986,tvSeries,Exact (title + year),0,5.8,1846,-0.2,1140,1,TRUE
tt10948316,987,990,Who Killed Malcolm X?,2019,"",7.6/10,52/100,1,0,0,0,1,7.6,7.5,2565,tvMiniSeries,Exact (title + year),-0.0999999999999996,7.6,1782,-0.0999999999999996,783,1,TRUE
tt10954274,2676,2780,ID: INVADED,2020,18+,7.7/10,54/100,0,1,0,0,1,7.7,7.5,3793,tvMiniSeries,Exact (title + original-language year),-0.2,7.7,1016,-0.2,2777,1,TRUE
tt10956962,315,317,The Gift,2019,18+,7.2/10,69/100,1,1,0,0,1,7.2,6.2,28,tvSeries,Exact (title + original-language year),-1,5.1,13,1.1,15,2,FALSE
tt1096666,4137,4431,Stories from the Stone Age,2004,all,8.5/10,39/100,0,0,1,0,1,8.5,8.4,96,tvSeries,"Fuzzy (title exact, year +-1)",-0.0999999999999996,8.5,86,-0.0999999999999996,10,1,TRUE
tt10970552,199,200,The Haunting of Bly Manor,2020,"",7.4/10,74/100,1,0,0,0,1,7.4,7.4,146149,tvMiniSeries,Exact (title + year),0,7.4,75839,0,70310,1,TRUE
tt10971022,813,816,The Crew,2021,16+,6.6/10,56/100,1,0,0,0,1,6.6,6.5,6995,tvSeries,Exact (title + year),-0.0999999999999996,6.6,4275,-0.0999999999999996,2720,1,TRUE
tt10971532,914,917,Queer Eye: We're in Japan!,2019,16+,8.2/10,54/100,1,0,0,0,1,8.2,8.2,2901,tvSeries,Exact (title + year),0,8.2,2100,0,801,1,TRUE
tt10973800,766,769,Equinox,2020,18+,6.1/10,57/100,1,0,0,0,1,6.1,6.1,8920,tvSeries,Exact (title + year),0,6.1,5150,0,3770,1,TRUE
tt10977486,1531,1537,Living Undocumented,2019,18+,6.6/10,42/100,1,0,0,0,1,6.6,7.3,678,tvSeries,Exact (title + year),0.7,6.6,524,0.7,154,1,TRUE
tt10980934,2995,3122,Azur Lane,2019,16+,6.0/10,44/100,0,1,0,0,1,6,5.6,484,tvSeries,Exact (title + year),-0.4,5.9,199,-0.300000000000001,285,1,TRUE
tt10981266,5240,5584,Dog: Impossible,2019,"",8.2/10,46/100,0,0,0,1,1,8.2,7.5,176,tvSeries,Exact (title + year),-0.699999999999999,8.3,78,-0.800000000000001,98,1,TRUE
tt10981666,1881,1889,Nailed It! Spain,2019,"",5.5/10,29/100,1,0,0,0,1,5.5,5.6,109,tvSeries,Exact (title + year),0.0999999999999996,5.5,81,0.0999999999999996,28,1,TRUE
tt10981954,2923,3046,No Guns Life,2019,16+,6.8/10,46/100,0,1,0,0,1,6.8,6.6,950,tvSeries,Exact (title + year),-0.2,6.8,471,-0.2,479,1,TRUE
tt10985096,2660,2762,Call Me Kat,2021,7+,5.0/10,55/100,0,1,0,0,1,5,5.4,8387,tvSeries,Exact (title + year),0.4,5,4115,0.4,4272,1,TRUE
tt10986050,1059,1062,Criminal: Spain,2019,7+,6.9/10,51/100,1,0,0,0,1,6.9,6.9,5225,tvMiniSeries,Exact (title + year),0,6.9,3605,0,1620,1,TRUE
tt10986052,975,978,Criminal: France,2019,7+,7.2/10,52/100,1,0,0,0,1,7.2,7.2,5132,tvMiniSeries,Exact (title + year),0,7.2,3505,0,1627,1,TRUE
tt10986056,1517,1523,Criminal: Germany,2019,"","",42/100,1,0,0,0,1,,7.6,6459,tvMiniSeries,Exact (title + year),,7.7,4490,-0.100000000000001,1969,1,TRUE
tt10987498,1840,1848,Mighty Little Bheem: Diwali,2019,"",7.5/10,32/100,1,0,0,0,1,7.5,6.8,52,tvSeries,Exact (title + year),-0.7,7.3,27,-0.5,25,1,TRUE
tt10990804,1715,1721,Nailed It! France,2019,16+,6.4/10,37/100,1,0,0,0,1,6.4,6.4,142,tvSeries,Exact (title + year),0,6.4,95,0,47,1,TRUE
tt11003514,5239,5583,Europe From Above,2019,"",8.1/10,46/100,0,0,0,1,1,8.1,8.1,918,tvSeries,Exact (title + year),0,8.1,179,0,739,1,TRUE
tt11006320,3218,3350,Vets Saving Pets,2018,"",7.8/10,33/100,0,1,0,0,1,7.8,7.8,22,tvSeries,Exact (title + year),0,7.8,8,0,14,1,TRUE
tt11006446,3353,3486,The Champion Within,2017,"","",16/100,0,1,0,0,1,,7.5,8,tvSeries,Exact (title + year),,,,,,1,TRUE
tt11006642,2302,2364,Walker,2021,16+,5.9/10,66/100,0,1,0,0,1,5.9,6.2,16919,tvSeries,Exact (title + year),0.3,5.9,5929,0.3,10990,1,TRUE
tt11008522,2812,2924,Stars Align,2019,16+,7.2/10,50/100,0,1,0,0,1,7.2,7.4,854,tvSeries,Exact (title + year),0.2,7.2,318,0.2,536,1,TRUE
tt1101237,5163,5498,Imagination Movers,2008,all,7.1/10,54/100,0,0,0,1,1,7.1,7.2,1005,tvSeries,"Fuzzy (title exact, year +-1)",0.100000000000001,7.1,734,0.100000000000001,271,1,TRUE
tt11018282,5317,5665,"Dr. T, Lone Star Vet",2019,"",8.4/10,35/100,0,0,0,1,1,8.4,8.1,131,tvSeries,Exact (title + original-language year),-0.300000000000001,,,,,1,TRUE
tt11043632,353,355,BEASTARS,2019,18+,7.8/10,67/100,1,0,0,0,1,7.8,7.6,16463,tvSeries,Exact (title + year),-0.2,7.8,6744,-0.2,9719,1,TRUE
tt11052470,539,542,Move to Heaven,2021,"",8.7/10,62/100,1,0,0,0,1,8.7,8.5,13237,tvMiniSeries,Exact (title + year),-0.199999999999999,8.7,1730,-0.199999999999999,11507,1,TRUE
tt11053220,999,1002,We Are the Wave,2019,18+,6.1/10,52/100,1,0,0,0,1,6.1,6.2,3405,tvSeries,Exact (title + year),0.100000000000001,6.2,2333,0,1072,1,TRUE
tt11058114,2873,2993,Call Your Mother,2021,7+,5.2/10,48/100,0,1,0,0,1,5.2,5.2,1501,tvSeries,Exact (title + year),0,5.2,1000,0,501,1,TRUE
tt11058644,1222,1225,My Holo Love,2020,"",7.7/10,48/100,1,0,0,0,1,7.7,7.6,4726,tvMiniSeries,Exact (title + year),-0.100000000000001,7.7,1706,-0.100000000000001,3020,1,TRUE
tt11063952,901,904,Unnatural Selection,2019,"",8.0/10,54/100,1,0,0,0,1,8,7.8,2313,tvSeries,Exact (title + year),-0.2,8,1635,-0.2,678,1,TRUE
tt11069436,5120,5451,Behind the Attraction,2021,7+,7.6/10,59/100,0,0,0,1,1,7.6,7.7,1483,tvSeries,Exact (title + year),0.100000000000001,,,,,1,TRUE
tt11083696,2062,2095,Cruel Summer,2021,16+,7.5/10,77/100,0,1,1,0,1,7.5,7.4,22324,tvSeries,Exact (title + year),-0.0999999999999996,7.5,3368,-0.0999999999999996,18956,2,FALSE
tt11091524,3089,3218,Kings of Pain,2019,16+,6.7/10,40/100,0,1,0,0,1,6.7,7.2,728,tvSeries,Exact (title + year),0.5,6.7,318,0.5,410,1,TRUE
tt11092086,1603,1609,The Iliza Shlesinger Sketch Show,2020,18+,5.0/10,40/100,1,0,0,0,1,5,5.2,1115,tvSeries,Exact (title + year),0.2,4.9,796,0.3,319,1,TRUE
tt11094154,3084,3213,A3!,2020,16+,6.5/10,40/100,0,1,0,0,1,6.5,6.3,119,tvSeries,Exact (title + year),-0.2,6.5,41,-0.2,78,1,TRUE
tt11097576,5219,5561,On Pointe,2020,7+,7.7/10,48/100,0,0,0,1,1,7.7,7.9,474,tvSeries,Exact (title + year),0.2,7.8,246,0.100000000000001,228,1,TRUE
tt11102190,291,293,Katla,2021,18+,7.1/10,70/100,1,0,0,0,1,7.1,7,19587,tvSeries,Exact (title + year),-0.0999999999999996,8.2,260,-1.2,19327,1,TRUE
tt1110426,3258,3390,Fields of Glory,2004,"",5.8/10,29/100,0,1,0,0,1,5.8,5.8,9,tvSeries,Exact (title + year),0,5.8,5,0,4,1,TRUE
tt11117570,3797,4048,Tandav,2021,18+,3.8/10,51/100,0,0,1,0,1,3.8,4.8,65692,tvSeries,Exact (title + year),1,3.7,55258,1.1,10434,1,TRUE
tt11120674,1179,1182,Unstoppable,2020,18+,7.3/10,49/100,1,1,0,0,1,7.3,7.2,1235,tvMiniSeries,Exact (title + year),-0.0999999999999996,7.3,770,-0.0999999999999996,465,2,FALSE
tt11127158,2482,2573,The Hustler,2021,7+,7.7/10,59/100,0,1,0,0,1,7.7,7.9,811,tvSeries,Exact (title + year),0.2,7.7,411,0.2,400,1,TRUE
tt11131962,986,989,Kissing Game,2020,18+,6.4/10,52/100,1,0,0,0,1,6.4,6.1,1010,tvSeries,Exact (title + year),-0.300000000000001,6.4,642,-0.300000000000001,368,1,TRUE
tt11131980,980,983,Nobody's Looking,2019,18+,7.8/10,52/100,1,0,0,0,1,7.8,7.7,2774,tvSeries,Exact (title + year),-0.0999999999999996,7.8,1536,-0.0999999999999996,1238,1,TRUE
tt11138524,5331,5679,Disney Fam Jam,2020,all,5.3/10,33/100,0,0,0,1,1,5.3,6.5,40,tvSeries,Exact (title + year),1.2,5.3,15,1.2,25,1,TRUE
tt11141900,3622,3834,Ted Bundy: Falling for a Killer,2020,18+,7.9/10,61/100,0,0,1,0,1,7.9,7.8,3681,tvMiniSeries,Exact (title + year),-0.100000000000001,7.9,1880,-0.100000000000001,1801,1,TRUE
tt11147852,460,462,Dorohedoro,2020,18+,8.2/10,64/100,1,0,0,0,1,8.2,8.1,16548,tvSeries,Exact (title + year),-0.0999999999999996,8.2,5759,-0.0999999999999996,10789,1,TRUE
tt11151836,1489,1495,Little Singham,2018,"",3.6/10,43/100,1,0,0,0,1,3.6,2.8,232,tvSeries,Exact (title + year),-0.8,3.6,55,-0.8,177,1,TRUE
tt11152058,946,949,A Little Thing Called First Love,2019,all,8.0/10,53/100,1,0,1,0,1,8,7.6,821,tvSeries,Exact (title + year),-0.4,8,252,-0.4,569,2,FALSE
tt11163352,1043,1046,The Disastrous Life of Saiki K.: Reawakened,2019,"",7.9/10,51/100,1,0,0,0,1,7.9,7.9,3161,tvSeries,Exact (title + year),0,7.9,1050,0,2111,1,TRUE
tt11165002,296,298,The Devil Next Door,2019,18+,7.6/10,70/100,1,0,0,0,1,7.6,7.5,16335,tvMiniSeries,Exact (title + year),-0.0999999999999996,7.6,11003,-0.0999999999999996,5332,1,TRUE
tt11168104,1466,1472,Maradona in Mexico,2019,"",7.2/10,43/100,1,0,0,0,1,7.2,7.2,1295,tvMiniSeries,Exact (title + year),0,7.2,1000,0,295,1,TRUE
tt11168116,1393,1398,Sugar Rush Christmas,2019,"",6.9/10,45/100,1,0,0,0,1,6.9,6.9,778,tvSeries,Exact (title + year),0,6.9,451,0,327,1,TRUE
tt11168226,1013,1016,Broken,2019,16+,6.9/10,52/100,1,0,0,0,1,6.9,6.9,1400,tvSeries,Exact (title + year),0,6.9,931,0,469,1,TRUE
tt11170862,5106,5435,Cosmos: Possible Worlds,2020,7+,9.2/10,62/100,0,0,0,1,1,9.2,9,8692,tvMiniSeries,Exact (title + year),-0.199999999999999,9.2,4672,-0.199999999999999,4020,1,TRUE
tt11176048,5183,5523,Earth to Ned,2020,7+,6.7/10,51/100,0,0,0,1,1,6.7,6.7,470,tvSeries,Exact (title + year),0,6.7,311,0,159,1,TRUE
tt11177950,3092,3221,Rurangi,2020,"",7.1/10,40/100,0,1,0,0,1,7.1,7.1,314,tvSeries,Exact (title + year),0,7.6,16,-0.5,298,1,TRUE
tt1118804,503,506,Clannad,2007,7+,7.9/10,63/100,1,1,0,0,1,7.9,8.2,17520,tvSeries,Exact (title + year),0.299999999999999,7.9,8255,0.299999999999999,9265,2,FALSE
tt11188556,3636,3855,All or Nothing: Tottenham Hotspur,2020,16+,8.2/10,59/100,0,0,1,0,1,8.2,8,7162,tvMiniSeries,Exact (title + year),-0.199999999999999,8.2,4647,-0.199999999999999,2515,1,TRUE
tt1119176,3617,3828,Underbelly,2008,18+,8.1/10,61/100,0,0,1,0,1,8.1,8,5708,tvSeries,Exact (title + year),-0.0999999999999996,8.1,4342,-0.0999999999999996,1366,1,TRUE
tt11194508,1863,1871,Singapore Social,2019,"",5.1/10,31/100,1,0,0,0,1,5.1,4.6,1461,tvSeries,Exact (title + year),-0.5,5,511,-0.4,950,1,TRUE
tt11194518,1817,1825,Zona Rosa,2019,"",6.0/10,34/100,1,0,0,0,1,6,5.5,79,tvSeries,Exact (title + year),-0.5,5.9,38,-0.4,41,1,TRUE
tt11199552,5336,5684,Disney Family Sundays,2019,all,5.6/10,31/100,0,0,0,1,1,5.6,6.5,67,tvSeries,Exact (title + year),0.9,5.7,25,0.8,42,1,TRUE
tt11199558,5203,5543,Pixar in Real Life,2019,all,6.6/10,50/100,0,0,0,1,1,6.6,6.4,1027,tvSeries,Exact (title + year),-0.199999999999999,6.6,563,-0.199999999999999,464,1,TRUE
tt11203896,3130,3261,VICE Investigates,2019,18+,6.8/10,39/100,0,1,0,0,1,6.8,6.4,128,tvSeries,Exact (title + year),-0.399999999999999,6.7,60,-0.3,68,1,TRUE
tt1120412,4042,4326,Mars Rising,2007,7+,8.0/10,42/100,0,0,1,0,1,8,7.8,114,tvSeries,Exact (title + year),-0.2,8,87,-0.2,27,1,TRUE
tt11215112,1552,1558,Narcoworld: Dope Stories,2019,"",6.6/10,41/100,1,0,0,0,1,6.6,6.5,426,tvSeries,Exact (title + year),-0.0999999999999996,6.6,272,-0.0999999999999996,154,1,TRUE
tt11215130,1879,1887,No Time for Shame,2019,"",5.7/10,29/100,1,0,0,0,1,5.7,5.5,102,tvMiniSeries,Exact (title + year),-0.2,5.7,72,-0.2,30,1,TRUE
tt11215186,1890,1898,Lugar de Mulher,2019,"",4.5/10,26/100,1,0,0,0,1,4.5,4.7,59,tvSeries,Exact (title + year),0.2,4.2,25,0.5,34,1,TRUE
tt11228748,410,412,The King: Eternal Monarch,2020,16+,8.3/10,66/100,1,0,0,0,1,8.3,8.1,20065,tvSeries,Exact (title + year),-0.200000000000001,8.3,7537,-0.200000000000001,12528,1,TRUE
tt11229002,1234,1237,Magical Andes,2019,"",7.8/10,48/100,1,0,0,0,1,7.8,7.7,726,tvSeries,Exact (title + year),-0.0999999999999996,7.8,427,-0.0999999999999996,299,1,TRUE
tt11237568,2832,2946,Southern Gothic,2020,"",7.0/10,50/100,0,1,0,0,1,7,6.8,193,tvSeries,Exact (title + year),-0.2,7.1,69,-0.3,124,1,TRUE
tt11238096,5074,5398,Big Shot,2021,7+,7.5/10,71/100,0,0,0,1,1,7.5,7.4,6056,tvSeries,Exact (title + year),-0.0999999999999996,7.5,1897,-0.0999999999999996,4159,1,TRUE
tt11239206,3205,3336,Dress to Impress,2017,"",6.0/10,34/100,0,1,0,0,1,6,6.2,57,tvSeries,Exact (title + year),0.2,5.8,20,0.4,37,1,TRUE
tt11239552,529,532,Itaewon Class,2020,"",8.2/10,62/100,1,0,0,0,1,8.2,8.1,25720,tvSeries,Exact (title + year),-0.0999999999999996,8.2,7406,-0.0999999999999996,18314,1,TRUE
tt11241096,5341,5690,The Big Fib,2020,all,5.4/10,29/100,0,0,0,1,1,5.4,6,111,tvSeries,Exact (title + year),0.6,5.3,60,0.7,51,1,TRUE
tt11243536,1398,1403,Holiday Secrets,2019,16+,6.5/10,44/100,1,0,0,0,1,6.5,6.5,1402,tvMiniSeries,Exact (title + year),0,6.5,963,0,439,1,TRUE
tt1124354,5162,5497,Special Agent Oso,2009,all,5.2/10,54/100,0,0,0,1,1,5.2,5.4,1043,tvSeries,Exact (title + year),0.2,5.2,475,0.2,568,1,TRUE
tt1124373,1968,1981,Sons of Anarchy,2008,18+,8.5/10,88/100,0,1,0,0,1,8.5,8.5,358098,tvSeries,Exact (title + year),0,8.5,267594,0,90504,1,TRUE
tt11252090,2369,2440,The Hardy Boys,2020,7+,7.0/10,63/100,0,1,0,0,1,7,7,4148,tvSeries,Exact (title + year),0,7,1264,0,2884,1,TRUE
tt11256118,4570,4879,Running Man,2016,"","",16/100,0,0,1,0,1,,8.5,82,tvSeries,"Fuzzy (title exact, year +-1)",,8.2,20,0.300000000000001,62,1,TRUE
tt1125758,1300,1303,Timmy Time,2009,all,6.9/10,46/100,1,0,0,0,1,6.9,6.7,1717,tvSeries,Exact (title + year),-0.2,6.9,870,-0.2,847,1,TRUE
tt11261994,1477,1483,Once Upon a Time in Lingjian Mountain,2019,all,7.7/10,43/100,1,0,0,0,1,7.7,7.1,494,tvSeries,Exact (title + year),-0.600000000000001,7.6,197,-0.5,297,1,TRUE
tt11269714,859,862,Who Killed Little Gregory?,2019,"",7.4/10,55/100,1,0,0,0,1,7.4,7.4,3573,tvMiniSeries,Exact (title + year),0,7.4,2408,0,1165,1,TRUE
tt11269886,757,760,Summertime,2020,18+,5.5/10,57/100,1,1,0,0,1,5.5,6.1,3414,tvSeries,Exact (title + year),0.6,5.5,1898,0.6,1516,2,FALSE
tt11271956,3052,3180,60 Days In: Narcoland,2019,16+,5.9/10,42/100,0,1,0,0,1,5.9,6.3,122,tvSeries,Exact (title + year),0.399999999999999,5.9,37,0.399999999999999,85,1,TRUE
tt11281500,5324,5672,Star Wars Blips,2017,"",6.1/10,34/100,0,0,0,1,1,6.1,6,351,tvSeries,Exact (title + year),-0.0999999999999996,6.1,97,-0.0999999999999996,254,1,TRUE
tt11281912,1826,1834,My Dear Warrior,2019,"",3.9/10,33/100,1,0,0,0,1,3.9,4.8,39,tvSeries,Exact (title + year),0.9,3.9,15,0.9,24,1,TRUE
tt11295582,3063,3191,Infinite Dendrogram,2020,16+,5.8/10,41/100,0,1,0,0,1,5.8,6,694,tvMiniSeries,Exact (title + year),0.2,5.8,249,0.2,445,1,TRUE
tt11301642,502,505,Ethos,2020,"",8.6/10,63/100,1,0,0,0,1,8.6,8.4,32266,tvSeries,Exact (title + year),-0.199999999999999,8.6,22952,-0.199999999999999,9314,1,TRUE
tt11301834,992,995,Crazy Delicious,2020,7+,6.7/10,52/100,1,0,0,0,1,6.7,6.8,1268,tvSeries,Exact (title + year),0.0999999999999996,6.7,725,0.0999999999999996,543,1,TRUE
tt11305746,2795,2907,Momma Named Me Sheriff,2019,18+,6.1/10,51/100,0,1,0,0,1,6.1,6.1,1148,tvSeries,Exact (title + year),0,6.2,427,-0.100000000000001,721,1,TRUE
tt11307176,327,329,The Confession Killer,2019,16+,7.4/10,68/100,1,0,0,0,1,7.4,7.4,11283,tvMiniSeries,Exact (title + year),0,7.4,7327,0,3956,1,TRUE
tt11311634,2865,2984,Jeopardy! The Greatest of All Time,2020,7+,8.7/10,48/100,0,1,0,0,1,8.7,8.7,184,tvMiniSeries,Exact (title + year),0,8.7,135,0,49,1,TRUE
tt11313054,1431,1437,Kevin Hart: Don't F**k This Up,2019,18+,6.5/10,44/100,1,0,0,0,1,6.5,6.5,2244,tvSeries,Exact (title + year),0,6.5,1816,0,428,1,TRUE
tt1131746,515,518,Big Time Rush,2009,all,6.4/10,63/100,1,1,1,0,1,6.4,6.6,16605,tvSeries,Exact (title + year),0.199999999999999,6.3,10616,0.3,5989,3,FALSE
tt11318602,208,209,Don't F**k with Cats: Hunting an Internet Killer,2019,18+,8.0/10,74/100,1,0,0,0,1,8,8,70121,tvMiniSeries,Exact (title + year),0,8,41656,0,28465,1,TRUE
tt1132600,2568,2666,Packed to the Rafters,2008,18+,7.4/10,57/100,0,1,0,0,1,7.4,7.5,2807,tvSeries,Exact (title + year),0.0999999999999996,7.4,1760,0.0999999999999996,1047,1,TRUE
tt11330500,1804,1812,Candy Online,2019,"",5.3/10,34/100,1,0,0,0,1,5.3,5.5,36,tvSeries,Exact (title + year),0.2,5.3,18,0.2,18,1,TRUE
tt11333564,2927,3050,Ladhood,2019,"",7.2/10,46/100,0,1,0,0,1,7.2,7.3,1299,tvSeries,Exact (title + year),0.0999999999999996,7.2,485,0.0999999999999996,814,1,TRUE
tt11343400,2881,3002,Cleopatra in Space,2020,all,6.8/10,48/100,0,1,0,0,1,6.8,7,349,tvSeries,"Fuzzy (title exact, year +-1)",0.2,6.6,110,0.4,239,1,TRUE
tt11347692,3655,3877,The Test: A New Era For Australia's Team,2020,16+,8.9/10,58/100,0,0,1,0,1,8.9,8.8,3899,tvSeries,Exact (title + original-language year),-0.0999999999999996,8.9,2761,-0.0999999999999996,1138,1,TRUE
tt11349866,3155,3286,Sorcerous Stabber Orphen,2020,16+,5.7/10,37/100,0,1,0,0,1,5.7,5.5,313,tvSeries,Exact (title + year),-0.2,5.7,142,-0.2,171,1,TRUE
tt1135300,2051,2084,Dollhouse,2009,16+,7.7/10,78/100,0,1,0,0,1,7.7,7.7,53827,tvSeries,Exact (title + year),0,7.7,46899,0,6928,1,TRUE
tt11364270,4783,5102,Love in Memory,2013,"","",13/100,0,0,1,0,1,,4.6,7,tvSeries,Exact (title + year),,,,,,1,TRUE
tt1138645,2571,2669,Bizarre Foods with Andrew Zimmern,2006,7+,7.7/10,57/100,0,1,0,0,1,7.7,7.7,2710,tvSeries,Exact (title + year),0,7.7,2243,0,467,1,TRUE
tt11398870,341,343,Caliphate,2020,18+,8.2/10,68/100,1,0,0,0,1,8.2,8.2,24776,tvSeries,Exact (title + year),0,8.2,14771,0,10005,1,TRUE
tt11399730,3229,3361,Great Chocolate Showdown,2020,"",6.6/10,32/100,0,1,0,0,1,6.6,7,102,tvSeries,Exact (title + year),0.4,6.9,9,0.0999999999999996,93,1,TRUE
tt11399844,1689,1695,Yanxi Palace: Princess Adventures,2019,"",5.8/10,38/100,1,0,0,0,1,5.8,5.8,458,tvSeries,Exact (title + year),0,5.8,225,0,233,1,TRUE
tt1140100,2368,2439,Chowder,2007,7+,7.3/10,63/100,0,1,0,0,1,7.3,7.3,17008,tvSeries,Exact (title + year),0,7.3,12104,0,4904,1,TRUE
tt11418324,2783,2895,Plunderer,2020,16+,6.4/10,51/100,0,1,0,0,1,6.4,6.5,2344,tvSeries,Exact (title + year),0.0999999999999996,6.4,722,0.0999999999999996,1622,1,TRUE
tt11418344,1396,1401,Drifting Dragons,2020,"",6.0/10,45/100,1,0,0,0,1,6,6.1,843,tvSeries,Exact (title + year),0.0999999999999996,6,471,0.0999999999999996,372,1,TRUE
tt11426660,283,285,Cheer,2020,16+,8.1/10,70/100,1,0,0,0,1,8.1,8,7296,tvSeries,Exact (title + year),-0.0999999999999996,8.1,4190,-0.0999999999999996,3106,1,TRUE
tt11439910,3320,3453,Superstructures: Engineering Marvels,2019,"","",18/100,0,1,0,0,1,,7.4,107,tvSeries,Exact (title + year),,7.4,16,0,91,1,TRUE
tt1145491,4563,4871,Bounty Hamster,2003,"","",17/100,0,0,1,0,1,,7.6,97,tvSeries,Exact (title + year),,7.5,65,0.0999999999999996,32,1,TRUE
tt1145866,4149,4443,Shadow Force,2008,16+,7.3/10,39/100,0,0,1,0,1,7.3,7.3,42,tvSeries,Exact (title + year),0,7.3,32,0,10,1,TRUE
tt11460334,1750,1758,Little Baby Bum: Nursery Rhyme Friends,2016,all,6.7/10,36/100,1,0,0,0,1,6.7,6.6,61,tvSeries,Exact (title + year),-0.100000000000001,6.7,26,-0.100000000000001,35,1,TRUE
tt11460744,1781,1789,Nailed It! Germany,2020,"",5.8/10,35/100,1,0,0,0,1,5.8,5.7,123,tvSeries,Exact (title + year),-0.0999999999999996,5.8,84,-0.0999999999999996,39,1,TRUE
tt11469904,2689,2794,City So Real,2020,16+,7.5/10,54/100,0,1,0,0,1,7.5,7.6,304,tvMiniSeries,Exact (title + year),0.0999999999999996,7.5,162,0.0999999999999996,142,1,TRUE
tt11475228,375,377,Killer Inside: The Mind of Aaron Hernandez,2020,18+,7.4/10,67/100,1,0,0,0,1,7.4,7.3,20677,tvMiniSeries,Exact (title + year),-0.100000000000001,7.4,14367,-0.100000000000001,6310,1,TRUE
tt1148181,4076,4362,Bonekickers,2008,"",4.9/10,41/100,0,0,1,0,1,4.9,5.1,1100,tvMiniSeries,Exact (title + year),0.199999999999999,4.9,849,0.199999999999999,251,1,TRUE
tt1149608,2466,2555,Being Erica,2009,16+,7.5/10,60/100,0,1,1,0,1,7.5,7.7,10805,tvSeries,Exact (title + year),0.2,7.5,9206,0.2,1599,2,FALSE
tt11497904,1130,1133,Pandemic: How to Prevent an Outbreak,2020,16+,6.4/10,50/100,1,0,0,0,1,6.4,6.4,2920,tvMiniSeries,Exact (title + year),0,6.4,2583,0,337,1,TRUE
tt11497922,614,617,Night on Earth,2020,7+,8.2/10,60/100,1,0,0,0,1,8.2,8.1,5313,tvMiniSeries,Exact (title + year),-0.0999999999999996,8.2,3586,-0.0999999999999996,1727,1,TRUE
tt11508212,1625,1631,Valentino,2020,"",5.5/10,40/100,1,0,0,0,1,5.5,5.1,390,tvSeries,Exact (title + year),-0.4,5.5,169,-0.4,221,1,TRUE
tt11513508,1880,1888,Bangkok Buddies,2019,all,6.8/10,29/100,1,0,0,0,1,6.8,6.5,29,tvSeries,Exact (title + year),-0.3,6.6,13,-0.0999999999999996,16,1,TRUE
tt11534164,1295,1298,Hyena,2020,"",7.8/10,47/100,1,0,0,0,1,7.8,7.6,1490,tvSeries,Exact (title + year),-0.2,7.8,576,-0.2,914,1,TRUE
tt11535086,2687,2792,When the Weather is Fine,2020,"",7.9/10,54/100,0,1,0,0,1,7.9,7.7,3404,tvSeries,Exact (title + year),-0.2,8,712,-0.3,2692,1,TRUE
tt11541444,1184,1187,Handsome Siblings,2020,"",8.2/10,49/100,1,0,0,0,1,8.2,7.8,954,tvSeries,Exact (title + year),-0.399999999999999,8.2,486,-0.399999999999999,468,1,TRUE
tt11542624,4468,4770,Talking Tom and Friends Minis,2016,all,7.6/10,26/100,0,0,1,0,1,7.6,7.5,33,tvSeries,"Fuzzy (title exact, year +-1)",-0.0999999999999996,7.6,7,-0.0999999999999996,26,1,TRUE
tt11542920,956,959,Omniscient,2020,18+,6.4/10,53/100,1,0,0,0,1,6.4,6.5,2803,tvSeries,Exact (title + year),0.0999999999999996,6.4,1742,0.0999999999999996,1061,1,TRUE
tt11547014,5115,5444,Turner & Hooch,2021,7+,6.0/10,60/100,0,0,0,1,1,6,6.6,4406,tvSeries,Exact (title + year),0.6,,,,,1,TRUE
tt11547472,4823,5142,All the Pizza,2016,"","",10/100,0,0,1,0,1,,6.6,26,tvSeries,Exact (title + year),,6.4,16,0.199999999999999,10,1,TRUE
tt11558924,2757,2867,Hillary,2020,7+,6.5/10,52/100,0,1,0,0,1,6.5,7,2730,tvMiniSeries,Exact (title + year),0.5,6.5,2249,0.5,481,1,TRUE
tt11561206,1789,1797,The Goop Lab,2020,18+,2.5/10,35/100,1,0,0,0,1,2.5,2.7,3554,tvSeries,Exact (title + year),0.2,2.5,2958,0.2,596,1,TRUE
tt11569530,3903,4175,Just Add Magic: Mystery City,2020,all,7.3/10,47/100,0,0,1,0,1,7.3,7.1,913,tvSeries,Exact (title + year),-0.2,7.3,368,-0.2,545,1,TRUE
tt11569628,934,937,Find Yourself,2020,"",7.8/10,53/100,1,0,0,0,1,7.8,7.4,610,tvSeries,Exact (title + year),-0.399999999999999,7.7,87,-0.3,523,1,TRUE
tt11570224,1471,1477,Abla Fahita: Drama Queen,2021,"",6.6/10,43/100,1,0,0,0,1,6.6,6.5,517,tvSeries,Exact (title + year),-0.0999999999999996,6.6,364,-0.0999999999999996,153,1,TRUE
tt11597332,4866,5185,An Egg's Guide to Minecraft,2012,"","",10/100,0,0,1,0,1,,8.7,61,tvSeries,Exact (title + year),,6.9,10,1.8,51,1,TRUE
tt11600174,633,636,The Pharmacist,2020,"",7.7/10,60/100,1,0,0,0,1,7.7,7.7,9515,tvMiniSeries,Exact (title + year),0,7.7,5945,0,3570,1,TRUE
tt11612120,427,429,Sweet Home,2020,"",7.4/10,65/100,1,0,0,0,1,7.4,7.2,42983,tvSeries,Exact (title + year),-0.2,7.4,11584,-0.2,31399,1,TRUE
tt1161684,2638,2739,Rosario + Vampire,2008,18+,7.0/10,55/100,0,1,0,0,1,7,6.8,4393,tvSeries,Exact (title + year),-0.2,7,2655,-0.2,1738,1,TRUE
tt1161697,3947,4224,True Tears,2008,7+,7.3/10,45/100,0,0,1,0,1,7.3,7,642,tvMiniSeries,Exact (title + year),-0.3,7.3,429,-0.3,213,1,TRUE
tt11621718,3986,4267,All or Nothing: Brazil National Team,2020,16+,7.2/10,44/100,0,0,1,0,1,7.2,7,692,tvMiniSeries,Exact (title + year),-0.2,7.2,379,-0.2,313,1,TRUE
tt11639414,189,190,The Midnight Gospel,2020,18+,8.2/10,74/100,1,0,0,0,1,8.2,8.2,30198,tvSeries,Exact (title + year),0,8.3,13374,-0.100000000000001,16824,1,TRUE
tt11639952,2216,2267,Young Rock,2021,16+,7.1/10,69/100,0,1,0,0,1,7.1,7.2,29822,tvSeries,Exact (title + year),0.100000000000001,7.1,4750,0.100000000000001,25072,1,TRUE
tt11640020,2183,2231,Debris,2021,16+,6.5/10,71/100,0,1,0,0,1,6.5,6.5,10082,tvSeries,Exact (title + year),0,6.6,6293,-0.0999999999999996,3789,1,TRUE
tt11645760,2662,2764,Digimon Adventure:,2020,all,7.4/10,55/100,0,1,0,0,1,7.4,6.8,1057,tvSeries,Exact (title + year),-0.600000000000001,7.4,383,-0.600000000000001,674,1,TRUE
tt11646232,3158,3289,The Masked Dancer,2020,7+,4.1/10,37/100,0,1,0,0,1,4.1,4.1,488,tvSeries,Exact (title + year),0,4.1,318,0,170,1,TRUE
tt11652174,5339,5687,Wild Chile,2018,7+,7.5/10,30/100,0,0,0,1,1,7.5,7.6,146,tvMiniSeries,Exact (title + year),0.0999999999999996,7.6,40,0,106,1,TRUE
tt11654094,2846,2962,Alone: The Beast,2020,7+,5.8/10,49/100,0,1,0,0,1,5.8,5.5,298,tvSeries,Exact (title + year),-0.3,5.7,105,-0.2,193,1,TRUE
tt11666848,1151,1154,The Cabin with Bert Kreischer,2020,18+,7.3/10,49/100,1,0,0,0,1,7.3,6.8,2239,tvSeries,Exact (title + year),-0.5,7.1,1294,-0.3,945,1,TRUE
tt1166709,3683,3913,Say Yes to the Dress,2007,7+,5.6/10,56/100,0,0,1,0,1,5.6,5.7,2210,tvSeries,Exact (title + year),0.100000000000001,5.6,1727,0.100000000000001,483,1,TRUE
tt11680468,301,303,Great Pretender,2020,18+,8.0/10,69/100,1,0,0,0,1,8,7.8,8419,tvSeries,Exact (title + year),-0.2,8,3135,-0.2,5284,1,TRUE
tt11691684,2362,2432,Flower of Evil,2020,"",8.8/10,64/100,0,1,0,0,1,8.8,8.5,19670,tvSeries,Exact (title + year),-0.300000000000001,8.8,3669,-0.300000000000001,16001,1,TRUE
tt11698668,1777,1785,Sing On! Spain,2020,"",6.2/10,35/100,1,0,0,0,1,6.2,6.2,156,tvSeries,Exact (title + year),0,6.3,110,-0.0999999999999996,46,1,TRUE
tt1170243,3929,4204,MonsterQuest,2007,7+,7.1/10,46/100,0,0,1,0,1,7.1,7.1,1222,tvSeries,Exact (title + year),0,7.1,971,0,251,1,TRUE
tt11704040,419,421,Love Is Blind,2020,18+,6.1/10,65/100,1,0,1,0,1,6.1,6.2,13598,tvSeries,Exact (title + year),0.100000000000001,6.1,5104,0.100000000000001,8494,2,FALSE
tt11708046,5263,5608,Secrets of the Zoo: Tampa,2020,"",8.6/10,43/100,0,0,0,1,1,8.6,8,284,tvSeries,Exact (title + year),-0.6,8.6,38,-0.6,246,1,TRUE
tt11709206,3786,4035,The Boarding School: Las Cumbres,2021,"",6.5/10,51/100,0,0,1,0,1,6.5,6.5,2720,tvSeries,Exact (title + year),0,6.5,1035,0,1685,1,TRUE
tt11710130,3025,3152,I Can See Your Voice,2020,7+,5.7/10,43/100,0,1,0,0,1,5.7,5.8,623,tvSeries,Exact (title + year),0.0999999999999996,5.7,268,0.0999999999999996,355,1,TRUE
tt1171069,3227,3359,Pressure Cook,2007,"",7.3/10,32/100,0,1,0,0,1,7.3,7.8,39,tvSeries,Exact (title + year),0.5,7.3,32,0.5,7,1,TRUE
tt11714178,2962,3087,Appare-Ranman!,2020,16+,6.9/10,45/100,0,1,0,0,1,6.9,6.8,611,tvSeries,Exact (title + year),-0.100000000000001,6.9,256,-0.100000000000001,355,1,TRUE
tt11714872,1548,1554,Nadiya Bakes,2020,"",7.1/10,41/100,1,0,0,0,1,7.1,7.2,349,tvSeries,Exact (title + year),0.100000000000001,7,170,0.2,179,1,TRUE
tt11714912,3057,3185,Madagascar: A Little Wild,2020,all,5.7/10,42/100,0,1,0,0,1,5.7,5.8,353,tvSeries,Exact (title + year),0.0999999999999996,5.8,131,0,222,1,TRUE
tt11714932,2984,3110,Trolls: TrollsTopia,2020,7+,7.1/10,45/100,0,1,0,0,1,7.1,5.8,325,tvSeries,Exact (title + original-language year),-1.3,7,60,-1.2,265,1,TRUE
tt11714946,3039,3167,The Mighty Ones,2020,7+,7.5/10,42/100,0,1,0,0,1,7.5,6.6,211,tvSeries,Exact (title + year),-0.9,7.3,60,-0.7,151,1,TRUE
tt11717394,978,981,Country Comfort,2021,7+,6.9/10,52/100,1,0,0,0,1,6.9,6.8,4701,tvSeries,Exact (title + year),-0.100000000000001,6.9,2408,-0.100000000000001,2293,1,TRUE
tt11718294,1293,1296,Win the Wilderness: Alaska,2020,"",7.0/10,47/100,1,0,0,0,1,7,6.8,1016,tvMiniSeries,Exact (title + year),-0.2,7,615,-0.2,401,1,TRUE
tt11725706,1119,1122,Taj Mahal 1989,2020,"",7.5/10,50/100,1,0,0,0,1,7.5,7.4,1809,tvSeries,Exact (title + year),-0.0999999999999996,7.5,1322,-0.0999999999999996,487,1,TRUE
tt1173427,578,581,Total Drama Island,2007,7+,7.2/10,61/100,1,0,0,0,1,7.2,7.3,17606,tvSeries,Exact (title + original-language year),0.0999999999999996,7.2,8767,0.0999999999999996,8839,1,TRUE
tt11744632,1337,1341,Babies,2020,"",7.0/10,46/100,1,0,0,0,1,7,6.9,962,tvSeries,Exact (title + year),-0.0999999999999996,7,639,-0.0999999999999996,323,1,TRUE
tt11754514,2930,3053,Arte,2020,16+,7.0/10,46/100,0,1,0,0,1,7,6.9,666,tvMiniSeries,Exact (title + year),-0.0999999999999996,6.9,244,0,422,1,TRUE
tt11755260,961,964,The Daily Life of the Immortal King,2020,16+,7.4/10,53/100,1,0,0,0,1,7.4,7.1,4457,tvSeries,Exact (title + year),-0.300000000000001,7.8,303,-0.7,4154,1,TRUE
tt11769304,414,416,Hospital Playlist,2020,"",8.7/10,65/100,1,0,0,0,1,8.7,8.7,11085,tvSeries,Exact (title + year),0,8.7,2417,0,8668,1,TRUE
tt11769798,1161,1164,Rugal,2020,"",6.4/10,49/100,1,0,0,0,1,6.4,6.3,1639,tvSeries,Exact (title + year),-0.100000000000001,6.4,621,-0.100000000000001,1018,1,TRUE
tt1178180,2389,2465,The Marvelous Misadventures of Flapjack,2008,7+,7.8/10,63/100,0,1,0,0,1,7.8,7.8,18213,tvSeries,Exact (title + year),0,7.8,11996,0,6217,1,TRUE
tt11783490,5207,5548,"Heartland Docs, DVM",2020,"",9.1/10,49/100,0,0,0,1,1,9.1,8.6,225,tvSeries,Exact (title + year),-0.5,9,67,-0.4,158,1,TRUE
tt11794642,2205,2255,Big Sky,2020,16+,6.7/10,70/100,0,1,1,0,1,6.7,6.8,28011,tvSeries,Exact (title + year),0.0999999999999996,6.7,8753,0.0999999999999996,19258,2,FALSE
tt1179817,2630,2731,The Secret Life of the American Teenager,2008,16+,5.0/10,55/100,0,1,0,0,1,5,4.9,21639,tvSeries,Exact (title + year),-0.0999999999999996,5,19316,-0.0999999999999996,2323,1,TRUE
tt11804034,1233,1236,"Hi Bye, Mama!",2020,"",8.0/10,48/100,1,0,0,0,1,8,7.9,2898,tvSeries,Exact (title + year),-0.0999999999999996,8,1142,-0.0999999999999996,1756,1,TRUE
tt11813946,890,893,Zindagi inShort,2021,"",7.2/10,54/100,1,0,0,0,1,7.2,7.1,799,tvSeries,"Fuzzy (title exact, year +-1)",-0.100000000000001,7.2,533,-0.100000000000001,266,1,TRUE
tt1181917,5107,5436,The Suite Life on Deck,2008,all,6.4/10,62/100,0,0,0,1,1,6.4,6.4,24182,tvSeries,Exact (title + year),0,6.4,16718,0,7464,1,TRUE
tt11819198,3109,3240,Torn from the Headlines: The New York Post Reports,2020,"",7.1/10,39/100,0,1,0,0,1,7.1,7.5,89,tvSeries,Exact (title + year),0.4,7,39,0.5,50,1,TRUE
tt11822998,477,479,The Trials of Gabriel Fernandez,2020,18+,8.1/10,64/100,1,0,0,0,1,8.1,8.1,15867,tvMiniSeries,Exact (title + year),0,8.2,9061,-0.0999999999999996,6806,1,TRUE
tt11823028,1586,1592,Fary: Hexagone,2020,"",6.5/10,40/100,1,0,0,0,1,6.5,6.4,174,tvSeries,Exact (title + year),-0.0999999999999996,6.5,108,-0.0999999999999996,66,1,TRUE
tt11826274,4233,4529,Faster with Finnegan,2020,"","",37/100,0,0,1,0,1,,8.2,90,tvSeries,Exact (title + year),,7.6,17,0.6,73,1,TRUE
tt11829316,889,892,Vampires,2020,18+,5.6/10,54/100,1,0,0,0,1,5.6,5.7,1676,tvSeries,Exact (title + year),0.100000000000001,5.6,1038,0.100000000000001,638,1,TRUE
tt11829340,1753,1761,Buddi,2020,all,6.9/10,36/100,1,0,0,0,1,6.9,6.9,85,tvSeries,Exact (title + year),0,7,39,-0.0999999999999996,46,1,TRUE
tt11833494,949,952,Unabomber: In His Own Words,2020,"",7.2/10,53/100,1,0,0,0,1,7.2,7.2,4765,tvMiniSeries,Exact (title + year),0,7.2,2662,0,2103,1,TRUE
tt11853160,5309,5657,Meet the Chimps,2020,"",8.5/10,37/100,0,0,0,1,1,8.5,7.7,159,tvMiniSeries,Exact (title + year),-0.8,8.5,61,-0.8,98,1,TRUE
tt11858104,2746,2851,Dragon Quest: The Adventure of Dai,2020,"",8.2/10,52/100,0,1,0,0,1,8.2,7.9,1565,tvSeries,Exact (title + year),-0.299999999999999,8.3,540,-0.4,1025,1,TRUE
tt11860336,1594,1600,Mighty Express,2020,all,5.0/10,40/100,1,0,0,0,1,5,3.8,190,tvSeries,Exact (title + year),-1.2,5,74,-1.2,116,1,TRUE
tt1186356,2144,2185,Whitechapel,2009,7+,7.9/10,73/100,0,1,0,0,1,7.9,7.8,16448,tvSeries,Exact (title + year),-0.100000000000001,7.9,11737,-0.100000000000001,4711,1,TRUE
tt11868868,2749,2855,Devil May Care,2021,18+,6.0/10,52/100,0,1,0,0,1,6,6.2,466,tvSeries,Exact (title + year),0.2,6,215,0.2,251,1,TRUE
tt11875316,5068,5391,The Mysterious Benedict Society,2021,7+,7.7/10,76/100,0,0,0,1,1,7.7,7.6,6396,tvSeries,Exact (title + year),-0.100000000000001,,,,,1,TRUE
tt1188927,2719,2824,Criminal Justice,2008,"",7.7/10,53/100,0,1,0,0,1,7.7,7.6,2314,tvSeries,Exact (title + year),-0.100000000000001,7.7,1752,-0.100000000000001,562,1,TRUE
tt11891770,3122,3253,Greta Thunberg: A Year to Change the World,2021,"",4.6/10,39/100,0,1,0,0,1,4.6,5.4,658,tvMiniSeries,Exact (title + year),0.800000000000001,4.4,386,1,272,1,TRUE
tt1189346,2732,2837,Zeke and Luther,2009,7+,6.4/10,53/100,0,1,0,0,1,6.4,6.4,4333,tvSeries,Exact (title + year),0,6.4,2973,0,1360,1,TRUE
tt11898920,673,676,Naomi Osaka,2021,"",6.2/10,59/100,1,0,0,0,1,6.2,6.3,1534,tvMiniSeries,Exact (title + year),0.0999999999999996,,,,,1,TRUE
tt11904786,671,674,Love on the Spectrum,2019,all,8.5/10,59/100,1,0,0,0,1,8.5,8.6,8668,tvSeries,Exact (title + original-language year),0.0999999999999996,8.5,3209,0.0999999999999996,5459,1,TRUE
tt11905720,552,555,She,2020,18+,6.5/10,62/100,1,0,0,0,1,6.5,6.4,7109,tvSeries,Exact (title + year),-0.0999999999999996,6.5,2939,-0.0999999999999996,4170,1,TRUE
tt1190634,3446,3581,The Boys,2019,18+,8.7/10,93/100,0,0,1,0,1,8.7,8.5,1014228,tvSeries,Exact (title + year),-0.199999999999999,8.7,280025,-0.199999999999999,734203,1,TRUE
tt11909220,3813,4066,Frank of Ireland,2021,"",6.7/10,50/100,0,0,1,0,1,6.7,6.8,2699,tvSeries,Exact (title + year),0.0999999999999996,6.7,1438,0.0999999999999996,1261,1,TRUE
tt1191056,2576,2674,The Real Housewives of New York City,2008,16+,4.5/10,57/100,0,1,0,0,1,4.5,5.1,4467,tvSeries,Exact (title + year),0.6,4.5,3155,0.6,1312,1,TRUE
tt11915950,3928,4203,Jim Gaffigan: The Pale Tourist,2020,"",6.7/10,46/100,0,0,1,0,1,6.7,6.9,932,tvSeries,Exact (title + year),0.2,6.7,543,0.2,389,1,TRUE
tt11916718,1418,1424,Beyblade Burst Rise,2020,7+,6.5/10,44/100,1,0,0,0,1,6.5,5.7,330,tvSeries,Exact (title + year),-0.8,8.1,97,-2.4,233,1,TRUE
tt11920706,5322,5670,Wild Cats of India,2020,"",7.6/10,35/100,0,0,0,1,1,7.6,7.4,126,tvMiniSeries,Exact (title + year),-0.199999999999999,7.6,28,-0.199999999999999,98,1,TRUE
tt11929804,5244,5588,Critter Fixers: Country Vets,2020,16+,9.0/10,46/100,0,0,0,1,1,9,8.7,435,tvSeries,Exact (title + year),-0.300000000000001,9.1,69,-0.4,366,1,TRUE
tt11937662,593,596,Control Z,2020,18+,6.9/10,61/100,1,0,0,0,1,6.9,6.8,12656,tvSeries,Exact (title + year),-0.100000000000001,6.9,5288,-0.100000000000001,7368,1,TRUE
tt11937732,872,875,Daughter From Another Mother,2021,18+,7.4/10,54/100,1,0,0,0,1,7.4,7.2,2746,tvSeries,Exact (title + year),-0.2,7.4,1170,-0.2,1576,1,TRUE
tt11937816,268,269,Who Killed Sara?,2021,18+,6.4/10,71/100,1,0,0,0,1,6.4,6.4,17696,tvSeries,Exact (title + year),0,6.4,9533,0,8163,1,TRUE
tt11942052,1702,1708,J-Style Trip,2020,16+,5.4/10,37/100,1,0,0,0,1,5.4,5,138,tvSeries,Exact (title + year),-0.4,5.4,95,-0.4,43,1,TRUE
tt11942100,1784,1792,Ladies Up,2020,"",4.3/10,35/100,1,0,0,0,1,4.3,4.4,280,tvSeries,Exact (title + year),0.100000000000001,4.4,201,0,79,1,TRUE
tt1194725,4143,4437,Chloe's Closet,2010,all,6.9/10,39/100,0,0,1,0,1,6.9,5.3,142,tvSeries,"Fuzzy (title exact, year +-1)",-1.6,6.9,46,-1.6,96,1,TRUE
tt11951234,1424,1430,Over Christmas,2020,"",6.7/10,44/100,1,0,0,0,1,6.7,6.7,2600,tvMiniSeries,Exact (title + year),0,6.7,1672,0,928,1,TRUE
tt11958648,780,783,History 101,2020,7+,6.8/10,56/100,1,0,0,0,1,6.8,6.9,5070,tvSeries,Exact (title + year),0.100000000000001,6.8,3452,0.100000000000001,1618,1,TRUE
tt11958922,429,431,The Innocence Files,2020,18+,8.0/10,65/100,1,0,0,0,1,8,7.9,3424,tvMiniSeries,Exact (title + year),-0.0999999999999996,8,2252,-0.0999999999999996,1172,1,TRUE
tt11958942,802,805,How to Fix a Drug Scandal,2020,18+,7.0/10,56/100,1,0,0,0,1,7,7,4108,tvMiniSeries,Exact (title + year),0,7,2564,0,1544,1,TRUE
tt1195935,2540,2636,The Cleveland Show,2009,16+,5.5/10,58/100,0,1,0,0,1,5.5,5.6,44842,tvSeries,Exact (title + year),0.0999999999999996,5.5,38989,0.0999999999999996,5853,1,TRUE
tt11960282,3021,3148,Littlekenny,2019,"",6.9/10,43/100,0,1,0,0,1,6.9,7,487,tvMiniSeries,Exact (title + year),0.0999999999999996,6.9,171,0.0999999999999996,316,1,TRUE
tt1196094,2784,2896,Yu-Gi-Oh! 5D's,2008,13+,6.8/10,51/100,0,1,1,0,1,6.8,7.1,2437,tvSeries,Exact (title + year),0.3,6.8,1425,0.3,1012,2,FALSE
tt11961378,598,601,Fatma,2021,"",7.5/10,61/100,1,0,0,0,1,7.5,7.4,10554,tvSeries,Exact (title + year),-0.0999999999999996,7.5,6071,-0.0999999999999996,4483,1,TRUE
tt11963042,420,422,Trial by Media,2020,16+,7.2/10,65/100,1,0,0,0,1,7.2,7.1,3818,tvSeries,Exact (title + year),-0.100000000000001,7.2,2463,-0.100000000000001,1355,1,TRUE
tt1196946,3483,3639,The Mentalist,2008,16+,8.1/10,79/100,0,0,1,0,1,8.1,8.2,238959,tvSeries,Exact (title + year),0.0999999999999996,8.1,168796,0.0999999999999996,70163,1,TRUE
tt1197649,3825,4080,Ax Men,2008,7+,5.5/10,50/100,0,0,1,0,1,5.5,5.6,1556,tvSeries,Exact (title + year),0.0999999999999996,5.5,1257,0.0999999999999996,299,1,TRUE
tt11983342,1308,1311,Shaun the Sheep: Adventures from Mossy Bottom,2020,"",8.1/10,46/100,1,0,0,0,1,8.1,7.9,1151,tvSeries,Exact (title + year),-0.199999999999999,8.1,346,-0.199999999999999,805,1,TRUE
tt1199099,178,179,Merlin,2008,7+,7.9/10,75/100,1,1,1,0,1,7.9,7.9,94273,tvSeries,Exact (title + year),0,7.9,75313,0,18960,3,FALSE
tt1200227,2769,2881,Food Paradise,2007,all,8.1/10,51/100,0,1,0,0,1,8.1,7.7,148,tvSeries,Exact (title + year),-0.399999999999999,8.1,86,-0.399999999999999,62,1,TRUE
tt12004280,566,569,Too Hot to Handle,2020,18+,4.6/10,61/100,1,0,0,0,1,4.6,4.8,16315,tvSeries,Exact (title + year),0.2,4.5,8405,0.3,7910,1,TRUE
tt12013558,430,432,BNA,2020,16+,7.2/10,65/100,1,0,0,0,1,7.2,7.1,4226,tvSeries,Exact (title + year),-0.100000000000001,7.3,1771,-0.2,2455,1,TRUE
tt12027008,1592,1598,Absurd Planet,2020,7+,3.9/10,40/100,1,0,0,0,1,3.9,4.1,1759,tvSeries,Exact (title + year),0.2,3.9,1321,0.2,438,1,TRUE
tt12027034,238,239,Middleditch & Schwartz,2020,18+,8.6/10,72/100,1,0,0,0,1,8.6,8.6,6331,tvSeries,Exact (title + year),0,8.6,4072,0,2259,1,TRUE
tt12031040,805,808,Japan Sinks: 2020,2020,18+,6.4/10,56/100,1,0,0,0,1,6.4,6.4,3873,tvMiniSeries,Exact (title + year),0,6.4,2459,0,1414,1,TRUE
tt12057284,3077,3205,Who Wants to Be a Millionaire,2020,16+,6.1/10,41/100,0,1,0,0,1,6.1,6.4,537,tvSeries,Exact (title + year),0.300000000000001,6.5,77,-0.0999999999999996,460,1,TRUE
tt12071466,1639,1645,"Wait, My Youth",2019,all,8.6/10,39/100,1,0,0,0,1,8.6,7.7,225,tvMiniSeries,Exact (title + year),-0.9,8.6,82,-0.9,143,1,TRUE
tt12079212,1084,1087,The Victims' Game,2020,18+,7.4/10,51/100,1,0,0,0,1,7.4,7.3,2413,tvSeries,Exact (title + year),-0.100000000000001,7.4,1035,-0.100000000000001,1378,1,TRUE
tt12079236,1470,1476,The Forest of Love: Deep Cut,2020,"",6.8/10,43/100,1,0,0,0,1,6.8,6.9,701,tvMiniSeries,Exact (title + year),0.100000000000001,6.8,291,0.100000000000001,410,1,TRUE
tt12083014,1156,1159,Zero Chill,2021,"",5.7/10,49/100,1,0,0,0,1,5.7,5.8,2308,tvSeries,Exact (title + year),0.0999999999999996,5.7,1031,0.0999999999999996,1277,1,TRUE
tt1208358,3860,4126,Blade of the Immortal,2008,16+,6.7/10,48/100,0,0,1,0,1,6.7,6.7,808,tvSeries,Exact (title + year),0,6.7,553,0,255,1,TRUE
tt1209393,488,491,Vampire Knight,2008,16+,7.4/10,63/100,1,1,0,0,1,7.4,7.1,6554,tvSeries,Exact (title + year),-0.300000000000001,7.4,4666,-0.300000000000001,1888,2,FALSE
tt12101170,1100,1103,Inhuman Resources,2020,"",7.2/10,50/100,1,0,0,0,1,7.2,7.2,4997,tvMiniSeries,Exact (title + year),0,7.1,3250,0.100000000000001,1747,1,TRUE
tt1210820,2298,2360,The Long Road Home,2017,18+,7.5/10,66/100,0,1,0,0,1,7.5,7.3,3768,tvMiniSeries,Exact (title + year),-0.2,7.5,2679,-0.2,1089,1,TRUE
tt12140808,1843,1851,True: Terrific Tales,2020,"",5.5/10,32/100,1,0,0,0,1,5.5,6.7,45,tvSeries,Exact (title + year),1.2,5.5,11,1.2,34,1,TRUE
tt1214085,197,198,Soul Eater,2008,16+,7.8/10,74/100,1,1,0,0,1,7.8,7.7,17183,tvSeries,Exact (title + year),-0.0999999999999996,7.8,11444,-0.0999999999999996,5739,2,FALSE
tt12142728,4106,4396,Becoming a Man,2019,"",9.2/10,40/100,0,0,1,0,1,9.2,8.6,13,tvMiniSeries,Exact (title + year),-0.6,9.2,8,-0.6,5,1,TRUE
tt12142888,4386,4686,Discovering the World,2019,"",6.7/10,32/100,0,0,1,0,1,6.7,8,11,tvSeries,Exact (title + year),1.3,6.8,6,1.2,5,1,TRUE
tt12146940,1555,1561,Almost Happy,2020,"",6.8/10,41/100,1,0,0,0,1,6.8,6.9,1303,tvMiniSeries,Exact (title + year),0.100000000000001,6.8,608,0.100000000000001,695,1,TRUE
tt12158686,4566,4874,Somewhere South,2020,"","",16/100,0,0,1,0,1,,8.6,81,tvSeries,Exact (title + year),,8,45,0.6,36,1,TRUE
tt1216050,2974,3099,The Tower of Druaga: The Aegis of Uruk,2008,7+,6.7/10,45/100,0,1,0,0,1,6.7,6.4,359,tvSeries,Exact (title + year),-0.3,6.7,223,-0.3,136,1,TRUE
tt1216159,3019,3146,Nabari no Ou,2008,16+,6.5/10,43/100,0,1,0,0,1,6.5,6.4,372,tvSeries,Exact (title + year),-0.0999999999999996,6.5,270,-0.0999999999999996,102,1,TRUE
tt1216222,2637,2738,To Love-Ru,2008,18+,6.9/10,55/100,0,1,0,0,1,6.9,6.5,2152,tvSeries,Exact (title + year),-0.4,6.6,961,-0.0999999999999996,1191,1,TRUE
tt12176398,1218,1221,Cooked With Cannabis,2020,18+,6.6/10,48/100,1,0,0,0,1,6.6,6.6,521,tvSeries,Exact (title + year),0,6.6,268,0,253,1,TRUE
tt1217956,4365,4664,Today's Homeowner with Danny Lipford,1998,all,8.9/10,32/100,0,0,1,0,1,8.9,9,19,tvSeries,Exact (title + year),0.0999999999999996,8.3,15,0.699999999999999,4,1,TRUE
tt12188528,5277,5623,Alaska Animal Rescue,2020,"",9.4/10,42/100,0,0,0,1,1,9.4,8.5,108,tvSeries,Exact (title + year),-0.9,9.3,12,-0.800000000000001,96,1,TRUE
tt12189308,1744,1752,The Unremarkable Juanquini,2020,"",4.4/10,36/100,1,0,0,0,1,4.4,4.3,216,tvSeries,Exact (title + year),-0.100000000000001,4.4,159,-0.100000000000001,57,1,TRUE
tt12189310,860,863,"Coronavirus, Explained",2020,7+,7.6/10,55/100,1,0,0,0,1,7.6,7.5,2551,tvMiniSeries,Exact (title + year),-0.0999999999999996,7.6,1851,-0.0999999999999996,700,1,TRUE
tt12190580,280,282,Lenox Hill,2020,"",8.7/10,70/100,1,0,0,0,1,8.7,8.6,3221,tvSeries,Exact (title + year),-0.0999999999999996,8.7,1952,-0.0999999999999996,1269,1,TRUE
tt12200714,783,786,The Big Flower Fight,2020,"",7.4/10,56/100,1,0,0,0,1,7.4,7.4,1540,tvSeries,Exact (title + year),0,7.5,918,-0.0999999999999996,622,1,TRUE
tt12202726,1886,1894,Tjovitjo,2017,"",6.3/10,29/100,1,0,0,0,1,6.3,7.2,24,tvSeries,Exact (title + year),0.9,6.3,11,0.9,13,1,TRUE
tt12204636,5300,5647,Buried Secrets of the Bible with Albert Lin,2019,"",7.1/10,38/100,0,0,0,1,1,7.1,6.7,424,tvSeries,Exact (title + year),-0.399999999999999,7,121,-0.3,303,1,TRUE
tt1224033,3086,3215,Jack Hanna's Into the Wild,2007,"",8.0/10,40/100,0,1,0,0,1,8,8.2,97,tvSeries,Exact (title + year),0.199999999999999,8,43,0.199999999999999,54,1,TRUE
tt12244950,2619,2720,Taste the Nation with Padma Lakshmi,2020,16+,8.4/10,56/100,0,1,0,0,1,8.4,8.1,796,tvSeries,Exact (title + year),-0.300000000000001,8.4,368,-0.300000000000001,428,1,TRUE
tt12246190,875,878,Mystic Pop-up Bar,2020,16+,8.0/10,54/100,1,0,0,0,1,8,7.9,3731,tvSeries,Exact (title + year),-0.0999999999999996,8.1,1298,-0.199999999999999,2433,1,TRUE
tt12263568,1943,1953,Together,2009,"","",13/100,1,0,0,0,1,,7.5,8,tvSeries,Exact (title + original-language year),,,,,,1,TRUE
tt12275178,1942,1952,Cinta Si Wedding Planner,2015,"","",13/100,1,0,0,0,1,,7.9,25,tvSeries,Exact (title + year),,,,,,1,TRUE
tt12287748,2827,2941,Yashahime: Princess Half-Demon,2020,16+,7.2/10,50/100,0,1,0,0,1,7.2,7,1474,tvSeries,Exact (title + year),-0.2,7.2,661,-0.2,813,1,TRUE
tt1229295,3789,4039,I Love Money,2008,"",6.1/10,51/100,0,0,1,0,1,6.1,6.2,968,tvSeries,Exact (title + year),0.100000000000001,6.1,857,0.100000000000001,111,1,TRUE
tt12306692,2159,2202,American Horror Stories,2021,18+,6.5/10,72/100,0,1,0,0,1,6.5,6.3,30075,tvSeries,Exact (title + year),-0.2,,,,,1,TRUE
tt12311178,3336,3469,Handcrafted,2017,"","",17/100,0,1,1,0,1,,8.8,8,tvSeries,Exact (title + year),,7.8,6,1,2,2,FALSE
tt12312250,318,320,Jeffrey Epstein: Filthy Rich,2020,18+,7.1/10,69/100,1,0,0,0,1,7.1,7.1,34717,tvMiniSeries,Exact (title + year),0,7.1,19381,0,15336,1,TRUE
tt12313074,1500,1506,Social Distance,2020,"",5.7/10,42/100,1,0,0,0,1,5.7,5.9,773,tvMiniSeries,Exact (title + year),0.2,5.7,561,0.2,212,1,TRUE
tt12313914,620,623,Ju-On: Origins,2020,18+,6.1/10,60/100,1,0,0,0,1,6.1,6.1,5978,tvMiniSeries,Exact (title + year),0,6.1,3804,0,2174,1,TRUE
tt12317724,1677,1683,ZOIDS WILD,2018,7+,5.8/10,38/100,1,0,0,0,1,5.8,8,95,tvSeries,Exact (title + year),2.2,5.7,13,2.3,82,1,TRUE
tt12331304,2836,2951,Our Last Crusade or the Rise of a New World,2020,16+,6.4/10,49/100,0,1,0,0,1,6.4,6.5,1656,tvSeries,Exact (title + year),0.0999999999999996,6.4,427,0.0999999999999996,1229,1,TRUE
tt12331342,2588,2687,Akudama Drive,2020,18+,7.5/10,57/100,0,1,0,0,1,7.5,7.2,4005,tvMiniSeries,Exact (title + year),-0.3,7.5,1166,-0.3,2839,1,TRUE
tt1233451,1474,1480,"Nuevo rico, nuevo pobre",2007,"",7.1/10,43/100,1,0,0,0,1,7.1,7.2,372,tvSeries,Exact (title + original-language year),0.100000000000001,7.3,97,-0.0999999999999996,275,1,TRUE
tt1235099,2017,2044,Lie to Me,2009,16+,8.0/10,81/100,0,1,0,0,1,8,8,135807,tvSeries,Exact (title + year),0,8,112844,0,22963,1,TRUE
tt12351448,3673,3902,The Reagans,2020,7+,6.5/10,57/100,0,0,1,0,1,6.5,6.9,1207,tvMiniSeries,Exact (title + year),0.4,6.6,746,0.300000000000001,461,1,TRUE
tt1235547,2064,2097,Better Off Ted,2009,7+,8.2/10,77/100,0,1,0,0,1,8.2,8.2,28530,tvSeries,Exact (title + year),0,8.2,24970,0,3560,1,TRUE
tt12360292,1012,1015,Power Rangers Dino Fury,2021,7+,6.8/10,52/100,1,0,0,0,1,6.8,6.5,1383,tvSeries,Exact (title + year),-0.3,7,179,-0.5,1204,1,TRUE
tt1236246,2083,2118,Marvel's Runaways,2017,16+,7.0/10,76/100,0,1,0,1,1,7,6.8,30536,tvSeries,"Fuzzy (prefix stripped, exact year)",-0.2,7,23010,-0.2,7526,2,FALSE
tt12364156,1428,1434,The Search,2020,"",5.5/10,44/100,1,0,0,0,1,5.5,5.7,800,tvMiniSeries,Exact (title + year),0.2,5.5,540,0.2,260,1,TRUE
tt12366196,5313,5661,Kingdom of the Mummies,2020,"",7.4/10,36/100,0,0,0,1,1,7.4,7.2,225,tvMiniSeries,Exact (title + year),-0.2,7.3,66,-0.0999999999999996,159,1,TRUE
tt12369754,2102,2139,Staged,2020,"",8.6/10,75/100,0,1,0,0,1,8.6,8.5,11890,tvSeries,Exact (title + year),-0.0999999999999996,8.6,4784,-0.0999999999999996,7106,1,TRUE
tt12370124,1085,1088,Floor is Lava,2020,all,5.3/10,51/100,1,0,0,0,1,5.3,5.4,3161,tvSeries,Exact (title + year),0.100000000000001,5.3,1827,0.100000000000001,1334,1,TRUE
tt12372034,5155,5489,Zenimation,2020,all,7.4/10,55/100,0,0,0,1,1,7.4,7.4,571,tvSeries,Exact (title + year),0,7.4,275,0,296,1,TRUE
tt1238937,2857,2975,BLUE DRAGON,2007,"",6.4/10,49/100,0,1,0,0,1,6.4,6.4,540,tvSeries,Exact (title + year),0,6.4,281,0,259,1,TRUE
tt12405230,3670,3898,Breathe: Into the Shadows,2020,"",7.7/10,57/100,0,0,1,0,1,7.7,7.6,19765,tvSeries,Exact (title + year),-0.100000000000001,7.7,13142,-0.100000000000001,6623,1,TRUE
tt12409154,1114,1117,We Are the Champions,2020,"",7.1/10,50/100,1,0,0,0,1,7.1,7.1,1735,tvSeries,Exact (title + year),0,7.1,1120,0,615,1,TRUE
tt12411074,270,271,Paranormal,2020,7+,8.5/10,71/100,1,0,0,0,1,8.5,7.9,76004,tvSeries,Exact (title + year),-0.6,8.5,68725,-0.6,7279,1,TRUE
tt12416844,1798,1806,Frank Elstner: Just One Last Question,2019,"",7.6/10,34/100,1,0,0,0,1,7.6,7.4,99,tvSeries,Exact (title + year),-0.199999999999999,7.6,75,-0.199999999999999,24,1,TRUE
tt12429046,1324,1327,Home Game,2020,"",7.1/10,46/100,1,0,0,0,1,7.1,7,1052,tvSeries,Exact (title + year),-0.0999999999999996,7.1,709,-0.0999999999999996,343,1,TRUE
tt1243815,3694,3925,Rick Steves' Europe,2000,all,8.5/10,56/100,0,0,1,0,1,8.5,8.6,888,tvSeries,Exact (title + year),0.0999999999999996,8.5,428,0.0999999999999996,460,1,TRUE
tt12443322,2751,2857,Deca-Dence,2020,16+,7.0/10,52/100,0,1,0,0,1,7,6.9,1929,tvMiniSeries,Exact (title + year),-0.0999999999999996,7,859,-0.0999999999999996,1070,1,TRUE
tt12451520,292,294,It's Okay to Not Be Okay,2020,16+,8.8/10,70/100,1,0,0,0,1,8.8,8.5,46587,tvMiniSeries,Exact (title + year),-0.300000000000001,8.8,12841,-0.300000000000001,33746,1,TRUE
tt12458172,450,452,Word of Honor,2021,"",9.1/10,65/100,1,0,0,0,1,9.1,8.3,5180,tvSeries,Exact (title + year),-0.799999999999999,9.2,1924,-0.899999999999999,3256,1,TRUE
tt12477912,918,921,Sisyphus,2021,"",7.1/10,53/100,1,0,0,0,1,7.1,6.6,65,tvSeries,"Fuzzy (title exact, year +-1)",-0.5,5.4,24,1.2,41,1,TRUE
tt12486430,1241,1244,Twogether,2020,"",8.5/10,48/100,1,0,0,0,1,8.5,8.4,615,tvSeries,Exact (title + year),-0.0999999999999996,8.5,311,-0.0999999999999996,304,1,TRUE
tt1249208,2612,2713,Celebrity Family Feud,2008,7+,6.3/10,56/100,0,1,0,0,1,6.3,6.4,1851,tvSeries,Exact (title + year),0.100000000000001,6.2,842,0.2,1009,1,TRUE
tt1249254,4487,4789,State Parole,2008,"",4.6/10,24/100,0,0,1,0,1,4.6,5.5,14,tvSeries,Exact (title + year),0.9,4.6,5,0.9,9,1,TRUE
tt12504214,1357,1361,The Good Detective,2020,"",7.5/10,45/100,1,0,0,0,1,7.5,7.6,1947,tvSeries,Exact (title + year),0.0999999999999996,7.5,445,0.0999999999999996,1502,1,TRUE
tt12508898,1120,1123,Gameboys,2020,"","",50/100,1,0,0,0,1,,8.3,1577,tvSeries,Exact (title + year),,8.7,782,-0.399999999999999,795,1,TRUE
tt1252370,2735,2840,The Real Housewives of Atlanta,2008,16+,4.4/10,53/100,0,1,0,0,1,4.4,4.9,4615,tvSeries,Exact (title + year),0.5,4.3,3346,0.600000000000001,1269,1,TRUE
tt1252374,5135,5468,Sonny with a Chance,2009,all,6.1/10,58/100,0,0,0,1,1,6.1,6,13997,tvSeries,Exact (title + year),-0.0999999999999996,6.1,10991,-0.0999999999999996,3006,1,TRUE
tt12525622,1339,1343,Was It Love,2020,"",7.2/10,46/100,1,0,0,0,1,7.2,7,1343,tvSeries,Exact (title + year),-0.2,7.2,652,-0.2,691,1,TRUE
tt12531492,1694,1700,Graceful Friends,2020,"",6.7/10,38/100,1,0,0,0,1,6.7,7,229,tvSeries,Exact (title + year),0.3,6.6,94,0.4,135,1,TRUE
tt12535708,5301,5648,Supercar Megabuild,2016,"",4.3/10,38/100,0,0,0,1,1,4.3,4.3,162,tvSeries,Exact (title + year),0,4.2,46,0.0999999999999996,116,1,TRUE
tt12540060,1372,1376,Say I Do,2020,"",7.8/10,45/100,1,0,0,0,1,7.8,7.9,630,tvSeries,Exact (title + year),0.100000000000001,7.8,438,0.100000000000001,192,1,TRUE
tt12540080,591,594,Dark Desire,2020,18+,6.5/10,61/100,1,0,0,0,1,6.5,6.5,10772,tvSeries,Exact (title + year),0,6.5,4115,0,6657,1,TRUE
tt12546678,3798,4049,James May: Oh Cook!,2020,"",7.6/10,51/100,0,0,1,0,1,7.6,7.5,2546,tvSeries,Exact (title + year),-0.0999999999999996,7.7,920,-0.2,1626,1,TRUE
tt12560270,1329,1333,Private Lives,2020,"",6.6/10,46/100,1,0,0,0,1,6.6,6.5,928,tvSeries,Exact (title + year),-0.0999999999999996,6.6,472,-0.0999999999999996,456,1,TRUE
tt12564616,971,974,Jiva!,2021,18+,5.7/10,53/100,1,0,0,0,1,5.7,6.1,347,tvSeries,Exact (title + year),0.399999999999999,,,,,1,TRUE
tt12567164,1481,1487,Juman,2019,"",5.4/10,43/100,1,0,0,0,1,5.4,5.4,229,tvSeries,Exact (title + year),0,5.7,71,-0.3,158,1,TRUE
tt12569614,4879,5198,Switzerland's Amazing Train Rides,2014,"","",10/100,0,0,1,0,1,,7.6,10,tvSeries,Exact (title + year),,,,,,1,TRUE
tt12571792,1808,1816,Nasce Uma Rainha,2020,"",6.5/10,34/100,1,0,0,0,1,6.5,6.1,181,tvSeries,Exact (title + original-language year),-0.4,6.4,118,-0.300000000000001,63,1,TRUE
tt12580168,786,789,Indian Matchmaking,2020,16+,6.2/10,56/100,1,0,0,0,1,6.2,6.3,4593,tvSeries,Exact (title + year),0.0999999999999996,6.2,2738,0.0999999999999996,1855,1,TRUE
tt12583300,5316,5664,Marvel Battleworld: Mystery of the Thanostones,2020,"",5.9/10,36/100,0,0,0,1,1,5.9,5.6,148,tvMiniSeries,Exact (title + year),-0.300000000000001,5.8,49,-0.2,99,1,TRUE
tt12585152,355,357,Down to Earth with Zac Efron,2020,7+,8.1/10,67/100,1,0,0,0,1,8.1,8,8463,tvSeries,Exact (title + year),-0.0999999999999996,8.1,5553,-0.0999999999999996,2910,1,TRUE
tt12588286,1717,1723,Southern Survival,2020,"",5.7/10,37/100,1,0,0,0,1,5.7,5.4,526,tvSeries,Exact (title + year),-0.3,5.8,269,-0.399999999999999,257,1,TRUE
tt12588326,1666,1672,Skin Decision: Before and After,2020,"",5.8/10,39/100,1,0,0,0,1,5.8,6,505,tvSeries,Exact (title + year),0.2,5.8,338,0.2,167,1,TRUE
tt12588372,422,424,Fear City: New York vs The Mafia,2020,18+,7.1/10,65/100,1,0,0,0,1,7.1,7.1,9090,tvMiniSeries,Exact (title + year),0,7.1,6171,0,2919,1,TRUE
tt12588416,968,971,The Business of Drugs,2020,18+,7.2/10,53/100,1,0,0,0,1,7.2,7.2,2004,tvMiniSeries,Exact (title + year),0,7.2,1415,0,589,1,TRUE
tt1260848,4432,4733,New York Goes to Hollywood,2008,"",4.6/10,29/100,0,0,1,0,1,4.6,4.8,207,tvSeries,Exact (title + year),0.2,4.6,168,0.2,39,1,TRUE
tt12624844,603,606,The Great Heist,2020,18+,7.3/10,61/100,1,0,0,0,1,7.3,7.3,3249,tvSeries,Exact (title + year),0,7.3,2133,0,1116,1,TRUE
tt12624862,3008,3135,Love in the Time of Corona,2020,16+,5.7/10,44/100,0,1,0,0,1,5.7,5.8,531,tvSeries,Exact (title + year),0.0999999999999996,5.7,382,0.0999999999999996,149,1,TRUE
tt12626014,708,711,La cocinera de Castamar,2021,"",7.4/10,58/100,1,0,0,0,1,7.4,7.4,6432,tvSeries,Exact (title + original-language year),0,6.9,108,0.5,6324,1,TRUE
tt12656690,1728,1736,Hook,2020,"",6.7/10,37/100,1,0,0,0,1,6.7,5.9,40,tvSeries,Exact (title + year),-0.8,6.8,20,-0.9,20,1,TRUE
tt1266020,1956,1967,Parks and Recreation,2009,16+,8.6/10,91/100,0,1,0,0,1,8.6,8.6,317622,tvSeries,Exact (title + year),0,8.6,223177,0,94445,1,TRUE
tt12665438,1675,1681,The Underclass,2020,"",6.2/10,38/100,1,0,0,0,1,6.2,5.8,130,tvSeries,Exact (title + year),-0.4,6.2,39,-0.4,91,1,TRUE
tt12673630,2376,2449,The New York Times Presents,2020,18+,6.7/10,63/100,0,1,0,0,1,6.7,6.8,652,tvSeries,Exact (title + year),0.0999999999999996,6.8,334,0,318,1,TRUE
tt12674230,2864,2983,Maxxx,2020,"",6.4/10,48/100,0,1,0,0,1,6.4,6,512,tvSeries,Exact (title + year),-0.4,5.9,221,0.0999999999999996,291,1,TRUE
tt12675790,4128,4421,Pan y Circo,2020,"",6.7/10,39/100,0,0,1,0,1,6.7,6.7,196,tvMiniSeries,Exact (title + year),0,6.7,121,0,75,1,TRUE
tt12677870,2321,2384,Law & Order: Organized Crime,2021,16+,7.6/10,65/100,0,1,0,0,1,7.6,7.7,12814,tvSeries,Exact (title + year),0.100000000000001,7.7,2664,0,10150,1,TRUE
tt12690880,5343,5692,Jungle Animal Rescue,2020,"",6.4/10,28/100,0,0,0,1,1,6.4,7.8,34,tvSeries,Exact (title + year),1.4,6.1,8,1.7,26,1,TRUE
tt12699108,3016,3143,Forged in Fire: Beat the Judges,2020,7+,8.6/10,43/100,0,1,0,0,1,8.6,8.4,238,tvSeries,Exact (title + year),-0.199999999999999,8.5,74,-0.0999999999999996,164,1,TRUE
tt1270230,4210,4506,Snog Marry Avoid?,2008,"",5.4/10,37/100,0,0,1,0,1,5.4,5.5,353,tvSeries,Exact (title + year),0.0999999999999996,5.4,299,0.0999999999999996,54,1,TRUE
tt12712056,3294,3427,Absolutely Ascot,2018,"","",22/100,0,1,0,0,1,,6.9,13,tvSeries,Exact (title + year),,,,,,1,TRUE
tt12719250,1150,1153,Mismatched,2020,18+,5.5/10,49/100,1,0,0,0,1,5.5,6,7715,tvSeries,Exact (title + year),0.5,5.5,3142,0.5,4573,1,TRUE
tt12723962,1125,1128,Mystery Lab,2020,7+,7.7/10,50/100,1,0,0,0,1,7.7,7.4,928,tvSeries,Exact (title + year),-0.3,7.7,614,-0.3,314,1,TRUE
tt12728902,1847,1855,Especial Futbol De Primera 20 Años,2020,"",7.0/10,31/100,1,0,0,0,1,7,7.3,28,tvMiniSeries,Exact (title + year),0.3,7,13,0.3,15,1,TRUE
tt12740488,1900,1908,Paprika,2018,all,"",21/100,1,0,0,0,1,,8.5,81,tvSeries,Exact (title + year),,8.3,12,0.199999999999999,69,1,TRUE
tt12748032,1535,1541,The Witcher: A Look Inside the Episodes,2020,"",7.1/10,42/100,1,0,0,0,1,7.1,6.8,221,tvSeries,Exact (title + year),-0.3,7.1,62,-0.3,159,1,TRUE
tt12748264,1846,1854,Sing On! Germany,2020,"",5.5/10,32/100,1,0,0,0,1,5.5,5.5,161,tvSeries,Exact (title + year),0,5.5,113,0,48,1,TRUE
tt12748268,1875,1883,Word Party Songs,2020,"",3.2/10,30/100,1,0,0,0,1,3.2,3.7,31,tvSeries,Exact (title + year),0.5,3.2,8,0.5,23,1,TRUE
tt12753698,1035,1038,World's Most Wanted,2020,16+,7.2/10,52/100,1,0,0,0,1,7.2,7.1,3193,tvSeries,Exact (title + year),-0.100000000000001,7.2,1981,-0.100000000000001,1212,1,TRUE
tt12754910,738,741,Immigration Nation,2020,16+,7.4/10,57/100,1,0,0,0,1,7.4,7.6,1307,tvSeries,Exact (title + year),0.199999999999999,7.4,972,0.199999999999999,335,1,TRUE
tt12759334,1616,1622,Tiny Creatures,2020,7+,4.9/10,40/100,1,0,0,0,1,4.9,5.1,1511,tvSeries,Exact (title + year),0.199999999999999,4.9,1018,0.199999999999999,493,1,TRUE
tt12759384,1111,1114,(Un)Well,2020,18+,6.4/10,50/100,1,0,0,0,1,6.4,6.4,1320,tvSeries,Exact (title + year),0,6.4,871,0,449,1,TRUE
tt12759400,413,415,High Score,2020,16+,7.4/10,65/100,1,0,0,0,1,7.4,7.4,9410,tvMiniSeries,Exact (title + year),0,7.4,6632,0,2778,1,TRUE
tt12759420,1810,1818,DeMarcus Family Rules,2020,"",6.2/10,34/100,1,0,0,0,1,6.2,5.1,133,tvSeries,Exact (title + year),-1.1,6.2,81,-1.1,52,1,TRUE
tt12760500,5330,5678,Gathering Storm,2020,"","",33/100,0,0,0,1,1,,7.2,114,tvSeries,Exact (title + year),,8.4,16,-1.2,98,1,TRUE
tt12765530,1521,1527,Alien TV,2020,7+,6.2/10,42/100,1,0,0,0,1,6.2,6.5,440,tvSeries,"Fuzzy (title exact, year +-1)",0.3,6.2,209,0.3,231,1,TRUE
tt12775806,3101,3232,The School That Tried to End Racism,2020,"","",40/100,0,1,0,0,1,,5.5,122,tvMiniSeries,Exact (title + year),,4.6,49,0.9,73,1,TRUE
tt12775836,1811,1819,Bhaag Beanie Bhaag,2020,"",3.8/10,34/100,1,0,0,0,1,3.8,3.5,6791,tvSeries,Exact (title + year),-0.3,3.8,3608,-0.3,3183,1,TRUE
tt1279024,402,404,Toradora!,2008,16+,8.0/10,66/100,1,0,1,0,1,8,7.9,23679,tvSeries,Exact (title + year),-0.0999999999999996,8,11548,-0.0999999999999996,12131,2,FALSE
tt12809988,64,65,Sweet Tooth,2021,16+,7.9/10,84/100,1,0,0,0,1,7.9,7.7,79303,tvSeries,Exact (title + year),-0.2,8.1,17418,-0.399999999999999,61885,1,TRUE
tt12810046,3099,3230,Connecting...,2020,7+,5.1/10,40/100,0,1,0,0,1,5.1,5.2,381,tvSeries,Exact (title + year),0.100000000000001,5,314,0.2,67,1,TRUE
tt12824750,5164,5500,Secrets of the Whales,2021,7+,8.6/10,54/100,0,0,0,1,1,8.6,8.4,1274,tvMiniSeries,Exact (title + year),-0.199999999999999,8.7,286,-0.299999999999999,988,1,TRUE
tt12833474,5318,5666,Made in A Day,2020,"",7.6/10,35/100,0,0,0,1,1,7.6,7.5,79,tvSeries,Exact (title + year),-0.0999999999999996,8,8,-0.5,71,1,TRUE
tt12844648,5046,5365,Tales To Get Scared To,2016,"","",10/100,0,0,1,0,1,,5,14,tvSeries,Exact (title + year),,5.6,7,-0.6,7,1,TRUE
tt12850262,1211,1214,Do Do Sol Sol La La Sol,2020,"",7.4/10,48/100,1,0,0,0,1,7.4,7.3,3407,tvMiniSeries,Exact (title + year),-0.100000000000001,7.4,966,-0.100000000000001,2441,1,TRUE
tt12850322,1260,1263,Record of Youth,2020,16+,7.3/10,47/100,1,0,0,0,1,7.3,7.2,4713,tvSeries,Exact (title + year),-0.0999999999999996,7.3,1524,-0.0999999999999996,3189,1,TRUE
tt12850564,3873,4141,The Pack,2020,"",6.5/10,48/100,0,0,1,0,1,6.5,6.6,624,tvSeries,Exact (title + year),0.0999999999999996,6.5,490,0.0999999999999996,134,1,TRUE
tt1285482,194,195,Dead Set,2008,18+,7.6/10,74/100,1,0,0,0,1,7.6,7.5,22142,tvMiniSeries,Exact (title + year),-0.0999999999999996,7.6,18887,-0.0999999999999996,3255,1,TRUE
tt1286039,2087,2123,Stargate Universe,2009,16+,7.6/10,76/100,0,1,0,0,1,7.6,7.6,55937,tvSeries,Exact (title + year),0,7.6,48136,0,7801,1,TRUE
tt12867810,613,616,Start-Up,2020,16+,8.1/10,60/100,1,0,0,0,1,8.1,7.9,19597,tvSeries,Exact (title + year),-0.199999999999999,8.1,5189,-0.199999999999999,14408,1,TRUE
tt12873166,5321,5669,Ancient China from Above,2020,"",7.3/10,35/100,0,0,0,1,1,7.3,6.8,206,tvSeries,Exact (title + year),-0.5,7.3,47,-0.5,159,1,TRUE
tt12873192,5286,5633,India from Above,2020,"",7.7/10,40/100,0,0,0,1,1,7.7,7.5,328,tvSeries,Exact (title + year),-0.2,8.2,86,-0.699999999999999,242,1,TRUE
tt12875720,4624,4937,Altair: A Record of Battles,2017,"","",14/100,0,0,1,0,1,,7.4,194,tvSeries,Exact (title + year),,8.2,29,-0.799999999999999,165,1,TRUE
tt12875768,1745,1753,Felipe Esparza: Bad Decisions,2020,"",5.0/10,36/100,1,0,0,0,1,5,5.6,240,tvMiniSeries,Exact (title + year),0.6,5,135,0.6,105,1,TRUE
tt12875794,1632,1638,La Línea: Shadow of Narco,2020,"",6.4/10,39/100,1,0,0,0,1,6.4,6.4,495,tvMiniSeries,Exact (title + year),0,6.4,326,0,169,1,TRUE
tt12879170,2956,3081,More Than Friends,2020,"",6.7/10,45/100,0,1,0,0,1,6.7,6.6,925,tvSeries,Exact (title + year),-0.100000000000001,6.8,202,-0.2,723,1,TRUE
tt12879522,1401,1406,The School Nurse Files,2020,"",6.5/10,44/100,1,0,0,0,1,6.5,6.3,1838,tvSeries,Exact (title + year),-0.2,6.5,875,-0.2,963,1,TRUE
tt12881654,4490,4792,Rat-A-Tat,2015,"","",23/100,0,0,1,0,1,,5,57,tvSeries,Exact (title + year),,,,,,1,TRUE
tt12882136,1627,1633,Million Dollar Beach House,2020,18+,4.1/10,40/100,1,0,0,0,1,4.1,4.3,942,tvSeries,Exact (title + year),0.2,4.1,642,0.2,300,1,TRUE
tt1288631,3631,3846,A French Village,2009,"",8.4/10,60/100,0,0,1,0,1,8.4,8.4,2064,tvSeries,Exact (title + year),0,8.4,1199,0,865,1,TRUE
tt1291098,4415,4716,The World's Funniest Moments,2008,"",2.9/10,30/100,0,0,1,0,1,2.9,3.3,59,tvSeries,Exact (title + year),0.4,2.9,48,0.4,11,1,TRUE
tt12912830,1410,1415,Bread Barbershop,2020,"",8.8/10,44/100,1,0,0,0,1,8.8,6.4,337,tvSeries,Exact (title + year),-2.4,8.7,78,-2.3,259,1,TRUE
tt12917170,1177,1180,Chef's Table: BBQ,2020,"",7.8/10,49/100,1,0,0,0,1,7.8,7.7,1451,tvMiniSeries,Exact (title + year),-0.0999999999999996,7.8,777,-0.0999999999999996,674,1,TRUE
tt12923630,989,992,Bad Boy Billionaires: India,2020,"",8.0/10,52/100,1,0,0,0,1,8,7.8,3736,tvSeries,Exact (title + year),-0.2,8,2601,-0.2,1135,1,TRUE
tt12923664,1725,1732,Bookmarks: Celebrating Black Voices,2020,all,4.9/10,37/100,1,0,0,0,1,4.9,5.8,382,tvSeries,Exact (title + original-language year),0.9,5,128,0.8,254,1,TRUE
tt12923734,1646,1652,Sing On!,2020,"",6.3/10,39/100,1,0,0,0,1,6.3,6.4,507,tvSeries,Exact (title + year),0.100000000000001,6.4,308,0,199,1,TRUE
tt12929796,1366,1370,Goedam,2020,"",5.8/10,45/100,1,0,0,0,1,5.8,5.7,1666,tvSeries,Exact (title + year),-0.0999999999999996,5.7,662,0,1004,1,TRUE
tt12930534,691,694,Challenger: The Final Flight,2020,"",7.9/10,59/100,1,0,0,0,1,7.9,7.8,8684,tvMiniSeries,Exact (title + year),-0.100000000000001,7.9,5724,-0.100000000000001,2960,1,TRUE
tt12930602,1146,1149,The Playbook,2020,"",7.5/10,49/100,1,0,0,0,1,7.5,7.4,1895,tvSeries,Exact (title + year),-0.0999999999999996,7.5,1111,-0.0999999999999996,784,1,TRUE
tt12938472,1192,1195,The American Barbecue Showdown,2020,"",7.2/10,48/100,1,0,0,0,1,7.2,7.1,2192,tvSeries,Exact (title + year),-0.100000000000001,7.2,914,-0.100000000000001,1278,1,TRUE
tt12939836,879,882,A Perfect Crime,2020,"",7.3/10,54/100,1,0,0,0,1,7.3,7.3,1824,tvMiniSeries,Exact (title + year),0,7.3,1163,0,661,1,TRUE
tt12944764,5303,5650,Becoming,2020,16+,6.8/10,38/100,1,0,0,1,1,6.8,7.2,90,tvSeries,Exact (title + year),0.4,6.9,39,0.3,51,2,FALSE
tt1294955,2853,2971,Total Wipeout,2009,"",6.0/10,49/100,0,1,1,0,1,6,6,1657,tvSeries,Exact (title + year),0,6,1391,0,266,2,FALSE
tt1295816,3238,3370,Survival School,2008,"",7.3/10,31/100,0,1,0,0,1,7.3,7.3,26,tvSeries,Exact (title + year),0,7.3,22,0,4,1,TRUE
tt1297754,3626,3838,Republic of Doyle,2010,16+,7.4/10,60/100,0,0,1,0,1,7.4,7.6,5181,tvSeries,Exact (title + year),0.199999999999999,7.3,3482,0.3,1699,1,TRUE
tt12987412,4965,5284,The Hunting Public,2017,"","",10/100,0,0,1,0,1,,8,15,tvSeries,Exact (title + year),,,,,,1,TRUE
tt12987872,1760,1768,Country Ever After,2020,"",6.5/10,36/100,1,0,0,0,1,6.5,6.9,201,tvSeries,Exact (title + year),0.4,6.5,122,0.4,79,1,TRUE
tt12987918,988,991,"Good Morning, Verônica",2020,"",7.6/10,52/100,1,0,0,0,1,7.6,7.4,7434,tvSeries,Exact (title + year),-0.199999999999999,7.7,2747,-0.3,4687,1,TRUE
tt12988062,5310,5658,X-Ray Earth,2020,"",6.1/10,37/100,0,0,0,1,1,6.1,6.4,102,tvMiniSeries,Exact (title + year),0.300000000000001,7.6,10,-1.2,92,1,TRUE
tt1298822,4190,4486,Extreme Forensics,2008,"",7.9/10,38/100,0,0,1,0,1,7.9,7.8,98,tvSeries,Exact (title + year),-0.100000000000001,7.9,76,-0.100000000000001,22,1,TRUE
tt12996012,4229,4525,Prime Rewind: Inside the Boys,2020,18+,5.6/10,37/100,0,0,1,0,1,5.6,5.7,293,tvSeries,Exact (title + year),0.100000000000001,5.6,150,0.100000000000001,143,1,TRUE
tt13005714,1209,1212,"Whose Vote Counts, Explained",2020,"",7.3/10,48/100,1,0,0,0,1,7.3,7.3,1446,tvMiniSeries,Exact (title + year),0,7.3,882,0,564,1,TRUE
tt13011686,4348,4647,Talking Tom Shorts,2014,"","",33/100,0,0,1,0,1,,8,52,tvSeries,Exact (title + year),,,,,,1,TRUE
tt13018090,1235,1238,Dad Stop Embarrassing Me!,2021,7+,4.2/10,48/100,1,0,0,0,1,4.2,4.3,2508,tvSeries,Exact (title + year),0.0999999999999996,4.2,1525,0.0999999999999996,983,1,TRUE
tt13032438,4140,4434,For the Love of Jason,2020,18+,7.2/10,39/100,0,0,1,0,1,7.2,8.1,122,tvSeries,Exact (title + year),0.9,7.1,55,1,67,1,TRUE
tt1303337,2497,2589,Deadly Women,2005,16+,8.0/10,59/100,0,1,1,0,1,8,7.7,298,tvMiniSeries,Exact (title + year),-0.3,7.9,237,-0.2,61,2,FALSE
tt13044528,913,916,La Révolution,2020,16+,6.5/10,54/100,1,0,0,0,1,6.5,6.6,7111,tvSeries,Exact (title + year),0.0999999999999996,6.5,4741,0.0999999999999996,2370,1,TRUE
tt13057984,1368,1372,The Platform,2020,"",7.0/10,45/100,1,0,0,0,1,7,6.2,459,tvSeries,Exact (title + year),-0.8,6.9,218,-0.7,241,1,TRUE
tt1305826,1979,1997,Adventure Time,2010,7+,8.6/10,86/100,0,1,0,0,1,8.6,8.7,135257,tvSeries,Exact (title + year),0.0999999999999996,8.6,79984,0.0999999999999996,55273,1,TRUE
tt13070478,1383,1387,Deaf U,2020,18+,6.4/10,45/100,1,0,0,0,1,6.4,6.4,556,tvSeries,Exact (title + year),0,6.5,398,-0.0999999999999996,158,1,TRUE
tt1307510,2780,2892,Chuggington,2008,all,5.9/10,51/100,0,1,0,0,1,5.9,5.9,1183,tvSeries,Exact (title + year),0,5.9,463,0,720,1,TRUE
tt13087512,734,737,Last Chance U: Basketball,2021,18+,8.4/10,57/100,1,0,0,0,1,8.4,8.3,3921,tvSeries,Exact (title + year),-0.0999999999999996,8.4,1827,-0.0999999999999996,2094,1,TRUE
tt13089270,5168,5505,The Wonderful World of Mickey Mouse,2020,all,7.8/10,53/100,0,0,0,1,1,7.8,7.9,1850,tvSeries,Exact (title + year),0.100000000000001,7.9,462,0,1388,1,TRUE
tt13110256,948,951,Song Exploder,2020,18+,7.4/10,53/100,1,0,0,0,1,7.4,7.4,940,tvSeries,Exact (title + year),0,7.4,601,0,339,1,TRUE
tt1312171,32,33,The Umbrella Academy,2019,16+,8.0/10,87/100,1,0,0,0,1,8,7.8,316642,tvSeries,Exact (title + year),-0.2,8,171030,-0.2,145612,1,TRUE
tt13138972,3742,3981,We Children from Bahnhof Zoo,2021,"",6.3/10,53/100,0,0,1,0,1,6.3,6.3,3848,tvSeries,Exact (title + year),0,6.3,2075,0,1773,1,TRUE
tt13156316,630,633,The Sons of Sam: A Descent Into Darkness,2021,18+,7.0/10,60/100,1,0,0,0,1,7,7,11517,tvMiniSeries,Exact (title + year),0,7,5213,0,6304,1,TRUE
tt13161310,1268,1271,Dream Home Makeover,2020,all,5.6/10,47/100,1,0,0,0,1,5.6,5.8,1696,tvSeries,Exact (title + year),0.2,5.6,860,0.2,836,1,TRUE
tt1316554,417,419,Black Butler,2008,18+,7.8/10,65/100,1,1,0,0,1,7.8,7.6,11340,tvSeries,Exact (title + year),-0.2,7.8,7008,-0.2,4332,2,FALSE
tt13173144,376,378,RESIDENT EVIL: Infinite Darkness,2021,18+,5.8/10,67/100,1,0,0,0,1,5.8,5.8,14660,tvMiniSeries,Exact (title + year),0,,,,,1,TRUE
tt13175760,1297,1300,Detention,2020,"",6.3/10,46/100,1,0,1,0,1,6.3,6.4,735,tvMiniSeries,Exact (title + year),0.100000000000001,6.3,353,0.100000000000001,382,2,FALSE
tt13186480,688,691,So Not Worth It,2021,"",7.7/10,59/100,1,0,0,0,1,7.7,6.9,1635,tvSeries,Exact (title + year),-0.8,,,,,1,TRUE
tt1319900,2262,2319,Ghost Adventures,2008,13+,7.5/10,67/100,0,1,0,0,1,7.5,7.2,10636,tvSeries,Exact (title + year),-0.3,7.5,8308,-0.3,2328,1,TRUE
tt13199208,3356,3489,TRANsitioning,2017,"","",16/100,0,1,0,0,1,,6.8,13,tvSeries,Exact (title + year),,,,,,1,TRUE
tt1320080,3829,4084,Celebrity Ghost Stories,2009,7+,7.1/10,49/100,0,0,1,0,1,7.1,7.1,1186,tvSeries,"Fuzzy (title exact, year +-1)",0,7.1,851,0,335,1,TRUE
tt13206988,916,919,Paava Kadhaigal,2020,"",8.1/10,54/100,1,0,0,0,1,8.1,8,6272,tvMiniSeries,Exact (title + year),-0.0999999999999996,8.1,4658,-0.0999999999999996,1614,1,TRUE
tt1321805,2266,2323,10 Things I Hate About You,2009,16+,7.3/10,67/100,0,1,0,1,1,7.3,7.2,6933,tvSeries,Exact (title + year),-0.0999999999999996,7.3,5732,-0.0999999999999996,1201,2,FALSE
tt13227634,2870,2989,America: Our Defining Hours,2020,"","",48/100,0,1,0,0,1,,7.2,119,tvMiniSeries,Exact (title + year),,7.2,6,0,113,1,TRUE
tt13229934,725,728,Godzilla Singular Point,2021,16+,6.6/10,58/100,1,0,0,0,1,6.6,6.5,2696,tvMiniSeries,Exact (title + year),-0.0999999999999996,,,,,1,TRUE
tt13244080,4400,4701,Serial Swindlers,2018,"",7.2/10,31/100,0,0,1,0,1,7.2,6.3,23,tvSeries,Exact (title + year),-0.9,,,,,1,TRUE
tt13244092,883,886,Carmel: Who Killed Maria Marta?,2020,"",7.1/10,54/100,1,0,0,0,1,7.1,7,2980,tvMiniSeries,Exact (title + year),-0.0999999999999996,7.1,1820,-0.0999999999999996,1160,1,TRUE
tt1325113,2356,2426,Childrens Hospital,2008,18+,7.8/10,64/100,0,1,0,0,1,7.8,7.8,8693,tvSeries,Exact (title + year),0,7.8,7164,0,1529,1,TRUE
tt13255112,1678,1684,Holiday Home Makeover with Mr. Christmas,2020,all,5.7/10,38/100,1,0,0,0,1,5.7,5.9,373,tvSeries,Exact (title + year),0.2,5.7,240,0.2,133,1,TRUE
tt13262134,5305,5653,Mickey Mouse Funhouse,2021,all,5.6/10,37/100,0,0,0,1,1,5.6,5.3,574,tvSeries,Exact (title + year),-0.3,,,,,1,TRUE
tt13271834,806,809,Run On,2020,"",7.6/10,56/100,1,0,0,0,1,7.6,7.3,6880,tvSeries,Exact (title + year),-0.3,7.7,1453,-0.4,5427,1,TRUE
tt13273826,694,697,The Uncanny Counter,2020,"",8.2/10,58/100,1,0,0,0,1,8.2,8,15392,tvSeries,Exact (title + year),-0.199999999999999,8.2,3236,-0.199999999999999,12156,1,TRUE
tt1327783,3266,3398,NASA 360,2008,all,7.6/10,28/100,0,1,0,0,1,7.6,8.4,9,tvSeries,Exact (title + year),0.800000000000001,7.6,5,0.800000000000001,4,1,TRUE
tt1327801,170,171,Glee,2009,16+,6.7/10,76/100,1,0,1,0,1,6.7,6.8,162100,tvSeries,Exact (title + year),0.0999999999999996,6.7,138853,0.0999999999999996,23247,2,FALSE
tt13280486,1182,1185,Thus Spoke Kishibe Rohan,2021,"",7.7/10,49/100,1,0,0,0,1,7.7,7.3,347,tvMiniSeries,"Fuzzy (title exact, year +-1)",-0.4,7.1,86,0.2,261,1,TRUE
tt13280838,1306,1309,The House Arrest of Us,2020,7+,7.5/10,46/100,1,0,0,0,1,7.5,5.3,209,tvSeries,Exact (title + year),-2.2,7.4,79,-2.1,130,1,TRUE
tt13293588,2337,2404,Mushoku Tensei: Jobless Reincarnation,2021,16+,8.3/10,64/100,0,1,0,0,1,8.3,8.2,45550,tvSeries,Exact (title + year),-0.100000000000001,8.4,3068,-0.200000000000001,42482,1,TRUE
tt13302848,5158,5493,Inside Pixar,2020,all,7.3/10,54/100,0,0,0,1,1,7.3,7.3,882,tvSeries,Exact (title + year),0,7.3,397,0,485,1,TRUE
tt13316746,746,749,Aunty Donna's Big Ol' House of Fun,2020,"",8.0/10,57/100,1,0,0,0,1,8,7.9,7548,tvSeries,Exact (title + year),-0.0999999999999996,8,5024,-0.0999999999999996,2524,1,TRUE
tt13317376,1710,1716,The Devil Punisher,2020,"",5.9/10,37/100,1,0,0,0,1,5.9,5.8,271,tvSeries,Exact (title + year),-0.100000000000001,5.9,106,-0.100000000000001,165,1,TRUE
tt1332030,2209,2259,Make It or Break It,2009,16+,7.5/10,69/100,0,1,0,0,1,7.5,7.5,10868,tvSeries,Exact (title + year),0,7.5,9485,0,1383,1,TRUE
tt13322572,1135,1138,Big Timber,2020,"",6.4/10,50/100,1,0,0,0,1,6.4,6.9,1163,tvSeries,Exact (title + year),0.5,,,,,1,TRUE
tt13325238,5355,5704,Sam's Zookeeper Challenge,2019,"","",14/100,0,0,0,1,1,,5.8,11,tvMiniSeries,"Fuzzy (title exact, year +-1)",,,,,,1,TRUE
tt13326050,5351,5700,What Sam Sees,2018,"","",16/100,0,0,0,1,1,,6.1,14,tvMiniSeries,Exact (title + year),,,,,,1,TRUE
tt13329282,1538,1544,Voices of Fire,2020,"",6.9/10,42/100,1,0,0,0,1,6.9,6.9,449,tvSeries,Exact (title + year),0,6.9,328,0,121,1,TRUE
tt1333922,4377,4677,Shelldon,2009,all,5.8/10,32/100,0,0,1,0,1,5.8,6.7,64,tvSeries,"Fuzzy (title exact, year +-1)",0.9,5.8,33,0.9,31,1,TRUE
tt13342264,5273,5619,Kingdom of the Polar Bears,2021,"","",42/100,0,0,0,1,1,,6.2,26,tvMiniSeries,Exact (title + original-language year),,,,,,1,TRUE
tt13351440,1027,1030,Ridley Jones,2021,all,5.6/10,52/100,1,0,0,0,1,5.6,2,1745,tvSeries,Exact (title + year),-3.6,,,,,1,TRUE
tt13352232,874,877,High-Rise Invasion,2021,18+,6.7/10,54/100,1,0,0,0,1,6.7,6.5,5951,tvSeries,Exact (title + year),-0.2,6.7,1579,-0.2,4372,1,TRUE
tt13354188,3619,3830,DOM,2021,"",7.2/10,61/100,0,0,1,0,1,7.2,7.3,3392,tvSeries,Exact (title + year),0.0999999999999996,7.1,932,0.2,2460,1,TRUE
tt13356646,3643,3863,Solos,2021,"",5.8/10,59/100,0,0,1,0,1,5.8,6,6363,tvMiniSeries,Exact (title + year),0.2,5.6,1748,0.4,4615,1,TRUE
tt13357124,1353,1357,The Way of the Househusband,2021,16+,8.6/10,45/100,1,0,0,0,1,8.6,7.3,7624,tvSeries,Exact (title + year),-1.3,7.3,2045,0,5579,1,TRUE
tt13363298,967,970,Trial 4,2020,"",7.4/10,53/100,1,0,0,0,1,7.4,7.5,2585,tvMiniSeries,Exact (title + year),0.0999999999999996,7.4,1704,0.0999999999999996,881,1,TRUE
tt13375866,858,861,Heaven Official's Blessing,2020,"",8.4/10,55/100,1,0,0,0,1,8.4,8.2,4250,tvSeries,Exact (title + year),-0.200000000000001,8.4,678,-0.200000000000001,3572,1,TRUE
tt13394544,848,851,Lovestruck in the City,2020,16+,7.8/10,55/100,1,0,0,0,1,7.8,7.5,5820,tvMiniSeries,Exact (title + year),-0.3,7.8,1263,-0.3,4557,1,TRUE
tt1340758,1162,1165,Moving On,2009,7+,7.5/10,49/100,1,0,0,0,1,7.5,7.4,642,tvSeries,Exact (title + year),-0.0999999999999996,7.5,342,-0.0999999999999996,300,1,TRUE
tt1342711,2483,2574,Man v. Food,2008,all,7.3/10,59/100,0,1,0,0,1,7.3,7.3,7809,tvSeries,Exact (title + year),0,7.3,6539,0,1270,1,TRUE
tt1343217,4605,4916,Easy Living,2010,"","",14/100,0,0,1,0,1,,7.8,455,tvSeries,"Fuzzy (title exact, year +-1)",,7.9,376,-0.100000000000001,79,1,TRUE
tt13433812,406,408,Vincenzo,2021,"",8.5/10,66/100,1,0,0,0,1,8.5,8.4,41660,tvSeries,Exact (title + year),-0.0999999999999996,8.6,6076,-0.199999999999999,35584,1,TRUE
tt13438882,3000,3127,Celebrity Wheel of Fortune,2021,7+,7.3/10,44/100,0,1,0,0,1,7.3,7,360,tvSeries,Exact (title + year),-0.3,7.3,92,-0.3,268,1,TRUE
tt1344959,3071,3199,The Dating Guy,2009,18+,3.5/10,41/100,0,1,0,0,1,3.5,4.8,413,tvSeries,Exact (title + year),1.3,3.5,352,1.3,61,1,TRUE
tt13452100,835,838,Fabulous Lives of Bollywood Wives,2020,"",4.7/10,55/100,1,0,0,0,1,4.7,4.1,10644,tvSeries,Exact (title + year),-0.600000000000001,4.7,6896,-0.600000000000001,3748,1,TRUE
tt13453828,1345,1349,Kings of Jo'Burg,2020,"",5.4/10,45/100,1,0,0,0,1,5.4,5.4,940,tvSeries,Exact (title + year),0,5.3,416,0.100000000000001,524,1,TRUE
tt13464340,880,883,Alien Worlds,2020,7+,6.5/10,54/100,1,0,0,0,1,6.5,6.5,4603,tvSeries,Exact (title + year),0,6.5,2888,0,1715,1,TRUE
tt13486136,1526,1532,Anitta: Made in Honório,2020,"",7.0/10,42/100,1,0,0,0,1,7,6.9,511,tvMiniSeries,Exact (title + year),-0.0999999999999996,6.9,336,0,175,1,TRUE
tt13487106,947,950,The Surgeon's Cut,2020,"",8.5/10,53/100,1,0,0,0,1,8.5,8.4,1367,tvSeries,Exact (title + year),-0.0999999999999996,8.4,802,0,565,1,TRUE
tt13491734,3020,3147,Name That Tune,2021,7+,4.9/10,43/100,0,1,0,0,1,4.9,5.4,805,tvSeries,Exact (title + year),0.5,4.9,264,0.5,541,1,TRUE
tt13492374,704,707,The Ripper,2020,"",7.1/10,58/100,1,0,0,0,1,7.1,7.1,12007,tvMiniSeries,Exact (title + year),0,7.1,7437,0,4570,1,TRUE
tt13505014,2310,2372,The Pink Panther,1964,all,7.6/10,66/100,0,1,1,0,1,7.6,7.7,835,tvSeries,Exact (title + year),0.100000000000001,7.9,35,-0.2,800,2,FALSE
tt1351407,4446,4747,Gnarfs,2003,"",5.3/10,28/100,0,0,1,0,1,5.3,7.4,11,tvSeries,Exact (title + year),2.1,5.3,6,2.1,5,1,TRUE
tt1352414,3012,3139,Samurai Harem,2009,18+,6.0/10,43/100,0,1,0,0,1,6,5.9,365,tvSeries,Exact (title + year),-0.0999999999999996,6,221,-0.0999999999999996,144,1,TRUE
tt13524842,505,508,Generation 56k,2021,"",7.4/10,63/100,1,0,0,0,1,7.4,7.3,3219,tvSeries,Exact (title + year),-0.100000000000001,,,,,1,TRUE
tt13530018,1667,1673,Rhyme Time Town Singalongs,2020,all,8.3/10,39/100,1,0,0,0,1,8.3,7.1,29,tvSeries,Exact (title + year),-1.2,8.4,11,-1.3,18,1,TRUE
tt1353056,2023,2054,RuPaul's Drag Race,2009,16+,8.4/10,80/100,0,1,0,0,1,8.4,8.5,25856,tvSeries,Exact (title + year),0.0999999999999996,8.4,16418,0.0999999999999996,9438,1,TRUE
tt13539242,1908,1917,Heart & Soul,2020,"","",20/100,1,0,0,0,1,,7.1,14,tvSeries,Exact (title + year),,4.2,5,2.9,9,1,TRUE
tt13540900,1066,1069,Room 2806: The Accusation,2020,"",7.0/10,51/100,1,0,0,0,1,7,7,2623,tvMiniSeries,Exact (title + year),0,7,1857,0,766,1,TRUE
tt13554946,3100,3231,Atlas Of Cursed Places,2020,"",5.2/10,40/100,0,1,0,0,1,5.2,5.7,332,tvSeries,Exact (title + year),0.5,5.8,93,-0.0999999999999996,239,1,TRUE
tt1355642,25,26,Fullmetal Alchemist: Brotherhood,2009,16+,9.1/10,88/100,1,1,0,0,1,9.1,9.1,254118,tvSeries,Exact (title + year),0,9.1,131332,0,122786,2,FALSE
tt13563634,1406,1411,Best Leftovers Ever!,2020,all,5.7/10,44/100,1,0,0,0,1,5.7,5.7,710,tvSeries,Exact (title + year),0,5.7,395,0,315,1,TRUE
tt13566208,4930,5249,Pinkfong! Baby Shark & Halloween Songs,2018,"","",10/100,0,0,1,0,1,,5.7,16,tvSeries,Exact (title + year),,7,6,-1.3,10,1,TRUE
tt13570366,1070,1073,BREAK IT ALL: The History of Rock in Latin America,2020,18+,7.6/10,51/100,1,0,0,0,1,7.6,7.6,1484,tvMiniSeries,Exact (title + year),0,7.6,1059,0,425,1,TRUE
tt13574094,1574,1580,Check The Store Next Door: The Next Chapter,2018,"",7.9/10,41/100,1,0,0,0,1,7.9,7,142,tvSeries,"Fuzzy (title exact, year +-1)",-0.9,7.9,45,-0.9,97,1,TRUE
tt1358522,1983,2001,White Collar,2009,7+,8.2/10,85/100,0,1,0,0,1,8.2,8.2,154359,tvSeries,Exact (title + year),0,8.2,121041,0,33318,1,TRUE
tt13617024,952,955,Headspace Guide to Meditation,2021,7+,8.5/10,53/100,1,0,0,0,1,8.5,8.3,2044,tvMiniSeries,Exact (title + year),-0.199999999999999,8.5,1171,-0.199999999999999,873,1,TRUE
tt13617060,731,734,History of Swear Words,2021,18+,6.4/10,57/100,1,0,0,0,1,6.4,6.4,5837,tvSeries,Exact (title + year),0,6.4,3981,0,1856,1,TRUE
tt1361721,4338,4637,For the Love of Ray J,2009,"",3.2/10,34/100,0,0,1,0,1,3.2,3.3,409,tvSeries,Exact (title + year),0.0999999999999996,3.2,367,0.0999999999999996,42,1,TRUE
tt1361787,2789,2901,What Would You Do?,2008,7+,7.2/10,51/100,0,1,0,0,1,7.2,7.1,1262,tvSeries,"Fuzzy (title exact, year +-1)",-0.100000000000001,7.2,876,-0.100000000000001,386,1,TRUE
tt13629660,3085,3214,Game of Talents,2021,"",4.6/10,40/100,0,1,0,0,1,4.6,4.9,143,tvSeries,Exact (title + year),0.300000000000001,4.8,84,0.100000000000001,59,1,TRUE
tt13634444,5175,5515,Pixar Popcorn,2021,7+,6.6/10,52/100,0,0,0,1,1,6.6,6.5,2707,tvMiniSeries,Exact (title + year),-0.0999999999999996,6.6,1404,-0.0999999999999996,1303,1,TRUE
tt13634872,580,583,Beyond Evil,2021,"",8.1/10,61/100,1,0,0,0,1,8.1,8.1,7946,tvSeries,Exact (title + year),0,8.1,594,0,7352,1,TRUE
tt1364951,3048,3176,Toddlers & Tiaras,2009,7+,1.8/10,42/100,0,1,0,0,1,1.8,1.8,4071,tvSeries,Exact (title + year),0,1.8,3463,0,608,1,TRUE
tt13649692,1304,1307,Surviving Death,2021,18+,6.1/10,46/100,1,0,0,0,1,6.1,6.2,2620,tvSeries,Exact (title + year),0.100000000000001,6.1,1574,0.100000000000001,1046,1,TRUE
tt13650480,5087,5414,Marvel Studios: Legends,2021,16+,6.5/10,66/100,0,0,0,1,1,6.5,6.5,5612,tvSeries,Exact (title + year),0,6.5,2835,0,2777,1,TRUE
tt13651632,299,301,Night Stalker: The Hunt For a Serial Killer,2021,18+,7.5/10,70/100,1,0,0,0,1,7.5,7.5,34142,tvMiniSeries,Exact (title + year),0,7.5,19114,0,15028,1,TRUE
tt13656220,1557,1563,We Are: The Brooklyn Saints,2021,"",6.5/10,41/100,1,0,0,0,1,6.5,6.5,198,tvSeries,Exact (title + year),0,6.5,122,0,76,1,TRUE
tt13660638,662,665,Black Space,2020,"",6.8/10,59/100,1,0,0,0,1,6.8,6.7,2794,tvSeries,Exact (title + year),-0.0999999999999996,6.9,722,-0.2,2072,1,TRUE
tt13660958,265,266,Pretend It's a City,2021,16+,8.1/10,71/100,1,0,0,0,1,8.1,8,9216,tvMiniSeries,Exact (title + year),-0.0999999999999996,8.1,5618,-0.0999999999999996,3598,1,TRUE
tt13660962,1096,1099,Bling Empire,2021,18+,5.8/10,50/100,1,0,0,0,1,5.8,5.8,3919,tvSeries,Exact (title + year),0,5.8,2200,0,1719,1,TRUE
tt13668188,2901,3024,Capital One College Bowl,2021,"",5.4/10,47/100,0,1,0,0,1,5.4,6.5,111,tvSeries,Exact (title + year),1.1,,,,,1,TRUE
tt13670090,1310,1313,"Hello, Me!",2021,"",7.2/10,46/100,1,0,0,0,1,7.2,7.2,1297,tvSeries,Exact (title + year),0,7.3,284,-0.0999999999999996,1013,1,TRUE
tt13676344,657,660,Record of Ragnarok,2021,18+,6.2/10,59/100,1,0,0,0,1,6.2,6.6,13211,tvSeries,Exact (title + year),0.399999999999999,6.6,210,0,13001,1,TRUE
tt13679628,2255,2311,"McCartney 3,2,1",2021,"",9.0/10,68/100,0,1,0,0,1,9,8.7,3981,tvMiniSeries,Exact (title + year),-0.300000000000001,,,,,1,TRUE
tt13683120,3126,3257,Cherries Wild,2021,"",3.6/10,39/100,0,1,0,0,1,3.6,4.1,96,tvSeries,Exact (title + year),0.5,3.7,56,0.399999999999999,40,1,TRUE
tt13702252,1208,1211,Dealer,2021,18+,6.2/10,48/100,1,0,0,0,1,6.2,6.2,886,tvMiniSeries,Exact (title + year),0,6.2,536,0,350,1,TRUE
tt1370334,510,513,Boys Over Flowers,2009,16+,7.9/10,63/100,1,1,0,0,1,7.9,7.7,17315,tvSeries,Exact (title + year),-0.2,7.9,9623,-0.2,7692,2,FALSE
tt13711094,1657,1663,Mighty Little Bheem: Kite Festival,2021,"",8.5/10,39/100,1,0,0,0,1,8.5,6.3,36,tvSeries,Exact (title + year),-2.2,7.9,7,-1.6,29,1,TRUE
tt1372211,3727,3964,Victorian Farm,2009,"",8.7/10,54/100,0,0,1,0,1,8.7,8.8,837,tvMiniSeries,Exact (title + year),0.100000000000001,8.7,539,0.100000000000001,298,1,TRUE
tt13731400,1017,1020,SanPa: Sins of the Savior,2020,"",7.8/10,52/100,1,0,0,0,1,7.8,7.7,1858,tvMiniSeries,Exact (title + year),-0.0999999999999996,7.8,1255,-0.0999999999999996,603,1,TRUE
tt13779496,3337,3470,Ultimate Survival WWII,2019,"","",17/100,0,1,0,0,1,,8,113,tvSeries,Exact (title + year),,8.3,11,-0.300000000000001,102,1,TRUE
tt13780968,5044,5363,Inside Hitler's Killing Machine,2016,"","",10/100,0,0,1,0,1,,7.2,65,tvMiniSeries,Exact (title + year),,7.6,5,-0.399999999999999,60,1,TRUE
tt13783758,1571,1577,LEGO Marvel Avengers: Climate Conundrum,2020,7+,7.0/10,41/100,1,0,0,0,1,7,6.2,239,tvMiniSeries,Exact (title + year),-0.8,6.9,18,-0.7,221,1,TRUE
tt13788916,1901,1909,Fukrey Boyzzz,2019,all,"",21/100,1,0,0,0,1,,7.5,56,tvSeries,Exact (title + year),,,,,,1,TRUE
tt13789092,950,953,Spycraft,2021,18+,6.7/10,53/100,1,0,0,0,1,6.7,6.7,2714,tvSeries,"Fuzzy (title exact, year +-1)",0,6.7,1387,0,1327,1,TRUE
tt1379164,1510,1516,Stretch Armstrong & the Flex Fighters,2017,7+,6.5/10,42/100,1,0,0,0,1,6.5,6.3,432,tvSeries,Exact (title + year),-0.2,6.4,265,-0.100000000000001,167,1,TRUE
tt13802728,5356,5705,Marvel Funko,2017,"","",14/100,0,0,0,1,1,,5.3,125,tvSeries,"Fuzzy (title exact, year +-1)",,5.9,9,-0.600000000000001,116,1,TRUE
tt13814840,1206,1209,Love (ft. Marriage and Divorce),2021,7+,5.9/10,48/100,1,0,0,0,1,5.9,6.7,801,tvSeries,Exact (title + year),0.8,6.1,162,0.600000000000001,639,1,TRUE
tt13833756,3812,4065,Making Their Mark,2021,"",8.5/10,50/100,0,0,1,0,1,8.5,8.3,344,tvSeries,Exact (title + year),-0.199999999999999,8.5,226,-0.199999999999999,118,1,TRUE
tt13837672,832,835,Crime Scene: The Vanishing at the Cecil Hotel,2021,"",5.9/10,55/100,1,0,0,0,1,5.9,6,21746,tvMiniSeries,Exact (title + year),0.0999999999999996,5.9,14575,0.0999999999999996,7171,1,TRUE
tt13845582,5329,5677,Mickey Go Local,2019,"",6.0/10,34/100,0,0,0,1,1,6,5.8,126,tvMiniSeries,Exact (title + year),-0.2,5.8,36,0,90,1,TRUE
tt13846404,1720,1727,The Charming Stepmom,2019,"","",37/100,1,0,0,0,1,,7.1,37,tvSeries,Exact (title + year),,8.1,12,-1,25,1,TRUE
tt13848380,1429,1435,Buried by the Bernards,2021,16+,7.3/10,44/100,1,0,0,0,1,7.3,7.1,391,tvSeries,Exact (title + year),-0.2,7.3,301,-0.2,90,1,TRUE
tt1385817,3070,3198,Anyone But Me,2009,16+,7.2/10,41/100,0,1,0,0,1,7.2,7.2,1192,tvSeries,"Fuzzy (title exact, year +-1)",0,7.2,1005,0,187,1,TRUE
tt13858416,5271,5616,Dino Ranch,2021,all,8.1/10,42/100,0,0,0,1,1,8.1,5.3,400,tvSeries,Exact (title + year),-2.8,7.8,33,-2.5,367,1,TRUE
tt13878800,1298,1301,Pitta Kathalu,2021,"",5.0/10,46/100,1,0,0,0,1,5,5.2,885,tvSeries,Exact (title + year),0.2,5,627,0.2,258,1,TRUE
tt13879466,604,607,The One,2021,18+,6.6/10,61/100,1,0,0,0,1,6.6,6.6,14908,tvSeries,Exact (title + year),0,6.6,10339,0,4569,1,TRUE
tt13885302,849,852,Navillera,2021,"",8.8/10,55/100,1,0,0,0,1,8.8,8.7,4041,tvSeries,Exact (title + year),-0.100000000000001,8.8,891,-0.100000000000001,3150,1,TRUE
tt13885336,695,698,Law School,2021,"",8.2/10,58/100,1,0,0,0,1,8.2,7.9,3921,tvSeries,Exact (title + year),-0.299999999999999,8.1,632,-0.199999999999999,3289,1,TRUE
tt1388589,5243,5587,The Super Hero Squad Show,2009,7+,6.1/10,46/100,0,0,0,1,1,6.1,6.2,2358,tvSeries,Exact (title + year),0.100000000000001,6.1,1555,0.100000000000001,803,1,TRUE
tt13887518,1319,1322,The Big Day,2021,18+,4.6/10,46/100,1,0,0,0,1,4.6,4.6,396,tvSeries,Exact (title + year),0,4.6,282,0,114,1,TRUE
tt13924274,2874,2994,Lincoln: Divided We Stand,2021,"",7.6/10,48/100,0,1,0,0,1,7.6,7.7,398,tvMiniSeries,Exact (title + year),0.100000000000001,7.5,150,0.2,248,1,TRUE
tt13932598,1273,1276,Canine Intervention,2021,16+,6.5/10,47/100,1,0,0,0,1,6.5,6.7,1031,tvSeries,Exact (title + year),0.2,6.5,772,0.2,259,1,TRUE
tt13953182,1905,1913,Diamond City,2018,"","",20/100,1,0,0,0,1,,8,44,tvSeries,Exact (title + year),,7.4,9,0.6,35,1,TRUE
tt13957868,4539,4843,Peanuts,1965,"","",18/100,0,0,1,0,1,,7.5,176,tvSeries,Exact (title + year),,,,,,1,TRUE
tt1396212,1415,1421,Dinotrux,2015,7+,6.9/10,44/100,1,0,0,0,1,6.9,6.7,717,tvSeries,Exact (title + year),-0.2,6.9,401,-0.2,316,1,TRUE
tt13967834,3037,3165,Pooch Perfect,2021,7+,3.7/10,42/100,0,1,0,0,1,3.7,6.8,66,tvSeries,Exact (title + year),3.1,7.4,21,-0.600000000000001,45,1,TRUE
tt13972246,811,814,Amend: The Fight for America,2021,18+,7.9/10,56/100,1,0,0,0,1,7.9,7.9,1700,tvMiniSeries,Exact (title + year),0,6.7,15,1.2,1685,1,TRUE
tt13987620,640,643,Murder Among the Mormons,2021,16+,7.0/10,60/100,1,0,0,0,1,7,7,7924,tvMiniSeries,Exact (title + year),0,7,4574,0,3350,1,TRUE
tt1399664,3458,3601,The Night Manager,2016,16+,8.1/10,86/100,0,0,1,0,1,8.1,8,141140,tvSeries,Exact (title + year),-0.0999999999999996,8.1,76210,-0.0999999999999996,64930,1,TRUE
tt1400819,2399,2475,Horrible Histories,2009,7+,8.8/10,62/100,0,1,1,0,1,8.8,8.7,6909,tvSeries,Exact (title + year),-0.100000000000001,8.8,4296,-0.100000000000001,2613,2,FALSE
tt14017966,1473,1479,Korean Pork Belly Rhapsody,2020,"","",43/100,1,0,0,0,1,,7.5,132,tvSeries,Exact (title + year),,8.2,19,-0.699999999999999,113,1,TRUE
tt1401882,3135,3266,WWE Superstars,2009,7+,5.8/10,38/100,0,1,0,0,1,5.8,5.6,390,tvSeries,Exact (title + year),-0.2,5.8,260,-0.2,130,1,TRUE
tt14019016,1112,1115,The Houseboat,2021,18+,7.3/10,50/100,1,0,0,0,1,7.3,7.1,1349,tvSeries,Exact (title + year),-0.2,7.3,981,-0.2,368,1,TRUE
tt14023192,919,922,MINE,2021,"",7.8/10,53/100,1,0,0,0,1,7.8,7.6,2226,tvSeries,Exact (title + year),-0.2,7.7,157,-0.100000000000001,2069,1,TRUE
tt14035218,1272,1275,Waffles + Mochi,2021,"",7.6/10,47/100,1,0,0,0,1,7.6,7.1,642,tvSeries,Exact (title + year),-0.5,7.7,315,-0.600000000000001,327,1,TRUE
tt14035948,2586,2685,Sasquatch,2021,18+,6.2/10,57/100,0,1,0,0,1,6.2,6.3,1818,tvMiniSeries,Exact (title + year),0.0999999999999996,6.2,1025,0.0999999999999996,793,1,TRUE
tt14037542,1504,1510,Marriage or Mortgage,2021,"",5.2/10,42/100,1,0,0,0,1,5.2,5.3,526,tvSeries,Exact (title + year),0.0999999999999996,5.1,335,0.2,191,1,TRUE
tt1405406,34,35,The Vampire Diaries,2009,16+,7.7/10,86/100,1,0,0,0,1,7.7,7.7,386817,tvSeries,Exact (title + year),0,7.7,290534,0,96283,1,TRUE
tt14057360,932,935,The Lost Pirate Kingdom,2021,18+,6.6/10,53/100,1,0,0,0,1,6.6,6.6,3882,tvSeries,Exact (title + year),0,6.6,1981,0,1901,1,TRUE
tt14069590,615,618,DOTA: Dragon's Blood,2021,18+,8.0/10,60/100,1,0,0,0,1,8,7.7,23910,tvSeries,Exact (title + year),-0.3,8.1,11252,-0.399999999999999,12658,1,TRUE
tt14072300,5338,5686,Wild Nordic,2019,"",6.0/10,30/100,0,0,0,1,1,6,7.3,188,tvMiniSeries,Exact (title + year),1.3,5.8,6,1.5,182,1,TRUE
tt14078186,1199,1202,Under Suspicion: Uncovering the Wesphael Case,2021,"",6.3/10,48/100,1,0,0,0,1,6.3,6.3,881,tvSeries,Exact (title + year),0,6.3,446,0,435,1,TRUE
tt1408430,2233,2287,30 for 30,2009,7+,8.8/10,69/100,0,1,0,0,1,8.8,8.8,6116,tvSeries,Exact (title + year),0,8.8,4480,0,1636,1,TRUE
tt14091172,1144,1147,Nevenka: Breaking the Silence,2021,"",7.0/10,49/100,1,0,0,0,1,7,6.9,846,tvMiniSeries,Exact (title + year),-0.0999999999999996,7,506,-0.0999999999999996,340,1,TRUE
tt1409383,2912,3035,Big Windup!,2007,7+,7.7/10,47/100,0,1,0,0,1,7.7,7.6,354,tvSeries,Exact (title + year),-0.100000000000001,7.7,232,-0.100000000000001,122,1,TRUE
tt14094206,5084,5410,Marvel Studios: Assembled,2021,7+,8.1/10,66/100,0,0,0,1,1,8.1,7.8,3319,tvSeries,Exact (title + year),-0.3,8.1,1158,-0.3,2161,1,TRUE
tt1410218,689,692,K-ON!,2009,16+,7.7/10,59/100,1,1,0,0,1,7.7,7.8,5870,tvSeries,Exact (title + year),0.0999999999999996,7.7,3111,0.0999999999999996,2759,2,FALSE
tt1411254,4040,4324,18 to Life,2010,"",6.1/10,42/100,0,0,1,0,1,6.1,6.9,1360,tvSeries,Exact (title + year),0.800000000000001,6,887,0.9,473,1,TRUE
tt1411598,2842,2958,The Real Housewives of New Jersey,2009,16+,4.0/10,49/100,0,1,0,0,1,4,4.6,4423,tvSeries,Exact (title + year),0.6,4,3213,0.6,1210,1,TRUE
tt14135696,4498,4801,"I, Caesar: The Rise and Fall of the Roman Empire",1997,"","",21/100,0,0,1,0,1,,8,60,tvMiniSeries,Exact (title + year),,,,,,1,TRUE
tt1415054,2724,2829,Eden of the East,2009,18+,7.6/10,53/100,0,1,0,0,1,7.6,7.4,4422,tvMiniSeries,Exact (title + year),-0.199999999999999,7.6,3478,-0.199999999999999,944,1,TRUE
tt14155414,724,727,This Is Pop,2021,"",6.9/10,58/100,1,0,0,0,1,6.9,6.9,1552,tvSeries,Exact (title + year),0,7.1,10,-0.199999999999999,1542,1,TRUE
tt1415889,2330,2396,Good Luck Charlie,2010,all,7.0/10,65/100,0,1,0,1,1,7,7.1,27514,tvSeries,Exact (title + year),0.0999999999999996,7,19381,0.0999999999999996,8133,2,FALSE
tt14160660,358,360,Ray,2021,"",7.3/10,67/100,1,0,0,0,1,7.3,7.1,10789,tvSeries,Exact (title + year),-0.2,,,,,1,TRUE
tt14163838,1255,1258,Feels Like Ishq,2021,"",6.7/10,47/100,1,0,0,0,1,6.7,6.5,1800,tvSeries,Exact (title + year),-0.2,,,,,1,TRUE
tt14164238,1256,1259,Haunted: Latin America,2021,16+,5.4/10,47/100,1,0,0,0,1,5.4,5.3,781,tvSeries,Exact (title + year),-0.100000000000001,5.3,447,0,334,1,TRUE
tt1416765,2029,2060,Parenthood,2010,7+,8.2/10,79/100,0,1,0,0,1,8.2,8.3,44383,tvSeries,Exact (title + year),0.100000000000001,8.2,31639,0.100000000000001,12744,1,TRUE
tt14168868,1581,1587,Let's Fight Ghost,2021,"",7.7/10,40/100,1,0,0,0,1,7.7,6.9,211,tvSeries,Exact (title + year),-0.8,7.6,57,-0.699999999999999,154,1,TRUE
tt14169816,963,966,You Are My Spring,2021,"",7.3/10,53/100,1,0,0,0,1,7.3,7.3,1243,tvSeries,Exact (title + year),0,,,,,1,TRUE
tt14177168,1343,1347,Worn Stories,2021,"",6.6/10,45/100,1,0,0,0,1,6.6,6.7,372,tvMiniSeries,Exact (title + year),0.100000000000001,6.6,233,0.100000000000001,139,1,TRUE
tt1419884,3270,3402,Hot Gay Comics,2008,18+,3.8/10,27/100,0,1,0,0,1,3.8,3.6,49,tvSeries,Exact (title + year),-0.2,3.8,20,-0.2,29,1,TRUE
tt14202738,1265,1268,Pui Pui Molcar,2021,"",8.1/10,47/100,1,0,0,0,1,8.1,8,677,tvSeries,Exact (title + year),-0.0999999999999996,8.1,146,-0.0999999999999996,531,1,TRUE
tt14210424,1512,1518,The Wedding Coach,2021,"",4.9/10,42/100,1,0,0,0,1,4.9,5.1,124,tvSeries,Exact (title + year),0.199999999999999,4.9,52,0.199999999999999,72,1,TRUE
tt14223858,696,699,This is a Robbery: The World's Biggest Art Heist,2021,18+,6.4/10,58/100,1,0,0,0,1,6.4,6.5,5171,tvMiniSeries,Exact (title + original-language year),0.0999999999999996,6.5,3078,0,2093,1,TRUE
tt1424037,2558,2655,Kenichi: The Mightiest Disciple,2006,16+,8.2/10,58/100,0,1,1,0,1,8.2,8,2802,tvSeries,Exact (title + year),-0.199999999999999,8.2,1927,-0.199999999999999,875,2,FALSE
tt14250052,3091,3220,The Celebrity Dating Game,2021,"",2.6/10,40/100,0,1,0,0,1,2.6,3.1,367,tvSeries,Exact (title + year),0.5,2.7,64,0.4,303,1,TRUE
tt14260676,5233,5577,Earth Moods,2021,"",8.2/10,47/100,0,0,0,1,1,8.2,7.9,327,tvMiniSeries,Exact (title + year),-0.299999999999999,8.2,84,-0.299999999999999,243,1,TRUE
tt1426952,4173,4468,Nightmare in Suburbia,2008,"",7.9/10,38/100,0,0,1,0,1,7.9,7.6,88,tvSeries,Exact (title + year),-0.300000000000001,7.9,46,-0.300000000000001,42,1,TRUE
tt1429423,3187,3318,New York Goes to Work,2009,"",5.4/10,35/100,0,1,1,0,1,5.4,5.3,173,tvSeries,Exact (title + year),-0.100000000000001,5.3,127,0,46,2,FALSE
tt1429439,3167,3298,Daisy of Love,2009,16+,4.5/10,36/100,0,1,0,0,1,4.5,4.7,609,tvSeries,Exact (title + year),0.2,4.4,474,0.3,135,1,TRUE
tt1430794,3876,4144,Valemont,2009,7+,5.3/10,47/100,0,0,1,0,1,5.3,5.1,453,tvMiniSeries,Exact (title + year),-0.2,5.2,383,-0.100000000000001,70,1,TRUE
tt14315542,692,695,Sexify,2021,"",6.5/10,58/100,1,0,0,0,1,6.5,6.5,7331,tvSeries,Exact (title + year),0,6.6,3621,-0.0999999999999996,3710,1,TRUE
tt14318392,1545,1551,Pet Stars,2021,"",5.8/10,41/100,1,0,0,0,1,5.8,5.2,154,tvSeries,Exact (title + year),-0.6,5.9,79,-0.7,75,1,TRUE
tt14318406,1254,1257,Headspace Guide to Sleep,2021,"",6.8/10,47/100,1,0,0,0,1,6.8,6.8,642,tvSeries,Exact (title + year),0,6.8,213,0,429,1,TRUE
tt14344354,3768,4013,Luxe Listings Sydney,2021,"",6.2/10,52/100,0,0,1,0,1,6.2,6.2,753,tvSeries,Exact (title + year),0,,,,,1,TRUE
tt14376958,943,946,The Rational Life,2021,"",8.2/10,53/100,1,0,0,0,1,8.2,7.8,1240,tvSeries,Exact (title + year),-0.399999999999999,8.8,16,-1,1224,1,TRUE
tt1439629,11,12,Community,2009,7+,8.5/10,90/100,1,1,1,0,1,8.5,8.5,313027,tvSeries,Exact (title + year),0,8.5,227412,0,85615,3,FALSE
tt14398500,739,742,My Unorthodox Life,2021,"",4.9/10,57/100,1,0,0,0,1,4.9,5.7,1741,tvSeries,Exact (title + year),0.8,,,,,1,TRUE
tt14409846,2531,2627,Crime Scene Kitchen,2021,"",7.2/10,58/100,0,1,0,0,1,7.2,7.7,904,tvSeries,Exact (title + year),0.5,7.3,57,0.4,847,1,TRUE
tt1441096,3752,3995,Accidentally on Purpose,2009,7+,6.3/10,52/100,0,0,1,0,1,6.3,6.4,6725,tvSeries,Exact (title + year),0.100000000000001,6.3,6371,0.100000000000001,354,1,TRUE
tt1441109,2128,2167,Cougar Town,2009,7+,7.0/10,73/100,0,1,1,0,1,7,7.1,48074,tvSeries,Exact (title + year),0.0999999999999996,7,41238,0.0999999999999996,6836,2,FALSE
tt14417802,1055,1058,The Snitch Cartel: Origins,2021,"","",51/100,1,0,0,0,1,,6,323,tvSeries,Exact (title + year),,,,,,1,TRUE
tt1442437,1962,1974,Modern Family,2009,7+,8.4/10,90/100,0,1,0,0,1,8.4,8.5,544324,tvSeries,Exact (title + year),0.0999999999999996,8.4,371198,0.0999999999999996,173126,1,TRUE
tt1442464,2140,2181,The Middle,2009,7+,7.6/10,73/100,0,1,0,0,1,7.6,7.7,62385,tvSeries,Exact (title + year),0.100000000000001,7.6,45998,0.100000000000001,16387,1,TRUE
tt1442550,2261,2318,Shark Tank,2009,7+,7.6/10,68/100,0,1,0,0,1,7.6,7.6,11690,tvSeries,Exact (title + year),0,7.6,8798,0,2892,1,TRUE
tt1442553,2677,2781,Undercover Boss,2010,7+,5.8/10,54/100,0,1,0,0,1,5.8,5.8,3999,tvSeries,Exact (title + year),0,5.8,3234,0,765,1,TRUE
tt1444382,2622,2723,Cake Boss,2009,7+,6.6/10,56/100,0,1,0,0,1,6.6,6.6,3537,tvSeries,Exact (title + year),0,6.6,3025,0,512,1,TRUE
tt1447487,4038,4322,Dino Dan,2009,7+,5.6/10,42/100,0,0,1,0,1,5.6,5.6,505,tvSeries,"Fuzzy (title exact, year +-1)",0,5.4,309,0.199999999999999,196,1,TRUE
tt14482414,1537,1543,Racket Boys,2021,16+,1.1/10,42/100,1,0,0,0,1,1.1,5.3,30320,tvSeries,Exact (title + year),4.2,3.9,624,1.4,29696,1,TRUE
tt14492910,749,752,"Money, Explained",2021,"",6.9/10,57/100,1,0,0,0,1,6.9,7,3160,tvMiniSeries,Exact (title + year),0.0999999999999996,6.9,1133,0.0999999999999996,2027,1,TRUE
tt14492912,1560,1566,Lava Ka Dhaava,2021,"",6.1/10,41/100,1,0,0,0,1,6.1,6,52,tvSeries,Exact (title + year),-0.0999999999999996,6.2,38,-0.2,14,1,TRUE
tt14493840,1920,1930,Love Naggers,2018,"","",16/100,1,0,0,0,1,,4.7,11,tvSeries,Exact (title + year),,,,,,1,TRUE
tt14494718,1641,1647,Locombianos,2021,18+,3.6/10,39/100,1,0,0,0,1,3.6,5.4,34,tvSeries,Exact (title + year),1.8,,,,,1,TRUE
tt14512938,680,683,Alma Matters: Inside the IIT Dream,2021,"",8.5/10,59/100,1,0,0,0,1,8.5,8.2,2484,tvMiniSeries,Exact (title + year),-0.300000000000001,8.6,2023,-0.4,461,1,TRUE
tt14518284,526,529,Nevertheless,2021,"",7.6/10,62/100,1,0,0,0,1,7.6,7,13843,tvSeries,Exact (title + year),-0.6,,,,,1,TRUE
tt14532744,3652,3873,September Mornings,2021,"",7.1/10,59/100,0,0,1,0,1,7.1,7.5,993,tvSeries,Exact (title + year),0.4,,,,,1,TRUE
tt14535092,2397,2473,The Choe Show,2021,"",8.5/10,62/100,0,1,0,0,1,8.5,8.4,598,tvSeries,Exact (title + year),-0.0999999999999996,,,,,1,TRUE
tt14540468,687,690,High on the Hog: How African American Cuisine Transformed America,2021,"",7.7/10,59/100,1,0,0,0,1,7.7,7.7,998,tvSeries,Exact (title + year),0,7.7,327,0,671,1,TRUE
tt1454440,1479,1485,The Prince Who Turns into a Frog,2005,"",7.0/10,43/100,1,0,0,0,1,7,7,204,tvSeries,Exact (title + year),0,7,103,0,101,1,TRUE
tt14574154,905,908,Human: The World Within,2021,"",6.8/10,54/100,1,0,0,0,1,6.8,6.8,1122,tvSeries,Exact (title + year),0,6.9,187,-0.100000000000001,935,1,TRUE
tt14578626,5229,5573,Star Wars Vehicle Flythroughs,2021,"",6.3/10,47/100,0,0,0,1,1,6.3,6.2,593,tvSeries,Exact (title + year),-0.0999999999999996,6.4,113,-0.2,480,1,TRUE
tt14587658,4550,4856,Second Sight,2000,"","",17/100,0,0,1,0,1,,7.5,87,tvSeries,Exact (title + year),,,,,,1,TRUE
tt14592684,1904,1912,A Perfect Day for Arsenide,2021,"","",21/100,1,0,0,0,1,,5.3,48,tvSeries,"Fuzzy (title exact, year +-1)",,,,,,1,TRUE
tt14595212,3321,3454,Ryan's World Specials presented by pocket.watch,2019,"","",18/100,0,1,0,0,1,,2.4,47,tvSeries,Exact (title + year),,,,,,1,TRUE
tt14596414,727,730,Mad for Each Other,2021,"",7.9/10,58/100,1,0,0,0,1,7.9,7.9,3789,tvSeries,Exact (title + year),0,8.2,109,-0.299999999999999,3680,1,TRUE
tt14598810,5218,5560,Turning the Tables with Robin Roberts,2021,"","",48/100,0,0,0,1,1,,6.8,104,tvMiniSeries,Exact (title + year),,,,,,1,TRUE
tt1460746,2615,2716,Paradox,2009,16+,7.0/10,56/100,1,1,1,0,1,7,6.9,2111,tvMiniSeries,Exact (title + year),-0.0999999999999996,7,1835,-0.0999999999999996,276,3,FALSE
tt14611486,1585,1591,Creator's File: GOLD,2021,"",6.5/10,40/100,1,0,0,0,1,6.5,7.3,42,tvSeries,Exact (title + year),0.8,7.1,8,0.2,34,1,TRUE
tt1466414,4066,4352,Miami Swat,2009,"",7.5/10,41/100,0,0,1,0,1,7.5,7.7,78,tvSeries,Exact (title + year),0.2,7.5,63,0.2,15,1,TRUE
tt14664414,203,204,Young Royals,2021,"",8.6/10,74/100,1,0,0,0,1,8.6,8.2,52398,tvSeries,Exact (title + year),-0.4,,,,,1,TRUE
tt14668192,625,628,Elite Short Stories: Guzmán Caye Rebe,2021,18+,7.5/10,60/100,1,0,0,0,1,7.5,7.4,2721,tvMiniSeries,Exact (title + year),-0.0999999999999996,7.7,491,-0.3,2230,1,TRUE
tt14671790,796,799,Elite Short Stories: Nadia Guzmán,2021,18+,6.4/10,56/100,1,0,0,0,1,6.4,6.2,2264,tvMiniSeries,Exact (title + year),-0.2,,,,,1,TRUE
tt14675560,522,525,Elite Short Stories: Carla Samuel,2021,18+,7.0/10,63/100,1,0,0,0,1,7,6.8,3345,tvMiniSeries,Exact (title + year),-0.2,7.5,257,-0.7,3088,1,TRUE
tt14676004,685,688,Elite Short Stories: Omar Ander Alexis,2021,18+,7.4/10,59/100,1,0,0,0,1,7.4,7.2,2328,tvMiniSeries,Exact (title + year),-0.2,7.9,314,-0.7,2014,1,TRUE
tt14677850,677,680,Penguin Town,2021,"",8.0/10,59/100,1,0,0,0,1,8,7.9,1147,tvSeries,Exact (title + year),-0.0999999999999996,8.8,56,-0.9,1091,1,TRUE
tt14681678,3871,4139,Chivas: El Rebaño Sagrado,2021,"",7.4/10,48/100,0,0,1,0,1,7.4,7.2,84,tvSeries,Exact (title + year),-0.2,,,,,1,TRUE
tt14681732,328,330,Sophie: A Murder In West Cork,2021,18+,6.9/10,68/100,1,0,0,0,1,6.9,6.8,6719,tvMiniSeries,Exact (title + year),-0.100000000000001,,,,,1,TRUE
tt1468773,2776,2888,Getting On,2009,16+,8.1/10,51/100,0,1,0,0,1,8.1,8.1,1715,tvSeries,Exact (title + year),0,8.1,1193,0,522,1,TRUE
tt14691382,752,755,The World's Most Amazing Vacation Rentals,2021,"",6.6/10,57/100,1,0,0,0,1,6.6,6.8,1743,tvSeries,Exact (title + year),0.2,,,,,1,TRUE
tt1470837,1334,1338,The Garfield Show,2009,all,5.4/10,46/100,1,0,0,0,1,5.4,5.8,4407,tvSeries,"Fuzzy (title exact, year +-1)",0.399999999999999,5.4,2138,0.399999999999999,2269,1,TRUE
tt14719590,602,605,Somos.,2021,18+,7.2/10,61/100,1,0,0,0,1,7.2,7.1,1496,tvMiniSeries,Exact (title + year),-0.100000000000001,,,,,1,TRUE
tt14746934,707,710,The Parisian Agency: Exclusive Properties,2021,"",6.9/10,58/100,1,0,0,0,1,6.9,7.7,1602,tvSeries,"Fuzzy (title exact, year +-1)",0.8,,,,,1,TRUE
tt14747972,1346,1350,Use for My Talent,2021,"","",45/100,1,0,0,0,1,,7.1,668,tvSeries,Exact (title + year),,7.6,53,-0.5,615,1,TRUE
tt1476750,2384,2459,River Monsters,2009,7+,8.1/10,63/100,0,1,1,0,1,8.1,8.2,6516,tvSeries,Exact (title + year),0.0999999999999996,8.1,4673,0.0999999999999996,1843,2,FALSE
tt14770480,1016,1019,We the People,2021,7+,4.5/10,52/100,1,0,0,0,1,4.5,4.2,954,tvSeries,Exact (title + year),-0.3,,,,,1,TRUE
tt1477819,4088,4375,Lunch Monkeys,2009,"",6.4/10,41/100,0,0,1,0,1,6.4,6.4,176,tvSeries,Exact (title + year),0,6.4,145,0,31,1,TRUE
tt1478503,3849,4110,Survive This,2009,7+,6.7/10,49/100,0,0,1,0,1,6.7,6.7,88,tvSeries,Exact (title + year),0,6.6,64,0.100000000000001,24,1,TRUE
tt1480684,2048,2080,The League,2009,18+,8.2/10,78/100,0,1,0,0,1,8.2,8.2,54647,tvSeries,Exact (title + year),0,8.2,44523,0,10124,1,TRUE
tt14811706,5252,5596,Shark Attack Files,2021,16+,"",45/100,0,0,0,1,1,,6.2,49,tvSeries,Exact (title + year),,,,,,1,TRUE
tt14815356,310,312,The Innocent,2021,"",7.9/10,69/100,1,0,0,0,1,7.9,6.9,32,tvMiniSeries,Exact (title + original-language year),-1,,,,,1,TRUE
tt14818454,781,784,Cat People,2021,"",6.3/10,56/100,1,0,0,0,1,6.3,6.6,420,tvSeries,Exact (title + year),0.3,,,,,1,TRUE
tt14821886,801,804,The War Next-door,2021,"",5.7/10,56/100,1,0,0,0,1,5.7,5.7,588,tvSeries,Exact (title + year),0,,,,,1,TRUE
tt14832996,374,376,How to Become a Tyrant,2021,"",7.4/10,67/100,1,0,0,0,1,7.4,7.4,12646,tvMiniSeries,Exact (title + year),0,,,,,1,TRUE
tt14856998,716,719,Elize Matsunaga: Once Upon a Crime,2021,18+,5.8/10,58/100,1,0,0,0,1,5.8,5.9,3044,tvMiniSeries,Exact (title + year),0.100000000000001,,,,,1,TRUE
tt1486217,1977,1993,Archer,2009,18+,8.6/10,86/100,0,1,0,0,1,8.6,8.6,176291,tvSeries,Exact (title + year),0,8.6,140374,0,35917,1,TRUE
tt14865290,445,447,Heist,2021,"",6.8/10,65/100,1,0,0,0,1,6.8,6.8,2237,tvSeries,Exact (title + year),0,,,,,1,TRUE
tt1489097,706,709,WWII in HD,2009,18+,8.7/10,58/100,1,0,0,0,1,8.7,8.6,2597,tvMiniSeries,Exact (title + year),-0.0999999999999996,8.7,2040,-0.0999999999999996,557,1,TRUE
tt1489428,1971,1985,Justified,2010,18+,8.6/10,87/100,0,1,0,0,1,8.6,8.6,131822,tvSeries,Exact (title + year),0,8.6,89011,0,42811,1,TRUE
tt14902484,1058,1061,Too Hot to Handle: Brazil,2021,"",5.5/10,51/100,1,0,0,0,1,5.5,5.3,757,tvSeries,Exact (title + year),-0.2,,,,,1,TRUE
tt14916746,755,758,Sexy Beasts,2021,"",4.7/10,57/100,1,0,0,0,1,4.7,4.7,1393,tvSeries,Exact (title + year),0,,,,,1,TRUE
tt1492088,451,453,Pawn Stars,2009,7+,7.2/10,65/100,1,1,1,0,1,7.2,7.2,19246,tvSeries,Exact (title + year),0,7.2,15585,0,3661,3,FALSE
tt1492090,3073,3201,Planet Sheen,2010,7+,3.0/10,41/100,0,1,0,0,1,3,3,2553,tvSeries,Exact (title + year),0,3,1425,0,1128,1,TRUE
tt1493239,2158,2201,Terriers,2010,18+,8.4/10,72/100,0,1,0,0,1,8.4,8.3,11799,tvSeries,Exact (title + year),-0.0999999999999996,8.4,10299,-0.0999999999999996,1500,1,TRUE
tt14936146,439,441,Masameer County,2021,"",8.3/10,65/100,1,0,0,0,1,8.3,8,2933,tvSeries,Exact (title + year),-0.300000000000001,,,,,1,TRUE
tt1493923,2524,2620,Him & Her,2010,16+,7.8/10,58/100,0,1,0,0,1,7.8,7.8,5228,tvSeries,Exact (title + year),0,7.8,4091,0,1137,1,TRUE
tt14948806,5291,5638,Secrets of the Zoo: Down Under,2020,"","",39/100,0,0,0,1,1,,8.3,94,tvSeries,Exact (title + year),,,,,,1,TRUE
tt14956090,1475,1481,Tattoo Redo,2021,"",5.1/10,43/100,1,0,0,0,1,5.1,5.9,1053,tvSeries,Exact (title + year),0.800000000000001,,,,,1,TRUE
tt1497563,653,656,Hoarders,2009,7+,6.4/10,59/100,1,1,0,0,1,6.4,6.5,4022,tvSeries,Exact (title + year),0.0999999999999996,6.4,2643,0.0999999999999996,1379,2,FALSE
tt1497609,773,776,Vexed,2010,7+,7.3/10,56/100,1,0,0,0,1,7.3,7.2,4111,tvSeries,Exact (title + year),-0.0999999999999996,7.3,3195,-0.0999999999999996,916,1,TRUE
tt14994658,1815,1823,Tian Bao Fuyao Lu,2020,"",7.0/10,34/100,1,0,0,0,1,7,6.7,308,tvSeries,Exact (title + original-language year),-0.3,,,,,1,TRUE
tt1515996,2658,2760,A Certain Scientific Railgun,2009,16+,7.6/10,55/100,0,1,0,0,1,7.6,7.4,2286,tvSeries,Exact (title + year),-0.199999999999999,7.6,1227,-0.199999999999999,1059,1,TRUE
tt1516169,4019,4302,Animal Mechanicals,2008,all,6.3/10,43/100,0,0,1,0,1,6.3,6.2,255,tvSeries,Exact (title + year),-0.0999999999999996,6.3,86,-0.0999999999999996,169,1,TRUE
tt1516172,1768,1776,Bo on the Go!,2007,all,4.0/10,35/100,1,0,0,0,1,4,4.6,227,tvSeries,Exact (title + year),0.6,3.9,102,0.7,125,1,TRUE
tt1516239,2688,2793,Kämpfer,2009,18+,6.2/10,54/100,0,1,0,0,1,6.2,6,563,tvSeries,Exact (title + year),-0.2,6.2,309,-0.2,254,1,TRUE
tt1520211,7,8,The Walking Dead,2010,18+,8.2/10,93/100,1,0,0,0,1,8.2,8.1,1206774,tvSeries,Exact (title + year),-0.0999999999999996,8.2,874835,-0.0999999999999996,331939,1,TRUE
tt1521186,2759,2869,Maison close,2010,18+,6.6/10,52/100,0,1,0,0,1,6.6,6.5,645,tvSeries,Exact (title + year),-0.0999999999999996,6.6,473,-0.0999999999999996,172,1,TRUE
tt15228538,1210,1213,Can You Hear Me?,2019,16+,7.7/10,48/100,1,0,0,0,1,7.7,7.5,15,tvSeries,"Fuzzy (title exact, year +-1)",-0.2,,,,,1,TRUE
tt1524993,1476,1482,Dinosaur King,2007,7+,5.7/10,43/100,1,0,0,0,1,5.7,6.2,1411,tvSeries,Exact (title + year),0.5,5.6,587,0.600000000000001,824,1,TRUE
tt1526318,128,129,Borgen,2010,18+,8.5/10,79/100,1,0,0,0,1,8.5,8.4,32734,tvSeries,Exact (title + year),-0.0999999999999996,8.5,20760,-0.0999999999999996,11974,1,TRUE
tt1528406,2161,2204,Fairy Tail,2009,16+,8.0/10,72/100,0,1,0,0,1,8,7.8,32643,tvSeries,Exact (title + year),-0.2,8,21548,-0.2,11095,1,TRUE
tt1530541,535,538,Offspring,2010,16+,8.3/10,62/100,1,0,0,0,1,8.3,8.3,6118,tvSeries,Exact (title + year),0,8.3,3852,0,2266,1,TRUE
tt1531706,1561,1567,Angelina Ballerina: The Next Steps,2009,all,4.9/10,41/100,1,0,0,0,1,4.9,5,284,tvSeries,"Fuzzy (title exact, year +-1)",0.0999999999999996,5.4,99,-0.4,185,1,TRUE
tt1533435,2263,2320,Miranda,2009,7+,8.2/10,67/100,0,1,0,0,1,8.2,8.2,19111,tvSeries,Exact (title + year),0,8.2,13745,0,5366,1,TRUE
tt1535002,3599,3803,Between Two Ferns with Zach Galifianakis,2008,16+,8.4/10,62/100,0,0,1,0,1,8.4,8.3,10753,tvSeries,Exact (title + year),-0.0999999999999996,8.4,7602,-0.0999999999999996,3151,1,TRUE
tt1535270,4478,4780,Paranormal Egypt,2007,all,3.8/10,25/100,0,0,1,0,1,3.8,4.1,34,tvSeries,Exact (title + year),0.3,3.8,27,0.3,7,1,TRUE
tt15378058,1770,1778,How to Live Mortgage Free with Sarah Beeny,2017,"","",35/100,1,0,0,0,1,,7.8,18,tvSeries,Exact (title + year),,,,,,1,TRUE
tt1538296,3905,4177,Hoarding: Buried Alive,2010,7+,6.6/10,46/100,0,0,1,0,1,6.6,6.6,846,tvSeries,Exact (title + year),0,6.6,691,0,155,1,TRUE
tt1545214,831,834,Kung Fu Panda: Legends of Awesomeness,2011,7+,6.8/10,55/100,1,0,0,0,1,6.8,7,9089,tvSeries,Exact (title + year),0.2,7.1,5519,-0.0999999999999996,3570,1,TRUE
tt1546360,2768,2879,Unusual Suspects,2010,16+,7.6/10,52/100,0,1,0,0,1,7.6,7.5,1058,tvSeries,Exact (title + year),-0.0999999999999996,7.6,793,-0.0999999999999996,265,1,TRUE
tt1548850,2013,2039,Misfits,2009,18+,8.2/10,81/100,0,1,0,0,1,8.2,8.1,113264,tvSeries,Exact (title + year),-0.0999999999999996,8.2,95020,-0.0999999999999996,18244,1,TRUE
tt1551948,3574,3772,Dance Academy,2010,16+,8.1/10,64/100,0,0,1,0,1,8.1,8,5477,tvSeries,Exact (title + year),-0.0999999999999996,8.1,4322,-0.0999999999999996,1155,1,TRUE
tt1552112,2227,2279,The Glades,2010,16+,7.4/10,69/100,0,1,0,0,1,7.4,7.4,16050,tvSeries,Exact (title + year),0,7.5,12086,-0.0999999999999996,3964,1,TRUE
tt1556097,4193,4489,Time Team America,2009,all,6.9/10,38/100,0,0,1,0,1,6.9,6.8,47,tvSeries,Exact (title + year),-0.100000000000001,6.9,32,-0.100000000000001,15,1,TRUE
tt15576176,4811,5130,Behind Bars: The World's Toughest Prisons,2016,"","",10/100,0,0,1,0,1,,7.6,36,tvSeries,Exact (title + year),,,,,,1,TRUE
tt1561755,1986,2005,Bob's Burgers,2011,16+,8.1/10,85/100,0,1,0,0,1,8.1,8.2,103259,tvSeries,Exact (title + year),0.0999999999999996,8.1,68050,0.0999999999999996,35209,1,TRUE
tt1563069,2674,2778,Jersey Shore,2009,16+,3.6/10,54/100,0,1,0,0,1,3.6,4,25304,tvSeries,Exact (title + year),0.4,3.6,22936,0.4,2368,1,TRUE
tt1563280,2650,2752,Disappeared,2009,7+,8.0/10,55/100,0,1,0,0,1,8,8,1540,tvSeries,Exact (title + year),0,8,1004,0,536,1,TRUE
tt1564623,3884,4154,Curiosity,2011,16+,7.8/10,47/100,0,0,1,0,1,7.8,7.7,756,tvSeries,Exact (title + year),-0.0999999999999996,7.8,662,-0.0999999999999996,94,1,TRUE
tt1566154,3782,4030,Teen Mom OG,2009,7+,3.6/10,51/100,0,0,1,0,1,3.6,3.7,4905,tvSeries,Exact (title + year),0.1,3.6,4512,0.1,393,1,TRUE
tt1567432,1984,2002,Teen Wolf,2011,16+,7.6/10,85/100,0,1,1,0,1,7.6,7.7,180696,tvSeries,Exact (title + year),0.100000000000001,7.6,131131,0.100000000000001,49565,2,FALSE
tt1570957,2616,2717,Worst Cooks in America,2010,all,6.4/10,56/100,0,1,0,0,1,6.4,6.3,1970,tvSeries,Exact (title + year),-0.100000000000001,6.4,1210,-0.100000000000001,760,1,TRUE
tt1571313,5160,5495,Pair of Kings,2010,7+,5.8/10,54/100,0,0,0,1,1,5.8,5.9,5315,tvSeries,Exact (title + year),0.100000000000001,5.8,3579,0.100000000000001,1736,1,TRUE
tt1578873,1992,2013,Pretty Little Liars,2010,16+,7.4/10,83/100,0,1,0,0,1,7.4,7.3,189580,tvSeries,Exact (title + year),-0.100000000000001,7.4,154739,-0.100000000000001,34841,1,TRUE
tt1582350,165,166,Episodes,2011,18+,7.8/10,77/100,1,0,0,0,1,7.8,7.8,37853,tvSeries,Exact (title + year),0,7.8,33582,0,4271,1,TRUE
tt1582457,169,170,The Borgias,2011,18+,7.9/10,76/100,1,0,0,0,1,7.9,7.9,56794,tvSeries,Exact (title + year),0,7.9,48840,0,7954,1,TRUE
tt1582459,2392,2468,The Event,2010,16+,7.0/10,62/100,0,1,0,0,1,7,7,27082,tvSeries,Exact (title + year),0,7,25575,0,1507,1,TRUE
tt1584000,556,559,Durarara!!,2010,16+,7.9/10,62/100,1,1,0,0,1,7.9,7.8,8817,tvSeries,Exact (title + year),-0.100000000000001,7.9,6585,-0.100000000000001,2232,2,FALSE
tt1585368,1240,1243,The Mafia Dolls,2009,18+,6.6/10,48/100,1,0,0,0,1,6.6,6.5,477,tvSeries,Exact (title + year),-0.0999999999999996,6.6,239,-0.0999999999999996,238,1,TRUE
tt1586680,13,14,Shameless,2011,18+,8.5/10,90/100,1,1,1,0,1,8.5,8.5,336317,tvSeries,Exact (title + year),0,8.5,211108,0,125209,3,FALSE
tt1587000,313,315,Rake,2010,16+,8.5/10,69/100,1,1,1,0,1,8.5,8.5,9473,tvSeries,Exact (title + year),0,8.5,6751,0,2722,3,FALSE
tt1587669,2188,2237,Body of Proof,2011,16+,7.1/10,70/100,0,1,0,0,1,7.1,7.1,21670,tvSeries,Exact (title + year),0,7.1,15928,0,5742,1,TRUE
tt1587678,112,113,Happy Endings,2011,16+,7.7/10,80/100,1,1,0,0,1,7.7,7.8,41758,tvSeries,Exact (title + year),0.0999999999999996,7.7,34995,0.0999999999999996,6763,2,FALSE
tt1587790,1133,1136,Mobile Suit Gundam Unicorn,2010,16+,7.8/10,50/100,1,0,0,0,1,7.8,7.7,1879,tvMiniSeries,Exact (title + year),-0.0999999999999996,7.8,1087,-0.0999999999999996,792,1,TRUE
tt1587934,2418,2499,American Ninja Warrior,2009,7+,6.8/10,62/100,0,1,0,0,1,6.8,6.8,4860,tvSeries,Exact (title + year),0,6.8,3231,0,1629,1,TRUE
tt1588221,2628,2729,Rev.,2010,16+,7.9/10,56/100,0,1,0,0,1,7.9,7.8,3281,tvSeries,Exact (title + year),-0.100000000000001,7.9,2072,-0.100000000000001,1209,1,TRUE
tt1590961,2318,2380,Breakout Kings,2011,16+,7.3/10,65/100,0,1,0,0,1,7.3,7.2,16982,tvSeries,Exact (title + year),-0.0999999999999996,7.3,14950,-0.0999999999999996,2032,1,TRUE
tt1594381,3746,3986,Team Umizoomi,2010,all,6.0/10,53/100,0,0,1,0,1,6,6.2,1850,tvSeries,Exact (title + year),0.2,6,716,0.2,1134,1,TRUE
tt1595859,2027,2058,Blue Bloods,2010,16+,7.6/10,80/100,0,1,0,0,1,7.6,7.7,54600,tvSeries,Exact (title + year),0.100000000000001,7.6,33555,0.100000000000001,21045,1,TRUE
tt1596559,4796,5115,Best Laid Plans,2010,"","",10/100,0,0,1,0,1,,7.6,31,tvSeries,Exact (title + year),,7,20,0.6,11,1,TRUE
tt1596786,2427,2510,American Pickers,2010,7+,7.0/10,61/100,0,1,0,0,1,7,7.1,9180,tvSeries,Exact (title + year),0.0999999999999996,7,7071,0.0999999999999996,2109,1,TRUE
tt1597420,2408,2486,Melissa & Joey,2010,16+,7.0/10,62/100,0,1,0,0,1,7,7,20550,tvSeries,Exact (title + year),0,7,17852,0,2698,1,TRUE
tt1600757,2741,2846,Kick Buttowski: Suburban Daredevil,2010,7+,6.6/10,53/100,0,1,0,1,1,6.6,6.8,8174,tvSeries,Exact (title + year),0.2,6.6,4043,0.2,4131,2,FALSE
tt1601141,2754,2861,WWE NXT,2010,7+,7.8/10,52/100,0,1,0,0,1,7.8,7.5,2626,tvSeries,Exact (title + year),-0.3,7.8,1798,-0.3,828,1,TRUE
tt16027840,1907,1915,Unlucky Ploy,2020,"","",20/100,1,0,0,0,1,,6.7,29,tvSeries,Exact (title + year),,,,,,1,TRUE
tt1604099,335,337,Victorious,2010,7+,6.9/10,68/100,1,0,0,0,1,6.9,7,34896,tvSeries,Exact (title + year),0.0999999999999996,6.9,21234,0.0999999999999996,13662,1,TRUE
tt1606375,73,74,Downton Abbey,2010,16+,8.7/10,83/100,1,0,1,0,1,8.7,8.7,247843,tvSeries,Exact (title + year),0,8.7,168315,0,79528,2,FALSE
tt1609531,4103,4393,Circus,2010,7+,8.3/10,40/100,0,0,1,0,1,8.3,8.3,131,tvSeries,Exact (title + year),0,8.3,115,0,16,1,TRUE
tt1610527,2035,2067,Workaholics,2011,16+,8.1/10,79/100,0,1,1,0,1,8.1,8.1,59201,tvSeries,Exact (title + year),0,8.1,46954,0,12247,2,FALSE
tt1615325,3260,3392,Los Caballeros Las Prefieren Brutas,2011,"","",28/100,0,1,0,0,1,,7.5,308,tvSeries,"Fuzzy (title exact, year +-1)",,7.6,270,-0.0999999999999996,38,1,TRUE
tt1615919,2058,2091,Raising Hope,2010,16+,8.0/10,78/100,0,1,0,0,1,8,8,43644,tvSeries,Exact (title + year),0,8,35470,0,8174,1,TRUE
tt1626038,5089,5416,The Avengers: Earth's Mightiest Heroes,2010,7+,8.3/10,65/100,0,0,0,1,1,8.3,8.3,18258,tvSeries,Exact (title + year),0,8.3,13472,0,4786,1,TRUE
tt1630574,3577,3777,Breaking In,2011,16+,7.1/10,64/100,0,0,1,0,1,7.1,7.1,7734,tvSeries,Exact (title + year),0,7.1,7286,0,448,1,TRUE
tt16309360,4353,4652,Flying Through Time,2004,all,"",33/100,0,0,1,0,1,,7.9,9,tvSeries,Exact (title + year),,,,,,1,TRUE
tt1632329,3880,4149,The Restoration Man,2010,"",7.8/10,47/100,0,0,1,0,1,7.8,7.9,275,tvSeries,Exact (title + year),0.100000000000001,7.8,207,0.100000000000001,68,1,TRUE
tt1634208,461,463,Maid Sama!,2010,16+,8.0/10,64/100,1,1,0,0,1,8,7.9,11124,tvSeries,Exact (title + year),-0.0999999999999996,8,5725,-0.0999999999999996,5399,2,FALSE
tt1637727,2005,2028,The Killing,2011,18+,8.2/10,82/100,0,1,0,0,1,8.2,8.3,134942,tvSeries,Exact (title + year),0.100000000000001,8.2,101085,0.100000000000001,33857,1,TRUE
tt1639109,489,492,Angel Beats!,2010,16+,7.7/10,63/100,1,0,0,0,1,7.7,7.6,18294,tvSeries,Exact (title + year),-0.100000000000001,7.7,12385,-0.100000000000001,5909,1,TRUE
tt1642494,4025,4308,Joanna Lumley's Nile,2010,"",8.1/10,43/100,0,0,1,0,1,8.1,8,310,tvSeries,Exact (title + original-language year),-0.0999999999999996,8.1,183,-0.0999999999999996,127,1,TRUE
tt1643266,356,358,Ancient Aliens,2010,7+,7.2/10,67/100,1,1,1,0,1,7.2,7,13610,tvSeries,"Fuzzy (title exact, year +-1)",-0.2,7.2,9988,-0.2,3622,3,FALSE
tt1648934,3190,3321,Missing,2010,"",7.3/10,35/100,0,1,1,0,1,7.3,6.9,180,tvSeries,Exact (title + year),-0.399999999999999,7.3,120,-0.399999999999999,60,2,FALSE
tt1652216,2354,2424,DCI Banks,2011,16+,7.6/10,64/100,0,1,0,0,1,7.6,7.7,10437,tvSeries,"Fuzzy (title exact, year +-1)",0.100000000000001,7.6,6153,0.100000000000001,4284,1,TRUE
tt1655610,2821,2935,Baka and Test: Summon the Beasts,2010,7+,7.3/10,50/100,0,1,0,0,1,7.3,7.1,1667,tvSeries,Exact (title + year),-0.2,7.3,1196,-0.2,471,1,TRUE
tt1660055,392,394,Scooby-Doo! Mystery Incorporated,2010,7+,8.0/10,66/100,1,0,0,0,1,8,8.2,23094,tvSeries,Exact (title + year),0.199999999999999,8,9570,0.199999999999999,13524,1,TRUE
tt1661326,5140,5473,Shake It Up,2010,all,4.9/10,57/100,0,0,0,1,1,4.9,5.1,15982,tvSeries,Exact (title + year),0.199999999999999,4.9,11793,0.199999999999999,4189,1,TRUE
tt16636174,3299,3432,Unusual Suspects: Deadly Intent,2017,"","",21/100,0,1,0,0,1,,7.6,61,tvSeries,Exact (title + year),,,,,,1,TRUE
tt1663641,2326,2391,Face Off,2011,7+,8.2/10,65/100,0,1,0,0,1,8.2,8.2,7705,tvSeries,Exact (title + year),0,8.2,6149,0,1556,1,TRUE
tt1663676,2057,2090,Awkward.,2011,16+,7.5/10,78/100,0,1,0,0,1,7.5,7.5,46969,tvSeries,Exact (title + year),0,7.5,42936,0,4033,1,TRUE
tt1673441,2467,2556,Dual Survival,2010,16+,7.5/10,60/100,0,1,0,0,1,7.5,7.4,3554,tvSeries,Exact (title + year),-0.0999999999999996,7.5,2979,-0.0999999999999996,575,1,TRUE
tt1674117,4000,4283,Hero: 108,2010,all,5.7/10,44/100,0,0,1,0,1,5.7,6,1261,tvSeries,Exact (title + original-language year),0.3,5.7,847,0.3,414,1,TRUE
tt1676462,2364,2435,Prisoners of War,2010,"",8.4/10,63/100,0,1,0,0,1,8.4,8.3,2971,tvSeries,"Fuzzy (title exact, year +-1)",-0.0999999999999996,8.4,2184,-0.0999999999999996,787,1,TRUE
tt1682704,1821,1829,The Ultimatum,2009,"",5.4/10,33/100,1,0,0,0,1,5.4,5.4,13,tvSeries,Exact (title + year),0,5.4,5,0,8,1,TRUE
tt1684397,4097,4386,Confessions: Animal Hoarding,2010,"",7.0/10,40/100,0,0,1,0,1,7,6.6,113,tvSeries,Exact (title + year),-0.4,7,94,-0.4,19,1,TRUE
tt1685401,2387,2462,Highschool of the Dead,2010,18+,7.2/10,63/100,0,1,0,0,1,7.2,7.1,18522,tvSeries,Exact (title + year),-0.100000000000001,7.2,11449,-0.100000000000001,7073,1,TRUE
tt1688612,3963,4241,The Bay,2010,"",7.3/10,45/100,0,0,1,0,1,7.3,7.2,5580,tvSeries,Exact (title + year),-0.0999999999999996,7.3,558,-0.0999999999999996,5022,1,TRUE
tt1688779,2605,2706,"Drugs, Inc.",2010,16+,7.8/10,56/100,0,1,0,0,1,7.8,7.8,1503,tvSeries,Exact (title + year),0,7.8,1276,0,227,1,TRUE
tt1691307,4431,4732,Mario Lopez: Saved By the Baby,2010,"",5.5/10,29/100,0,0,1,0,1,5.5,5.3,28,tvSeries,Exact (title + year),-0.2,5.5,20,-0.2,8,1,TRUE
tt1695360,68,69,The Legend of Korra,2012,7+,8.4/10,83/100,1,0,0,0,1,8.4,8.3,153228,tvSeries,Exact (title + year),-0.0999999999999996,8.4,108012,-0.0999999999999996,45216,1,TRUE
tt1695583,3861,4127,Laid,2011,"",7.4/10,48/100,0,0,1,0,1,7.4,7.2,677,tvSeries,Exact (title + year),-0.2,7.4,516,-0.2,161,1,TRUE
tt1699440,1247,1250,The Cat in the Hat Knows a Lot About That!,2010,all,6.5/10,47/100,1,0,1,0,1,6.5,6.5,915,tvSeries,Exact (title + year),0,6.5,467,0,448,2,FALSE
tt17005906,4666,4982,Oh My General,2017,"","",13/100,0,0,1,0,1,,7.7,79,tvSeries,Exact (title + year),,,,,,1,TRUE
tt1703874,3688,3918,Criminal Minds: Suspect Behavior,2011,16+,6.3/10,56/100,0,0,1,0,1,6.3,6.2,6257,tvSeries,Exact (title + year),-0.0999999999999996,6.3,4857,-0.0999999999999996,1400,1,TRUE
tt1703925,2110,2147,Wilfred,2011,18+,7.8/10,74/100,0,1,0,0,1,7.8,7.8,45755,tvSeries,Exact (title + year),0,7.8,40422,0,5333,1,TRUE
tt1704637,546,549,La Reina del Sur,2011,18+,8.0/10,62/100,1,0,0,0,1,8,7.8,3925,tvSeries,Exact (title + year),-0.2,8,2153,-0.2,1772,1,TRUE
tt1707374,2667,2770,Beyond Scared Straight,2011,18+,7.3/10,55/100,0,1,0,0,1,7.3,7.2,1337,tvSeries,Exact (title + year),-0.0999999999999996,7.3,1060,-0.0999999999999996,277,1,TRUE
tt1710177,1519,1525,The Octonauts,2010,all,6.4/10,42/100,1,0,0,0,1,6.4,7.5,2173,tvSeries,Exact (title + year),1.1,7.6,854,-0.0999999999999996,1319,1,TRUE
tt1710295,2712,2817,Doc McStuffins,2012,all,6.6/10,53/100,0,1,0,1,1,6.6,6.5,3705,tvSeries,Exact (title + original-language year),-0.0999999999999996,6.6,1979,-0.0999999999999996,1726,2,FALSE
tt1710308,2096,2133,Regular Show,2010,7+,8.4/10,75/100,0,1,0,0,1,8.4,8.6,75905,tvSeries,Exact (title + year),0.199999999999999,8.4,31976,0.199999999999999,43929,1,TRUE
tt1714810,3080,3209,The Young Turks,2005,16+,5.3/10,40/100,0,1,1,0,1,5.3,5.3,2319,tvSeries,Exact (title + year),0,5.3,1763,0,556,2,FALSE
tt1715081,2910,3033,Psychic Detective Yakumo,2010,16+,6.7/10,47/100,0,1,0,0,1,6.7,6.6,418,tvSeries,Exact (title + year),-0.100000000000001,6.7,278,-0.100000000000001,140,1,TRUE
tt1715134,4144,4438,The Hive,2010,all,6.6/10,39/100,0,0,1,0,1,6.6,6.4,212,tvSeries,Exact (title + year),-0.199999999999999,6.6,119,-0.199999999999999,93,1,TRUE
tt1715332,3886,4156,JourneyQuest,2010,"",8.0/10,47/100,0,0,1,0,1,8,7.8,769,tvSeries,Exact (title + year),-0.2,8,699,-0.2,70,1,TRUE
tt1715368,4009,4292,The Annoying Orange,2009,7+,"",43/100,0,0,1,0,1,,3.1,2462,tvSeries,Exact (title + year),,2.9,1732,0.2,730,1,TRUE
tt1719837,1141,1144,Hardy Bucks,2010,7+,8.3/10,50/100,1,0,0,0,1,8.3,8.3,1165,tvSeries,Exact (title + year),0,8.3,753,0,412,1,TRUE
tt1720601,2454,2541,The Real Housewives of Beverly Hills,2010,16+,5.1/10,60/100,0,1,0,0,1,5.1,5.7,8418,tvSeries,Exact (title + year),0.600000000000001,5,5153,0.7,3265,1,TRUE
tt1720619,3609,3816,Neverland,2011,7+,6.4/10,62/100,0,0,1,0,1,6.4,6.3,10770,tvMiniSeries,Exact (title + year),-0.100000000000001,6.4,9983,-0.100000000000001,787,1,TRUE
tt1721666,2816,2928,Sister Wives,2010,16+,4.4/10,50/100,0,1,0,0,1,4.4,4.6,3332,tvSeries,Exact (title + year),0.199999999999999,4.4,2192,0.199999999999999,1140,1,TRUE
tt1722512,5091,5418,Marvel's Ultimate Spider-Man,2012,7+,7.2/10,65/100,0,0,0,1,1,7.2,7.2,16865,tvSeries,"Fuzzy (prefix stripped, exact year)",0,7.2,10701,0,6164,1,TRUE
tt1725902,5190,5530,Fish Hooks,2010,all,4.8/10,51/100,0,0,0,1,1,4.8,5.1,4752,tvSeries,Exact (title + year),0.3,4.7,3192,0.399999999999999,1560,1,TRUE
tt1726576,3689,3919,Whites,2010,18+,7.6/10,56/100,0,0,1,0,1,7.6,7.3,2926,tvSeries,Exact (title + year),-0.3,7.6,1584,-0.3,1342,1,TRUE
tt1727434,726,729,My Babysitter's a Vampire,2011,7+,7.1/10,58/100,1,0,0,0,1,7.1,7.1,6149,tvSeries,Exact (title + year),0,7,3884,0.0999999999999996,2265,1,TRUE
tt1730842,3009,3136,El Fantasma de Elena,2010,16+,7.4/10,43/100,0,1,0,0,1,7.4,6.8,170,tvSeries,Exact (title + original-language year),-0.600000000000001,7.4,113,-0.600000000000001,57,1,TRUE
tt1731708,4048,4332,Angel's Friends,2009,"",7.4/10,42/100,0,0,1,0,1,7.4,7.4,604,tvSeries,Exact (title + year),0,7.4,239,0,365,1,TRUE
tt1731860,3242,3374,La Diosa Coronada,2010,7+,7.3/10,31/100,0,1,0,0,1,7.3,7.4,33,tvSeries,Exact (title + year),0.100000000000001,7.3,19,0.100000000000001,14,1,TRUE
tt1734135,307,309,Trollhunters: Tales of Arcadia,2016,7+,8.4/10,69/100,1,0,0,0,1,8.4,8.4,22463,tvSeries,Exact (title + year),0,8.5,14076,-0.0999999999999996,8387,1,TRUE
tt1737565,2937,3060,The Only Way Is Essex,2010,16+,3.1/10,46/100,0,1,0,0,1,3.1,3.2,2406,tvSeries,Exact (title + year),0.1,3.1,2114,0.1,292,1,TRUE
tt1738340,3941,4217,Women in Love,2011,"",6.1/10,45/100,0,0,1,0,1,6.1,6.2,654,tvMiniSeries,Exact (title + year),0.100000000000001,6.1,476,0.100000000000001,178,1,TRUE
tt1739432,4473,4775,Ghost Cases,2010,"",5.2/10,26/100,0,0,1,0,1,5.2,5.5,18,tvSeries,"Fuzzy (title exact, year +-1)",0.3,5.2,14,0.3,4,1,TRUE
tt1740299,3466,3614,The Man in the High Castle,2015,18+,8.0/10,83/100,0,0,1,0,1,8,7.9,125546,tvSeries,Exact (title + year),-0.0999999999999996,8,90574,-0.0999999999999996,34972,1,TRUE
tt1743880,2803,2915,Napoleon Dynamite,2012,7+,6.4/10,51/100,0,1,0,0,1,6.4,6.5,3403,tvSeries,Exact (title + year),0.0999999999999996,6.4,2886,0.0999999999999996,517,1,TRUE
tt1745240,2553,2650,Kimi ni Todoke: From Me to You,2009,all,7.8/10,58/100,0,1,0,0,1,7.8,7.8,8690,tvSeries,Exact (title + year),0,7.8,3182,0,5508,1,TRUE
tt1747551,2703,2808,Swamp People,2010,7+,6.2/10,54/100,0,1,1,0,1,6.2,6.2,2835,tvSeries,Exact (title + year),0,6.2,2179,0,656,2,FALSE
tt1748418,2966,3091,Alguien Te Mira,2010,7+,7.4/10,45/100,0,1,0,0,1,7.4,7.5,224,tvSeries,Exact (title + year),0.0999999999999996,7.4,142,0.0999999999999996,82,1,TRUE
tt1750269,2739,2844,James May's Man Lab,2010,"",7.8/10,53/100,0,1,1,0,1,7.8,7.8,1088,tvSeries,Exact (title + year),0,7.8,946,0,142,2,FALSE
tt1751105,330,332,My Little Pony: Friendship Is Magic,2010,7+,7.6/10,68/100,1,1,0,0,1,7.6,7.8,26371,tvSeries,Exact (title + year),0.2,7.6,19311,0.2,7060,2,FALSE
tt1751305,2733,2838,Oreimo,2010,16+,6.4/10,53/100,0,1,0,0,1,6.4,6.3,2074,tvSeries,Exact (title + year),-0.100000000000001,6.4,1279,-0.100000000000001,795,1,TRUE
tt1757202,778,781,Iris,2009,"",7.9/10,56/100,1,0,0,0,1,7.9,7.7,2750,tvSeries,Exact (title + year),-0.2,7.9,1767,-0.2,983,1,TRUE
tt1758589,415,417,Dash & Lily,2020,7+,8.0/10,65/100,1,0,0,0,1,8,7.4,25910,tvMiniSeries,Exact (title + year),-0.6,7.5,12303,-0.0999999999999996,13607,1,TRUE
tt1758772,2099,2136,Switched at Birth,2011,16+,7.7/10,75/100,0,1,0,0,1,7.7,7.7,27257,tvSeries,Exact (title + year),0,7.7,23680,0,3577,1,TRUE
tt1760943,3992,4274,Charlie's Angels,2011,16+,4.4/10,44/100,1,0,1,0,1,4.4,4.4,4594,tvSeries,Exact (title + year),0,4.4,4062,0,532,2,FALSE
tt1761811,3902,4174,Pound Puppies,2010,all,6.3/10,47/100,0,0,1,0,1,6.3,6.3,711,tvSeries,Exact (title + year),0,6.3,355,0,356,1,TRUE
tt1763482,4957,5276,Eat Yourself Sexy,2009,"","",10/100,0,0,1,0,1,,5.5,20,tvSeries,Exact (title + year),,4.7,11,0.8,9,1,TRUE
tt1765622,5130,5463,Kickin' It,2011,all,6.5/10,58/100,0,0,0,1,1,6.5,6.6,7858,tvSeries,Exact (title + year),0.0999999999999996,6.5,4931,0.0999999999999996,2927,1,TRUE
tt1769803,5245,5589,Great Migrations,2010,all,8.1/10,46/100,0,0,0,1,1,8.1,8,940,tvMiniSeries,Exact (title + year),-0.0999999999999996,8.1,763,-0.0999999999999996,177,1,TRUE
tt1771742,2563,2661,Restaurant: Impossible,2011,all,6.9/10,57/100,0,1,0,0,1,6.9,6.8,2370,tvSeries,Exact (title + year),-0.100000000000001,6.9,1781,-0.100000000000001,589,1,TRUE
tt1772281,3692,3923,How the States Got Their Shapes,2010,7+,8.1/10,56/100,0,0,1,0,1,8.1,8.2,793,tvSeries,"Fuzzy (title exact, year +-1)",0.0999999999999996,8.1,605,0.0999999999999996,188,1,TRUE
tt1772379,2341,2408,The Fades,2011,18+,7.7/10,64/100,0,1,0,0,1,7.7,7.5,7393,tvMiniSeries,Exact (title + year),-0.2,7.7,6306,-0.2,1087,1,TRUE
tt1772752,5177,5517,A.N.T. Farm,2011,all,5.1/10,52/100,0,0,0,1,1,5.1,5.3,8952,tvSeries,Exact (title + year),0.2,5.1,6228,0.2,2724,1,TRUE
tt1773182,2625,2726,Love It or List It,2008,all,6.3/10,56/100,0,1,0,0,1,6.3,6.6,2896,tvSeries,Exact (title + year),0.3,6.3,1941,0.3,955,1,TRUE
tt1773185,438,440,Puella Magi Madoka Magica,2011,16+,8.3/10,65/100,1,1,0,0,1,8.3,8.2,14499,tvMiniSeries,Exact (title + year),-0.100000000000001,8.3,7879,-0.100000000000001,6620,2,FALSE
tt1776394,3153,3284,Bloomberg Game Changers,2010,"",7.8/10,38/100,0,1,0,0,1,7.8,7.7,80,tvSeries,Exact (title + year),-0.0999999999999996,7.8,64,-0.0999999999999996,16,1,TRUE
tt1780262,2793,2905,Is This a Zombie?,2011,18+,7.1/10,51/100,0,1,0,0,1,7.1,6.8,2235,tvSeries,Exact (title + year),-0.3,7.1,1532,-0.3,703,1,TRUE
tt1781834,3178,3309,Hot Package,2013,18+,6.3/10,36/100,0,1,0,0,1,6.3,6.3,191,tvSeries,Exact (title + year),0,6.4,153,-0.100000000000001,38,1,TRUE
tt1782352,2513,2607,Upstairs Downstairs,2010,7+,7.4/10,59/100,0,1,0,0,1,7.4,7.4,7660,tvSeries,Exact (title + year),0,7.4,5651,0,2009,1,TRUE
tt1785123,2577,2675,Storage Wars,2010,7+,6.3/10,57/100,0,1,1,0,1,6.3,6.3,11141,tvSeries,Exact (title + year),0,6.3,8991,0,2150,2,FALSE
tt1786276,4370,4669,The Suspects: True Australian Thrillers,2010,16+,7.9/10,32/100,0,0,1,0,1,7.9,7.4,20,tvSeries,Exact (title + year),-0.5,7.9,16,-0.5,4,1,TRUE
tt1787439,3971,4250,Rob the Robot,2010,all,7.8/10,44/100,0,0,1,0,1,7.8,7,116,tvSeries,Exact (title + year),-0.8,7.7,45,-0.7,71,1,TRUE
tt1794595,1664,1670,The Jungle Book,2010,all,4.2/10,39/100,1,0,0,1,1,4.2,4.8,247,tvSeries,Exact (title + year),0.6,4.2,119,0.6,128,2,FALSE
tt1796785,4522,4826,Brooklyn Kinda Love,2011,"","",19/100,0,0,1,0,1,,6.2,21,tvSeries,Exact (title + year),,5.3,17,0.9,4,1,TRUE
tt1796960,1965,1977,Homeland,2011,18+,8.3/10,89/100,0,1,0,0,1,8.3,8.3,386754,tvSeries,Exact (title + year),0,8.3,320267,0,66487,1,TRUE
tt1799631,560,563,Blue Exorcist,2011,16+,7.4/10,62/100,1,1,0,0,1,7.4,7.4,17281,tvSeries,Exact (title + year),0,7.5,11498,-0.0999999999999996,5783,2,FALSE
tt1799834,2915,3038,Fugget About It,2012,18+,6.0/10,47/100,0,1,0,0,1,6,6.9,1913,tvSeries,Exact (title + year),0.9,6,1036,0.9,877,1,TRUE
tt1800864,2429,2512,Gold Rush,2010,7+,7.3/10,61/100,0,1,0,0,1,7.3,7.3,6151,tvSeries,Exact (title + year),0,7.3,4345,0,1806,1,TRUE
tt1807106,3382,3515,Aurora,2010,"","",14/100,1,1,0,0,1,,6.7,258,tvSeries,Exact (title + year),,7,183,-0.3,75,2,FALSE
tt1807824,799,802,Wakfu,2008,7+,8.2/10,56/100,1,0,0,0,1,8.2,8.2,2731,tvSeries,"Fuzzy (title exact, year +-1)",0,8.2,1263,0,1468,1,TRUE
tt1807859,3668,3896,Wild Kratts,2011,all,7.7/10,57/100,0,0,1,0,1,7.7,7.7,3339,tvSeries,Exact (title + year),0,7.7,1203,0,2136,1,TRUE
tt1812523,5098,5426,TRON: Uprising,2012,7+,8.2/10,64/100,0,0,0,1,1,8.2,8.1,10310,tvSeries,Exact (title + year),-0.0999999999999996,8.2,7821,-0.0999999999999996,2489,1,TRUE
tt1816839,2980,3105,I Love Jenni,2011,7+,8.3/10,45/100,0,1,0,0,1,8.3,6.6,124,tvSeries,Exact (title + year),-1.7,8.4,92,-1.8,32,1,TRUE
tt1819509,2121,2159,Don't Trust the B---- in Apartment 23,2012,16+,7.3/10,74/100,0,1,0,0,1,7.3,7.3,42871,tvSeries,Exact (title + year),0,7.3,34964,0,7907,1,TRUE
tt1820742,3573,3771,A Gifted Man,2011,7+,7.0/10,64/100,0,0,1,0,1,7,7.1,7847,tvSeries,Exact (title + year),0.0999999999999996,7,7318,0.0999999999999996,529,1,TRUE
tt1821220,861,864,Teen Mom 2,2011,7+,4.3/10,55/100,1,0,1,0,1,4.3,4.5,2467,tvSeries,Exact (title + year),0.2,4.3,2134,0.2,333,2,FALSE
tt1821681,2203,2253,Touch,2012,16+,7.3/10,70/100,0,1,1,0,1,7.3,7.3,44018,tvSeries,Exact (title + year),0,7.3,41835,0,2183,2,FALSE
tt1821820,3707,3940,Edwardian Farm,2010,"",8.8/10,55/100,0,0,1,0,1,8.8,8.8,667,tvSeries,Exact (title + year),0,8.8,399,0,268,1,TRUE
tt1822448,2736,2841,Bedlam,2011,16+,6.6/10,53/100,0,1,0,0,1,6.6,6.4,2636,tvSeries,Exact (title + year),-0.199999999999999,6.6,2165,-0.199999999999999,471,1,TRUE
tt1823963,4282,4578,Mary Portas: Secret Shopper,2011,"",6.7/10,35/100,0,0,1,0,1,6.7,6.8,91,tvSeries,Exact (title + year),0.0999999999999996,6.7,78,0.0999999999999996,13,1,TRUE
tt1826940,52,53,New Girl,2011,16+,7.7/10,85/100,1,0,0,0,1,7.7,7.8,264895,tvSeries,Exact (title + year),0.0999999999999996,7.7,198083,0.0999999999999996,66812,1,TRUE
tt1828238,2804,2916,Man Up!,2011,7+,6.6/10,51/100,0,1,0,0,1,6.6,6.6,2719,tvSeries,Exact (title + year),0,6.6,2567,0,152,1,TRUE
tt1828327,2187,2236,Last Man Standing,2011,7+,7.5/10,70/100,0,1,0,0,1,7.5,7.5,40567,tvSeries,Exact (title + year),0,7.5,30503,0,10064,1,TRUE
tt1829850,3820,4074,Becoming Human,2011,16+,7.4/10,50/100,0,0,1,0,1,7.4,7.5,376,tvSeries,Exact (title + year),0.0999999999999996,7.4,303,0.0999999999999996,73,1,TRUE
tt1829880,3234,3366,CNBC Titans,2010,all,8.2/10,31/100,0,1,0,0,1,8.2,8.2,12,tvSeries,Exact (title + year),0,8.2,8,0,4,1,TRUE
tt1830379,157,158,Top Boy,2011,18+,8.4/10,77/100,1,0,0,0,1,8.4,8.4,49367,tvSeries,Exact (title + year),0,8.4,14419,0,34948,1,TRUE
tt1830491,5127,5459,Austin & Ally,2011,all,6.0/10,59/100,0,0,0,1,1,6,6.1,15119,tvSeries,Exact (title + year),0.0999999999999996,6,9845,0.0999999999999996,5274,1,TRUE
tt1830617,3467,3615,Grimm,2011,16+,7.8/10,83/100,0,0,1,0,1,7.8,7.9,141663,tvSeries,Exact (title + year),0.100000000000001,7.8,110846,0.100000000000001,30817,1,TRUE
tt1831164,201,202,Leyla ile Mecnun,2011,7+,9.1/10,74/100,1,0,0,0,1,9.1,9,103856,tvSeries,Exact (title + original-language year),-0.0999999999999996,9.1,90194,-0.0999999999999996,13662,1,TRUE
tt1831575,3638,3857,Appropriate Adult,2011,18+,7.5/10,59/100,0,0,1,0,1,7.5,7.3,5478,tvMiniSeries,Exact (title + year),-0.2,7.5,3096,-0.2,2382,1,TRUE
tt1832668,3564,3757,How the Universe Works,2010,7+,8.9/10,66/100,0,0,1,0,1,8.9,8.9,7705,tvSeries,Exact (title + year),0,8.9,6180,0,1525,1,TRUE
tt1833397,4434,4735,Innovation Nation,2011,"",7.1/10,29/100,0,0,1,0,1,7.1,7.6,16,tvSeries,Exact (title + year),0.5,7.1,11,0.5,5,1,TRUE
tt1833403,5189,5529,Jake and the Never Land Pirates,2011,all,5.6/10,51/100,0,0,0,1,1,5.6,5.8,2985,tvSeries,Exact (title + original-language year),0.2,5.6,1418,0.2,1567,1,TRUE
tt1833426,4556,4862,Mickey's Farm,2009,"","",17/100,0,0,1,0,1,,6.5,38,tvSeries,Exact (title + year),,5.4,24,1.1,14,1,TRUE
tt1836037,111,112,Longmire,2012,16+,8.3/10,80/100,1,0,0,0,1,8.3,8.3,44114,tvSeries,Exact (title + year),0,8.3,30203,0,13911,1,TRUE
tt1837492,124,125,13 Reasons Why,2017,18+,7.6/10,79/100,1,0,0,0,1,7.6,7.4,341840,tvSeries,Exact (title + year),-0.199999999999999,7.6,262804,-0.199999999999999,79036,1,TRUE
tt1837576,2055,2088,Scandal,2012,16+,7.7/10,78/100,0,1,0,0,1,7.7,7.7,84725,tvSeries,Exact (title + year),0,7.7,68230,0,16495,1,TRUE
tt1837642,2033,2065,Revenge,2011,18+,7.8/10,79/100,0,1,0,0,1,7.8,7.8,129956,tvSeries,Exact (title + year),0,7.8,114147,0,15809,1,TRUE
tt1839337,2425,2508,The Voice,2011,7+,6.5/10,61/100,0,1,0,0,1,6.5,6.5,14117,tvSeries,Exact (title + year),0,6.5,11700,0,2417,1,TRUE
tt1841171,1800,1808,KO One,2005,7+,5.4/10,34/100,1,0,0,0,1,5.4,5.7,126,tvSeries,Exact (title + year),0.3,5.5,73,0.2,53,1,TRUE
tt1843230,5062,5383,Once Upon a Time,2011,7+,7.7/10,83/100,0,0,0,1,1,7.7,7.6,248835,tvSeries,Exact (title + year),-0.100000000000001,7.7,211281,-0.100000000000001,37554,1,TRUE
tt1843678,2319,2382,Scott & Bailey,2011,7+,8.0/10,65/100,0,1,0,0,1,8,8,12460,tvSeries,Exact (title + year),0,8,7191,0,5269,1,TRUE
tt1843894,3827,4082,On Death Row,2012,16+,8.0/10,50/100,0,0,1,0,1,8,7.9,1432,tvSeries,Exact (title + year),-0.0999999999999996,8,1113,-0.0999999999999996,319,1,TRUE
tt1844624,37,38,American Horror Story,2011,18+,8.0/10,86/100,1,1,1,0,1,8,7.9,363170,tvSeries,Exact (title + year),-0.0999999999999996,8,282595,-0.0999999999999996,80575,3,FALSE
tt1844862,4351,4650,American Treasures,2010,"",7.0/10,33/100,0,0,1,0,1,7,6.5,20,tvSeries,Exact (title + year),-0.5,7,12,-0.5,8,1,TRUE
tt1844923,2256,2312,Friday Night Dinner,2011,18+,8.1/10,68/100,0,1,0,0,1,8.1,8.2,26321,tvSeries,Exact (title + year),0.0999999999999996,8.1,15517,0.0999999999999996,10804,1,TRUE
tt1846093,4732,5048,Hardly Working,2008,"","",13/100,0,0,1,0,1,,7.6,253,tvSeries,"Fuzzy (title exact, year +-1)",,7.6,216,0,37,1,TRUE
tt1847521,1076,1079,Wolverine,2011,16+,6.3/10,51/100,1,0,0,0,1,6.3,6.1,1960,tvMiniSeries,Exact (title + year),-0.2,6.4,1270,-0.300000000000001,690,1,TRUE
tt1849622,2761,2872,Tanked,2011,7+,6.6/10,52/100,0,1,0,0,1,6.6,6.5,2168,tvSeries,Exact (title + year),-0.0999999999999996,6.6,1609,-0.0999999999999996,559,1,TRUE
tt1853955,4032,4316,Ella the Elephant,2013,"","",43/100,0,0,1,0,1,,6.8,70,tvSeries,"Fuzzy (title exact, year +-1)",,5.9,42,0.9,28,1,TRUE
tt1856010,27,28,House of Cards,2013,18+,8.7/10,88/100,1,0,0,0,1,8.7,8.6,561634,tvSeries,Exact (title + year),-0.0999999999999996,8.7,473776,-0.0999999999999996,87858,1,TRUE
tt1859792,3268,3400,Four of a Kind,2011,"",5.2/10,28/100,0,1,0,0,1,5.2,5.8,16,tvSeries,Exact (title + year),0.6,5.2,10,0.6,6,1,TRUE
tt1865572,4008,4291,Wild Boys,2011,7+,6.9/10,43/100,0,0,1,0,1,6.9,6.8,546,tvSeries,Exact (title + year),-0.100000000000001,6.9,429,-0.100000000000001,117,1,TRUE
tt1865718,1966,1978,Gravity Falls,2012,7+,8.9/10,88/100,0,1,0,1,1,8.9,8.9,182508,tvSeries,Exact (title + year),0,8.9,79590,0,102918,2,FALSE
tt1865740,485,488,Ink Master,2012,16+,7.4/10,63/100,1,0,0,0,1,7.4,7.4,5391,tvSeries,Exact (title + year),0,7.4,3314,0,2077,1,TRUE
tt1865769,5109,5438,Jessie,2011,all,6.0/10,61/100,0,0,0,1,1,6,6.2,22340,tvSeries,Exact (title + year),0.2,6,13372,0.2,8968,1,TRUE
tt1869152,3706,3939,Titanic,2012,16+,6.0/10,55/100,0,0,1,0,1,6,6.1,3837,tvMiniSeries,Exact (title + year),0.0999999999999996,6,3087,0.0999999999999996,750,1,TRUE
tt1869454,3465,3612,Good Omens,2019,18+,8.1/10,83/100,0,0,1,0,1,8.1,8,126822,tvSeries,Exact (title + year),-0.0999999999999996,8.1,63715,-0.0999999999999996,63107,1,TRUE
tt1870073,1644,1650,Justin Time,2011,all,6.7/10,39/100,1,0,0,0,1,6.7,6.8,308,tvSeries,Exact (title + year),0.0999999999999996,6.7,182,0.0999999999999996,126,1,TRUE
tt1870946,3801,4053,Oddities,2010,7+,8.0/10,51/100,0,0,1,0,1,8,7.9,763,tvSeries,Exact (title + year),-0.0999999999999996,8,645,-0.0999999999999996,118,1,TRUE
tt1875337,4105,4395,Geronimo Stilton,2009,all,6.8/10,40/100,0,0,1,0,1,6.8,6.9,722,tvSeries,Exact (title + year),0.100000000000001,6.8,224,0.100000000000001,498,1,TRUE
tt1877010,2591,2690,Alaska: The Last Frontier,2011,16+,7.7/10,57/100,0,1,0,0,1,7.7,7.6,1857,tvSeries,Exact (title + year),-0.100000000000001,7.7,1508,-0.100000000000001,349,1,TRUE
tt1877368,277,279,The Great British Bake Off,2010,7+,8.5/10,70/100,1,0,0,0,1,8.5,8.6,15923,tvSeries,Exact (title + original-language year),0.0999999999999996,8.5,7615,0.0999999999999996,8308,1,TRUE
tt1877889,2361,2431,Teenage Mutant Ninja Turtles,2012,7+,7.8/10,64/100,0,1,0,0,1,7.8,7.9,18493,tvSeries,Exact (title + year),0.100000000000001,7.8,8819,0.100000000000001,9674,1,TRUE
tt1877895,1756,1764,Daughters of Destiny,2017,"","",36/100,1,0,0,0,1,,8.6,1082,tvMiniSeries,Exact (title + year),,8.6,805,0,277,1,TRUE
tt1887491,5283,5630,Take Two with Phineas and Ferb,2010,7+,6.5/10,41/100,0,0,0,1,1,6.5,6.1,508,tvSeries,Exact (title + year),-0.4,6.5,269,-0.4,239,1,TRUE
tt1889810,4745,5062,Fred Dinenage Murder Casebook,2010,"","",13/100,0,0,1,0,1,,8.1,160,tvSeries,"Fuzzy (title exact, year +-1)",,8.2,100,-0.0999999999999996,60,1,TRUE
tt1890725,2767,2878,Blood-C,2011,18+,6.3/10,52/100,0,1,0,0,1,6.3,6.2,2681,tvSeries,Exact (title + year),-0.0999999999999996,6.3,1269,-0.0999999999999996,1412,1,TRUE
tt1895656,3271,3403,Amar y Temer,2011,"","",26/100,0,1,0,0,1,,8.6,38,tvSeries,Exact (title + year),,8.4,23,0.199999999999999,15,1,TRUE
tt1910645,723,726,The Woods,2020,18+,6.5/10,58/100,1,0,0,0,1,6.5,6.5,9508,tvMiniSeries,Exact (title + year),0,6.5,4525,0,4983,1,TRUE
tt1913273,369,371,Anohana: The Flower We Saw That Day,2011,16+,8.2/10,67/100,1,0,0,0,1,8.2,8.1,18793,tvMiniSeries,Exact (title + year),-0.0999999999999996,8.2,10611,-0.0999999999999996,8182,1,TRUE
tt1920029,3143,3274,Behind Closed Doors,2011,16+,7.2/10,38/100,0,1,1,0,1,7.2,6.8,261,tvSeries,Exact (title + year),-0.4,7.1,184,-0.3,77,2,FALSE
tt1929675,2657,2759,Infinite Stratos,2011,18+,6.7/10,55/100,0,1,0,0,1,6.7,6.5,2466,tvSeries,Exact (title + year),-0.2,6.7,1574,-0.2,892,1,TRUE
tt1936714,4364,4663,SciGirls,2010,all,7.5/10,33/100,0,0,1,0,1,7.5,8.5,63,tvSeries,Exact (title + year),1,7.5,13,1,50,1,TRUE
tt19371346,5148,5481,Marvel's Spider-Man,2017,7+,6.1/10,56/100,0,0,0,1,1,6.1,7.5,24,tvMiniSeries,Exact (title + year),1.4,,,,,1,TRUE
tt1942683,2165,2210,The Amazing World of Gumball,2011,7+,8.2/10,71/100,0,1,0,0,1,8.2,8.4,55295,tvSeries,Exact (title + year),0.200000000000001,8.2,23595,0.200000000000001,31700,1,TRUE
tt1949012,2634,2735,The Firm,2012,16+,7.1/10,55/100,0,1,1,0,1,7.1,7.1,6473,tvSeries,Exact (title + year),0,7.1,5216,0,1257,2,FALSE
tt1954804,2423,2504,Saving Hope,2012,16+,7.5/10,62/100,0,1,0,0,1,7.5,7.4,8659,tvSeries,Exact (title + year),-0.0999999999999996,7.5,6317,-0.0999999999999996,2342,1,TRUE
tt1958961,173,174,Lilyhammer,2012,18+,8.0/10,76/100,1,0,0,0,1,8,7.9,34617,tvSeries,Exact (title + year),-0.0999999999999996,8,27181,-0.0999999999999996,7436,1,TRUE
tt1966281,3911,4185,Troopers,2011,"",8.0/10,46/100,0,0,1,0,1,8,7.9,359,tvSeries,Exact (title + year),-0.0999999999999996,8,266,-0.0999999999999996,93,1,TRUE
tt1967678,4096,4384,Ocean Mysteries with Jeff Corwin,2011,all,8.4/10,40/100,0,0,1,0,1,8.4,8.5,77,tvSeries,Exact (title + year),0.0999999999999996,8.4,58,0.0999999999999996,19,1,TRUE
tt1973047,3222,3354,Dish Nation,2011,7+,3.6/10,33/100,0,1,0,0,1,3.6,3.6,755,tvSeries,Exact (title + year),0,4,392,-0.4,363,1,TRUE
tt1973370,4172,4467,Greatest Tank Battles,2010,7+,7.4/10,38/100,0,0,1,0,1,7.4,7.5,225,tvSeries,Exact (title + year),0.0999999999999996,7.4,167,0.0999999999999996,58,1,TRUE
tt1973692,459,461,Rita,2012,16+,8.1/10,64/100,1,0,0,0,1,8.1,8.1,11001,tvSeries,Exact (title + year),0,8.1,7933,0,3068,1,TRUE
tt1974228,3263,3395,Bobby Flay's Barbecue Addiction,2011,7+,6.5/10,28/100,0,1,0,0,1,6.5,6.9,49,tvSeries,Exact (title + year),0.4,6.5,30,0.4,19,1,TRUE
tt19767844,5307,5655,Wild Congo,2014,"","",37/100,0,0,0,1,1,,7.4,66,tvMiniSeries,Exact (title + year),,,,,,1,TRUE
tt1983079,138,139,Call the Midwife,2012,16+,8.4/10,78/100,1,0,0,0,1,8.4,8.6,35845,tvSeries,Exact (title + year),0.199999999999999,8.4,21081,0.199999999999999,14764,1,TRUE
tt1983891,4127,4420,Shui hu zhuan,2011,"",7.3/10,39/100,0,0,1,0,1,7.3,7,162,tvSeries,Exact (title + original-language year),-0.3,7.3,84,-0.3,78,1,TRUE
tt1989062,3648,3869,Inside Men,2012,16+,7.3/10,59/100,0,0,1,0,1,7.3,7.2,2916,tvMiniSeries,Exact (title + year),-0.0999999999999996,7.3,2453,-0.0999999999999996,463,1,TRUE
tt1991410,2532,2628,Dance Moms,2011,7+,4.7/10,58/100,0,1,0,0,1,4.7,4.8,7569,tvSeries,Exact (title + year),0.0999999999999996,4.7,5837,0.0999999999999996,1732,1,TRUE
tt1991564,5124,5456,Lab Rats,2012,7+,6.6/10,59/100,0,0,0,1,1,6.6,6.8,8794,tvSeries,Exact (title + year),0.2,6.6,4997,0.2,3797,1,TRUE
tt1997999,2760,2870,Shahs of Sunset,2012,16+,4.7/10,52/100,0,1,0,0,1,4.7,5,1819,tvSeries,Exact (title + year),0.3,4.7,1404,0.3,415,1,TRUE
tt2006848,2162,2206,Bunheads,2012,16+,7.6/10,72/100,0,1,0,0,1,7.6,7.6,9598,tvSeries,Exact (title + year),0,7.6,7957,0,1641,1,TRUE
tt2008252,2528,2624,Mayo Chiki!,2011,18+,7.0/10,58/100,0,1,0,0,1,7,6.7,1612,tvSeries,Exact (title + year),-0.3,7,935,-0.3,677,1,TRUE
tt2010806,2970,3095,Long Island Medium,2011,7+,4.8/10,45/100,0,1,0,0,1,4.8,4.9,1597,tvSeries,"Fuzzy (title exact, year +-1)",0.100000000000001,4.8,1349,0.100000000000001,248,1,TRUE
tt2011532,4089,4376,Inventions That Shook the World,2011,all,8.3/10,41/100,0,0,1,0,1,8.3,8.1,159,tvSeries,Exact (title + year),-0.200000000000001,8.3,82,-0.200000000000001,77,1,TRUE
tt2011533,3560,3752,Isabel,2012,7+,8.3/10,66/100,0,0,1,0,1,8.3,8.3,2819,tvSeries,"Fuzzy (title exact, year +-1)",0,8.3,1971,0,848,1,TRUE
tt20138518,4542,4846,Architects of Darkness,2014,"","",18/100,0,0,1,0,1,,7.1,35,tvMiniSeries,Exact (title + year),,,,,,1,TRUE
tt2014553,3687,3917,Daniel Tiger's Neighborhood,2012,all,7.4/10,56/100,0,0,1,0,1,7.4,7.4,1799,tvSeries,Exact (title + year),0,7.4,975,0,824,1,TRUE
tt2016670,2279,2338,Shiki,2010,18+,7.7/10,67/100,0,1,0,0,1,7.7,7.6,4812,tvSeries,Exact (title + year),-0.100000000000001,7.7,2958,-0.100000000000001,1854,1,TRUE
tt2017931,3163,3294,Monster Fish,2009,"",6.7/10,37/100,0,1,0,0,1,6.7,6.8,213,tvSeries,Exact (title + year),0.0999999999999996,6.7,183,0.0999999999999996,30,1,TRUE
tt2022713,2421,2502,Brickleberry,2012,18+,7.3/10,62/100,0,1,0,0,1,7.3,7.3,19499,tvSeries,Exact (title + year),0,7.3,14160,0,5339,1,TRUE
tt2051178,467,469,Fate/Zero,2011,18+,8.3/10,64/100,1,0,0,0,1,8.3,8.2,17618,tvSeries,Exact (title + year),-0.100000000000001,8.3,10874,-0.100000000000001,6744,1,TRUE
tt2057511,3118,3249,A Day in the Life,2011,"",5.9/10,39/100,0,1,0,0,1,5.9,6,66,tvSeries,Exact (title + year),0.0999999999999996,5.9,42,0.0999999999999996,24,1,TRUE
tt2057544,3096,3226,Basketball Wives LA,2011,7+,4.2/10,40/100,0,1,0,0,1,4.2,4.1,366,tvSeries,Exact (title + year),-0.100000000000001,4.2,305,-0.100000000000001,61,1,TRUE
tt2058303,3585,3785,Fresh Meat,2011,18+,7.8/10,64/100,0,0,1,0,1,7.8,7.8,21229,tvSeries,Exact (title + year),0,7.8,16126,0,5103,1,TRUE
tt2061527,1004,1007,TIGER & BUNNY,2011,16+,7.4/10,52/100,1,1,0,0,1,7.4,7.3,1849,tvSeries,Exact (title + year),-0.100000000000001,7.4,797,-0.100000000000001,1052,2,FALSE
tt2069441,2355,2425,The Future Diary,2011,18+,7.6/10,64/100,0,1,0,0,1,7.6,7.4,23901,tvSeries,Exact (title + year),-0.199999999999999,7.6,15043,-0.199999999999999,8858,1,TRUE
tt2070311,2215,2266,MasterChef,2010,16+,7.3/10,69/100,0,1,0,0,1,7.3,3.8,9,tvSeries,Exact (title + year),-3.5,,,,,1,TRUE
tt2070571,920,923,X-Men,2011,16+,6.9/10,53/100,1,0,0,1,1,6.9,6.7,2852,tvMiniSeries,Exact (title + year),-0.2,6.9,1878,-0.2,974,2,FALSE
tt2071236,3001,3128,The Chew,2011,7+,5.3/10,44/100,0,1,0,0,1,5.3,5.4,1012,tvSeries,Exact (title + year),0.100000000000001,5.3,873,0.100000000000001,139,1,TRUE
tt2074011,3944,4220,Samurai Girls,2010,18+,6.5/10,45/100,0,0,1,0,1,6.5,6.5,497,tvMiniSeries,Exact (title + year),0,6.6,336,-0.0999999999999996,161,1,TRUE
tt2078690,5131,5464,Brain Games,2011,7+,8.3/10,58/100,0,0,0,1,1,8.3,8.2,3752,tvSeries,Exact (title + year),-0.100000000000001,8.3,3066,-0.100000000000001,686,1,TRUE
tt2080922,1513,1519,Oscar's Oasis,2010,"",7.5/10,42/100,1,0,0,0,1,7.5,7.2,1297,tvSeries,"Fuzzy (title exact, year +-1)",-0.3,7.6,493,-0.399999999999999,804,1,TRUE
tt2084712,340,342,Young & Hungry,2014,16+,7.4/10,68/100,1,0,0,0,1,7.4,7.3,17717,tvSeries,Exact (title + year),-0.100000000000001,7.4,14199,-0.100000000000001,3518,1,TRUE
tt2085059,8,9,Black Mirror,2011,18+,8.8/10,92/100,1,0,0,0,1,8.8,8.7,744343,tvSeries,Exact (title + year),-0.100000000000001,8.8,462672,-0.100000000000001,281671,1,TRUE
tt2092546,4051,4336,Curvy Girls,2011,"",6.5/10,42/100,0,0,1,0,1,6.5,6.6,46,tvSeries,Exact (title + year),0.0999999999999996,6.5,30,0.0999999999999996,16,1,TRUE
tt2097386,4322,4620,Bordertown: Laredo,2011,"",6.9/10,34/100,0,0,1,0,1,6.9,7.2,37,tvSeries,Exact (title + year),0.3,6.9,31,0.3,6,1,TRUE
tt2098220,86,87,Hunter x Hunter,2011,16+,9.0/10,82/100,1,1,0,0,1,9,9,200746,tvSeries,Exact (title + year),0,9,65648,0,135098,2,FALSE
tt2100976,2182,2230,Impractical Jokers,2011,16+,8.6/10,71/100,0,1,0,0,1,8.6,8.5,52253,tvSeries,Exact (title + year),-0.0999999999999996,8.5,34873,0,17380,1,TRUE
tt2103085,2098,2135,Top of the Lake,2013,18+,7.5/10,75/100,0,1,0,0,1,7.5,7.4,39917,tvSeries,Exact (title + year),-0.0999999999999996,7.5,32977,-0.0999999999999996,6940,1,TRUE
tt2114586,4321,4619,Big Shrimpin',2011,16+,6.0/10,34/100,0,0,1,0,1,6,6,41,tvSeries,Exact (title + year),0,6,33,0,8,1,TRUE
tt2115354,4121,4414,Londongrad,2015,7+,5.9/10,40/100,0,0,1,0,1,5.9,6.2,488,tvSeries,Exact (title + year),0.3,5.9,349,0.3,139,1,TRUE
tt2122656,2574,2672,Guilty Crown,2011,16+,7.1/10,57/100,0,1,0,0,1,7.1,6.9,6572,tvSeries,Exact (title + year),-0.199999999999999,7.1,4345,-0.199999999999999,2227,1,TRUE
tt2125050,5325,5673,Birth of Europe,2012,all,7.1/10,34/100,0,0,0,1,1,7.1,7,122,tvSeries,Exact (title + year),-0.0999999999999996,7.1,54,-0.0999999999999996,68,1,TRUE
tt2125638,4181,4477,Teens React,2011,"",5.5/10,38/100,0,0,1,0,1,5.5,5.6,1193,tvSeries,Exact (title + year),0.0999999999999996,5.5,1123,0.0999999999999996,70,1,TRUE
tt2128016,2740,2845,Mr. D,2012,"",6.6/10,53/100,0,1,0,0,1,6.6,7.4,3356,tvSeries,Exact (title + year),0.800000000000001,6.6,1972,0.800000000000001,1384,1,TRUE
tt2129304,3763,4006,Hotel Impossible,2012,7+,7.8/10,52/100,0,0,1,0,1,7.8,7.8,1204,tvSeries,Exact (title + year),0,7.8,1037,0,167,1,TRUE
tt2136396,2457,2544,The Incredible Dr. Pol,2011,7+,8.6/10,60/100,0,1,0,1,1,8.6,8.6,2442,tvSeries,Exact (title + year),0,8.6,1328,0,1114,2,FALSE
tt2139371,1118,1121,Transformers: Rescue Bots,2012,7+,6.5/10,50/100,1,0,1,0,1,6.5,6.6,1442,tvSeries,"Fuzzy (title exact, year +-1)",0.0999999999999996,6.5,784,0.0999999999999996,658,2,FALSE
tt2141011,3854,4118,Gator Boys,2012,"",7.0/10,48/100,0,0,1,0,1,7,7,708,tvSeries,Exact (title + year),0,7,609,0,99,1,TRUE
tt2148433,3888,4158,Public Enemies,2012,"",7.1/10,47/100,0,0,1,0,1,7.1,7,811,tvMiniSeries,Exact (title + year),-0.0999999999999996,7.1,585,-0.0999999999999996,226,1,TRUE
tt2149175,3454,3594,The Americans,2013,18+,8.4/10,87/100,0,0,1,0,1,8.4,8.4,125387,tvSeries,Exact (title + year),0,8.4,87590,0,37797,1,TRUE
tt2152112,2504,2597,My 600-lb Life,2012,16+,6.6/10,59/100,0,1,0,0,1,6.6,6.7,2517,tvSeries,Exact (title + year),0.100000000000001,6.6,1339,0.100000000000001,1178,1,TRUE
tt2155025,2070,2105,Please Like Me,2013,18+,8.5/10,77/100,0,1,0,0,1,8.5,8.5,20704,tvSeries,Exact (title + year),0,8.5,15756,0,4948,1,TRUE
tt2167393,3550,3738,The Men Who Built America,2012,7+,8.6/10,67/100,0,0,1,0,1,8.6,8.5,5162,tvMiniSeries,Exact (title + year),-0.0999999999999996,8.6,3741,-0.0999999999999996,1421,1,TRUE
tt2169245,1039,1042,MeatEater,2012,16+,7.7/10,51/100,1,0,0,0,1,7.7,7.6,1779,tvSeries,Exact (title + year),-0.100000000000001,7.7,1216,-0.100000000000001,563,1,TRUE
tt2171132,3157,3288,Get Ace,2014,all,7.5/10,37/100,0,1,0,0,1,7.5,7.6,270,tvSeries,Exact (title + year),0.0999999999999996,7.6,128,0,142,1,TRUE
tt2171665,5136,5469,Violetta,2012,all,5.3/10,58/100,0,0,0,1,1,5.3,5.6,3432,tvSeries,Exact (title + year),0.3,5.3,2164,0.3,1268,1,TRUE
tt2173014,4378,4678,Thurston,2011,"",6.3/10,32/100,0,0,1,0,1,6.3,6.8,30,tvSeries,Exact (title + year),0.5,6,24,0.8,6,1,TRUE
tt2174349,4007,4290,Canimals,2011,all,7.0/10,43/100,0,0,1,0,1,7,6.4,148,tvSeries,Exact (title + year),-0.6,6.9,77,-0.5,71,1,TRUE
tt2177489,2296,2357,Baby Daddy,2012,16+,7.4/10,66/100,0,1,0,0,1,7.4,7.3,22794,tvSeries,Exact (title + year),-0.100000000000001,7.4,19256,-0.100000000000001,3538,1,TRUE
tt21798874,5359,5709,Animal Showdown,2018,"","",13/100,0,0,0,1,1,,2.7,29,tvMiniSeries,Exact (title + year),,,,,,1,TRUE
tt2181679,5312,5660,Unlikely Animal Friends,2012,"",7.6/10,36/100,0,0,0,1,1,7.6,7.2,138,tvSeries,Exact (title + year),-0.399999999999999,7.6,94,-0.399999999999999,44,1,TRUE
tt2182427,2665,2768,Bering Sea Gold,2012,all,6.6/10,55/100,0,1,0,0,1,6.6,6.7,1947,tvSeries,Exact (title + year),0.100000000000001,6.6,1362,0.100000000000001,585,1,TRUE
tt2183641,164,165,Ripper Street,2012,18+,8.1/10,77/100,1,0,0,0,1,8.1,8.1,24389,tvSeries,Exact (title + year),0,8.1,19745,0,4644,1,TRUE
tt2187319,3027,3154,Battleground,2012,"",7.8/10,43/100,0,1,0,0,1,7.8,7.7,365,tvSeries,Exact (title + year),-0.0999999999999996,7.8,291,-0.0999999999999996,74,1,TRUE
tt2188577,3140,3271,Up to Speed,2012,16+,6.5/10,38/100,0,1,0,0,1,6.5,6.6,180,tvSeries,Exact (title + year),0.0999999999999996,6.5,113,0.0999999999999996,67,1,TRUE
tt2189248,3674,3903,Inazuma Eleven,2008,7+,8.0/10,57/100,0,0,1,0,1,8,8.3,4370,tvSeries,Exact (title + year),0.300000000000001,8,1261,0.300000000000001,3109,1,TRUE
tt2189461,148,149,Marco Polo,2014,18+,8.0/10,77/100,1,0,1,0,1,8,7.9,84562,tvSeries,Exact (title + year),-0.0999999999999996,8,66364,-0.0999999999999996,18198,2,FALSE
tt2190731,4280,4576,Dance Moms: Miami,2012,16+,3.8/10,35/100,0,0,1,0,1,3.8,3.3,244,tvSeries,Exact (title + year),-0.5,3.8,180,-0.5,64,1,TRUE
tt2191567,5156,5490,Wicked Tuna,2012,16+,6.6/10,55/100,0,0,0,1,1,6.6,6.6,1193,tvSeries,Exact (title + year),0,6.6,788,0,405,1,TRUE
tt2191671,1999,2022,Elementary,2012,16+,7.9/10,83/100,0,1,0,0,1,7.9,7.9,127427,tvSeries,Exact (title + year),0,7.9,102878,0,24549,1,TRUE
tt2191991,611,614,Billy on the Street,2011,16+,7.8/10,60/100,1,1,0,0,1,7.8,7.9,2719,tvSeries,Exact (title + year),0.100000000000001,7.7,2107,0.2,612,2,FALSE
tt2193021,61,62,Arrow,2012,16+,7.5/10,84/100,1,0,0,0,1,7.5,7.5,462197,tvSeries,Exact (title + year),0,7.5,412411,0,49786,1,TRUE
tt2193041,321,323,Beauty and the Beast,2012,7+,7.0/10,69/100,1,0,0,1,1,7,7,39255,tvSeries,Exact (title + year),0,7.1,35156,-0.0999999999999996,4099,2,FALSE
tt2195045,4423,4724,Fashion News Live,2004,"",6.5/10,29/100,0,0,1,0,1,6.5,6.2,79,tvSeries,Exact (title + year),-0.3,6.6,38,-0.399999999999999,41,1,TRUE
tt2195251,1435,1441,Nature's Weirdest Events,2012,all,6.9/10,44/100,1,0,0,0,1,6.9,6.8,241,tvSeries,Exact (title + year),-0.100000000000001,6.9,215,-0.100000000000001,26,1,TRUE
tt2196296,3773,4019,The Time of Our Lives,2013,"",7.9/10,52/100,0,0,1,0,1,7.9,7.9,887,tvSeries,Exact (title + year),0,7.9,508,0,379,1,TRUE
tt2198333,751,754,America's Book of Secrets,2012,7+,6.8/10,57/100,1,1,0,0,1,6.8,6.7,1039,tvSeries,Exact (title + year),-0.0999999999999996,6.8,723,-0.0999999999999996,316,2,FALSE
tt2201416,2921,3044,Dead Boss,2012,"",6.5/10,46/100,0,1,0,0,1,6.5,6.4,681,tvMiniSeries,Exact (title + year),-0.0999999999999996,6.5,535,-0.0999999999999996,146,1,TRUE
tt2201533,4350,4649,Flipping Boston,2012,"",6.9/10,33/100,0,0,1,0,1,6.9,7,136,tvSeries,Exact (title + year),0.0999999999999996,6.9,117,0.0999999999999996,19,1,TRUE
tt2202488,2477,2567,Mountain Men,2012,7+,7.3/10,60/100,0,1,0,0,1,7.3,7.3,1932,tvSeries,Exact (title + year),0,7.3,1360,0,572,1,TRUE
tt2203143,1379,1383,Mia and Me,2012,all,6.6/10,45/100,1,0,0,0,1,6.6,6.8,1416,tvSeries,Exact (title + year),0.2,6.7,539,0.0999999999999996,877,1,TRUE
tt2211129,2138,2179,The Mindy Project,2012,7+,7.4/10,73/100,0,1,0,0,1,7.4,7.5,36685,tvSeries,Exact (title + year),0.0999999999999996,7.4,29103,0.0999999999999996,7582,1,TRUE
tt2216156,221,222,Last Tango in Halifax,2012,16+,8.3/10,73/100,1,0,0,0,1,8.3,8.4,10133,tvSeries,Exact (title + year),0.0999999999999996,8.3,5770,0.0999999999999996,4363,1,TRUE
tt2220570,3225,3357,Chiquis 'n Control,2012,"",8.4/10,32/100,0,1,0,0,1,8.4,8.2,20,tvSeries,Exact (title + year),-0.200000000000001,8.4,13,-0.200000000000001,7,1,TRUE
tt2220768,3864,4131,The Mill,2013,"",7.5/10,48/100,0,0,1,0,1,7.5,7.5,1425,tvSeries,Exact (title + year),0,7.5,932,0,493,1,TRUE
tt2222135,2666,2769,Dog with a Blog,2012,all,4.9/10,55/100,0,1,0,1,1,4.9,5.1,7841,tvSeries,Exact (title + year),0.199999999999999,4.9,5605,0.199999999999999,2236,2,FALSE
tt2226342,2283,2342,Devious Maids,2013,7+,7.8/10,67/100,0,1,0,0,1,7.8,7.8,27519,tvSeries,Exact (title + year),0,7.8,22302,0,5217,1,TRUE
tt2229129,5267,5612,Fancy Nancy,2018,all,5.5/10,43/100,0,0,0,1,1,5.5,5.3,573,tvSeries,Exact (title + year),-0.2,5.5,285,-0.2,288,1,TRUE
tt2229907,2510,2604,Duck Dynasty,2012,7+,6.2/10,59/100,0,1,0,0,1,6.2,6.2,11686,tvSeries,Exact (title + year),0,6.2,10325,0,1361,1,TRUE
tt2230051,2287,2346,High School DxD,2012,18+,7.6/10,67/100,0,1,0,0,1,7.6,7.5,17620,tvSeries,Exact (title + year),-0.0999999999999996,7.6,7752,-0.0999999999999996,9868,1,TRUE
tt2231118,4310,4608,I killed my BFF,2012,"",7.0/10,35/100,0,0,1,0,1,7,6.9,159,tvSeries,Exact (title + year),-0.0999999999999996,7.1,103,-0.199999999999999,56,1,TRUE
tt2234222,3460,3604,Orphan Black,2013,18+,8.3/10,85/100,0,0,1,0,1,8.3,8.3,125538,tvSeries,Exact (title + year),0,8.3,103464,0,22074,1,TRUE
tt2235759,2053,2086,The Great,2020,18+,8.1/10,78/100,0,1,0,0,1,8.1,8.1,65825,tvSeries,Exact (title + year),0,8.1,21336,0,44489,1,TRUE
tt2239949,2684,2789,Pramface,2012,16+,7.5/10,54/100,0,1,0,0,1,7.5,7.4,2804,tvSeries,Exact (title + year),-0.0999999999999996,7.5,2385,-0.0999999999999996,419,1,TRUE
tt2244077,3804,4057,Littlest Pet Shop,2012,all,6.2/10,51/100,0,0,1,0,1,6.2,6.3,1522,tvSeries,Exact (title + year),0.0999999999999996,6.2,736,0.0999999999999996,786,1,TRUE
tt2244495,2217,2268,The Eric Andre Show,2012,18+,8.6/10,69/100,0,1,0,0,1,8.6,8.5,24028,tvSeries,Exact (title + year),-0.0999999999999996,8.6,14398,-0.0999999999999996,9630,1,TRUE
tt2246424,1658,1664,The American Bible Challenge,2012,all,6.4/10,39/100,1,0,0,0,1,6.4,6.8,144,tvSeries,Exact (title + year),0.399999999999999,6.5,109,0.3,35,1,TRUE
tt2249364,41,42,Broadchurch,2013,18+,8.4/10,86/100,1,0,0,0,1,8.4,8.3,143314,tvSeries,Exact (title + year),-0.0999999999999996,8.4,99011,-0.0999999999999996,44303,1,TRUE
tt2250192,269,270,Sword Art Online,2012,18+,7.6/10,71/100,1,1,0,0,1,7.6,7.5,63990,tvSeries,Exact (title + year),-0.0999999999999996,7.6,38586,-0.0999999999999996,25404,2,FALSE
tt2252938,2698,2803,Wander Over Yonder,2013,7+,7.2/10,54/100,0,1,0,1,1,7.2,7.4,5493,tvSeries,Exact (title + year),0.2,7.2,3449,0.2,2044,2,FALSE
tt2254098,4129,4422,Barter Kings,2012,7+,5.1/10,39/100,0,0,1,0,1,5.1,4.9,287,tvSeries,Exact (title + year),-0.199999999999999,5,246,-0.0999999999999996,41,1,TRUE
tt2261227,77,78,Altered Carbon,2018,18+,8.0/10,83/100,1,0,0,0,1,8,7.9,203447,tvSeries,Exact (title + year),-0.0999999999999996,8,147232,-0.0999999999999996,56215,1,TRUE
tt2261391,2063,2096,Chicago Fire,2012,16+,8.0/10,77/100,0,1,0,0,1,8,8,72163,tvSeries,Exact (title + year),0,8,41247,0,30916,1,TRUE
tt2262308,3632,3848,Halo 4: Forward Unto Dawn,2012,16+,6.9/10,60/100,0,0,1,0,1,6.9,6.7,26834,tvMiniSeries,Exact (title + year),-0.2,6.9,23578,-0.2,3256,1,TRUE
tt2262532,2037,2069,The Fosters,2013,16+,7.9/10,79/100,0,1,1,0,1,7.9,7.9,32766,tvSeries,Exact (title + year),0,7.9,25365,0,7401,2,FALSE
tt2267446,2928,3051,Space Brothers,2012,16+,8.1/10,46/100,0,1,0,0,1,8.1,8.2,703,tvSeries,Exact (title + year),0.0999999999999996,8.1,391,0.0999999999999996,312,1,TRUE
tt2268019,2866,2985,The Strange Calls,2012,18+,7.4/10,48/100,0,1,0,0,1,7.4,7.3,876,tvMiniSeries,Exact (title + year),-0.100000000000001,7.4,665,-0.100000000000001,211,1,TRUE
tt2269368,2604,2705,Aesthetica of a Rogue Hero,2012,18+,7.1/10,56/100,0,1,0,0,1,7.1,6.7,2520,tvSeries,Exact (title + year),-0.399999999999999,7.1,1373,-0.399999999999999,1147,1,TRUE
tt2270670,2945,3070,Rosa Diamante,2012,"",8.3/10,46/100,0,1,0,0,1,8.3,7.7,134,tvSeries,Exact (title + year),-0.600000000000001,8.3,91,-0.600000000000001,43,1,TRUE
tt2272627,3275,3407,She's Living for This,2012,18+,5.5/10,26/100,0,1,0,0,1,5.5,5.9,38,tvSeries,Exact (title + year),0.4,5.5,22,0.4,16,1,TRUE
tt2273734,5227,5569,Crash & Bernstein,2012,all,5.0/10,47/100,0,0,0,1,1,5,5.2,1047,tvSeries,Exact (title + year),0.2,5,684,0.2,363,1,TRUE
tt2281375,2136,2176,Nashville,2012,7+,7.7/10,73/100,0,1,0,0,1,7.7,7.7,29463,tvSeries,Exact (title + year),0,7.7,23463,0,6000,1,TRUE
tt2287229,4055,4340,The Pitch,2012,"",7.0/10,42/100,0,0,1,0,1,7,7,315,tvSeries,Exact (title + year),0,7,289,0,26,1,TRUE
tt2288064,2143,2184,Witches of East End,2013,16+,7.6/10,73/100,0,1,0,0,1,7.6,7.5,28811,tvSeries,Exact (title + year),-0.0999999999999996,7.6,24545,-0.0999999999999996,4266,1,TRUE
tt2292388,4379,4679,Crime Inc,2010,"",6.5/10,32/100,0,0,1,0,1,6.5,6.7,17,tvSeries,Exact (title + year),0.2,6.5,13,0.2,4,1,TRUE
tt2293002,2461,2548,Ben 10: Omniverse,2012,7+,6.0/10,60/100,0,1,0,0,1,6,6.7,10893,tvSeries,Exact (title + year),0.7,6,3700,0.7,7193,1,TRUE
tt2294048,2813,2925,Blast of Tempest,2012,16+,7.6/10,50/100,0,1,0,0,1,7.6,7.4,1845,tvSeries,Exact (title + year),-0.199999999999999,7.6,1207,-0.199999999999999,638,1,TRUE
tt2294076,1034,1037,Girls und Panzer,2012,16+,7.4/10,52/100,1,1,0,0,1,7.4,7.5,1925,tvMiniSeries,Exact (title + original-language year),0.0999999999999996,7.5,1015,0,910,2,FALSE
tt2294227,2594,2695,The Secret of Crickley Hall,2012,"",6.9/10,56/100,0,1,0,0,1,6.9,6.8,3937,tvMiniSeries,Exact (title + year),-0.100000000000001,6.9,2715,-0.100000000000001,1222,1,TRUE
tt2295809,2489,2581,Mistresses,2013,16+,7.1/10,59/100,0,1,0,0,1,7.1,7.1,14386,tvSeries,Exact (title + year),0,7.1,12780,0,1606,1,TRUE
tt2295953,2543,2639,Primeval: New World,2012,16+,6.6/10,58/100,0,1,0,0,1,6.6,6.5,5136,tvSeries,Exact (title + year),-0.0999999999999996,6.6,4344,-0.0999999999999996,792,1,TRUE
tt2297714,4437,4738,Dangerous Waters,2013,"",7.0/10,29/100,0,0,1,0,1,7,7.2,43,tvSeries,"Fuzzy (title exact, year +-1)",0.2,7,27,0.2,16,1,TRUE
tt2297757,2002,2025,Nathan For You,2013,16+,8.9/10,82/100,0,1,0,0,1,8.9,8.9,50459,tvSeries,Exact (title + year),0,8.9,21261,0,29198,1,TRUE
tt2299207,3054,3182,Tree Fu Tom,2012,all,5.6/10,42/100,0,1,0,0,1,5.6,5.4,306,tvSeries,Exact (title + year),-0.199999999999999,5.6,167,-0.199999999999999,139,1,TRUE
tt2301351,2090,2126,RuPaul's Drag Race All Stars,2012,16+,8.5/10,76/100,0,1,0,0,1,8.5,8.5,11297,tvSeries,Exact (title + year),0,8.5,6231,0,5066,1,TRUE
tt2303687,1970,1984,Line of Duty,2012,18+,8.7/10,87/100,0,1,1,0,1,8.7,8.7,81659,tvSeries,Exact (title + year),0,8.7,44422,0,37237,2,FALSE
tt2304406,3843,4099,The Greatest Love,2011,16+,7.8/10,49/100,0,0,1,0,1,7.8,7.7,1265,tvSeries,Exact (title + year),-0.0999999999999996,7.8,964,-0.0999999999999996,301,1,TRUE
tt2306299,1952,1963,Vikings,2013,18+,8.5/10,92/100,0,1,1,0,1,8.5,8.5,646663,tvSeries,Exact (title + year),0,8.5,451771,0,194892,2,FALSE
tt2309295,284,286,Hemlock Grove,2013,18+,7.1/10,70/100,1,0,0,0,1,7.1,7,44881,tvSeries,Exact (title + year),-0.0999999999999996,7.1,37512,-0.0999999999999996,7369,1,TRUE
tt2312036,2815,2927,East Los High,2013,16+,7.1/10,50/100,0,1,0,0,1,7.1,7,922,tvSeries,Exact (title + year),-0.0999999999999996,7.1,754,-0.0999999999999996,168,1,TRUE
tt2314952,441,443,Comedians in Cars Getting Coffee,2012,16+,8.1/10,65/100,1,0,0,0,1,8.1,8,14287,tvSeries,Exact (title + year),-0.0999999999999996,8.1,11326,-0.0999999999999996,2961,1,TRUE
tt2319283,2436,2519,Moone Boy,2012,16+,8.1/10,61/100,0,1,0,0,1,8.1,8.1,7190,tvSeries,Exact (title + year),0,8.1,5568,0,1622,1,TRUE
tt2320220,2443,2528,Kamisama Kiss,2012,7+,8.1/10,61/100,0,1,0,0,1,8.1,8.1,7433,tvSeries,Exact (title + year),0,8.1,2862,0,4571,1,TRUE
tt2321542,663,666,"Love, Chunibyo & Other Delusions",2012,16+,7.4/10,59/100,1,0,0,0,1,7.4,7.4,6593,tvSeries,Exact (title + year),0,7.4,2948,0,3645,1,TRUE
tt2321596,3608,3814,Wolfblood,2013,7+,7.6/10,62/100,0,0,1,0,1,7.6,7.4,4506,tvSeries,"Fuzzy (title exact, year +-1)",-0.199999999999999,7.6,3274,-0.199999999999999,1232,1,TRUE
tt2322438,3215,3347,Larry King Now,2013,"",4.9/10,33/100,0,1,0,0,1,4.9,5.5,451,tvSeries,"Fuzzy (title exact, year +-1)",0.6,5.4,215,0.0999999999999996,236,1,TRUE
tt2327804,4201,4497,Kids React,2010,"",4.9/10,37/100,0,0,1,0,1,4.9,5,1076,tvSeries,Exact (title + year),0.0999999999999996,4.9,1014,0.0999999999999996,62,1,TRUE
tt2328067,3024,3151,Kendra on Top,2012,7+,3.6/10,43/100,0,1,0,0,1,3.6,3.8,645,tvSeries,Exact (title + year),0.2,3.8,393,0,252,1,TRUE
tt2338096,3702,3935,Counting Cars,2012,7+,7.0/10,55/100,0,0,1,0,1,7,7,3201,tvSeries,Exact (title + year),0,7,2489,0,712,1,TRUE
tt2339875,2722,2827,Accel World,2012,16+,7.1/10,53/100,0,1,0,0,1,7.1,6.9,2640,tvSeries,Exact (title + year),-0.199999999999999,7.1,1897,-0.199999999999999,743,1,TRUE
tt2343157,2731,2836,Vanderpump Rules,2013,16+,5.4/10,53/100,0,1,0,0,1,5.4,6.3,5139,tvSeries,Exact (title + year),0.9,5.4,2247,0.9,2892,1,TRUE
tt2344781,1734,1742,Meet the Adebanjos,2012,7+,7.6/10,37/100,1,0,0,0,1,7.6,7.6,110,tvSeries,Exact (title + year),0,7.6,59,0,51,1,TRUE
tt2345481,2314,2376,Being Mary Jane,2014,16+,7.5/10,66/100,0,1,0,0,1,7.5,7.6,4614,tvSeries,"Fuzzy (title exact, year +-1)",0.0999999999999996,7.5,3665,0.0999999999999996,949,1,TRUE
tt2346169,2640,2741,Fast N' Loud,2012,16+,7.5/10,55/100,0,1,0,0,1,7.5,7.4,3000,tvSeries,Exact (title + year),-0.0999999999999996,7.5,2562,-0.0999999999999996,438,1,TRUE
tt2348803,253,254,Kuroko's Basketball,2012,"",8.3/10,72/100,1,0,0,0,1,8.3,8.2,16386,tvSeries,Exact (title + year),-0.100000000000001,8.3,6116,-0.100000000000001,10270,1,TRUE
tt2351607,4427,4728,American Daredevils,2013,16+,6.2/10,29/100,0,0,1,0,1,6.2,6.2,20,tvSeries,Exact (title + year),0,6.2,15,0,5,1,TRUE
tt2353113,3998,4281,Sea Rescue,2012,all,8.9/10,44/100,0,0,1,0,1,8.9,8.3,53,tvSeries,Exact (title + year),-0.6,8.9,37,-0.6,16,1,TRUE
tt2354651,3999,4282,America Revealed,2012,"",8.1/10,44/100,0,0,1,0,1,8.1,8,158,tvSeries,Exact (title + year),-0.0999999999999996,8.1,137,-0.0999999999999996,21,1,TRUE
tt2355844,2316,2378,Twisted,2013,16+,7.3/10,65/100,0,1,0,0,1,7.3,7.2,10520,tvSeries,Exact (title + year),-0.0999999999999996,7.3,9391,-0.0999999999999996,1129,1,TRUE
tt2357547,63,64,Marvel's Jessica Jones,2015,18+,7.9/10,84/100,1,0,0,0,1,7.9,7.8,241037,tvSeries,"Fuzzy (prefix stripped, exact year)",-0.100000000000001,7.9,196430,-0.100000000000001,44607,1,TRUE
tt2358629,2692,2797,Some Girls,2012,16+,7.7/10,54/100,0,1,0,0,1,7.7,7.6,2090,tvSeries,Exact (title + year),-0.100000000000001,7.7,1633,-0.100000000000001,457,1,TRUE
tt2359700,4443,4744,Main courante,2012,"",6.4/10,29/100,0,0,1,0,1,6.4,6.7,38,tvSeries,Exact (title + original-language year),0.3,6.4,29,0.3,9,1,TRUE
tt2359704,234,235,JoJo's Bizarre Adventure,2012,18+,8.4/10,72/100,1,1,0,0,1,8.4,8.6,59321,tvSeries,Exact (title + year),0.199999999999999,8.4,12029,0.199999999999999,47292,2,FALSE
tt2362694,2673,2777,Your Pretty Face Is Going to Hell,2013,18+,7.7/10,54/100,0,1,0,0,1,7.7,7.8,3468,tvSeries,Exact (title + year),0.0999999999999996,7.7,2035,0.0999999999999996,1433,1,TRUE
tt2363624,2934,3057,Yu-Gi-Oh! Zexal,2011,7+,5.0/10,46/100,0,1,1,0,1,5,5.6,1446,tvSeries,Exact (title + year),0.6,5,813,0.6,633,2,FALSE
tt2364582,46,47,Marvel's Agents of S.H.I.E.L.D.,2013,16+,7.5/10,86/100,1,0,0,0,1,7.5,7.5,236306,tvSeries,"Fuzzy (prefix stripped, exact year)",0,7.5,203606,0,32700,1,TRUE
tt2367359,1419,1425,Keeping Up with the Joneses,2010,7+,8.8/10,44/100,1,0,0,0,1,8.8,8.5,82,tvSeries,Exact (title + year),-0.300000000000001,8.8,42,-0.300000000000001,40,1,TRUE
tt2368005,4047,4331,Switch,2012,"",6.8/10,42/100,0,0,1,0,1,6.8,6.7,422,tvSeries,Exact (title + year),-0.0999999999999996,6.9,364,-0.2,58,1,TRUE
tt2368267,4385,4685,The Underdogs,2010,all,8.3/10,32/100,0,0,1,0,1,8.3,8.3,8,tvSeries,Exact (title + year),0,8.3,6,0,2,1,TRUE
tt2368285,4271,4567,Thelma's Gypsy Girls,2012,"",6.6/10,36/100,0,0,1,0,1,6.6,6.6,57,tvSeries,Exact (title + original-language year),0,6.6,44,0,13,1,TRUE
tt2372162,33,34,Orange Is the New Black,2013,18+,8.0/10,87/100,1,0,0,0,1,8,8,337592,tvSeries,Exact (title + year),0,8,282734,0,54858,1,TRUE
tt2372855,4372,4671,Deals from the Dark Side,2011,"",6.5/10,32/100,0,0,1,0,1,6.5,6.6,80,tvSeries,Exact (title + year),0.0999999999999996,6.5,71,0.0999999999999996,9,1,TRUE
tt2374683,3846,4107,Empresses In The Palace,2011,7+,8.4/10,49/100,0,0,1,0,1,8.4,8.5,2836,tvSeries,Exact (title + year),0.0999999999999996,8.4,1357,0.0999999999999996,1479,1,TRUE
tt2374744,735,738,The Next Step,2013,all,6.2/10,57/100,1,0,0,0,1,6.2,6.4,2613,tvSeries,Exact (title + year),0.2,6.2,1679,0.2,934,1,TRUE
tt2375692,1998,2021,Black Sails,2014,18+,8.2/10,83/100,0,1,0,0,1,8.2,8.2,126571,tvSeries,Exact (title + year),0,8.2,95692,0,30879,1,TRUE
tt2375858,2796,2908,Hunderby,2012,16+,7.5/10,51/100,0,1,0,0,1,7.5,7.3,1395,tvSeries,Exact (title + year),-0.2,7.5,958,-0.2,437,1,TRUE
tt2379308,2252,2308,Psycho-Pass,2012,18+,8.2/10,68/100,0,1,1,0,1,8.2,8.1,26147,tvSeries,Exact (title + year),-0.0999999999999996,8.2,16544,-0.0999999999999996,9603,2,FALSE
tt2383988,4829,5148,Have Steam Engine Will Travel,2013,"","",10/100,0,0,1,0,1,,8,11,tvSeries,"Fuzzy (title exact, year +-1)",,8,9,0,2,1,TRUE
tt2385242,4049,4334,Girl/Girl Scene,2010,18+,5.3/10,42/100,0,0,1,0,1,5.3,5.3,424,tvSeries,Exact (title + year),0,5.4,305,-0.100000000000001,119,1,TRUE
tt2386354,2880,3000,Breaking Amish,2012,16+,5.0/10,48/100,0,1,0,0,1,5,5.1,1250,tvSeries,Exact (title + year),0.0999999999999996,5,1032,0.0999999999999996,218,1,TRUE
tt2392029,4474,4776,Family Travel with Colleen Kelly,2013,"",7.8/10,26/100,0,0,1,0,1,7.8,8.6,10,tvSeries,"Fuzzy (title exact, year +-1)",0.8,7.8,5,0.8,5,1,TRUE
tt2392179,1213,1216,Pac-Man and the Ghostly Adventures,2013,7+,4.9/10,48/100,1,0,1,0,1,4.9,4.7,1179,tvSeries,Exact (title + year),-0.2,4.8,534,-0.0999999999999996,645,2,FALSE
tt2393813,2150,2193,Graceland,2013,16+,7.7/10,72/100,0,1,0,0,1,7.7,7.6,18382,tvSeries,Exact (title + year),-0.100000000000001,7.7,16178,-0.100000000000001,2204,1,TRUE
tt2396275,4039,4323,Tricky Business,2012,"",6.0/10,42/100,0,0,1,0,1,6,5.8,210,tvMiniSeries,Exact (title + original-language year),-0.2,6,157,-0.2,53,1,TRUE
tt2400391,2211,2262,Legit,2013,18+,8.2/10,69/100,0,1,0,0,1,8.2,8.1,9084,tvSeries,Exact (title + year),-0.0999999999999996,8.2,8040,-0.0999999999999996,1044,1,TRUE
tt2401525,2641,2742,Upper Middle Bogan,2013,16+,7.9/10,55/100,0,1,0,0,1,7.9,7.8,3751,tvSeries,Exact (title + year),-0.100000000000001,8,1869,-0.2,1882,1,TRUE
tt2401919,3787,4036,Mayday,2013,"",6.7/10,51/100,0,0,1,0,1,6.7,6.6,1868,tvMiniSeries,Exact (title + year),-0.100000000000001,6.7,1375,-0.100000000000001,493,1,TRUE
tt2402061,2414,2492,Murder in the First,2014,18+,7.3/10,62/100,0,1,0,0,1,7.3,7.3,8191,tvSeries,Exact (title + year),0,7.3,6767,0,1424,1,TRUE
tt2402137,2240,2294,Legends,2014,16+,7.5/10,68/100,0,1,0,0,1,7.5,7.4,13828,tvSeries,Exact (title + year),-0.0999999999999996,7.5,12748,-0.0999999999999996,1080,1,TRUE
tt2402207,2061,2094,The Last Ship,2014,16+,7.5/10,77/100,0,1,0,0,1,7.5,7.4,70249,tvSeries,Exact (title + year),-0.0999999999999996,7.5,55144,-0.0999999999999996,15105,1,TRUE
tt2402500,3867,4135,Peg + Cat,2013,all,7.8/10,48/100,0,0,1,0,1,7.8,7.8,519,tvSeries,Exact (title + original-language year),0,7.9,314,-0.100000000000001,205,1,TRUE
tt2403776,82,83,Shadow and Bone,2021,16+,7.7/10,82/100,1,0,0,0,1,7.7,7.5,125530,tvSeries,Exact (title + year),-0.2,7.8,53025,-0.3,72505,1,TRUE
tt2406376,2228,2280,The Bridge,2013,18+,7.6/10,69/100,1,1,0,0,1,7.6,7.6,21710,tvSeries,Exact (title + year),0,7.6,18031,0,3679,2,FALSE
tt2407574,2089,2125,My Mad Fat Diary,2013,16+,8.4/10,76/100,0,1,0,0,1,8.4,8.4,20015,tvSeries,Exact (title + year),0,8.4,15626,0,4389,1,TRUE
tt2408444,4035,4319,Ultimate Survival: Everest,2004,"",7.3/10,43/100,0,0,1,0,1,7.3,7.2,173,tvMiniSeries,Exact (title + year),-0.0999999999999996,7.3,96,-0.0999999999999996,77,1,TRUE
tt2428392,4318,4616,Hotel GB,2012,"",6.1/10,34/100,0,0,1,0,1,6.1,6.6,51,tvSeries,Exact (title + year),0.5,6.1,34,0.5,17,1,TRUE
tt2429840,2727,2832,Seed,2013,18+,5.6/10,53/100,0,1,0,0,1,5.6,6.6,1217,tvSeries,Exact (title + year),1,5.6,1125,1,92,1,TRUE
tt2431088,3055,3183,Runaways,2012,16+,7.9/10,42/100,0,1,0,0,1,7.9,7.7,98,tvSeries,Exact (title + year),-0.2,7.9,83,-0.2,15,1,TRUE
tt2431438,58,59,Sense8,2015,18+,8.3/10,84/100,1,0,0,0,1,8.3,8.2,172286,tvSeries,Exact (title + year),-0.100000000000001,8.3,142819,-0.100000000000001,29467,1,TRUE
tt2432604,532,535,Toast of London,2013,16+,8.2/10,62/100,1,0,0,0,1,8.2,8.2,12038,tvSeries,"Fuzzy (title exact, year +-1)",0,8.2,6955,0,5083,1,TRUE
tt2432822,2960,3085,Flea Market Flip,2012,all,6.7/10,45/100,0,1,0,0,1,6.7,7.1,556,tvSeries,Exact (title + year),0.399999999999999,6.7,332,0.399999999999999,224,1,TRUE
tt2433570,3932,4207,Unsealed: Alien Files,2012,"",6.5/10,46/100,0,0,1,0,1,6.5,6.4,921,tvSeries,Exact (title + year),-0.0999999999999996,6.5,749,-0.0999999999999996,172,1,TRUE
tt2433738,213,214,Wentworth,2013,18+,8.6/10,73/100,1,0,0,0,1,8.6,8.6,27119,tvSeries,Exact (title + year),0,8.6,17834,0,9285,1,TRUE
tt2438272,3748,3989,Gordon Ramsay's Ultimate Cookery Course,2012,"",8.4/10,53/100,0,0,1,0,1,8.4,8.1,413,tvSeries,Exact (title + year),-0.300000000000001,8.4,316,-0.300000000000001,97,1,TRUE
tt2442560,6,7,Peaky Blinders,2013,18+,8.8/10,93/100,1,0,0,0,1,8.8,8.7,786389,tvSeries,Exact (title + year),-0.100000000000001,8.8,380565,-0.100000000000001,405824,1,TRUE
tt2452242,143,144,HAPPY!,2017,18+,8.2/10,77/100,1,0,0,0,1,8.2,8.1,46003,tvSeries,Exact (title + year),-0.0999999999999996,8.2,34400,-0.0999999999999996,11603,1,TRUE
tt2458640,4442,4743,Nerve Center,2012,7+,6.6/10,29/100,0,0,1,0,1,6.6,8,29,tvSeries,"Fuzzy (title exact, year +-1)",1.4,6.6,10,1.4,19,1,TRUE
tt2459086,4341,4640,Double Your House for Half the Money,2012,"",6.9/10,33/100,0,0,1,0,1,6.9,6.8,32,tvSeries,Exact (title + year),-0.100000000000001,6.9,22,-0.100000000000001,10,1,TRUE
tt2460432,4517,4821,Life and Fate,2012,"","",19/100,0,0,1,0,1,,7.8,220,tvSeries,Exact (title + year),,7.7,158,0.0999999999999996,62,1,TRUE
tt2467242,4653,4969,Tea Time with Tayla,2011,"","",13/100,0,0,1,0,1,,7.6,14,tvSeries,Exact (title + year),,7,10,0.6,4,1,TRUE
tt2467372,1954,1965,Brooklyn Nine-Nine,2013,16+,8.4/10,92/100,0,1,0,0,1,8.4,8.4,421080,tvSeries,Exact (title + year),0,8.4,242517,0,178563,1,TRUE
tt2477230,407,409,The Night Shift,2014,16+,7.4/10,66/100,1,0,0,0,1,7.4,7.4,13934,tvSeries,Exact (title + year),0,7.4,11198,0,2736,1,TRUE
tt2480514,2077,2112,In the Flesh,2013,18+,8.0/10,76/100,0,1,0,0,1,8,7.9,14648,tvSeries,Exact (title + year),-0.0999999999999996,8,12821,-0.0999999999999996,1827,1,TRUE
tt2487090,683,686,Sam & Cat,2013,7+,5.7/10,59/100,1,0,0,0,1,5.7,5.8,14578,tvSeries,Exact (title + year),0.0999999999999996,5.7,7924,0.0999999999999996,6654,1,TRUE
tt2488050,1289,1292,El Reemplazante,2012,16+,8.5/10,47/100,1,0,0,0,1,8.5,8.6,1100,tvMiniSeries,Exact (title + year),0.0999999999999996,8.5,636,0.0999999999999996,464,1,TRUE
tt2497834,2629,2730,Axe Cop,2013,18+,7.4/10,56/100,0,1,0,0,1,7.4,7.3,2405,tvSeries,"Fuzzy (title exact, year +-1)",-0.100000000000001,7.4,1925,-0.100000000000001,480,1,TRUE
tt2498968,2303,2365,Catfish: The TV Show,2012,16+,7.1/10,66/100,0,1,0,0,1,7.1,7.1,9733,tvSeries,Exact (title + year),0,7.1,7453,0,2280,1,TRUE
tt2505934,3023,3150,Deadly Wives,2013,"",8.4/10,43/100,0,1,0,0,1,8.4,8,90,tvSeries,Exact (title + year),-0.4,8.4,48,-0.4,42,1,TRUE
tt2514488,4101,4391,Amish Mafia,2012,16+,3.1/10,40/100,0,0,1,0,1,3.1,3.1,1523,tvSeries,Exact (title + year),0,3.1,1392,0,131,1,TRUE
tt2525840,4331,4630,72 Hours,2013,16+,5.9/10,34/100,0,0,1,0,1,5.9,6,69,tvSeries,Exact (title + year),0.0999999999999996,5.9,57,0.0999999999999996,12,1,TRUE
tt2527184,4477,4779,House Hazards,2012,"",4.8/10,25/100,0,0,1,0,1,4.8,5.1,18,tvSeries,Exact (title + year),0.3,4.8,13,0.3,5,1,TRUE
tt2531336,31,32,Lupin,2021,18+,7.5/10,87/100,1,0,0,0,1,7.5,7.5,160424,tvSeries,Exact (title + year),0,7.6,69419,-0.0999999999999996,91005,1,TRUE
tt2534596,4080,4366,Wildest Latin America,2012,"","",41/100,0,0,1,0,1,,7.9,161,tvSeries,Exact (title + year),,8,127,-0.0999999999999996,34,1,TRUE
tt2535732,1003,1006,The Haunted Hathaways,2013,all,5.3/10,52/100,1,0,0,0,1,5.3,5.4,3385,tvSeries,Exact (title + year),0.100000000000001,5.2,1813,0.2,1572,1,TRUE
tt2543258,1088,1091,Subat,2012,"",8.1/10,51/100,1,0,0,0,1,8.1,7.9,1868,tvSeries,Exact (title + year),-0.199999999999999,8.1,1526,-0.199999999999999,342,1,TRUE
tt2543312,95,96,Halt and Catch Fire,2014,16+,8.4/10,81/100,1,0,0,0,1,8.4,8.4,38643,tvSeries,Exact (title + year),0,8.4,29423,0,9220,1,TRUE
tt2543328,175,176,TURN: Washington's Spies,2014,16+,8.1/10,76/100,1,0,0,0,1,8.1,8.1,26121,tvSeries,Exact (title + year),0,8.1,20020,0,6101,1,TRUE
tt2543378,2841,2956,Married to Medicine,2013,16+,5.2/10,49/100,0,1,0,0,1,5.2,6.1,638,tvSeries,Exact (title + year),0.9,5.3,300,0.8,338,1,TRUE
tt2543796,5088,5415,Girl Meets World,2014,all,7.1/10,65/100,0,0,0,1,1,7.1,7,18140,tvSeries,Exact (title + year),-0.0999999999999996,7.1,13242,-0.0999999999999996,4898,1,TRUE
tt2544148,1067,1070,20 Minutes,2013,"",6.9/10,51/100,1,0,0,0,1,6.9,8.2,11965,tvSeries,Exact (title + year),1.3,6.9,1550,1.3,10415,1,TRUE
tt2549176,2989,3116,Cardfight!! Vanguard,2011,16+,7.2/10,44/100,0,1,0,0,1,7.2,5.7,198,tvSeries,Exact (title + year),-1.5,7.2,98,-1.5,100,1,TRUE
tt2558816,896,899,EastSiders,2012,"",6.9/10,54/100,1,0,0,0,1,6.9,6.9,3352,tvSeries,Exact (title + year),0,6.9,2383,0,969,1,TRUE
tt2559390,3186,3317,Package Deal,2013,"",3.4/10,35/100,0,1,0,0,1,3.4,4.4,660,tvSeries,Exact (title + year),1,3.3,577,1.1,83,1,TRUE
tt2560140,2,3,Attack on Titan,2013,18+,9.0/10,95/100,1,1,0,0,1,9,9.1,735184,tvSeries,Exact (title + year),0.0999999999999996,9,234365,0.0999999999999996,500819,2,FALSE
tt2562174,2914,3037,To Catch a Smuggler,2012,7+,7.0/10,47/100,0,1,0,0,1,7,6.9,271,tvSeries,Exact (title + year),-0.0999999999999996,6.9,116,0,155,1,TRUE
tt2568204,2239,2293,Tyrant,2014,18+,7.8/10,68/100,0,1,0,0,1,7.8,7.7,24201,tvSeries,Exact (title + year),-0.0999999999999996,7.8,22191,-0.0999999999999996,2010,1,TRUE
tt2573338,5161,5496,Mighty Med,2013,7+,6.6/10,54/100,0,0,0,1,1,6.6,6.6,3002,tvSeries,Exact (title + year),0,6.5,1655,0.0999999999999996,1347,1,TRUE
tt2575684,2598,2699,Date a Live,2013,16+,7.0/10,56/100,0,1,0,0,1,7,6.9,5393,tvSeries,Exact (title + year),-0.0999999999999996,7,2336,-0.0999999999999996,3057,1,TRUE
tt2576360,4313,4611,Engineering Giants,2012,"",8.5/10,34/100,0,0,1,0,1,8.5,8.1,48,tvSeries,Exact (title + year),-0.4,8.5,27,-0.4,21,1,TRUE
tt2577192,3571,3769,Howards End,2017,7+,7.3/10,64/100,1,0,1,0,1,7.3,7.2,7468,tvMiniSeries,Exact (title + year),-0.0999999999999996,7.3,4753,-0.0999999999999996,2715,2,FALSE
tt2578560,2031,2062,Broad City,2014,18+,8.4/10,79/100,0,1,0,0,1,8.4,8.4,38943,tvSeries,Exact (title + year),0,8.4,27632,0,11311,1,TRUE
tt2580046,229,230,Miraculous: Tales of Ladybug & Cat Noir,2015,7+,7.7/10,73/100,1,0,0,0,1,7.7,7.5,20398,tvSeries,Exact (title + year),-0.2,7.7,7761,-0.2,12637,1,TRUE
tt2580128,1779,1787,Sammy & Co,2014,"",5.3/10,35/100,1,0,0,0,1,5.3,6.3,59,tvSeries,Exact (title + year),1,5.3,24,1,35,1,TRUE
tt2585808,2758,2868,La Patrona,2013,16+,7.2/10,52/100,0,1,0,0,1,7.2,7.5,612,tvSeries,Exact (title + year),0.3,7.2,438,0.3,174,1,TRUE
tt2587622,3047,3175,Zou,2012,"",6.9/10,42/100,0,1,0,0,1,6.9,5.9,123,tvSeries,Exact (title + year),-1,6.9,54,-1,69,1,TRUE
tt2587744,3199,3330,Nerds and Monsters,2013,"",4.8/10,35/100,0,1,0,0,1,4.8,4.5,121,tvSeries,Exact (title + year),-0.3,4.8,63,-0.3,58,1,TRUE
tt2603596,2206,2256,The Wrong Mans,2013,18+,7.8/10,70/100,0,1,0,0,1,7.8,7.7,8372,tvSeries,Exact (title + year),-0.0999999999999996,7.8,6876,-0.0999999999999996,1496,1,TRUE
tt2616280,249,250,Derek,2013,7+,8.0/10,72/100,1,0,0,0,1,8,8.1,37928,tvSeries,"Fuzzy (title exact, year +-1)",0.0999999999999996,8,28937,0.0999999999999996,8991,1,TRUE
tt2618986,2100,2137,Wayward Pines,2015,16+,7.4/10,75/100,0,1,0,0,1,7.4,7.3,65401,tvSeries,Exact (title + year),-0.100000000000001,7.4,52639,-0.100000000000001,12762,1,TRUE
tt2623064,2896,3018,Heartstrings,2011,16+,7.2/10,47/100,0,1,0,0,1,7.2,7.1,2423,tvSeries,Exact (title + year),-0.100000000000001,7.2,1612,-0.100000000000001,811,1,TRUE
tt2623770,4326,4625,Qumi-Qumi,2012,"",7.9/10,34/100,0,0,1,0,1,7.9,7.1,116,tvSeries,"Fuzzy (title exact, year +-1)",-0.800000000000001,7.9,52,-0.800000000000001,64,1,TRUE
tt2628232,53,54,Penny Dreadful,2014,18+,8.2/10,85/100,1,0,1,0,1,8.2,8.2,140327,tvSeries,Exact (title + year),0,8.2,114107,0,26220,2,FALSE
tt2631416,4357,4656,Immortalized,2013,"",4.4/10,33/100,0,0,1,0,1,4.4,3.1,112,tvSeries,Exact (title + year),-1.3,4.4,97,-1.3,15,1,TRUE
tt2632424,114,115,The Originals,2013,16+,8.2/10,80/100,1,0,0,0,1,8.2,8.2,161953,tvSeries,Exact (title + year),0,8.2,121156,0,40797,1,TRUE
tt2636446,2511,2605,Pasión prohibida,2013,"",8.4/10,59/100,0,1,0,0,1,8.4,7.9,409,tvSeries,Exact (title + year),-0.5,8.4,193,-0.5,216,1,TRUE
tt2644032,881,884,Barbie: Life in the Dreamhouse,2012,all,7.4/10,54/100,1,0,0,0,1,7.4,7.8,4109,tvSeries,Exact (title + year),0.399999999999999,7.4,1424,0.399999999999999,2685,1,TRUE
tt2645500,2707,2812,Haganai: I Don't Have Many Friends,2011,18+,7.1/10,54/100,0,1,0,0,1,7.1,6.9,3243,tvSeries,Exact (title + year),-0.199999999999999,7.1,1924,-0.199999999999999,1319,1,TRUE
tt2646334,4471,4773,How Tech Works,2012,"",6.8/10,26/100,0,0,1,0,1,6.8,6.8,14,tvSeries,Exact (title + year),0,6.8,10,0,4,1,TRUE
tt2647258,558,561,Hostages,2013,16+,6.7/10,62/100,1,0,0,0,1,6.7,6.7,10468,tvSeries,Exact (title + year),0,6.7,9657,0,811,1,TRUE
tt2647544,2095,2132,Sleepy Hollow,2013,16+,7.4/10,75/100,0,1,0,0,1,7.4,7.3,67081,tvSeries,Exact (title + year),-0.100000000000001,7.4,57979,-0.100000000000001,9102,1,TRUE
tt2647960,4418,4719,Vinnie Jones' Toughest Cops,2009,"",7.1/10,30/100,0,0,1,0,1,7.1,7.4,52,tvSeries,"Fuzzy (title exact, year +-1)",0.300000000000001,7.1,41,0.300000000000001,11,1,TRUE
tt2654620,2045,2077,The Strain,2014,18+,7.3/10,78/100,0,1,0,0,1,7.3,7.3,93916,tvSeries,Exact (title + year),0,7.3,76303,0,17613,1,TRUE
tt2656046,4453,4755,Death Unexplained,2012,"",7.4/10,28/100,0,0,1,0,1,7.4,7.5,15,tvSeries,Exact (title + year),0.0999999999999996,7.4,12,0.0999999999999996,3,1,TRUE
tt2659152,2996,3123,WWE Main Event,2012,7+,6.4/10,44/100,0,1,0,0,1,6.4,6.1,354,tvSeries,Exact (title + year),-0.300000000000001,6.4,263,-0.300000000000001,91,1,TRUE
tt2660690,4969,5288,Game Bang,2013,"","",10/100,0,0,1,0,1,,7.2,177,tvSeries,"Fuzzy (title exact, year +-1)",,7.1,158,0.100000000000001,19,1,TRUE
tt2660806,2178,2224,Mom,2013,16+,7.2/10,71/100,1,1,0,0,1,7.2,7.4,44291,tvSeries,Exact (title + year),0.2,7.2,29861,0.2,14430,2,FALSE
tt2661044,48,49,The 100,2014,16+,7.6/10,86/100,1,0,0,0,1,7.6,7.5,306367,tvSeries,Exact (title + year),-0.0999999999999996,7.6,224183,-0.0999999999999996,82184,1,TRUE
tt2674806,2028,2059,Inside No. 9,2014,18+,8.5/10,80/100,0,1,0,0,1,8.5,8.5,23986,tvSeries,Exact (title + year),0,8.5,13592,0,10394,1,TRUE
tt26762092,4532,4836,Power Battle Watch Car,2016,"","",18/100,0,0,1,0,1,,7.5,37,tvSeries,"Fuzzy (title exact, year +-1)",,,,,,1,TRUE
tt2693980,3917,4192,Shakespeare Uncovered,2012,"",8.6/10,46/100,0,0,1,0,1,8.6,8.5,290,tvSeries,Exact (title + year),-0.0999999999999996,8.6,208,-0.0999999999999996,82,1,TRUE
tt2699110,3487,3646,The Affair,2014,18+,7.9/10,78/100,0,0,1,0,1,7.9,7.9,52265,tvSeries,Exact (title + year),0,7.9,41643,0,10622,1,TRUE
tt2701582,3478,3634,Endeavour,2013,16+,8.6/10,80/100,0,0,1,0,1,8.6,8.6,38280,tvSeries,"Fuzzy (title exact, year +-1)",0,8.6,19849,0,18431,1,TRUE
tt2703720,2342,2409,My Teen Romantic Comedy SNAFU,2013,16+,7.9/10,64/100,0,1,0,0,1,7.9,8,13715,tvSeries,Exact (title + year),0.0999999999999996,7.9,4596,0.0999999999999996,9119,1,TRUE
tt2705602,2366,2437,Atlantis,2013,7+,6.6/10,63/100,0,1,0,0,1,6.6,6.5,12974,tvSeries,Exact (title + year),-0.0999999999999996,6.6,10909,-0.0999999999999996,2065,1,TRUE
tt2706484,4277,4573,Long Haired Businessmen,2013,"",8.5/10,35/100,0,0,1,0,1,8.5,8,22,tvSeries,Exact (title + year),-0.5,8.3,17,-0.300000000000001,5,1,TRUE
tt2707408,12,13,Narcos,2015,18+,8.8/10,90/100,1,0,0,0,1,8.8,8.7,532830,tvSeries,Exact (title + year),-0.100000000000001,8.8,370855,-0.100000000000001,161975,1,TRUE
tt2708480,2046,2078,The Terror,2018,18+,7.9/10,78/100,0,1,1,0,1,7.9,7.8,63078,tvSeries,Exact (title + year),-0.100000000000001,8,39967,-0.2,23111,2,FALSE
tt2710394,133,134,Reign,2013,16+,7.5/10,78/100,1,0,0,0,1,7.5,7.4,58172,tvSeries,Exact (title + year),-0.0999999999999996,7.5,44590,-0.0999999999999996,13582,1,TRUE
tt2711738,3514,3684,The Tunnel,2013,18+,7.9/10,72/100,0,0,1,0,1,7.9,7.9,12033,tvSeries,Exact (title + year),0,7.9,7970,0,4063,1,TRUE
tt2712516,2508,2602,The Thundermans,2013,all,5.8/10,59/100,0,1,0,0,1,5.8,6.1,9794,tvSeries,Exact (title + year),0.3,5.8,3930,0.3,5864,1,TRUE
tt2712612,2315,2377,Drunk History,2013,16+,7.8/10,65/100,0,1,0,0,1,7.8,7.8,13984,tvSeries,Exact (title + year),0,7.8,9523,0,4461,1,TRUE
tt2712740,2157,2200,The Goldbergs,2013,7+,8.1/10,72/100,0,1,0,0,1,8.1,8,44427,tvSeries,Exact (title + year),-0.0999999999999996,8.1,32657,-0.0999999999999996,11770,1,TRUE
tt2716982,2695,2800,Nura: Rise of the Yokai Clan,2010,16+,7.6/10,54/100,0,1,0,0,1,7.6,7.3,957,tvSeries,Exact (title + year),-0.3,7.6,618,-0.3,339,1,TRUE
tt2718652,5299,5646,Secrets of Wild India,2012,"",8.1/10,38/100,0,0,0,1,1,8.1,8,242,tvMiniSeries,Exact (title + year),-0.0999999999999996,8.1,127,-0.0999999999999996,115,1,TRUE
tt2729360,1315,1318,What If?,2011,"",7.5/10,46/100,1,0,0,0,1,7.5,7.6,692,tvSeries,Exact (title + year),0.0999999999999996,7.5,546,0.0999999999999996,146,1,TRUE
tt2733252,2171,2216,The Musketeers,2014,16+,7.8/10,71/100,0,1,0,0,1,7.8,7.8,25380,tvSeries,Exact (title + year),0,7.8,21038,0,4342,1,TRUE
tt2734194,3078,3206,Joe and Jack,2012,all,4.5/10,41/100,0,1,0,0,1,4.5,6,44,tvSeries,Exact (title + year),1.5,4.4,23,1.6,21,1,TRUE
tt2735500,1322,1325,Beni Böyle Sev,2013,"",7.1/10,46/100,1,0,0,0,1,7.1,7.1,857,tvSeries,Exact (title + original-language year),0,7.1,624,0,233,1,TRUE
tt2738088,3045,3173,Abandoned,2012,"","",42/100,0,1,1,0,1,,7.5,36,tvSeries,Exact (title + year),,7.3,27,0.2,9,2,FALSE
tt2738096,1172,1175,Black Ink Crew New York,2013,16+,4.6/10,49/100,1,1,0,0,1,4.6,5.2,553,tvSeries,"Fuzzy (title exact, year +-1)",0.600000000000001,4.6,356,0.600000000000001,197,2,FALSE
tt27410928,4533,4837,Siege in Fog,2018,"","",18/100,0,0,1,0,1,,7.9,21,tvSeries,Exact (title + year),,,,,,1,TRUE
tt2741602,22,23,The Blacklist,2013,16+,8.0/10,88/100,1,0,0,0,1,8,7.9,302611,tvSeries,Exact (title + year),-0.0999999999999996,8,207861,-0.0999999999999996,94750,1,TRUE
tt2746314,5275,5621,Henry Hugglemonster,2013,all,5.3/10,42/100,0,0,0,1,1,5.3,5.3,518,tvSeries,Exact (title + year),0,5.2,346,0.0999999999999996,172,1,TRUE
tt2759626,3177,3308,CNBC Originals,2003,16+,"",36/100,0,1,0,0,1,,7.7,35,tvSeries,Exact (title + original-language year),,6.5,15,1.2,20,1,TRUE
tt2760784,2807,2919,Blood Lad,2013,16+,7.1/10,51/100,0,1,0,0,1,7.1,6.9,2769,tvMiniSeries,Exact (title + year),-0.199999999999999,7.1,1720,-0.199999999999999,1049,1,TRUE
tt2768802,5147,5480,Mickey Mouse,2013,all,8.1/10,56/100,0,0,0,1,1,8.1,8.1,4551,tvSeries,Exact (title + year),0,8.1,2415,0,2136,1,TRUE
tt2769458,2907,3030,Sheriff Callie's Wild West,2013,all,6.5/10,47/100,0,1,0,1,1,6.5,6.2,937,tvSeries,Exact (title + year),-0.3,6.5,541,-0.3,396,2,FALSE
tt2771780,2484,2576,Teen Titans Go!,2013,7+,5.4/10,59/100,0,1,0,0,1,5.4,5.8,29305,tvSeries,Exact (title + year),0.399999999999999,5.3,18125,0.5,11180,1,TRUE
tt2777882,2490,2582,The Lord of the Skies,2013,16+,6.8/10,59/100,0,1,0,0,1,6.8,6.7,1631,tvSeries,Exact (title + year),-0.0999999999999996,6.8,935,-0.0999999999999996,696,1,TRUE
tt2782216,812,815,Reply 1997,2012,"",8.1/10,56/100,1,0,0,0,1,8.1,7.8,2838,tvSeries,Exact (title + year),-0.3,8.1,1716,-0.3,1122,1,TRUE
tt2786956,2546,2642,Married,2014,18+,7.1/10,58/100,0,1,0,0,1,7.1,7.1,3794,tvSeries,Exact (title + year),0,7.1,3358,0,436,1,TRUE
tt2788432,49,50,American Crime Story,2016,18+,8.4/10,85/100,1,0,0,0,1,8.4,8.4,102836,tvSeries,Exact (title + year),0,8.4,82148,0,20688,1,TRUE
tt2794380,5122,5453,Liv and Maddie,2013,all,6.4/10,59/100,0,0,0,1,1,6.4,6.4,12068,tvSeries,Exact (title + year),0,6.3,7091,0.100000000000001,4977,1,TRUE
tt27983388,5296,5643,Disney Parks Sunrise,2020,"","",38/100,0,0,0,1,1,,6.6,19,tvMiniSeries,Exact (title + year),,,,,,1,TRUE
tt2802008,5086,5412,Once Upon a Time in Wonderland,2013,7+,7.0/10,66/100,0,0,0,1,1,7,6.9,13629,tvSeries,Exact (title + year),-0.0999999999999996,7,11515,-0.0999999999999996,2114,1,TRUE
tt2802850,1953,1964,Fargo,2014,18+,8.9/10,92/100,0,1,0,0,1,8.9,8.8,472440,tvSeries,Exact (title + year),-0.0999999999999996,8.9,337582,-0.0999999999999996,134858,1,TRUE
tt2805096,2081,2116,Chicago P.D.,2014,16+,8.1/10,76/100,0,1,0,0,1,8.1,8.1,52545,tvSeries,Exact (title + year),0,8.1,29883,0,22662,1,TRUE
tt2805574,3556,3747,Mad Dogs,2015,18+,7.5/10,67/100,0,0,1,0,1,7.5,7.5,9383,tvSeries,Exact (title + year),0,7.5,8009,0,1374,1,TRUE
tt2806646,1113,1116,"That Winter, the Wind Blows",2013,"",7.7/10,50/100,1,0,0,0,1,7.7,7.5,2769,tvMiniSeries,Exact (title + year),-0.2,7.7,1510,-0.2,1259,1,TRUE
tt2811472,4356,4655,Pompidou,2015,"",4.1/10,33/100,0,0,1,0,1,4.1,4.2,873,tvSeries,Exact (title + year),0.100000000000001,4.1,776,0.100000000000001,97,1,TRUE
tt2817246,842,845,Girlfriends' Guide to Divorce,2014,16+,6.9/10,55/100,1,0,0,0,1,6.9,7,5154,tvSeries,Exact (title + year),0.0999999999999996,6.9,3985,0.0999999999999996,1169,1,TRUE
tt2818496,2782,2894,The Awesomes,2013,16+,7.3/10,51/100,0,1,0,0,1,7.3,7.2,1752,tvSeries,Exact (title + year),-0.0999999999999996,7.3,1322,-0.0999999999999996,430,1,TRUE
tt2823184,4312,4610,Rome,2012,"",5.6/10,34/100,0,0,1,0,1,5.6,6,39,tvSeries,Exact (title + year),0.4,5.6,32,0.4,7,1,TRUE
tt2825476,4018,4301,Wildest Islands,2012,"",8.2/10,43/100,0,0,1,0,1,8.2,8,225,tvSeries,Exact (title + year),-0.199999999999999,8.2,171,-0.199999999999999,54,1,TRUE
tt2834032,2656,2758,Love Thy Neighbor,2013,7+,4.4/10,55/100,0,1,0,0,1,4.4,4.4,998,tvSeries,Exact (title + year),0,4.3,693,0.100000000000001,305,1,TRUE
tt2838492,2734,2839,Treehouse Masters,2013,7+,7.3/10,53/100,0,1,0,0,1,7.3,7.2,1713,tvSeries,Exact (title + year),-0.0999999999999996,7.3,1237,-0.0999999999999996,476,1,TRUE
tt2860762,2871,2990,The Killer Speaks,2013,16+,7.4/10,48/100,0,1,0,0,1,7.4,7.3,374,tvSeries,"Fuzzy (title exact, year +-1)",-0.100000000000001,7.4,262,-0.100000000000001,112,1,TRUE
tt2861424,1950,1960,Rick and Morty,2013,18+,9.2/10,100/100,0,1,0,0,1,9.2,9,705679,tvSeries,Exact (title + year),-0.199999999999999,9.2,395409,-0.199999999999999,310270,1,TRUE
tt2874610,4261,4557,Constitution USA with Peter Sagal,2013,"","",36/100,0,0,1,0,1,,7.3,50,tvMiniSeries,Exact (title + year),,7.2,38,0.0999999999999996,12,1,TRUE
tt2877678,2822,2936,Marido en Alquiler,2013,"",8.3/10,50/100,0,1,0,0,1,8.3,7,138,tvSeries,Exact (title + year),-1.3,8.4,84,-1.4,54,1,TRUE
tt2879552,2001,2024,11.22.63,2016,18+,8.2/10,83/100,0,1,0,0,1,8.2,8,124957,tvMiniSeries,Exact (title + year),-0.199999999999999,8.2,75704,-0.199999999999999,49253,1,TRUE
tt2883562,2763,2874,Quick Draw,2013,16+,7.7/10,52/100,0,1,0,0,1,7.7,7.6,1695,tvSeries,Exact (title + year),-0.100000000000001,7.7,1366,-0.100000000000001,329,1,TRUE
tt2884130,3152,3283,Behind the Mask,2013,"",7.4/10,38/100,0,1,0,0,1,7.4,7.4,204,tvSeries,Exact (title + year),0,7.4,155,0,49,1,TRUE
tt2884504,4366,4665,Gangster Empire: Rise of the Mob,2013,16+,5.6/10,32/100,0,0,1,0,1,5.6,5.6,36,tvMiniSeries,Exact (title + year),0,5.4,29,0.199999999999999,7,1,TRUE
tt2886812,3945,4221,Played,2013,"",6.4/10,45/100,0,0,1,0,1,6.4,6.2,375,tvSeries,Exact (title + year),-0.2,6.4,309,-0.2,66,1,TRUE
tt2902582,2493,2585,Danganronpa: The Animation,2013,18+,6.9/10,59/100,0,1,0,0,1,6.9,6.8,4466,tvSeries,Exact (title + year),-0.100000000000001,6.9,1954,-0.100000000000001,2512,1,TRUE
tt2904656,2943,3068,Brothers Conflict,2013,16+,6.1/10,46/100,0,1,0,0,1,6.1,5.8,1036,tvMiniSeries,Exact (title + year),-0.3,6.1,659,-0.3,377,1,TRUE
tt2930446,2545,2641,Cutthroat Kitchen,2013,all,7.3/10,58/100,0,1,0,0,1,7.3,7.3,2436,tvSeries,Exact (title + year),0,7.3,1818,0,618,1,TRUE
tt2930604,5065,5387,Star Wars Rebels,2014,7+,8.0/10,79/100,0,0,0,1,1,8,8.1,70871,tvSeries,Exact (title + original-language year),0.0999999999999996,8,33858,0.0999999999999996,37013,1,TRUE
tt2940332,4107,4397,Catherine,2013,"",7.3/10,40/100,0,0,1,0,1,7.3,7,146,tvSeries,Exact (title + year),-0.3,7.3,113,-0.3,33,1,TRUE
tt2942218,2522,2618,Log Horizon,2013,16+,7.7/10,58/100,0,1,0,0,1,7.7,7.4,5771,tvSeries,Exact (title + year),-0.3,7.7,3617,-0.3,2154,1,TRUE
tt2948562,3914,4189,Tumble Leaf,2013,all,8.5/10,46/100,0,0,1,0,1,8.5,8.6,749,tvSeries,Exact (title + year),0.0999999999999996,8.5,417,0.0999999999999996,332,1,TRUE
tt2949316,4037,4321,Tornado Chasers,2012,"",8.1/10,42/100,0,0,1,0,1,8.1,7.8,601,tvSeries,Exact (title + year),-0.3,8.1,530,-0.3,71,1,TRUE
tt2950342,2464,2553,Mr. Pickles,2014,18+,7.4/10,60/100,0,1,0,0,1,7.4,7.3,11489,tvSeries,"Fuzzy (title exact, year +-1)",-0.100000000000001,7.4,7194,-0.100000000000001,4295,1,TRUE
tt29517493,1927,1937,Sleepless Society: Bedtime Wishes,2019,"","",16/100,1,0,0,0,1,,7,7,tvSeries,Exact (title + year),,,,,,1,TRUE
tt2952394,4360,4659,Anna's Wild Life,2011,all,8.4/10,33/100,0,0,1,0,1,8.4,8.4,16,tvSeries,Exact (title + year),0,8.4,9,0,7,1,TRUE
tt2955402,554,557,Velvet,2014,16+,8.1/10,62/100,1,0,0,0,1,8.1,8,7677,tvSeries,"Fuzzy (title exact, year +-1)",-0.0999999999999996,8.1,5372,-0.0999999999999996,2305,1,TRUE
tt2960796,4200,4496,Boundless,2013,7+,7.6/10,37/100,0,0,1,0,1,7.6,8.2,117,tvSeries,Exact (title + year),0.6,8.5,99,-0.300000000000001,18,1,TRUE
tt2963254,2137,2177,Salem,2014,18+,7.2/10,73/100,0,1,0,0,1,7.2,7.1,27194,tvSeries,Exact (title + year),-0.100000000000001,7.2,22394,-0.100000000000001,4800,1,TRUE
tt2964118,2295,2356,Dates,2013,"",7.5/10,66/100,0,1,0,0,1,7.5,7.5,1954,tvMiniSeries,Exact (title + year),0,7.5,1686,0,268,1,TRUE
tt2964642,2475,2564,Life Below Zero,2013,7+,8.0/10,60/100,0,1,0,1,1,8,7.9,2671,tvSeries,Exact (title + year),-0.0999999999999996,8,1633,-0.0999999999999996,1038,2,FALSE
tt2968124,3182,3313,Dama y Obrero,2013,16+,7.7/10,36/100,0,1,0,0,1,7.7,7.5,61,tvSeries,Exact (title + year),-0.2,7.7,25,-0.2,36,1,TRUE
tt2976010,1527,1533,Upin & Ipin,2007,all,5.8/10,42/100,1,0,0,0,1,5.8,6.4,622,tvSeries,Exact (title + year),0.600000000000001,5.7,301,0.7,321,1,TRUE
tt2980528,3690,3920,The Slave Hunters,2010,"",8.7/10,56/100,0,0,1,0,1,8.7,8.5,1331,tvMiniSeries,Exact (title + year),-0.199999999999999,8.8,726,-0.300000000000001,605,1,TRUE
tt2983222,390,392,Dare Me,2019,18+,6.7/10,66/100,1,0,0,0,1,6.7,6.7,7146,tvSeries,Exact (title + year),0,6.7,3835,0,3311,1,TRUE
tt2986262,4182,4478,Medieval Dead,2013,"",7.3/10,38/100,0,0,1,0,1,7.3,7.7,113,tvSeries,Exact (title + year),0.4,7.3,57,0.4,56,1,TRUE
tt2986266,4450,4752,Instruments of Death,2012,"",8.0/10,28/100,0,0,1,0,1,8,7.4,11,tvSeries,Exact (title + year),-0.6,8,5,-0.6,6,1,TRUE
tt2996052,5173,5512,I Didn't Do It,2014,all,6.0/10,52/100,0,0,0,1,1,6,6,3083,tvSeries,Exact (title + year),0,6,2286,0,797,1,TRUE
tt3006802,24,25,Outlander,2014,18+,8.4/10,88/100,1,0,0,0,1,8.4,8.3,203435,tvSeries,Exact (title + year),-0.0999999999999996,8.4,132777,-0.0999999999999996,70658,1,TRUE
tt3007572,151,152,Locke & Key,2020,16+,7.4/10,77/100,1,0,0,0,1,7.4,7.3,108724,tvSeries,Exact (title + year),-0.100000000000001,7.4,45895,-0.100000000000001,62829,1,TRUE
tt3007640,2462,2550,Naked and Afraid,2013,16+,6.6/10,60/100,0,1,0,0,1,6.6,6.6,5684,tvSeries,Exact (title + year),0,6.6,3484,0,2200,1,TRUE
tt3008594,5249,5593,Minnie's Bow-Toons,2011,all,6.2/10,45/100,0,0,0,1,1,6.2,5.4,310,tvSeries,Exact (title + year),-0.8,6.3,67,-0.9,243,1,TRUE
tt3010520,1469,1475,Turbo FAST,2013,7+,6.5/10,43/100,1,0,0,0,1,6.5,6.5,961,tvSeries,Exact (title + year),0,6.5,497,0,464,1,TRUE
tt3012160,3580,3780,Alpha House,2013,16+,7.6/10,64/100,0,0,1,0,1,7.6,7.5,5063,tvSeries,Exact (title + year),-0.0999999999999996,7.6,4333,-0.0999999999999996,730,1,TRUE
tt3012184,3654,3876,Betas,2013,18+,7.0/10,58/100,0,0,1,0,1,7,6.9,3063,tvSeries,Exact (title + year),-0.0999999999999996,7,2795,-0.0999999999999996,268,1,TRUE
tt3012532,4041,4325,Annedroids,2014,all,6.3/10,42/100,0,0,1,0,1,6.3,6.5,458,tvSeries,"Fuzzy (title exact, year +-1)",0.2,6.3,323,0.2,135,1,TRUE
tt3012540,4227,4523,Creative Galaxy,2013,all,5.0/10,37/100,0,0,1,0,1,5,5.4,342,tvSeries,Exact (title + year),0.4,5,232,0.4,110,1,TRUE
tt3012598,1174,1177,Angry Birds Toons,2013,all,6.3/10,49/100,1,0,0,0,1,6.3,6.4,1429,tvSeries,Exact (title + year),0.100000000000001,6.2,653,0.2,776,1,TRUE
tt3012976,3036,3164,High School USA!,2013,18+,6.4/10,42/100,0,1,0,0,1,6.4,6.3,689,tvSeries,Exact (title + year),-0.100000000000001,6.4,524,-0.100000000000001,165,1,TRUE
tt3027156,2720,2825,Street Outlaws,2013,7+,6.7/10,53/100,0,1,0,0,1,6.7,6.5,1195,tvSeries,Exact (title + year),-0.2,6.6,973,-0.0999999999999996,222,1,TRUE
tt3032476,3,4,Better Call Saul,2015,18+,8.8/10,94/100,1,0,0,0,1,8.8,9,852567,tvSeries,Exact (title + year),0.199999999999999,8.7,341285,0.300000000000001,511282,1,TRUE
tt3037520,2681,2785,Hollywood Game Night,2013,7+,7.2/10,54/100,0,1,0,0,1,7.2,7.3,1830,tvSeries,Exact (title + year),0.0999999999999996,7.2,1596,0.0999999999999996,234,1,TRUE
tt3038546,2444,2530,Mike Tyson Mysteries,2014,16+,8.1/10,61/100,0,1,0,0,1,8.1,8.2,6302,tvSeries,Exact (title + year),0.0999999999999996,8.1,4069,0.0999999999999996,2233,1,TRUE
tt3040470,1485,1491,Mother Goose Club,2010,"",7.4/10,43/100,1,0,0,0,1,7.4,7,203,tvSeries,"Fuzzy (title exact, year +-1)",-0.4,7.5,152,-0.5,51,1,TRUE
tt3042086,4112,4405,Your Bleeped Up Brain,2013,7+,7.8/10,40/100,0,0,1,0,1,7.8,7.7,108,tvSeries,Exact (title + year),-0.0999999999999996,7.8,95,-0.0999999999999996,13,1,TRUE
tt3042566,2948,3073,Crimes of the Century,2013,"",7.1/10,46/100,0,1,0,0,1,7.1,7,323,tvMiniSeries,Exact (title + year),-0.0999999999999996,7.1,219,-0.0999999999999996,104,1,TRUE
tt3042900,2892,3014,Lucas Bros Moving Co,2013,18+,7.0/10,48/100,0,1,0,0,1,7,7.1,1128,tvSeries,Exact (title + year),0.0999999999999996,7,911,0.0999999999999996,217,1,TRUE
tt3044680,3162,3293,Dreamland,2014,"",5.1/10,37/100,0,1,0,0,1,5.1,6.6,73,tvSeries,Exact (title + year),1.5,5.1,40,1.5,33,1,TRUE
tt3053136,4235,4531,Nature's Power Revealed,2011,"",9.0/10,36/100,0,0,1,0,1,9,9,16,tvSeries,Exact (title + year),0,9,11,0,5,1,TRUE
tt3056472,2788,2900,Total Divas,2013,16+,6.5/10,51/100,0,1,0,0,1,6.5,6.5,1928,tvSeries,Exact (title + year),0,6.5,1706,0,222,1,TRUE
tt3061046,2135,2175,Steven Universe,2013,7+,8.2/10,73/100,0,1,0,0,1,8.2,8.1,45536,tvSeries,Exact (title + year),-0.0999999999999996,8.2,27167,-0.0999999999999996,18369,1,TRUE
tt3061050,2526,2622,Clarence,2014,7+,6.6/10,58/100,0,1,0,0,1,6.6,6.9,14385,tvSeries,"Fuzzy (title exact, year +-1)",0.300000000000001,6.6,7492,0.300000000000001,6893,1,TRUE
tt3062328,3834,4090,Superheroes: A Never-Ending Battle,2013,7+,8.1/10,49/100,0,0,1,0,1,8.1,8.1,807,tvMiniSeries,Exact (title + year),0,8.1,699,0,108,1,TRUE
tt3063454,719,722,Man Down,2013,18+,7.6/10,58/100,1,0,0,0,1,7.6,7.6,5909,tvSeries,Exact (title + year),0,7.6,3375,0,2534,1,TRUE
tt3069894,436,438,Shtisel,2013,16+,8.6/10,65/100,1,0,0,0,1,8.6,8.6,8787,tvSeries,Exact (title + year),0,8.6,5618,0,3169,1,TRUE
tt3076512,1348,1352,Just You,2013,"",7.5/10,45/100,1,0,0,0,1,7.5,7.4,410,tvSeries,Exact (title + year),-0.0999999999999996,7.5,333,-0.0999999999999996,77,1,TRUE
tt3077336,1140,1143,The Chase,2013,all,7.4/10,50/100,1,1,0,0,1,7.4,7.4,958,tvSeries,Exact (title + year),0,7.4,757,0,201,2,FALSE
tt3097686,3035,3163,When Sharks Attack,2013,16+,6.6/10,42/100,0,1,0,1,1,6.6,6.1,175,tvSeries,Exact (title + year),-0.5,6.8,57,-0.7,118,2,FALSE
tt3098856,2908,3031,Miles from Tomorrowland,2015,all,6.6/10,47/100,0,1,0,1,1,6.6,6.4,749,tvSeries,Exact (title + year),-0.199999999999999,6.6,458,-0.199999999999999,291,2,FALSE
tt3100634,3279,3412,AwesomenessTV,2013,7+,2.4/10,25/100,0,1,0,0,1,2.4,2.8,422,tvSeries,Exact (title + year),0.4,2.4,328,0.4,94,1,TRUE
tt3104236,1024,1027,Nagi no Asukara,2013,7+,7.4/10,52/100,1,0,0,0,1,7.4,7.4,1696,tvSeries,Exact (title + original-language year),0,7.4,935,0,761,1,TRUE
tt3105452,2311,2373,Golden Time,2013,16+,7.6/10,66/100,0,1,0,0,1,7.6,7.6,6753,tvSeries,Exact (title + year),0,7.6,2507,0,4246,1,TRUE
tt3105674,1103,1106,Rabbids Invasion,2013,7+,5.0/10,50/100,1,1,0,0,1,5,5.5,2748,tvSeries,Exact (title + year),0.5,5,1502,0.5,1246,2,FALSE
tt3107224,3116,3247,Mother Up!,2013,16+,4.6/10,39/100,0,1,0,0,1,4.6,5.4,662,tvSeries,Exact (title + year),0.800000000000001,4.6,509,0.800000000000001,153,1,TRUE
tt3107288,23,24,The Flash,2014,16+,7.6/10,88/100,1,0,0,0,1,7.6,7.5,387409,tvSeries,Exact (title + year),-0.0999999999999996,7.6,314599,-0.0999999999999996,72810,1,TRUE
tt3110590,5180,5520,Car S.O.S.,2013,"",8.1/10,52/100,0,0,0,1,1,8.1,8.1,1106,tvSeries,Exact (title + year),0,8.1,586,0,520,1,TRUE
tt3112066,4447,4748,Wildlife Quest,2016,"",6.1/10,28/100,0,0,1,0,1,6.1,6.5,36,tvSeries,Exact (title + year),0.4,6.1,28,0.4,8,1,TRUE
tt3114350,2294,2355,Diabolik Lovers,2013,16+,5.2/10,66/100,0,1,0,0,1,5.2,4.8,2240,tvSeries,Exact (title + year),-0.4,5.2,1150,-0.4,1090,1,TRUE
tt3114390,354,356,Kill la Kill,2013,18+,7.9/10,67/100,1,0,0,0,1,7.9,7.8,19746,tvSeries,Exact (title + year),-0.100000000000001,7.9,11651,-0.100000000000001,8095,1,TRUE
tt3116986,4249,4545,Bad Ink,2013,16+,5.7/10,36/100,0,0,1,0,1,5.7,5.6,352,tvSeries,Exact (title + year),-0.100000000000001,5.7,315,-0.100000000000001,37,1,TRUE
tt3124992,544,547,Sailor Moon Crystal,2014,16+,8.0/10,62/100,1,1,0,0,1,8,7.8,2939,tvSeries,Exact (title + year),-0.2,8,1868,-0.2,1071,2,FALSE
tt3135476,3038,3166,El Mariachi,2014,"",8.0/10,42/100,0,1,0,0,1,8,7.7,157,tvSeries,Exact (title + year),-0.3,8,71,-0.3,86,1,TRUE
tt3137940,3191,3322,Countdown to UFC,2010,"",8.0/10,35/100,0,1,0,0,1,8,8,80,tvSeries,"Fuzzy (title exact, year +-1)",0,8,41,0,39,1,TRUE
tt3147316,2549,2645,Deadbeat,2014,16+,7.4/10,58/100,0,1,0,0,1,7.4,7.2,5912,tvSeries,Exact (title + year),-0.2,7.4,4513,-0.2,1399,1,TRUE
tt3148266,2020,2050,12 Monkeys,2015,16+,7.7/10,80/100,0,1,0,0,1,7.7,7.7,54073,tvSeries,Exact (title + year),0,7.7,41556,0,12517,1,TRUE
tt3158246,2500,2593,Space Dandy,2014,16+,8.1/10,59/100,0,1,0,0,1,8.1,8,5353,tvSeries,Exact (title + year),-0.0999999999999996,8.1,3509,-0.0999999999999996,1844,1,TRUE
tt3170940,3415,3549,Pop Trigger,2012,"","",13/100,0,1,0,0,1,,6.5,45,tvSeries,Exact (title + year),,5.9,33,0.6,12,1,TRUE
tt3184148,4382,4682,Wendy,2013,7+,5.9/10,32/100,0,0,1,0,1,5.9,6.6,52,tvSeries,Exact (title + year),0.699999999999999,5.9,26,0.699999999999999,26,1,TRUE
tt3184708,2590,2689,Good Doctor,2013,"",8.1/10,57/100,0,1,0,0,1,8.1,7.9,2693,tvSeries,Exact (title + year),-0.199999999999999,8.1,1516,-0.199999999999999,1177,1,TRUE
tt3190448,2891,3012,Metástasis,2014,16+,2.3/10,48/100,0,1,0,0,1,2.3,2.5,5405,tvSeries,Exact (title + year),0.2,2.3,1941,0.2,3464,1,TRUE
tt3196310,2828,2942,Outbreak Company,2013,16+,6.8/10,50/100,0,1,0,0,1,6.8,6.6,904,tvSeries,Exact (title + year),-0.2,6.9,432,-0.300000000000001,472,1,TRUE
tt3205334,2465,2554,The Moodys,2019,16+,6.8/10,60/100,0,1,0,0,1,6.8,7,1689,tvSeries,Exact (title + year),0.2,6.8,1187,0.2,502,1,TRUE
tt3205802,69,70,How to Get Away with Murder,2014,16+,8.1/10,83/100,1,1,0,0,1,8.1,8.1,179574,tvSeries,Exact (title + year),0,8.1,134305,0,45269,2,FALSE
tt3206080,1793,1801,President,2010,"",7.2/10,34/100,1,0,0,0,1,7.2,7.2,32,tvSeries,Exact (title + year),0,7.2,17,0,15,1,TRUE
tt3206540,4100,4390,Morganville: The series,2014,"",5.7/10,40/100,0,0,1,0,1,5.7,5.6,327,tvMiniSeries,Exact (title + year),-0.100000000000001,5.7,293,-0.100000000000001,34,1,TRUE
tt3211050,4203,4499,The Vigilantes in Masks,2011,16+,7.9/10,37/100,0,0,1,0,1,7.9,7.3,131,tvSeries,"Fuzzy (title exact, year +-1)",-0.600000000000001,7.9,74,-0.600000000000001,57,1,TRUE
tt3220976,3745,3985,Lucky Dog,2013,all,8.5/10,53/100,0,0,1,0,1,8.5,8.5,384,tvSeries,Exact (title + year),0,8.5,198,0,186,1,TRUE
tt3225270,2324,2388,Noragami,2014,16+,7.9/10,65/100,0,1,0,0,1,7.9,7.8,23293,tvSeries,Exact (title + year),-0.100000000000001,7.9,12089,-0.100000000000001,11204,1,TRUE
tt3228420,2068,2103,You're the Worst,2014,18+,8.1/10,77/100,0,1,0,0,1,8.1,8.1,30114,tvSeries,Exact (title + year),0,8.1,23930,0,6184,1,TRUE
tt3228904,2112,2149,Empire,2015,16+,7.4/10,74/100,0,1,0,0,1,7.4,7.4,42778,tvSeries,Exact (title + year),0,7.4,37838,0,4940,1,TRUE
tt3230454,2072,2107,The Last Man on Earth,2015,16+,7.3/10,77/100,0,1,0,0,1,7.3,7.4,68770,tvSeries,Exact (title + year),0.100000000000001,7.3,54007,0.100000000000001,14763,1,TRUE
tt3230780,3541,3724,The Returned,2015,18+,7.1/10,68/100,0,0,1,0,1,7.1,7,12515,tvSeries,Exact (title + year),-0.0999999999999996,7.1,11530,-0.0999999999999996,985,1,TRUE
tt3230854,3450,3588,The Expanse,2015,16+,8.5/10,90/100,0,0,1,0,1,8.5,8.5,193721,tvSeries,Exact (title + year),0,8.5,117329,0,76392,1,TRUE
tt3231022,3605,3811,Survivor's Remorse,2014,18+,7.0/10,62/100,0,0,1,0,1,7,7.2,2767,tvSeries,Exact (title + year),0.2,7,2187,0.2,580,1,TRUE
tt3231286,2680,2784,Skin Wars,2014,16+,7.1/10,54/100,0,1,0,0,1,7.1,7.1,1526,tvSeries,Exact (title + year),0,7.1,1270,0,256,1,TRUE
tt3232262,2592,2692,Sonic Boom,2014,7+,6.9/10,57/100,0,1,0,0,1,6.9,6.9,8049,tvSeries,Exact (title + year),0,7,5378,-0.0999999999999996,2671,1,TRUE
tt3250026,239,240,Zoo,2015,16+,6.7/10,72/100,1,0,0,0,1,6.7,6.7,27361,tvSeries,Exact (title + year),0,6.8,22327,-0.0999999999999996,5034,1,TRUE
tt3267040,3265,3397,Behind the Bar,2011,16+,4.4/10,28/100,0,1,0,0,1,4.4,5.1,11,tvSeries,Exact (title + year),0.699999999999999,4.4,7,0.699999999999999,4,1,TRUE
tt3270208,1578,1584,Tayo the Little Bus,2010,"",5.6/10,40/100,1,1,1,0,1,5.6,5.6,293,tvSeries,Exact (title + original-language year),0,5.5,131,0.0999999999999996,162,3,FALSE
tt3288518,2038,2070,Younger,2015,16+,7.8/10,79/100,0,1,0,0,1,7.8,7.7,35386,tvSeries,Exact (title + year),-0.0999999999999996,7.8,19451,-0.0999999999999996,15935,1,TRUE
tt3292726,2675,2779,Tim and Eric's Bedtime Stories,2014,18+,7.8/10,54/100,0,1,0,0,1,7.8,7.8,2772,tvSeries,"Fuzzy (title exact, year +-1)",0,7.8,1981,0,791,1,TRUE
tt3306842,4110,4403,Bali,2006,"",5.5/10,40/100,0,0,1,0,1,5.5,7.8,52,tvSeries,Exact (title + year),2.3,5.5,18,2.3,34,1,TRUE
tt3311936,3103,3234,Side Effects,2013,"",7.4/10,39/100,0,1,0,0,1,7.4,7.6,203,tvSeries,Exact (title + year),0.199999999999999,7.3,171,0.3,32,1,TRUE
tt3314218,2148,2189,UnREAL,2015,16+,7.8/10,72/100,0,1,0,0,1,7.8,7.7,17208,tvSeries,Exact (title + year),-0.0999999999999996,7.8,13701,-0.0999999999999996,3507,1,TRUE
tt3315020,2644,2745,Prey,2014,"",7.2/10,55/100,0,1,0,0,1,7.2,7.2,4479,tvSeries,Exact (title + year),0,7.2,2909,0,1570,1,TRUE
tt3321642,3912,4187,999: What's Your Emergency?,2012,"",7.3/10,46/100,0,0,1,0,1,7.3,7.4,212,tvSeries,Exact (title + year),0.100000000000001,7.2,153,0.2,59,1,TRUE
tt3322310,214,215,Marvel's Iron Fist,2017,18+,6.5/10,73/100,1,0,0,0,1,6.5,6.4,150309,tvSeries,"Fuzzy (prefix stripped, exact year)",-0.0999999999999996,6.5,117526,-0.0999999999999996,32783,1,TRUE
tt3322312,15,16,Marvel's Daredevil,2015,18+,8.6/10,90/100,1,0,0,0,1,8.6,8.6,537710,tvSeries,"Fuzzy (prefix stripped, exact year)",0,8.6,371136,0,166574,1,TRUE
tt3322314,126,127,Marvel's Luke Cage,2016,18+,7.3/10,79/100,1,0,0,0,1,7.3,7.2,149530,tvSeries,"Fuzzy (prefix stripped, exact year)",-0.0999999999999996,7.3,119118,-0.0999999999999996,30412,1,TRUE
tt3323824,3675,3904,Drifters,2013,18+,7.7/10,57/100,0,0,1,0,1,7.7,7.1,2201,tvSeries,Exact (title + year),-0.600000000000001,7.1,1341,0,860,1,TRUE
tt3328268,4281,4577,Crackanory,2013,"",7.0/10,35/100,0,0,1,0,1,7,7.1,172,tvSeries,Exact (title + year),0.0999999999999996,7,133,0.0999999999999996,39,1,TRUE
tt3333802,4343,4642,"Frauen, die Geschichte machten",2013,"",7.3/10,33/100,0,0,1,0,1,7.3,7.2,95,tvSeries,Exact (title + year),-0.0999999999999996,7.2,61,0,34,1,TRUE
tt3333880,3740,3979,Wahlburgers,2014,16+,6.8/10,53/100,0,0,1,0,1,6.8,6.7,1830,tvSeries,Exact (title + year),-0.0999999999999996,6.8,1534,-0.0999999999999996,296,1,TRUE
tt3337194,454,456,From Dusk Till Dawn: The Series,2014,18+,6.9/10,64/100,1,0,0,0,1,6.9,6.8,22622,tvSeries,Exact (title + year),-0.100000000000001,6.9,19355,-0.100000000000001,3267,1,TRUE
tt3339966,125,126,Unbreakable Kimmy Schmidt,2015,16+,7.6/10,79/100,1,0,0,0,1,7.6,7.5,83805,tvSeries,Exact (title + year),-0.0999999999999996,7.6,64978,-0.0999999999999996,18827,1,TRUE
tt3355496,4240,4536,Sangre Negra,2017,"",8.5/10,36/100,0,0,1,0,1,8.5,8,486,tvSeries,"Fuzzy (title exact, year +-1)",-0.5,8.7,55,-0.699999999999999,431,1,TRUE
tt3357586,1045,1048,Reply 1994,2013,"",7.8/10,51/100,1,0,0,0,1,7.8,7.7,1946,tvSeries,Exact (title + year),-0.0999999999999996,7.8,1043,-0.0999999999999996,903,1,TRUE
tt3383584,4180,4476,Impostors,2014,16+,7.7/10,38/100,0,0,1,0,1,7.7,8,43,tvSeries,Exact (title + year),0.3,7.6,30,0.4,13,1,TRUE
tt3385484,830,833,Let's Eat,2013,16+,7.7/10,55/100,1,0,0,0,1,7.7,7.6,731,tvSeries,Exact (title + year),-0.100000000000001,7.7,525,-0.100000000000001,206,1,TRUE
tt3390892,3602,3806,The Last Tycoon,2016,7+,7.7/10,62/100,0,0,1,0,1,7.7,7.5,6174,tvSeries,Exact (title + year),-0.2,7.7,4726,-0.2,1448,1,TRUE
tt3398228,39,40,BoJack Horseman,2014,18+,8.7/10,86/100,1,0,0,0,1,8.7,8.8,236796,tvSeries,Exact (title + year),0.100000000000001,8.7,120928,0.100000000000001,115868,1,TRUE
tt3399762,2971,3096,Buddy Complex,2013,"",7.3/10,45/100,0,1,0,0,1,7.3,6.9,192,tvSeries,"Fuzzy (title exact, year +-1)",-0.399999999999999,7.3,116,-0.399999999999999,76,1,TRUE
tt3415250,4036,4320,Sex Sent Me to the ER,2013,18+,5.4/10,42/100,0,0,1,0,1,5.4,5.1,458,tvSeries,Exact (title + year),-0.300000000000001,5.4,355,-0.300000000000001,103,1,TRUE
tt3419982,4495,4797,Flint,2012,"","",22/100,0,0,1,0,1,,6.3,409,tvMiniSeries,Exact (title + year),,6.4,196,-0.100000000000001,213,1,TRUE
tt34325617,1740,1748,Miss Culinary,2019,"","",36/100,1,0,0,0,1,,7.2,6,tvSeries,Exact (title + year),,,,,,1,TRUE
tt3441810,1417,1423,Some Assembly Required,2014,all,3.7/10,44/100,1,0,1,0,1,3.7,4.8,1407,tvSeries,Exact (title + year),1.1,3.7,756,1.1,651,2,FALSE
tt3443306,2699,2804,The Qwaser of Stigmata,2010,18+,5.6/10,54/100,0,1,0,0,1,5.6,5.4,635,tvSeries,Exact (title + year),-0.199999999999999,5.6,284,-0.199999999999999,351,1,TRUE
tt3444938,2382,2457,The Tonight Show Starring Jimmy Fallon,2014,16+,7.2/10,63/100,0,1,0,0,1,7.2,7,20290,tvSeries,Exact (title + year),-0.2,7.2,16646,-0.2,3644,1,TRUE
tt3449528,2809,2921,Siblings,2014,"",7.1/10,50/100,0,1,0,0,1,7.1,7,1644,tvSeries,Exact (title + year),-0.0999999999999996,7.1,1228,-0.0999999999999996,416,1,TRUE
tt34497037,1914,1923,Monkart,2017,"","",18/100,1,0,0,0,1,,8.5,32,tvSeries,Exact (title + year),,,,,,1,TRUE
tt3453204,2936,3059,Soul Eater Not!,2014,16+,5.7/10,46/100,0,1,0,0,1,5.7,5.6,702,tvMiniSeries,Exact (title + year),-0.100000000000001,5.7,433,-0.100000000000001,269,1,TRUE
tt3453512,2932,3055,The Hotwives of Orlando,2014,16+,7.5/10,46/100,0,1,0,0,1,7.5,7.5,1065,tvSeries,Exact (title + year),0,7.5,809,0,256,1,TRUE
tt3455408,481,484,The Curse of Oak Island,2014,7+,7.0/10,64/100,1,1,0,0,1,7,6.8,7526,tvSeries,Exact (title + year),-0.2,7,4510,-0.2,3016,2,FALSE
tt3464896,3590,3791,Small Axe,2020,18+,7.9/10,63/100,0,0,1,0,1,7.9,7.8,5847,tvMiniSeries,Exact (title + year),-0.100000000000001,7.9,3209,-0.100000000000001,2638,1,TRUE
tt3465008,3030,3157,Special Forces,2012,"",9.0/10,43/100,0,1,1,0,1,9,8.6,10,tvSeries,Exact (title + year),-0.4,9,7,-0.4,3,2,FALSE
tt3468670,3142,3273,The Wildlife Docs,2013,all,8.0/10,38/100,0,1,0,0,1,8,8.2,38,tvSeries,Exact (title + year),0.199999999999999,7.9,25,0.299999999999999,13,1,TRUE
tt3468798,2202,2252,Baskets,2016,18+,7.6/10,70/100,0,1,0,0,1,7.6,7.6,13734,tvSeries,Exact (title + year),0,7.6,10498,0,3236,1,TRUE
tt3469050,2509,2603,90 Day Fiancé,2014,16+,6.4/10,59/100,0,1,0,0,1,6.4,6.4,3243,tvSeries,Exact (title + year),0,6.4,1527,0,1716,1,TRUE
tt3473134,1490,1496,Off Camera with Sam Jones,2014,"",8.4/10,43/100,1,0,0,0,1,8.4,8.5,350,tvSeries,Exact (title + year),0.0999999999999996,8.4,268,0.0999999999999996,82,1,TRUE
tt3473178,4178,4474,The Sheriffs are Coming,2012,all,7.1/10,38/100,0,0,1,0,1,7.1,7.1,96,tvSeries,Exact (title + year),0,7.1,81,0,15,1,TRUE
tt3475734,5063,5384,Marvel's Agent Carter,2015,7+,7.9/10,82/100,0,0,0,1,1,7.9,7.8,95650,tvSeries,"Fuzzy (prefix stripped, exact year)",-0.100000000000001,7.9,75475,-0.100000000000001,20175,1,TRUE
tt3476576,2653,2755,The Slap,2015,16+,7.6/10,55/100,0,1,1,0,1,7.6,6.2,3994,tvSeries,Exact (title + year),-1.4,6.1,3331,0.100000000000001,663,2,FALSE
tt3484274,568,571,Are You The One?,2014,16+,6.5/10,61/100,1,1,0,0,1,6.5,6.6,3314,tvSeries,Exact (title + year),0.0999999999999996,6.5,1958,0.0999999999999996,1356,2,FALSE
tt3487356,2117,2154,black-ish,2014,16+,7.1/10,74/100,0,1,0,0,1,7.1,7.3,27861,tvSeries,Exact (title + year),0.2,7.1,20522,0.2,7339,1,TRUE
tt3496764,3679,3909,Gortimer Gibbon's Life on Normal Street,2014,all,8.3/10,56/100,0,0,1,0,1,8.3,8.3,1916,tvSeries,Exact (title + year),0,8.3,1273,0,643,1,TRUE
tt3498424,3818,4072,Féminin/Féminin,2014,16+,8.4/10,50/100,0,0,1,0,1,8.4,8.4,311,tvSeries,Exact (title + year),0,8.4,273,0,38,1,TRUE
tt3498622,3513,3683,Fortitude,2015,18+,7.4/10,72/100,0,0,1,0,1,7.4,7.3,25129,tvSeries,Exact (title + year),-0.100000000000001,7.4,20279,-0.100000000000001,4850,1,TRUE
tt3501074,220,221,Madam Secretary,2014,16+,7.6/10,73/100,1,0,0,0,1,7.6,7.8,29655,tvSeries,Exact (title + year),0.2,7.6,20462,0.2,9193,1,TRUE
tt3501584,110,111,iZombie,2015,16+,7.8/10,80/100,1,0,0,0,1,7.8,7.8,79397,tvSeries,Exact (title + year),0,7.8,61628,0,17769,1,TRUE
tt3502172,3510,3677,Mozart in the Jungle,2014,18+,8.1/10,74/100,0,0,1,0,1,8.1,8.1,27237,tvSeries,Exact (title + year),0,8.1,23292,0,3945,1,TRUE
tt3502248,3451,3590,Bosch,2015,18+,8.4/10,88/100,0,0,1,0,1,8.4,8.5,98500,tvSeries,"Fuzzy (title exact, year +-1)",0.0999999999999996,8.4,49736,0.0999999999999996,48764,1,TRUE
tt3502262,3521,3692,Transparent,2014,18+,7.7/10,72/100,0,0,1,0,1,7.7,7.8,24537,tvSeries,Exact (title + year),0.0999999999999996,7.7,21512,0.0999999999999996,3025,1,TRUE
tt3508050,2570,2668,Banished,2015,18+,7.4/10,57/100,0,1,1,0,1,7.4,7.4,4494,tvMiniSeries,Exact (title + year),0,7.4,3458,0,1036,2,FALSE
tt3508674,1669,1675,"Noddy, Toyland Detective",2016,all,6.2/10,39/100,1,0,0,0,1,6.2,6,193,tvSeries,Exact (title + year),-0.2,6.2,100,-0.2,93,1,TRUE
tt3511852,2958,3083,Part of Me,2014,16+,8.4/10,45/100,0,1,0,0,1,8.4,7.6,164,tvSeries,Exact (title + year),-0.800000000000001,8.3,104,-0.700000000000001,60,1,TRUE
tt3513388,2792,2904,Late Night with Seth Meyers,2014,16+,6.1/10,51/100,0,1,0,0,1,6.1,6.4,8733,tvSeries,Exact (title + year),0.300000000000001,6.1,6547,0.300000000000001,2186,1,TRUE
tt3519870,2997,3124,House Hunters Renovation,2012,all,6.4/10,44/100,0,1,0,0,1,6.4,6.5,282,tvSeries,Exact (title + year),0.0999999999999996,6.4,222,0.0999999999999996,60,1,TRUE
tt3520702,167,168,Bloodline,2015,18+,7.9/10,76/100,1,0,0,0,1,7.9,7.8,63877,tvSeries,Exact (title + year),-0.100000000000001,7.9,45398,-0.100000000000001,18479,1,TRUE
tt3526078,45,46,Schitt's Creek,2015,16+,8.5/10,86/100,1,0,0,0,1,8.5,8.5,175684,tvSeries,Exact (title + year),0,8.5,84994,0,90690,1,TRUE
tt3530668,1131,1134,Autumn's Concerto,2009,16+,8.0/10,50/100,1,0,0,0,1,8,7.8,659,tvSeries,Exact (title + year),-0.2,8,398,-0.2,261,1,TRUE
tt3544772,5302,5649,Kirby Buckets,2014,7+,4.8/10,38/100,0,0,0,1,1,4.8,5,690,tvSeries,Exact (title + year),0.2,4.8,422,0.2,268,1,TRUE
tt3547120,4454,4756,Avoiding Apocalypse,2012,"",5.6/10,27/100,0,0,1,0,1,5.6,7.4,10,tvSeries,Exact (title + year),1.8,5.6,8,1.8,2,1,TRUE
tt3548368,4073,4359,YouTubers React,2012,"",4.9/10,41/100,0,0,1,0,1,4.9,4.9,947,tvSeries,Exact (title + year),0,4.9,873,0,74,1,TRUE
tt3548468,4324,4623,Elders React,2012,"",5.8/10,34/100,0,0,1,0,1,5.8,5.8,751,tvSeries,Exact (title + year),0,5.8,707,0,44,1,TRUE
tt3551096,2104,2141,Fresh Off the Boat,2015,7+,7.8/10,75/100,0,1,0,0,1,7.8,7.7,32524,tvSeries,Exact (title + year),-0.0999999999999996,7.8,23008,-0.0999999999999996,9516,1,TRUE
tt3552166,2552,2649,Intruders,2014,18+,6.7/10,58/100,0,1,1,0,1,6.7,6.6,4198,tvSeries,Exact (title + year),-0.100000000000001,6.7,3474,-0.100000000000001,724,2,FALSE
tt3552688,1031,1034,Hangar 1: The UFO Files,2015,7+,7.3/10,52/100,1,0,1,0,1,7.3,7.2,1087,tvSeries,"Fuzzy (title exact, year +-1)",-0.0999999999999996,7.3,872,-0.0999999999999996,215,2,FALSE
tt3553312,4060,4346,When We Go to War,2015,16+,6.7/10,42/100,0,0,1,0,1,6.7,6.8,261,tvMiniSeries,Exact (title + year),0.0999999999999996,6.7,139,0.0999999999999996,122,1,TRUE
tt3560876,4355,4654,PowerNation: Engine Power,2014,all,7.7/10,33/100,0,0,1,0,1,7.7,7.8,15,tvSeries,Exact (title + year),0.0999999999999996,8.3,6,-0.500000000000001,9,1,TRUE
tt3561180,3542,3726,Trapped,2015,7+,8.1/10,68/100,0,0,1,0,1,8.1,8,26952,tvSeries,Exact (title + year),-0.0999999999999996,8.1,16919,-0.0999999999999996,10033,1,TRUE
tt3562366,2837,2952,The Furchester Hotel,2014,all,7.2/10,49/100,0,1,0,0,1,7.2,7.4,188,tvSeries,Exact (title + year),0.2,7.3,111,0.100000000000001,77,1,TRUE
tt3565486,595,598,Black Money Love,2014,"",7.3/10,61/100,1,0,0,0,1,7.3,7.6,8774,tvSeries,Exact (title + year),0.3,7.3,5197,0.3,3577,1,TRUE
tt3566726,105,106,Jane the Virgin,2014,16+,7.8/10,80/100,1,0,0,0,1,7.8,7.8,64839,tvSeries,Exact (title + year),0,7.8,40680,0,24159,1,TRUE
tt3585578,4844,5163,Cosmic Journeys,2009,"","",10/100,0,0,1,0,1,,8.2,70,tvSeries,Exact (title + year),,8.1,53,0.0999999999999996,17,1,TRUE
tt3589872,2770,2882,Black Jesus,2014,18+,6.9/10,51/100,0,1,0,0,1,6.9,7.1,4057,tvSeries,Exact (title + year),0.199999999999999,6.9,3204,0.199999999999999,853,1,TRUE
tt3590338,1175,1178,Puffin Rock,2015,all,8.7/10,49/100,1,0,0,0,1,8.7,8.6,1435,tvSeries,Exact (title + year),-0.0999999999999996,8.7,765,-0.0999999999999996,670,1,TRUE
tt3593456,5194,5534,"Dr. Oakley, Yukon Vet",2014,all,8.3/10,51/100,0,0,0,1,1,8.3,8.5,845,tvSeries,Exact (title + year),0.199999999999999,8.3,453,0.199999999999999,392,1,TRUE
tt3596174,572,575,Henry Danger,2014,all,5.7/10,61/100,1,0,0,0,1,5.7,6.4,11238,tvSeries,Exact (title + year),0.7,5.7,3765,0.7,7473,1,TRUE
tt3596176,1065,1068,"Nicky, Ricky, Dicky & Dawn",2014,all,5.2/10,51/100,1,0,0,0,1,5.2,5.6,4552,tvSeries,Exact (title + year),0.399999999999999,5.2,2065,0.399999999999999,2487,1,TRUE
tt3596178,930,933,Bella and the Bulldogs,2015,all,5.4/10,53/100,1,0,0,0,1,5.4,5.4,3002,tvSeries,Exact (title + year),0,5.4,1484,0,1518,1,TRUE
tt3597790,2241,2295,Angie Tribeca,2016,16+,7.0/10,68/100,0,1,0,0,1,7,7.1,10359,tvSeries,Exact (title + year),0.0999999999999996,7,8306,0.0999999999999996,2053,1,TRUE
tt3597912,3584,3784,The Royals,2015,16+,7.5/10,64/100,0,0,1,0,1,7.5,7.4,14992,tvSeries,Exact (title + year),-0.0999999999999996,7.5,11413,-0.0999999999999996,3579,1,TRUE
tt3598030,2405,2482,K.C. Undercover,2015,all,6.2/10,62/100,0,1,0,1,1,6.2,6.5,8061,tvSeries,Exact (title + year),0.3,6.2,3755,0.3,4306,2,FALSE
tt3598496,3708,3941,Texas Rising,2015,16+,6.7/10,55/100,0,0,1,0,1,6.7,6.7,4960,tvMiniSeries,Exact (title + year),0,6.7,3826,0,1134,1,TRUE
tt3602560,5238,5582,Evermoor,2014,"",6.2/10,46/100,0,0,0,1,1,6.2,6.3,1044,tvSeries,Exact (title + year),0.0999999999999996,6.2,557,0.0999999999999996,487,1,TRUE
tt3604232,1382,1386,Transformers: Robots In Disguise,2015,all,5.9/10,45/100,1,0,1,0,1,5.9,6,1697,tvSeries,"Fuzzy (title exact, year +-1)",0.0999999999999996,6,899,0,798,2,FALSE
tt3609352,116,117,Grace and Frankie,2015,18+,8.3/10,80/100,1,0,0,0,1,8.3,8.2,62296,tvSeries,Exact (title + year),-0.100000000000001,8.3,40701,-0.100000000000001,21595,1,TRUE
tt3610926,710,713,W1A,2014,"",7.8/10,58/100,1,0,0,0,1,7.8,7.8,3700,tvSeries,Exact (title + year),0,7.8,2269,0,1431,1,TRUE
tt3612226,4398,4698,The Amazing Gayl Pile,2015,"",4.6/10,31/100,0,0,1,0,1,4.6,5.3,811,tvSeries,"Fuzzy (title exact, year +-1)",0.7,4.5,527,0.8,284,1,TRUE
tt3615002,730,733,Monthly Girls' Nozaki-kun,2014,7+,7.6/10,57/100,1,0,0,0,1,7.6,7.5,4880,tvMiniSeries,Exact (title + year),-0.0999999999999996,7.6,2766,-0.0999999999999996,2114,1,TRUE
tt3618534,4289,4586,The R.I.P. Files,2012,"",7.1/10,35/100,0,0,1,0,1,7.1,6.9,48,tvSeries,Exact (title + year),-0.199999999999999,7.4,38,-0.5,10,1,TRUE
tt3621796,506,509,Fate/stay night [Unlimited Blade Works],2014,18+,8.0/10,63/100,1,1,0,0,1,8,8,11126,tvSeries,Exact (title + year),0,8,6559,0,4567,2,FALSE
tt3634624,3441,3575,Tiny Nuts,2014,"","",10/100,0,1,0,0,1,,6.1,25,tvSeries,Exact (title + year),,5.8,18,0.3,7,1,TRUE
tt3636060,3489,3649,Poldark,2015,16+,8.3/10,78/100,0,0,1,0,1,8.3,8.2,41190,tvSeries,Exact (title + year),-0.100000000000001,8.3,27157,-0.100000000000001,14033,1,TRUE
tt3640376,4479,4781,Makeover Wish,2007,"",6.0/10,25/100,0,0,1,0,1,6,6.4,12,tvSeries,Exact (title + year),0.4,6,6,0.4,6,1,TRUE
tt3646104,3891,4161,Full Custom Garage,2014,"",8.5/10,47/100,0,0,1,0,1,8.5,8.5,291,tvSeries,Exact (title + year),0,8.6,106,-0.0999999999999996,185,1,TRUE
tt3647374,1567,1573,Panda and Hedgehog,2012,"",6.3/10,41/100,1,0,0,0,1,6.3,6.3,296,tvSeries,Exact (title + year),0,6.3,233,0,63,1,TRUE
tt3647998,1995,2017,Taboo,2017,18+,8.4/10,83/100,0,1,0,0,1,8.4,8.3,164184,tvSeries,Exact (title + year),-0.0999999999999996,8.4,118292,-0.0999999999999996,45892,1,TRUE
tt36535072,5342,5691,Vampirina: Ghoul Girls Rock!,2018,all,7.7/10,28/100,0,0,0,1,1,7.7,5.9,12,tvMiniSeries,Exact (title + year),-1.8,,,,,1,TRUE
tt3663490,2076,2111,The Librarians,2014,16+,7.3/10,76/100,0,1,0,0,1,7.3,7.3,27832,tvSeries,Exact (title + year),0,7.3,19477,0,8355,1,TRUE
tt3667052,2909,3032,Caribbean Life,2014,all,6.9/10,47/100,0,1,0,0,1,6.9,6.7,179,tvSeries,Exact (title + year),-0.2,6.9,89,-0.2,90,1,TRUE
tt3669304,4948,5267,World War I,2014,"","",10/100,0,0,1,0,1,,7.5,74,tvSeries,Exact (title + year),,7.3,34,0.2,40,1,TRUE
tt3683038,2829,2943,Marriage Boot Camp: Reality Stars,2014,16+,4.7/10,50/100,0,1,0,0,1,4.7,5.1,359,tvSeries,Exact (title + year),0.399999999999999,4.6,250,0.5,109,1,TRUE
tt3692064,1653,1659,VeggieTales In The House,2014,all,4.4/10,39/100,1,0,0,0,1,4.4,4.2,423,tvSeries,Exact (title + year),-0.2,4.4,265,-0.2,158,1,TRUE
tt3692198,2825,2939,Maken-Ki! Battling Venus,2011,18+,6.1/10,50/100,0,1,0,0,1,6.1,5.9,874,tvSeries,Exact (title + year),-0.199999999999999,6.1,330,-0.199999999999999,544,1,TRUE
tt3696476,2916,3039,Yu-Gi-Oh! Arc-V,2014,7+,6.3/10,47/100,0,1,1,0,1,6.3,6.1,1005,tvSeries,Exact (title + year),-0.2,6.2,572,-0.100000000000001,433,2,FALSE
tt3696480,4399,4699,Voyage of the Continents,2012,"",7.0/10,31/100,0,0,1,0,1,7,8.2,79,tvMiniSeries,Exact (title + year),1.2,8.8,10,-0.600000000000001,69,1,TRUE
tt3698892,4243,4539,Lidia's Kitchen,2013,all,7.9/10,36/100,0,0,1,0,1,7.9,8.4,93,tvSeries,Exact (title + year),0.5,7.8,43,0.600000000000001,50,1,TRUE
tt3704280,2718,2823,Bring It!,2014,7+,6.7/10,53/100,0,1,1,0,1,6.7,6.7,630,tvSeries,Exact (title + year),0,6.7,464,0,166,2,FALSE
tt3705890,4774,5092,Fifi: Cat Therapist,2014,"","",13/100,0,0,1,0,1,,6.1,18,tvSeries,Exact (title + year),,5.8,15,0.3,3,1,TRUE
tt3706628,3646,3867,Indian Summers,2015,7+,7.3/10,59/100,0,0,1,0,1,7.3,7.3,4867,tvSeries,Exact (title + year),0,7.3,3730,0,1137,1,TRUE
tt3713588,478,480,She's Gotta Have It,2017,18+,6.8/10,64/100,1,0,0,0,1,6.8,7,5348,tvSeries,Exact (title + year),0.2,6.7,4223,0.3,1125,1,TRUE
tt3715634,1775,1783,Love Around,2013,"","",35/100,1,0,0,0,1,,7.5,176,tvSeries,Exact (title + year),,7.7,125,-0.2,51,1,TRUE
tt3725394,3761,4004,The Island with Bear Grylls,2014,16+,7.4/10,52/100,0,0,1,0,1,7.4,7.3,1604,tvSeries,Exact (title + year),-0.100000000000001,7.4,1166,-0.100000000000001,438,1,TRUE
tt3727552,3685,3915,Almost Royal,2014,7+,7.3/10,56/100,0,0,1,0,1,7.3,7.3,1109,tvSeries,Exact (title + year),0,7.3,990,0,119,1,TRUE
tt3729898,590,593,Hap and Leonard,2016,18+,7.7/10,61/100,1,0,0,0,1,7.7,7.6,8814,tvSeries,Exact (title + year),-0.100000000000001,7.7,6928,-0.100000000000001,1886,1,TRUE
tt3735164,3774,4020,7 Deadly Sins,2014,18+,7.1/10,52/100,0,0,1,0,1,7.1,6.9,633,tvSeries,Exact (title + year),-0.199999999999999,7.1,511,-0.199999999999999,122,1,TRUE
tt3741346,1237,1240,Real Rob,2015,18+,6.4/10,48/100,1,0,0,0,1,6.4,6.2,3404,tvSeries,Exact (title + year),-0.2,6.4,2594,-0.2,810,1,TRUE
tt3741634,2119,2157,Tokyo Ghoul,2014,16+,7.8/10,74/100,0,1,0,0,1,7.8,7.7,84163,tvMiniSeries,Exact (title + year),-0.0999999999999996,7.8,40303,-0.0999999999999996,43860,1,TRUE
tt3742982,337,339,Akame ga Kill!,2014,18+,7.8/10,68/100,1,1,0,0,1,7.8,7.7,38748,tvSeries,Exact (title + year),-0.0999999999999996,7.8,18489,-0.0999999999999996,20259,2,FALSE
tt3743822,2024,2055,Fear the Walking Dead,2015,18+,6.9/10,80/100,0,1,0,0,1,6.9,6.7,154675,tvSeries,Exact (title + year),-0.2,6.9,116506,-0.2,38169,1,TRUE
tt3747572,3549,3737,Grantchester,2014,16+,7.9/10,67/100,0,0,1,0,1,7.9,7.9,20741,tvSeries,Exact (title + year),0,7.9,10315,0,10426,1,TRUE
tt3749330,4334,4633,The Hunt,2014,"",6.5/10,34/100,0,0,1,0,1,6.5,6.5,47,tvSeries,Exact (title + year),0,6.5,38,0,9,1,TRUE
tt3749900,74,75,Gotham,2014,16+,7.8/10,83/100,1,0,0,0,1,7.8,7.8,252595,tvSeries,Exact (title + year),0,7.8,214938,0,37657,1,TRUE
tt3752910,5019,5338,Dropping the Soap,2017,"","",10/100,0,0,1,0,1,,5.8,208,tvSeries,Exact (title + year),,5.2,138,0.6,70,1,TRUE
tt3756460,1769,1777,Easy Fortune Happy Life,2009,"",5.6/10,35/100,1,0,0,0,1,5.6,6.4,87,tvMiniSeries,Exact (title + year),0.800000000000001,6.4,64,0,23,1,TRUE
tt3761278,2762,2873,Little Women: LA,2014,16+,5.6/10,52/100,0,1,1,0,1,5.6,5.7,814,tvSeries,Exact (title + year),0.100000000000001,5.6,666,0.100000000000001,148,2,FALSE
tt3762198,582,585,People Just Do Nothing,2014,18+,8.5/10,61/100,1,0,0,0,1,8.5,8.5,9162,tvSeries,Exact (title + year),0,8.5,4620,0,4542,1,TRUE
tt3762958,4142,4436,Down East Dickering,2014,"",7.2/10,39/100,0,0,1,0,1,7.2,7.5,168,tvSeries,Exact (title + year),0.3,7,107,0.5,61,1,TRUE
tt3764724,4336,4635,Catherine the Great,2015,"",6.7/10,34/100,0,0,1,0,1,6.7,6.8,462,tvSeries,Exact (title + year),0.0999999999999996,6.7,237,0.0999999999999996,225,1,TRUE
tt37675084,748,751,Sofia the First,2013,all,6.9/10,57/100,1,0,0,0,1,6.9,8.9,34,tvSeries,Exact (title + year),2,,,,,1,TRUE
tt3768572,345,347,Aquarius,2015,16+,7.1/10,68/100,1,0,0,0,1,7.1,7,14175,tvSeries,Exact (title + year),-0.0999999999999996,7.1,11426,-0.0999999999999996,2749,1,TRUE
tt3777108,4177,4473,The Video Game Years,2012,"",8.1/10,38/100,0,0,1,0,1,8.1,7.6,129,tvSeries,Exact (title + year),-0.5,8.2,92,-0.6,37,1,TRUE
tt3779610,4358,4657,Hope and Wire,2014,"",6.2/10,33/100,0,0,1,0,1,6.2,6.4,59,tvMiniSeries,Exact (title + year),0.2,6.2,45,0.2,14,1,TRUE
tt3780132,2715,2820,Bachelor in Paradise,2014,16+,5.2/10,53/100,0,1,0,0,1,5.2,5.4,2300,tvSeries,Exact (title + year),0.2,5.2,1406,0.2,894,1,TRUE
tt3793630,5174,5514,The Lion Guard,2016,all,6.4/10,52/100,0,0,0,1,1,6.4,6.4,3583,tvSeries,"Fuzzy (title exact, year +-1)",0,6.4,1673,0,1910,1,TRUE
tt3807022,940,943,All Hail King Julien,2014,7+,7.1/10,53/100,1,0,0,0,1,7.1,7.2,2974,tvSeries,Exact (title + year),0.100000000000001,7.2,1651,0,1323,1,TRUE
tt3807034,1036,1039,The Adventures of Puss in Boots,2015,7+,6.7/10,51/100,1,0,0,0,1,6.7,6.5,3057,tvSeries,Exact (title + year),-0.2,6.7,1447,-0.2,1610,1,TRUE
tt3815412,3618,3829,Our Girl,2014,16+,7.7/10,61/100,0,0,1,0,1,7.7,7.6,5620,tvSeries,"Fuzzy (title exact, year +-1)",-0.100000000000001,7.7,3653,-0.100000000000001,1967,1,TRUE
tt3816666,2502,2595,Running Wild with Bear Grylls,2014,7+,7.7/10,59/100,0,1,0,1,1,7.7,7.5,3178,tvSeries,Exact (title + year),-0.2,7.7,2443,-0.2,735,2,FALSE
tt3829868,2125,2163,Looking for Alaska,2019,18+,8.1/10,74/100,0,1,0,0,1,8.1,8,17277,tvMiniSeries,Exact (title + year),-0.0999999999999996,8.1,8263,-0.0999999999999996,9014,1,TRUE
tt3830558,224,225,Versailles,2015,18+,7.9/10,73/100,1,0,0,0,1,7.9,7.9,20612,tvSeries,Exact (title + year),0,7.9,14575,0,6037,1,TRUE
tt3834000,351,353,Spotless,2015,"",7.8/10,67/100,1,0,0,0,1,7.8,7.7,4205,tvSeries,Exact (title + year),-0.0999999999999996,7.8,3379,-0.0999999999999996,826,1,TRUE
tt3838978,440,442,Sinatra: All or Nothing at All,2015,7+,8.0/10,65/100,1,0,0,0,1,8,8,2576,tvMiniSeries,Exact (title + year),0,8,2179,0,397,1,TRUE
tt3839822,2265,2322,The Son,2017,16+,7.5/10,67/100,1,1,0,0,1,7.5,7.5,8671,tvSeries,Exact (title + year),0,7.5,5490,0,3181,2,FALSE
tt3843168,333,335,Z Nation,2014,16+,6.7/10,68/100,1,0,0,0,1,6.7,6.7,42259,tvSeries,Exact (title + year),0,6.7,33556,0,8703,1,TRUE
tt3863590,2944,3069,Astroblast!,2014,all,6.6/10,46/100,0,1,0,0,1,6.6,7.1,109,tvSeries,Exact (title + year),0.5,6.6,71,0.5,38,1,TRUE
tt3865236,113,114,Into the Badlands,2015,16+,8.0/10,80/100,1,0,0,0,1,8,7.9,53137,tvSeries,Exact (title + year),-0.0999999999999996,8,42624,-0.0999999999999996,10513,1,TRUE
tt3868860,2424,2506,Married at First Sight,2014,7+,6.2/10,61/100,0,1,1,0,1,6.2,6.2,3007,tvSeries,Exact (title + year),0,6.2,1509,0,1498,2,FALSE
tt3869122,1221,1224,The Magic School Bus Rides Again,2017,all,6.2/10,48/100,1,0,0,0,1,6.2,6.3,1082,tvSeries,Exact (title + year),0.0999999999999996,6.2,690,0.0999999999999996,392,1,TRUE
tt3869500,873,876,Tiny House Nation,2014,7+,7.1/10,54/100,1,0,0,0,1,7.1,7.1,1422,tvSeries,Exact (title + year),0,7.2,931,-0.100000000000001,491,1,TRUE
tt3874528,588,591,The Irregular at Magic High School,2014,16+,7.2/10,61/100,1,0,0,0,1,7.2,7,4963,tvSeries,Exact (title + year),-0.2,7.2,2601,-0.2,2362,1,TRUE
tt3877200,3480,3636,The Missing,2014,18+,8.2/10,80/100,0,0,1,0,1,8.2,8.1,32663,tvSeries,Exact (title + year),-0.0999999999999996,8.2,22861,-0.0999999999999996,9802,1,TRUE
tt3893044,3766,4010,The Passing Bells,2014,7+,6.9/10,52/100,0,0,1,0,1,6.9,6.9,1291,tvMiniSeries,Exact (title + year),0,6.9,1070,0,221,1,TRUE
tt3895150,236,237,Your Lie in April,2014,7+,8.6/10,72/100,1,1,0,0,1,8.6,8.6,52838,tvSeries,Exact (title + year),0,8.6,20002,0,32836,2,FALSE
tt3900614,3756,3999,Odd Squad,2014,all,6.5/10,52/100,0,0,1,0,1,6.5,7.4,2144,tvSeries,Exact (title + year),0.9,6.5,910,0.9,1234,1,TRUE
tt3902002,3435,3569,Laughs,2015,"","",10/100,0,1,0,0,1,,8.2,87,tvSeries,"Fuzzy (title exact, year +-1)",,8.2,80,0,7,1,TRUE
tt3902878,4139,4433,Wildest Indochina,2014,"",8.4/10,39/100,0,0,1,0,1,8.4,8.1,161,tvSeries,Exact (title + year),-0.300000000000001,8.4,121,-0.300000000000001,40,1,TRUE
tt3906732,343,345,Good Witch,2015,7+,7.3/10,68/100,1,0,0,0,1,7.3,7.3,13929,tvSeries,Exact (title + year),0,7.3,7985,0,5944,1,TRUE
tt3909210,2459,2546,The Fruit of Grisaia,2014,18+,7.1/10,60/100,0,1,0,0,1,7.1,6.9,1498,tvSeries,Exact (title + year),-0.199999999999999,7.1,706,-0.199999999999999,792,1,TRUE
tt3909224,186,187,The Seven Deadly Sins,2014,16+,8.0/10,75/100,1,0,0,0,1,8,7.6,47208,tvSeries,Exact (title + year),-0.4,8,25225,-0.4,21983,1,TRUE
tt3910690,1580,1586,Inspector Gadget,2015,all,4.6/10,40/100,1,0,0,1,1,4.6,4.7,918,tvSeries,Exact (title + year),0.100000000000001,4.6,472,0.100000000000001,446,2,FALSE
tt3914520,997,1000,Bad Guys,2014,18+,7.9/10,52/100,1,0,0,0,1,7.9,7.7,2142,tvSeries,Exact (title + year),-0.2,7.9,1310,-0.2,832,1,TRUE
tt3917432,4125,4418,Wildest Arctic,2012,"",8.4/10,39/100,0,0,1,0,1,8.4,8.3,121,tvSeries,Exact (title + year),-0.0999999999999996,8.4,95,-0.0999999999999996,26,1,TRUE
tt3920814,3842,4098,Strange Empire,2014,16+,6.4/10,49/100,0,0,1,0,1,6.4,6.3,1926,tvSeries,Exact (title + year),-0.100000000000001,6.4,1670,-0.100000000000001,256,1,TRUE
tt3921180,336,338,Scream: The TV Series,2015,16+,7.1/10,68/100,1,0,0,0,1,7.1,7,48619,tvSeries,Exact (title + year),-0.0999999999999996,7.1,34907,-0.0999999999999996,13712,1,TRUE
tt3949700,3051,3179,Gordon Ramsay's Home Cooking,2013,"",8.4/10,42/100,0,1,0,0,1,8.4,8.4,75,tvSeries,Exact (title + year),0,8.4,46,0,29,1,TRUE
tt3950102,2525,2621,World Trigger,2014,16+,7.5/10,58/100,0,1,0,0,1,7.5,7.4,1619,tvSeries,Exact (title + year),-0.0999999999999996,7.5,562,-0.0999999999999996,1057,1,TRUE
tt3952194,2942,3065,NASA's Unexplained Files,2012,all,6.6/10,46/100,0,1,0,0,1,6.6,6.5,685,tvSeries,Exact (title + year),-0.0999999999999996,6.7,456,-0.2,229,1,TRUE
tt3952746,3610,3817,Just Add Magic,2015,7+,8.3/10,62/100,0,0,1,0,1,8.3,8.3,4302,tvSeries,Exact (title + year),0,8.3,2398,0,1904,1,TRUE
tt3952774,4057,4342,The Stinky & Dirty Show,2016,all,7.3/10,42/100,0,0,1,0,1,7.3,7.4,434,tvSeries,"Fuzzy (title exact, year +-1)",0.100000000000001,7.4,240,0,194,1,TRUE
tt3956604,2799,2911,The Driver,2014,16+,7.0/10,51/100,0,1,0,0,1,7,6.9,2163,tvMiniSeries,Exact (title + year),-0.0999999999999996,7,1790,-0.0999999999999996,373,1,TRUE
tt3957196,2481,2572,Yona of the Dawn,2014,16+,8.1/10,59/100,0,1,0,0,1,8.1,8,6957,tvSeries,Exact (title + year),-0.0999999999999996,8.1,2964,-0.0999999999999996,3993,1,TRUE
tt3959140,4792,5111,Please Tell Me I'm Adopted!,2017,"","",10/100,0,0,1,0,1,,7.5,45,tvSeries,Exact (title + year),,8.1,36,-0.6,9,1,TRUE
tt3961072,3146,3277,Dead Again,2014,"",7.4/10,38/100,0,1,0,0,1,7.4,7.1,110,tvSeries,Exact (title + year),-0.300000000000001,7.4,74,-0.300000000000001,36,1,TRUE
tt3971974,4359,4658,Brandi and Jarrod: Married to the Job,2014,7+,4.2/10,33/100,0,0,1,0,1,4.2,4.1,189,tvSeries,Exact (title + year),-0.100000000000001,4.2,149,-0.100000000000001,40,1,TRUE
tt3973768,3567,3761,Hand of God,2014,7+,7.5/10,65/100,0,0,1,0,1,7.5,7.4,13031,tvSeries,Exact (title + year),-0.0999999999999996,7.5,10702,-0.0999999999999996,2329,1,TRUE
tt3973820,3519,3689,Red Oaks,2014,18+,7.9/10,72/100,0,0,1,0,1,7.9,7.9,13997,tvSeries,Exact (title + year),0,7.9,10217,0,3780,1,TRUE
tt3981902,3872,4140,Yuki Yuna is a Hero,2014,16+,6.8/10,48/100,0,0,1,0,1,6.8,6.8,318,tvSeries,Exact (title + year),0,6.8,194,0,124,1,TRUE
tt3986586,373,375,Fuller House,2016,7+,6.7/10,67/100,1,0,0,0,1,6.7,6.7,31474,tvSeries,Exact (title + year),0,6.7,25285,0,6189,1,TRUE
tt4003966,795,798,Marseille,2016,18+,6.9/10,56/100,1,0,0,0,1,6.9,6.9,5948,tvSeries,Exact (title + year),0,6.9,4778,0,1170,1,TRUE
tt4015216,3557,3749,Home Fires,2015,7+,8.2/10,66/100,0,0,1,0,1,8.2,8.2,4966,tvSeries,Exact (title + year),0,8.2,3336,0,1630,1,TRUE
tt4016454,159,160,Supergirl,2015,16+,6.2/10,77/100,1,0,0,0,1,6.2,6.2,135634,tvSeries,Exact (title + year),0,6.2,114321,0,21313,1,TRUE
tt4033696,3147,3278,Supernoobs,2015,7+,3.6/10,38/100,0,1,0,0,1,3.6,3.4,997,tvSeries,Exact (title + year),-0.2,3.6,645,-0.2,352,1,TRUE
tt4034398,3916,4191,Life In Squares,2015,"",6.6/10,46/100,0,0,1,0,1,6.6,6.5,963,tvMiniSeries,Exact (title + year),-0.0999999999999996,6.6,666,-0.0999999999999996,297,1,TRUE
tt4040530,1245,1248,Tokyo Trial,2016,"",7.4/10,47/100,1,0,0,0,1,7.4,7.3,2188,tvMiniSeries,Exact (title + year),-0.100000000000001,7.4,1199,-0.100000000000001,989,1,TRUE
tt4047038,2021,2051,Dirk Gently's Holistic Detective Agency,2016,16+,8.3/10,80/100,0,1,0,0,1,8.3,8.1,63152,tvSeries,Exact (title + year),-0.200000000000001,8.3,44753,-0.200000000000001,18399,1,TRUE
tt4047062,3168,3299,Sydney Sailboat,2015,"",8.0/10,36/100,0,1,0,0,1,8,8.5,58,tvSeries,Exact (title + year),0.5,8,41,0.5,17,1,TRUE
tt4049416,2959,3084,LEGO Friends,2012,all,6.3/10,45/100,0,1,1,0,1,6.3,5.3,310,tvSeries,"Fuzzy (title exact, year +-1)",-1,5.1,119,0.2,191,2,FALSE
tt4051832,455,457,Lovesick,2014,18+,8.1/10,64/100,1,0,0,0,1,8.1,8,24137,tvSeries,Exact (title + year),-0.0999999999999996,8.1,17144,-0.0999999999999996,6993,1,TRUE
tt4052886,16,17,Lucifer,2016,16+,8.1/10,90/100,1,0,0,0,1,8.1,8,395602,tvSeries,Exact (title + year),-0.0999999999999996,8.1,253035,-0.0999999999999996,142567,1,TRUE
tt4057466,1427,1433,Hjørdis,2015,all,7.2/10,44/100,1,0,0,0,1,7.2,7.2,727,tvMiniSeries,Exact (title + year),0,7.2,621,0,106,1,TRUE
tt4061080,152,153,Love,2016,18+,7.7/10,77/100,1,0,0,0,1,7.7,7.6,48733,tvSeries,Exact (title + year),-0.100000000000001,7.7,38433,-0.100000000000001,10300,1,TRUE
tt4067372,3297,3430,Lo Que Callamos Las Mujeres,2012,"","",21/100,0,1,0,0,1,,7.3,42,tvSeries,"Fuzzy (title exact, year +-1)",,7.5,26,-0.2,16,1,TRUE
tt4075876,4426,4727,The American Dream Project,2015,"",6.8/10,29/100,0,0,1,0,1,6.8,6.9,35,tvSeries,Exact (title + year),0.100000000000001,6.8,30,0.100000000000001,5,1,TRUE
tt4079926,2647,2749,The Most Dangerous Animal of All,2020,16+,6.3/10,55/100,0,1,0,0,1,6.3,6.3,1715,tvMiniSeries,Exact (title + year),0,6.3,623,0,1092,1,TRUE
tt4082744,3535,3716,Detectorists,2014,16+,8.6/10,69/100,0,0,1,0,1,8.6,8.6,26785,tvSeries,Exact (title + year),0,8.6,11764,0,15021,1,TRUE
tt4094300,166,167,Crazy Ex-Girlfriend,2015,16+,7.8/10,76/100,1,0,0,0,1,7.8,7.9,24298,tvSeries,Exact (title + year),0.100000000000001,7.8,17590,0.100000000000001,6708,1,TRUE
tt4095622,1495,1501,Hoff the Record,2015,16+,7.0/10,43/100,1,0,1,0,1,7,6.9,445,tvSeries,Exact (title + year),-0.0999999999999996,7,333,-0.0999999999999996,112,2,FALSE
tt4103600,3866,4133,Tudor Monastery Farm,2013,"",8.6/10,48/100,0,0,1,0,1,8.6,8.6,489,tvMiniSeries,Exact (title + year),0,8.6,266,0,223,1,TRUE
tt4110246,4015,4298,Mata Hari,2017,"",6.2/10,43/100,0,0,1,0,1,6.2,6.1,620,tvSeries,"Fuzzy (title exact, year +-1)",-0.100000000000001,6.1,404,0,216,1,TRUE
tt4115864,3800,4052,The New Yorker Presents,2016,18+,6.6/10,51/100,0,0,1,0,1,6.6,6.8,500,tvSeries,"Fuzzy (title exact, year +-1)",0.2,6.6,393,0.2,107,1,TRUE
tt4116480,3256,3388,En La Boca Del Lobo,2014,"","",29/100,0,1,0,0,1,,8.7,133,tvSeries,Exact (title + original-language year),,8.9,84,-0.200000000000001,49,1,TRUE
tt4122068,3477,3633,Humans,2015,16+,8.0/10,80/100,0,0,1,0,1,8,7.9,46291,tvSeries,Exact (title + year),-0.0999999999999996,8,37021,-0.0999999999999996,9270,1,TRUE
tt4123482,1590,1596,Cloudy with a Chance of Meatballs,2017,all,3.3/10,40/100,1,0,0,0,1,3.3,3.6,988,tvSeries,Exact (title + year),0.3,3.3,666,0.3,322,1,TRUE
tt4132692,553,556,Between,2015,16+,6.0/10,62/100,1,0,0,0,1,6,6,11106,tvSeries,Exact (title + year),0,6,8503,0,2603,1,TRUE
tt4145054,2085,2120,Shadowhunters,2016,16+,6.6/10,76/100,0,1,0,0,1,6.6,6.5,77269,tvSeries,Exact (title + year),-0.0999999999999996,6.6,55410,-0.0999999999999996,21859,1,TRUE
tt4145384,2109,2146,Scream Queens,2015,16+,7.1/10,74/100,0,1,0,0,1,7.1,7.1,51375,tvSeries,Exact (title + year),0,7.1,35630,0,15745,1,TRUE
tt4146664,3794,4045,The Principal,2015,"",7.5/10,51/100,0,0,1,0,1,7.5,7.4,1501,tvMiniSeries,Exact (title + year),-0.0999999999999996,7.5,1230,-0.0999999999999996,271,1,TRUE
tt4148744,833,836,PJ Masks,2015,all,5.5/10,55/100,1,0,0,1,1,5.5,5.3,2106,tvSeries,Exact (title + year),-0.2,5.5,978,-0.2,1128,2,FALSE
tt4154858,5110,5439,Marvel's Inhumans,2017,7+,5.0/10,61/100,0,0,0,1,1,5,4.9,31371,tvSeries,"Fuzzy (prefix stripped, exact year)",-0.0999999999999996,5,22840,-0.0999999999999996,8531,1,TRUE
tt4158110,3449,3585,Mr. Robot,2015,18+,8.5/10,91/100,0,0,1,0,1,8.5,8.5,471993,tvSeries,Exact (title + year),0,8.5,342302,0,129691,1,TRUE
tt4159076,135,136,Dark Matter,2015,18+,7.5/10,78/100,1,0,1,0,1,7.5,7.5,48200,tvSeries,Exact (title + year),0,7.5,39572,0,8628,2,FALSE
tt4160686,2977,3102,Stone Quackers,2014,18+,6.8/10,45/100,0,1,0,0,1,6.8,6.7,424,tvSeries,Exact (title + year),-0.0999999999999996,6.8,303,-0.0999999999999996,121,1,TRUE
tt4160920,1723,1730,Richie Rich,2015,all,3.3/10,37/100,1,0,0,0,1,3.3,3.4,1666,tvSeries,Exact (title + year),0.1,3.3,855,0.1,811,1,TRUE
tt4168604,4226,4522,LEGO City,2011,all,5.4/10,37/100,0,0,1,0,1,5.4,6.2,105,tvSeries,Exact (title + year),0.8,5.3,66,0.9,39,1,TRUE
tt4173216,1687,1693,The Crime,2015,"",6.2/10,38/100,1,0,0,0,1,6.2,6.3,884,tvSeries,"Fuzzy (title exact, year +-1)",0.0999999999999996,6.2,531,0.0999999999999996,353,1,TRUE
tt4179452,50,51,The Last Kingdom,2015,18+,8.4/10,85/100,1,0,0,0,1,8.4,8.5,191334,tvSeries,Exact (title + year),0.0999999999999996,8.4,92036,0.0999999999999996,99298,1,TRUE
tt4181172,217,218,Shooter,2016,16+,7.5/10,73/100,1,0,0,0,1,7.5,7.5,45485,tvSeries,Exact (title + year),0,7.5,32590,0,12895,1,TRUE
tt4181892,3982,4263,On the Spot,2014,"",8.1/10,44/100,0,0,1,0,1,8.1,8.2,676,tvSeries,Exact (title + year),0.0999999999999996,8.2,652,0,24,1,TRUE
tt4189022,78,79,Ash vs Evil Dead,2015,18+,8.4/10,83/100,1,0,0,0,1,8.4,8.4,86095,tvSeries,Exact (title + year),0,8.4,66397,0,19698,1,TRUE
tt4189492,2219,2270,Man Seeking Woman,2015,18+,7.8/10,69/100,0,1,0,0,1,7.8,7.8,11727,tvSeries,Exact (title + year),0,7.8,9730,0,1997,1,TRUE
tt4192782,300,302,Glitch,2015,16+,7.3/10,70/100,1,0,0,0,1,7.3,7.2,23442,tvSeries,Exact (title + year),-0.0999999999999996,7.3,15589,-0.0999999999999996,7853,1,TRUE
tt4196686,3979,4259,The Kicks,2016,all,7.0/10,44/100,0,0,1,0,1,7,6.9,881,tvSeries,"Fuzzy (title exact, year +-1)",-0.0999999999999996,7,636,-0.0999999999999996,245,1,TRUE
tt4206804,363,365,The Frankenstein Chronicles,2015,16+,7.3/10,67/100,1,0,0,0,1,7.3,7.2,13100,tvSeries,Exact (title + year),-0.0999999999999996,7.3,10391,-0.0999999999999996,2709,1,TRUE
tt4209256,145,146,Colony,2016,16+,7.4/10,77/100,1,0,0,0,1,7.4,7.3,41895,tvSeries,Exact (title + year),-0.100000000000001,7.4,32137,-0.100000000000001,9758,1,TRUE
tt4216878,2787,2899,Absolute Duo,2015,18+,6.4/10,51/100,0,1,0,0,1,6.4,6.2,2042,tvSeries,Exact (title + year),-0.2,6.4,1171,-0.2,871,1,TRUE
tt4218618,2514,2608,The Bastard Executioner,2015,18+,6.2/10,59/100,0,1,0,0,1,6.2,6.2,9880,tvSeries,Exact (title + year),0,6.2,8986,0,894,1,TRUE
tt4226226,2900,3023,Holiday Baking Championship,2014,all,7.4/10,47/100,0,1,0,0,1,7.4,7.6,676,tvSeries,Exact (title + year),0.199999999999999,7.4,238,0.199999999999999,438,1,TRUE
tt4228738,4075,4361,Into the Wild,2014,"",8.5/10,41/100,1,0,1,0,1,8.5,8.5,131,tvSeries,Exact (title + year),0,8.5,110,0,21,2,FALSE
tt4230076,142,143,Marvel's The Defenders,2017,18+,7.3/10,78/100,1,0,0,0,1,7.3,7.2,128524,tvMiniSeries,"Fuzzy (prefix stripped, exact year)",-0.0999999999999996,7.3,93452,-0.0999999999999996,35072,1,TRUE
tt4232344,4305,4603,Queen Victoria's Letters: A Monarch Unveiled,2014,"",8.1/10,35/100,0,0,1,0,1,8.1,7.9,60,tvMiniSeries,Exact (title + year),-0.199999999999999,8.1,37,-0.199999999999999,23,1,TRUE
tt4254242,179,180,The Magicians,2015,16+,7.6/10,75/100,1,0,0,0,1,7.6,7.6,60555,tvSeries,Exact (title + year),0,7.6,45333,0,15222,1,TRUE
tt4258440,3486,3644,River,2015,7+,8.0/10,79/100,0,0,1,0,1,8,7.9,30407,tvMiniSeries,Exact (title + year),-0.0999999999999996,8,21165,-0.0999999999999996,9242,1,TRUE
tt4262710,3419,3553,Entre Caníbales,2015,"","",13/100,0,1,0,0,1,,7.6,161,tvSeries,Exact (title + original-language year),,7.7,123,-0.100000000000001,38,1,TRUE
tt4266646,4416,4717,Museum Diaries,2014,"",6.2/10,30/100,0,0,1,0,1,6.2,6.6,9,tvSeries,Exact (title + year),0.399999999999999,6.2,6,0.399999999999999,3,1,TRUE
tt4270492,3455,3595,Billions,2016,18+,8.4/10,87/100,0,0,1,0,1,8.4,8.3,118633,tvSeries,Exact (title + year),-0.0999999999999996,8.4,72738,-0.0999999999999996,45895,1,TRUE
tt4277922,329,331,Call My Agent!,2015,16+,8.3/10,68/100,1,0,0,0,1,8.3,8.3,18827,tvSeries,Exact (title + year),0,8.3,10694,0,8133,1,TRUE
tt4279012,2308,2370,Death Parade,2015,18+,7.9/10,66/100,0,1,0,0,1,7.9,7.8,25500,tvMiniSeries,Exact (title + year),-0.100000000000001,7.9,12142,-0.100000000000001,13358,1,TRUE
tt4287464,2428,2511,Nightwatch,2015,16+,8.8/10,61/100,0,1,1,0,1,8.8,8.8,1247,tvSeries,Exact (title + year),0,8.8,782,0,465,2,FALSE
tt4288182,1989,2008,Atlanta,2016,18+,8.6/10,84/100,0,1,0,0,1,8.6,8.6,99413,tvSeries,Exact (title + year),0,8.6,55191,0,44222,1,TRUE
tt4295140,184,185,Chef's Table,2015,all,8.5/10,75/100,1,0,0,0,1,8.5,8.5,17736,tvSeries,Exact (title + year),0,8.5,13902,0,3834,1,TRUE
tt4302062,3665,3891,Paradise City,2021,"",6.9/10,57/100,0,0,1,0,1,6.9,6.5,2488,tvSeries,Exact (title + year),-0.4,6.9,1484,-0.4,1004,1,TRUE
tt4304720,1614,1620,The Fierce Wife,2010,16+,6.8/10,40/100,1,0,0,0,1,6.8,7.1,154,tvSeries,Exact (title + year),0.3,6.8,76,0.3,78,1,TRUE
tt4305162,2448,2535,Expedition Unknown,2015,7+,8.2/10,60/100,0,1,0,0,1,8.2,8.2,4694,tvSeries,Exact (title + year),0,8.2,2452,0,2242,1,TRUE
tt4306696,3896,4168,The Cyanide & Happiness Show,2014,18+,8.0/10,47/100,0,0,1,0,1,8,7.8,1057,tvSeries,Exact (title + year),-0.2,8,699,-0.2,358,1,TRUE
tt4307902,2435,2518,The Carmichael Show,2015,7+,7.7/10,61/100,0,1,0,0,1,7.7,7.7,3485,tvSeries,Exact (title + year),0,7.7,2727,0,758,1,TRUE
tt4320258,223,224,Resurrection: Ertugrul,2014,16+,8.0/10,73/100,1,0,0,0,1,8,7.9,42653,tvSeries,Exact (title + year),-0.0999999999999996,8,30416,-0.0999999999999996,12237,1,TRUE
tt4320944,3684,3914,Red Rock,2015,7+,7.7/10,56/100,0,0,1,0,1,7.7,7.6,1270,tvSeries,Exact (title + year),-0.100000000000001,7.7,747,-0.100000000000001,523,1,TRUE
tt4326894,188,189,F is for Family,2015,18+,8.0/10,74/100,1,0,0,0,1,8,8,44684,tvSeries,Exact (title + year),0,8,30656,0,14028,1,TRUE
tt4337944,2488,2580,Damien,2016,16+,6.9/10,59/100,0,1,0,0,1,6.9,6.8,8706,tvSeries,Exact (title + year),-0.100000000000001,6.9,7612,-0.100000000000001,1094,1,TRUE
tt4338336,2535,2631,X Company,2015,16+,7.7/10,58/100,0,1,0,0,1,7.7,7.7,3554,tvSeries,Exact (title + year),0,7.7,3005,0,549,1,TRUE
tt4339192,3621,3833,"Kill Me, Heal Me",2015,16+,8.3/10,61/100,0,0,1,0,1,8.3,8.3,7293,tvSeries,Exact (title + year),0,8.3,4048,0,3245,1,TRUE
tt4341500,378,380,Wet Hot American Summer: First Day of Camp,2015,16+,7.4/10,67/100,1,0,0,0,1,7.4,7.3,26336,tvMiniSeries,Exact (title + year),-0.100000000000001,7.4,22650,-0.100000000000001,3686,1,TRUE
tt4341996,2277,2336,Gangland Undercover,2015,16+,8.2/10,67/100,0,1,0,0,1,8.2,8,4198,tvSeries,Exact (title + year),-0.199999999999999,8.2,3318,-0.199999999999999,880,1,TRUE
tt4342564,4646,4962,Heart to Heart,2015,"","",14/100,0,0,1,0,1,,7.3,219,tvSeries,Exact (title + year),,7.3,158,0,61,1,TRUE
tt4345548,1225,1228,Outback Truckers,2012,"",7.4/10,48/100,1,0,0,0,1,7.4,7.3,351,tvSeries,Exact (title + year),-0.100000000000001,7.4,219,-0.100000000000001,132,1,TRUE
tt4346362,1539,1545,Heidi,2015,all,7.2/10,42/100,1,0,1,0,1,7.2,7.3,420,tvSeries,Exact (title + year),0.0999999999999996,7.2,194,0.0999999999999996,226,2,FALSE
tt4354616,3728,3965,Crisis in Six Scenes,2016,all,6.6/10,54/100,0,0,1,0,1,6.6,6.6,7910,tvMiniSeries,Exact (title + year),0,6.6,5719,0,2191,1,TRUE
tt4367560,754,757,A Very Secret Service,2015,18+,7.8/10,57/100,1,0,0,0,1,7.8,7.7,4153,tvSeries,Exact (title + year),-0.0999999999999996,7.8,3008,-0.0999999999999996,1145,1,TRUE
tt4370528,469,471,The Five,2016,7+,7.6/10,64/100,1,0,0,0,1,7.6,7.5,13167,tvMiniSeries,Exact (title + year),-0.0999999999999996,7.6,8997,-0.0999999999999996,4170,1,TRUE
tt4370596,2094,2131,Better Things,2016,18+,7.8/10,75/100,0,1,0,0,1,7.8,7.9,20226,tvSeries,Exact (title + year),0.100000000000001,7.8,12646,0.100000000000001,7580,1,TRUE
tt4371878,3201,3332,Terrific Trucks,2016,all,5.7/10,34/100,0,1,0,0,1,5.7,6.3,75,tvSeries,Exact (title + year),0.6,5.8,45,0.5,30,1,TRUE
tt4378376,242,243,Babylon Berlin,2017,18+,8.4/10,72/100,1,0,0,0,1,8.4,8.4,33654,tvSeries,Exact (title + year),0,8.4,20361,0,13293,1,TRUE
tt4378456,2333,2399,Second Chance,2016,16+,7.5/10,65/100,0,1,0,0,1,7.5,7.4,13101,tvSeries,Exact (title + year),-0.0999999999999996,7.5,11775,-0.0999999999999996,1326,1,TRUE
tt4379632,2572,2670,Blood Blockade Battlefront,2015,18+,7.3/10,57/100,0,1,0,0,1,7.3,7.1,3409,tvSeries,Exact (title + year),-0.2,7.3,1735,-0.2,1674,1,TRUE
tt4380034,5269,5614,Wild Hawaii,2014,"",7.2/10,43/100,0,0,0,1,1,7.2,7,275,tvMiniSeries,Exact (title + year),-0.2,7.2,90,-0.2,185,1,TRUE
tt4381290,1597,1603,Office Girls,2011,"",6.9/10,40/100,1,0,0,0,1,6.9,7,244,tvMiniSeries,Exact (title + year),0.0999999999999996,6.8,116,0.2,128,1,TRUE
tt4383602,4652,4968,F'd,2015,"","",14/100,0,0,1,0,1,,5.6,16,tvSeries,Exact (title + year),,5.9,12,-0.300000000000001,4,1,TRUE
tt4384086,2234,2288,Life in Pieces,2015,16+,8.0/10,69/100,0,1,1,0,1,8,8,19299,tvSeries,Exact (title + year),0,8,13325,0,5974,2,FALSE
tt4388710,3832,4088,Secrets of the Castle,2014,"",8.6/10,49/100,0,0,1,0,1,8.6,8.6,461,tvSeries,Exact (title + year),0,8.6,249,0,212,1,TRUE
tt4419214,2213,2264,Queen Sugar,2016,16+,7.6/10,69/100,0,1,0,0,1,7.6,7.8,6150,tvSeries,Exact (title + year),0.2,7.7,4134,0.0999999999999996,2016,1,TRUE
tt4421578,332,334,Containment,2016,16+,7.2/10,68/100,1,0,0,0,1,7.2,7.1,11884,tvSeries,Exact (title + year),-0.100000000000001,7.2,10257,-0.100000000000001,1627,1,TRUE
tt4426042,955,958,Silver Spoon,2014,16+,7.7/10,53/100,1,0,0,0,1,7.7,7.4,2141,tvSeries,Exact (title + year),-0.3,7.7,1423,-0.3,718,1,TRUE
tt4428122,216,217,Quantico,2015,16+,6.7/10,73/100,1,0,0,0,1,6.7,6.7,66122,tvSeries,Exact (title + year),0,6.7,57857,0,8265,1,TRUE
tt4433296,3105,3236,Bajo el Mismo Cielo,2015,16+,8.0/10,39/100,0,1,0,0,1,8,7.2,127,tvSeries,Exact (title + year),-0.8,8,78,-0.8,49,1,TRUE
tt4439928,4093,4380,Arthur & George,2015,all,5.6/10,40/100,0,0,1,0,1,5.6,7.1,1552,tvMiniSeries,Exact (title + year),1.5,7.1,1115,0,437,1,TRUE
tt4465472,2449,2536,Rosewood,2015,16+,6.7/10,60/100,0,1,0,0,1,6.7,6.8,10018,tvSeries,Exact (title + year),0.0999999999999996,6.7,7078,0.0999999999999996,2940,1,TRUE
tt4474344,2134,2174,Blindspot,2015,16+,7.4/10,73/100,0,1,0,0,1,7.4,7.3,86210,tvSeries,Exact (title + year),-0.100000000000001,7.4,67637,-0.100000000000001,18573,1,TRUE
tt4474750,4681,4997,Blood and Water,2015,"","",13/100,0,0,1,0,1,,5.5,212,tvSeries,Exact (title + year),,4.8,152,0.7,60,1,TRUE
tt4477976,2016,2043,Superstore,2015,16+,7.8/10,81/100,0,1,0,0,1,7.8,7.8,85780,tvSeries,Exact (title + year),0,7.8,34042,0,51738,1,TRUE
tt4480608,3034,3162,"Underworld, Inc.",2015,16+,7.1/10,42/100,0,1,0,0,1,7.1,6.7,263,tvSeries,Exact (title + year),-0.399999999999999,7.1,185,-0.399999999999999,78,1,TRUE
tt4488724,5165,5501,Stuck in the Middle,2016,all,6.1/10,53/100,0,0,0,1,1,6.1,6.4,4222,tvSeries,Exact (title + year),0.300000000000001,6.1,1571,0.300000000000001,2651,1,TRUE
tt4504936,2748,2853,A Wilderness of Error,2020,18+,6.5/10,52/100,0,1,0,0,1,6.5,6.5,1162,tvMiniSeries,Exact (title + year),0,6.5,581,0,581,1,TRUE
tt4506998,3841,4097,LoliRock,2014,all,7.3/10,49/100,0,0,1,0,1,7.3,7.6,948,tvSeries,Exact (title + year),0.3,7.3,364,0.3,584,1,TRUE
tt4507442,5184,5524,Best Friends Whenever,2015,all,5.7/10,51/100,0,0,0,1,1,5.7,6,2366,tvSeries,Exact (title + year),0.3,5.7,1592,0.3,774,1,TRUE
tt4520906,3784,4033,Beowulf: Return to the Shieldlands,2016,7+,5.8/10,51/100,0,0,1,0,1,5.8,5.8,3887,tvSeries,Exact (title + year),0,5.8,3231,0,656,1,TRUE
tt4520992,3656,3878,Falling Water,2016,16+,6.5/10,58/100,0,0,1,0,1,6.5,6.4,3583,tvSeries,Exact (title + year),-0.0999999999999996,6.5,3110,-0.0999999999999996,473,1,TRUE
tt4522400,2229,2282,Underground,2016,18+,7.8/10,69/100,0,1,1,0,1,7.8,7.8,5862,tvSeries,Exact (title + year),0,7.8,4836,0,1026,2,FALSE
tt4524056,362,364,Locked Up,2015,18+,8.2/10,67/100,1,0,0,0,1,8.2,7.8,30708,tvSeries,Exact (title + year),-0.399999999999999,8.2,18141,-0.399999999999999,12567,1,TRUE
tt4527488,4547,4851,Garage Dreams,2015,"","",17/100,0,0,1,0,1,,6.7,13,tvSeries,Exact (title + year),,,,,,1,TRUE
tt4532368,108,109,DC's Legends of Tomorrow,2016,16+,6.8/10,80/100,1,0,0,0,1,6.8,6.7,115063,tvSeries,"Fuzzy (prefix stripped, exact year)",-0.0999999999999996,6.8,94480,-0.0999999999999996,20583,1,TRUE
tt4533436,4389,4689,Ancient Warriors,1994,"",6.2/10,31/100,0,0,1,0,1,6.2,6.2,46,tvSeries,Exact (title + year),0,6.2,20,0,26,1,TRUE
tt4542568,2491,2583,Snow White with the Red Hair,2015,16+,7.8/10,59/100,0,1,0,0,1,7.8,7.6,4950,tvSeries,Exact (title + year),-0.2,7.8,2170,-0.2,2780,1,TRUE
tt4544590,1917,1927,World At Your Feet,2014,"","",17/100,1,0,0,0,1,,4.9,8,tvSeries,Exact (title + year),,,,,,1,TRUE
tt4549142,5186,5526,Elena of Avalor,2016,all,6.4/10,51/100,0,0,0,1,1,6.4,6.5,2566,tvSeries,Exact (title + year),0.0999999999999996,6.4,1228,0.0999999999999996,1338,1,TRUE
tt4554406,4345,4644,Wir Geiseln der SS,2015,7+,7.3/10,33/100,0,0,1,0,1,7.3,7.1,89,tvMiniSeries,Exact (title + original-language year),-0.2,7.3,59,-0.2,30,1,TRUE
tt4555364,326,328,Knightfall,2017,16+,6.8/10,68/100,1,0,0,0,1,6.8,6.8,23424,tvSeries,Exact (title + year),0,6.8,17700,0,5724,1,TRUE
tt4555736,5327,5675,Muppet Moments,2015,"",8.0/10,34/100,0,0,0,1,1,8,7.8,65,tvSeries,Exact (title + year),-0.2,8,28,-0.2,37,1,TRUE
tt4565380,155,156,Fauda,2015,16+,8.2/10,77/100,1,0,0,0,1,8.2,8.3,43589,tvSeries,Exact (title + year),0.100000000000001,8.2,21153,0.100000000000001,22436,1,TRUE
tt4567218,1421,1427,Fartsa,2015,"",6.7/10,44/100,1,0,0,0,1,6.7,6.6,255,tvSeries,Exact (title + year),-0.100000000000001,6.7,170,-0.100000000000001,85,1,TRUE
tt4567314,3792,4042,Safe House,2015,18+,6.4/10,51/100,0,0,1,0,1,6.4,6.4,2727,tvSeries,Exact (title + year),0,6.4,1866,0,861,1,TRUE
tt4568288,3699,3931,Cuffs,2015,16+,7.4/10,55/100,0,0,1,0,1,7.4,7.3,2577,tvMiniSeries,Exact (title + year),-0.100000000000001,7.4,1472,-0.100000000000001,1105,1,TRUE
tt4568496,4248,4544,FBI Takedowns,2015,7+,8.0/10,36/100,0,0,1,0,1,8,8,38,tvSeries,Exact (title + year),0,8,22,0,16,1,TRUE
tt4570984,1650,1656,Akbar Birbal,2014,"",7.5/10,39/100,1,0,1,0,1,7.5,8.4,275,tvSeries,Exact (title + year),0.9,7.4,122,1,153,2,FALSE
tt4570986,1889,1897,Chhota Bheem,2008,"",4.3/10,27/100,1,0,0,0,1,4.3,5,1646,tvSeries,Exact (title + year),0.7,4.3,623,0.7,1023,1,TRUE
tt4574334,1,2,Stranger Things,2016,16+,8.7/10,96/100,1,0,0,0,1,8.7,8.6,1724245,tvSeries,Exact (title + year),-0.0999999999999996,8.7,864533,-0.0999999999999996,859712,1,TRUE
tt4574736,2412,2490,Charlotte,2015,16+,7.6/10,62/100,0,1,0,0,1,7.6,7.5,12025,tvMiniSeries,Exact (title + year),-0.0999999999999996,7.6,4879,-0.0999999999999996,7146,1,TRUE
tt4577466,2199,2249,Casual,2015,18+,7.5/10,70/100,0,1,0,0,1,7.5,7.5,10058,tvSeries,Exact (title + year),0,7.5,7560,0,2498,1,TRUE
tt4584326,2419,2500,Seraph of the End,2015,13+,7.5/10,62/100,0,1,0,0,1,7.5,7.4,9197,tvSeries,Exact (title + year),-0.0999999999999996,7.5,4020,-0.0999999999999996,5177,1,TRUE
tt4584754,2801,2913,Rin-ne,2015,16+,6.6/10,51/100,0,1,0,0,1,6.6,6.7,190,tvSeries,Exact (title + year),0.100000000000001,6.6,132,0.100000000000001,58,1,TRUE
tt4588068,1850,1858,Luna Petunia,2016,all,6.3/10,31/100,1,0,0,0,1,6.3,7,82,tvSeries,Exact (title + year),0.7,6.4,47,0.6,35,1,TRUE
tt4591390,2353,2422,Fixer Upper,2013,all,8.2/10,64/100,0,1,0,0,1,8.2,8.1,3733,tvSeries,Exact (title + year),-0.0999999999999996,8.2,2783,-0.0999999999999996,950,1,TRUE
tt4591680,776,779,BUNK'D,2015,all,5.4/10,56/100,1,0,0,0,1,5.4,5.5,5302,tvSeries,Exact (title + year),0.0999999999999996,5.4,2670,0.0999999999999996,2632,1,TRUE
tt4592090,1884,1892,Love Me Or Leave Me,2012,"",6.5/10,29/100,1,0,0,0,1,6.5,6.6,32,tvSeries,Exact (title + year),0.0999999999999996,6.5,23,0.0999999999999996,9,1,TRUE
tt4592410,397,399,The Get Down,2016,16+,8.3/10,66/100,1,0,0,0,1,8.3,8.2,24683,tvMiniSeries,Exact (title + year),-0.100000000000001,8.3,21339,-0.100000000000001,3344,1,TRUE
tt4602768,246,247,Doctor Foster,2015,16+,7.7/10,72/100,1,0,0,0,1,7.7,7.6,23977,tvSeries,Exact (title + original-language year),-0.100000000000001,7.7,16045,-0.100000000000001,7932,1,TRUE
tt4603222,2624,2725,Plastic Memories,2015,16+,7.4/10,56/100,0,1,0,0,1,7.4,7.4,4440,tvSeries,Exact (title + year),0,7.4,1632,0,2808,1,TRUE
tt4607112,3536,3717,Tin Star,2017,18+,7.3/10,69/100,0,0,1,0,1,7.3,7.2,16992,tvSeries,Exact (title + year),-0.0999999999999996,7.3,12682,-0.0999999999999996,4310,1,TRUE
tt4610700,3838,4094,The Delivery Man,2015,16+,7.2/10,49/100,0,0,1,0,1,7.2,7,862,tvSeries,Exact (title + year),-0.2,7.2,711,-0.2,151,1,TRUE
tt4612950,2941,3064,Major Lazer,2015,18+,7.6/10,46/100,0,1,0,0,1,7.6,7.6,949,tvSeries,"Fuzzy (title exact, year +-1)",0,7.6,758,0,191,1,TRUE
tt4613520,1152,1155,The Sound of Your Heart,2016,"",8.3/10,49/100,1,0,0,0,1,8.3,8.1,2018,tvSeries,Exact (title + year),-0.200000000000001,8.3,845,-0.200000000000001,1173,1,TRUE
tt4614532,3967,4245,Walking Through History,2013,"",8.2/10,45/100,0,0,1,0,1,8.2,8.1,304,tvSeries,Exact (title + year),-0.0999999999999996,8.2,197,-0.0999999999999996,107,1,TRUE
tt4620672,1885,1893,The Year of Happiness and Love,2009,7+,5.2/10,29/100,1,0,0,0,1,5.2,5.8,23,tvSeries,Exact (title + year),0.6,5.2,20,0.6,3,1,TRUE
tt4633166,3112,3243,The Hotwives of Las Vegas,2015,"",6.6/10,39/100,0,1,0,0,1,6.6,6.9,587,tvSeries,Exact (title + year),0.300000000000001,6.5,412,0.4,175,1,TRUE
tt4635276,70,71,Master of None,2015,18+,8.3/10,83/100,1,0,0,0,1,8.3,8.2,78970,tvSeries,Exact (title + year),-0.100000000000001,8.3,69562,-0.100000000000001,9408,1,TRUE
tt4635282,107,108,The OA,2016,18+,7.8/10,80/100,1,0,0,0,1,7.8,7.8,128279,tvSeries,Exact (title + year),0,7.8,93593,0,34686,1,TRUE
tt4637142,1867,1875,Way Back into Love,2011,"",6.6/10,31/100,1,0,0,0,1,6.6,7.8,26,tvSeries,Exact (title + year),1.2,6.6,13,1.2,13,1,TRUE
tt4643084,3470,3622,Counterpart,2017,18+,8.1/10,82/100,0,0,1,0,1,8.1,8,34897,tvSeries,Exact (title + year),-0.0999999999999996,8.1,23227,-0.0999999999999996,11670,1,TRUE
tt4644488,2103,2140,Dragon Ball Super,2015,7+,8.4/10,75/100,0,1,0,0,1,8.4,8.3,46515,tvSeries,Exact (title + year),-0.0999999999999996,8.4,25076,-0.0999999999999996,21439,1,TRUE
tt4647692,2108,2145,Letterkenny,2016,18+,8.6/10,74/100,0,1,0,0,1,8.6,8.5,34368,tvSeries,Exact (title + year),-0.0999999999999996,8.6,15411,-0.0999999999999996,18957,1,TRUE
tt4649098,4368,4667,Strictly Ballet,2014,"",6.5/10,32/100,0,0,1,0,1,6.5,7.9,17,tvSeries,Exact (title + year),1.4,6.5,10,1.4,7,1,TRUE
tt4649390,3081,3210,Home Free,2015,all,7.2/10,40/100,0,1,0,0,1,7.2,7.3,248,tvSeries,Exact (title + year),0.0999999999999996,7.2,222,0.0999999999999996,26,1,TRUE
tt4649420,447,449,Cleverman,2016,16+,6.4/10,65/100,1,0,0,0,1,6.4,6.4,3711,tvSeries,Exact (title + year),0,6.4,3111,0,600,1,TRUE
tt4651448,490,493,Green Eggs and Ham,2019,7+,8.2/10,63/100,1,0,0,0,1,8.2,8.1,3678,tvSeries,Exact (title + year),-0.0999999999999996,8.2,1947,-0.0999999999999996,1731,1,TRUE
tt4655480,258,259,Chicago Med,2015,16+,7.6/10,71/100,1,1,0,0,1,7.6,7.6,34786,tvSeries,Exact (title + year),0,7.6,16797,0,17989,2,FALSE
tt4658614,3017,3144,Spring Baking Championship,2015,all,6.9/10,43/100,0,1,0,0,1,6.9,7.1,514,tvSeries,Exact (title + year),0.199999999999999,6.9,155,0.199999999999999,359,1,TRUE
tt4661518,3235,3367,Day of Gluttony,2014,"",7.6/10,31/100,0,1,0,0,1,7.6,7.8,24,tvSeries,Exact (title + year),0.2,7.6,19,0.2,5,1,TRUE
tt4667888,357,359,Slasher,2016,18+,6.7/10,67/100,1,0,0,0,1,6.7,6.8,19010,tvSeries,Exact (title + year),0.0999999999999996,6.7,11736,0.0999999999999996,7274,1,TRUE
tt4676574,2390,2466,Difficult People,2015,18+,7.0/10,63/100,0,1,0,0,1,7,7.1,4949,tvSeries,Exact (title + year),0.0999999999999996,7,3571,0.0999999999999996,1378,1,TRUE
tt4677846,3920,4195,Lost in Oz,2015,7+,7.6/10,46/100,0,0,1,0,1,7.6,7.5,698,tvSeries,Exact (title + year),-0.0999999999999996,7.6,454,-0.0999999999999996,244,1,TRUE
tt4677934,232,233,Documentary Now!,2015,18+,8.1/10,72/100,1,0,0,0,1,8.1,8.1,8773,tvSeries,Exact (title + year),0,8.1,5578,0,3195,1,TRUE
tt4680240,400,402,Club de Cuervos,2015,18+,8.2/10,66/100,1,0,0,0,1,8.2,8.2,7131,tvSeries,Exact (title + original-language year),0,8.2,5099,0,2032,1,TRUE
tt4680360,1693,1699,Care Bears and Cousins,2015,all,6.8/10,38/100,1,0,0,0,1,6.8,5,124,tvSeries,Exact (title + year),-1.8,6.8,62,-1.8,62,1,TRUE
tt4680444,425,427,Forged in Fire,2015,7+,8.4/10,65/100,1,1,1,0,1,8.4,8.2,5081,tvSeries,Exact (title + year),-0.200000000000001,8.4,2945,-0.200000000000001,2136,3,FALSE
tt4686698,271,273,Frontier,2016,18+,7.2/10,71/100,1,0,0,0,1,7.2,7.1,26674,tvSeries,Exact (title + year),-0.100000000000001,7.2,17860,-0.100000000000001,8814,1,TRUE
tt4687880,3494,3654,Goliath,2016,16+,8.1/10,77/100,0,0,1,0,1,8.1,8.1,64225,tvSeries,Exact (title + year),0,8.1,34970,0,29255,1,TRUE
tt4687882,3501,3663,Patriot,2015,18+,8.3/10,77/100,0,0,1,0,1,8.3,8.2,21643,tvSeries,Exact (title + year),-0.100000000000001,8.3,12321,-0.100000000000001,9322,1,TRUE
tt4687892,3554,3745,Good Girls Revolt,2015,18+,8.2/10,67/100,0,0,1,0,1,8.2,8.1,6740,tvSeries,Exact (title + year),-0.0999999999999996,8.2,5345,-0.0999999999999996,1395,1,TRUE
tt4688512,2542,2638,Dice,2016,18+,7.5/10,58/100,0,1,0,0,1,7.5,7.4,2118,tvSeries,Exact (title + year),-0.0999999999999996,7.5,1731,-0.0999999999999996,387,1,TRUE
tt4693256,4168,4463,Sneg i pepel,2015,"",6.2/10,38/100,0,0,1,0,1,6.2,6.4,50,tvMiniSeries,Exact (title + original-language year),0.2,6.2,36,0.2,14,1,TRUE
tt4694268,4288,4585,Vanity,2015,"",7.1/10,35/100,0,0,1,0,1,7.1,7.1,83,tvSeries,Exact (title + year),0,7.1,65,0,18,1,TRUE
tt4695530,2169,2214,People of Earth,2016,18+,7.7/10,71/100,0,1,0,0,1,7.7,7.7,8635,tvSeries,Exact (title + year),0,7.7,6447,0,2188,1,TRUE
tt4699982,632,635,Rebellion,2016,16+,7.2/10,60/100,1,0,0,0,1,7.2,7.2,5008,tvSeries,Exact (title + year),0,7.2,3006,0,2002,1,TRUE
tt4708572,3106,3237,American Scandals,2015,"",8.3/10,39/100,0,1,0,0,1,8.3,8.2,76,tvSeries,Exact (title + year),-0.100000000000001,8.3,47,-0.100000000000001,29,1,TRUE
tt4715134,3156,3287,Future-Worm!,2016,7+,5.2/10,37/100,0,1,0,1,1,5.2,5.4,347,tvSeries,Exact (title + year),0.2,5.2,210,0.2,137,2,FALSE
tt4716268,1328,1332,Beat Bugs,2016,all,7.6/10,46/100,1,0,0,0,1,7.6,7.5,621,tvSeries,Exact (title + year),-0.0999999999999996,7.7,478,-0.2,143,1,TRUE
tt4719744,2367,2438,Travel Man: 48 Hours in...,2015,7+,8.3/10,63/100,0,1,0,0,1,8.3,8.1,3787,tvSeries,Exact (title + year),-0.200000000000001,8.3,2016,-0.200000000000001,1771,1,TRUE
tt4719796,4654,4970,Wildest Middle East,2015,"","",13/100,0,0,1,0,1,,8.3,86,tvSeries,Exact (title + year),,8.3,64,0,22,1,TRUE
tt4728568,463,465,Is It Wrong to Try to Pick Up Girls in a Dungeon?,2015,16+,7.4/10,64/100,1,1,0,0,1,7.4,7.4,13915,tvSeries,Exact (title + year),0,7.4,5992,0,7923,2,FALSE
tt4733278,3061,3189,I Am Cait,2015,16+,3.4/10,42/100,0,1,0,0,1,3.4,3.6,2320,tvSeries,Exact (title + year),0.2,3.5,1991,0.1,329,1,TRUE
tt4741110,823,826,Cheese in the Trap,2016,16+,7.4/10,55/100,1,0,0,0,1,7.4,7.2,5463,tvSeries,Exact (title + year),-0.2,7.4,3252,-0.2,2211,1,TRUE
tt4760416,3230,3362,Utawarerumono: The False Faces,2015,16+,6.8/10,32/100,0,1,0,0,1,6.8,6.3,170,tvSeries,Exact (title + year),-0.5,6.8,86,-0.5,84,1,TRUE
tt4760616,3985,4266,Cape Town,2016,"",6.1/10,44/100,0,0,1,0,1,6.1,6.1,439,tvMiniSeries,"Fuzzy (title exact, year +-1)",0,6.1,254,0,185,1,TRUE
tt4761054,1549,1555,Conspiracy,2015,"",6.2/10,41/100,1,0,0,0,1,6.2,6.2,431,tvSeries,Exact (title + year),0,6.2,305,0,126,1,TRUE
tt4763642,1642,1648,Robocar Poli,2011,"",6.7/10,39/100,1,0,0,0,1,6.7,5.7,268,tvSeries,Exact (title + year),-1,6.6,83,-0.9,185,1,TRUE
tt4770018,2327,2392,Love Island,2015,18+,5.2/10,65/100,0,1,0,0,1,5.2,5.3,5669,tvSeries,Exact (title + year),0.0999999999999996,5.2,2565,0.0999999999999996,3104,1,TRUE
tt4781350,1822,1830,Llama Llama,2018,all,6.5/10,33/100,1,0,0,0,1,6.5,6.4,343,tvSeries,Exact (title + year),-0.0999999999999996,6.5,244,-0.0999999999999996,99,1,TRUE
tt4786552,3284,3417,Modd Couples,2015,18+,5.3/10,24/100,0,1,0,0,1,5.3,5.3,8,tvSeries,Exact (title + year),0,5.3,6,0,2,1,TRUE
tt4786824,20,21,The Crown,2016,18+,8.6/10,89/100,1,0,0,0,1,8.6,8.6,283229,tvSeries,Exact (title + year),0,8.6,166234,0,116995,1,TRUE
tt4787000,2603,2704,Hellevator,2015,18+,6.1/10,56/100,0,1,0,0,1,6.1,6.2,523,tvSeries,Exact (title + year),0.100000000000001,6.1,433,0.100000000000001,90,1,TRUE
tt4789300,498,501,Lady Dynamite,2016,16+,7.4/10,63/100,1,0,0,0,1,7.4,7.4,4257,tvSeries,Exact (title + year),0,7.4,3351,0,906,1,TRUE
tt4789576,2273,2331,The Path,2016,18+,7.3/10,67/100,0,1,0,0,1,7.3,7.2,9709,tvSeries,Exact (title + year),-0.0999999999999996,7.3,8365,-0.0999999999999996,1344,1,TRUE
tt4790546,824,827,Terrace House: Boys & Girls in the City,2015,7+,8.1/10,55/100,1,0,0,0,1,8.1,8,1988,tvSeries,Exact (title + year),-0.0999999999999996,8.2,1463,-0.199999999999999,525,1,TRUE
tt4790548,1197,1200,Atelier,2015,16+,7.2/10,48/100,1,0,0,0,1,7.2,7.2,1106,tvMiniSeries,Exact (title + year),0,7.2,862,0,244,1,TRUE
tt4791250,2505,2598,Naked and Afraid XL,2015,16+,7.4/10,59/100,0,1,0,0,1,7.4,7.4,2233,tvSeries,Exact (title + year),0,7.4,1143,0,1090,1,TRUE
tt4798814,2523,2619,Son of Zorn,2016,16+,6.8/10,58/100,0,1,0,0,1,6.8,6.8,5208,tvSeries,Exact (title + year),0,6.8,4325,0,883,1,TRUE
tt4799404,2953,3078,Tiny House Hunters,2014,all,6.2/10,45/100,0,1,0,0,1,6.2,6.4,275,tvSeries,Exact (title + year),0.2,6.1,206,0.300000000000001,69,1,TRUE
tt4799574,674,677,Oh My Ghost,2015,"",8.1/10,59/100,1,0,0,0,1,8.1,7.9,6314,tvSeries,Exact (title + year),-0.199999999999999,8.1,3604,-0.199999999999999,2710,1,TRUE
tt4800624,5215,5556,Bizaardvark,2016,all,3.7/10,48/100,0,0,0,1,1,3.7,4.2,3062,tvSeries,Exact (title + year),0.5,3.7,1832,0.5,1230,1,TRUE
tt4803766,147,148,Alone,2015,16+,8.4/10,77/100,1,1,0,0,1,8.4,8.4,9316,tvSeries,Exact (title + year),0,8.4,3593,0,5723,2,FALSE
tt4811640,4159,4454,Curious Traveler,2015,"",7.9/10,38/100,0,0,1,0,1,7.9,8.1,54,tvSeries,Exact (title + year),0.199999999999999,7.9,25,0.199999999999999,29,1,TRUE
tt4816058,771,774,Dragons: Race to the Edge,2015,7+,8.3/10,57/100,1,0,0,0,1,8.3,8.2,11421,tvSeries,Exact (title + year),-0.100000000000001,8.3,5062,-0.100000000000001,6359,1,TRUE
tt4831392,2347,2416,Monster Musume: Everyday Life with Monster Girls,2015,18+,6.7/10,64/100,0,1,0,0,1,6.7,6.5,4281,tvMiniSeries,Exact (title + year),-0.2,6.7,1891,-0.2,2390,1,TRUE
tt4834194,557,560,Yu-Gi-Oh!,1998,"",7.9/10,62/100,1,1,1,0,1,7.9,7.7,2482,tvSeries,Exact (title + year),-0.2,7.9,1612,-0.2,870,3,FALSE
tt4834206,119,120,A Series of Unfortunate Events,2017,7+,7.8/10,79/100,1,0,0,0,1,7.8,7.7,73083,tvSeries,Exact (title + year),-0.0999999999999996,7.8,55098,-0.0999999999999996,17985,1,TRUE
tt4836522,3110,3241,Seven Year Switch,2015,16+,5.3/10,39/100,0,1,0,0,1,5.3,5.6,153,tvSeries,Exact (title + year),0.3,5.3,114,0.3,39,1,TRUE
tt4836846,2541,2637,Midnight Sun,2016,"",7.5/10,58/100,1,1,0,0,1,7.5,7.4,5715,tvSeries,Exact (title + year),-0.0999999999999996,7.5,4679,-0.0999999999999996,1036,2,FALSE
tt4839610,384,386,We Bare Bears,2015,7+,7.9/10,67/100,1,1,0,0,1,7.9,7.8,22974,tvSeries,"Fuzzy (title exact, year +-1)",-0.100000000000001,7.9,12589,-0.100000000000001,10385,2,FALSE
tt4846958,3806,4059,The Scholar Who Walks the Night,2015,"",7.3/10,50/100,0,0,1,0,1,7.3,7.2,1352,tvSeries,Exact (title + year),-0.0999999999999996,7.3,773,-0.0999999999999996,579,1,TRUE
tt4847134,3094,3224,Mighty Magiswords,2015,7+,4.9/10,40/100,0,1,0,0,1,4.9,4.6,1646,tvSeries,Exact (title + year),-0.300000000000001,4.8,976,-0.2,670,1,TRUE
tt4855114,2175,2221,Good Behavior,2016,18+,8.1/10,71/100,0,1,0,0,1,8.1,8,12694,tvSeries,Exact (title + year),-0.0999999999999996,8.1,9885,-0.0999999999999996,2809,1,TRUE
tt4855124,3964,4242,The Detectives,2015,"",7.8/10,45/100,0,0,1,0,1,7.8,7.9,237,tvSeries,Exact (title + year),0.100000000000001,7.8,185,0.100000000000001,52,1,TRUE
tt4855868,5248,5592,LEGO Star Wars: Droid Tales,2015,7+,7.5/10,46/100,0,0,0,1,1,7.5,7.4,1277,tvMiniSeries,Exact (title + year),-0.0999999999999996,7.6,743,-0.199999999999999,534,1,TRUE
tt4858114,1453,1459,Hotel Transylvania,2017,7+,5.5/10,43/100,1,0,0,0,1,5.5,5.6,1034,tvSeries,Exact (title + original-language year),0.0999999999999996,5.5,541,0.0999999999999996,493,1,TRUE
tt4861760,1269,1272,Project Mc²,2015,all,6.0/10,47/100,1,0,0,0,1,6,6.3,1800,tvSeries,Exact (title + year),0.3,6,803,0.3,997,1,TRUE
tt4869896,2272,2330,Overlord,2015,18+,7.8/10,67/100,0,1,0,0,1,7.8,7.6,19845,tvSeries,Exact (title + year),-0.2,7.8,6634,-0.2,13211,1,TRUE
tt4873020,2889,3010,Behind Bars: Rookie Year,2015,16+,7.8/10,48/100,0,1,0,0,1,7.8,7.7,259,tvSeries,Exact (title + year),-0.0999999999999996,7.9,196,-0.2,63,1,TRUE
tt4878326,141,142,Wynonna Earp,2016,16+,7.5/10,78/100,1,0,0,0,1,7.5,7.4,26645,tvSeries,Exact (title + year),-0.0999999999999996,7.5,20246,-0.0999999999999996,6399,1,TRUE
tt4878488,412,414,Stateless,2020,16+,7.6/10,65/100,1,0,0,0,1,7.6,7.5,12148,tvMiniSeries,Exact (title + year),-0.0999999999999996,7.5,7025,0,5123,1,TRUE
tt4902964,5142,5475,Rapunzel's Tangled Adventure,2017,all,7.7/10,56/100,0,0,0,1,1,7.7,7.7,4400,tvSeries,Exact (title + year),0,7.7,2116,0,2284,1,TRUE
tt4903242,2197,2247,The Detour,2016,18+,7.7/10,70/100,0,1,0,0,1,7.7,7.7,8145,tvSeries,Exact (title + year),0,7.7,6232,0,1913,1,TRUE
tt4906064,4001,4284,BBQ with Franklin,2015,all,8.1/10,44/100,0,0,1,0,1,8.1,8.5,56,tvSeries,Exact (title + year),0.4,8.3,30,0.199999999999999,26,1,TRUE
tt4906830,2636,2737,Attack on Titan: Junior High,2015,16+,7.1/10,55/100,0,1,0,0,1,7.1,7.2,3815,tvMiniSeries,Exact (title + year),0.100000000000001,7,1515,0.2,2300,1,TRUE
tt4922804,251,252,3%,2016,18+,7.4/10,72/100,1,0,0,0,1,7.4,7.2,30379,tvSeries,Exact (title + year),-0.2,7.4,22653,-0.2,7726,1,TRUE
tt4925000,2274,2332,Descendants of the Sun,2016,16+,8.3/10,67/100,0,1,1,0,1,8.3,8.2,29412,tvSeries,Exact (title + year),-0.100000000000001,8.3,10631,-0.100000000000001,18781,2,FALSE
tt4931888,3119,3250,Close Up with The Hollywood Reporter,2015,16+,7.0/10,39/100,0,1,0,0,1,7,7.1,186,tvMiniSeries,Exact (title + year),0.0999999999999996,7,107,0.0999999999999996,79,1,TRUE
tt4937942,423,425,Sorjonen,2016,18+,7.6/10,65/100,1,0,0,0,1,7.6,7.6,13322,tvSeries,Exact (title + original-language year),0,7.6,8222,0,5100,1,TRUE
tt4938084,3583,3783,Doctor Thorne,2016,16+,7.3/10,64/100,0,0,1,0,1,7.3,7.3,5721,tvMiniSeries,Exact (title + year),0,7.3,3977,0,1744,1,TRUE
tt4941240,2517,2612,Star,2016,16+,6.7/10,59/100,0,1,0,0,1,6.7,6.8,5610,tvSeries,Exact (title + year),0.0999999999999996,6.7,3978,0.0999999999999996,1632,1,TRUE
tt4941556,3240,3372,Noches con Platanito,2013,"",5.4/10,31/100,0,1,0,0,1,5.4,5.5,97,tvSeries,Exact (title + year),0.0999999999999996,5.4,54,0.0999999999999996,43,1,TRUE
tt4944694,777,780,Cathedral of the Sea,2018,16+,7.5/10,56/100,1,0,0,0,1,7.5,7.5,5734,tvSeries,Exact (title + year),0,7.5,3440,0,2294,1,TRUE
tt4947580,4028,4311,Nature Cat,2015,all,7.2/10,43/100,0,0,1,0,1,7.2,7.3,528,tvSeries,Exact (title + year),0.0999999999999996,7.2,287,0.0999999999999996,241,1,TRUE
tt4947608,3693,3924,One Mississippi,2016,18+,7.4/10,56/100,0,0,1,0,1,7.4,7.6,4988,tvSeries,"Fuzzy (title exact, year +-1)",0.199999999999999,7.4,3420,0.199999999999999,1568,1,TRUE
tt4951098,5199,5539,Descendants: Wicked World,2015,all,6.6/10,50/100,0,0,0,1,1,6.6,6.3,1597,tvSeries,Exact (title + year),-0.3,6.6,811,-0.3,786,1,TRUE
tt4955480,396,398,Great News,2017,7+,7.0/10,66/100,1,0,0,0,1,7,7,8877,tvSeries,Exact (title + year),0,7.1,5766,-0.0999999999999996,3111,1,TRUE
tt4955642,26,27,The Good Place,2016,16+,8.2/10,88/100,1,0,0,0,1,8.2,8.2,223372,tvSeries,Exact (title + year),0,8.2,123949,0,99423,1,TRUE
tt4960806,4053,4338,Very British Problems,2015,"",7.2/10,42/100,0,0,1,0,1,7.2,7.2,515,tvSeries,Exact (title + year),0,7.2,454,0,61,1,TRUE
tt4967674,2562,2660,SHIMONETA: A Boring World Where the Concept of Dirty Jokes Doesn't Exist,2015,18+,7.0/10,57/100,0,1,0,0,1,7,6.9,4229,tvSeries,Exact (title + year),-0.0999999999999996,7,1719,-0.0999999999999996,2510,1,TRUE
tt4971144,672,675,Greenleaf,2016,18+,7.4/10,59/100,1,0,0,0,1,7.4,7.5,6639,tvSeries,Exact (title + year),0.0999999999999996,7.4,4522,0.0999999999999996,2117,1,TRUE
tt4973548,466,468,Flaked,2016,18+,7.2/10,64/100,1,0,0,0,1,7.2,7.2,13181,tvSeries,Exact (title + year),0,7.2,10575,0,2606,1,TRUE
tt4975856,2092,2128,Future Man,2017,18+,7.7/10,75/100,0,1,0,0,1,7.7,7.6,34149,tvSeries,Exact (title + year),-0.100000000000001,7.7,22324,-0.100000000000001,11825,1,TRUE
tt4976512,260,261,Secret City,2016,18+,7.4/10,71/100,1,0,0,0,1,7.4,7.4,11000,tvSeries,Exact (title + year),0,7.4,6839,0,4161,1,TRUE
tt4981448,4246,4542,Nikola Tesla and the End of the World,2015,"",4.9/10,36/100,0,0,1,0,1,4.9,4.8,58,tvSeries,Exact (title + year),-0.100000000000001,4.9,48,-0.100000000000001,10,1,TRUE
tt4991910,1193,1196,The Deep,2016,7+,7.9/10,48/100,1,0,0,0,1,7.9,7.8,1156,tvSeries,"Fuzzy (title exact, year +-1)",-0.100000000000001,7.9,557,-0.100000000000001,599,1,TRUE
tt4998212,364,366,The Ranch,2016,16+,7.5/10,67/100,1,0,0,0,1,7.5,7.4,45772,tvSeries,Exact (title + year),-0.0999999999999996,7.5,34735,-0.0999999999999996,11037,1,TRUE
tt5008688,4102,4392,Gotthard,2016,"",6.5/10,40/100,0,0,1,0,1,6.5,6.5,328,tvSeries,Exact (title + original-language year),0,6.5,233,0,95,1,TRUE
tt5011816,3481,3637,Sneaky Pete,2015,18+,8.1/10,79/100,0,0,1,0,1,8.1,8,48811,tvSeries,Exact (title + year),-0.0999999999999996,8.1,31852,-0.0999999999999996,16959,1,TRUE
tt5012346,4056,4341,Date My Dad,2017,all,7.1/10,42/100,0,0,1,0,1,7.1,6.8,416,tvSeries,Exact (title + year),-0.3,7.2,307,-0.4,109,1,TRUE
tt5014882,3537,3719,The Durrells,2016,7+,8.2/10,69/100,0,0,1,0,1,8.2,8.2,16905,tvSeries,Exact (title + year),0,8.2,8999,0,7906,1,TRUE
tt5016504,2019,2049,Preacher,2016,18+,8.0/10,80/100,0,1,1,0,1,8,7.9,87282,tvSeries,Exact (title + year),-0.0999999999999996,8,69377,-0.0999999999999996,17905,2,FALSE
tt5016516,2950,3075,The New Adventures of Figaro Pho,2015,all,7.3/10,45/100,0,1,0,0,1,7.3,8,66,tvSeries,Exact (title + year),0.7,7.3,43,0.7,23,1,TRUE
tt5021206,965,968,The Mr. Peabody & Sherman Show,2015,7+,5.8/10,53/100,1,0,0,0,1,5.8,5.8,692,tvSeries,Exact (title + year),0,5.8,364,0,328,1,TRUE
tt5022298,1506,1512,Ice Fantasy,2016,16+,7.1/10,42/100,1,0,0,0,1,7.1,6.7,705,tvSeries,Exact (title + year),-0.399999999999999,7.2,541,-0.5,164,1,TRUE
tt5023626,4937,5256,The Coeds,2015,"","",10/100,0,0,1,0,1,,8.2,22,tvSeries,Exact (title + year),,8.2,20,0,2,1,TRUE
tt5023972,1325,1328,Lost & Found Music Studios,2015,all,6.8/10,46/100,1,0,0,0,1,6.8,6.6,745,tvSeries,Exact (title + year),-0.2,6.8,549,-0.2,196,1,TRUE
tt5028002,163,164,StartUp,2016,18+,7.9/10,77/100,1,0,0,0,1,7.9,7.8,32968,tvSeries,Exact (title + year),-0.100000000000001,8,18281,-0.2,14687,1,TRUE
tt5028280,4763,5081,SMOSH Babies,2013,"","",13/100,0,0,1,0,1,,4.3,184,tvSeries,Exact (title + year),,4.3,132,0,52,1,TRUE
tt5037152,4673,4989,Beginnings,2016,"","",13/100,0,0,1,0,1,,4.8,53,tvSeries,"Fuzzy (title exact, year +-1)",,4.6,46,0.2,7,1,TRUE
tt5038858,844,847,Case,2015,16+,7.1/10,55/100,1,0,0,0,1,7.1,7.1,2967,tvSeries,Exact (title + year),0,7.1,2324,0,643,1,TRUE
tt5038900,1472,1478,Legend Quest,2017,7+,7.4/10,43/100,1,0,0,0,1,7.4,7.3,631,tvSeries,Exact (title + year),-0.100000000000001,7.4,403,-0.100000000000001,228,1,TRUE
tt5045900,3700,3932,She Was Pretty,2015,"",7.7/10,55/100,0,0,1,0,1,7.7,7.5,7794,tvSeries,Exact (title + year),-0.2,7.7,3884,-0.2,3910,1,TRUE
tt5050548,4480,4782,Ultimate Wheels,2014,"",5.1/10,25/100,0,0,1,0,1,5.1,5.7,15,tvSeries,"Fuzzy (title exact, year +-1)",0.600000000000001,5.1,7,0.600000000000001,8,1,TRUE
tt5052460,2300,2362,Taken,2017,18+,6.6/10,66/100,0,1,0,0,1,6.6,6.6,12518,tvSeries,Exact (title + year),0,6.6,9784,0,2734,1,TRUE
tt5053036,1783,1791,Singles Villa,2015,"",7.6/10,35/100,1,0,0,0,1,7.6,7.4,37,tvSeries,Exact (title + year),-0.199999999999999,7.6,23,-0.199999999999999,14,1,TRUE
tt5056196,2130,2169,Catch-22,2019,18+,7.8/10,73/100,0,1,1,0,1,7.8,7.7,23875,tvMiniSeries,Exact (title + year),-0.0999999999999996,7.8,15671,-0.0999999999999996,8204,2,FALSE
tt5059866,3776,4022,Himouto! Umaru-chan,2015,16+,7.0/10,52/100,0,0,1,0,1,7,7.1,2344,tvSeries,Exact (title + year),0.0999999999999996,7.1,1173,0,1171,1,TRUE
tt5066664,741,744,Cannon Busters,2019,18+,6.8/10,57/100,1,0,0,0,1,6.8,6.6,1548,tvSeries,Exact (title + year),-0.2,6.8,1004,-0.2,544,1,TRUE
tt5071412,19,20,Ozark,2017,18+,8.4/10,89/100,1,0,0,0,1,8.4,8.4,396146,tvSeries,Exact (title + year),0,8.4,201029,0,195117,1,TRUE
tt5074678,4213,4509,Hot Girl,2016,"",7.0/10,37/100,0,0,1,0,1,7,7,260,tvMiniSeries,Exact (title + year),0,6.9,43,0.0999999999999996,217,1,TRUE
tt5075360,1122,1125,Murder Maps,2015,16+,7.5/10,50/100,1,0,0,0,1,7.5,7.5,693,tvSeries,Exact (title + year),0,7.5,475,0,218,1,TRUE
tt5075942,1601,1607,Lego Bionicle: The Journey to One,2016,7+,5.5/10,40/100,1,0,0,0,1,5.5,5.3,295,tvSeries,Exact (title + year),-0.2,5.6,149,-0.3,146,1,TRUE
tt5079178,2899,3022,The Kennedys,2015,7+,7.3/10,47/100,0,1,0,0,1,7.3,7.2,790,tvSeries,Exact (title + year),-0.0999999999999996,7.3,581,-0.0999999999999996,209,1,TRUE
tt5093452,2370,2442,Shots Fired,2017,16+,6.5/10,63/100,0,1,0,0,1,6.5,6.8,2557,tvSeries,Exact (title + year),0.3,6.5,2041,0.3,516,1,TRUE
tt5093964,3207,3339,Fujiko,2015,"",8.4/10,34/100,0,1,0,0,1,8.4,8.4,30,tvMiniSeries,Exact (title + year),0,8.4,14,0,16,1,TRUE
tt5094068,3817,4070,Einstein,2017,"",6.5/10,50/100,0,0,1,0,1,6.5,6.5,485,tvSeries,Exact (title + year),0,6.5,265,0,220,1,TRUE
tt5095466,2693,2798,The Asterisk War,2015,16+,6.9/10,54/100,0,1,0,0,1,6.9,6.8,3052,tvSeries,Exact (title + year),-0.100000000000001,6.9,1630,-0.100000000000001,1422,1,TRUE
tt5100366,2551,2648,Chivalry of a Failed Knight,2015,18+,7.4/10,58/100,0,1,0,0,1,7.4,7.2,5955,tvMiniSeries,Exact (title + year),-0.2,7.4,2560,-0.2,3395,1,TRUE
tt5103758,898,901,Troy: Fall of a City,2018,18+,3.8/10,54/100,1,0,0,0,1,3.8,4.2,16667,tvSeries,Exact (title + year),0.4,3.8,12669,0.4,3998,1,TRUE
tt5113032,1311,1314,Witch Hunt: A Century of Murder,2015,18+,7.2/10,46/100,1,0,0,0,1,7.2,7.2,375,tvSeries,Exact (title + year),0,7.2,269,0,106,1,TRUE
tt5114356,1988,2007,Legion,2017,18+,8.2/10,84/100,0,1,0,0,1,8.2,8.1,104205,tvSeries,Exact (title + year),-0.0999999999999996,8.2,84178,-0.0999999999999996,20027,1,TRUE
tt5116628,4354,4653,Looped,2016,all,5.8/10,33/100,0,0,1,0,1,5.8,5.4,216,tvSeries,"Fuzzy (title exact, year +-1)",-0.399999999999999,5.7,74,-0.3,142,1,TRUE
tt5118450,5176,5516,Lab Rats: Elite Force,2016,7+,6.5/10,52/100,0,0,0,1,1,6.5,6.3,2342,tvSeries,Exact (title + year),-0.2,6.5,1112,-0.2,1230,1,TRUE
tt5122514,3189,3320,RocketJump: The Show,2015,16+,7.2/10,35/100,0,1,0,0,1,7.2,7.2,196,tvSeries,Exact (title + year),0,7.2,151,0,45,1,TRUE
tt5124168,4283,4579,Knock Knock Ghost,2015,13+,5.2/10,35/100,0,0,1,0,1,5.2,6.8,179,tvSeries,"Fuzzy (title exact, year +-1)",1.6,5.2,106,1.6,73,1,TRUE
tt5133742,3629,3844,The Last Post,2017,18+,7.2/10,60/100,0,0,1,0,1,7.2,7.3,3188,tvMiniSeries,Exact (title + year),0.0999999999999996,7.2,2351,0.0999999999999996,837,1,TRUE
tt5135336,810,813,The Method,2015,18+,7.4/10,56/100,1,0,0,0,1,7.4,7.2,3894,tvSeries,Exact (title + year),-0.2,7.4,2499,-0.2,1395,1,TRUE
tt5135744,4694,5010,The Ridge: Origins,2016,"","",13/100,0,0,1,0,1,,6,17,tvSeries,Exact (title + year),,6.2,14,-0.2,3,1,TRUE
tt5136220,3404,3538,Politicking with Larry King,2013,"","",13/100,0,1,0,0,1,,6.2,53,tvSeries,"Fuzzy (title exact, year +-1)",,5.4,27,0.8,26,1,TRUE
tt5137338,3493,3653,Victoria,2016,16+,8.2/10,78/100,0,0,1,0,1,8.2,8.2,35164,tvSeries,Exact (title + year),0,8.2,23559,0,11605,1,TRUE
tt5158256,3233,3365,Los Cowboys,2015,"",8.8/10,31/100,0,1,0,0,1,8.8,7.8,14,tvSeries,Exact (title + year),-1,8.8,8,-1,6,1,TRUE
tt5159916,3540,3722,Thirteen,2016,18+,7.2/10,69/100,0,0,1,0,1,7.2,7.2,10095,tvMiniSeries,Exact (title + year),0,7.3,7404,-0.0999999999999996,2691,1,TRUE
tt5164196,2071,2106,Lethal Weapon,2016,16+,7.9/10,77/100,0,1,0,0,1,7.9,7.8,42963,tvSeries,Exact (title + year),-0.100000000000001,7.9,35672,-0.100000000000001,7291,1,TRUE
tt5169608,3823,4078,Mamon,2015,"",7.4/10,50/100,0,0,1,0,1,7.4,7.3,334,tvSeries,Exact (title + year),-0.100000000000001,7.4,260,-0.100000000000001,74,1,TRUE
tt5170006,3221,3353,THE REFLECTION,2017,18+,6.1/10,33/100,0,1,0,0,1,6.1,5.1,126,tvMiniSeries,Exact (title + year),-1,6.1,82,-1,44,1,TRUE
tt5170230,1090,1093,Behind Enemy Lines,2001,13+,6.4/10,50/100,1,0,0,0,1,6.4,7.2,49,tvSeries,Exact (title + year),0.8,7.1,35,0.100000000000001,14,1,TRUE
tt5178792,4069,4355,After Hours,2015,16+,7.2/10,41/100,0,0,1,0,1,7.2,7.1,219,tvSeries,Exact (title + year),-0.100000000000001,7.2,162,-0.100000000000001,57,1,TRUE
tt5180504,18,19,The Witcher,2019,18+,8.2/10,89/100,1,0,0,0,1,8.2,7.8,622828,tvSeries,Exact (title + year),-0.399999999999999,8.2,321578,-0.399999999999999,301250,1,TRUE
tt5181214,4483,4785,Scandalous Overtures,2014,"",5.6/10,24/100,0,0,1,0,1,5.6,6.8,7,tvSeries,Exact (title + year),1.2,5.6,5,1.2,2,1,TRUE
tt5181284,1026,1029,Secrets of Great British Castles,2015,7+,7.8/10,52/100,1,0,0,0,1,7.8,7.7,1359,tvSeries,Exact (title + year),-0.0999999999999996,7.8,884,-0.0999999999999996,475,1,TRUE
tt5182866,349,351,Reply 1988,2015,"",9.1/10,67/100,1,0,0,0,1,9.1,9,19705,tvSeries,Exact (title + year),-0.0999999999999996,9.1,4257,-0.0999999999999996,15448,1,TRUE
tt5189670,59,60,Making a Murderer,2015,16+,8.6/10,84/100,1,0,0,0,1,8.6,8.5,108688,tvSeries,Exact (title + year),-0.0999999999999996,8.6,88435,-0.0999999999999996,20253,1,TRUE
tt5189944,2569,2667,Oh My Venus,2015,16+,7.8/10,57/100,0,1,0,0,1,7.8,7.7,8377,tvSeries,Exact (title + year),-0.0999999999999996,7.8,3671,-0.0999999999999996,4706,1,TRUE
tt5191128,616,619,The Break,2016,18+,7.6/10,60/100,1,0,0,0,1,7.6,6.8,228,tvSeries,Exact (title + original-language year),-0.8,6.6,203,0.2,25,1,TRUE
tt5191206,3107,3238,Eva La Trailera,2017,16+,7.3/10,39/100,0,1,0,0,1,7.3,7.1,71,tvSeries,"Fuzzy (title exact, year +-1)",-0.2,7.4,41,-0.300000000000001,30,1,TRUE
tt5193172,1341,1345,Dawn of the Croods,2015,7+,6.0/10,46/100,1,0,0,0,1,6,5.9,1097,tvSeries,Exact (title + year),-0.0999999999999996,6,564,-0.0999999999999996,533,1,TRUE
tt5193358,495,498,Wanted,2016,16+,7.7/10,63/100,1,0,0,0,1,7.7,7.6,7103,tvSeries,Exact (title + original-language year),-0.100000000000001,7.7,4916,-0.100000000000001,2187,1,TRUE
tt5194792,2226,2278,NOS4A2,2019,16+,6.7/10,69/100,0,1,0,0,1,6.7,6.6,13150,tvSeries,Exact (title + year),-0.100000000000001,6.7,7958,-0.100000000000001,5192,1,TRUE
tt5195114,5119,5450,Andi Mack,2017,all,7.2/10,60/100,0,0,0,1,1,7.2,7.3,2849,tvSeries,Exact (title + year),0.0999999999999996,7.3,1951,0,898,1,TRUE
tt5197820,405,407,Van Helsing,2016,16+,6.2/10,66/100,1,0,0,0,1,6.2,6.3,26597,tvSeries,Exact (title + year),0.0999999999999996,6.2,18851,0.0999999999999996,7746,1,TRUE
tt5197860,501,504,Tabula Rasa,2017,18+,8.0/10,63/100,1,0,0,0,1,8,7.9,11991,tvMiniSeries,Exact (title + year),-0.0999999999999996,8,8949,-0.0999999999999996,3042,1,TRUE
tt5200330,4091,4378,Dino Dana,2017,all,7.1/10,41/100,0,0,1,0,1,7.1,7.3,679,tvSeries,Exact (title + year),0.2,7.2,396,0.0999999999999996,283,1,TRUE
tt5212822,211,212,Imposters,2017,16+,7.8/10,73/100,1,0,0,0,1,7.8,7.8,16493,tvSeries,Exact (title + year),0,7.8,11302,0,5191,1,TRUE
tt5219042,2790,2902,Born This Way,2015,7+,8.5/10,51/100,0,1,0,0,1,8.5,8.6,621,tvSeries,Exact (title + year),0.0999999999999996,8.5,489,0.0999999999999996,132,1,TRUE
tt5226884,2895,3017,Chopped Junior,2015,"",6.4/10,48/100,0,1,0,0,1,6.4,6.3,274,tvSeries,Exact (title + year),-0.100000000000001,6.4,171,-0.100000000000001,103,1,TRUE
tt5228026,887,890,Netflix Presents: The Characters,2016,18+,5.4/10,54/100,1,0,0,0,1,5.4,5.5,1112,tvSeries,"Fuzzy (prefix stripped, exact year)",0.0999999999999996,5.4,730,0.0999999999999996,382,1,TRUE
tt5231950,1342,1346,A Touch of Green,2015,"",8.4/10,46/100,1,0,0,0,1,8.4,8.4,496,tvSeries,Exact (title + year),0,8.5,238,-0.0999999999999996,258,1,TRUE
tt5232464,1376,1380,Bromance,2015,"",7.8/10,45/100,1,0,0,0,1,7.8,7.8,539,tvSeries,Exact (title + year),0,7.8,408,0,131,1,TRUE
tt5232792,103,104,Lost in Space,2018,7+,7.3/10,80/100,1,1,0,0,1,7.3,7.3,114130,tvSeries,Exact (title + year),0,7.3,75450,0,38680,2,FALSE
tt5235950,1707,1713,Word Party,2016,all,5.9/10,37/100,1,0,0,0,1,5.9,5.5,435,tvSeries,Exact (title + year),-0.4,5.9,309,-0.4,126,1,TRUE
tt5237818,3831,4087,Bridget & Eamon,2016,16+,7.7/10,49/100,0,0,1,0,1,7.7,7.8,875,tvSeries,Exact (title + year),0.0999999999999996,7.6,546,0.2,329,1,TRUE
tt5239494,3718,3952,The Collection,2016,18+,7.1/10,54/100,0,0,1,0,1,7.1,7,2568,tvSeries,Exact (title + year),-0.0999999999999996,7.1,1990,-0.0999999999999996,578,1,TRUE
tt5240222,885,888,God Eater,2015,16+,7.0/10,54/100,1,0,0,0,1,7,6.9,2606,tvSeries,Exact (title + year),-0.0999999999999996,7,1660,-0.0999999999999996,946,1,TRUE
tt5247918,4166,4461,The Timeline,2015,"",8.2/10,38/100,0,0,1,0,1,8.2,8.1,117,tvSeries,Exact (title + year),-0.0999999999999996,8.2,84,-0.0999999999999996,33,1,TRUE
tt5248878,3658,3881,Hunting Hitler,2015,16+,7.4/10,58/100,0,0,1,0,1,7.4,7.4,2828,tvSeries,Exact (title + year),0,7.5,2167,-0.0999999999999996,661,1,TRUE
tt5249462,206,207,ERASED,2016,16+,8.5/10,74/100,1,1,0,0,1,8.5,8.4,76000,tvMiniSeries,Exact (title + year),-0.0999999999999996,8.5,33610,-0.0999999999999996,42390,2,FALSE
tt5255092,3170,3301,LA Story,2014,16+,7.2/10,36/100,0,1,0,0,1,7.2,8.6,12,tvSeries,"Fuzzy (title exact, year +-1)",1.4,7.2,10,1.4,2,1,TRUE
tt5262572,4253,4549,Christmas Through the Decades,2015,"",8.2/10,36/100,0,0,1,0,1,8.2,8.1,77,tvMiniSeries,Exact (title + year),-0.0999999999999996,8.2,28,-0.0999999999999996,49,1,TRUE
tt5269594,247,248,Marcella,2016,18+,7.4/10,72/100,1,0,0,0,1,7.4,7.3,41257,tvSeries,Exact (title + year),-0.100000000000001,7.4,25873,-0.100000000000001,15384,1,TRUE
tt5270356,5195,5535,Ice Road Rescue,2015,"",8.0/10,50/100,0,0,0,1,1,8,7.8,471,tvSeries,Exact (title + year),-0.2,8,179,-0.2,292,1,TRUE
tt5275894,841,844,Chelsea Does,2016,18+,7.2/10,55/100,1,0,0,0,1,7.2,7.4,2667,tvSeries,Exact (title + year),0.2,7.2,2358,0.2,309,1,TRUE
tt5290382,10,11,Mindhunter,2017,18+,8.6/10,90/100,1,0,0,0,1,8.6,8.6,402201,tvSeries,Exact (title + year),0,8.6,230492,0,171709,1,TRUE
tt5292052,4034,4318,Ready Jet Go!,2016,all,6.1/10,43/100,0,0,1,0,1,6.1,5.9,227,tvSeries,Exact (title + year),-0.199999999999999,6.1,111,-0.199999999999999,116,1,TRUE
tt5293462,1584,1590,The Qin Empire,2009,7+,8.1/10,40/100,1,0,0,0,1,8.1,8.1,188,tvSeries,Exact (title + year),0,8.1,75,0,113,1,TRUE
tt5295524,424,426,Crashing,2016,"",7.7/10,65/100,1,0,0,0,1,7.7,7.6,29399,tvSeries,Exact (title + year),-0.100000000000001,7.7,15748,-0.100000000000001,13651,1,TRUE
tt5296406,161,162,Designated Survivor,2016,7+,7.5/10,77/100,1,0,0,0,1,7.5,7.4,116176,tvSeries,Exact (title + year),-0.0999999999999996,7.5,80319,-0.0999999999999996,35857,1,TRUE
tt5302168,3907,4179,Street Fighter: Resurrection,2016,16+,6.5/10,46/100,0,0,1,0,1,6.5,6,630,tvSeries,Exact (title + year),-0.5,6.5,409,-0.5,221,1,TRUE
tt5311790,3589,3790,The A Word,2016,18+,7.8/10,63/100,0,0,1,0,1,7.8,7.9,2737,tvSeries,Exact (title + year),0.100000000000001,7.8,1908,0.100000000000001,829,1,TRUE
tt5319838,1203,1206,The Cuba Libre Story,2016,16+,7.7/10,48/100,1,0,0,0,1,7.7,7.6,2269,tvMiniSeries,"Fuzzy (title exact, year +-1)",-0.100000000000001,7.4,66,0.199999999999999,2203,1,TRUE
tt5320160,721,724,Degrassi: Next Class,2016,7+,6.9/10,58/100,1,0,0,0,1,6.9,6.8,4142,tvSeries,Exact (title + year),-0.100000000000001,6.9,2803,-0.100000000000001,1339,1,TRUE
tt5326328,3323,3456,Popcorn With Peter Travers,2010,"","",18/100,0,1,0,0,1,,6.9,32,tvSeries,"Fuzzy (title exact, year +-1)",,8.1,14,-1.2,18,1,TRUE
tt5326434,3050,3178,Girls Beyond the Wasteland,2016,"",5.5/10,42/100,0,1,0,0,1,5.5,5.7,119,tvSeries,Exact (title + year),0.2,5.4,48,0.3,71,1,TRUE
tt5327970,2742,2847,The Real Housewives of Potomac,2016,16+,4.8/10,53/100,0,1,0,0,1,4.8,5.7,1741,tvSeries,Exact (title + year),0.9,4.7,645,1,1096,1,TRUE
tt5330088,2811,2923,"The $100,000 Pyramid",2016,16+,6.2/10,50/100,0,1,0,0,1,6.2,6.3,716,tvSeries,Exact (title + year),0.0999999999999996,6.2,403,0.0999999999999996,313,1,TRUE
tt5332206,470,472,Signal,2016,"",8.6/10,64/100,1,0,0,0,1,8.6,8.4,12418,tvSeries,Exact (title + year),-0.199999999999999,8.6,4804,-0.199999999999999,7614,1,TRUE
tt5334364,2949,3074,Undefeated Bahamut Chronicle,2016,"",6.5/10,45/100,0,1,0,0,1,6.5,6.3,1248,tvMiniSeries,Exact (title + year),-0.2,6.5,612,-0.2,636,1,TRUE
tt5335606,1389,1394,Power Rangers Ninja Steel,2017,7+,6.0/10,45/100,1,0,0,0,1,6,5.7,1527,tvSeries,Exact (title + year),-0.3,6,722,-0.3,805,1,TRUE
tt5336698,2289,2348,Apple Tree Yard,2017,16+,7.2/10,67/100,0,1,0,0,1,7.2,7.2,6638,tvMiniSeries,Exact (title + year),0,7.2,4015,0,2623,1,TRUE
tt5336934,2725,2830,Saints & Sinners,2016,16+,7.4/10,53/100,0,1,0,0,1,7.4,7.3,1018,tvSeries,Exact (title + year),-0.100000000000001,7.5,527,-0.2,491,1,TRUE
tt5337806,652,655,Charité,2017,7+,7.9/10,59/100,1,0,0,0,1,7.9,7.8,4073,tvSeries,Exact (title + year),-0.100000000000001,7.9,2800,-0.100000000000001,1273,1,TRUE
tt5339440,153,154,One Day at a Time,2017,7+,8.2/10,77/100,1,0,0,0,1,8.2,8.1,20070,tvSeries,Exact (title + year),-0.0999999999999996,8.2,13872,-0.0999999999999996,6198,1,TRUE
tt5342836,4292,4589,Foxy Ladies,2016,"",6.1/10,35/100,0,0,1,0,1,6.1,5.9,17,tvSeries,Exact (title + year),-0.199999999999999,6.1,14,-0.199999999999999,3,1,TRUE
tt5344382,808,811,Mobile Suit Gundam: Iron-Blooded Orphans,2015,18+,7.9/10,56/100,1,0,0,0,1,7.9,7.9,2762,tvSeries,Exact (title + year),0,7.9,1320,0,1442,1,TRUE
tt5345490,2417,2497,24: Legacy,2017,16+,6.2/10,62/100,0,1,0,0,1,6.2,6.3,12338,tvSeries,"Fuzzy (title exact, year +-1)",0.0999999999999996,6.2,10342,0.0999999999999996,1996,1,TRUE
tt5346952,2830,2944,Dagashi Kashi,2016,16+,6.2/10,50/100,0,1,0,0,1,6.2,6.1,1089,tvSeries,Exact (title + year),-0.100000000000001,6.2,591,-0.100000000000001,498,1,TRUE
tt5347906,784,787,Cooked,2016,7+,8.1/10,56/100,1,0,0,0,1,8.1,8,3290,tvMiniSeries,Exact (title + year),-0.0999999999999996,8.1,2761,-0.0999999999999996,529,1,TRUE
tt5350276,819,822,Tales by Light,2015,"",8.3/10,55/100,1,0,0,0,1,8.3,8.2,2126,tvSeries,Exact (title + year),-0.100000000000001,8.3,1803,-0.100000000000001,323,1,TRUE
tt5352056,4451,4753,Fountain Of Youth,2017,"",5.8/10,28/100,0,0,1,0,1,5.8,6,32,tvSeries,Exact (title + year),0.2,5.8,26,0.2,6,1,TRUE
tt5354818,2981,3106,Bloque de Búsqueda,2016,"",7.9/10,45/100,0,1,0,0,1,7.9,7.4,131,tvSeries,Exact (title + year),-0.5,7.9,36,-0.5,95,1,TRUE
tt5355972,4150,4445,America Divided,2016,16+,4.0/10,39/100,0,0,1,0,1,4,4.9,233,tvSeries,Exact (title + year),0.9,4,159,0.9,74,1,TRUE
tt5358422,4569,4877,Space Mistakes,2016,"","",16/100,0,0,1,0,1,,7.1,11,tvMiniSeries,Exact (title + year),,6.2,9,0.9,2,1,TRUE
tt5360318,2987,3114,The Boonies,2016,"",7.3/10,44/100,0,1,0,0,1,7.3,7.2,236,tvSeries,Exact (title + year),-0.0999999999999996,7.3,167,-0.0999999999999996,69,1,TRUE
tt5361346,3082,3211,Paradise Run,2016,all,6.1/10,40/100,0,1,0,0,1,6.1,6.8,90,tvSeries,Exact (title + year),0.7,6.1,48,0.7,42,1,TRUE
tt5363766,2747,2852,Feed the Beast,2016,16+,6.7/10,52/100,0,1,0,0,1,6.7,6.7,3577,tvMiniSeries,Exact (title + year),0,6.7,3264,0,313,1,TRUE
tt5363912,837,840,The Last O.G.,2018,7+,6.9/10,55/100,1,0,0,0,1,6.9,7,4236,tvSeries,Exact (title + year),0.0999999999999996,6.9,2952,0.0999999999999996,1284,1,TRUE
tt5363918,193,194,Disenchantment,2018,16+,7.2/10,74/100,1,0,0,0,1,7.2,7.2,80792,tvSeries,Exact (title + year),0,7.2,49988,0,30804,1,TRUE
tt5368542,2078,2113,The Exorcist,2016,16+,8.0/10,76/100,0,1,0,0,1,8,7.9,33857,tvSeries,Exact (title + year),-0.0999999999999996,8,26201,-0.0999999999999996,7656,1,TRUE
tt5375126,4421,4722,Counting with Paula,2015,"",6.1/10,30/100,0,0,1,0,1,6.1,8.1,17,tvSeries,"Fuzzy (title exact, year +-1)",2,6.1,9,2,8,1,TRUE
tt5375224,3791,4041,Leo the Wildlife Ranger,2015,"",6.8/10,51/100,0,0,1,0,1,6.8,8.3,49,tvSeries,Exact (title + year),1.5,6.8,24,1.5,25,1,TRUE
tt5376862,3600,3804,Guilt,2016,16+,6.0/10,62/100,0,0,1,0,1,6,5.9,2797,tvSeries,Exact (title + year),-0.0999999999999996,6,2508,-0.0999999999999996,289,1,TRUE
tt5396394,2334,2400,American Housewife,2016,7+,7.4/10,65/100,0,1,0,0,1,7.4,7.4,14036,tvSeries,Exact (title + year),0,7.3,8196,0.100000000000001,5840,1,TRUE
tt5402696,3282,3415,Counting On,2015,"","",25/100,0,1,0,0,1,,4.2,426,tvSeries,Exact (title + year),,5,325,-0.8,101,1,TRUE
tt5419200,2566,2664,Justice League Action,2016,7+,7.6/10,57/100,0,1,0,0,1,7.6,7.5,2935,tvSeries,Exact (title + year),-0.0999999999999996,7.6,1790,-0.0999999999999996,1145,1,TRUE
tt5420376,98,99,Riverdale,2017,16+,6.8/10,81/100,1,1,0,0,1,6.8,6.4,166608,tvSeries,Exact (title + year),-0.399999999999999,6.8,125116,-0.399999999999999,41492,2,FALSE
tt5421602,115,116,Anne with an E,2017,all,8.7/10,80/100,1,0,0,0,1,8.7,8.6,82382,tvSeries,Exact (title + year),-0.0999999999999996,8.7,41979,-0.0999999999999996,40403,1,TRUE
tt5425186,2164,2209,Horace and Pete,2016,18+,8.5/10,72/100,0,1,0,0,1,8.5,8.5,18356,tvMiniSeries,Exact (title + year),0,8.5,15370,0,2986,1,TRUE
tt5428494,1569,1575,A Year In Space,2016,"",7.4/10,41/100,1,0,1,0,1,7.4,7.3,472,tvSeries,"Fuzzy (title exact, year +-1)",-0.100000000000001,7.4,403,-0.100000000000001,69,2,FALSE
tt5428980,4222,4518,The Other F Word,2017,"",7.8/10,37/100,0,0,1,0,1,7.8,7.9,39,tvSeries,"Fuzzy (title exact, year +-1)",0.100000000000001,7.8,31,0.100000000000001,8,1,TRUE
tt5435008,344,346,Gilmore Girls: A Year in the Life,2016,16+,7.6/10,68/100,1,0,0,0,1,7.6,7.4,50599,tvMiniSeries,Exact (title + year),-0.199999999999999,7.6,32300,-0.199999999999999,18299,1,TRUE
tt5437394,4094,4381,The Nightmare Worlds of H.G. Wells,2016,"",5.9/10,40/100,0,0,1,0,1,5.9,5.9,337,tvMiniSeries,Exact (title + year),0,6,250,-0.0999999999999996,87,1,TRUE
tt5439480,5123,5454,Milo Murphy's Law,2016,all,7.6/10,59/100,0,0,0,1,1,7.6,7.5,4366,tvSeries,Exact (title + year),-0.0999999999999996,7.6,2103,-0.0999999999999996,2263,1,TRUE
tt5446832,4564,4872,Adam & Eve,2016,"","",17/100,0,0,1,0,1,,6.2,17,tvMiniSeries,Exact (title + year),,5.5,14,0.7,3,1,TRUE
tt5458128,1893,1901,La Esclava Blanca,2016,"","",24/100,1,0,0,0,1,,8,708,tvSeries,Exact (title + original-language year),,8.3,492,-0.300000000000001,216,1,TRUE
tt5458832,2774,2886,The Aliens,2016,7+,6.1/10,51/100,0,1,0,0,1,6.1,6.2,1956,tvMiniSeries,Exact (title + year),0.100000000000001,6.1,1488,0.100000000000001,468,1,TRUE
tt5459566,5228,5571,Lego Star Wars: The Freemaker Adventures,2016,"",7.4/10,47/100,0,0,0,1,1,7.4,7.3,1734,tvSeries,Exact (title + year),-0.100000000000001,7.5,894,-0.2,840,1,TRUE
tt5462886,3772,4018,You Are Wanted,2017,7+,6.0/10,52/100,0,0,1,0,1,6,6.1,3812,tvSeries,Exact (title + year),0.0999999999999996,6,3076,0.0999999999999996,736,1,TRUE
tt5462936,1705,1711,Kong: King of the Apes,2016,7+,5.8/10,37/100,1,0,0,0,1,5.8,5.7,471,tvSeries,Exact (title + year),-0.0999999999999996,5.9,279,-0.2,192,1,TRUE
tt5467332,4254,4550,Private Sales,2016,"",5.7/10,36/100,0,0,1,0,1,5.7,5.6,229,tvSeries,Exact (title + year),-0.100000000000001,5.7,170,-0.100000000000001,59,1,TRUE
tt5475704,2701,2806,Dream Corp LLC,2016,16+,7.2/10,54/100,0,1,0,0,1,7.2,7.3,1266,tvSeries,Exact (title + year),0.0999999999999996,7.2,770,0.0999999999999996,496,1,TRUE
tt5478730,3714,3948,I Love Dick,2016,16+,6.3/10,54/100,0,0,1,0,1,6.3,6.4,5661,tvSeries,Exact (title + year),0.100000000000001,6.3,3987,0.100000000000001,1674,1,TRUE
tt5486088,5308,5656,Walk the Prank,2016,7+,4.0/10,37/100,0,0,0,1,1,4,4.2,643,tvSeries,Exact (title + year),0.2,3.9,403,0.3,240,1,TRUE
tt5500158,2236,2290,Pitch,2016,16+,7.4/10,68/100,0,1,0,0,1,7.4,7.5,6631,tvSeries,Exact (title + year),0.0999999999999996,7.4,5560,0.0999999999999996,1071,1,TRUE
tt5503718,372,374,Gypsy,2017,18+,6.8/10,67/100,1,0,0,0,1,6.8,6.7,20094,tvSeries,Exact (title + year),-0.0999999999999996,6.9,14742,-0.2,5352,1,TRUE
tt5507340,3138,3269,Nightcap,2016,7+,5.0/10,38/100,0,1,0,0,1,5,5.5,607,tvSeries,Exact (title + year),0.5,5,392,0.5,215,1,TRUE
tt5511582,2066,2099,Timeless,2016,7+,7.7/10,77/100,0,1,0,0,1,7.7,7.6,51485,tvSeries,Exact (title + year),-0.100000000000001,7.7,38312,-0.100000000000001,13173,1,TRUE
tt5512420,2998,3125,The Dude Perfect Show,2016,7+,6.7/10,44/100,0,1,0,0,1,6.7,6.8,273,tvSeries,Exact (title + year),0.0999999999999996,6.8,208,0,65,1,TRUE
tt5516154,106,107,Godless,2017,18+,8.3/10,80/100,1,0,0,0,1,8.3,8.2,91929,tvMiniSeries,Exact (title + year),-0.100000000000001,8.3,55926,-0.100000000000001,36003,1,TRUE
tt5520392,2479,2570,Shut Eye,2016,18+,7.3/10,59/100,0,1,0,0,1,7.3,7.2,4262,tvSeries,Exact (title + year),-0.0999999999999996,7.4,3417,-0.2,845,1,TRUE
tt5520732,928,931,Good Morning Call,2016,all,7.5/10,53/100,1,0,0,0,1,7.5,7.4,4117,tvSeries,Exact (title + year),-0.0999999999999996,7.5,2833,-0.0999999999999996,1284,1,TRUE
tt5525448,4068,4354,Junk Drawer Magic,2015,"",9.1/10,41/100,0,0,1,0,1,9.1,8.4,21,tvSeries,Exact (title + year),-0.699999999999999,9.1,14,-0.699999999999999,7,1,TRUE
tt5530626,3180,3311,With All Due Respect,2014,"",8.2/10,36/100,0,1,0,0,1,8.2,8.2,22,tvSeries,Exact (title + year),0,8.2,16,0,6,1,TRUE
tt5531470,212,213,Frequency,2016,7+,7.5/10,73/100,1,0,1,0,1,7.5,7.4,14990,tvSeries,Exact (title + year),-0.0999999999999996,7.5,12951,-0.0999999999999996,2039,2,FALSE
tt5533788,4237,4533,Billion Dollar Wreck,2016,7+,4.7/10,36/100,0,0,1,0,1,4.7,4.7,234,tvSeries,Exact (title + year),0,4.7,180,0,54,1,TRUE
tt5536400,507,510,Man with a Plan,2016,7+,7.0/10,63/100,1,0,0,0,1,7,7,12525,tvSeries,Exact (title + year),0,7,9228,0,3297,1,TRUE
tt5537534,484,487,Ajin,2016,18+,7.6/10,63/100,1,0,0,0,1,7.6,7.5,8042,tvSeries,Exact (title + year),-0.0999999999999996,7.6,5510,-0.0999999999999996,2532,1,TRUE
tt5538644,5262,5607,Primal Survivor,2016,"",8.3/10,44/100,0,0,0,1,1,8.3,7.9,673,tvSeries,Exact (title + year),-0.4,8.2,277,-0.299999999999999,396,1,TRUE
tt5540054,3511,3678,The Tick,2016,7+,7.4/10,74/100,0,0,1,0,1,7.4,7.4,21470,tvSeries,Exact (title + year),0,7.4,16213,0,5257,1,TRUE
tt5541338,2186,2235,SIX,2017,18+,7.3/10,70/100,0,1,0,0,1,7.3,7.3,14987,tvSeries,Exact (title + year),0,7.3,11434,0,3553,1,TRUE
tt5546516,1939,1949,My Little Baby,2016,"","",13/100,1,0,0,0,1,,6.4,143,tvSeries,Exact (title + year),,6.8,79,-0.399999999999999,64,1,TRUE
tt5548612,4024,4307,The Renaissance Unchained,2016,"",8.4/10,43/100,0,0,1,0,1,8.4,8.2,220,tvMiniSeries,Exact (title + year),-0.200000000000001,8.3,118,-0.100000000000001,102,1,TRUE
tt5555260,1972,1986,This Is Us,2016,16+,8.7/10,87/100,0,1,1,0,1,8.7,8.7,175660,tvSeries,Exact (title + year),0,8.7,114551,0,61109,2,FALSE
tt5556636,4789,5108,The Union Series,2016,"","",10/100,0,0,1,0,1,,7.7,19,tvSeries,Exact (title + year),,7.5,17,0.2,2,1,TRUE
tt5556656,664,667,Kabaneri of the Iron Fortress,2016,18+,7.2/10,59/100,1,0,0,0,1,7.2,7.2,8125,tvSeries,Exact (title + year),0,7.2,4544,0,3581,1,TRUE
tt5562056,323,325,Easy,2016,18+,6.9/10,69/100,1,0,0,0,1,6.9,6.9,16276,tvSeries,Exact (title + year),0,6.9,12589,0,3687,1,TRUE
tt5564124,537,540,60 Days In,2016,16+,7.7/10,62/100,1,1,1,0,1,7.7,7.6,3666,tvSeries,Exact (title + year),-0.100000000000001,7.7,2217,-0.100000000000001,1449,3,FALSE
tt5565334,386,388,Friends from College,2017,18+,6.9/10,66/100,1,0,0,0,1,6.9,6.9,24977,tvSeries,Exact (title + year),0,6.9,18742,0,6235,1,TRUE
tt5568740,5167,5504,MECH-X4,2016,all,6.4/10,53/100,0,0,0,1,1,6.4,6.4,782,tvSeries,Exact (title + year),0,6.4,436,0,346,1,TRUE
tt5571524,2371,2443,National Treasure,2016,"",7.4/10,63/100,0,1,0,1,1,7.4,7.3,3551,tvMiniSeries,Exact (title + year),-0.100000000000001,7.4,2126,-0.100000000000001,1425,2,FALSE
tt5574490,3476,3630,Animal Kingdom,2016,18+,8.2/10,80/100,0,0,1,0,1,8.2,8.2,59267,tvSeries,Exact (title + year),0,8.2,25307,0,33960,1,TRUE
tt5580146,134,135,Maniac,2018,18+,7.8/10,78/100,1,0,0,0,1,7.8,7.6,93724,tvMiniSeries,Exact (title + year),-0.2,7.8,68414,-0.2,25310,1,TRUE
tt5580540,132,133,Santa Clarita Diet,2017,18+,7.8/10,79/100,1,0,0,0,1,7.8,7.8,83770,tvSeries,Exact (title + year),0,7.8,59187,0,24583,1,TRUE
tt5580664,306,308,Voltron: Legendary Defender,2016,7+,8.1/10,69/100,1,0,0,0,1,8.1,8,10978,tvSeries,Exact (title + year),-0.0999999999999996,8.1,7904,-0.0999999999999996,3074,1,TRUE
tt5583512,2106,2143,Cardinal,2017,18+,7.7/10,74/100,0,1,0,0,1,7.7,7.8,13488,tvSeries,Exact (title + year),0.0999999999999996,7.7,7581,0.0999999999999996,5907,1,TRUE
tt5592146,2403,2480,Speechless,2016,7+,7.6/10,62/100,0,1,0,0,1,7.6,7.6,9115,tvSeries,Exact (title + year),0,7.6,7300,0,1815,1,TRUE
tt5595688,361,363,No Tomorrow,2016,7+,7.3/10,67/100,1,0,0,0,1,7.3,7.2,5550,tvSeries,Exact (title + year),-0.0999999999999996,7.3,4826,-0.0999999999999996,724,1,TRUE
tt5607658,1388,1393,True and the Rainbow Kingdom,2017,all,7.1/10,45/100,1,0,0,0,1,7.1,7.1,653,tvSeries,Exact (title + year),0,7.2,380,-0.100000000000001,273,1,TRUE
tt5607970,923,926,Ultimate Beastmaster,2017,all,7.3/10,53/100,1,0,0,0,1,7.3,7.2,2976,tvSeries,Exact (title + year),-0.0999999999999996,7.3,2196,-0.0999999999999996,780,1,TRUE
tt5614844,2153,2196,Marvel's Cloak & Dagger,2018,16+,6.7/10,72/100,0,1,0,0,1,6.7,6.6,24651,tvSeries,"Fuzzy (prefix stripped, exact year)",-0.100000000000001,6.7,17972,-0.100000000000001,6679,1,TRUE
tt5615700,2292,2353,Siren,2018,7+,7.0/10,66/100,0,1,0,0,1,7,7,17313,tvSeries,Exact (title + year),0,7,12447,0,4866,1,TRUE
tt5615840,2550,2646,Alone Together,2018,16+,6.5/10,58/100,0,1,0,0,1,6.5,6.8,2288,tvSeries,Exact (title + year),0.3,6.6,1709,0.2,579,1,TRUE
tt5615874,5010,5329,Little Big Awesome,2016,"","",10/100,0,0,1,0,1,,7.1,146,tvSeries,Exact (title + year),,7.6,89,-0.5,57,1,TRUE
tt5618256,235,236,Manhunt,2017,16+,8.1/10,72/100,1,0,0,0,1,8.1,8.1,67267,tvSeries,Exact (title + year),0,8.1,53548,0,13719,1,TRUE
tt5619658,250,251,Flowers,2016,"",8.2/10,72/100,1,0,0,0,1,8.2,8,7461,tvSeries,Exact (title + year),-0.199999999999999,8.2,4583,-0.199999999999999,2878,1,TRUE
tt5620076,2207,2257,Chance,2016,18+,7.7/10,69/100,0,1,0,0,1,7.7,7.5,11633,tvSeries,Exact (title + year),-0.2,7.7,9265,-0.2,2368,1,TRUE
tt5620962,2833,2947,I Am Frankie,2017,all,6.2/10,50/100,0,1,0,0,1,6.2,6.1,1158,tvSeries,Exact (title + year),-0.100000000000001,6.2,810,-0.100000000000001,348,1,TRUE
tt5621544,1686,1692,Pinky Malinky,2019,7+,5.7/10,38/100,1,0,0,0,1,5.7,5.9,1572,tvSeries,"Fuzzy (title exact, year +-1)",0.2,5.7,360,0.2,1212,1,TRUE
tt5626028,1960,1972,My Hero Academia,2016,16+,8.4/10,90/100,0,1,0,0,1,8.4,8.2,125000,tvSeries,Exact (title + year),-0.200000000000001,8.5,41933,-0.300000000000001,83067,1,TRUE
tt5637842,1482,1488,The Rap Game,2016,7+,5.7/10,43/100,1,0,0,0,1,5.7,6.1,189,tvSeries,Exact (title + year),0.399999999999999,5.6,123,0.5,66,1,TRUE
tt5638056,2269,2327,The Mick,2017,16+,7.8/10,67/100,0,1,0,0,1,7.8,7.8,22476,tvSeries,Exact (title + year),0,7.8,14397,0,8079,1,TRUE
tt5639976,431,433,The Mist,2017,16+,5.4/10,65/100,1,0,0,0,1,5.4,5.4,30698,tvSeries,Exact (title + year),0,5.4,22778,0,7920,1,TRUE
tt5640558,2259,2316,Claws,2017,18+,7.4/10,68/100,0,1,0,0,1,7.4,7.5,7628,tvSeries,Exact (title + year),0.0999999999999996,7.4,5337,0.0999999999999996,2291,1,TRUE
tt5643026,4770,5088,Faaail!,2016,"","",13/100,0,0,1,0,1,,7.5,7,tvMiniSeries,Exact (title + year),,,,,,1,TRUE
tt5646172,2893,3015,Total Bellas,2016,16+,5.8/10,48/100,0,1,0,0,1,5.8,6.1,678,tvSeries,Exact (title + year),0.3,5.8,545,0.3,133,1,TRUE
tt5651776,3882,4151,Rebel,2017,16+,5.4/10,47/100,0,0,1,0,1,5.4,5.3,585,tvSeries,Exact (title + year),-0.100000000000001,5.4,489,-0.100000000000001,96,1,TRUE
tt5651844,162,163,Travelers,2016,16+,8.1/10,77/100,1,0,0,0,1,8.1,8,72840,tvSeries,Exact (title + year),-0.0999999999999996,8.1,48252,-0.0999999999999996,24588,1,TRUE
tt5659824,4373,4672,Conversations in L.A.,2017,"",6.7/10,32/100,0,0,1,0,1,6.7,6.5,38,tvSeries,Exact (title + year),-0.2,6.7,24,-0.2,14,1,TRUE
tt5662664,4221,4517,Perfect Couple,2014,"",8.2/10,37/100,0,0,1,0,1,8.2,7.3,100,tvSeries,Exact (title + year),-0.9,7.2,67,0.0999999999999996,33,1,TRUE
tt5663544,1391,1396,Silvana Sin Lana,2016,16+,7.5/10,45/100,1,0,0,0,1,7.5,7.3,418,tvSeries,Exact (title + year),-0.2,7.5,291,-0.2,127,1,TRUE
tt5663590,1077,1080,La Doña,2016,16+,7.2/10,51/100,1,0,0,0,1,7.2,7.2,827,tvSeries,Exact (title + original-language year),0,6.8,540,0.4,287,1,TRUE
tt5664952,2185,2234,Trust,2018,18+,7.6/10,70/100,0,1,0,0,1,7.6,7.5,9143,tvSeries,Exact (title + year),-0.0999999999999996,7.6,6206,-0.0999999999999996,2937,1,TRUE
tt5669272,608,611,Wet Hot American Summer: Ten Years Later,2017,16+,6.9/10,61/100,1,0,0,0,1,6.9,6.8,10538,tvMiniSeries,Exact (title + year),-0.100000000000001,6.9,7616,-0.100000000000001,2922,1,TRUE
tt5670764,457,459,Watership Down,2018,7+,7.2/10,64/100,1,0,0,0,1,7.2,7.3,7678,tvMiniSeries,Exact (title + year),0.0999999999999996,7.2,5489,0.0999999999999996,2189,1,TRUE
tt5672036,1117,1120,Chelsea,2016,18+,6.0/10,50/100,1,0,0,0,1,6,6.4,2246,tvSeries,Exact (title + year),0.4,6,1959,0.4,287,1,TRUE
tt5672212,4588,4899,Hotel Sacher,2016,"","",16/100,0,0,1,0,1,,6.2,339,tvMiniSeries,Exact (title + year),,6.2,230,0,109,1,TRUE
tt5673782,2115,2152,Genius,2017,16+,8.3/10,74/100,1,1,1,1,1,8.3,8.2,21220,tvSeries,Exact (title + year),-0.100000000000001,8.3,17026,-0.100000000000001,4194,4,FALSE
tt5674272,1467,1473,72 Dangerous Places to Live,2016,18+,6.2/10,43/100,1,0,0,0,1,6.2,6.2,528,tvMiniSeries,Exact (title + year),0,6.3,294,-0.0999999999999996,234,1,TRUE
tt5674718,497,500,Cable Girls,2017,18+,7.6/10,63/100,1,0,0,0,1,7.6,7.5,17906,tvSeries,Exact (title + year),-0.0999999999999996,7.6,12674,-0.0999999999999996,5232,1,TRUE
tt5674872,1331,1335,"Can't Cope, Won't Cope",2016,"",7.3/10,46/100,1,0,0,0,1,7.3,7.3,994,tvSeries,Exact (title + year),0,7.3,816,0,178,1,TRUE
tt5675620,55,56,Marvel's The Punisher,2017,18+,8.5/10,85/100,1,0,0,0,1,8.5,8.4,309367,tvSeries,"Fuzzy (prefix stripped, exact year)",-0.0999999999999996,8.5,191594,-0.0999999999999996,117773,1,TRUE
tt5676412,804,807,Sin Senos Sí Hay Paraíso,2016,16+,6.7/10,56/100,1,0,0,0,1,6.7,6.6,842,tvSeries,Exact (title + year),-0.100000000000001,6.7,459,-0.100000000000001,383,1,TRUE
tt5677942,1107,1110,La Niña,2016,"",8.6/10,50/100,1,0,0,0,1,8.6,8.4,762,tvSeries,Exact (title + year),-0.199999999999999,8.6,580,-0.199999999999999,182,1,TRUE
tt5678628,4667,4983,Egotastic FunTime!,2017,"","",13/100,0,0,1,0,1,,7.9,18,tvSeries,"Fuzzy (title exact, year +-1)",,8.2,15,-0.299999999999999,3,1,TRUE
tt5679572,995,998,Another Miss Oh,2016,"",7.9/10,52/100,1,0,0,0,1,7.9,7.7,2971,tvSeries,Exact (title + year),-0.2,7.9,1419,-0.2,1552,1,TRUE
tt5687612,3453,3592,Fleabag,2016,18+,8.7/10,88/100,0,0,1,0,1,8.7,8.7,250379,tvSeries,Exact (title + year),0,8.7,112786,0,137593,1,TRUE
tt5689030,1566,1572,Dear My Friends,2016,"",8.3/10,41/100,1,0,0,0,1,8.3,8.2,584,tvSeries,Exact (title + year),-0.100000000000001,8.3,242,-0.100000000000001,342,1,TRUE
tt5690880,2929,3052,Little Women: Atlanta,2016,16+,5.2/10,46/100,0,1,1,0,1,5.2,5.7,420,tvSeries,Exact (title + year),0.5,5.2,285,0.5,135,2,FALSE
tt5691552,2018,2047,The Orville,2017,16+,8.0/10,80/100,0,1,0,0,1,8,8,110183,tvSeries,Exact (title + year),0,8,60815,0,49368,1,TRUE
tt5692740,629,632,The Windsors,2016,18+,7.1/10,60/100,1,0,0,0,1,7.1,7.2,3764,tvSeries,Exact (title + year),0.100000000000001,7.1,2318,0.100000000000001,1446,1,TRUE
tt5697642,1440,1446,Coach Snoop,2016,all,6.9/10,44/100,1,0,0,0,1,6.9,6.8,700,tvSeries,Exact (title + year),-0.100000000000001,6.8,540,0,160,1,TRUE
tt5698140,1314,1317,Toon,2016,"",7.7/10,46/100,1,0,0,0,1,7.7,7.5,1133,tvSeries,Exact (title + year),-0.2,7.7,779,-0.2,354,1,TRUE
tt5701624,2529,2625,Haven't You Heard? I'm Sakamoto,2016,16+,7.2/10,58/100,0,1,0,0,1,7.2,7.1,3348,tvMiniSeries,Exact (title + year),-0.100000000000001,7.2,1640,-0.100000000000001,1708,1,TRUE
tt5706996,516,519,Girlboss,2017,18+,7.0/10,63/100,1,0,0,0,1,7,6.9,20854,tvSeries,Exact (title + year),-0.0999999999999996,7,16017,-0.0999999999999996,4837,1,TRUE
tt5707802,389,391,Dear White People,2017,18+,6.2/10,66/100,1,1,0,0,1,6.2,6.3,27480,tvSeries,Exact (title + year),0.0999999999999996,6.2,22760,0.0999999999999996,4720,2,FALSE
tt5712314,4192,4488,999: Killer on the Line?,2016,"",7.1/10,38/100,0,0,1,0,1,7.1,7.1,83,tvSeries,Exact (title + year),0,7.1,44,0,39,1,TRUE
tt5712554,3472,3626,The Grand Tour,2016,16+,8.7/10,81/100,0,0,1,0,1,8.7,8.7,95495,tvSeries,Exact (title + year),0,8.7,65473,0,30022,1,TRUE
tt5715524,2116,2153,Mayans M.C.,2018,18+,7.6/10,74/100,0,1,0,0,1,7.6,7.5,27774,tvSeries,Exact (title + year),-0.0999999999999996,7.6,13848,-0.0999999999999996,13926,1,TRUE
tt5718960,4475,4777,Juan Happy Love Story,2016,"",7.8/10,26/100,0,0,1,0,1,7.8,6.9,14,tvSeries,Exact (title + year),-0.9,7.8,6,-0.9,8,1,TRUE
tt5720168,827,830,Marlon,2017,7+,7.1/10,55/100,1,1,0,0,1,7.1,6.9,5138,tvSeries,Exact (title + year),-0.199999999999999,7,3648,-0.0999999999999996,1490,2,FALSE
tt5721172,958,961,The Worst Witch,2017,7+,7.3/10,53/100,1,0,0,0,1,7.3,7.1,3918,tvSeries,Exact (title + year),-0.2,7.3,2018,-0.2,1900,1,TRUE
tt5722190,2113,2150,Brockmire,2017,18+,8.0/10,74/100,0,1,0,0,1,8,7.9,7792,tvSeries,Exact (title + year),-0.0999999999999996,8.1,4858,-0.199999999999999,2934,1,TRUE
tt5722214,2432,2515,Stan Against Evil,2016,16+,7.3/10,61/100,0,1,0,0,1,7.3,7.3,7338,tvSeries,Exact (title + year),0,7.3,5079,0,2259,1,TRUE
tt5730624,1204,1207,El Chema,2016,16+,6.8/10,48/100,1,0,0,0,1,6.8,6.8,409,tvSeries,Exact (title + year),0,6.8,267,0,142,1,TRUE
tt5730690,753,756,Kiss Me First,2018,18+,6.3/10,57/100,1,0,0,0,1,6.3,6.2,4413,tvMiniSeries,Exact (title + year),-0.0999999999999996,6.3,3574,-0.0999999999999996,839,1,TRUE
tt5732812,3877,4145,Alice in Paris,2016,all,8.7/10,47/100,0,0,1,0,1,8.7,8.5,228,tvSeries,Exact (title + year),-0.199999999999999,8.7,145,-0.199999999999999,83,1,TRUE
tt5734342,4287,4584,Big Easy Motors,2016,7+,6.5/10,35/100,0,0,1,0,1,6.5,6.3,87,tvSeries,Exact (title + year),-0.2,6.5,66,-0.2,21,1,TRUE
tt5736176,4630,4944,Serial Killer Culture TV,2017,"","",14/100,0,0,1,0,1,,6.2,39,tvSeries,Exact (title + year),,6.5,26,-0.3,13,1,TRUE
tt5753856,4,5,Dark,2017,16+,8.8/10,93/100,1,0,0,0,1,8.8,8.7,555848,tvSeries,Exact (title + year),-0.100000000000001,8.8,305450,-0.100000000000001,250398,1,TRUE
tt5754418,4444,4745,Xploration Earth 2050,2014,"",7.7/10,28/100,0,0,1,0,1,7.7,7.8,30,tvSeries,Exact (title + year),0.0999999999999996,7.7,20,0.0999999999999996,10,1,TRUE
tt5754602,3588,3789,4 Blocks,2017,7+,8.2/10,64/100,0,0,1,0,1,8.2,8.1,10968,tvSeries,Exact (title + year),-0.0999999999999996,8.2,6805,-0.0999999999999996,4163,1,TRUE
tt5755206,3145,3276,Dot.,2016,all,7.1/10,38/100,0,1,0,0,1,7.1,7.5,81,tvSeries,Exact (title + year),0.4,7.1,39,0.4,42,1,TRUE
tt5759196,1452,1458,Home: Adventures with Tip & Oh,2016,7+,6.0/10,43/100,1,0,0,0,1,6,6.3,758,tvSeries,Exact (title + year),0.3,6,525,0.3,233,1,TRUE
tt5759248,3439,3573,Hello World,2016,"","",10/100,0,1,0,0,1,,7.6,22,tvSeries,Exact (title + year),,7.8,19,-0.2,3,1,TRUE
tt5761478,2147,2188,Harlots,2017,18+,7.7/10,72/100,0,1,0,0,1,7.7,7.6,12433,tvSeries,Exact (title + year),-0.100000000000001,7.7,7286,-0.100000000000001,5147,1,TRUE
tt5761496,3539,3721,Get Shorty,2017,18+,8.2/10,69/100,0,0,1,0,1,8.2,8.2,9368,tvSeries,Exact (title + year),0,8.2,6166,0,3202,1,TRUE
tt5768840,852,855,"Bring It On, Ghost",2016,16+,7.6/10,55/100,1,0,0,0,1,7.6,7.6,4310,tvSeries,Exact (title + year),0,7.7,1834,-0.100000000000001,2476,1,TRUE
tt5770786,127,128,GLOW,2017,18+,8.0/10,79/100,1,0,0,0,1,8,8,54901,tvSeries,Exact (title + year),0,8,41553,0,13348,1,TRUE
tt5770788,514,517,Sick Note,2017,18+,6.8/10,63/100,1,0,0,0,1,6.8,6.7,9592,tvSeries,Exact (title + year),-0.0999999999999996,6.8,6337,-0.0999999999999996,3255,1,TRUE
tt5771332,1160,1163,QB1: Beyond the Lights,2017,16+,7.8/10,49/100,1,0,0,0,1,7.8,7.7,1023,tvSeries,Exact (title + year),-0.0999999999999996,7.8,800,-0.0999999999999996,223,1,TRUE
tt5778326,4070,4356,Black Jack,1993,"",7.6/10,41/100,0,0,1,0,1,7.6,7.4,358,tvSeries,Exact (title + year),-0.199999999999999,7.6,119,-0.199999999999999,239,1,TRUE
tt5779222,1456,1462,Julie's Greenroom,2017,"",8.4/10,43/100,1,0,0,0,1,8.4,8,384,tvSeries,Exact (title + year),-0.4,8.5,294,-0.5,90,1,TRUE
tt5779830,4163,4458,Starhunter ReduX,2018,"",5.6/10,38/100,0,0,1,0,1,5.6,5.4,364,tvSeries,"Fuzzy (title exact, year +-1)",-0.199999999999999,5.6,182,-0.199999999999999,182,1,TRUE
tt5782486,3807,4060,Murder Calls,2017,16+,7.7/10,50/100,0,0,1,0,1,7.7,7.5,480,tvSeries,Exact (title + year),-0.2,7.7,340,-0.2,140,1,TRUE
tt5788792,3456,3597,The Marvelous Mrs. Maisel,2017,18+,8.7/10,86/100,0,0,1,0,1,8.7,8.6,159505,tvSeries,Exact (title + year),-0.0999999999999996,8.7,85730,-0.0999999999999996,73775,1,TRUE
tt5793948,2798,2910,Gap Year,2017,"",7.0/10,51/100,0,1,0,0,1,7,7,804,tvSeries,Exact (title + year),0,7,664,0,140,1,TRUE
tt5797220,856,859,The Indian Detective,2017,"",6.5/10,55/100,1,0,0,0,1,6.5,6.5,3670,tvMiniSeries,Exact (title + year),0,6.6,2791,-0.0999999999999996,879,1,TRUE
tt5798078,2468,2557,Dimension 404,2017,16+,6.6/10,60/100,0,1,0,0,1,6.6,6.5,3109,tvMiniSeries,Exact (title + year),-0.0999999999999996,6.6,2341,-0.0999999999999996,768,1,TRUE
tt5805288,3245,3377,Top 30,2017,"",6.2/10,30/100,0,1,0,0,1,6.2,7.4,20,tvSeries,"Fuzzy (title exact, year +-1)",1.2,6.2,13,1.2,7,1,TRUE
tt5807292,2643,2744,Barbarians Rising,2016,18+,7.8/10,55/100,0,1,0,0,1,7.8,7.7,2441,tvMiniSeries,Exact (title + year),-0.0999999999999996,7.8,1874,-0.0999999999999996,567,1,TRUE
tt5809140,3141,3272,Spartan: Ultimate Team Challenge,2016,7+,5.9/10,38/100,0,1,0,0,1,5.9,5.9,372,tvSeries,Exact (title + year),0,5.9,208,0,164,1,TRUE
tt5815824,1515,1521,72 Cutest Animals,2016,"",5.8/10,42/100,1,0,0,0,1,5.8,5.7,561,tvMiniSeries,Exact (title + year),-0.0999999999999996,5.8,387,-0.0999999999999996,174,1,TRUE
tt5817158,2714,2819,To Tell the Truth,2016,7+,6.2/10,53/100,0,1,0,0,1,6.2,6.5,929,tvSeries,Exact (title + year),0.3,6.2,572,0.3,357,1,TRUE
tt5819414,1302,1305,100% Hotter,2016,"",4.4/10,46/100,1,0,0,0,1,4.4,4.5,906,tvSeries,Exact (title + year),0.0999999999999996,4.4,857,0.0999999999999996,49,1,TRUE
tt5820976,646,649,El marginal,2016,18+,8.2/10,60/100,1,0,0,0,1,8.2,8.1,5634,tvSeries,Exact (title + year),-0.0999999999999996,8.2,2960,-0.0999999999999996,2674,1,TRUE
tt5828144,1643,1649,Rainbow Ruby,2016,all,6.6/10,39/100,1,0,0,0,1,6.6,6.2,157,tvSeries,Exact (title + year),-0.399999999999999,6.6,59,-0.399999999999999,98,1,TRUE
tt5830254,2210,2261,Das Boot,2018,18+,7.4/10,69/100,0,1,0,0,1,7.4,7.6,11815,tvSeries,Exact (title + year),0.199999999999999,7.4,6591,0.199999999999999,5224,1,TRUE
tt5831646,3984,4265,Transformers: Combiner Wars,2016,16+,5.4/10,44/100,0,0,1,0,1,5.4,5.4,429,tvMiniSeries,Exact (title + year),0,5.4,253,0,176,1,TRUE
tt5834198,3606,3812,Comrade Detective,2017,18+,7.3/10,62/100,0,0,1,0,1,7.3,7.2,3372,tvSeries,Exact (title + year),-0.0999999999999996,7.3,2786,-0.0999999999999996,586,1,TRUE
tt5834204,1963,1975,The Handmaid's Tale,2017,18+,8.4/10,90/100,0,1,0,0,1,8.4,8.3,302696,tvSeries,Exact (title + year),-0.0999999999999996,8.4,187217,-0.0999999999999996,115479,1,TRUE
tt5839454,668,671,Paranoid,2016,"",6.7/10,59/100,1,0,0,0,1,6.7,6.6,11489,tvMiniSeries,Exact (title + year),-0.100000000000001,6.7,7213,-0.100000000000001,4276,1,TRUE
tt5842808,1464,1470,Refresh Man,2016,"",7.7/10,43/100,1,0,0,0,1,7.7,7.6,351,tvSeries,Exact (title + year),-0.100000000000001,7.7,283,-0.100000000000001,68,1,TRUE
tt5846856,1171,1174,Ask the Storybots,2016,all,8.4/10,49/100,1,0,0,0,1,8.4,8.5,1226,tvSeries,Exact (title + year),0.0999999999999996,8.4,722,0.0999999999999996,504,1,TRUE
tt5848928,5257,5602,The Greeks,2016,"",7.8/10,44/100,0,0,0,1,1,7.8,7.6,294,tvMiniSeries,Exact (title + year),-0.2,7.8,182,-0.2,112,1,TRUE
tt5860892,3994,4277,Eat the World with Emeril Lagasse,2016,16+,7.9/10,44/100,0,0,1,0,1,7.9,7.7,226,tvSeries,Exact (title + year),-0.2,7.9,183,-0.2,43,1,TRUE
tt5863126,255,256,Last Chance U,2016,16+,8.4/10,71/100,1,0,0,0,1,8.4,8.4,8030,tvSeries,Exact (title + year),0,8.4,6341,0,1689,1,TRUE
tt5866074,1042,1045,Paquita Salas,2016,"",8.0/10,51/100,1,0,0,0,1,8,8,4741,tvSeries,Exact (title + year),0,8,2635,0,2106,1,TRUE
tt5866252,3836,4092,King of the Road,2016,16+,8.9/10,49/100,0,0,1,0,1,8.9,8.9,515,tvSeries,Exact (title + year),0,8.8,381,0.0999999999999996,134,1,TRUE
tt5869202,2480,2571,Dietland,2018,18+,6.5/10,59/100,0,1,0,0,1,6.5,6.7,2937,tvSeries,Exact (title + year),0.2,6.5,2410,0.2,527,1,TRUE
tt5874596,1318,1321,World of Winx,2016,7+,6.8/10,46/100,1,0,0,0,1,6.8,6.6,1102,tvSeries,Exact (title + year),-0.2,6.7,627,-0.100000000000001,475,1,TRUE
tt5875234,4314,4612,Ladylike,2016,"",6.1/10,34/100,0,0,1,0,1,6.1,6.1,26,tvSeries,Exact (title + year),0,6.1,18,0,8,1,TRUE
tt5875646,2779,2891,Freakish,2016,16+,6.3/10,51/100,0,1,0,0,1,6.3,6.2,3395,tvSeries,Exact (title + year),-0.0999999999999996,6.3,2571,-0.0999999999999996,824,1,TRUE
tt5881896,4079,4365,Music & Murder,2016,18+,8.3/10,41/100,0,0,1,0,1,8.3,8.1,36,tvSeries,Exact (title + year),-0.200000000000001,8.3,26,-0.200000000000001,10,1,TRUE
tt5882386,3733,3972,My Mother and Other Strangers,2016,16+,7.5/10,54/100,0,0,1,0,1,7.5,7.4,1978,tvMiniSeries,Exact (title + year),-0.0999999999999996,7.4,1390,0,588,1,TRUE
tt5883700,1386,1391,Fearless,2016,"",7.2/10,45/100,1,0,1,0,1,7.2,7.2,372,tvSeries,Exact (title + year),0,7.2,267,0,105,2,FALSE
tt5884792,636,639,Disjointed,2017,18+,6.8/10,60/100,1,0,0,0,1,6.8,6.8,12413,tvSeries,Exact (title + year),0,6.8,9192,0,3221,1,TRUE
tt5894272,1572,1578,Cyborg 009: Call of Justice,2017,"",5.8/10,41/100,1,0,0,0,1,5.8,5.9,447,tvSeries,"Fuzzy (title exact, year +-1)",0.100000000000001,6.7,163,-0.8,284,1,TRUE
tt5895314,1236,1239,Kuromukuro,2016,16+,7.2/10,48/100,1,0,0,0,1,7.2,7.1,1640,tvSeries,Exact (title + year),-0.100000000000001,7.2,1144,-0.100000000000001,496,1,TRUE
tt5895884,2797,2909,World of Dance,2017,7+,7.2/10,51/100,0,1,0,0,1,7.2,7.3,1445,tvSeries,Exact (title + year),0.0999999999999996,7.2,1142,0.0999999999999996,303,1,TRUE
tt5899102,3006,3133,Nina's World,2015,all,6.0/10,44/100,0,1,0,0,1,6,6.6,101,tvSeries,Exact (title + year),0.6,5.9,46,0.699999999999999,55,1,TRUE
tt5900164,1264,1267,The Investigator: A British Crime Story,2016,"",5.7/10,47/100,1,0,0,0,1,5.7,5.7,1765,tvSeries,Exact (title + year),0,5.7,1593,0,172,1,TRUE
tt5905354,449,451,Norsemen,2016,18+,7.8/10,65/100,1,0,0,0,1,7.8,7.7,24106,tvSeries,Exact (title + original-language year),-0.0999999999999996,7.8,15507,-0.0999999999999996,8599,1,TRUE
tt5906924,2851,2969,Wasted,2016,18+,7.4/10,49/100,0,1,0,0,1,7.4,7.3,1294,tvSeries,Exact (title + year),-0.100000000000001,7.4,975,-0.100000000000001,319,1,TRUE
tt5909930,304,306,GHOUL,2018,18+,7.1/10,69/100,1,0,0,0,1,7.1,7,16213,tvMiniSeries,Exact (title + year),-0.0999999999999996,7.1,12855,-0.0999999999999996,3358,1,TRUE
tt5911560,4978,5297,Tom the Tow Truck,2016,"","",10/100,0,0,1,0,1,,7.4,53,tvSeries,Exact (title + year),,8.1,36,-0.699999999999999,17,1,TRUE
tt5912064,209,210,Kim's Convenience,2016,16+,8.2/10,73/100,1,0,0,0,1,8.2,8.2,29097,tvSeries,Exact (title + year),0,8.2,11104,0,17993,1,TRUE
tt5916218,1356,1360,Skylanders Academy,2016,7+,6.6/10,45/100,1,0,0,0,1,6.6,6.8,1319,tvSeries,Exact (title + year),0.2,6.6,618,0.2,701,1,TRUE
tt5932548,3523,3694,Britannia,2018,16+,6.8/10,72/100,0,0,1,0,1,6.8,6.9,19307,tvSeries,"Fuzzy (title exact, year +-1)",0.100000000000001,6.8,12508,0.100000000000001,6799,1,TRUE
tt5936838,3824,4079,Prime Suspect: Tennison,2017,16+,7.5/10,50/100,0,0,1,0,1,7.5,7.5,4255,tvMiniSeries,Exact (title + year),0,7.5,2858,0,1397,1,TRUE
tt5951544,4466,4768,The Lifted Life,2017,"",4.7/10,26/100,0,0,1,0,1,4.7,4.6,9,tvSeries,"Fuzzy (title exact, year +-1)",-0.100000000000001,4.7,6,-0.100000000000001,3,1,TRUE
tt5952634,181,182,The Spy,2019,18+,7.9/10,75/100,1,0,0,0,1,7.9,7.9,58024,tvMiniSeries,Exact (title + year),0,7.9,35011,0,23013,1,TRUE
tt5954268,3004,3131,D.Gray-man Hallow,2016,16+,7.6/10,44/100,0,1,0,0,1,7.6,7.4,914,tvSeries,Exact (title + year),-0.199999999999999,7.7,510,-0.3,404,1,TRUE
tt5957766,3522,3693,Loudermilk,2017,18+,7.8/10,72/100,0,0,1,0,1,7.8,7.8,23844,tvSeries,Exact (title + year),0,7.8,3081,0,20763,1,TRUE
tt5959046,4225,4521,Battlefield Recovery,2016,"",6.5/10,37/100,0,0,1,0,1,6.5,6.4,149,tvSeries,Exact (title + year),-0.0999999999999996,6.5,129,-0.0999999999999996,20,1,TRUE
tt5960546,1358,1362,The Fix,2018,18+,7.1/10,45/100,1,0,0,0,1,7.1,7,2235,tvSeries,Exact (title + year),-0.0999999999999996,7.1,1617,-0.0999999999999996,618,1,TRUE
tt5966882,759,762,The K2,2016,16+,7.8/10,57/100,1,0,0,0,1,7.8,7.7,12865,tvSeries,Exact (title + year),-0.0999999999999996,7.8,4200,-0.0999999999999996,8665,1,TRUE
tt5968748,3729,3966,American Playboy: The Hugh Hefner Story,2017,18+,7.5/10,54/100,0,0,1,0,1,7.5,7.5,2671,tvMiniSeries,Exact (title + year),0,7.5,1804,0,867,1,TRUE
tt5987254,290,292,I'm Sorry,2017,7+,8.0/10,70/100,1,0,0,0,1,8,8,6732,tvSeries,Exact (title + year),0,8,4704,0,2028,1,TRUE
tt5990096,2402,2479,The Guest Book,2017,18+,7.2/10,62/100,0,1,0,0,1,7.2,7.3,4346,tvSeries,Exact (title + year),0.0999999999999996,7.2,2597,0.0999999999999996,1749,1,TRUE
tt5993484,3072,3200,Celebs Go Dating,2016,18+,5.6/10,41/100,0,1,0,0,1,5.6,5.9,329,tvSeries,Exact (title + year),0.300000000000001,5.6,191,0.300000000000001,138,1,TRUE
tt5993744,1350,1354,Cheer Squad,2016,7+,7.4/10,45/100,1,0,0,0,1,7.4,7.2,191,tvSeries,Exact (title + year),-0.2,7.4,147,-0.2,44,1,TRUE
tt5994346,1127,1130,Tomorrow with You,2017,"",7.5/10,50/100,1,0,0,0,1,7.5,7.4,1682,tvSeries,Exact (title + year),-0.0999999999999996,7.5,727,-0.0999999999999996,955,1,TRUE
tt6010920,347,349,White Gold,2017,18+,7.4/10,67/100,1,0,0,0,1,7.4,7.3,14186,tvSeries,Exact (title + year),-0.100000000000001,7.4,9792,-0.100000000000001,4394,1,TRUE
tt6015820,1839,1847,Bottersnikes & Gumbles,2016,7+,5.2/10,32/100,1,0,0,0,1,5.2,5.3,70,tvSeries,"Fuzzy (title exact, year +-1)",0.0999999999999996,5.2,39,0.0999999999999996,31,1,TRUE
tt6021260,1283,1286,Bill Nye Saves the World,2017,7+,3.6/10,47/100,1,0,0,0,1,3.6,4,7476,tvSeries,Exact (title + year),0.4,3.6,6674,0.4,802,1,TRUE
tt6026194,1892,1900,Game Winning Hit,2009,"",2.3/10,24/100,1,0,0,0,1,2.3,5.7,112,tvSeries,Exact (title + year),3.4,2.3,56,3.4,56,1,TRUE
tt6032762,779,782,Man to Man,2017,"",7.4/10,56/100,1,0,0,0,1,7.4,7.3,2086,tvSeries,Exact (title + year),-0.100000000000001,7.4,1004,-0.100000000000001,1082,1,TRUE
tt6035850,1790,1798,Kulipari: An Army of Frogs,2016,7+,7.0/10,35/100,1,0,0,0,1,7,6.7,363,tvSeries,Exact (title + original-language year),-0.3,7,226,-0.3,137,1,TRUE
tt6038584,468,470,Crazyhead,2016,16+,7.3/10,64/100,1,0,0,0,1,7.3,7.2,5761,tvMiniSeries,Exact (title + year),-0.0999999999999996,7.3,4538,-0.0999999999999996,1223,1,TRUE
tt6038954,3640,3859,Picnic at Hanging Rock,2018,16+,6.2/10,59/100,0,0,1,0,1,6.2,6.2,4881,tvMiniSeries,Exact (title + year),0,6.2,3703,0,1178,1,TRUE
tt6042492,4393,4693,WellieWishers,2016,"",7.0/10,31/100,0,0,1,0,1,7,7.9,38,tvSeries,Exact (title + year),0.9,7,27,0.9,11,1,TRUE
tt6044674,4579,4889,1Life,2016,"","",16/100,0,0,1,0,1,,6.6,10,tvSeries,Exact (title + year),,6.6,10,0,0,1,TRUE
tt6045142,2607,2708,Dr. Pimple Popper,2018,16+,6.6/10,56/100,0,1,0,0,1,6.6,6.7,1499,tvSeries,Exact (title + year),0.100000000000001,6.8,654,-0.0999999999999996,845,1,TRUE
tt6045840,257,258,Black Lightning,2018,16+,6.1/10,71/100,1,0,0,0,1,6.1,6.1,29226,tvSeries,Exact (title + year),0,6.1,22795,0,6431,1,TRUE
tt6046238,1186,1189,Molang,2015,all,8.6/10,49/100,1,1,1,0,1,8.6,8.2,592,tvSeries,Exact (title + year),-0.4,8.5,244,-0.300000000000001,348,3,FALSE
tt6048596,79,80,The Sinner,2017,16+,7.9/10,83/100,1,0,0,0,1,7.9,7.8,153335,tvSeries,Exact (title + year),-0.100000000000001,7.9,95341,-0.100000000000001,57994,1,TRUE
tt6048644,1124,1127,White Rabbit Project,2016,7+,6.9/10,50/100,1,0,0,0,1,6.9,6.9,1834,tvSeries,Exact (title + year),0,6.9,1562,0,272,1,TRUE
tt6052432,1559,1565,Takki,2012,all,7.1/10,41/100,1,0,0,0,1,7.1,6.3,514,tvMiniSeries,Exact (title + year),-0.8,7.4,98,-1.1,416,1,TRUE
tt6055498,1525,1531,Love O2O,2016,16+,8.0/10,42/100,1,0,0,0,1,8,7.6,4345,tvSeries,Exact (title + year),-0.4,8,1852,-0.4,2493,1,TRUE
tt6056924,4311,4609,Xploration DIY Sci,2016,all,8.8/10,34/100,0,0,1,0,1,8.8,8.6,34,tvSeries,Exact (title + year),-0.200000000000001,8.8,22,-0.200000000000001,12,1,TRUE
tt6058496,1766,1774,Diamond Lover,2015,"",6.3/10,35/100,1,0,0,0,1,6.3,6.1,214,tvSeries,Exact (title + year),-0.2,6.2,103,-0.100000000000001,111,1,TRUE
tt6058886,4199,4495,Minecraft Villagers,2013,"",8.0/10,38/100,0,0,1,0,1,8,8.3,233,tvMiniSeries,Exact (title + year),0.300000000000001,7.8,37,0.500000000000001,196,1,TRUE
tt6067812,4670,4986,Partners in Crime,2011,"","",13/100,0,0,1,0,1,,7.3,26,tvSeries,Exact (title + year),,7.3,20,0,6,1,TRUE
tt6074794,713,716,March Comes in Like a Lion,2016,7+,8.4/10,58/100,1,0,0,0,1,8.4,8.2,4232,tvSeries,Exact (title + year),-0.200000000000001,8.4,1921,-0.200000000000001,2311,1,TRUE
tt6076336,666,669,Greenhouse Academy,2017,7+,6.9/10,59/100,1,0,0,0,1,6.9,6.5,8077,tvSeries,Exact (title + year),-0.4,6.9,5177,-0.4,2900,1,TRUE
tt6077448,109,110,Sacred Games,2018,18+,8.6/10,80/100,1,0,0,0,1,8.6,8.5,98514,tvSeries,Exact (title + year),-0.0999999999999996,8.6,79222,-0.0999999999999996,19292,1,TRUE
tt6088326,1074,1077,Chef's Table: France,2016,16+,8.3/10,51/100,1,0,0,0,1,8.3,8.2,1993,tvMiniSeries,Exact (title + year),-0.100000000000001,8.3,1620,-0.100000000000001,373,1,TRUE
tt6088922,676,679,Life Sentence,2018,16+,6.6/10,59/100,1,0,0,0,1,6.6,6.5,4365,tvSeries,Exact (title + year),-0.0999999999999996,6.6,3528,-0.0999999999999996,837,1,TRUE
tt6091694,5246,5590,Origins: The Journey of Humankind,2017,"",6.8/10,46/100,0,0,0,1,1,6.8,6.7,743,tvSeries,Exact (title + year),-0.0999999999999996,6.8,474,-0.0999999999999996,269,1,TRUE
tt6106704,453,455,Damnation,2017,18+,7.7/10,65/100,1,0,0,0,1,7.7,7.6,9414,tvSeries,Exact (title + year),-0.100000000000001,7.7,7289,-0.100000000000001,2125,1,TRUE
tt6110318,2810,2922,Law & Order True Crime,2017,16+,7.4/10,50/100,0,1,0,0,1,7.4,7.4,3084,tvMiniSeries,Exact (title + year),0,7.4,2177,0,907,1,TRUE
tt6110648,2129,2168,The Purge,2018,18+,6.5/10,73/100,0,1,0,0,1,6.5,6.6,21867,tvSeries,Exact (title + year),0.0999999999999996,6.5,13561,0.0999999999999996,8306,1,TRUE
tt6111130,2191,2240,S.W.A.T.,2017,16+,7.0/10,70/100,0,1,0,0,1,7,7.2,41911,tvSeries,Exact (title + year),0.2,7,16022,0.2,25889,1,TRUE
tt6112414,3627,3841,Inside Edge,2017,18+,8.0/10,60/100,0,0,1,0,1,8,7.9,13141,tvSeries,Exact (title + year),-0.0999999999999996,8,9322,-0.0999999999999996,3819,1,TRUE
tt6116060,2154,2197,The Bold Type,2017,16+,7.9/10,72/100,0,1,0,0,1,7.9,7.8,26271,tvSeries,Exact (title + year),-0.100000000000001,7.9,14773,-0.100000000000001,11498,1,TRUE
tt6117020,3136,3267,Worst Bakers in America,2016,"",5.9/10,38/100,0,1,0,0,1,5.9,6.7,78,tvSeries,Exact (title + year),0.8,5.9,56,0.8,22,1,TRUE
tt6118426,3538,3720,Ordeal by Innocence,2018,"",7.3/10,69/100,0,0,1,0,1,7.3,7.2,13492,tvMiniSeries,Exact (title + year),-0.0999999999999996,7.3,8353,-0.0999999999999996,5139,1,TRUE
tt6125832,1374,1378,My Only Love Song,2017,18+,6.9/10,45/100,1,0,0,0,1,6.9,6.9,1010,tvSeries,Exact (title + year),0,6.9,543,0,467,1,TRUE
tt6126926,5335,5683,United States of Animals,2016,"",6.3/10,32/100,0,0,0,1,1,6.3,6.8,33,tvSeries,Exact (title + year),0.5,6.3,9,0.5,24,1,TRUE
tt6128254,2223,2275,Lodge 49,2018,16+,7.7/10,69/100,0,1,0,0,1,7.7,7.6,5215,tvSeries,Exact (title + year),-0.100000000000001,7.7,3506,-0.100000000000001,1709,1,TRUE
tt6128300,261,262,Dynasty,2017,16+,7.3/10,71/100,1,0,0,0,1,7.3,7.2,27269,tvSeries,Exact (title + year),-0.0999999999999996,7.3,16128,-0.0999999999999996,11141,1,TRUE
tt6130902,3603,3807,Lore,2017,16+,6.7/10,62/100,0,0,1,0,1,6.7,6.6,6561,tvSeries,Exact (title + year),-0.100000000000001,6.7,4841,-0.100000000000001,1720,1,TRUE
tt6133034,359,361,Time: The Kalief Browder Story,2017,16+,8.5/10,67/100,1,0,0,0,1,8.5,8.4,3089,tvMiniSeries,Exact (title + year),-0.0999999999999996,8.5,2398,-0.0999999999999996,691,1,TRUE
tt6133134,1841,1849,On the Real,2016,"",8.3/10,32/100,1,0,1,0,1,8.3,9.1,30,tvSeries,Exact (title + year),0.799999999999999,8.3,21,0.799999999999999,9,2,FALSE
tt6136644,906,909,Unit 42,2017,7+,7.0/10,54/100,1,0,0,0,1,7,6.9,2852,tvSeries,Exact (title + year),-0.0999999999999996,7,1918,-0.0999999999999996,934,1,TRUE
tt6138612,1229,1232,Granblue Fantasy: The Animation,2017,16+,6.4/10,48/100,1,0,0,0,1,6.4,6.3,537,tvSeries,Exact (title + year),-0.100000000000001,6.4,310,-0.100000000000001,227,1,TRUE
tt6139710,1412,1418,Fall In Love With Me,2014,"",7.2/10,44/100,1,0,0,0,1,7.2,7.1,379,tvSeries,Exact (title + year),-0.100000000000001,7.2,303,-0.100000000000001,76,1,TRUE
tt6139972,4136,4430,Immortal Egypt,2016,"",7.9/10,39/100,0,0,1,0,1,7.9,7.7,286,tvMiniSeries,Exact (title + year),-0.2,7.9,146,-0.2,140,1,TRUE
tt6143796,294,296,Workin' Moms,2017,18+,7.6/10,70/100,1,0,0,0,1,7.6,7.8,26400,tvSeries,Exact (title + year),0.2,7.6,11272,0.2,15128,1,TRUE
tt6145878,1371,1375,21 Thunder,2017,18+,6.2/10,45/100,1,0,0,0,1,6.2,6.1,1112,tvSeries,Exact (title + year),-0.100000000000001,6.2,958,-0.100000000000001,154,1,TRUE
tt6148324,2420,2501,Deutschland 86,2018,"",7.6/10,62/100,0,1,0,0,1,7.6,7.6,5857,tvMiniSeries,Exact (title + year),0,7.6,3976,0,1881,1,TRUE
tt6148744,3960,4237,Pete the Cat,2017,all,7.6/10,45/100,0,0,1,0,1,7.6,7.8,550,tvSeries,Exact (title + year),0.2,7.6,218,0.2,332,1,TRUE
tt6150576,737,740,Midnight Diner: Tokyo Stories,2016,16+,8.4/10,57/100,1,0,0,0,1,8.4,8.4,5550,tvSeries,Exact (title + year),0,8.4,3604,0,1946,1,TRUE
tt6163070,1651,1657,StoryBots Super Songs,2016,all,8.5/10,39/100,1,0,0,0,1,8.5,8.6,226,tvSeries,Exact (title + year),0.0999999999999996,8.5,147,0.0999999999999996,79,1,TRUE
tt6169802,4063,4349,Britain's Busiest Airport: Heathrow,2015,"",8.3/10,41/100,0,0,1,0,1,8.3,7.8,164,tvSeries,Exact (title + year),-0.500000000000001,8.3,73,-0.500000000000001,91,1,TRUE
tt6170874,3517,3687,Salvation,2017,16+,7.0/10,72/100,0,0,1,0,1,7,6.9,25603,tvSeries,Exact (title + year),-0.0999999999999996,7,19572,-0.0999999999999996,6031,1,TRUE
tt6172806,1167,1170,Killer Women with Piers Morgan,2016,"",6.5/10,49/100,1,1,0,0,1,6.5,6.6,816,tvSeries,Exact (title + year),0.0999999999999996,6.5,671,0.0999999999999996,145,2,FALSE
tt6175760,1460,1466,My Sassy Girl,2017,"",6.9/10,43/100,1,0,0,0,1,6.9,6.9,1117,tvSeries,Exact (title + year),0,6.9,407,0,710,1,TRUE
tt6176132,4328,4627,Plane Resurrection,2016,"",7.3/10,34/100,0,0,1,0,1,7.3,7.4,53,tvSeries,Exact (title + year),0.100000000000001,7.3,44,0.100000000000001,9,1,TRUE
tt6176812,5247,5591,The Lodge,2016,"",6.2/10,46/100,0,1,0,1,1,6.2,6.2,851,tvSeries,Exact (title + year),0,6.3,473,-0.0999999999999996,378,2,FALSE
tt6186918,3259,3391,Kids Halloween Baking Championship,2016,"",5.8/10,29/100,0,1,0,0,1,5.8,6.5,38,tvSeries,Exact (title + year),0.7,5.8,12,0.7,26,1,TRUE
tt6193336,491,494,The Hollow,2018,7+,7.2/10,63/100,1,0,0,0,1,7.2,7.2,5934,tvSeries,Exact (title + year),0,7.2,3608,0,2326,1,TRUE
tt6208226,5294,5641,Animal ER,2016,16+,8.0/10,39/100,0,0,0,1,1,8,7.9,114,tvSeries,Exact (title + year),-0.0999999999999996,8,55,-0.0999999999999996,59,1,TRUE
tt6209442,1231,1234,Nightmare Teacher,2016,"",7.2/10,48/100,1,0,0,0,1,7.2,6.9,683,tvMiniSeries,Exact (title + year),-0.3,7.2,325,-0.3,358,1,TRUE
tt6209462,1397,1402,Late Night Restaurant,2015,16+,7.9/10,45/100,1,0,0,0,1,7.9,7.8,121,tvSeries,Exact (title + year),-0.100000000000001,8,76,-0.2,45,1,TRUE
tt6210192,1023,1026,Loaded,2017,"",6.6/10,52/100,1,0,0,0,1,6.6,6.6,1498,tvSeries,Exact (title + year),0,6.6,1266,0,232,1,TRUE
tt6212854,912,915,Voice,2017,16+,7.7/10,54/100,1,0,0,0,1,7.7,7.6,3156,tvSeries,Exact (title + year),-0.100000000000001,7.7,1380,-0.100000000000001,1776,1,TRUE
tt6212990,1359,1363,One More Time,2016,"",6.9/10,45/100,1,0,0,0,1,6.9,6.8,779,tvMiniSeries,Exact (title + year),-0.100000000000001,6.9,504,-0.100000000000001,275,1,TRUE
tt6214876,1491,1497,Super Monsters,2017,all,6.5/10,43/100,1,0,0,0,1,6.5,6.1,522,tvSeries,Exact (title + year),-0.4,6.6,341,-0.5,181,1,TRUE
tt6222252,3124,3255,The Riveras,2016,7+,7.6/10,39/100,0,1,0,0,1,7.6,7.8,39,tvSeries,Exact (title + year),0.2,7.6,26,0.2,13,1,TRUE
tt6222946,711,714,One of Us,2016,18+,7.0/10,58/100,1,0,0,0,1,7,5.7,15,tvMiniSeries,Exact (title + year),-1.3,,,,,1,TRUE
tt6226710,3757,4000,Detective Anna,2016,"",8.0/10,52/100,0,0,1,0,1,8,7.8,792,tvSeries,Exact (title + year),-0.2,8,492,-0.2,300,1,TRUE
tt6231158,3716,3950,Rocco Schiavone,2016,7+,7.6/10,54/100,0,0,1,0,1,7.6,7.9,3043,tvSeries,Exact (title + original-language year),0.300000000000001,7.5,1094,0.4,1949,1,TRUE
tt6233538,579,582,Roman Empire,2016,16+,7.0/10,61/100,1,0,0,0,1,7,7.1,10431,tvSeries,Exact (title + year),0.0999999999999996,7,6343,0.0999999999999996,4088,1,TRUE
tt6233618,654,657,Unsolved: The Murders of Tupac and The Notorious B.I.G.,2018,18+,7.9/10,59/100,1,0,0,0,1,7.9,7.8,9726,tvMiniSeries,Exact (title + year),-0.100000000000001,7.9,6904,-0.100000000000001,2822,1,TRUE
tt6233916,1685,1691,I'm with the Band: Nasty Cherry,2019,"",6.7/10,38/100,1,0,0,0,1,6.7,6.4,190,tvSeries,Exact (title + year),-0.3,6.7,143,-0.3,47,1,TRUE
tt6234680,3088,3217,ClassicaLoid,2016,16+,6.4/10,40/100,0,1,0,0,1,6.4,6.6,47,tvSeries,Exact (title + year),0.199999999999999,6.4,23,0.199999999999999,24,1,TRUE
tt6235602,4098,4387,Queens,2017,"",5.6/10,40/100,0,0,1,0,1,5.6,5.7,184,tvMiniSeries,"Fuzzy (title exact, year +-1)",0.100000000000001,5.7,128,0,56,1,TRUE
tt6236572,2200,2250,Mary Kills People,2017,18+,7.5/10,70/100,0,1,0,0,1,7.5,7.5,5199,tvSeries,Exact (title + year),0,7.5,3641,0,1558,1,TRUE
tt6241856,4205,4501,Wild North,2015,"",7.3/10,37/100,0,0,1,0,1,7.3,7.3,155,tvSeries,Exact (title + year),0,7.3,129,0,26,1,TRUE
tt6244108,5281,5628,Continent 7: Antarctica,2016,7+,7.4/10,41/100,0,0,0,1,1,7.4,7.2,272,tvMiniSeries,Exact (title + year),-0.2,7.3,131,-0.0999999999999996,141,1,TRUE
tt6244192,331,333,Leah Remini: Scientology and the Aftermath,2016,16+,9.0/10,68/100,1,1,0,0,1,9,8.9,6850,tvSeries,Exact (title + year),-0.0999999999999996,9,5227,-0.0999999999999996,1623,2,FALSE
tt6245282,4340,4639,Kids on the Edge,2016,"",7.6/10,33/100,0,0,1,0,1,7.6,7.6,21,tvSeries,Exact (title + year),0,7.6,11,0,10,1,TRUE
tt6246500,1132,1135,Captive,2016,"",6.9/10,50/100,1,0,0,0,1,6.9,6.8,887,tvSeries,Exact (title + year),-0.100000000000001,7,600,-0.2,287,1,TRUE
tt6256484,2388,2464,While You Were Sleeping,2017,"",8.4/10,63/100,0,1,0,1,1,8.4,8.2,13147,tvSeries,Exact (title + year),-0.200000000000001,8.4,4792,-0.200000000000001,8355,2,FALSE
tt6257298,2606,2707,Pure,2017,18+,7.0/10,56/100,0,1,0,0,1,7,7,1319,tvSeries,Exact (title + year),0,7,1071,0,248,1,TRUE
tt6257970,51,52,The End of the F***ing World,2017,18+,8.1/10,85/100,1,0,0,0,1,8.1,8,248321,tvSeries,Exact (title + year),-0.0999999999999996,8.1,154424,-0.0999999999999996,93897,1,TRUE
tt6258050,985,988,Sisters,2017,"",7.5/10,52/100,1,0,0,0,1,7.5,7.4,1977,tvMiniSeries,Exact (title + year),-0.0999999999999996,7.6,1499,-0.199999999999999,478,1,TRUE
tt6258162,4402,4703,Wrench Wars,2017,"",5.7/10,31/100,0,0,1,0,1,5.7,5.3,11,tvSeries,Exact (title + year),-0.4,5.7,11,-0.4,0,1,TRUE
tt6258718,2470,2559,Bad Banks,2018,7+,7.9/10,60/100,0,1,0,0,1,7.9,7.8,6659,tvSeries,Exact (title + year),-0.100000000000001,8,4976,-0.2,1683,1,TRUE
tt6264782,5234,5578,Mickey and the Roadster Racers,2017,all,6.1/10,47/100,0,0,0,1,1,6.1,6,866,tvSeries,Exact (title + year),-0.0999999999999996,6.1,455,-0.0999999999999996,411,1,TRUE
tt6264964,4258,4554,Nurses Who Kill,2016,"",5.8/10,36/100,0,0,1,0,1,5.8,5.8,269,tvSeries,Exact (title + year),0,5.8,224,0,45,1,TRUE
tt6270550,1873,1881,Be with You,2015,"",7.1/10,30/100,1,0,0,0,1,7.1,7.7,24,tvSeries,Exact (title + year),0.600000000000001,7.1,15,0.600000000000001,9,1,TRUE
tt6273088,1333,1337,Back to 1989,2016,"",8.4/10,46/100,1,0,0,0,1,8.4,7.9,187,tvSeries,Exact (title + year),-0.5,8.4,83,-0.5,104,1,TRUE
tt6273196,1791,1799,Angel 'N' Devil,2014,"",4.9/10,34/100,1,0,0,0,1,4.9,6,60,tvSeries,Exact (title + year),1.1,5.1,31,0.9,29,1,TRUE
tt6280224,4880,5199,All About My Siblings,2014,"","",10/100,0,0,1,0,1,,8.2,12,tvSeries,Exact (title + year),,8.5,8,-0.300000000000001,4,1,TRUE
tt6283636,1949,1959,Be with Me,2015,"","",10/100,1,0,0,0,1,,7.5,15,tvSeries,Exact (title + year),,7.6,12,-0.0999999999999996,3,1,TRUE
tt6283832,1887,1895,Jumping Girl,2015,"",5.1/10,28/100,1,0,0,0,1,5.1,5.2,72,tvSeries,Exact (title + year),0.100000000000001,5.1,47,0.100000000000001,25,1,TRUE
tt6283998,1764,1772,Love At Seventeen,2016,"",6.2/10,35/100,1,0,0,0,1,6.2,6.9,45,tvSeries,Exact (title + original-language year),0.7,6.2,31,0.7,14,1,TRUE
tt6284014,1459,1465,A Boy Named Flora A,2017,18+,7.8/10,43/100,1,0,0,0,1,7.8,7.9,379,tvMiniSeries,Exact (title + year),0.100000000000001,7.8,273,0.100000000000001,106,1,TRUE
tt6286406,4244,4540,Noveltoon,1943,7+,"",36/100,0,0,1,0,1,,6.8,31,tvSeries,Exact (title + year),,,,,,1,TRUE
tt6289132,847,850,The Boulet Brothers' Dragula,2016,18+,7.9/10,55/100,1,0,0,0,1,7.9,8.1,1950,tvSeries,Exact (title + year),0.199999999999999,7.9,778,0.199999999999999,1172,1,TRUE
tt6289504,1718,1724,When I See You Again,2015,"",7.1/10,37/100,1,0,0,0,1,7.1,6.9,131,tvSeries,Exact (title + year),-0.199999999999999,7.4,92,-0.5,39,1,TRUE
tt6289552,1380,1384,Tong: Memories,2016,7+,8.1/10,45/100,1,0,0,0,1,8.1,8,74,tvSeries,Exact (title + year),-0.0999999999999996,8.1,46,-0.0999999999999996,28,1,TRUE
tt6297682,276,278,Seven Seconds,2018,18+,7.7/10,71/100,1,0,0,0,1,7.7,7.7,23191,tvMiniSeries,Exact (title + year),0,7.7,13850,0,9341,1,TRUE
tt6300100,826,829,My Secret Romance,2017,16+,7.1/10,55/100,1,0,0,0,1,7.1,7.1,5409,tvSeries,Exact (title + year),0,7.1,2239,0,3170,1,TRUE
tt6304194,2904,3027,The Wall,2016,7+,5.9/10,47/100,0,1,1,0,1,5.9,5.8,778,tvSeries,Exact (title + year),-0.100000000000001,5.9,491,-0.100000000000001,287,2,FALSE
tt6304676,960,963,Samurai Gourmet,2017,"",8.1/10,53/100,1,0,0,0,1,8.1,8,2603,tvMiniSeries,Exact (title + year),-0.0999999999999996,8.1,1858,-0.0999999999999996,745,1,TRUE
tt6311972,5129,5461,Raven's Home,2017,all,7.3/10,59/100,0,0,0,1,1,7.3,7.1,4316,tvSeries,Exact (title + year),-0.2,7.3,2542,-0.2,1774,1,TRUE
tt6315640,28,29,Atypical,2017,16+,8.3/10,88/100,1,0,0,0,1,8.3,8.2,114650,tvSeries,Exact (title + year),-0.100000000000001,8.3,64352,-0.100000000000001,50298,1,TRUE
tt6319758,4194,4490,Small Business Revolution: Main Street,2016,"",7.4/10,38/100,0,0,1,0,1,7.4,7.6,34,tvSeries,Exact (title + year),0.199999999999999,7.4,23,0.199999999999999,11,1,TRUE
tt6322264,981,984,Inside the World's Toughest Prisons,2016,18+,7.1/10,52/100,1,0,0,0,1,7.1,7.2,4427,tvSeries,Exact (title + year),0.100000000000001,7.1,2378,0.100000000000001,2049,1,TRUE
tt6328652,3132,3263,Zorro the Chronicles,2015,all,7.3/10,38/100,0,1,0,0,1,7.3,6.7,189,tvSeries,Exact (title + year),-0.6,7.1,70,-0.399999999999999,119,1,TRUE
tt6333098,230,231,Abstract: The Art of Design,2017,16+,8.4/10,73/100,1,0,0,0,1,8.4,8.3,6249,tvSeries,Exact (title + year),-0.0999999999999996,8.4,4962,-0.0999999999999996,1287,1,TRUE
tt6333104,540,543,Hot Girls Wanted: Turned On,2017,18+,6.6/10,62/100,1,0,0,0,1,6.6,6.6,2527,tvMiniSeries,Exact (title + year),0,6.6,2024,0,503,1,TRUE
tt6337766,5200,5540,Muppet Babies,2018,all,6.9/10,50/100,0,0,0,1,1,6.9,6.5,959,tvSeries,Exact (title + year),-0.4,6.9,438,-0.4,521,1,TRUE
tt6338614,4333,4632,Ghost Dimension,2016,7+,6.0/10,34/100,0,0,1,0,1,6,3.9,120,tvSeries,Exact (title + year),-2.1,6.1,73,-2.2,47,1,TRUE
tt6340304,1128,1131,Rosario Tijeras,2017,"",6.2/10,50/100,1,0,0,0,1,6.2,6.4,771,tvSeries,"Fuzzy (title exact, year +-1)",0.2,6.2,212,0.2,559,1,TRUE
tt6342474,2170,2215,Boruto: Naruto Next Generations,2017,16+,7.0/10,71/100,0,1,0,0,1,7,6.3,35316,tvSeries,Exact (title + year),-0.7,7,10780,-0.7,24536,1,TRUE
tt6343290,5298,5645,Marvel Video Comics,2016,all,6.6/10,38/100,0,0,0,1,1,6.6,5.8,170,tvMiniSeries,Exact (title + year),-0.8,6.6,39,-0.8,131,1,TRUE
tt6348126,1187,1190,Beyblade Burst,2016,7+,6.7/10,49/100,1,0,0,0,1,6.7,7.1,1619,tvSeries,Exact (title + year),0.399999999999999,6.7,333,0.399999999999999,1286,1,TRUE
tt6352180,645,648,Little Witch Academia,2017,7+,7.9/10,60/100,1,0,0,0,1,7.9,7.8,5052,tvSeries,Exact (title + year),-0.100000000000001,7.9,2536,-0.100000000000001,2516,1,TRUE
tt6352722,1868,1876,Immortal Classic,2012,16+,"",31/100,1,0,0,0,1,,7.3,40,tvSeries,Exact (title + year),,7.6,25,-0.3,15,1,TRUE
tt6352754,1739,1747,Murphy's Law of Love,2015,"",7.4/10,36/100,1,0,0,0,1,7.4,7.2,291,tvSeries,Exact (title + year),-0.2,7.4,235,-0.2,56,1,TRUE
tt6352844,4642,4957,Desperate Love,2012,"","",14/100,0,0,1,0,1,,7.9,9,tvSeries,"Fuzzy (title exact, year +-1)",,,,,,1,TRUE
tt6354518,428,430,The Disastrous Life of Saiki K.,2016,16+,8.3/10,65/100,1,0,0,0,1,8.3,8.3,16460,tvSeries,Exact (title + year),0,8.3,4444,0,12016,1,TRUE
tt6356032,4130,4423,Chi's Sweet Adventure,2016,"",7.8/10,39/100,0,0,1,0,1,7.8,7.6,111,tvSeries,Exact (title + year),-0.2,7.7,43,-0.100000000000001,68,1,TRUE
tt6356086,794,797,Tunnel,2017,16+,8.3/10,56/100,1,0,0,0,1,8.3,8.2,4359,tvSeries,Exact (title + year),-0.100000000000001,8.3,2080,-0.100000000000001,2279,1,TRUE
tt6357262,1825,1833,Love Cheque Charge,2014,"",7.5/10,33/100,1,0,0,0,1,7.5,7.7,64,tvSeries,Exact (title + year),0.2,7.5,50,0.2,14,1,TRUE
tt6357282,1674,1680,Inborn Pair,2011,"",6.9/10,38/100,1,0,0,0,1,6.9,7,158,tvSeries,Exact (title + year),0.0999999999999996,7.1,76,-0.0999999999999996,82,1,TRUE
tt6370626,1759,1767,Chasing Cameron,2016,7+,3.7/10,36/100,1,0,0,0,1,3.7,3.7,1549,tvSeries,Exact (title + year),0,3.7,481,0,1068,1,TRUE
tt6385540,204,205,Hilda,2018,7+,8.6/10,74/100,1,0,0,0,1,8.6,8.6,16449,tvSeries,Exact (title + year),0,8.6,7738,0,8711,1,TRUE
tt6394324,524,527,Charmed,2018,16+,4.6/10,62/100,1,0,0,0,1,4.6,4.8,19068,tvSeries,Exact (title + year),0.2,4.6,14187,0.2,4881,1,TRUE
tt6402362,2530,2626,Hard Sun,2018,18+,6.6/10,58/100,0,1,0,0,1,6.6,6.6,5640,tvMiniSeries,Exact (title + year),0,6.6,4707,0,933,1,TRUE
tt6412478,5328,5676,Billy Dilley's Super-Duper Subterranean Summer,2017,7+,4.4/10,34/100,0,0,0,1,1,4.4,3.4,626,tvSeries,Exact (title + year),-1,4.4,205,-1,421,1,TRUE
tt6413302,1488,1494,Someone Like You,2015,"",8.0/10,43/100,1,0,0,0,1,8,7.7,172,tvSeries,Exact (title + year),-0.3,8.1,124,-0.399999999999999,48,1,TRUE
tt6414218,4412,4713,The Urban Vegetarian,2017,"",5.5/10,30/100,0,0,1,0,1,5.5,5.4,55,tvSeries,Exact (title + year),-0.0999999999999996,5.5,35,-0.0999999999999996,20,1,TRUE
tt6415598,4090,4377,Italy's Invisible Cities,2017,"",7.9/10,41/100,0,0,1,0,1,7.9,7.8,153,tvMiniSeries,Exact (title + year),-0.100000000000001,7.9,120,-0.100000000000001,33,1,TRUE
tt6423364,339,341,Bad Blood,2017,18+,7.5/10,68/100,1,0,0,0,1,7.5,7.5,11096,tvSeries,Exact (title + year),0,7.5,7937,0,3159,1,TRUE
tt6424454,1263,1266,Fate/Apocrypha,2017,18+,6.6/10,47/100,1,0,0,0,1,6.6,6.6,3355,tvSeries,Exact (title + year),0,6.6,1886,0,1469,1,TRUE
tt6433844,1165,1168,Fallet,2017,"",6.8/10,49/100,1,0,0,0,1,6.8,6.8,2089,tvSeries,Exact (title + year),0,6.8,1583,0,506,1,TRUE
tt6435118,4204,4500,The Bug Diaries,2019,all,7.0/10,37/100,0,0,1,0,1,7,6.2,100,tvSeries,Exact (title + year),-0.8,6.9,38,-0.7,62,1,TRUE
tt6439752,2043,2075,Snowfall,2017,18+,8.2/10,78/100,0,1,0,0,1,8.2,8.5,50369,tvSeries,Exact (title + year),0.300000000000001,8.2,12718,0.300000000000001,37651,1,TRUE
tt6442382,3444,3578,Going Si-ral,2016,"","",10/100,0,1,0,0,1,,6.8,94,tvSeries,Exact (title + year),,6,44,0.8,50,1,TRUE
tt6461346,394,396,Stranger,2017,18+,8.6/10,66/100,1,0,0,0,1,8.6,8.4,12338,tvSeries,Exact (title + year),-0.199999999999999,8.6,6134,-0.199999999999999,6204,1,TRUE
tt6464612,1741,1749,LEGO Friends: The Power of Friendship,2016,7+,6.0/10,36/100,1,0,0,0,1,6,6.9,112,tvSeries,Exact (title + year),0.9,6.2,31,0.7,81,1,TRUE
tt6466208,3591,3793,Breathe,2018,18+,8.3/10,63/100,0,0,1,0,1,8.3,8.2,23268,tvSeries,Exact (title + year),-0.100000000000001,8.3,17105,-0.100000000000001,6163,1,TRUE
tt6467294,865,868,Somewhere Between,2017,16+,6.3/10,55/100,1,0,0,0,1,6.3,6.3,7500,tvSeries,Exact (title + year),0,6.2,5024,0.0999999999999996,2476,1,TRUE
tt6468322,14,15,Money Heist,2017,18+,8.3/10,90/100,1,0,0,0,1,8.3,8.2,614638,tvSeries,Exact (title + year),-0.100000000000001,8.3,331604,-0.100000000000001,283034,1,TRUE
tt6470396,769,772,Champions,2018,16+,6.1/10,57/100,1,1,0,0,1,6.1,6.2,4490,tvSeries,Exact (title + year),0.100000000000001,6.1,3287,0.100000000000001,1203,2,FALSE
tt6470478,2039,2071,The Good Doctor,2017,16+,8.1/10,79/100,0,1,0,0,1,8.1,8,131472,tvSeries,Exact (title + year),-0.0999999999999996,8.1,67711,-0.0999999999999996,63761,1,TRUE
tt6473300,3532,3713,Mirzapur,2018,18+,8.4/10,69/100,0,0,1,0,1,8.4,8.4,94264,tvSeries,Exact (title + year),0,8.4,57643,0,36621,1,TRUE
tt6474236,2133,2173,The Looming Tower,2018,18+,8.0/10,73/100,0,1,0,0,1,8,8,19419,tvMiniSeries,Exact (title + year),0,8,11938,0,7481,1,TRUE
tt6474378,65,66,Good Girls,2018,16+,7.8/10,84/100,1,1,0,0,1,7.8,7.7,68198,tvSeries,Exact (title + year),-0.0999999999999996,7.8,37048,-0.0999999999999996,31150,2,FALSE
tt6477270,3852,4114,Grimoire of Zero,2017,16+,7.0/10,49/100,0,0,1,0,1,7,6.8,1066,tvMiniSeries,Exact (title + year),-0.2,7,521,-0.2,545,1,TRUE
tt6478318,496,499,Masum,2017,16+,8.4/10,63/100,1,0,0,0,1,8.4,8.3,21801,tvMiniSeries,Exact (title + original-language year),-0.0999999999999996,8.4,16550,-0.0999999999999996,5251,1,TRUE
tt6482686,3095,3225,The Paynes,2018,"",4.9/10,40/100,0,1,0,0,1,4.9,5.1,452,tvSeries,Exact (title + year),0.199999999999999,4.8,317,0.3,135,1,TRUE
tt6482812,4902,5221,Bana: Heart of Darkness,2017,"","",10/100,0,0,1,0,1,,7.6,16,tvSeries,Exact (title + year),,7.5,15,0.0999999999999996,1,1,TRUE
tt6483832,2155,2198,The Resident,2018,16+,7.7/10,72/100,0,1,1,0,1,7.7,7.8,44276,tvSeries,Exact (title + year),0.0999999999999996,7.7,20227,0.0999999999999996,24049,2,FALSE
tt6487122,1805,1813,Oh Yuck!,2017,"",7.4/10,34/100,1,0,0,0,1,7.4,7.9,39,tvSeries,Exact (title + year),0.5,7.6,27,0.300000000000001,12,1,TRUE
tt6487482,382,384,Insatiable,2018,18+,6.5/10,67/100,1,0,0,0,1,6.5,6.5,36486,tvSeries,Exact (title + year),0,6.5,23649,0,12837,1,TRUE
tt6488862,894,897,Eternal Love,2017,7+,8.3/10,54/100,1,0,0,0,1,8.3,8.2,3742,tvSeries,Exact (title + year),-0.100000000000001,8.3,1868,-0.100000000000001,1874,1,TRUE
tt6494518,3953,4230,Onihei,2017,"",7.8/10,45/100,0,0,1,0,1,7.8,7.5,410,tvSeries,Exact (title + year),-0.3,7.8,292,-0.3,118,1,TRUE
tt6494622,3657,3880,Made in Heaven,2019,18+,8.3/10,58/100,0,0,1,0,1,8.3,8.2,15515,tvSeries,Exact (title + year),-0.100000000000001,8.3,9293,-0.100000000000001,6222,1,TRUE
tt6497076,1080,1083,Final Fantasy XIV: Dad of Light,2017,7+,7.0/10,51/100,1,0,0,0,1,7,7.1,734,tvMiniSeries,Exact (title + year),0.0999999999999996,7,526,0.0999999999999996,208,1,TRUE
tt6498784,3304,3437,Savage Kingdom,2016,"","",21/100,0,1,0,0,1,,8.4,621,tvSeries,Exact (title + year),,8.6,334,-0.199999999999999,287,1,TRUE
tt6499498,1845,1853,Shopkins,2014,all,3.8/10,32/100,1,0,0,0,1,3.8,6.1,66,tvMiniSeries,Exact (title + year),2.3,3.9,31,2.2,35,1,TRUE
tt6503244,764,767,Valor,2017,16+,6.0/10,57/100,1,0,0,0,1,6,6,3751,tvSeries,Exact (title + year),0,6,2925,0,826,1,TRUE
tt6503746,4467,4769,My House of Paranormal,2017,"",4.0/10,26/100,0,0,1,0,1,4,5.9,13,tvSeries,Exact (title + year),1.9,4,7,1.9,6,1,TRUE
tt6506806,1416,1422,Close Your Eyes Before It's Dark,2016,"",7.0/10,44/100,1,0,0,0,1,7,7,292,tvMiniSeries,Exact (title + year),0,7.1,192,-0.0999999999999996,100,1,TRUE
tt6516076,1062,1065,Chicago Typewriter,2017,"",8.3/10,51/100,1,0,0,0,1,8.3,8.2,2491,tvSeries,Exact (title + year),-0.100000000000001,8.3,1307,-0.100000000000001,1184,1,TRUE
tt6517102,83,84,Castlevania,2017,18+,8.3/10,82/100,1,0,0,0,1,8.3,8.3,95835,tvSeries,Exact (title + year),0,8.3,48976,0,46859,1,TRUE
tt6517320,3551,3741,Too Old to Die Young,2019,18+,7.4/10,67/100,0,0,1,0,1,7.4,7.3,12619,tvMiniSeries,Exact (title + year),-0.100000000000001,7.4,7479,-0.100000000000001,5140,1,TRUE
tt6519410,622,625,Zone Blanche,2017,"",7.5/10,60/100,1,0,0,0,1,7.5,7.3,14936,tvSeries,Exact (title + original-language year),-0.2,7.5,8514,-0.2,6422,1,TRUE
tt6522580,569,572,Little Things,2016,18+,8.3/10,61/100,1,0,0,0,1,8.3,8.2,8712,tvSeries,Exact (title + year),-0.100000000000001,8.3,4812,-0.100000000000001,3900,1,TRUE
tt6524350,99,100,Big Mouth,2017,18+,7.9/10,81/100,1,0,0,0,1,7.9,7.8,99179,tvSeries,Exact (title + year),-0.100000000000001,7.9,60228,-0.100000000000001,38951,1,TRUE
tt6529682,4706,5022,"In Sanity, Florida",2017,"","",13/100,0,0,1,0,1,,5.6,38,tvSeries,Exact (title + year),,5.1,25,0.5,13,1,TRUE
tt6531888,900,903,Transfers,2017,"",7.3/10,54/100,1,0,0,0,1,7.3,7.2,1025,tvSeries,Exact (title + year),-0.0999999999999996,7.3,895,-0.0999999999999996,130,1,TRUE
tt6536550,4021,4304,Costume Quest,2019,7+,7.0/10,43/100,0,0,1,0,1,7,7.2,304,tvSeries,Exact (title + year),0.2,7,147,0.2,157,1,TRUE
tt6538034,479,481,Save Me,2018,16+,7.7/10,64/100,1,0,0,0,1,7.7,7.6,6975,tvSeries,Exact (title + year),-0.100000000000001,7.7,4633,-0.100000000000001,2342,1,TRUE
tt6548228,2060,2093,Castle Rock,2018,18+,7.6/10,77/100,0,1,0,0,1,7.6,7.5,58358,tvSeries,Exact (title + year),-0.0999999999999996,7.6,40066,-0.0999999999999996,18292,1,TRUE
tt6549760,1414,1420,The Ollie & Moon Show,2017,all,8.3/10,44/100,1,0,0,0,1,8.3,8.4,120,tvSeries,Exact (title + year),0.0999999999999996,8.3,54,0.0999999999999996,66,1,TRUE
tt6560040,722,725,The Forest,2017,"",7.2/10,58/100,1,0,0,0,1,7.2,7.2,15160,tvMiniSeries,Exact (title + year),0,7.2,8677,0,6483,1,TRUE
tt6562134,1524,1530,VeggieTales in the City,2017,all,6.0/10,42/100,1,0,0,0,1,6,4.7,177,tvSeries,Exact (title + year),-1.3,6.1,88,-1.4,89,1,TRUE
tt6563112,2365,2436,Clique,2017,18+,7.0/10,63/100,0,1,0,0,1,7,6.9,3514,tvSeries,Exact (title + year),-0.0999999999999996,7,2485,-0.0999999999999996,1029,1,TRUE
tt6581428,1153,1156,Booba,2014,all,7.0/10,49/100,1,0,1,0,1,7,6.7,650,tvSeries,Exact (title + year),-0.3,6.9,311,-0.2,339,2,FALSE
tt6586318,3507,3674,Patrick Melrose,2018,18+,8.1/10,74/100,0,0,1,0,1,8.1,8,35669,tvMiniSeries,Exact (title + year),-0.0999999999999996,8.1,25679,-0.0999999999999996,9990,1,TRUE
tt6587094,228,229,Five Came Back,2017,16+,8.3/10,73/100,1,0,0,0,1,8.3,8.2,5697,tvMiniSeries,Exact (title + year),-0.100000000000001,8.3,4165,-0.100000000000001,1532,1,TRUE
tt6588218,1159,1162,Terrace House: Aloha State,2016,"",7.5/10,49/100,1,0,0,0,1,7.5,7.4,1215,tvSeries,Exact (title + year),-0.0999999999999996,7.5,878,-0.0999999999999996,337,1,TRUE
tt6591468,1394,1399,Buddy Thunderstruck,2017,7+,7.8/10,45/100,1,0,0,0,1,7.8,7.7,604,tvSeries,Exact (title + year),-0.0999999999999996,7.8,456,-0.0999999999999996,148,1,TRUE
tt6594882,2985,3111,Blippi,2014,all,7.5/10,45/100,0,1,1,0,1,7.5,5.7,751,tvSeries,Exact (title + year),-1.8,7.6,365,-1.9,386,2,FALSE
tt6596634,1207,1210,The Royal House of Windsor,2017,16+,7.3/10,48/100,1,0,0,0,1,7.3,7.3,1792,tvSeries,Exact (title + year),0,7.3,1344,0,448,1,TRUE
tt6599010,3926,4201,Big Dogs,2020,"",5.7/10,46/100,0,0,1,0,1,5.7,5.5,649,tvSeries,Exact (title + year),-0.2,5.4,447,0.0999999999999996,202,1,TRUE
tt6599482,3625,3837,The Romanoffs,2018,18+,7.0/10,60/100,0,0,1,0,1,7,7,7089,tvMiniSeries,Exact (title + year),0,7,5225,0,1864,1,TRUE
tt6600720,720,723,Hitler's Circle of Evil,2017,"",8.0/10,58/100,1,0,0,0,1,8,8,5804,tvMiniSeries,"Fuzzy (title exact, year +-1)",0,8,3447,0,2357,1,TRUE
tt6603254,5282,5629,Marvel's Rocket & Groot,2017,7+,6.8/10,41/100,0,0,0,1,1,6.8,6.4,727,tvMiniSeries,"Fuzzy (prefix stripped, exact year)",-0.399999999999999,6.8,243,-0.399999999999999,484,1,TRUE
tt6611916,90,91,Kingdom,2019,18+,8.4/10,82/100,1,1,0,0,1,8.4,8.3,64519,tvSeries,Exact (title + year),-0.0999999999999996,8.4,32544,-0.0999999999999996,31975,2,FALSE
tt6614936,4805,5124,Board AF,2016,"","",10/100,0,0,1,0,1,,9,32,tvSeries,Exact (title + year),,8.9,16,0.0999999999999996,16,1,TRUE
tt6616260,581,584,Deadwind,2018,18+,7.2/10,61/100,1,0,0,0,1,7.2,7.3,15431,tvSeries,Exact (title + year),0.0999999999999996,7.2,7059,0.0999999999999996,8372,1,TRUE
tt6626676,1409,1414,Samantha!,2018,7+,6.7/10,44/100,1,0,0,0,1,6.7,6.6,608,tvSeries,Exact (title + year),-0.100000000000001,6.7,474,-0.100000000000001,134,1,TRUE
tt6628364,3833,4089,Le Mans: Racing is Everything,2017,7+,7.3/10,49/100,0,0,1,0,1,7.3,7.2,956,tvMiniSeries,Exact (title + year),-0.0999999999999996,7.3,658,-0.0999999999999996,298,1,TRUE
tt6653336,3936,4211,Sofiya,2016,"",7.8/10,45/100,0,0,1,0,1,7.8,7.5,670,tvMiniSeries,Exact (title + original-language year),-0.3,7.8,379,-0.3,291,1,TRUE
tt6656238,418,420,The Rain,2018,18+,6.3/10,65/100,1,0,0,0,1,6.3,6.3,46580,tvSeries,Exact (title + year),0,6.3,32319,0,14261,1,TRUE
tt6660498,352,354,Devilman: Crybaby,2018,"",7.6/10,67/100,1,0,0,0,1,7.6,7.6,36678,tvMiniSeries,Exact (title + year),0,7.6,14423,0,22255,1,TRUE
tt6671178,1716,1722,Love Family,2013,"",7.8/10,37/100,1,0,0,0,1,7.8,8.4,37,tvSeries,Exact (title + year),0.600000000000001,7.8,25,0.600000000000001,12,1,TRUE
tt6682754,3558,3750,Jean-Claude Van Johnson,2016,7+,7.6/10,66/100,0,0,1,0,1,7.6,7.5,10848,tvMiniSeries,Exact (title + year),-0.0999999999999996,7.6,8431,-0.0999999999999996,2417,1,TRUE
tt6685272,656,659,The Repair Shop,2017,"",8.7/10,59/100,1,0,0,0,1,8.7,8.7,2433,tvSeries,Exact (title + year),0,8.7,1046,0,1387,1,TRUE
tt6686450,1935,1945,Million Yen Women,2017,"","",14/100,1,0,0,0,1,,7.5,2306,tvMiniSeries,Exact (title + year),,7.5,1587,0,719,1,TRUE
tt6688750,5171,5509,Puppy Dog Pals,2017,all,7.0/10,53/100,0,0,0,1,1,7,6.7,1573,tvSeries,Exact (title + year),-0.3,7,826,-0.3,747,1,TRUE
tt6692188,395,397,El Chapo,2017,18+,7.8/10,66/100,1,0,0,0,1,7.8,7.8,22537,tvSeries,Exact (title + year),0,7.8,15746,0,6791,1,TRUE
tt6692956,3952,4229,Princess Principal,2017,18+,7.4/10,45/100,0,0,1,0,1,7.4,7.6,1138,tvMiniSeries,Exact (title + year),0.199999999999999,7.4,348,0.199999999999999,790,1,TRUE
tt6703344,1696,1702,The Miracle,2016,"",6.5/10,38/100,1,0,0,0,1,6.5,6.2,318,tvSeries,Exact (title + year),-0.3,6.5,166,-0.3,152,1,TRUE
tt6704972,3518,3688,The Underground Railroad,2021,18+,7.3/10,72/100,0,0,1,0,1,7.3,7.4,9636,tvMiniSeries,Exact (title + year),0.100000000000001,7.3,3487,0.100000000000001,6149,1,TRUE
tt6707142,1913,1922,Two Fathers,2013,"","",18/100,1,0,0,0,1,,7.2,105,tvSeries,Exact (title + year),,7.7,39,-0.5,66,1,TRUE
tt6708260,2700,2805,Trust Me,2017,"",7.0/10,54/100,0,1,0,0,1,7,7,3395,tvSeries,Exact (title + year),0,7,2436,0,959,1,TRUE
tt6712390,472,474,Requiem,2018,18+,6.5/10,64/100,1,0,0,0,1,6.5,6.4,7883,tvMiniSeries,Exact (title + year),-0.0999999999999996,6.5,5604,-0.0999999999999996,2279,1,TRUE
tt6714408,1631,1637,Spy Kids: Mission Critical,2018,all,4.9/10,39/100,1,0,0,0,1,4.9,4.7,550,tvSeries,Exact (title + year),-0.2,4.9,278,-0.2,272,1,TRUE
tt6714738,3747,3987,GRAND PRIX Driver,2018,7+,7.6/10,53/100,0,0,1,0,1,7.6,7.4,1374,tvMiniSeries,Exact (title + year),-0.199999999999999,,,,,1,TRUE
tt6717058,1332,1336,Grizzy & the Lemmings,2016,all,7.0/10,46/100,1,0,0,0,1,7,7.3,1520,tvSeries,Exact (title + original-language year),0.3,7,419,0.3,1101,1,TRUE
tt6729080,325,327,Collateral,2018,18+,6.8/10,68/100,1,0,0,0,1,6.8,6.8,24290,tvMiniSeries,Exact (title + year),0,6.8,15178,0,9112,1,TRUE
tt6740146,1000,1003,Morocco: Love in Times of War,2017,"",7.6/10,52/100,1,0,0,0,1,7.6,7.5,3498,tvSeries,Exact (title + year),-0.0999999999999996,7.6,2645,-0.0999999999999996,853,1,TRUE
tt6741278,3452,3591,Invincible,2021,18+,8.7/10,88/100,0,0,1,1,1,8.7,8.7,348881,tvSeries,Exact (title + year),0,8.8,64539,-0.100000000000001,284342,2,FALSE
tt6742610,1729,1737,Pacto de Sangue,2018,"",6.9/10,37/100,1,0,0,0,1,6.9,6.9,176,tvMiniSeries,Exact (title + year),0,6.8,128,0.100000000000001,48,1,TRUE
tt6743832,1735,1743,Inside the Freemasons,2017,"",5.4/10,36/100,1,0,0,0,1,5.4,5.5,505,tvSeries,Exact (title + year),0.0999999999999996,5.4,402,0.0999999999999996,103,1,TRUE
tt6752226,4452,4754,Yaya et Zouk,2015,"",4.0/10,28/100,0,0,1,0,1,4,4.7,43,tvSeries,Exact (title + original-language year),0.7,4,23,0.7,20,1,TRUE
tt6763664,88,89,The Haunting of Hill House,2018,18+,8.6/10,82/100,1,0,0,0,1,8.6,8.5,333341,tvMiniSeries,Exact (title + year),-0.0999999999999996,8.6,191583,-0.0999999999999996,141758,1,TRUE
tt6769592,3760,4003,Everyday Driver,2017,"",9.3/10,52/100,0,0,1,0,1,9.3,8.2,163,tvSeries,Exact (title + year),-1.1,9.3,142,-1.1,21,1,TRUE
tt6772826,3134,3265,Life of Kylie,2017,16+,3.5/10,38/100,0,1,0,0,1,3.5,3.5,1267,tvSeries,Exact (title + year),0,3.5,1063,0,204,1,TRUE
tt6773462,3212,3344,Redacted Tonight,2014,"",8.1/10,33/100,0,1,0,0,1,8.1,7.4,50,tvSeries,Exact (title + year),-0.699999999999999,8,38,-0.6,12,1,TRUE
tt6775794,1395,1400,Inside the Criminal Mind,2018,18+,5.5/10,45/100,1,1,0,0,1,5.5,5.5,1312,tvSeries,Exact (title + year),0,5.4,858,0.0999999999999996,454,2,FALSE
tt6775816,1606,1612,Terrorism Close Calls,2018,"",5.2/10,40/100,1,0,0,0,1,5.2,5.3,929,tvSeries,Exact (title + year),0.0999999999999996,5.2,569,0.0999999999999996,360,1,TRUE
tt6779076,5235,5579,Star Wars: Forces of Destiny,2017,all,5.0/10,47/100,0,0,0,1,1,5,5.4,3115,tvSeries,Exact (title + year),0.4,5,1676,0.4,1439,1,TRUE
tt6794990,3548,3736,Absentia,2017,18+,7.3/10,67/100,0,0,1,0,1,7.3,7.1,26727,tvSeries,Exact (title + year),-0.2,7.3,13298,-0.2,13429,1,TRUE
tt6803712,3956,4233,Dharmakshetra,2014,"",8.1/10,45/100,0,0,1,0,1,8.1,8.6,460,tvSeries,Exact (title + year),0.5,8.1,211,0.5,249,1,TRUE
tt6805798,4325,4624,The Bumble Nums,2017,all,7.2/10,34/100,0,0,1,0,1,7.2,8.2,37,tvSeries,Exact (title + year),1,7.2,8,1,29,1,TRUE
tt6807662,525,528,The New Legends of Monkey,2018,7+,6.5/10,62/100,1,0,0,0,1,6.5,6.5,5420,tvSeries,Exact (title + year),0,6.5,3801,0,1619,1,TRUE
tt6811236,787,790,Perfume,2018,18+,7.1/10,56/100,1,0,0,0,1,7.1,7,10681,tvSeries,Exact (title + year),-0.0999999999999996,7.1,7595,-0.0999999999999996,3086,1,TRUE
tt6821622,3083,3212,Murder on the Internet,2017,"",6.7/10,40/100,0,1,1,0,1,6.7,6.2,120,tvSeries,Exact (title + year),-0.5,6.7,41,-0.5,79,2,FALSE
tt6834076,2917,3040,Bong Appétit,2016,16+,8.0/10,47/100,0,1,0,0,1,8,8.1,367,tvSeries,Exact (title + year),0.0999999999999996,8,274,0.0999999999999996,93,1,TRUE
tt6834120,1354,1358,Jenni Rivera: Mariposa de Barrio,2017,"",7.3/10,45/100,1,0,0,0,1,7.3,7.5,333,tvSeries,Exact (title + original-language year),0.2,7.4,201,0.0999999999999996,132,1,TRUE
tt6835380,1533,1539,Alphablocks,2010,all,7.8/10,42/100,1,0,0,0,1,7.8,7.8,191,tvSeries,Exact (title + year),0,7.8,46,0,145,1,TRUE
tt6839788,678,681,Dogs of Berlin,2018,16+,7.6/10,59/100,1,0,0,0,1,7.6,7.5,15649,tvSeries,Exact (title + year),-0.0999999999999996,7.6,11107,-0.0999999999999996,4542,1,TRUE
tt6840106,1195,1198,Sparta,2018,18+,6.6/10,48/100,1,0,0,0,1,6.6,6.6,625,tvSeries,Exact (title + original-language year),0,6.5,241,0.0999999999999996,384,1,TRUE
tt6846982,4272,4568,I Am Innocent,2015,18+,7.3/10,36/100,0,0,1,0,1,7.3,7.4,59,tvSeries,Exact (title + year),0.100000000000001,7.3,50,0.100000000000001,9,1,TRUE
tt6847436,3133,3264,Truth & Iliza,2017,7+,5.5/10,38/100,0,1,0,0,1,5.5,5.5,144,tvSeries,Exact (title + year),0,5.5,111,0,33,1,TRUE
tt6849940,1493,1499,ReBoot: The Guardian Code,2018,7+,3.8/10,43/100,1,0,0,0,1,3.8,3.8,1403,tvSeries,Exact (title + year),0,3.8,1095,0,308,1,TRUE
tt6852582,3148,3279,Phenoms,2018,7+,7.4/10,38/100,0,1,0,0,1,7.4,7.8,83,tvSeries,Exact (title + year),0.399999999999999,7.4,49,0.399999999999999,34,1,TRUE
tt6853528,3642,3862,Little Women,2017,7+,7.2/10,59/100,0,0,1,0,1,7.2,7.2,5667,tvMiniSeries,Exact (title + year),0,7.2,3627,0,2040,1,TRUE
tt6859260,760,763,The King's Avatar,2017,7+,7.7/10,57/100,1,0,0,0,1,7.7,7.4,1801,tvSeries,Exact (title + year),-0.3,7.7,899,-0.3,902,1,TRUE
tt6862736,5006,5325,Tales of Morrissa,2017,"","",10/100,0,0,1,0,1,,6,23,tvSeries,Exact (title + year),,5.8,21,0.2,2,1,TRUE
tt6865906,1369,1373,All Hail King Julien: Exiled,2017,7+,7.5/10,45/100,1,0,0,0,1,7.5,7.5,849,tvSeries,Exact (title + year),0,7.5,451,0,398,1,TRUE
tt6866266,3500,3662,Escape at Dannemora,2018,18+,8.0/10,77/100,0,0,1,0,1,8,7.9,34254,tvMiniSeries,Exact (title + year),-0.0999999999999996,8,19791,-0.0999999999999996,14463,1,TRUE
tt6866914,1860,1868,Jimmy: The True Story of a True Idiot,2018,all,6.8/10,31/100,1,0,0,0,1,6.8,6.8,106,tvSeries,Exact (title + year),0,6.7,61,0.0999999999999996,45,1,TRUE
tt6873658,205,206,The Mechanism,2018,18+,8.4/10,74/100,1,0,0,0,1,8.4,8,37276,tvSeries,Exact (title + year),-0.4,8.4,35654,-0.4,1622,1,TRUE
tt6874206,2264,2321,Making It,2018,7+,7.9/10,67/100,0,1,0,0,1,7.9,8,1771,tvSeries,Exact (title + year),0.0999999999999996,7.9,1110,0.0999999999999996,661,1,TRUE
tt6874502,2906,3029,Unikitty!,2017,7+,5.6/10,47/100,0,1,0,0,1,5.6,5.7,1946,tvSeries,Exact (title + year),0.100000000000001,5.6,1028,0.100000000000001,918,1,TRUE
tt6877772,140,141,American Vandal,2017,16+,8.2/10,78/100,1,0,0,0,1,8.2,8.1,35020,tvSeries,Exact (title + year),-0.0999999999999996,8.2,27590,-0.0999999999999996,7430,1,TRUE
tt6898970,388,390,Tidelands,2018,18+,7.0/10,66/100,1,0,0,0,1,7,6.7,9578,tvSeries,Exact (title + year),-0.3,7,6988,-0.3,2590,1,TRUE
tt6903284,574,577,Nightflyers,2018,18+,5.9/10,61/100,1,0,0,0,1,5.9,5.9,14786,tvSeries,Exact (title + year),0,5.9,12052,0,2734,1,TRUE
tt6904118,4109,4400,Storage Wars: Northern Treasures,2017,18+,5.6/10,40/100,0,0,1,0,1,5.6,5.3,360,tvSeries,Exact (title + year),-0.3,5.6,264,-0.3,96,1,TRUE
tt6905542,156,157,The Dark Crystal: Age of Resistance,2019,7+,8.4/10,77/100,1,0,0,0,1,8.4,8.4,29430,tvSeries,Exact (title + year),0,8.4,22156,0,7274,1,TRUE
tt6916746,543,546,Alexa & Katie,2018,all,7.5/10,62/100,1,0,0,0,1,7.5,7.5,8258,tvSeries,Exact (title + year),0,7.5,3459,0,4799,1,TRUE
tt6917254,2723,2828,Beat Shazam,2017,16+,6.0/10,53/100,0,1,0,0,1,6,6.1,964,tvSeries,Exact (title + year),0.0999999999999996,6,600,0.0999999999999996,364,1,TRUE
tt6917394,4123,4416,ABC Galaxy,2015,"","",40/100,0,0,1,0,1,,8,10,tvSeries,Exact (title + year),,,,,,1,TRUE
tt6928052,936,939,Free Rein,2017,all,7.3/10,53/100,1,0,0,0,1,7.3,7.1,3062,tvSeries,Exact (title + year),-0.2,7.4,1736,-0.300000000000001,1326,1,TRUE
tt6931266,3165,3296,Dies Irae,2017,18+,4.7/10,36/100,0,1,0,0,1,4.7,4.5,257,tvSeries,Exact (title + year),-0.2,4.7,119,-0.2,138,1,TRUE
tt6931604,3015,3142,Love Connection,2017,16+,"",43/100,0,1,0,0,1,,5.9,155,tvSeries,Exact (title + year),,5.8,121,0.100000000000001,34,1,TRUE
tt6932244,3496,3656,Hanna,2019,18+,7.5/10,77/100,0,0,1,0,1,7.5,7.6,46149,tvSeries,Exact (title + year),0.0999999999999996,7.5,27542,0.0999999999999996,18607,1,TRUE
tt6934964,2898,3020,The Other Guy,2017,18+,6.9/10,47/100,0,1,0,0,1,6.9,6.8,677,tvSeries,Exact (title + year),-0.100000000000001,6.9,424,-0.100000000000001,253,1,TRUE
tt6938856,3516,3686,A Very English Scandal,2018,16+,7.7/10,72/100,0,0,1,0,1,7.7,7.6,18457,tvMiniSeries,Exact (title + year),-0.100000000000001,7.7,10992,-0.100000000000001,7465,1,TRUE
tt6941966,4476,4778,Murderers and Their Mothers,2016,"",4.4/10,26/100,0,0,1,0,1,4.4,4.7,50,tvSeries,Exact (title + year),0.3,4.4,23,0.3,27,1,TRUE
tt6943298,1278,1281,Ending So Gently,2017,"",6.6/10,47/100,1,0,0,0,1,6.6,6.8,1015,tvSeries,Exact (title + year),0.2,6.6,510,0.2,505,1,TRUE
tt6945708,5265,5610,Year Million,2017,16+,7.4/10,43/100,0,0,0,1,1,7.4,7.4,732,tvMiniSeries,Exact (title + year),0,7.5,496,-0.0999999999999996,236,1,TRUE
tt6951562,1818,1826,Love Is In The Air,2010,"","",33/100,1,0,0,0,1,,6.9,135,tvSeries,Exact (title + original-language year),,7.6,83,-0.699999999999999,52,1,TRUE
tt6951568,1852,1860,Edge of the Universe,2002,"","",31/100,1,0,0,0,1,,7.2,225,tvMiniSeries,Exact (title + year),,7.3,163,-0.0999999999999996,62,1,TRUE
tt6951580,3433,3567,Because of an Earlier Incident,2012,"","",10/100,0,1,0,0,1,,4,9,tvSeries,Exact (title + year),,3.6,7,0.4,2,1,TRUE
tt6951600,3213,3345,Egg Birds,2014,"","",33/100,0,1,0,0,1,,8.2,12,tvSeries,Exact (title + year),,,,,,1,TRUE
tt6954448,3342,3475,Grandpa Joe's Magical Playground,2015,"","",16/100,0,1,0,0,1,,6,9,tvSeries,Exact (title + year),,5.8,5,0.2,4,1,TRUE
tt6954524,1362,1366,Miss in Kiss,2016,"",7.6/10,45/100,1,0,0,0,1,7.6,7,139,tvSeries,Exact (title + year),-0.6,7.6,81,-0.6,58,1,TRUE
tt6954548,1872,1880,Lucky Days,2010,7+,7.0/10,30/100,1,0,0,0,1,7,6.6,15,tvSeries,Exact (title + year),-0.4,7,8,-0.4,7,1,TRUE
tt6954646,3173,3304,Dinner with Dad,2017,"","",36/100,0,1,0,0,1,,6.7,15,tvSeries,Exact (title + year),,7.2,5,-0.5,10,1,TRUE
tt6954882,3060,3188,Ancient Top 10,2016,16+,7.8/10,42/100,0,1,0,0,1,7.8,7.6,154,tvMiniSeries,Exact (title + year),-0.2,7.8,63,-0.2,91,1,TRUE
tt6956946,3251,3383,Paint Me a Story,2014,"","",30/100,0,1,0,0,1,,8.8,9,tvSeries,Exact (title + year),,,,,,1,TRUE
tt6958622,3210,3342,Big Bugs Band,2011,"",7.5/10,34/100,0,1,0,0,1,7.5,8.6,13,tvSeries,Exact (title + year),1.1,7.5,8,1.1,5,1,TRUE
tt6958746,3310,3443,Rosaline,2016,"","",19/100,0,1,0,0,1,,7.5,14,tvSeries,Exact (title + year),,5.8,5,1.7,9,1,TRUE
tt6961868,3223,3355,Rudy Maxa's World,2008,all,7.2/10,33/100,0,1,0,0,1,7.2,8.2,28,tvSeries,Exact (title + year),1,7.2,13,1,15,1,TRUE
tt6963192,3257,3389,ABC News Specials,2010,"",4.8/10,29/100,0,1,0,0,1,4.8,4.2,35,tvSeries,Exact (title + year),-0.6,4.8,6,-0.6,29,1,TRUE
tt6963280,3288,3421,Kenny & Goorie,2011,"","",23/100,0,1,0,0,1,,7.4,7,tvSeries,Exact (title + year),,,,,,1,TRUE
tt6963396,1226,1229,Dreamworks How to Train Your Dragon Legends,2010,"",7.5/10,48/100,1,0,0,0,1,7.5,7.4,886,tvSeries,Exact (title + year),-0.0999999999999996,7.6,205,-0.199999999999999,681,1,TRUE
tt6963502,4376,4676,Stalkers Who Kill,2016,"",3.8/10,32/100,0,0,1,0,1,3.8,3.6,106,tvSeries,"Fuzzy (title exact, year +-1)",-0.2,3.8,97,-0.2,9,1,TRUE
tt6963504,596,599,Dave Chappelle,2017,"",8.7/10,61/100,1,0,0,0,1,8.7,8.6,3215,tvSeries,Exact (title + year),-0.0999999999999996,8.7,2176,-0.0999999999999996,1039,1,TRUE
tt6964616,3295,3428,Cuddlies,2011,"","",22/100,0,1,0,0,1,,8.4,11,tvSeries,Exact (title + year),,,,,,1,TRUE
tt6964618,3115,3246,Hungry Henry,2014,"",9.3/10,39/100,0,1,0,0,1,9.3,8.2,20,tvSeries,Exact (title + year),-1.1,9.3,9,-1.1,11,1,TRUE
tt6964748,3545,3732,Alex Rider,2020,16+,7.6/10,68/100,0,0,1,0,1,7.6,7.5,19798,tvSeries,Exact (title + year),-0.0999999999999996,7.6,9347,-0.0999999999999996,10451,1,TRUE
tt6965802,2632,2733,OK K.O.! Let's Be Heroes,2017,7+,7.0/10,55/100,0,1,0,0,1,7,6.9,4138,tvSeries,Exact (title + year),-0.0999999999999996,7.1,1842,-0.199999999999999,2296,1,TRUE
tt6966158,1648,1654,Larva,2011,all,7.2/10,39/100,1,0,0,0,1,7.2,6.9,1436,tvSeries,Exact (title + year),-0.3,7.2,381,-0.3,1055,1,TRUE
tt6968336,1570,1576,My Runway,2016,7+,6.4/10,41/100,1,0,0,0,1,6.4,6.2,448,tvSeries,Exact (title + year),-0.2,6.4,211,-0.2,237,1,TRUE
tt6970700,815,818,Unauthorized Living,2018,18+,7.5/10,56/100,1,0,0,0,1,7.5,7.4,7185,tvSeries,Exact (title + year),-0.0999999999999996,7.5,3620,-0.0999999999999996,3565,1,TRUE
tt6970710,586,589,Cocaine Coast,2018,18+,7.9/10,61/100,1,0,0,0,1,7.9,7.9,5118,tvMiniSeries,Exact (title + year),0,8,3313,-0.0999999999999996,1805,1,TRUE
tt6973752,3226,3358,Fill in the Prank,2017,"",6.2/10,32/100,0,1,0,0,1,6.2,6.6,19,tvSeries,Exact (title + original-language year),0.399999999999999,6.2,17,0.399999999999999,2,1,TRUE
tt6974330,3306,3439,Wilderness Vet,2016,"","",20/100,0,1,0,0,1,,8.6,16,tvSeries,Exact (title + year),,8.5,13,0.0999999999999996,3,1,TRUE
tt6974334,1854,1862,Happy And,2011,16+,"",31/100,1,0,0,0,1,,5.8,14,tvSeries,Exact (title + year),,5.8,6,0,8,1,TRUE
tt6974848,5272,5618,Disney's Fairy Tale Weddings,2017,7+,6.8/10,42/100,0,0,0,1,1,6.8,6.7,211,tvSeries,Exact (title + year),-0.0999999999999996,6.7,137,0,74,1,TRUE
tt6977146,2823,2937,Boy Band,2017,"",5.6/10,50/100,0,1,0,0,1,5.6,5.7,147,tvSeries,Exact (title + year),0.100000000000001,5.6,117,0.100000000000001,30,1,TRUE
tt6979722,3018,3145,Big Block SingSong,2012,all,"",43/100,0,1,0,0,1,,8.3,47,tvSeries,Exact (title + year),,8.5,25,-0.199999999999999,22,1,TRUE
tt6983520,863,866,Kantaro: The Sweet Tooth Salaryman,2017,7+,7.5/10,55/100,1,0,0,0,1,7.5,7.4,985,tvSeries,Exact (title + year),-0.0999999999999996,7.5,696,-0.0999999999999996,289,1,TRUE
tt6987476,2441,2526,Burden of Truth,2018,16+,7.3/10,61/100,0,1,0,0,1,7.3,7.3,5909,tvSeries,Exact (title + year),0,7.3,3304,0,2605,1,TRUE
tt6987788,305,307,Nailed It!,2018,7+,7.4/10,69/100,1,0,0,0,1,7.4,7.4,5783,tvSeries,Exact (title + year),0,7.4,4024,0,1759,1,TRUE
tt6992418,4027,4310,Vials,2017,"","",43/100,0,0,1,0,1,,7.8,289,tvSeries,Exact (title + year),,7.3,267,0.5,22,1,TRUE
tt6994582,3808,4061,Hitorijime My Hero,2017,"",7.1/10,50/100,0,0,1,0,1,7.1,7.3,1590,tvMiniSeries,Exact (title + year),0.2,7,631,0.3,959,1,TRUE
tt6994700,4409,4710,Vatican Miracle Examiner,2017,"",6.5/10,30/100,0,0,1,0,1,6.5,6,126,tvSeries,Exact (title + year),-0.5,6.5,63,-0.5,63,1,TRUE
tt7005048,3125,3256,Steve Harvey's Funderdome,2017,7+,7.3/10,39/100,0,1,0,0,1,7.3,7,64,tvSeries,Exact (title + year),-0.3,7.3,47,-0.3,17,1,TRUE
tt7005920,2931,3054,"Ready, Steady, Wiggle!",2013,all,7.8/10,46/100,0,1,0,0,1,7.8,7.6,233,tvSeries,Exact (title + year),-0.2,8.3,98,-0.700000000000001,135,1,TRUE
tt7008682,3505,3672,Homecoming,2018,18+,7.5/10,74/100,0,0,1,0,1,7.5,7.4,29616,tvSeries,Exact (title + year),-0.0999999999999996,7.5,22010,-0.0999999999999996,7606,1,TRUE
tt7010622,5182,5522,Vampirina,2017,all,6.6/10,52/100,0,0,0,1,1,6.6,6.4,1362,tvSeries,Exact (title + year),-0.199999999999999,6.7,679,-0.3,683,1,TRUE
tt7016024,3232,3364,UFC Fight Flashback,2014,"",7.8/10,31/100,0,1,0,0,1,7.8,8.6,21,tvSeries,"Fuzzy (title exact, year +-1)",0.8,7.8,10,0.8,11,1,TRUE
tt7016936,1978,1996,Killing Eve,2018,16+,8.2/10,86/100,0,1,0,0,1,8.2,8,154929,tvSeries,Exact (title + year),-0.199999999999999,8.2,91736,-0.199999999999999,63193,1,TRUE
tt7018644,2400,2476,grown-ish,2018,16+,6.4/10,62/100,0,1,0,0,1,6.4,6.6,7322,tvSeries,Exact (title + year),0.199999999999999,6.4,4377,0.199999999999999,2945,1,TRUE
tt7022508,4656,4972,Home Remedy,2017,"","",13/100,0,0,1,0,1,,6,18,tvSeries,Exact (title + year),,6.1,15,-0.0999999999999996,3,1,TRUE
tt7022748,1430,1436,Strongest Deliveryman,2017,"",7.3/10,44/100,1,0,0,0,1,7.3,7.2,1305,tvSeries,Exact (title + year),-0.0999999999999996,7.3,421,-0.0999999999999996,884,1,TRUE
tt7034962,1699,1705,Life Plan A and B,2017,7+,7.6/10,38/100,1,0,0,0,1,7.6,7.7,144,tvMiniSeries,"Fuzzy (title exact, year +-1)",0.100000000000001,7.6,90,0.100000000000001,54,1,TRUE
tt7035576,864,867,Al Hayba,2017,7+,7.4/10,55/100,1,0,0,0,1,7.4,7.3,2195,tvSeries,Exact (title + year),-0.100000000000001,7.4,958,-0.100000000000001,1237,1,TRUE
tt7042146,605,608,Carmen Sandiego,2019,7+,7.9/10,61/100,1,0,0,0,1,7.9,7.9,8615,tvSeries,Exact (title + year),0,7.9,4621,0,3994,1,TRUE
tt7043380,618,621,Osmosis,2019,16+,5.9/10,60/100,1,0,0,0,1,5.9,5.8,3677,tvSeries,Exact (title + year),-0.100000000000001,5.9,2677,-0.100000000000001,1000,1,TRUE
tt7052634,798,801,The Rise of Phoenixes,2018,7+,8.6/10,56/100,1,0,0,0,1,8.6,8.4,1997,tvSeries,Exact (title + year),-0.199999999999999,8.6,1280,-0.199999999999999,717,1,TRUE
tt7053188,2343,2410,Station 19,2018,16+,6.7/10,64/100,0,1,0,0,1,6.7,7.1,25939,tvSeries,Exact (title + year),0.399999999999999,6.7,9728,0.399999999999999,16211,1,TRUE
tt7053920,295,297,The Toys That Made Us,2017,16+,8.1/10,70/100,1,0,0,0,1,8.1,7.9,6452,tvSeries,Exact (title + year),-0.199999999999999,8.1,5010,-0.199999999999999,1442,1,TRUE
tt7076630,3561,3753,Vanity Fair,2018,7+,7.3/10,66/100,0,0,1,0,1,7.3,7.3,6369,tvMiniSeries,Exact (title + year),0,7.3,4020,0,2349,1,TRUE
tt7078180,316,318,Violet Evergarden,2018,16+,8.5/10,69/100,1,0,0,0,1,8.5,8.4,42399,tvMiniSeries,Exact (title + year),-0.0999999999999996,8.5,14078,-0.0999999999999996,28321,1,TRUE
tt7078710,244,245,Everything Sucks!,2018,16+,7.5/10,72/100,1,0,0,0,1,7.5,7.4,25689,tvSeries,Exact (title + year),-0.0999999999999996,7.5,15774,-0.0999999999999996,9915,1,TRUE
tt7087260,635,638,Tales of the City,2019,16+,7.4/10,60/100,1,0,0,0,1,7.4,7.4,9779,tvMiniSeries,Exact (title + year),0,7.4,6722,0,3057,1,TRUE
tt7094780,367,369,Mr. Sunshine,2018,18+,8.8/10,67/100,1,0,0,0,1,8.8,8.7,14193,tvSeries,Exact (title + year),-0.100000000000001,8.8,4918,-0.100000000000001,9275,1,TRUE
tt7094798,1936,1946,Argon,2017,"","",14/100,1,0,0,0,1,,7.4,340,tvSeries,Exact (title + year),,7.4,214,0,126,1,TRUE
tt7094874,1188,1191,Live Up To Your Name,2017,"",7.9/10,48/100,1,0,0,0,1,7.9,7.9,2356,tvSeries,Exact (title + year),0,7.9,829,0,1527,1,TRUE
tt7095194,3737,3976,Beat,2018,18+,7.4/10,53/100,0,0,1,0,1,7.4,7.3,3366,tvSeries,Exact (title + year),-0.100000000000001,7.4,2547,-0.100000000000001,819,1,TRUE
tt7099334,659,662,A Korean Odyssey,2017,"",8.1/10,59/100,1,0,0,0,1,8.1,7.9,7260,tvSeries,Exact (title + year),-0.199999999999999,8.1,3486,-0.199999999999999,3774,1,TRUE
tt7104930,4158,4453,Civilizations,2018,"","",38/100,0,0,1,0,1,,7.8,754,tvMiniSeries,Exact (title + year),,7.7,530,0.0999999999999996,224,1,TRUE
tt7107518,853,856,The Standups,2017,"",6.7/10,55/100,1,0,0,0,1,6.7,6.6,1544,tvSeries,Exact (title + year),-0.100000000000001,6.7,993,-0.100000000000001,551,1,TRUE
tt7108184,4212,4508,Tokyo Vampire Hotel,2018,"",6.1/10,37/100,0,0,1,0,1,6.1,6.3,797,tvMiniSeries,"Fuzzy (title exact, year +-1)",0.2,6.4,470,-0.100000000000001,327,1,TRUE
tt7112114,2918,3041,Nosotros los Guapos,2016,13+,5.9/10,47/100,0,1,0,0,1,5.9,7.3,277,tvSeries,Exact (title + year),1.4,7.5,62,-0.2,215,1,TRUE
tt7119406,3362,3495,Asia's Underworld,2012,"","",14/100,0,1,1,0,1,,6.6,12,tvSeries,"Fuzzy (title exact, year +-1)",,6.8,6,-0.2,6,2,FALSE
tt7120662,101,102,Derry Girls,2018,16+,8.4/10,81/100,1,0,0,0,1,8.4,8.5,78838,tvSeries,Exact (title + year),0.0999999999999996,8.4,23427,0.0999999999999996,55411,1,TRUE
tt7128052,1928,1938,The Governor,2016,"","",14/100,1,0,0,0,1,,5.3,129,tvSeries,Exact (title + year),,7.3,82,-2,47,1,TRUE
tt7131682,1862,1870,Against the Tide,2014,"",7.6/10,31/100,1,0,0,0,1,7.6,7.9,20,tvSeries,Exact (title + year),0.300000000000001,7.6,10,0.300000000000001,10,1,TRUE
tt7131688,1853,1861,The Dream Job,2016,"",6.1/10,31/100,1,0,0,0,1,6.1,6.7,20,tvSeries,Exact (title + year),0.600000000000001,6.1,12,0.600000000000001,8,1,TRUE
tt7131690,1871,1879,Yours Fatefully,2012,"",6.6/10,30/100,1,0,0,0,1,6.6,7.2,18,tvSeries,Exact (title + year),0.600000000000001,6.6,10,0.600000000000001,8,1,TRUE
tt7131694,1830,1838,The Truth Seekers,2016,"",7.1/10,33/100,1,0,0,0,1,7.1,7.1,26,tvSeries,Exact (title + year),0,7.1,15,0,11,1,TRUE
tt7131720,648,651,Kakegurui,2017,16+,7.2/10,60/100,1,0,0,0,1,7.2,7.1,17740,tvSeries,Exact (title + year),-0.100000000000001,7.2,5831,-0.100000000000001,11909,1,TRUE
tt7132032,3904,4176,American Ripper,2017,16+,6.3/10,47/100,0,0,1,0,1,6.3,6.2,806,tvMiniSeries,Exact (title + year),-0.0999999999999996,6.3,597,-0.0999999999999996,209,1,TRUE
tt7134908,38,39,Elite,2018,18+,7.5/10,86/100,1,0,0,0,1,7.5,7.1,102669,tvSeries,Exact (title + year),-0.4,7.5,53841,-0.4,48828,1,TRUE
tt7137906,43,44,When They See Us,2019,18+,8.9/10,86/100,1,0,0,0,1,8.9,8.8,160440,tvMiniSeries,Exact (title + year),-0.0999999999999996,8.9,99840,-0.0999999999999996,60600,1,TRUE
tt7146600,714,717,Börü,2018,18+,8.2/10,58/100,1,0,0,0,1,8.2,8.1,9317,tvSeries,Exact (title + original-language year),-0.0999999999999996,8.2,6530,-0.0999999999999996,2787,1,TRUE
tt7150060,2696,2801,Find Me in Paris,2018,all,7.2/10,54/100,0,1,0,0,1,7.2,6.9,1838,tvSeries,Exact (title + year),-0.3,7.2,817,-0.3,1021,1,TRUE
tt7153034,446,448,The Bureau of Magical Things,2018,7+,6.7/10,65/100,1,0,0,0,1,6.7,6.9,3700,tvSeries,Exact (title + year),0.2,6.7,1001,0.2,2699,1,TRUE
tt7153382,4463,4765,The Hollywood Puppet Show,2017,16+,6.2/10,27/100,0,0,1,0,1,6.2,5.8,36,tvSeries,Exact (title + year),-0.4,6.2,21,-0.4,15,1,TRUE
tt7157494,2705,2810,Kiri,2018,"",6.7/10,54/100,0,1,0,0,1,6.7,6.7,3330,tvMiniSeries,Exact (title + original-language year),0,6.7,2080,0,1250,1,TRUE
tt7158574,3949,4226,Love and Lies,2017,16+,6.1/10,45/100,0,0,1,0,1,6.1,6.2,1116,tvMiniSeries,Exact (title + year),0.100000000000001,6.1,458,0.100000000000001,658,1,TRUE
tt7158972,1645,1651,Fugitiva,2018,18+,5.7/10,39/100,1,0,0,0,1,5.7,5.6,836,tvSeries,Exact (title + year),-0.100000000000001,5.7,566,-0.100000000000001,270,1,TRUE
tt7161104,3897,4169,Welcome to the Ballroom,2017,16+,7.8/10,47/100,0,0,1,0,1,7.8,7.8,1148,tvSeries,Exact (title + year),0,7.9,481,-0.100000000000001,667,1,TRUE
tt7161218,1661,1667,ID-0,2017,16+,6.1/10,39/100,1,0,0,0,1,6.1,6,408,tvMiniSeries,Exact (title + year),-0.0999999999999996,6.1,280,-0.0999999999999996,128,1,TRUE
tt7161312,3544,3730,Informer,2018,18+,7.8/10,68/100,0,0,1,0,1,7.8,7.8,7097,tvSeries,Exact (title + year),0,7.8,4979,0,2118,1,TRUE
tt7162434,1861,1869,Magic Cellphone,2016,"",3.9/10,31/100,1,0,0,0,1,3.9,4,33,tvSeries,Exact (title + year),0.1,4.1,16,-0.0999999999999996,17,1,TRUE
tt7162436,1925,1935,Under the Black Moonlight,2016,"","",16/100,1,0,0,0,1,,4.7,75,tvMiniSeries,Exact (title + year),,4.8,43,-0.0999999999999996,32,1,TRUE
tt7165904,5154,5488,Big City Greens,2018,7+,7.2/10,55/100,0,0,0,1,1,7.2,7.6,4730,tvSeries,Exact (title + year),0.399999999999999,7.2,1246,0.399999999999999,3484,1,TRUE
tt7166296,1738,1746,Rimba Racer,2015,"",8.2/10,36/100,1,0,0,0,1,8.2,8.4,108,tvSeries,Exact (title + year),0.200000000000001,8.2,61,0.200000000000001,47,1,TRUE
tt7172230,1622,1628,Yummy Mummies,2017,7+,4.1/10,40/100,1,0,0,0,1,4.1,4.3,770,tvSeries,Exact (title + year),0.2,4.1,605,0.2,165,1,TRUE
tt7177890,3520,3691,Tell Me Your Secrets,2021,18+,7.4/10,72/100,0,0,1,0,1,7.4,7.3,12595,tvSeries,Exact (title + year),-0.100000000000001,7.4,6006,-0.100000000000001,6589,1,TRUE
tt7178034,1434,1440,The Hollywood Masters,2017,"",7.3/10,44/100,1,0,0,0,1,7.3,7.3,104,tvSeries,Exact (title + year),0,7.2,70,0.0999999999999996,34,1,TRUE
tt7183074,693,696,The Good Cop,2018,16+,7.1/10,58/100,1,0,0,0,1,7.1,7,7938,tvSeries,Exact (title + year),-0.0999999999999996,7,5071,0,2867,1,TRUE
tt7183310,1758,1766,"Heidi, bienvenida a casa",2017,"",6.1/10,36/100,1,0,0,0,1,6.1,7.5,44,tvSeries,Exact (title + year),1.4,6.1,18,1.4,26,1,TRUE
tt7186588,2224,2276,I Am the Night,2019,18+,7.0/10,69/100,0,1,0,0,1,7,6.9,9081,tvSeries,Exact (title + year),-0.0999999999999996,7,7205,-0.0999999999999996,1876,1,TRUE
tt7187044,3506,3673,City on a Hill,2019,18+,7.6/10,74/100,0,0,1,0,1,7.6,7.6,17232,tvSeries,Exact (title + year),0,7.6,9054,0,8178,1,TRUE
tt7188736,1640,1646,Ask the Doctor,2017,"",6.6/10,39/100,1,0,0,0,1,6.6,6.5,323,tvSeries,Exact (title + year),-0.0999999999999996,6.6,240,-0.0999999999999996,83,1,TRUE
tt7192414,1794,1802,Luo Bao Bei,2018,all,7.6/10,34/100,1,0,0,0,1,7.6,7.9,61,tvSeries,"Fuzzy (title exact, year +-1)",0.300000000000001,7.5,25,0.4,36,1,TRUE
tt7197684,550,553,Suburra: Blood on Rome,2017,18+,7.9/10,62/100,1,0,0,0,1,7.9,7.9,18171,tvSeries,Exact (title + year),0,7.9,12673,0,5498,1,TRUE
tt7204366,1454,1460,A Little Help with Carol Burnett,2018,"",6.2/10,43/100,1,0,0,0,1,6.2,6.1,274,tvSeries,Exact (title + year),-0.100000000000001,6.3,211,-0.2,63,1,TRUE
tt7211600,1385,1390,Lost Song,2018,16+,7.2/10,45/100,1,0,0,0,1,7.2,6.8,536,tvSeries,Exact (title + year),-0.4,7.2,318,-0.4,218,1,TRUE
tt7214622,2686,2791,The Lowe Files,2017,7+,6.9/10,54/100,0,1,1,0,1,6.9,6.9,492,tvSeries,Exact (title + year),0,6.9,387,0,105,2,FALSE
tt7216288,1608,1614,Robot Trains,2017,all,6.2/10,40/100,1,0,1,0,1,6.2,5.4,170,tvSeries,Exact (title + year),-0.8,6.1,64,-0.699999999999999,106,2,FALSE
tt7218736,1250,1253,AMO,2018,18+,6.5/10,47/100,1,0,0,0,1,6.5,6.5,466,tvMiniSeries,"Fuzzy (title exact, year +-1)",0,6.5,375,0,91,1,TRUE
tt7221388,21,22,Cobra Kai,2018,16+,8.6/10,89/100,1,0,0,0,1,8.6,8.4,245174,tvSeries,Exact (title + year),-0.199999999999999,8.6,119657,-0.199999999999999,125517,1,TRUE
tt7222086,3566,3760,Made In Abyss,2017,18+,8.4/10,65/100,0,0,1,0,1,8.4,8.3,21877,tvSeries,Exact (title + year),-0.0999999999999996,8.4,7092,-0.0999999999999996,14785,1,TRUE
tt7227748,4392,4692,Outsmarted,2017,"",7.7/10,31/100,0,0,1,0,1,7.7,7.7,23,tvSeries,Exact (title + year),0,7.7,21,0,2,1,TRUE
tt7235406,2582,2681,The Four: Battle for Stardom,2018,"",4.3/10,57/100,0,1,0,0,1,4.3,4.3,843,tvSeries,Exact (title + year),0,4.3,778,0,65,1,TRUE
tt7239256,994,997,Zumbo's Just Desserts,2016,7+,6.9/10,52/100,1,0,0,0,1,6.9,6.9,2434,tvSeries,Exact (title + year),0,6.9,1904,0,530,1,TRUE
tt7242816,2301,2363,Harrow,2018,"",7.6/10,66/100,0,1,0,0,1,7.6,7.5,11971,tvSeries,Exact (title + year),-0.0999999999999996,7.6,5946,-0.0999999999999996,6025,1,TRUE
tt7249258,5241,5585,Marvel's Ant-Man,2017,"",6.6/10,46/100,0,0,0,1,1,6.6,6.3,837,tvMiniSeries,"Fuzzy (prefix stripped, exact year)",-0.3,6.6,330,-0.3,507,1,TRUE
tt7252812,2655,2757,90 Day Fiancé: Before the 90 Days,2017,16+,6.8/10,55/100,0,1,0,0,1,6.8,6.7,1866,tvSeries,Exact (title + year),-0.0999999999999996,6.8,730,-0.0999999999999996,1136,1,TRUE
tt7255502,85,86,The Kominsky Method,2018,18+,8.2/10,82/100,1,0,0,0,1,8.2,8.2,47463,tvSeries,Exact (title + year),0,8.2,30079,0,17384,1,TRUE
tt7256332,4486,4788,Rakuen Miyoshi Kazuyoshi to meguru rakuen no tabi,2016,"",4.8/10,24/100,0,0,1,0,1,4.8,6.4,12,tvSeries,Exact (title + year),1.6,4.8,6,1.6,6,1,TRUE
tt7256504,3927,4202,Tokyo Girl,2016,"",7.9/10,46/100,0,0,1,0,1,7.9,8,889,tvMiniSeries,Exact (title + year),0.0999999999999996,7.9,587,0.0999999999999996,302,1,TRUE
tt7259746,139,140,Queer Eye,2018,16+,8.5/10,78/100,1,0,0,0,1,8.5,8.5,22482,tvSeries,Exact (title + year),0,8.5,15831,0,6651,1,TRUE
tt7263154,458,460,Undercover,2019,18+,7.8/10,64/100,1,0,1,0,1,7.8,7.8,22688,tvSeries,Exact (title + year),0,7.8,12255,0,10433,2,FALSE
tt7264084,1509,1515,Sunny Bunnies,2015,all,6.8/10,42/100,1,0,0,0,1,6.8,6,186,tvSeries,Exact (title + year),-0.8,6.9,68,-0.9,118,1,TRUE
tt7269100,3661,3884,Laakhon Mein Ek,2017,16+,8.2/10,58/100,0,0,1,0,1,8.2,8.1,4238,tvSeries,Exact (title + year),-0.0999999999999996,8.3,3619,-0.200000000000001,619,1,TRUE
tt7274440,4017,4300,Big Pacific,2017,all,8.4/10,43/100,0,0,1,0,1,8.4,8.2,232,tvMiniSeries,Exact (title + year),-0.200000000000001,8.3,153,-0.100000000000001,79,1,TRUE
tt7278588,855,858,Because This Is My First Life,2017,16+,8.1/10,55/100,1,0,0,0,1,8.1,8,11255,tvSeries,Exact (title + year),-0.0999999999999996,8.1,3009,-0.0999999999999996,8246,1,TRUE
tt7292950,2967,3092,All Night,2018,16+,5.9/10,45/100,0,1,0,0,1,5.9,6,705,tvSeries,Exact (title + year),0.0999999999999996,5.8,528,0.2,177,1,TRUE
tt7293016,2844,2960,The Murder of Laci Peterson,2017,16+,7.4/10,49/100,0,1,1,0,1,7.4,7.3,1610,tvSeries,Exact (title + year),-0.100000000000001,7.4,789,-0.100000000000001,821,2,FALSE
tt7293754,1706,1712,Fire Chasers,2017,"",6.6/10,37/100,1,0,0,0,1,6.6,6.6,447,tvMiniSeries,Exact (title + year),0,6.6,324,0,123,1,TRUE
tt7298976,482,485,Black,2017,16+,8.0/10,63/100,1,0,0,0,1,8,7.8,5029,tvSeries,Exact (title + year),-0.2,8,2997,-0.2,2032,1,TRUE
tt7306056,421,423,Wormwood,2017,16+,7.0/10,65/100,1,0,0,0,1,7,7,5115,tvMiniSeries,Exact (title + year),0,7,3779,0,1336,1,TRUE
tt7317178,1636,1642,Chosen,2018,"",5.5/10,39/100,1,0,1,0,1,5.5,5.3,149,tvSeries,Exact (title + year),-0.2,5.5,114,-0.2,35,2,FALSE
tt7317360,3211,3343,Cuomo Prime Time,2017,"",4.2/10,33/100,0,1,0,0,1,4.2,4.6,549,tvSeries,Exact (title + year),0.399999999999999,4.4,383,0.199999999999999,166,1,TRUE
tt7319282,4374,4673,Making It in Music City,2017,"",7.3/10,32/100,0,0,1,0,1,7.3,7.4,229,tvMiniSeries,Exact (title + year),0.100000000000001,7.2,64,0.2,165,1,TRUE
tt7320300,513,516,The Letdown,2017,"",7.5/10,63/100,1,0,0,0,1,7.5,7.4,4438,tvSeries,Exact (title + year),-0.0999999999999996,7.5,2837,-0.0999999999999996,1601,1,TRUE
tt7322210,623,626,The Eddy,2020,18+,7.2/10,60/100,1,0,0,0,1,7.2,7.1,3476,tvMiniSeries,Exact (title + year),-0.100000000000001,7.2,2570,-0.100000000000001,906,1,TRUE
tt7325262,1726,1734,Fifty,2017,"",8.3/10,37/100,1,0,0,0,1,8.3,8.5,44,tvSeries,Exact (title + year),0.199999999999999,8.3,31,0.199999999999999,13,1,TRUE
tt7334894,941,944,The Day I Met El Chapo: The Kate del Castillo Story,2017,18+,6.9/10,53/100,1,0,0,0,1,6.9,6.8,1265,tvSeries,Exact (title + year),-0.100000000000001,6.9,971,-0.100000000000001,294,1,TRUE
tt7335184,57,58,YOU,2018,18+,7.7/10,85/100,1,0,0,0,1,7.7,7.6,372752,tvSeries,Exact (title + year),-0.100000000000001,7.7,153777,-0.100000000000001,218975,1,TRUE
tt7336778,4067,4353,Comicstaan,2018,18+,6.8/10,41/100,0,0,1,0,1,6.8,6.9,2705,tvSeries,Exact (title + year),0.100000000000001,6.8,1952,0.100000000000001,753,1,TRUE
tt7338878,4974,5293,Sirenetta & the Second Star,2017,"","",10/100,0,0,1,0,1,,4.8,16,tvMiniSeries,Exact (title + year),,5,7,-0.2,9,1,TRUE
tt7340738,517,520,Quicksand,2019,18+,7.5/10,63/100,1,0,0,0,1,7.5,7.4,29094,tvMiniSeries,Exact (title + year),-0.0999999999999996,,,,,1,TRUE
tt7340800,1507,1513,Revolutionary Love,2017,7+,7.1/10,42/100,1,0,0,0,1,7.1,6.8,958,tvSeries,Exact (title + year),-0.3,7,508,-0.2,450,1,TRUE
tt7343832,990,993,Neo Yokio,2017,18+,5.9/10,52/100,1,0,0,0,1,5.9,6,3750,tvMiniSeries,Exact (title + year),0.0999999999999996,5.8,3115,0.2,635,1,TRUE
tt7344644,4232,4528,If You Give a Mouse a Cookie,2015,7+,6.4/10,37/100,0,0,1,0,1,6.4,6.6,295,tvSeries,Exact (title + year),0.199999999999999,6.4,124,0.199999999999999,171,1,TRUE
tt7345688,3280,3413,On the Run Eating,2018,7+,"",25/100,0,1,0,0,1,,4.6,14,tvSeries,Exact (title + year),,,,,,1,TRUE
tt7349460,2849,2966,Snake City,2014,16+,8.6/10,49/100,0,1,0,0,1,8.6,8.3,365,tvSeries,Exact (title + year),-0.299999999999999,8.6,211,-0.299999999999999,154,1,TRUE
tt7349602,416,418,The Confession Tapes,2017,16+,7.5/10,65/100,1,0,0,0,1,7.5,7.5,5996,tvSeries,Exact (title + year),0,7.5,4949,0,1047,1,TRUE
tt7350790,3869,4137,Bounty Hunters,2017,"",6.0/10,48/100,0,0,1,0,1,6,6.1,762,tvSeries,Exact (title + year),0.0999999999999996,6,577,0.0999999999999996,185,1,TRUE
tt7356518,1620,1626,Black Crows,2018,18+,5.6/10,40/100,1,0,0,0,1,5.6,5.6,402,tvSeries,"Fuzzy (title exact, year +-1)",0,5.6,229,0,173,1,TRUE
tt7369770,3005,3132,Ellen's Game of Games,2017,7+,4.9/10,44/100,0,1,0,0,1,4.9,5.3,1107,tvSeries,Exact (title + year),0.399999999999999,4.9,917,0.399999999999999,190,1,TRUE
tt7371666,377,379,1983,2018,18+,6.8/10,67/100,1,0,0,0,1,6.8,6.7,4470,tvSeries,Exact (title + year),-0.0999999999999996,6.8,3809,-0.0999999999999996,661,1,TRUE
tt7371868,548,551,Pine Gap,2018,16+,7.2/10,62/100,1,0,0,0,1,7.2,7.2,8117,tvMiniSeries,Exact (title + year),0,7.2,4012,0,4105,1,TRUE
tt7371896,607,610,Traitors,2019,18+,6.6/10,61/100,1,0,0,0,1,6.6,6.6,4349,tvSeries,Exact (title + year),0,6.6,2446,0,1903,1,TRUE
tt7395798,3247,3379,Page Six TV,2017,7+,4.4/10,30/100,0,1,0,0,1,4.4,5.4,37,tvSeries,Exact (title + year),1,4.4,25,1,12,1,TRUE
tt7397944,4266,4562,Grand Tours of Scotland's Lochs,2017,"",8.4/10,36/100,0,0,1,0,1,8.4,8.2,82,tvSeries,Exact (title + year),-0.200000000000001,8.4,38,-0.200000000000001,44,1,TRUE
tt7411098,2706,2811,Baghdad Central,2020,"",7.3/10,54/100,0,1,0,0,1,7.3,7.3,1978,tvSeries,Exact (title + year),0,7.3,1281,0,697,1,TRUE
tt7411444,2516,2611,Hang Ups,2018,"",6.5/10,59/100,0,1,0,0,1,6.5,6.4,983,tvSeries,Exact (title + year),-0.0999999999999996,6.4,772,0,211,1,TRUE
tt7412482,2335,2401,The First,2018,18+,6.7/10,65/100,0,1,0,0,1,6.7,6.6,8559,tvSeries,Exact (title + year),-0.100000000000001,6.7,7243,-0.100000000000001,1316,1,TRUE
tt7413448,2220,2272,Pretty Little Liars: The Perfectionists,2019,16+,7.0/10,69/100,0,1,0,0,1,7,6.8,7218,tvSeries,Exact (title + year),-0.2,7.1,4379,-0.3,2839,1,TRUE
tt7414406,131,132,All American,2018,16+,7.7/10,79/100,1,0,0,0,1,7.7,7.6,16730,tvSeries,Exact (title + year),-0.100000000000001,7.7,6863,-0.100000000000001,9867,1,TRUE
tt7414954,959,962,Diablero,2018,16+,6.7/10,53/100,1,0,0,0,1,6.7,6.8,3016,tvSeries,Exact (title + original-language year),0.0999999999999996,6.7,2276,0.0999999999999996,740,1,TRUE
tt7415066,1170,1173,SWORD GAI: The Animation,2018,18+,5.9/10,49/100,1,0,0,0,1,5.9,5.7,1266,tvSeries,Exact (title + year),-0.2,5.9,828,-0.2,438,1,TRUE
tt7422812,2826,2940,Sherman's Showcase,2019,18+,6.4/10,50/100,0,1,0,0,1,6.4,7.1,533,tvSeries,Exact (title + year),0.699999999999999,6.4,237,0.699999999999999,296,1,TRUE
tt7423322,5096,5424,The Right Stuff,2020,16+,6.8/10,64/100,0,0,0,1,1,6.8,6.8,4487,tvSeries,Exact (title + year),0,6.8,3046,0,1441,1,TRUE
tt7423538,241,242,Ratched,2020,18+,7.3/10,72/100,1,0,0,0,1,7.3,7.2,80116,tvSeries,Exact (title + year),-0.0999999999999996,7.3,43389,-0.0999999999999996,36727,1,TRUE
tt7428106,1277,1280,My Dead Ex,2018,"",7.2/10,47/100,1,0,0,0,1,7.2,7.3,692,tvSeries,Exact (title + year),0.0999999999999996,7.2,347,0.0999999999999996,345,1,TRUE
tt7429056,3341,3474,A Murder on Orchard Street,2017,"","",16/100,0,1,0,0,1,,7,10,tvMiniSeries,Exact (title + year),,6.8,8,0.2,2,1,TRUE
tt7439546,2979,3104,Genius Junior,2018,all,7.6/10,45/100,0,1,0,0,1,7.6,7.7,105,tvSeries,Exact (title + year),0.100000000000001,7.6,77,0.100000000000001,28,1,TRUE
tt7440274,857,860,Medal of Honor,2018,16+,8.4/10,55/100,1,0,1,0,1,8.4,8.2,2123,tvSeries,Exact (title + year),-0.200000000000001,8.4,1473,-0.200000000000001,650,2,FALSE
tt7440732,2338,2405,The Kids Are Alright,2018,7+,7.9/10,64/100,0,1,0,0,1,7.9,7.9,3927,tvSeries,Exact (title + year),0,7.9,3049,0,878,1,TRUE
tt7441658,2142,2183,Black Clover,2017,16+,8.3/10,73/100,0,1,0,0,1,8.3,8.2,50770,tvSeries,Exact (title + year),-0.100000000000001,8.3,12184,-0.100000000000001,38586,1,TRUE
tt7453996,747,750,Jack Whitehall: Travels with My Father,2017,18+,7.7/10,57/100,1,0,0,0,1,7.7,7.6,6383,tvSeries,Exact (title + year),-0.100000000000001,7.7,4159,-0.100000000000001,2224,1,TRUE
tt7456722,3529,3705,Hunters,2020,18+,7.2/10,70/100,0,0,1,0,1,7.2,7.2,57412,tvSeries,Exact (title + year),0,7.2,33163,0,24249,1,TRUE
tt7462524,4428,4729,Ritual,2017,"",7.7/10,29/100,0,0,1,0,1,7.7,7.7,11,tvSeries,Exact (title + year),0,7.7,6,0,5,1,TRUE
tt7472896,1993,2014,Mr Inbetween,2018,18+,8.6/10,83/100,0,1,0,0,1,8.6,8.7,52923,tvSeries,Exact (title + year),0.0999999999999996,8.5,7240,0.199999999999999,45683,1,TRUE
tt7474942,3851,4112,Girls' Last Tour,2017,16+,7.7/10,49/100,0,0,1,0,1,7.7,7.8,2351,tvMiniSeries,Exact (title + year),0.0999999999999996,7.7,841,0.0999999999999996,1510,1,TRUE
tt7484994,1029,1032,Children of the Whales,2017,16+,7.1/10,52/100,1,0,0,0,1,7.1,7,2103,tvMiniSeries,Exact (title + year),-0.0999999999999996,7.1,1367,-0.0999999999999996,736,1,TRUE
tt7488702,1511,1517,The Who Was? Show,2018,"",6.8/10,42/100,1,0,0,0,1,6.8,6.9,836,tvSeries,Exact (title + year),0.100000000000001,6.8,547,0.100000000000001,289,1,TRUE
tt7490342,1551,1557,Welcome to the Family,2018,16+,6.7/10,41/100,1,0,0,0,1,6.7,6.7,618,tvSeries,Exact (title + year),0,6.7,378,0,240,1,TRUE
tt7492122,1888,1896,Kibaoh Klashers,2017,7+,6.3/10,27/100,1,0,0,0,1,6.3,7.6,55,tvSeries,Exact (title + year),1.3,6.3,13,1.3,42,1,TRUE
tt7493974,76,77,Bodyguard,2018,18+,8.1/10,83/100,1,0,0,0,1,8.1,8,172043,tvMiniSeries,Exact (title + year),-0.0999999999999996,8.1,100802,-0.0999999999999996,71241,1,TRUE
tt7494116,3171,3302,"Bad Habits, Holy Orders",2017,"",7.0/10,36/100,0,1,0,0,1,7,7.4,81,tvSeries,Exact (title + year),0.4,7,47,0.4,34,1,TRUE
tt7497198,4635,4949,Woodwalkers,2017,"","",14/100,0,0,1,0,1,,7.4,14,tvSeries,Exact (title + year),,7.4,13,0,1,1,TRUE
tt7507476,3064,3192,Jamie's Quick & Easy Food,2017,all,8.4/10,41/100,0,1,0,0,1,8.4,8.1,144,tvSeries,Exact (title + year),-0.300000000000001,8.3,90,-0.200000000000001,54,1,TRUE
tt7509270,2728,2833,"I Love You, America",2017,18+,5.7/10,53/100,0,1,0,0,1,5.7,6.3,1443,tvSeries,Exact (title + year),0.6,5.7,1172,0.6,271,1,TRUE
tt7510930,1621,1627,Ainori Love Wagon: Asian Journey,2017,"",6.9/10,40/100,1,0,0,0,1,6.9,7,376,tvSeries,Exact (title + year),0.0999999999999996,7,236,0,140,1,TRUE
tt7513452,3870,4138,Just Because!,2017,7+,6.9/10,48/100,0,0,1,0,1,6.9,6.9,1239,tvMiniSeries,Exact (title + year),0,6.9,495,0,744,1,TRUE
tt7514746,868,871,Ultraviolet,2017,18+,7.0/10,55/100,1,1,0,0,1,7,6.8,1803,tvSeries,Exact (title + year),-0.2,7,1408,-0.2,395,2,FALSE
tt7518558,1347,1351,The Big Family Cooking Showdown,2017,7+,7.0/10,45/100,1,0,0,0,1,7,7,808,tvSeries,Exact (title + year),0,7,578,0,230,1,TRUE
tt7520794,89,90,Russian Doll,2019,18+,7.9/10,82/100,1,0,0,0,1,7.9,7.7,116790,tvSeries,Exact (title + year),-0.2,7.9,70851,-0.2,45939,1,TRUE
tt7533146,4115,4408,Barbie Dreamtopia,2017,all,6.1/10,40/100,0,0,1,0,1,6.1,6.1,112,tvSeries,Exact (title + year),0,6.1,37,0,75,1,TRUE
tt7539608,1196,1199,Trolls: The Beat Goes On!,2018,all,5.9/10,48/100,1,0,0,0,1,5.9,6,1174,tvSeries,Exact (title + year),0.0999999999999996,5.9,698,0.0999999999999996,476,1,TRUE
tt7552556,245,246,Evil Genius,2018,18+,7.5/10,72/100,1,0,0,0,1,7.5,7.6,751,tvSeries,"Fuzzy (title exact, year +-1)",0.0999999999999996,7.8,500,-0.2,251,1,TRUE
tt7555294,561,564,L.A.'s Finest,2019,16+,6.0/10,62/100,1,0,0,0,1,6,6.2,8964,tvSeries,Exact (title + year),0.2,6,4874,0.2,4090,1,TRUE
tt7557574,3923,4198,The Eleven,2017,16+,6.8/10,46/100,0,0,1,0,1,6.8,6.7,475,tvSeries,Exact (title + year),-0.0999999999999996,6.7,258,0,217,1,TRUE
tt7558708,3915,4190,The Gymkhana Files,2018,18+,7.9/10,46/100,0,0,1,0,1,7.9,7.8,552,tvSeries,Exact (title + year),-0.100000000000001,7.9,365,-0.100000000000001,187,1,TRUE
tt7562112,75,76,Pose,2018,18+,8.6/10,83/100,1,0,0,0,1,8.6,8.6,36882,tvSeries,Exact (title + year),0,8.6,22054,0,14828,1,TRUE
tt7569592,117,118,Chilling Adventures of Sabrina,2018,16+,7.5/10,80/100,1,0,0,0,1,7.5,7.4,119766,tvSeries,Exact (title + year),-0.0999999999999996,7.5,81283,-0.0999999999999996,38483,1,TRUE
tt7570990,1906,1914,Beyond Stranger Things,2017,"","",20/100,1,0,0,0,1,,7.3,2505,tvSeries,Exact (title + year),,7.5,1784,-0.2,721,1,TRUE
tt7573024,957,960,Creeped Out,2017,7+,6.6/10,53/100,1,0,0,0,1,6.6,6.6,3034,tvSeries,Exact (title + year),0,6.6,1507,0,1527,1,TRUE
tt7586268,3312,3445,WildWoods,2017,"","",19/100,0,1,0,0,1,,9,21,tvSeries,Exact (title + year),,8.8,11,0.199999999999999,10,1,TRUE
tt7587362,2374,2446,Four Weddings and a Funeral,2019,18+,7.2/10,63/100,0,1,0,0,1,7.2,7.2,6877,tvMiniSeries,Exact (title + year),0,7.2,4616,0,2261,1,TRUE
tt7587890,2131,2170,The Rookie,2018,16+,8.0/10,73/100,0,1,0,1,1,8,8,132372,tvSeries,Exact (title + year),0,8,23669,0,108703,2,FALSE
tt7588054,298,300,"Roswell, New Mexico",2019,16+,6.2/10,70/100,1,0,0,0,1,6.2,6.4,15297,tvSeries,Exact (title + year),0.2,6.2,9419,0.2,5878,1,TRUE
tt7591766,4371,4670,UQ Holder!,2017,"","",32/100,0,0,1,0,1,,6.5,665,tvMiniSeries,Exact (title + year),,6.9,194,-0.4,471,1,TRUE
tt7596008,1041,1044,Trump: An American Dream,2017,"",7.2/10,51/100,1,0,0,0,1,7.2,7.2,5240,tvMiniSeries,Exact (title + year),0,7.2,3742,0,1498,1,TRUE
tt7603386,1194,1197,Hot Date,2017,16+,7.1/10,48/100,1,0,1,0,1,7.1,7.1,707,tvSeries,Exact (title + year),0,7.2,554,-0.100000000000001,153,2,FALSE
tt7605396,762,765,The Twelve,2019,16+,7.5/10,57/100,1,0,0,0,1,7.5,7.4,7214,tvSeries,Exact (title + year),-0.0999999999999996,7.5,4239,-0.0999999999999996,2975,1,TRUE
tt7608238,639,642,Wanderlust,2018,16+,7.1/10,60/100,1,0,0,0,1,7.1,7,6495,tvSeries,Exact (title + year),-0.0999999999999996,7.1,4713,-0.0999999999999996,1782,1,TRUE
tt7608248,2192,2241,A Million Little Things,2018,16+,7.9/10,70/100,0,1,0,0,1,7.9,7.9,18545,tvSeries,Exact (title + year),0,7.9,9572,0,8973,1,TRUE
tt7619858,675,678,The Final Table,2018,all,7.7/10,59/100,1,0,0,0,1,7.7,7.6,5272,tvSeries,Exact (title + year),-0.100000000000001,7.7,3485,-0.100000000000001,1787,1,TRUE
tt7622902,761,764,Prison Playbook,2017,"",8.4/10,57/100,1,0,0,0,1,8.4,8.3,6392,tvSeries,Exact (title + year),-0.0999999999999996,8.4,1996,-0.0999999999999996,4396,1,TRUE
tt7631146,2208,2258,The Split,2018,18+,7.7/10,69/100,0,1,0,0,1,7.7,7.9,12833,tvSeries,Exact (title + year),0.2,7.7,4104,0.2,8729,1,TRUE
tt7634698,5001,5320,Model Diaries,2017,"","",10/100,0,0,1,0,1,,7.6,15,tvSeries,Exact (title + year),,8.5,6,-0.9,9,1,TRUE
tt7635022,4315,4613,Inside the Tube: Going Underground,2017,"",8.2/10,34/100,0,0,1,0,1,8.2,8.7,23,tvSeries,Exact (title + year),0.5,8.2,14,0.5,9,1,TRUE
tt7639280,917,920,Man Like Mobeen,2017,18+,8.0/10,53/100,1,0,0,0,1,8,8,4318,tvSeries,Exact (title + year),0,8,1885,0,2433,1,TRUE
tt7644680,1057,1060,Shot in the Dark,2017,18+,8.3/10,51/100,1,0,0,0,1,8.3,7.9,2165,tvSeries,Exact (title + year),-0.4,8,1617,-0.0999999999999996,548,1,TRUE
tt7645192,426,428,Baby,2018,18+,6.8/10,65/100,1,0,0,0,1,6.8,6.9,15832,tvSeries,Exact (title + year),0.100000000000001,6.8,9073,0.100000000000001,6759,1,TRUE
tt7649694,2080,2115,Ramy,2019,18+,8.1/10,76/100,0,1,0,0,1,8.1,8,18010,tvSeries,Exact (title + year),-0.0999999999999996,8.1,11264,-0.0999999999999996,6746,1,TRUE
tt7651892,5070,5394,One Strange Rock,2018,all,8.8/10,74/100,0,0,0,1,1,8.8,8.7,8668,tvMiniSeries,Exact (title + year),-0.100000000000001,8.8,7085,-0.100000000000001,1583,1,TRUE
tt7653274,3615,3825,All or Nothing: Manchester City,2018,all,8.2/10,61/100,0,0,1,0,1,8.2,8.1,8231,tvMiniSeries,Exact (title + year),-0.0999999999999996,8.2,5719,-0.0999999999999996,2512,1,TRUE
tt7660730,475,477,Black Earth Rising,2018,16+,7.5/10,64/100,1,0,0,0,1,7.5,7.5,6151,tvSeries,Exact (title + year),0,7.5,4204,0,1947,1,TRUE
tt7661046,2312,2374,Dollface,2019,18+,7.4/10,66/100,0,1,0,0,1,7.4,7.3,11808,tvSeries,Exact (title + year),-0.100000000000001,7.4,5135,-0.100000000000001,6673,1,TRUE
tt7661368,1365,1369,All About the Washingtons,2018,all,4.5/10,45/100,1,0,0,0,1,4.5,4.9,848,tvSeries,Exact (title + year),0.4,4.5,626,0.4,222,1,TRUE
tt7661472,1457,1463,Barbie Dreamhouse Adventures,2018,all,6.8/10,43/100,1,0,0,0,1,6.8,6.7,956,tvSeries,Exact (title + year),-0.0999999999999996,6.8,393,-0.0999999999999996,563,1,TRUE
tt7661932,3172,3303,Woman,2016,18+,7.3/10,36/100,0,1,0,0,1,7.3,6.7,2063,tvSeries,"Fuzzy (title exact, year +-1)",-0.6,6.7,1029,0,1034,1,TRUE
tt7667038,1543,1549,Serial Killer with Piers Morgan,2017,"",3.8/10,41/100,1,0,0,0,1,3.8,3.9,1514,tvSeries,Exact (title + original-language year),0.1,3.8,1287,0.1,227,1,TRUE
tt7668518,564,567,The Protector,2018,18+,6.7/10,61/100,1,0,0,0,1,6.7,6.4,37934,tvSeries,Exact (title + year),-0.3,6.7,32645,-0.3,5289,1,TRUE
tt7670096,4420,4721,Millenniums,2018,"",6.2/10,30/100,0,0,1,0,1,6.2,6.3,63,tvSeries,Exact (title + year),0.0999999999999996,6.2,57,0.0999999999999996,6,1,TRUE
tt7671598,287,289,Messiah,2020,18+,7.6/10,70/100,1,0,0,0,1,7.6,7.6,49936,tvSeries,Exact (title + year),0,7.6,39272,0,10664,1,TRUE
tt7678620,5077,5401,Bluey,2018,all,9.6/10,71/100,0,0,0,1,1,9.6,9.3,48648,tvSeries,Exact (title + year),-0.299999999999999,9.7,3016,-0.399999999999999,45632,1,TRUE
tt7678910,1529,1535,Agent,2019,"",7.2/10,42/100,1,0,0,0,1,7.2,7.5,98,tvSeries,Exact (title + year),0.3,7.1,64,0.4,34,1,TRUE
tt7686456,2415,2493,Jersey Shore: Family Vacation,2018,16+,6.6/10,62/100,0,1,0,0,1,6.6,6.6,2857,tvSeries,Exact (title + year),0,6.6,1447,0,1410,1,TRUE
tt7686464,2682,2786,A Christmas Carol,2019,18+,7.2/10,54/100,0,1,0,1,1,7.2,7.3,14264,tvMiniSeries,Exact (title + year),0.0999999999999996,7.2,9053,0.0999999999999996,5211,2,FALSE
tt7689460,2834,2949,Our Cartoon President,2018,16+,5.1/10,50/100,0,1,0,0,1,5.1,5.5,3989,tvSeries,Exact (title + year),0.4,5.1,3405,0.4,584,1,TRUE
tt7692572,1828,1836,Ponysitters Club,2018,all,7.1/10,33/100,1,0,0,0,1,7.1,5.9,150,tvSeries,"Fuzzy (title exact, year +-1)",-1.2,7.1,94,-1.2,56,1,TRUE
tt7697062,977,980,Glitch Techs,2020,all,7.9/10,52/100,1,0,0,0,1,7.9,7.7,2225,tvSeries,Exact (title + year),-0.2,7.9,773,-0.2,1452,1,TRUE
tt7699866,1514,1520,Simon,2016,all,7.3/10,42/100,1,0,0,0,1,7.3,6.7,190,tvSeries,Exact (title + year),-0.6,7.3,97,-0.6,93,1,TRUE
tt7701694,1599,1605,Mob Psycho 100,2018,all,5.2/10,40/100,1,0,0,0,1,5.2,5.2,726,tvSeries,Exact (title + year),0,5.2,442,0,284,1,TRUE
tt7703440,2805,2917,Butterfly,2018,"",6.4/10,51/100,0,1,0,0,1,6.4,6.4,2056,tvMiniSeries,Exact (title + year),0,6.4,1615,0,441,1,TRUE
tt7712598,3653,3875,Blood & Treasure,2019,16+,6.7/10,58/100,0,0,1,0,1,6.7,6.8,7460,tvSeries,Exact (title + year),0.0999999999999996,6.7,3791,0.0999999999999996,3669,1,TRUE
tt7714520,4671,4987,From Beyond,2017,"","",13/100,0,0,1,0,1,,6.9,100,tvSeries,Exact (title + year),,7.1,90,-0.199999999999999,10,1,TRUE
tt7718088,289,291,Bonding,2019,18+,7.2/10,70/100,1,0,0,0,1,7.2,7.1,18907,tvSeries,"Fuzzy (title exact, year +-1)",-0.100000000000001,7.2,14110,-0.100000000000001,4797,1,TRUE
tt7726152,5288,5635,Marvel Super Hero Adventures,2017,all,6.3/10,39/100,0,0,0,1,1,6.3,5.6,257,tvMiniSeries,Exact (title + year),-0.7,6.3,94,-0.7,163,1,TRUE
tt7736544,317,319,3Below: Tales of Arcadia,2018,7+,7.7/10,69/100,1,0,0,0,1,7.7,7.6,8544,tvSeries,Exact (title + year),-0.100000000000001,7.7,4727,-0.100000000000001,3817,1,TRUE
tt7737404,3185,3316,The Grill Dads,2017,7+,7.6/10,35/100,0,1,0,0,1,7.6,7.7,41,tvSeries,Exact (title + year),0.100000000000001,7.6,32,0.100000000000001,9,1,TRUE
tt7737500,1536,1542,We Speak Dance,2018,7+,7.6/10,42/100,1,0,0,0,1,7.6,7.3,170,tvSeries,Exact (title + year),-0.3,7.6,137,-0.3,33,1,TRUE
tt7741824,437,439,The Boss Baby: Back in Business,2018,7+,6.5/10,65/100,1,0,0,0,1,6.5,6.5,5277,tvSeries,Exact (title + year),0,6.5,2664,0,2613,1,TRUE
tt7741830,1292,1295,The Epic Tales of Captain Underpants,2018,7+,6.7/10,47/100,1,0,0,0,1,6.7,6.8,1629,tvSeries,Exact (title + year),0.0999999999999996,6.7,682,0.0999999999999996,947,1,TRUE
tt7745956,177,178,She-Ra and the Princesses of Power,2018,all,7.9/10,75/100,1,0,0,0,1,7.9,8.1,22592,tvSeries,Exact (title + year),0.199999999999999,7.9,11270,0.199999999999999,11322,1,TRUE
tt7752034,584,587,Somebody Feed Phil,2018,16+,8.2/10,61/100,1,0,0,0,1,8.2,8.3,7914,tvSeries,Exact (title + year),0.100000000000001,8.2,3795,0.100000000000001,4119,1,TRUE
tt7753090,2791,2903,The Menendez Murders: Erik Tells All,2017,"",7.5/10,51/100,0,1,0,0,1,7.5,7.4,469,tvSeries,Exact (title + year),-0.0999999999999996,7.4,233,0,236,1,TRUE
tt7759016,5146,5479,Encore!,2019,7+,7.7/10,56/100,0,0,0,1,1,7.7,7.6,726,tvSeries,Exact (title + year),-0.100000000000001,7.7,546,-0.100000000000001,180,1,TRUE
tt7763662,518,521,Rotten,2018,18+,7.2/10,63/100,1,0,0,0,1,7.2,7.2,4257,tvSeries,Exact (title + year),0,7.2,3263,0,994,1,TRUE
tt7765404,3491,3651,Wayne,2019,18+,8.4/10,78/100,0,0,1,0,1,8.4,8.3,24343,tvSeries,Exact (title + year),-0.0999999999999996,8.4,11802,-0.0999999999999996,12541,1,TRUE
tt7767422,62,63,Sex Education,2019,18+,8.3/10,84/100,1,0,0,0,1,8.3,8.2,401523,tvSeries,Exact (title + year),-0.100000000000001,8.3,171410,-0.100000000000001,230113,1,TRUE
tt7768166,2533,2629,Gordon Ramsay's 24 Hours to Hell and Back,2018,16+,7.3/10,58/100,0,1,0,0,1,7.3,7.2,1730,tvSeries,Exact (title + year),-0.0999999999999996,7.3,1112,-0.0999999999999996,618,1,TRUE
tt7768848,149,150,Wild Wild Country,2018,16+,8.1/10,77/100,1,0,0,0,1,8.1,8,38945,tvMiniSeries,Exact (title + year),-0.0999999999999996,8.2,26190,-0.199999999999999,12755,1,TRUE
tt7769340,1857,1865,Jojo's World,2017,"",6.6/10,31/100,1,0,0,0,1,6.6,7.4,48,tvSeries,Exact (title + year),0.800000000000001,6.7,31,0.7,17,1,TRUE
tt7772602,303,305,In the Dark,2019,16+,7.5/10,69/100,1,0,0,0,1,7.5,7.5,16819,tvSeries,Exact (title + year),0,7.5,6694,0,10125,1,TRUE
tt7776244,1183,1186,Terrace House: Opening New Doors,2017,"",7.8/10,49/100,1,0,0,0,1,7.8,7.8,1176,tvSeries,Exact (title + year),0,7.8,847,0,329,1,TRUE
tt7785420,1232,1235,Women of the Night,2019,18+,6.2/10,48/100,1,0,0,0,1,6.2,6.3,1216,tvSeries,Exact (title + year),0.0999999999999996,6.2,724,0.0999999999999996,492,1,TRUE
tt7790776,3722,3956,Land of the Lustrous,2017,16+,8.0/10,54/100,0,0,1,0,1,8,7.9,2987,tvSeries,Exact (title + year),-0.0999999999999996,8,1040,-0.0999999999999996,1947,1,TRUE
tt7804132,797,800,The World's Most Extraordinary Homes,2017,"",7.6/10,56/100,1,0,0,0,1,7.6,7.6,3848,tvSeries,Exact (title + year),0,7.6,3052,0,796,1,TRUE
tt7804134,1665,1671,My Dear Boy,2017,"",8.0/10,39/100,1,0,0,0,1,8,7.4,115,tvSeries,Exact (title + year),-0.6,8,73,-0.6,42,1,TRUE
tt7806844,2947,3072,Hakumei and Mikochi,2018,16+,7.4/10,46/100,0,1,0,0,1,7.4,7.2,255,tvMiniSeries,Exact (title + year),-0.2,7.4,119,-0.2,136,1,TRUE
tt7808370,1253,1256,Pop Team Epic,2018,18+,6.9/10,47/100,1,0,1,0,1,6.9,6.9,1172,tvSeries,Exact (title + year),0,6.9,658,0,514,2,FALSE
tt7817340,2126,2164,New Amsterdam,2018,16+,8.1/10,74/100,0,1,0,0,1,8.1,7.9,56043,tvSeries,Exact (title + year),-0.199999999999999,8.1,26068,-0.199999999999999,29975,1,TRUE
tt7817930,2755,2865,Ruyi's Royal Love in the Palace,2018,"",7.6/10,52/100,0,1,1,0,1,7.6,7.8,1260,tvSeries,Exact (title + year),0.2,7.6,497,0.2,763,2,FALSE
tt7818356,4764,5082,Pinkfong! Animal Songs,2017,"","",13/100,0,0,1,0,1,,5.1,27,tvSeries,"Fuzzy (title exact, year +-1)",,7,7,-1.9,20,1,TRUE
tt7818362,4598,4909,Amber the Ambulance,2017,"","",14/100,0,0,1,0,1,,7.8,28,tvSeries,Exact (title + year),,7.2,22,0.6,6,1,TRUE
tt7818384,4239,4535,Dino the Dinosaur,2016,all,7.1/10,36/100,0,0,1,0,1,7.1,7.1,52,tvSeries,Exact (title + year),0,6.9,35,0.199999999999999,17,1,TRUE
tt7818686,816,819,James Acaster: Repertoire,2018,18+,8.5/10,56/100,1,0,0,0,1,8.5,8.4,4739,tvMiniSeries,Exact (title + year),-0.0999999999999996,8.5,2822,-0.0999999999999996,1917,1,TRUE
tt7820906,2267,2325,Good Trouble,2019,16+,7.5/10,67/100,0,1,0,0,1,7.5,7.5,10741,tvSeries,Exact (title + year),0,7.5,4738,0,6003,1,TRUE
tt7821912,4384,4684,Troy the Train of Car City,2016,"",7.5/10,32/100,0,0,1,0,1,7.5,7.7,38,tvSeries,Exact (title + year),0.2,7.3,26,0.4,12,1,TRUE
tt7821922,5027,5346,Lots & Lots of Fire Trucks,2010,"","",10/100,0,0,1,0,1,,9.1,13,tvSeries,Exact (title + year),,8.2,5,0.9,8,1,TRUE
tt7821972,4920,5239,Car Patrol of Car City,2017,"","",10/100,0,0,1,0,1,,6.3,43,tvSeries,"Fuzzy (title exact, year +-1)",,6.2,34,0.0999999999999996,9,1,TRUE
tt7826108,273,275,Raising Dion,2019,7+,7.2/10,71/100,1,0,0,0,1,7.2,7.1,18143,tvSeries,Exact (title + year),-0.100000000000001,7.2,9363,-0.100000000000001,8780,1,TRUE
tt7826376,3469,3620,Upload,2020,18+,8.0/10,82/100,0,0,1,0,1,8,7.7,90867,tvSeries,Exact (title + year),-0.3,8,44718,-0.3,46149,1,TRUE
tt7826972,4718,5034,Wonder Balls,2015,"","",13/100,0,0,1,0,1,,8.6,19,tvSeries,Exact (title + year),,7.2,13,1.4,6,1,TRUE
tt7826976,4530,4834,Babies in Car City,2017,"","",18/100,0,0,1,0,1,,7.7,31,tvSeries,Exact (title + year),,7.2,24,0.5,7,1,TRUE
tt7826988,4799,5118,Learn with Ted The Train,2016,"","",10/100,0,0,1,0,1,,7.7,26,tvSeries,Exact (title + year),,7.1,17,0.600000000000001,9,1,TRUE
tt7829834,655,658,My Next Guest Needs No Introduction With David Letterman,2018,18+,7.9/10,59/100,1,0,0,0,1,7.9,7.8,6658,tvSeries,Exact (title + year),-0.100000000000001,7.9,4877,-0.100000000000001,1781,1,TRUE
tt7845644,2275,2333,Single Parents,2018,7+,7.1/10,67/100,0,1,0,0,1,7.1,7.2,7961,tvSeries,Exact (title + year),0.100000000000001,7.1,5102,0.100000000000001,2859,1,TRUE
tt7871864,5314,5662,Wild Sri Lanka,2015,7+,8.6/10,36/100,0,0,0,1,1,8.6,8.1,117,tvMiniSeries,Exact (title + year),-0.5,8.6,61,-0.5,56,1,TRUE
tt7874718,3942,4218,Marcia Clark Investigates The First 48,2018,16+,8.0/10,45/100,0,0,1,0,1,8,8.1,218,tvSeries,Exact (title + year),0.0999999999999996,8,160,0.0999999999999996,58,1,TRUE
tt7878864,4518,4822,Breaking Homicide,2018,"","",19/100,0,0,1,0,1,,7.4,354,tvSeries,Exact (title + year),,7.1,259,0.300000000000001,95,1,TRUE
tt7879138,4072,4358,Killing Bites,2018,18+,6.3/10,41/100,0,0,1,0,1,6.3,6.3,781,tvSeries,Exact (title + year),0,6.3,402,0,379,1,TRUE
tt7879820,182,183,On My Block,2018,16+,8.0/10,75/100,1,0,0,0,1,8,7.8,22410,tvSeries,Exact (title + year),-0.2,8,11669,-0.2,10741,1,TRUE
tt7889220,195,196,Dirty Money,2018,16+,8.1/10,74/100,1,0,0,0,1,8.1,8.1,10820,tvSeries,Exact (title + year),0,8.1,8220,0,2600,1,TRUE
tt7895706,750,753,The Joel McHale Show with Joel McHale,2018,18+,7.2/10,57/100,1,0,0,0,1,7.2,7.1,2601,tvSeries,Exact (title + year),-0.100000000000001,7.2,2240,-0.100000000000001,361,1,TRUE
tt7897050,953,956,Record of Grancrest War,2018,18+,7.2/10,53/100,1,0,0,0,1,7.2,7.1,1495,tvSeries,Exact (title + year),-0.100000000000001,7.2,641,-0.100000000000001,854,1,TRUE
tt7900936,3978,4257,Beatless,2018,"",5.7/10,44/100,0,0,1,0,1,5.7,5.7,318,tvSeries,Exact (title + year),0,5.6,193,0.100000000000001,125,1,TRUE
tt7902072,222,223,Safe,2018,18+,7.3/10,73/100,1,1,0,0,1,7.3,7.2,62703,tvMiniSeries,Exact (title + year),-0.0999999999999996,7.3,34272,-0.0999999999999996,28431,2,FALSE
tt7906168,4684,5000,America's Monsters,2013,"","",13/100,0,0,1,0,1,,6.3,10,tvSeries,Exact (title + year),,7.1,8,-0.8,2,1,TRUE
tt7907916,504,507,Ugly Delicious,2018,18+,7.8/10,63/100,1,0,0,0,1,7.8,7.7,3922,tvSeries,Exact (title + year),-0.0999999999999996,7.8,3212,-0.0999999999999996,710,1,TRUE
tt7907922,3527,3703,Truth Seekers,2020,16+,7.1/10,71/100,0,0,1,0,1,7.1,7,16383,tvSeries,Exact (title + year),-0.0999999999999996,7.1,10347,-0.0999999999999996,6036,1,TRUE
tt7908628,1976,1991,What We Do in the Shadows,2019,18+,8.5/10,87/100,0,1,0,0,1,8.5,8.5,128241,tvSeries,Exact (title + year),0,8.5,40174,0,88067,1,TRUE
tt7909708,1285,1288,72 Dangerous Animals: Latin America,2017,16+,6.6/10,47/100,1,0,0,0,1,6.6,6.6,848,tvMiniSeries,Exact (title + year),0,6.6,463,0,385,1,TRUE
tt7909970,60,61,Unbelievable,2019,18+,8.4/10,84/100,1,0,0,0,1,8.4,8.3,138337,tvMiniSeries,Exact (title + year),-0.0999999999999996,8.4,79373,-0.0999999999999996,58964,1,TRUE
tt7913450,996,999,Soundtrack,2019,"",6.8/10,52/100,1,0,0,0,1,6.8,6.8,2311,tvSeries,Exact (title + year),0,6.8,1855,0,456,1,TRUE
tt7923710,401,403,My Mister,2018,"",9.1/10,66/100,1,0,0,0,1,9.1,9,15980,tvSeries,Exact (title + year),-0.0999999999999996,9.1,3663,-0.0999999999999996,12317,1,TRUE
tt7923832,788,791,Avlu,2018,18+,7.2/10,56/100,1,0,0,0,1,7.2,7.3,2434,tvSeries,Exact (title + original-language year),0.0999999999999996,7.2,1327,0.0999999999999996,1107,1,TRUE
tt7924812,1215,1218,First Team: Juventus,2018,"",7.3/10,48/100,1,0,0,0,1,7.3,7.2,2264,tvSeries,Exact (title + year),-0.0999999999999996,7.3,1909,-0.0999999999999996,355,1,TRUE
tt7931520,1554,1560,Blazing Transfer Students,2017,"",7.3/10,41/100,1,0,0,0,1,7.3,6.6,159,tvSeries,Exact (title + year),-0.7,6.5,103,0.0999999999999996,56,1,TRUE
tt7935522,1093,1096,Drug Lords,2018,18+,6.8/10,50/100,1,0,0,0,1,6.8,6.8,1676,tvSeries,Exact (title + year),0,6.8,1117,0,559,1,TRUE
tt7936386,1945,1955,Paul Hollywood's Big Continental Road Trip,2017,"","",13/100,1,0,0,0,1,,7.4,276,tvSeries,Exact (title + year),,7.4,184,0,92,1,TRUE
tt7939768,5099,5427,The Mighty Ducks: Game Changers,2021,7+,7.5/10,63/100,0,0,0,1,1,7.5,7.2,6260,tvSeries,Exact (title + year),-0.3,7.5,3267,-0.3,2993,1,TRUE
tt7939778,3154,3285,Glam Masters,2018,"",4.5/10,38/100,0,1,0,0,1,4.5,4.3,192,tvSeries,Exact (title + year),-0.2,4.5,125,-0.2,67,1,TRUE
tt7940468,1532,1538,Fate/Extra Last Encore,2018,18+,5.4/10,42/100,1,0,0,0,1,5.4,5.4,1178,tvSeries,Exact (title + year),0,5.4,640,0,538,1,TRUE
tt7941974,4170,4465,Bat Pat,2016,"","",38/100,0,0,1,0,1,,7.3,37,tvSeries,"Fuzzy (title exact, year +-1)",,6.5,22,0.8,15,1,TRUE
tt7943036,1438,1444,Twice Upon a Time,2019,"",6.2/10,44/100,1,0,0,0,1,6.2,6.2,1331,tvMiniSeries,Exact (title + year),0,6.2,750,0,581,1,TRUE
tt7943660,4435,4736,Hilarious Helmet History,2017,"",6.6/10,29/100,0,0,1,0,1,6.6,7.4,13,tvSeries,Exact (title + year),0.800000000000001,6.6,13,0.800000000000001,0,1,TRUE
tt7944664,583,586,B: The Beginning,2018,18+,7.2/10,61/100,1,0,0,0,1,7.2,7,6227,tvSeries,Exact (title + year),-0.2,7.2,4168,-0.2,2059,1,TRUE
tt7945720,174,175,Dirty John,2018,18+,7.2/10,76/100,1,0,0,0,1,7.2,7.3,26661,tvSeries,Exact (title + year),0.0999999999999996,7.2,16984,0.0999999999999996,9677,1,TRUE
tt7949200,910,913,Nicky Jam: El Ganador,2018,"",7.8/10,54/100,1,0,0,0,1,7.8,7.7,1385,tvSeries,Exact (title + year),-0.0999999999999996,7.8,998,-0.0999999999999996,387,1,TRUE
tt7949204,698,701,Chambers,2019,16+,6.5/10,58/100,1,0,0,0,1,6.5,6.4,10539,tvSeries,Exact (title + year),-0.0999999999999996,6.5,7652,-0.0999999999999996,2887,1,TRUE
tt7949606,903,906,The Last Czars,2019,"",7.3/10,54/100,1,0,0,0,1,7.3,7.3,10751,tvMiniSeries,Exact (title + year),0,7.3,6784,0,3967,1,TRUE
tt7956274,1754,1762,Edha,2018,18+,4.8/10,36/100,1,0,0,0,1,4.8,4.9,746,tvMiniSeries,Exact (title + year),0.100000000000001,4.9,588,0,158,1,TRUE
tt7956374,1579,1585,Cleo & Cuquin,2018,7+,8.0/10,40/100,1,0,0,0,1,8,6.9,158,tvSeries,Exact (title + year),-1.1,7.9,78,-1,80,1,TRUE
tt7965802,686,689,MEGALOBOX,2018,16+,7.8/10,59/100,1,1,0,0,1,7.8,7.7,4665,tvSeries,Exact (title + original-language year),-0.0999999999999996,7.8,2490,-0.0999999999999996,2175,2,FALSE
tt7967262,2635,2736,The Titan Games,2019,all,7.0/10,55/100,0,1,0,0,1,7,7.1,3731,tvSeries,Exact (title + year),0.0999999999999996,7.1,3106,0,625,1,TRUE
tt7967882,1420,1426,Rainbow Rangers,2018,all,5.4/10,44/100,1,0,0,0,1,5.4,4,275,tvSeries,Exact (title + year),-1.4,5.5,135,-1.5,140,1,TRUE
tt7971476,272,274,The Politician,2019,16+,7.5/10,71/100,1,0,0,0,1,7.5,7.4,26180,tvSeries,Exact (title + year),-0.0999999999999996,7.5,19214,-0.0999999999999996,6966,1,TRUE
tt7975182,1523,1529,Love Daily,2018,"",6.1/10,42/100,1,0,0,0,1,6.1,6.1,209,tvSeries,Exact (title + year),0,6.1,119,0,90,1,TRUE
tt7976532,1030,1033,Live,2018,16+,8.4/10,52/100,1,0,0,0,1,8.4,8.3,1742,tvSeries,Exact (title + year),-0.0999999999999996,8.4,947,-0.0999999999999996,795,1,TRUE
tt7978538,1363,1367,Numberblocks,2017,all,8.1/10,45/100,1,0,0,0,1,8.1,8.7,666,tvSeries,Exact (title + year),0.6,8.2,120,0.5,546,1,TRUE
tt7978710,1002,1005,Sword Art Online Alternative: Gun Gale Online,2018,16+,6.9/10,52/100,1,1,0,0,1,6.9,6.8,3375,tvSeries,Exact (title + year),-0.100000000000001,6.9,1779,-0.100000000000001,1596,2,FALSE
tt7981052,1071,1074,Rapture,2018,18+,7.2/10,51/100,1,0,0,0,1,7.2,7.1,638,tvMiniSeries,Exact (title + year),-0.100000000000001,7.2,497,-0.100000000000001,141,1,TRUE
tt7983796,1869,1877,Droppin' Cash: Los Angeles,2018,16+,3.5/10,30/100,1,0,0,0,1,3.5,3.3,133,tvSeries,Exact (title + year),-0.2,3.5,104,-0.2,29,1,TRUE
tt7985540,4257,4553,Eat. Race. Win.,2018,"",7.1/10,36/100,0,0,1,0,1,7.1,7.1,309,tvSeries,Exact (title + year),0,7.1,197,0,112,1,TRUE
tt7985576,314,316,The Serpent,2021,"",7.6/10,69/100,1,0,0,0,1,7.6,7.6,55061,tvMiniSeries,Exact (title + year),0,7.7,30398,-0.100000000000001,24663,1,TRUE
tt7986946,4406,4707,The Weather Files,2018,"",7.6/10,31/100,0,0,1,0,1,7.6,7.6,10,tvSeries,Exact (title + year),0,7.6,8,0,2,1,TRUE
tt8001106,480,482,Giri/Haji,2019,"",7.9/10,64/100,1,0,0,0,1,7.9,7.8,19458,tvMiniSeries,Exact (title + year),-0.100000000000001,7.9,11474,-0.100000000000001,7984,1,TRUE
tt8001136,2683,2787,Black Narcissus,2020,18+,5.8/10,54/100,0,1,0,0,1,5.8,5.9,3238,tvMiniSeries,Exact (title + year),0.100000000000001,5.8,2329,0.100000000000001,909,1,TRUE
tt8001250,845,848,Always a Witch,2019,16+,6.2/10,55/100,1,0,0,0,1,6.2,6.3,3014,tvSeries,Exact (title + year),0.0999999999999996,6.2,2140,0.0999999999999996,874,1,TRUE
tt8001718,1361,1365,Prince of Peoria,2018,all,5.9/10,45/100,1,0,0,0,1,5.9,6.1,687,tvSeries,Exact (title + year),0.199999999999999,5.9,363,0.199999999999999,324,1,TRUE
tt8001788,684,687,Girls from Ipanema,2019,16+,7.9/10,59/100,1,0,0,0,1,7.9,7.8,4148,tvSeries,Exact (title + year),-0.100000000000001,7.9,3001,-0.100000000000001,1147,1,TRUE
tt8004578,456,458,Flint Town,2018,18+,7.9/10,64/100,1,0,0,0,1,7.9,7.8,4294,tvSeries,Exact (title + year),-0.100000000000001,7.9,3337,-0.100000000000001,957,1,TRUE
tt8004628,851,854,Selection Day,2018,16+,7.4/10,55/100,1,0,0,0,1,7.4,7.3,2571,tvSeries,Exact (title + year),-0.100000000000001,7.4,1955,-0.100000000000001,616,1,TRUE
tt8005176,3628,3842,The Feed,2019,16+,6.3/10,60/100,0,0,1,0,1,6.3,6.3,2592,tvSeries,Exact (title + year),0,6.3,1648,0,944,1,TRUE
tt8005374,286,288,Explained,2018,16+,8.0/10,70/100,1,0,0,0,1,8,8,10405,tvSeries,Exact (title + year),0,8.1,7243,-0.0999999999999996,3162,1,TRUE
tt8009602,927,930,Huge in France,2019,16+,6.8/10,53/100,1,0,0,0,1,6.8,6.8,3274,tvSeries,Exact (title + year),0,6.8,2446,0,828,1,TRUE
tt8009622,1400,1405,Twelve Forever,2019,7+,6.7/10,44/100,1,0,0,0,1,6.7,6.9,894,tvSeries,Exact (title + year),0.2,6.7,492,0.2,402,1,TRUE
tt8010342,1327,1331,The Break with Michelle Wolf,2018,18+,5.3/10,46/100,1,0,0,0,1,5.3,5.6,1977,tvSeries,Exact (title + year),0.3,5.3,1804,0.3,173,1,TRUE
tt8016478,1730,1738,Pablo,2017,"",7.6/10,37/100,1,0,0,0,1,7.6,7.9,77,tvSeries,Exact (title + year),0.300000000000001,7.6,40,0.300000000000001,37,1,TRUE
tt8019444,311,313,Aggretsuko,2018,16+,8.1/10,69/100,1,0,0,0,1,8.1,8,8306,tvSeries,Exact (title + year),-0.0999999999999996,8.1,5082,-0.0999999999999996,3224,1,TRUE
tt8021824,486,489,The Innocents,2018,"",6.3/10,63/100,1,0,0,0,1,6.3,6.3,6595,tvSeries,Exact (title + year),0,6.3,5351,0,1244,1,TRUE
tt8022978,1344,1348,Power Rangers Beast Morphers,2019,7+,6.8/10,45/100,1,0,0,0,1,6.8,6.6,1013,tvSeries,Exact (title + year),-0.2,6.8,439,-0.2,574,1,TRUE
tt8027624,1662,1668,Tijuana,2019,16+,7.1/10,39/100,1,0,0,0,1,7.1,6.9,398,tvSeries,Exact (title + year),-0.199999999999999,7.1,289,-0.199999999999999,109,1,TRUE
tt8033244,1108,1111,The Alcàsser Murders,2019,18+,7.1/10,50/100,1,0,0,0,1,7.1,7,2924,tvMiniSeries,Exact (title + year),-0.0999999999999996,7.1,1749,-0.0999999999999996,1175,1,TRUE
tt8036272,252,253,Tuca & Bertie,2019,18+,7.4/10,72/100,1,0,0,0,1,7.4,7.4,9309,tvSeries,Exact (title + year),0,7.4,5358,0,3951,1,TRUE
tt8045690,661,664,Luis Miguel: The Series,2018,16+,8.0/10,59/100,1,0,0,0,1,8,8,5571,tvMiniSeries,Exact (title + year),0,8.1,3563,-0.0999999999999996,2008,1,TRUE
tt8046422,5320,5668,Chip 'n Dale's Nutty Tales,2017,"",7.0/10,35/100,0,0,0,1,1,7,6.2,87,tvSeries,Exact (title + year),-0.8,6.9,21,-0.7,66,1,TRUE
tt8050586,2580,2678,The Bisexual,2018,"",6.3/10,57/100,0,1,0,0,1,6.3,6.5,1543,tvSeries,Exact (title + year),0.2,6.3,990,0.2,553,1,TRUE
tt8050740,5092,5420,Amphibia,2019,7+,8.1/10,65/100,0,0,0,1,1,8.1,8.3,12032,tvSeries,Exact (title + year),0.200000000000001,8.1,2319,0.200000000000001,9713,1,TRUE
tt8050756,5066,5388,The Owl House,2020,7+,8.1/10,78/100,0,0,0,1,1,8.1,8.6,26286,tvSeries,Exact (title + year),0.5,8.1,3597,0.5,22689,1,TRUE
tt8053430,5337,5685,Rocky Mountain Animal Rescue,2018,"",7.9/10,30/100,0,0,0,1,1,7.9,7.8,66,tvSeries,Exact (title + year),-0.100000000000001,7.9,18,-0.100000000000001,48,1,TRUE
tt8059904,1809,1817,Project S The Series,2017,"","",34/100,1,0,0,0,1,,8.3,147,tvSeries,Exact (title + year),,8.6,80,-0.299999999999999,67,1,TRUE
tt8060080,4003,4286,The Fabric of the Cosmos,2011,"",8.7/10,43/100,0,0,1,0,1,8.7,8.5,370,tvMiniSeries,Exact (title + year),-0.199999999999999,8.6,232,-0.0999999999999996,138,1,TRUE
tt8060322,1630,1636,Littlest Pet Shop: A World of Our Own,2018,all,6.8/10,39/100,1,0,0,0,1,6.8,5.8,132,tvSeries,"Fuzzy (title exact, year +-1)",-1,6.7,74,-0.9,58,1,TRUE
tt8063174,822,825,Immortals,2018,7+,5.3/10,55/100,1,0,0,0,1,5.3,5.1,11191,tvSeries,Exact (title + year),-0.2,5.3,2672,-0.2,8519,1,TRUE
tt8064302,87,88,Dead to Me,2019,18+,8.0/10,82/100,1,0,0,0,1,8,7.9,111001,tvSeries,Exact (title + year),-0.0999999999999996,8,60069,-0.0999999999999996,50932,1,TRUE
tt8068852,5278,5624,The Rocketeer,2019,all,6.3/10,42/100,0,0,0,1,1,6.3,5.2,341,tvSeries,Exact (title + year),-1.1,6.3,88,-1.1,253,1,TRUE
tt8069036,523,526,Bard of Blood,2019,18+,6.9/10,63/100,1,0,0,0,1,6.9,6.7,13003,tvSeries,Exact (title + year),-0.2,6.9,9245,-0.2,3758,1,TRUE
tt8072678,3261,3393,The Alec Baldwin Show,2018,"",3.3/10,28/100,0,1,0,0,1,3.3,4,396,tvSeries,Exact (title + year),0.7,3.3,344,0.7,52,1,TRUE
tt8077544,4046,4330,All or Nothing: The Dallas Cowboys,2018,18+,7.7/10,42/100,0,0,1,0,1,7.7,7.6,1050,tvMiniSeries,Exact (title + year),-0.100000000000001,7.7,824,-0.100000000000001,226,1,TRUE
tt8078816,742,745,Something in the Rain,2018,7+,8.1/10,57/100,1,0,0,0,1,8.1,8,11434,tvSeries,Exact (title + year),-0.0999999999999996,8.1,4153,-0.0999999999999996,7281,1,TRUE
tt8080054,533,536,Patriot Act with Hasan Minhaj,2018,18+,8.3/10,62/100,1,0,0,0,1,8.3,8.3,8203,tvSeries,Exact (title + year),0,8.3,6696,0,1507,1,TRUE
tt8084058,1064,1067,Suits,2018,"",7.4/10,51/100,1,0,1,0,1,7.4,7.4,894,tvSeries,Exact (title + year),0,7.4,538,0,356,2,FALSE
tt8088196,1851,1859,Iron Ladies,2018,"",5.9/10,31/100,1,0,0,0,1,5.9,6.9,65,tvSeries,Exact (title + year),1,5.9,46,1,19,1,TRUE
tt8089592,2075,2110,Little Fires Everywhere,2020,18+,7.7/10,76/100,0,1,0,0,1,7.7,7.6,62118,tvMiniSeries,Exact (title + year),-0.100000000000001,7.7,31730,-0.100000000000001,30388,1,TRUE
tt8096510,3758,4001,Sarazanmai,2019,7+,7.0/10,52/100,0,0,1,0,1,7,6.8,484,tvSeries,Exact (title + year),-0.2,7,244,-0.2,240,1,TRUE
tt8098164,3973,4252,Six Dreams,2018,"",7.8/10,44/100,0,0,1,0,1,7.8,7.8,350,tvSeries,Exact (title + year),0,7.8,276,0,74,1,TRUE
tt8099388,4583,4893,Make48,2017,"","",16/100,0,0,1,0,1,,9.2,6,tvSeries,Exact (title + year),,,,,,1,TRUE
tt8101850,3488,3647,Undone,2019,18+,8.2/10,78/100,0,0,1,0,1,8.2,8.2,26997,tvSeries,Exact (title + year),0,8.2,14912,0,12085,1,TRUE
tt8103070,191,192,Legacies,2018,16+,7.4/10,74/100,1,0,0,0,1,7.4,7.2,42583,tvSeries,Exact (title + year),-0.2,7.4,21526,-0.2,21057,1,TRUE
tt8105958,789,792,Wild District,2018,18+,8.3/10,56/100,1,0,0,0,1,8.3,8.1,2339,tvMiniSeries,Exact (title + year),-0.200000000000001,8.3,1690,-0.200000000000001,649,1,TRUE
tt8107988,404,406,Carole & Tuesday,2019,7+,7.9/10,66/100,1,0,0,0,1,7.9,7.7,2982,tvSeries,Exact (title + year),-0.2,7.9,1646,-0.2,1336,1,TRUE
tt8111088,5058,5377,The Mandalorian,2019,16+,8.8/10,94/100,0,0,0,1,1,8.8,8.6,662231,tvSeries,Exact (title + year),-0.200000000000001,8.8,326012,-0.200000000000001,336219,1,TRUE
tt8115560,573,576,Tidying Up with Marie Kondo,2019,7+,6.6/10,61/100,1,0,0,0,1,6.6,6.6,4130,tvSeries,Exact (title + year),0,6.6,3142,0,988,1,TRUE
tt8115666,5279,5626,Fast Layne,2019,all,5.6/10,41/100,0,0,0,1,1,5.6,5.7,337,tvSeries,Exact (title + year),0.100000000000001,5.6,174,0.100000000000001,163,1,TRUE
tt8115672,1589,1595,Charlie's Colorforms City,2019,all,7.1/10,40/100,1,0,0,0,1,7.1,6.3,194,tvSeries,Exact (title + year),-0.8,7.1,116,-0.8,78,1,TRUE
tt8115688,1673,1679,Chico Bon Bon: Monkey with a Tool Belt,2020,all,6.3/10,39/100,1,0,0,0,1,6.3,6.3,184,tvSeries,Exact (title + year),0,6.7,98,-0.4,86,1,TRUE
tt8115702,1484,1490,Go! Go! Cory Carson,2020,all,8.1/10,43/100,1,0,0,0,1,8.1,7.7,448,tvSeries,Exact (title + year),-0.399999999999999,8.1,170,-0.399999999999999,278,1,TRUE
tt8123920,4725,5041,Ruining History,2017,"","",13/100,0,0,1,0,1,,8.2,391,tvSeries,Exact (title + year),,8.2,296,0,95,1,TRUE
tt8124372,4691,5007,Homebuddies,2017,"","",13/100,0,0,1,0,1,,8.8,18,tvSeries,Exact (title + year),,8.3,18,0.5,0,1,TRUE
tt8128344,3509,3676,Flack,2019,16+,7.2/10,74/100,0,0,1,0,1,7.2,7.3,6780,tvSeries,Exact (title + year),0.0999999999999996,7.1,3737,0.2,3043,1,TRUE
tt8129450,2212,2263,Breeders,2020,18+,7.4/10,69/100,0,1,0,0,1,7.4,7.6,9752,tvSeries,Exact (title + year),0.199999999999999,7.4,3963,0.199999999999999,5789,1,TRUE
tt8129694,1763,1771,YG Future Strategy Office,2018,18+,7.0/10,35/100,1,0,0,0,1,7,6.6,243,tvMiniSeries,Exact (title + year),-0.4,7.1,188,-0.5,55,1,TRUE
tt8134160,3976,4255,All or Nothing: The Michigan Wolverines,2018,"",7.6/10,44/100,0,0,1,0,1,7.6,7.6,808,tvMiniSeries,Exact (title + year),0,7.6,647,0,161,1,TRUE
tt8134186,2067,2100,Devs,2020,18+,7.7/10,77/100,0,1,0,0,1,7.7,7.6,58460,tvMiniSeries,Exact (title + year),-0.100000000000001,7.7,30190,-0.100000000000001,28270,1,TRUE
tt8139862,589,592,Norm Macdonald Has a Show,2018,"",8.7/10,61/100,1,0,0,0,1,8.7,8.5,4011,tvSeries,Exact (title + year),-0.199999999999999,8.7,2968,-0.199999999999999,1043,1,TRUE
tt8159960,1649,1655,Baby Ballroom,2017,"",7.8/10,39/100,1,0,0,0,1,7.8,7.6,238,tvSeries,Exact (title + year),-0.2,7.8,162,-0.2,76,1,TRUE
tt8160064,1142,1145,Hymn of Death,2018,18+,7.5/10,50/100,1,0,0,0,1,7.5,7.7,2726,tvMiniSeries,Exact (title + year),0.2,7.4,780,0.3,1946,1,TRUE
tt8164794,1173,1176,Lunatics,2019,18+,6.6/10,49/100,1,0,0,0,1,6.6,6.6,3899,tvMiniSeries,Exact (title + year),0,6.6,2842,0,1057,1,TRUE
tt8165086,1242,1245,Sintonia,2019,18+,6.8/10,47/100,1,0,0,0,1,6.8,6.8,2040,tvSeries,Exact (title + year),0,6.7,819,0.0999999999999996,1221,1,TRUE
tt8168678,383,385,The Chalet,2018,18+,7.0/10,67/100,1,0,0,0,1,7,7,7960,tvSeries,"Fuzzy (title exact, year +-1)",0,7,6215,0,1745,1,TRUE
tt8169088,3781,4029,All or Nothing: New Zealand All Blacks,2018,16+,8.1/10,51/100,0,0,1,0,1,8.1,8,1192,tvMiniSeries,Exact (title + year),-0.0999999999999996,8.1,857,-0.0999999999999996,335,1,TRUE
tt8171234,1700,1706,Empire Games,2018,7+,5.7/10,38/100,1,0,0,0,1,5.7,5.8,406,tvSeries,Exact (title + year),0.0999999999999996,5.8,265,0,141,1,TRUE
tt8171410,1618,1624,Tango,2018,"",7.2/10,40/100,1,0,0,0,1,7.2,7,250,tvSeries,Exact (title + year),-0.2,7.2,144,-0.2,106,1,TRUE
tt8174114,5290,5637,Tut's Treasures: Hidden Secrets,2018,"",7.4/10,39/100,0,0,0,1,1,7.4,7.3,359,tvMiniSeries,Exact (title + year),-0.100000000000001,7.4,133,-0.100000000000001,226,1,TRUE
tt8179402,281,283,Fate: The Winx Saga,2021,18+,6.9/10,70/100,1,0,0,0,1,6.9,6.8,65062,tvSeries,Exact (title + year),-0.100000000000001,6.9,29210,-0.100000000000001,35852,1,TRUE
tt8194716,493,496,November 13: Attack on Paris,2018,18+,8.3/10,63/100,1,0,0,0,1,8.3,8.2,4172,tvMiniSeries,Exact (title + year),-0.100000000000001,8.3,2511,-0.100000000000001,1661,1,TRUE
tt8195496,4461,4763,"#MeToo, Now What?",2018,"",7.0/10,27/100,0,0,1,0,1,7,6.5,17,tvSeries,Exact (title + year),-0.5,6.5,12,0,5,1,TRUE
tt8199972,829,832,100 Days My Prince,2018,16+,7.7/10,55/100,1,0,0,0,1,7.7,7.8,4886,tvSeries,Exact (title + year),0.0999999999999996,7.6,1240,0.2,3646,1,TRUE
tt8200004,555,558,Bobby Kennedy for President,2018,16+,8.2/10,62/100,1,0,0,0,1,8.2,8.1,2269,tvMiniSeries,Exact (title + year),-0.0999999999999996,8.2,1565,-0.0999999999999996,704,1,TRUE
tt8201618,621,624,Diagnosis,2019,18+,7.7/10,60/100,1,0,0,0,1,7.7,7.7,1468,tvMiniSeries,Exact (title + year),0,7.7,940,0,528,1,TRUE
tt8201656,3123,3254,Many Sides of Jane,2019,16+,6.1/10,39/100,0,1,0,0,1,6.1,5.8,199,tvMiniSeries,Exact (title + year),-0.3,6.1,168,-0.3,31,1,TRUE
tt8210856,365,367,Cursed,2020,18+,5.9/10,67/100,1,0,0,0,1,5.9,6,35590,tvSeries,Exact (title + year),0.0999999999999996,5.9,25201,0.0999999999999996,10389,1,TRUE
tt8220344,836,839,When Heroes Fly,2018,7+,7.2/10,55/100,1,0,0,0,1,7.2,7.1,4058,tvSeries,Exact (title + year),-0.100000000000001,7.2,2595,-0.100000000000001,1463,1,TRUE
tt8223626,2806,2918,Worth It,2016,"",8.6/10,51/100,0,1,1,0,1,8.6,8.4,388,tvSeries,Exact (title + year),-0.199999999999999,8.6,249,-0.199999999999999,139,2,FALSE
tt8223644,4383,4683,Worth It: Lifestyle,2017,"",7.6/10,32/100,0,0,1,0,1,7.6,7.6,28,tvSeries,"Fuzzy (title exact, year +-1)",0,7.6,24,0,4,1,TRUE
tt8235236,642,645,Paradise PD,2018,18+,6.9/10,60/100,1,0,0,0,1,6.9,6.8,24210,tvSeries,Exact (title + year),-0.100000000000001,6.9,15391,-0.100000000000001,8819,1,TRUE
tt8236556,626,629,Memories of the Alhambra,2018,16+,7.8/10,60/100,1,0,0,0,1,7.8,7.7,8375,tvSeries,Exact (title + year),-0.0999999999999996,7.8,4176,-0.0999999999999996,4199,1,TRUE
tt8242412,4459,4761,ViR: The Robot Boy,2013,"",2.8/10,27/100,0,0,1,0,1,2.8,3.2,169,tvSeries,Exact (title + year),0.4,2.9,57,0.3,112,1,TRUE
tt8242548,3633,3849,Four More Shots Please,2019,18+,6.4/10,60/100,0,0,1,0,1,6.4,5.5,55439,tvSeries,Exact (title + year),-0.9,6.5,16701,-1,38738,1,TRUE
tt8242904,2377,2450,What's Wrong with Secretary Kim,2018,all,8.1/10,63/100,0,1,0,0,1,8.1,8,25923,tvSeries,Exact (title + year),-0.0999999999999996,8.1,7171,-0.0999999999999996,18752,1,TRUE
tt8243158,1303,1306,Life,2018,"",7.6/10,46/100,1,0,0,0,1,7.6,7.5,1168,tvSeries,Exact (title + year),-0.0999999999999996,7.6,496,-0.0999999999999996,672,1,TRUE
tt8254592,4016,4299,Chacha Vidhayak Hain Humare,2018,"",7.7/10,43/100,0,0,1,0,1,7.7,7.5,6586,tvSeries,Exact (title + year),-0.2,7.7,4699,-0.2,1887,1,TRUE
tt8254880,3660,3883,Wotakoi: Love is Hard for Otaku,2018,16+,7.6/10,58/100,0,0,1,0,1,7.6,7.5,6471,tvSeries,Exact (title + year),-0.0999999999999996,7.6,1995,-0.0999999999999996,4476,1,TRUE
tt8263372,3298,3431,Grey's Anatomy: Post-Op,2017,"","",21/100,0,1,0,0,1,,4.5,33,tvMiniSeries,Exact (title + year),,4.2,11,0.3,22,1,TRUE
tt8265286,2939,3062,Mythbusters Jr.,2019,7+,6.9/10,46/100,0,1,0,0,1,6.9,7.1,390,tvSeries,Exact (title + year),0.199999999999999,6.9,275,0.199999999999999,115,1,TRUE
tt8266218,5201,5541,T.O.T.S.,2019,all,6.9/10,50/100,0,0,0,1,1,6.9,6.8,599,tvSeries,Exact (title + year),-0.100000000000001,7,260,-0.2,339,1,TRUE
tt8268994,1069,1072,Secret Agent Selection: WW2,2018,"",7.7/10,51/100,1,0,0,0,1,7.7,7.6,717,tvMiniSeries,Exact (title + original-language year),-0.100000000000001,7.7,475,-0.100000000000001,242,1,TRUE
tt8269322,4329,4628,Sketch,2018,"","",34/100,0,0,1,0,1,,7.4,342,tvSeries,Exact (title + year),,7.6,130,-0.199999999999999,212,1,TRUE
tt8271176,3743,3983,Kung Fu Panda: The Paws of Destiny,2018,7+,7.6/10,53/100,0,0,1,0,1,7.6,7.2,1996,tvSeries,Exact (title + year),-0.399999999999999,7.6,764,-0.399999999999999,1232,1,TRUE
tt8285216,243,244,Better Than Us,2018,"",7.4/10,72/100,1,0,0,0,1,7.4,7.3,12668,tvSeries,Exact (title + year),-0.100000000000001,7.4,7274,-0.100000000000001,5394,1,TRUE
tt8289480,2304,2366,Treadstone,2019,18+,7.0/10,66/100,0,1,0,0,1,7,6.9,13538,tvSeries,Exact (title + year),-0.0999999999999996,7,8798,-0.0999999999999996,4740,1,TRUE
tt8289930,207,208,Formula 1: Drive to Survive,2019,16+,8.6/10,74/100,1,0,0,0,1,8.6,8.5,60568,tvSeries,Exact (title + year),-0.0999999999999996,8.6,25100,-0.0999999999999996,35468,1,TRUE
tt8295472,192,193,The Order,2019,18+,6.8/10,74/100,1,0,0,0,1,6.8,6.7,36670,tvSeries,Exact (title + year),-0.0999999999999996,6.8,22846,-0.0999999999999996,13824,1,TRUE
tt8295694,1202,1205,Fastest Car,2018,"",7.2/10,48/100,1,0,0,0,1,7.2,7.1,1545,tvSeries,Exact (title + year),-0.100000000000001,7.1,1172,0,373,1,TRUE
tt8300324,709,712,I Am a Killer,2018,18+,7.4/10,58/100,1,0,0,0,1,7.4,7.3,5672,tvSeries,Exact (title + year),-0.100000000000001,7.4,3429,-0.100000000000001,2243,1,TRUE
tt8301190,4469,4771,Headliners,2017,"",4.6/10,26/100,0,0,1,0,1,4.6,5.3,13,tvSeries,Exact (title + year),0.7,4.6,5,0.7,8,1,TRUE
tt8303474,3594,3796,Utopia,2020,"",6.7/10,63/100,0,0,1,0,1,6.7,6.7,17148,tvSeries,Exact (title + year),0,6.7,11265,0,5883,1,TRUE
tt8304498,758,761,Turn Up Charlie,2019,"",7.1/10,57/100,1,0,0,0,1,7.1,7,8649,tvSeries,Exact (title + year),-0.0999999999999996,7.1,6636,-0.0999999999999996,2013,1,TRUE
tt8316986,5287,5634,Prairie Dog Manor,2019,"",7.8/10,39/100,0,0,0,1,1,7.8,8,75,tvSeries,Exact (title + year),0.2,8.1,37,-0.0999999999999996,38,1,TRUE
tt8320472,1836,1844,Before 30,2015,"",8.1/10,32/100,1,0,0,0,1,8.1,8.2,39,tvSeries,Exact (title + year),0.0999999999999996,8.2,16,0,23,1,TRUE
tt8322592,528,531,Fast & Furious Spy Racers,2019,7+,5.5/10,62/100,1,0,0,0,1,5.5,5.9,2078,tvSeries,Exact (title + year),0.4,5.5,1073,0.4,1005,1,TRUE
tt8324422,2088,2124,PEN15,2019,18+,8.0/10,76/100,0,1,0,0,1,8,8.1,16532,tvSeries,Exact (title + year),0.0999999999999996,8,6808,0.0999999999999996,9724,1,TRUE
tt8328460,944,947,Busted!,2018,16+,7.7/10,53/100,1,0,0,0,1,7.7,7.7,1478,tvSeries,Exact (title + year),0,7.7,721,0,757,1,TRUE
tt8328512,4422,4723,Very Superstitious with George Lopez,2018,"",6.7/10,30/100,0,0,1,0,1,6.7,6.9,28,tvSeries,Exact (title + year),0.2,6.7,15,0.2,13,1,TRUE
tt8332438,3524,3695,ZeroZeroZero,2020,18+,8.2/10,71/100,0,0,1,0,1,8.2,8.1,33190,tvMiniSeries,"Fuzzy (title exact, year +-1)",-0.0999999999999996,8.2,18863,-0.0999999999999996,14327,1,TRUE
tt8335218,2512,2606,No Man's Land,2020,16+,7.7/10,59/100,0,1,0,0,1,7.7,7.8,4653,tvSeries,Exact (title + year),0.0999999999999996,7.7,2488,0.0999999999999996,2165,1,TRUE
tt8336340,5113,5442,Star Wars Resistance,2018,7+,5.0/10,60/100,0,0,0,1,1,5,5.3,9385,tvSeries,Exact (title + original-language year),0.3,5,4573,0.3,4812,1,TRUE
tt8343728,3379,3512,The Adventures of Dr. Buckeye Bottoms,2017,"","",14/100,0,1,0,0,1,,8.9,48,tvSeries,Exact (title + year),,9.1,41,-0.199999999999999,7,1,TRUE
tt8343748,4165,4460,Seven Senses of the Re'Union,2018,"",4.6/10,38/100,0,0,1,0,1,4.6,5.2,222,tvSeries,Exact (title + year),0.600000000000001,4.6,101,0.600000000000001,121,1,TRUE
tt8349898,1902,1910,Click for Murder,2017,"","",21/100,1,0,0,0,1,,5.9,85,tvSeries,Exact (title + year),,6,60,-0.0999999999999996,25,1,TRUE
tt8352934,5315,5663,LEGO Star Wars: The Resistance Rises,2016,"",6.1/10,36/100,0,0,0,1,1,6.1,6.1,335,tvMiniSeries,Exact (title + year),0,6.1,103,0,232,1,TRUE
tt8364940,2988,3115,Britain's Best Home Cook,2018,"",7.9/10,44/100,0,1,0,0,1,7.9,7.9,309,tvSeries,Exact (title + year),0,7.9,171,0,138,1,TRUE
tt8365054,1563,1569,The Casketeers,2018,16+,7.5/10,41/100,1,0,0,0,1,7.5,7.6,522,tvSeries,Exact (title + year),0.0999999999999996,7.5,399,0.0999999999999996,123,1,TRUE
tt8367694,1164,1167,Interior Design Masters,2019,"",6.5/10,49/100,1,0,0,0,1,6.5,6.5,1926,tvSeries,Exact (title + year),0,6.5,1102,0,824,1,TRUE
tt8369840,619,622,Another Life,2019,18+,5.0/10,60/100,1,0,0,0,1,5,5.3,40657,tvSeries,Exact (title + year),0.3,5,25559,0.3,15098,1,TRUE
tt8372660,3892,4162,Hunting ISIS,2018,"",8.3/10,47/100,0,0,1,0,1,8.3,8.1,550,tvSeries,Exact (title + year),-0.200000000000001,8.3,429,-0.200000000000001,121,1,TRUE
tt8373190,3151,3282,The Proposal,2018,"",1.9/10,38/100,0,1,0,0,1,1.9,1.8,370,tvSeries,Exact (title + year),-0.1,1.9,337,-0.0999999999999999,33,1,TRUE
tt8385496,464,466,Surviving R. Kelly,2019,18+,7.5/10,64/100,1,0,0,0,1,7.5,7.4,6118,tvSeries,Exact (title + year),-0.0999999999999996,7.6,4242,-0.199999999999999,1876,1,TRUE
tt8387348,597,600,The House of Flowers,2018,18+,7.6/10,61/100,1,0,0,0,1,7.6,7.5,9252,tvSeries,Exact (title + year),-0.0999999999999996,7.6,6984,-0.0999999999999996,2268,1,TRUE
tt8390274,5170,5508,Hostile Planet,2019,7+,8.3/10,53/100,0,0,0,1,1,8.3,8.2,1100,tvMiniSeries,Exact (title + year),-0.100000000000001,8.3,599,-0.100000000000001,501,1,TRUE
tt8398600,97,98,After Life,2019,18+,8.4/10,81/100,1,0,0,0,1,8.4,8.4,170463,tvSeries,Exact (title + year),0,8.4,90221,0,80242,1,TRUE
tt8403536,667,670,Mr. Iglesias,2019,16+,7.1/10,59/100,1,0,0,0,1,7.1,7.1,8747,tvSeries,Exact (title + year),0,7.1,5822,0,2925,1,TRUE
tt8403570,650,653,Mortel,2019,18+,6.6/10,60/100,1,0,0,0,1,6.6,6.5,1983,tvSeries,Exact (title + year),-0.0999999999999996,6.6,906,-0.0999999999999996,1077,1,TRUE
tt8403622,1025,1028,Luna Nera,2020,18+,5.6/10,52/100,1,0,0,0,1,5.6,5.9,3882,tvSeries,Exact (title + year),0.300000000000001,5.6,2447,0.300000000000001,1435,1,TRUE
tt8403664,697,700,The English Game,2020,"",7.6/10,58/100,1,0,0,0,1,7.6,7.6,19010,tvMiniSeries,Exact (title + year),0,7.6,12508,0,6502,1,TRUE
tt8404094,567,570,AJ and the Queen,2020,"",7.5/10,61/100,1,0,0,0,1,7.5,7.5,10102,tvSeries,Exact (title + year),0,7.5,6931,0,3171,1,TRUE
tt8404520,1019,1022,Ares,2020,18+,5.6/10,52/100,1,0,0,0,1,5.6,5.7,5217,tvSeries,Exact (title + year),0.100000000000001,5.6,3901,0.100000000000001,1316,1,TRUE
tt8415880,5326,5674,Alaska's Grizzly Gauntlet,2018,7+,6.6/10,34/100,0,0,0,1,1,6.6,6.4,93,tvSeries,Exact (title + year),-0.199999999999999,6.7,35,-0.3,58,1,TRUE
tt8420184,36,37,The Last Dance,2020,16+,9.1/10,86/100,1,0,0,0,1,9.1,9,182669,tvMiniSeries,Exact (title + year),-0.0999999999999996,9.1,90090,-0.0999999999999996,92579,1,TRUE
tt8421350,94,95,Manifest,2018,16+,7.2/10,81/100,1,1,0,0,1,7.2,7,105976,tvSeries,Exact (title + year),-0.2,7.2,25640,-0.2,80336,2,FALSE
tt8422396,1680,1686,Cabins in the Wild with Dick Strawbridge,2017,7+,6.8/10,38/100,1,0,0,0,1,6.8,6.8,293,tvMiniSeries,Exact (title + year),0,6.8,229,0,64,1,TRUE
tt8425308,790,793,Magic for Humans,2018,16+,7.2/10,56/100,1,0,0,0,1,7.2,7.2,4001,tvSeries,Exact (title + year),0,7.2,3053,0,948,1,TRUE
tt8427140,2486,2578,Into the Dark,2018,18+,6.4/10,59/100,0,1,0,0,1,6.4,6.4,6017,tvSeries,Exact (title + year),0,6.4,3961,0,2056,1,TRUE
tt8430356,2052,2085,This Way Up,2019,"",7.8/10,78/100,0,1,0,0,1,7.8,7.8,9180,tvSeries,Exact (title + year),0,7.8,2946,0,6234,1,TRUE
tt8434720,935,938,A Love So Beautiful,2017,"",8.1/10,53/100,1,0,0,0,1,8.1,7.9,2363,tvSeries,Exact (title + year),-0.199999999999999,8.1,1113,-0.199999999999999,1250,1,TRUE
tt8439492,3908,4180,The Tesla Files,2018,"",7.2/10,46/100,0,0,1,0,1,7.2,6.9,503,tvSeries,Exact (title + year),-0.3,7.2,303,-0.3,200,1,TRUE
tt8450534,3840,4096,This Giant Beast That is the Global Economy,2019,16+,7.8/10,49/100,0,0,1,0,1,7.8,7.7,977,tvSeries,Exact (title + year),-0.0999999999999996,7.8,638,-0.0999999999999996,339,1,TRUE
tt8451638,3719,3953,Beecham House,2019,16+,6.7/10,54/100,0,0,1,0,1,6.7,6.9,2923,tvSeries,Exact (title + year),0.2,6.7,1746,0.2,1177,1,TRUE
tt8452308,876,879,The Inmate,2018,"",7.0/10,54/100,1,0,0,0,1,7,6.8,3733,tvSeries,Exact (title + year),-0.2,7,2263,-0.2,1470,1,TRUE
tt8454808,1870,1878,Robozuna,2018,7+,6.3/10,30/100,1,0,0,0,1,6.3,5.6,145,tvSeries,Exact (title + year),-0.7,6.2,72,-0.600000000000001,73,1,TRUE
tt8457940,2802,2914,Cults and Extreme Belief,2018,16+,7.6/10,51/100,0,1,0,0,1,7.6,7.4,533,tvMiniSeries,Exact (title + year),-0.199999999999999,7.6,300,-0.199999999999999,233,1,TRUE
tt8458634,4436,4737,NOVA Wonders,2018,all,7.6/10,29/100,0,0,1,0,1,7.6,7.5,63,tvSeries,Exact (title + year),-0.0999999999999996,7.6,54,-0.0999999999999996,9,1,TRUE
tt8461164,4147,4441,Gangstars,2018,"",6.8/10,39/100,0,0,1,0,1,6.8,6.5,333,tvSeries,Exact (title + year),-0.3,6.8,293,-0.3,40,1,TRUE
tt8462412,765,768,Northern Rescue,2019,16+,7.1/10,57/100,1,0,0,0,1,7.1,6.9,5393,tvSeries,Exact (title + year),-0.199999999999999,7.1,3656,-0.199999999999999,1737,1,TRUE
tt8463714,3645,3865,The ABC Murders,2018,16+,6.6/10,59/100,0,0,1,0,1,6.6,6.6,13217,tvMiniSeries,Exact (title + year),0,6.6,8755,0,4462,1,TRUE
tt8467296,2752,2859,Love Island Australia,2018,18+,5.5/10,52/100,0,1,0,0,1,5.5,5.7,1058,tvSeries,Exact (title + year),0.2,5.4,433,0.3,625,1,TRUE
tt8475950,4816,5135,Leo the Truck,2015,"","",10/100,0,0,1,0,1,,7.3,58,tvSeries,"Fuzzy (title exact, year +-1)",,7.2,17,0.0999999999999996,41,1,TRUE
tt8476166,1468,1474,Drug Squad: Costa del Sol,2019,"",6.8/10,43/100,1,0,0,0,1,6.8,6.8,796,tvSeries,Exact (title + year),0,6.8,465,0,331,1,TRUE
tt8477194,1612,1618,Rea(l)ove,2018,"",6.7/10,40/100,1,0,0,0,1,6.7,6.5,335,tvSeries,Exact (title + year),-0.2,6.7,146,-0.2,189,1,TRUE
tt8487786,1201,1204,Familiar Wife,2018,"",7.6/10,48/100,1,0,0,0,1,7.6,7.7,2017,tvSeries,Exact (title + year),0.100000000000001,7.6,623,0.100000000000001,1394,1,TRUE
tt8488330,4651,4967,Dinosaur Britain,2015,"","",14/100,0,0,1,0,1,,8.2,60,tvMiniSeries,Exact (title + year),,8.6,34,-0.4,26,1,TRUE
tt8488494,939,942,Million Pound Menu,2018,"",6.7/10,53/100,1,0,0,0,1,6.7,6.7,697,tvSeries,Exact (title + year),0,6.7,485,0,212,1,TRUE
tt8496638,3874,4142,Boarding School Juliet,2018,16+,7.1/10,48/100,0,0,1,0,1,7.1,7.3,1469,tvSeries,Exact (title + year),0.2,7.1,399,0.2,1070,1,TRUE
tt8500086,1279,1282,Victim Number 8,2018,"",7.0/10,47/100,1,0,0,0,1,7,7,2699,tvSeries,Exact (title + year),0,7,1699,0,1000,1,TRUE
tt8502324,1494,1500,Engineering Girls,2019,"",7.0/10,43/100,1,0,0,0,1,7,6.8,1658,tvSeries,"Fuzzy (title exact, year +-1)",-0.2,7,1234,-0.2,424,1,TRUE
tt8503628,4544,4848,Katsugeki/Touken Ranbu,2017,"","",17/100,0,0,1,0,1,,6.2,173,tvSeries,Exact (title + year),,6.7,53,-0.5,120,1,TRUE
tt8507402,1478,1484,On Children,2018,"",7.5/10,43/100,1,0,0,0,1,7.5,7.4,510,tvMiniSeries,Exact (title + year),-0.0999999999999996,7.5,330,-0.0999999999999996,180,1,TRUE
tt8507498,1773,1781,Monkey Twins,2018,"",7.9/10,35/100,1,0,0,0,1,7.9,8.1,102,tvSeries,Exact (title + year),0.199999999999999,7.9,78,0.199999999999999,24,1,TRUE
tt8509922,732,735,Dolly Parton's Heartstrings,2019,16+,7.6/10,57/100,1,0,0,0,1,7.6,7.6,2628,tvSeries,Exact (title + year),0,7.6,1869,0,759,1,TRUE
tt8510382,5071,5395,High School Musical: The Musical: The Series,2019,7+,7.3/10,73/100,0,0,0,1,1,7.3,7.1,9804,tvSeries,Exact (title + year),-0.2,7.3,4353,-0.2,5451,1,TRUE
tt8515016,3595,3797,Banana Fish,2018,"",8.2/10,63/100,0,0,1,0,1,8.2,8.1,12311,tvSeries,Exact (title + year),-0.0999999999999996,8.2,3083,-0.0999999999999996,9228,1,TRUE
tt8517780,1049,1052,If I Hadn't Met You,2018,"",7.7/10,51/100,1,0,0,0,1,7.7,7.5,3411,tvSeries,Exact (title + year),-0.2,7.7,1861,-0.2,1550,1,TRUE
tt8523042,562,565,Vagabond,2019,"",8.3/10,62/100,1,0,0,0,1,8.3,8.1,15139,tvSeries,Exact (title + year),-0.200000000000001,8.3,4929,-0.200000000000001,10210,1,TRUE
tt8528256,1436,1442,Dragon Pilot: Hisone and Masotan,2018,16+,6.9/10,44/100,1,0,0,0,1,6.9,6.8,711,tvMiniSeries,Exact (title + year),-0.100000000000001,6.9,428,-0.100000000000001,283,1,TRUE
tt8528314,1819,1827,"Crazy, Lovely, Cool",2018,"",7.8/10,33/100,1,0,0,0,1,7.8,8.1,37,tvSeries,Exact (title + year),0.3,7.8,22,0.3,15,1,TRUE
tt8531222,2012,2037,DAVE,2020,18+,8.3/10,82/100,0,1,0,0,1,8.3,8.2,28248,tvSeries,Exact (title + year),-0.100000000000001,8.4,11124,-0.200000000000001,17124,1,TRUE
tt8531592,1404,1409,Cricket Fever: Mumbai Indians,2019,"",7.3/10,44/100,1,0,0,0,1,7.3,7.3,784,tvMiniSeries,Exact (title + year),0,7.3,629,0,155,1,TRUE
tt8539056,4344,4643,First Civilizations,2018,"",6.8/10,33/100,0,0,1,0,1,6.8,6.9,81,tvMiniSeries,Exact (title + year),0.100000000000001,6.8,47,0.100000000000001,34,1,TRUE
tt8543390,3502,3667,Modern Love,2019,18+,8.0/10,76/100,0,0,1,0,1,8,7.9,40556,tvSeries,Exact (title + year),-0.0999999999999996,8,23266,-0.0999999999999996,17290,1,TRUE
tt8548830,1098,1101,Ad Vitam,2018,7+,6.5/10,50/100,1,0,0,0,1,6.5,6.4,1966,tvSeries,Exact (title + year),-0.0999999999999996,6.5,1373,-0.0999999999999996,593,1,TRUE
tt8560884,1528,1534,Follow This,2018,18+,4.9/10,42/100,1,0,0,0,1,4.9,5.2,766,tvSeries,Exact (title + year),0.3,4.9,661,0.3,105,1,TRUE
tt8560918,925,928,The Queen of Flow,2018,18+,7.8/10,53/100,1,0,0,0,1,7.8,7.5,2086,tvSeries,Exact (title + year),-0.3,7.9,666,-0.4,1420,1,TRUE
tt8565136,893,896,Sirius the Jaeger,2018,16+,6.8/10,54/100,1,0,0,0,1,6.8,6.7,2825,tvSeries,Exact (title + year),-0.0999999999999996,6.8,1493,-0.0999999999999996,1332,1,TRUE
tt8571650,4559,4865,Saving Ghosts,2018,"","",17/100,0,0,1,0,1,,7.3,16,tvSeries,Exact (title + year),,8.2,13,-0.9,3,1,TRUE
tt8571906,3696,3927,London Kills,2019,16+,6.7/10,55/100,0,0,1,0,1,6.7,6.8,4249,tvSeries,Exact (title + year),0.0999999999999996,6.7,1340,0.0999999999999996,2909,1,TRUE
tt8575476,1163,1166,Hache,2019,18+,6.5/10,49/100,1,0,0,0,1,6.5,6.5,2137,tvSeries,Exact (title + year),0,6.5,1308,0,829,1,TRUE
tt8577458,2163,2207,High Fidelity,2020,18+,7.7/10,72/100,0,1,0,0,1,7.7,7.7,18508,tvSeries,Exact (title + year),0,7.7,8738,0,9770,1,TRUE
tt8589128,2671,2774,Castaways,2018,7+,6.4/10,55/100,0,1,0,0,1,6.4,6.6,544,tvSeries,Exact (title + year),0.199999999999999,6.4,490,0.199999999999999,54,1,TRUE
tt8591984,1856,1864,Treehouse Detectives,2018,"",7.1/10,31/100,1,0,0,0,1,7.1,7.7,102,tvSeries,Exact (title + year),0.600000000000001,7.1,50,0.600000000000001,52,1,TRUE
tt8594028,2336,2403,Reprisal,2019,18+,7.5/10,65/100,0,1,0,0,1,7.5,7.4,5041,tvSeries,Exact (title + year),-0.0999999999999996,7.5,3657,-0.0999999999999996,1384,1,TRUE
tt8595140,2348,2417,The Conners,2018,7+,5.3/10,64/100,0,1,0,0,1,5.3,5.9,14712,tvSeries,Exact (title + year),0.600000000000001,5.3,8702,0.600000000000001,6010,1,TRUE
tt8597326,3981,4262,Pequeñas coincidencias,2018,7+,7.4/10,44/100,0,0,1,0,1,7.4,7.2,771,tvSeries,Exact (title + year),-0.2,7.4,514,-0.2,257,1,TRUE
tt8598154,5340,5688,Howie Mandel's Animals Doing Things,2018,all,3.2/10,30/100,0,0,0,1,1,3.2,4.2,84,tvSeries,Exact (title + year),1,3.2,56,1,28,1,TRUE
tt8598690,878,881,Falsa Identidad,2018,16+,7.1/10,54/100,1,0,0,0,1,7.1,7,479,tvSeries,Exact (title + original-language year),-0.0999999999999996,7.1,236,-0.0999999999999996,243,1,TRUE
tt8602408,3010,3137,Holly Hobbie,2018,7+,6.5/10,43/100,0,1,0,0,1,6.5,6.6,440,tvSeries,Exact (title + year),0.0999999999999996,6.5,149,0.0999999999999996,291,1,TRUE
tt8610082,5069,5393,Monsters at Work,2021,all,7.2/10,75/100,0,0,0,1,1,7.2,7,11016,tvSeries,Exact (title + year),-0.2,,,,,1,TRUE
tt8611524,5256,5601,Legend of the Three Caballeros,2018,all,7.8/10,45/100,0,0,0,1,1,7.8,7.6,604,tvSeries,Exact (title + year),-0.2,7.8,282,-0.2,322,1,TRUE
tt8614132,4269,4565,Zack Morris is Trash,2017,"",7.4/10,36/100,0,0,1,0,1,7.4,7.8,201,tvSeries,Exact (title + year),0.399999999999999,7.4,151,0.399999999999999,50,1,TRUE
tt8615966,1502,1508,13 Reasons Why: Beyond the Reasons,2017,18+,6.4/10,42/100,1,0,0,0,1,6.4,6.2,437,tvSeries,Exact (title + year),-0.2,6.4,253,-0.2,184,1,TRUE
tt8618456,1562,1568,Z4,2018,all,"",41/100,1,0,0,0,1,,6.7,38,tvSeries,Exact (title + year),,6.4,13,0.3,25,1,TRUE
tt8619822,2440,2525,Light as a Feather,2018,16+,6.6/10,61/100,0,1,0,0,1,6.6,6.5,4383,tvSeries,Exact (title + year),-0.0999999999999996,6.6,2996,-0.0999999999999996,1387,1,TRUE
tt8629150,3098,3229,The Weekly,2019,18+,6.6/10,40/100,0,1,0,0,1,6.6,7.1,325,tvSeries,Exact (title + year),0.5,6.6,274,0.5,51,1,TRUE
tt8633062,3515,3685,The Wilds,2020,16+,7.3/10,72/100,0,0,1,0,1,7.3,7.3,27532,tvSeries,Exact (title + year),0,7.3,11596,0,15936,1,TRUE
tt8644562,4104,4394,My Girlfriend is Shobitch,2017,"","",40/100,0,0,1,0,1,,5.7,568,tvSeries,Exact (title + year),,5.6,188,0.100000000000001,380,1,TRUE
tt8648696,2704,2809,Still 17,2018,"",7.9/10,54/100,0,1,0,0,1,7.9,7.8,4515,tvSeries,Exact (title + year),-0.100000000000001,7.8,1345,0,3170,1,TRUE
tt8649316,1309,1312,Love and Fortune,2018,"",7.0/10,46/100,1,0,0,0,1,7,7.1,838,tvSeries,Exact (title + year),0.0999999999999996,7,435,0.0999999999999996,403,1,TRUE
tt8652642,366,368,Wu Assassins,2019,18+,6.5/10,67/100,1,0,0,0,1,6.5,6.4,15644,tvSeries,Exact (title + year),-0.0999999999999996,6.4,10374,0,5270,1,TRUE
tt8655736,785,788,Monarca,2019,18+,7.9/10,56/100,1,0,0,0,1,7.9,7.8,4024,tvSeries,Exact (title + original-language year),-0.100000000000001,7.9,2705,-0.100000000000001,1319,1,TRUE
tt8660874,1683,1689,Wrong Kind of Black,2018,"",7.6/10,38/100,1,0,0,0,1,7.6,7.6,225,tvMiniSeries,Exact (title + year),0,7.6,106,0,119,1,TRUE
tt8667956,882,885,Freud,2020,18+,6.5/10,54/100,1,0,0,0,1,6.5,6.5,14241,tvSeries,Exact (title + year),0,6.5,10399,0,3842,1,TRUE
tt8673042,1364,1368,Polly Pocket,2018,7+,6.8/10,45/100,1,0,0,0,1,6.8,5.9,240,tvSeries,Exact (title + year),-0.9,6.7,77,-0.8,163,1,TRUE
tt8673610,701,704,Cells at Work!,2018,16+,7.6/10,58/100,1,0,0,0,1,7.6,7.5,3720,tvSeries,Exact (title + year),-0.0999999999999996,7.6,1757,-0.0999999999999996,1963,1,TRUE
tt8675140,3028,3155,Hitler's Last Stand,2018,16+,6.4/10,43/100,0,1,0,0,1,6.4,6.3,290,tvSeries,Exact (title + year),-0.100000000000001,6.5,95,-0.2,195,1,TRUE
tt8676618,5191,5531,Drain the Oceans,2018,7+,7.6/10,51/100,0,0,0,1,1,7.6,7.5,931,tvSeries,Exact (title + year),-0.0999999999999996,7.6,346,-0.0999999999999996,585,1,TRUE
tt8680006,2251,2307,Everything's Gonna Be Okay,2020,16+,7.3/10,68/100,0,1,0,0,1,7.3,7.5,3422,tvSeries,Exact (title + year),0.2,7.3,1945,0.2,1477,1,TRUE
tt8680560,1082,1085,Sugar Rush,2018,7+,7.0/10,51/100,1,0,0,0,1,7,7,1908,tvSeries,Exact (title + year),0,7,1265,0,643,1,TRUE
tt8680902,1249,1252,The Unsettling,2019,"",5.3/10,47/100,1,0,0,0,1,5.3,5.3,876,tvSeries,Exact (title + year),0,5.3,566,0,310,1,TRUE
tt8682948,2036,2068,The Act,2019,18+,8.0/10,79/100,0,1,0,0,1,8,7.8,43144,tvMiniSeries,Exact (title + year),-0.2,8,21173,-0.2,21971,1,TRUE
tt8685446,1637,1643,COMEDIANS of the world,2019,"",6.4/10,39/100,1,0,0,0,1,6.4,6.4,528,tvSeries,Exact (title + year),0,6.4,413,0,115,1,TRUE
tt8687584,1587,1593,The Comedy Lineup,2018,18+,5.9/10,40/100,1,0,0,0,1,5.9,6,597,tvSeries,Exact (title + year),0.0999999999999996,5.9,396,0.0999999999999996,201,1,TRUE
tt8688814,150,151,The Dragon Prince,2018,7+,8.4/10,77/100,1,0,0,0,1,8.4,8.2,31917,tvSeries,Exact (title + year),-0.200000000000001,8.4,18007,-0.200000000000001,13910,1,TRUE
tt8689470,1217,1220,Shine On with Reese,2018,"",7.7/10,48/100,1,0,0,0,1,7.7,7.4,332,tvSeries,Exact (title + year),-0.3,7.7,245,-0.3,87,1,TRUE
tt8690440,702,705,Reckoning,2019,18+,6.6/10,58/100,1,0,0,0,1,6.6,6.6,5124,tvMiniSeries,Exact (title + year),0,6.6,4022,0,1102,1,TRUE
tt8690518,403,405,The Baby-Sitters Club,2020,7+,7.4/10,66/100,1,0,1,0,1,7.4,7.3,6098,tvSeries,Exact (title + year),-0.100000000000001,7.4,2467,-0.100000000000001,3631,2,FALSE
tt8690776,288,290,Sky Rojo,2021,18+,6.5/10,70/100,1,0,0,0,1,6.5,6.6,12367,tvSeries,Exact (title + year),0.0999999999999996,6.5,6124,0.0999999999999996,6243,1,TRUE
tt8690890,511,514,Meteor Garden,2018,16+,8.1/10,63/100,1,0,0,0,1,8.1,7.8,6371,tvSeries,Exact (title + year),-0.3,8.1,3087,-0.3,3284,1,TRUE
tt8693266,745,748,Toy Boy,2019,18+,6.4/10,57/100,1,0,0,0,1,6.4,6.4,9245,tvSeries,Exact (title + year),0,6.4,5614,0,3631,1,TRUE
tt8693362,5319,5667,Bug Juice: My Adventures at Camp,2018,"",7.3/10,35/100,0,0,0,1,1,7.3,7.1,50,tvSeries,Exact (title + year),-0.2,7.3,35,-0.2,15,1,TRUE
tt8693758,1520,1526,Westside,2018,16+,6.2/10,42/100,1,0,1,0,1,6.2,6.1,178,tvSeries,Exact (title + year),-0.100000000000001,6.2,147,-0.100000000000001,31,2,FALSE
tt8694342,1812,1820,The Single Wives,2018,"",6.8/10,34/100,1,0,0,0,1,6.8,6.7,78,tvSeries,Exact (title + year),-0.0999999999999996,6.8,44,-0.0999999999999996,34,1,TRUE
tt8696458,3913,4188,Happy Sugar Life,2018,"",6.5/10,46/100,0,0,1,0,1,6.5,6.4,1120,tvSeries,Exact (title + year),-0.0999999999999996,6.5,364,-0.0999999999999996,756,1,TRUE
tt8696768,2669,2772,The Smile Has Left Your Eyes,2018,all,7.7/10,55/100,0,1,0,0,1,7.7,7.9,2424,tvSeries,Exact (title + year),0.2,7.6,769,0.300000000000001,1655,1,TRUE
tt8699270,869,872,Ultraman,2019,16+,6.9/10,54/100,1,0,0,0,1,6.9,6.7,2941,tvSeries,Exact (title + year),-0.2,6.9,1647,-0.2,1294,1,TRUE
tt8714904,81,82,Narcos: Mexico,2018,18+,8.4/10,82/100,1,0,0,0,1,8.4,8.3,102276,tvSeries,Exact (title + year),-0.0999999999999996,8.4,63771,-0.0999999999999996,38505,1,TRUE
tt8719416,4889,5208,Road Kings,2016,"","",10/100,0,0,1,0,1,,8.5,7,tvSeries,"Fuzzy (title exact, year +-1)",,8.7,7,-0.199999999999999,0,1,TRUE
tt8725166,443,445,Dark Tourist,2018,18+,7.5/10,65/100,1,0,0,0,1,7.5,7.4,8658,tvSeries,Exact (title + year),-0.0999999999999996,7.5,6360,-0.0999999999999996,2298,1,TRUE
tt8740790,120,121,Bridgerton,2020,"",7.3/10,79/100,1,0,0,0,1,7.3,7.5,231487,tvSeries,Exact (title + year),0.2,7.3,80578,0.2,150909,1,TRUE
tt8741290,3512,3682,Tales from the Loop,2020,18+,7.5/10,72/100,0,0,1,0,1,7.5,7.4,26878,tvSeries,Exact (title + year),-0.0999999999999996,7.5,15373,-0.0999999999999996,11505,1,TRUE
tt8741648,617,620,The Letter for the King,2020,7+,5.9/10,60/100,1,0,0,0,1,5.9,6,9042,tvSeries,Exact (title + year),0.0999999999999996,5.9,6499,0.0999999999999996,2543,1,TRUE
tt8746478,2244,2298,Fosse/Verdon,2019,18+,7.9/10,68/100,0,1,0,0,1,7.9,7.9,8249,tvMiniSeries,Exact (title + year),0,7.9,5221,0,3028,1,TRUE
tt8747342,1377,1381,Amazing Interiors,2018,all,6.7/10,45/100,1,0,0,0,1,6.7,6.6,941,tvSeries,Exact (title + year),-0.100000000000001,6.7,707,-0.100000000000001,234,1,TRUE
tt8747882,973,976,Switched,2018,16+,7.1/10,53/100,1,0,0,0,1,7.1,7.1,2045,tvMiniSeries,Exact (title + year),0,7.1,1174,0,871,1,TRUE
tt8750956,733,736,Arthdal Chronicles,2019,"",8.4/10,57/100,1,0,0,0,1,8.4,8.2,7226,tvSeries,Exact (title + year),-0.200000000000001,8.4,3086,-0.200000000000001,4140,1,TRUE
tt8755226,322,324,Daybreak,2019,18+,6.7/10,69/100,1,0,0,0,1,6.7,6.7,26464,tvSeries,Exact (title + year),0,6.7,16486,0,9978,1,TRUE
tt8758778,1373,1377,Smoking,2018,18+,7.5/10,45/100,1,0,0,0,1,7.5,7.3,691,tvSeries,Exact (title + year),-0.2,7.5,383,-0.2,308,1,TRUE
tt8760264,1157,1160,Nailed It! Holiday!,2018,"",7.7/10,49/100,1,0,0,0,1,7.7,7.7,1342,tvSeries,Exact (title + year),0,7.7,919,0,423,1,TRUE
tt8760304,2668,2771,Deutschland 89,2020,"",7.8/10,55/100,0,1,0,0,1,7.8,7.7,3862,tvMiniSeries,Exact (title + year),-0.0999999999999996,7.8,1922,-0.0999999999999996,1940,1,TRUE
tt8771910,435,437,Self Made: Inspired by the Life of Madam C.J. Walker,2020,18+,7.3/10,65/100,1,0,0,0,1,7.3,7.3,15335,tvMiniSeries,Exact (title + year),0,7.3,9952,0,5383,1,TRUE
tt8772088,610,613,Salt Fat Acid Heat,2018,"",7.7/10,60/100,1,0,0,0,1,7.7,7.6,3135,tvMiniSeries,Exact (title + year),-0.100000000000001,7.7,2078,-0.100000000000001,1057,1,TRUE
tt8773080,542,545,The Curious Creations of Christine McConnell,2018,7+,7.8/10,62/100,1,0,0,0,1,7.8,7.7,2749,tvSeries,Exact (title + year),-0.0999999999999996,7.8,2192,-0.0999999999999996,557,1,TRUE
tt8773338,1121,1124,Stay Here,2018,7+,7.5/10,50/100,1,0,0,0,1,7.5,7.5,1233,tvSeries,Exact (title + year),0,7.5,986,0,247,1,TRUE
tt8777690,2820,2934,Crossing Swords,2020,18+,6.6/10,50/100,0,1,0,0,1,6.6,6.8,2004,tvSeries,Exact (title + year),0.2,6.6,980,0.2,1024,1,TRUE
tt8778064,210,211,The Society,2019,18+,7.1/10,73/100,1,0,0,0,1,7.1,7.1,43043,tvSeries,Exact (title + year),0,7.1,22041,0,21002,1,TRUE
tt8784324,1286,1289,Restaurants on the Edge,2020,16+,6.8/10,47/100,1,0,0,0,1,6.8,6.8,1132,tvSeries,"Fuzzy (title exact, year +-1)",0,6.8,848,0,284,1,TRUE
tt8787802,360,362,Away,2020,16+,6.6/10,67/100,1,0,0,0,1,6.6,6.6,27200,tvSeries,Exact (title + year),0,6.6,21791,0,5409,1,TRUE
tt8788458,102,103,The Promised Neverland,2019,18+,8.5/10,81/100,1,1,0,0,1,8.5,8.1,59494,tvSeries,Exact (title + year),-0.4,8.5,27038,-0.4,32456,2,FALSE
tt8791742,1635,1641,Here to Heart,2018,7+,7.4/10,39/100,1,0,0,0,1,7.4,7.4,363,tvSeries,Exact (title + year),0,7.6,159,-0.199999999999999,204,1,TRUE
tt8792570,1320,1323,Afflicted,2018,18+,5.0/10,46/100,1,0,1,0,1,5,5.2,1249,tvSeries,Exact (title + year),0.2,5,1053,0.2,196,2,FALSE
tt8793210,3108,3239,Born Behind Bars,2017,16+,8.1/10,39/100,0,1,0,0,1,8.1,8.5,60,tvSeries,Exact (title + year),0.4,8.1,33,0.4,27,1,TRUE
tt8796068,1604,1610,Becoming Champions,2018,all,6.7/10,40/100,1,0,0,0,1,6.7,6.5,551,tvSeries,Exact (title + year),-0.2,6.7,331,-0.2,220,1,TRUE
tt8809646,521,524,College Romance,2018,18+,8.8/10,63/100,1,0,0,0,1,8.8,8.2,29903,tvSeries,Exact (title + year),-0.600000000000001,8.9,24237,-0.700000000000001,5666,1,TRUE
tt8824648,585,588,Girl from Nowhere,2018,18+,7.7/10,61/100,1,0,0,0,1,7.7,7.6,9739,tvSeries,Exact (title + year),-0.100000000000001,7.7,2276,-0.100000000000001,7463,1,TRUE
tt8826128,612,615,October Faction,2020,18+,6.2/10,60/100,1,0,0,0,1,6.2,6.2,13488,tvSeries,Exact (title + year),0,6.2,9167,0,4321,1,TRUE
tt8835780,1823,1831,Part-Time Idol,2017,7+,7.0/10,33/100,1,0,0,0,1,7,6.3,196,tvMiniSeries,Exact (title + year),-0.7,6.9,71,-0.600000000000001,125,1,TRUE
tt8855592,500,503,The Mire,2018,18+,6.9/10,63/100,1,0,0,0,1,6.9,7.1,6728,tvSeries,Exact (title + year),0.199999999999999,6.9,2869,0.199999999999999,3859,1,TRUE
tt8858472,843,846,Daniel Sloss: Live Shows,2018,18+,8.6/10,55/100,1,0,0,0,1,8.6,8.5,4445,tvMiniSeries,Exact (title + year),-0.0999999999999996,8.6,2800,-0.0999999999999996,1645,1,TRUE
tt8865016,3777,4024,Story of Yanxi Palace,2018,"",8.2/10,52/100,0,0,1,0,1,8.2,8.2,2205,tvSeries,Exact (title + year),0,8.2,842,0,1363,1,TRUE
tt8866904,1747,1755,The Judgement,2018,"",7.1/10,36/100,1,0,0,0,1,7.1,6.6,133,tvSeries,Exact (title + year),-0.5,7.1,77,-0.5,56,1,TRUE
tt8871764,1832,1840,Made in Mexico,2018,"",4.1/10,32/100,1,0,0,0,1,4.1,4,838,tvSeries,Exact (title + year),-0.0999999999999996,4.1,728,-0.0999999999999996,110,1,TRUE
tt8878862,717,720,Invisible City,2021,all,7.4/10,58/100,1,0,0,0,1,7.4,7.1,8218,tvSeries,Exact (title + year),-0.300000000000001,7.4,4433,-0.300000000000001,3785,1,TRUE
tt8879238,5214,5555,Secrets of the Zoo,2018,"",8.4/10,48/100,0,0,0,1,1,8.4,8.4,440,tvSeries,Exact (title + year),0,8.4,166,0,274,1,TRUE
tt8880894,202,203,Living with Yourself,2019,18+,7.2/10,74/100,1,0,0,0,1,7.2,7.1,37728,tvMiniSeries,Exact (title + year),-0.100000000000001,7.2,26559,-0.100000000000001,11169,1,TRUE
tt8882486,1155,1158,Dancing Queen,2018,7+,7.0/10,49/100,1,0,0,0,1,7,7.1,1743,tvSeries,Exact (title + year),0.0999999999999996,7,1392,0.0999999999999996,351,1,TRUE
tt8884276,5347,5696,Spaced Out,2019,"","",20/100,0,0,0,1,1,,6.1,14,tvMiniSeries,Exact (title + year),,,,,,1,TRUE
tt8887956,1550,1556,Death by Magic,2018,7+,6.1/10,41/100,1,0,0,0,1,6.1,6.1,791,tvSeries,Exact (title + year),0,6.1,572,0,219,1,TRUE
tt8888322,2614,2715,Bloom,2019,"",6.7/10,56/100,0,1,0,0,1,6.7,6.7,2080,tvSeries,Exact (title + year),0,6.7,1321,0,759,1,TRUE
tt8888710,1802,1810,La Ley secreta,2018,"",7.4/10,34/100,1,0,0,0,1,7.4,7,304,tvSeries,Exact (title + original-language year),-0.4,7.4,183,-0.4,121,1,TRUE
tt8891990,1330,1334,Transformers: Cyberverse,2018,7+,6.8/10,46/100,1,0,0,0,1,6.8,6.8,640,tvSeries,Exact (title + year),0,6.8,272,0,368,1,TRUE
tt8893498,1617,1623,A Taiwanese Tale of Two Cities,2018,"",6.5/10,40/100,1,0,0,0,1,6.5,6.4,192,tvSeries,Exact (title + year),-0.0999999999999996,6.5,146,-0.0999999999999996,46,1,TRUE
tt8893502,1423,1429,First and Last,2018,18+,6.7/10,44/100,1,0,0,0,1,6.7,6.7,530,tvSeries,Exact (title + year),0,6.7,356,0,174,1,TRUE
tt8893546,1676,1682,Boca Juniors Confidential,2018,all,6.4/10,38/100,1,0,0,0,1,6.4,6.3,430,tvSeries,Exact (title + year),-0.100000000000001,6.3,308,0,122,1,TRUE
tt8893550,576,579,Car Masters: Rust to Riches,2018,7+,8.8/10,61/100,1,0,0,0,1,8.8,8.2,12115,tvSeries,Exact (title + year),-0.600000000000001,8.8,8275,-0.600000000000001,3840,1,TRUE
tt8893554,1546,1552,Last Hope,2018,16+,5.8/10,41/100,1,0,0,0,1,5.8,5.7,577,tvSeries,Exact (title + year),-0.0999999999999996,5.8,378,-0.0999999999999996,199,1,TRUE
tt8893566,1465,1471,Battlefish,2018,"",7.1/10,43/100,1,0,0,0,1,7.1,7,539,tvSeries,Exact (title + year),-0.0999999999999996,7.2,358,-0.2,181,1,TRUE
tt8894324,1480,1486,Take My Brother Away,2018,all,7.1/10,43/100,1,0,0,0,1,7.1,7.2,222,tvSeries,Exact (title + year),0.100000000000001,7,138,0.2,84,1,TRUE
tt8905964,1384,1388,Brotherhood,2019,16+,7.6/10,45/100,1,0,1,0,1,7.6,7.5,2100,tvSeries,Exact (title + year),-0.0999999999999996,7.6,1054,-0.0999999999999996,1046,2,FALSE
tt8910922,2184,2233,Solar Opposites,2020,18+,8.0/10,70/100,0,1,0,0,1,8,7.9,37435,tvSeries,Exact (title + year),-0.0999999999999996,8,13866,-0.0999999999999996,23569,1,TRUE
tt8911552,348,350,Hyperdrive,2019,7+,8.1/10,67/100,1,0,1,0,1,8.1,7.9,3098,tvSeries,Exact (title + year),-0.199999999999999,8.1,2310,-0.199999999999999,788,2,FALSE
tt8912244,1251,1254,Super Drags,2018,18+,5.6/10,47/100,1,0,0,0,1,5.6,5.5,2047,tvSeries,Exact (title + year),-0.0999999999999996,5.6,1371,-0.0999999999999996,676,1,TRUE
tt8914012,1089,1092,The Last Kids on Earth,2019,7+,7.4/10,51/100,1,0,0,0,1,7.4,7.2,2384,tvSeries,Exact (title + year),-0.2,7.4,977,-0.2,1407,1,TRUE
tt8914684,631,634,Sunderland 'Til I Die,2018,18+,8.1/10,60/100,1,0,0,0,1,8.1,8.1,10394,tvSeries,Exact (title + year),0,8.1,7063,0,3331,1,TRUE
tt8917248,1191,1194,Signs,2018,18+,6.2/10,48/100,1,0,1,0,1,6.2,6.4,2380,tvSeries,Exact (title + year),0.2,6.2,1234,0.2,1146,2,FALSE
tt8923396,1094,1097,Jinn,2019,16+,3.5/10,50/100,1,0,0,0,1,3.5,3.5,10748,tvSeries,Exact (title + year),0,3.5,9605,0,1143,1,TRUE
tt8923854,168,169,Black Summer,2019,18+,6.5/10,76/100,1,0,0,0,1,6.5,6.6,38569,tvSeries,Exact (title + year),0.0999999999999996,6.4,20279,0.199999999999999,18290,1,TRUE
tt8927222,4727,5043,pocket.watch Challenge Squad,2018,"","",13/100,0,0,1,0,1,,5.6,9,tvSeries,Exact (title + year),,4.3,7,1.3,2,1,TRUE
tt8927308,3388,3521,pocket.watch Ryan Toys Review Ultimate mishmash,2018,"","",14/100,0,1,0,0,1,,3.7,38,tvSeries,Exact (title + year),,2.8,16,0.9,22,1,TRUE
tt8929906,1352,1356,In Family We Trust,2018,"",8.1/10,45/100,1,0,0,0,1,8.1,8.2,520,tvSeries,Exact (title + year),0.0999999999999996,8.1,400,0.0999999999999996,120,1,TRUE
tt8931836,1564,1570,Age of Rebellion,2018,"",8.6/10,41/100,1,0,0,0,1,8.6,8.7,77,tvSeries,Exact (title + year),0.0999999999999996,8.8,40,-0.100000000000001,37,1,TRUE
tt8946436,4604,4915,An Unknown Enemy,2018,"","",14/100,0,0,1,0,1,,7.9,728,tvSeries,Exact (title + year),,8.1,321,-0.199999999999999,407,1,TRUE
tt8959856,5181,5521,Sydney to the Max,2019,all,6.3/10,52/100,0,0,0,1,1,6.3,6.5,822,tvSeries,Exact (title + year),0.2,6.3,385,0.2,437,1,TRUE
tt8959860,1553,1559,Motown Magic,2018,all,7.7/10,41/100,1,0,0,0,1,7.7,7.9,340,tvSeries,Exact (title + year),0.2,7.7,261,0.2,79,1,TRUE
tt8961508,718,721,High Seas,2019,16+,6.8/10,58/100,1,0,0,0,1,6.8,6.8,9220,tvSeries,Exact (title + year),0,6.8,6325,0,2895,1,TRUE
tt8961530,1785,1793,Vai Anitta,2018,"",5.5/10,35/100,1,0,0,0,1,5.5,5.5,548,tvMiniSeries,Exact (title + year),0,5.5,425,0,123,1,TRUE
tt8962124,334,336,Emily in Paris,2020,18+,7.0/10,68/100,1,0,0,0,1,7,6.8,143877,tvSeries,Exact (title + year),-0.2,7,53340,-0.2,90537,1,TRUE
tt8962130,2173,2219,Shrill,2019,18+,7.4/10,71/100,0,1,0,0,1,7.4,7.4,10658,tvSeries,Exact (title + year),0,7.4,6144,0,4514,1,TRUE
tt8962394,3575,3773,Making the Cut,2020,16+,6.6/10,64/100,0,0,1,0,1,6.6,6.7,2639,tvSeries,Exact (title + year),0.100000000000001,6.6,1226,0.100000000000001,1413,1,TRUE
tt8969784,4790,5109,Another Dirty Room,2016,"","",10/100,0,0,1,0,1,,8.5,88,tvSeries,Exact (title + year),,8.4,61,0.0999999999999996,27,1,TRUE
tt8976346,937,940,Ashes of Love,2018,7+,8.4/10,53/100,1,0,0,0,1,8.4,7.9,4018,tvSeries,Exact (title + year),-0.5,8.4,1518,-0.5,2500,1,TRUE
tt8986558,4209,4505,Hackers of CypherCon,2018,"",8.6/10,37/100,0,0,1,0,1,8.6,9.1,13,tvSeries,Exact (title + year),0.5,8.6,8,0.5,5,1,TRUE
tt8987918,1375,1379,45 RPM,2019,16+,7.3/10,45/100,1,0,0,0,1,7.3,7.2,704,tvSeries,Exact (title + year),-0.0999999999999996,7.3,409,-0.0999999999999996,295,1,TRUE
tt8993398,2280,2339,Rascal Does Not Dream of Bunny Girl Senpai,2018,16+,8.2/10,67/100,0,1,0,0,1,8.2,8.1,27274,tvSeries,Exact (title + year),-0.0999999999999996,8.2,5798,-0.0999999999999996,21476,1,TRUE
tt8995604,964,967,My First First Love,2019,7+,7.5/10,53/100,1,0,0,0,1,7.5,7.4,3855,tvSeries,Exact (title + year),-0.0999999999999996,7.6,1620,-0.199999999999999,2235,1,TRUE
tt9011114,1874,1882,Stunt Science,2018,18+,5.0/10,30/100,1,0,0,0,1,5,5.1,52,tvSeries,Exact (title + year),0.0999999999999996,5,41,0.0999999999999996,11,1,TRUE
tt9012876,346,348,Firefly Lane,2021,18+,7.4/10,67/100,1,0,0,0,1,7.4,7.7,40826,tvSeries,Exact (title + year),0.3,7.5,15765,0.2,25061,1,TRUE
tt9015516,1713,1719,Memory Love,2017,"",7.8/10,37/100,1,0,0,0,1,7.8,7.8,75,tvSeries,Exact (title + year),0,7.8,56,0,19,1,TRUE
tt9015686,1820,1828,See You in Time,2017,"",7.1/10,33/100,1,0,0,0,1,7.1,7,45,tvSeries,Exact (title + year),-0.0999999999999996,7,25,0,20,1,TRUE
tt9024590,2745,2850,Nurses,2020,7+,5.7/10,52/100,0,1,0,0,1,5.7,6.2,2920,tvSeries,Exact (title + year),0.5,5.7,1423,0.5,1497,1,TRUE
tt9029006,4414,4715,Iconic Characters,2018,"",6.8/10,30/100,0,0,1,0,1,6.8,6.1,27,tvSeries,Exact (title + year),-0.7,6.8,17,-0.7,10,1,TRUE
tt9039142,870,873,No Good Nick,2019,7+,6.0/10,54/100,1,0,0,0,1,6,6.2,4386,tvSeries,Exact (title + year),0.2,6,2378,0.2,2008,1,TRUE
tt9046782,1267,1270,Yankee,2019,18+,6.0/10,47/100,1,0,0,0,1,6,5.9,1011,tvSeries,Exact (title + year),-0.0999999999999996,5.9,538,0,473,1,TRUE
tt9047526,1168,1171,FIGHTWORLD,2018,18+,7.6/10,49/100,1,0,0,0,1,7.6,7.5,1010,tvSeries,Exact (title + year),-0.0999999999999996,7.6,713,-0.0999999999999996,297,1,TRUE
tt9048368,1294,1297,The Chosen One,2019,18+,5.8/10,47/100,1,0,0,0,1,5.8,5.8,830,tvMiniSeries,Exact (title + year),0,5.7,599,0.0999999999999996,231,1,TRUE
tt9050352,828,831,The Bonfire of Destiny,2019,16+,7.7/10,55/100,1,0,0,0,1,7.7,7.6,6528,tvMiniSeries,Exact (title + year),-0.100000000000001,7.7,3579,-0.100000000000001,2949,1,TRUE
tt9050366,3862,4129,Karakuri Circus,2018,"",7.1/10,48/100,0,0,1,0,1,7.1,7,594,tvSeries,Exact (title + year),-0.0999999999999996,7.1,258,-0.0999999999999996,336,1,TRUE
tt9050480,3969,4248,IRODUKU: The World in Colors,2018,16+,7.4/10,44/100,0,0,1,0,1,7.4,7.4,1071,tvMiniSeries,Exact (title + year),0,7.3,448,0.100000000000001,623,1,TRUE
tt9055008,56,57,Evil,2019,18+,7.7/10,85/100,1,0,0,0,1,7.7,7.7,53170,tvSeries,Exact (title + year),0,7.7,13053,0,40117,1,TRUE
tt9058134,594,597,Kengan Ashura,2019,"",8.0/10,61/100,1,0,0,0,1,8,7.9,9284,tvSeries,Exact (title + year),-0.0999999999999996,8,3637,-0.0999999999999996,5647,1,TRUE
tt9059350,338,340,Warrior Nun,2020,18+,6.9/10,68/100,1,0,0,0,1,6.9,7,59542,tvSeries,Exact (title + year),0.0999999999999996,6.9,23646,0.0999999999999996,35896,1,TRUE
tt9059760,1997,2020,Normal People,2020,16+,8.5/10,83/100,0,1,0,0,1,8.5,8.4,117768,tvMiniSeries,Exact (title + year),-0.0999999999999996,8.5,45177,-0.0999999999999996,72591,1,TRUE
tt9064858,3534,3715,Them,2021,"",7.3/10,69/100,0,0,1,0,1,7.3,7.5,33355,tvSeries,Exact (title + original-language year),0.2,7.3,13083,0.2,20272,1,TRUE
tt9067020,933,936,The I-Land,2019,18+,4.6/10,53/100,1,0,0,0,1,4.6,4.7,21065,tvMiniSeries,Exact (title + year),0.100000000000001,4.6,15412,0.100000000000001,5653,1,TRUE
tt9068332,2611,2712,Bless the Harts,2019,16+,5.4/10,56/100,0,1,0,0,1,5.4,5.9,2773,tvSeries,Exact (title + year),0.5,5.4,1572,0.5,1201,1,TRUE
tt9073722,5212,5553,Marvel Rising: Initiation,2018,"",5.3/10,49/100,0,0,0,1,1,5.3,5.8,881,tvMiniSeries,Exact (title + year),0.5,5.3,409,0.5,472,1,TRUE
tt9073898,2401,2478,Duncanville,2020,16+,6.0/10,62/100,0,1,0,0,1,6,6.4,2903,tvSeries,Exact (title + year),0.4,6,1352,0.4,1551,1,TRUE
tt9073958,658,661,White Lines,2020,18+,6.6/10,59/100,1,0,0,0,1,6.6,6.6,19817,tvSeries,Exact (title + year),0,6.6,15109,0,4708,1,TRUE
tt9077184,1078,1081,Accidentally In Love,2018,7+,7.6/10,51/100,1,0,0,0,1,7.6,7.4,1580,tvSeries,Exact (title + year),-0.199999999999999,7.6,888,-0.199999999999999,692,1,TRUE
tt9077192,1092,1095,Haunted,2018,18+,4.6/10,50/100,1,0,0,0,1,4.6,4.7,3754,tvSeries,Exact (title + year),0.100000000000001,4.6,2824,0.100000000000001,930,1,TRUE
tt9077194,1462,1468,Larva Island,2018,"",6.5/10,43/100,1,0,0,0,1,6.5,6.5,665,tvSeries,Exact (title + year),0,6.4,350,0.0999999999999996,315,1,TRUE
tt9077196,1757,1765,The Degenerates,2018,18+,6.2/10,36/100,1,0,0,0,1,6.2,6.2,777,tvSeries,Exact (title + year),0,6.2,594,0,183,1,TRUE
tt9077350,1556,1562,Gormiti,2018,7+,6.0/10,41/100,1,0,0,0,1,6,5.4,250,tvSeries,Exact (title + year),-0.6,5.9,88,-0.5,162,1,TRUE
tt9077530,172,173,Virgin River,2019,16+,7.4/10,76/100,1,0,0,0,1,7.4,7.4,60289,tvSeries,Exact (title + year),0,7.5,22973,-0.0999999999999996,37316,1,TRUE
tt9077540,308,310,Sweet Magnolias,2020,16+,7.4/10,69/100,1,0,0,0,1,7.4,7.3,28675,tvSeries,Exact (title + year),-0.100000000000001,7.4,9585,-0.100000000000001,19090,1,TRUE
tt9077562,1007,1010,Hoops,2020,18+,6.0/10,52/100,1,0,0,0,1,6,6,8161,tvSeries,Exact (title + year),0,6,4673,0,3488,1,TRUE
tt9078908,895,898,Murder Mountain,2018,16+,6.9/10,54/100,1,0,0,0,1,6.9,6.8,3825,tvMiniSeries,Exact (title + year),-0.100000000000001,6.9,2654,-0.100000000000001,1171,1,TRUE
tt9080978,2986,3113,Jann,2019,"",7.1/10,44/100,0,1,0,0,1,7.1,7.4,646,tvSeries,Exact (title + year),0.300000000000001,7.1,378,0.300000000000001,268,1,TRUE
tt9084708,4156,4451,Inside the Mind of a Serial Killer,2015,"","",38/100,0,0,1,0,1,,5.7,193,tvSeries,Exact (title + year),,5.6,132,0.100000000000001,61,1,TRUE
tt9088596,3246,3378,Consumer 101,2018,all,4.5/10,30/100,0,1,0,0,1,4.5,4.6,50,tvSeries,Exact (title + year),0.0999999999999996,4.5,38,0.0999999999999996,12,1,TRUE
tt9100822,473,475,The Valhalla Murders,2019,18+,7.1/10,64/100,1,0,0,0,1,7.1,7.1,18104,tvSeries,Exact (title + year),0,7.1,9687,0,8417,1,TRUE
tt9113406,2257,2313,Wu-Tang: An American Saga,2019,18+,8.2/10,68/100,0,1,0,0,1,8.2,8.2,13299,tvSeries,Exact (title + year),0,8.2,3789,0,9510,1,TRUE
tt9114330,3357,3490,GMA Day,2018,"","",16/100,0,1,0,0,1,,3.2,208,tvSeries,Exact (title + original-language year),,3.3,146,-0.0999999999999996,62,1,TRUE
tt9117054,380,382,Spinning Out,2020,18+,7.6/10,67/100,1,0,0,0,1,7.6,7.5,19729,tvSeries,Exact (title + year),-0.0999999999999996,7.6,11445,-0.0999999999999996,8284,1,TRUE
tt9130542,838,841,Romance is a Bonus Book,2019,"",8.1/10,55/100,1,0,0,0,1,8.1,7.9,9706,tvSeries,Exact (title + year),-0.199999999999999,8.1,3516,-0.199999999999999,6190,1,TRUE
tt9132960,4327,4626,Inside Jokes,2018,16+,7.3/10,34/100,0,0,1,0,1,7.3,7.3,221,tvSeries,Exact (title + year),0,7.3,169,0,52,1,TRUE
tt9134194,381,383,Trinkets,2019,18+,7.1/10,67/100,1,0,0,0,1,7.1,7,14807,tvSeries,Exact (title + year),-0.0999999999999996,7.1,7809,-0.0999999999999996,6998,1,TRUE
tt9134666,3770,4015,Lorena,2019,18+,7.2/10,52/100,0,0,1,0,1,7.2,7.2,2795,tvMiniSeries,Exact (title + year),0,7.2,1703,0,1092,1,TRUE
tt9139220,262,263,Dracula,2020,18+,6.8/10,71/100,1,0,0,0,1,6.8,6.8,58114,tvMiniSeries,Exact (title + year),0,6.8,43109,0,15005,1,TRUE
tt9140554,5057,5376,Loki,2021,16+,8.5/10,95/100,0,0,0,1,1,8.5,8.2,479006,tvSeries,Exact (title + year),-0.300000000000001,9.1,29121,-0.9,449885,1,TRUE
tt9140560,5059,5379,WandaVision,2021,16+,8.0/10,89/100,0,0,0,1,1,8,7.9,420466,tvMiniSeries,Exact (title + year),-0.0999999999999996,8.1,180679,-0.199999999999999,239787,1,TRUE
tt9140632,2378,2452,The Great North,2021,16+,6.5/10,63/100,0,1,0,0,1,6.5,7,7546,tvSeries,Exact (title + year),0.5,6.5,1697,0.5,5849,1,TRUE
tt9145372,2557,2654,The Accident,2019,"",6.2/10,58/100,0,1,0,0,1,6.2,6.4,3284,tvSeries,Exact (title + year),0.2,6.2,1475,0.2,1809,1,TRUE
tt9145880,1022,1025,Love Alarm,2019,"",6.8/10,52/100,1,0,0,0,1,6.8,6.5,9932,tvSeries,Exact (title + year),-0.3,7.1,3522,-0.6,6410,1,TRUE
tt9151230,549,552,To the Lake,2019,"",7.3/10,62/100,1,0,0,0,1,7.3,7.2,16791,tvSeries,Exact (title + year),-0.0999999999999996,7.3,10128,-0.0999999999999996,6663,1,TRUE
tt9153270,983,986,Family Reunion,2019,7+,6.5/10,52/100,1,0,0,0,1,6.5,6.6,4115,tvSeries,Exact (title + year),0.0999999999999996,6.5,1949,0.0999999999999996,2166,1,TRUE
tt9159144,2286,2345,Dark Side of the Ring,2019,16+,8.8/10,67/100,0,1,0,0,1,8.8,8.7,4666,tvSeries,Exact (title + year),-0.100000000000001,8.8,1942,-0.100000000000001,2724,1,TRUE
tt9164986,379,381,The Baker and the Beauty,2020,16+,7.4/10,67/100,1,0,1,0,1,7.4,7.3,5151,tvSeries,Exact (title + year),-0.100000000000001,7.4,3529,-0.100000000000001,1622,2,FALSE
tt9165404,1367,1371,Archibald's Next Big Thing,2019,7+,7.8/10,45/100,1,0,0,0,1,7.8,7.5,395,tvSeries,Exact (title + year),-0.3,7.9,225,-0.4,170,1,TRUE
tt9165434,1407,1412,Rhyme Time Town,2020,all,7.5/10,44/100,1,0,0,0,1,7.5,8.1,113,tvSeries,Exact (title + year),0.6,7.6,46,0.5,67,1,TRUE
tt9165438,1313,1316,Gabby's Dollhouse,2021,all,7.1/10,46/100,1,0,0,0,1,7.1,7.1,1141,tvSeries,Exact (title + year),0,7,149,0.0999999999999996,992,1,TRUE
tt9165706,5111,5440,Gordon Ramsay: Uncharted,2019,16+,7.8/10,61/100,0,0,0,1,1,7.8,7.7,2133,tvSeries,Exact (title + year),-0.0999999999999996,7.8,870,-0.0999999999999996,1263,1,TRUE
tt9165752,2501,2594,Songland,2019,7+,8.0/10,59/100,0,1,0,0,1,8,8.1,803,tvSeries,Exact (title + year),0.0999999999999996,8,610,0.0999999999999996,193,1,TRUE
tt9165974,1762,1770,Lion Pride,2017,"",7.3/10,35/100,1,0,0,0,1,7.3,7.6,48,tvSeries,Exact (title + year),0.3,7.3,38,0.3,10,1,TRUE
tt9168904,5208,5549,BIA,2019,all,6.7/10,49/100,0,0,0,1,1,6.7,6.4,345,tvSeries,Exact (title + year),-0.3,6.7,100,-0.3,245,1,TRUE
tt9169602,1399,1404,Historical Roasts,2019,18+,5.3/10,44/100,1,0,0,0,1,5.3,5.5,1946,tvSeries,Exact (title + year),0.2,5.3,1560,0.2,386,1,TRUE
tt9170224,3875,4143,This Is Football,2019,16+,8.2/10,48/100,0,0,1,0,1,8.2,7.9,871,tvMiniSeries,Exact (title + year),-0.299999999999999,8.2,553,-0.299999999999999,318,1,TRUE
tt9170386,1534,1540,Puerta 7,2020,18+,5.7/10,42/100,1,0,0,0,1,5.7,5.6,692,tvMiniSeries,Exact (title + year),-0.100000000000001,5.7,485,-0.100000000000001,207,1,TRUE
tt9173376,4231,4527,Bulge Bracket,2020,"",5.2/10,37/100,0,0,1,0,1,5.2,5.4,184,tvSeries,Exact (title + year),0.2,5.2,142,0.2,42,1,TRUE
tt9174582,2222,2274,Brassic,2019,"",8.3/10,69/100,0,1,0,0,1,8.3,8.4,18769,tvSeries,Exact (title + year),0.0999999999999996,8.3,5099,0.0999999999999996,13670,1,TRUE
tt9177338,2957,3082,Street Outlaws: Memphis,2018,16+,6.6/10,45/100,0,1,0,0,1,6.6,6.3,147,tvSeries,Exact (title + year),-0.3,6.7,94,-0.4,53,1,TRUE
tt9181662,5259,5604,Just Roll With It,2019,7+,5.0/10,44/100,0,0,0,1,1,5,5.2,407,tvSeries,Exact (title + year),0.2,5.1,225,0.100000000000001,182,1,TRUE
tt9184592,1280,1283,The Unlisted,2019,"",6.7/10,47/100,1,0,0,0,1,6.7,6.7,1888,tvSeries,Exact (title + year),0,6.7,649,0,1239,1,TRUE
tt9184970,902,905,Skylines,2019,16+,7.6/10,54/100,1,0,0,0,1,7.6,7.5,3258,tvSeries,Exact (title + year),-0.0999999999999996,7.6,2364,-0.0999999999999996,894,1,TRUE
tt9184982,600,603,Tribes of Europa,2021,18+,6.8/10,61/100,1,0,0,0,1,6.8,6.7,15193,tvSeries,Exact (title + year),-0.0999999999999996,6.8,9549,-0.0999999999999996,5644,1,TRUE
tt9184986,547,550,Barbarians,2020,"",7.2/10,62/100,1,0,0,0,1,7.2,7.2,33662,tvSeries,Exact (title + year),0,7.2,19428,0,14234,1,TRUE
tt9184994,259,260,How to Sell Drugs Online (Fast),2019,18+,7.9/10,71/100,1,0,0,0,1,7.9,7.7,47662,tvSeries,Exact (title + year),-0.2,7.9,22168,-0.2,25494,1,TRUE
tt9185110,634,637,The A List,2018,7+,5.5/10,60/100,1,0,0,0,1,5.5,5.5,4235,tvSeries,Exact (title + year),0,5.4,1861,0.0999999999999996,2374,1,TRUE
tt9188778,3219,3351,Sean in the Wild,2017,"",7.5/10,33/100,0,1,0,0,1,7.5,7.4,22,tvSeries,Exact (title + year),-0.0999999999999996,7.5,13,-0.0999999999999996,9,1,TRUE
tt9189114,3149,3280,The Burger Show,2018,"",7.7/10,38/100,0,1,0,0,1,7.7,7.5,49,tvSeries,Exact (title + year),-0.2,7.7,27,-0.2,22,1,TRUE
tt9196244,1647,1653,Flinch,2019,7+,4.3/10,39/100,1,0,0,0,1,4.3,4.4,851,tvSeries,Exact (title + year),0.100000000000001,4.3,647,0.100000000000001,204,1,TRUE
tt9199798,492,495,Dogs,2018,all,8.1/10,63/100,1,0,0,0,1,8.1,8,1437,tvSeries,Exact (title + year),-0.0999999999999996,8.1,1050,-0.0999999999999996,387,1,TRUE
tt9203042,1258,1261,Brainchild,2018,7+,8.1/10,47/100,1,0,0,0,1,8.1,8.1,582,tvSeries,Exact (title + year),0,8.1,347,0,235,1,TRUE
tt9203064,1801,1809,Kulipari: Dream Walker,2018,all,7.6/10,34/100,1,0,0,0,1,7.6,6.7,150,tvSeries,Exact (title + year),-0.9,7.5,69,-0.8,81,1,TRUE
tt9203078,1139,1142,Bumping Mics with Jeff Ross & Dave Attell,2018,18+,7.7/10,50/100,1,0,0,0,1,7.7,7.7,1403,tvSeries,Exact (title + year),0,7.7,1051,0,352,1,TRUE
tt9206788,3131,3262,Struggle Meals,2017,"","",38/100,0,1,0,0,1,,7.8,141,tvSeries,"Fuzzy (title exact, year +-1)",,8.7,38,-0.9,103,1,TRUE
tt9208876,5060,5381,The Falcon and the Winter Soldier,2021,16+,7.4/10,86/100,0,0,0,1,1,7.4,7.1,283596,tvMiniSeries,Exact (title + year),-0.300000000000001,7.4,112698,-0.300000000000001,170898,1,TRUE
tt9214684,2395,2471,Home Economics,2021,7+,6.2/10,62/100,0,1,0,0,1,6.2,7,7153,tvSeries,Exact (title + year),0.8,6.2,1360,0.8,5793,1,TRUE
tt9218334,5014,5333,Tales of The Wild West,2017,"","",10/100,0,0,1,0,1,,6.7,21,tvSeries,Exact (title + year),,6.7,9,0,12,1,TRUE
tt9223870,2463,2551,Woke,2020,18+,6.4/10,60/100,0,1,0,0,1,6.4,6.7,3900,tvSeries,Exact (title + year),0.3,6.4,2308,0.3,1592,1,TRUE
tt9233402,4634,4948,Crimes that Made History,2017,"","",14/100,0,0,1,0,1,,6.1,94,tvSeries,"Fuzzy (title exact, year +-1)",,6.1,39,0,55,1,TRUE
tt9244556,2139,2180,Mrs. America,2020,18+,7.9/10,73/100,0,1,0,0,1,7.9,7.8,14796,tvMiniSeries,Exact (title + year),-0.100000000000001,7.9,9541,-0.100000000000001,5255,1,TRUE
tt9244578,399,401,Rise of Empires: Ottoman,2020,18+,7.9/10,66/100,1,0,0,0,1,7.9,8,47901,tvSeries,Exact (title + year),0.0999999999999996,7.9,19629,0.0999999999999996,28272,1,TRUE
tt9248538,1176,1179,Kid Cosmic,2021,7+,8.0/10,49/100,1,0,0,0,1,8,8,2075,tvSeries,Exact (title + year),0,8.1,719,-0.0999999999999996,1356,1,TRUE
tt9249090,1216,1219,Warrior,2018,"",6.7/10,48/100,1,0,0,0,1,6.7,8,30,tvSeries,Exact (title + original-language year),1.3,8,18,0,12,1,TRUE
tt9251798,190,191,Ragnarok,2020,18+,7.5/10,74/100,1,0,1,0,1,7.5,7.3,54787,tvSeries,Exact (title + year),-0.2,7.5,27927,-0.2,26860,2,FALSE
tt9253866,80,81,Our Planet,2019,all,9.3/10,82/100,1,0,0,0,1,9.3,9.2,63435,tvSeries,Exact (title + year),-0.100000000000001,9.3,35667,-0.100000000000001,27768,1,TRUE
tt9268756,1568,1574,Black Hollywood: 'They've Gotta Have Us',2018,"",7.6/10,41/100,1,0,0,0,1,7.6,7.9,353,tvMiniSeries,Exact (title + original-language year),0.300000000000001,7.6,236,0.300000000000001,117,1,TRUE
tt9277788,5334,5682,Disney Junior Music Nursery Rhymes,2017,all,6.0/10,32/100,0,0,0,1,1,6,6.4,35,tvSeries,"Fuzzy (title exact, year +-1)",0.4,6,8,0.4,27,1,TRUE
tt9278032,559,562,Rhythm + Flow,2019,18+,7.7/10,62/100,1,0,0,0,1,7.7,7.5,2154,tvSeries,Exact (title + year),-0.2,7.7,1369,-0.2,785,1,TRUE
tt9278110,2884,3005,A Very Brady Renovation,2019,"",8.1/10,48/100,0,1,0,0,1,8.1,8.3,360,tvSeries,Exact (title + year),0.200000000000001,8.1,255,0.200000000000001,105,1,TRUE
tt9278162,3049,3177,Dead By Dawn,2019,"",7.2/10,42/100,0,1,0,0,1,7.2,7.1,133,tvSeries,Exact (title + year),-0.100000000000001,7.2,100,-0.100000000000001,33,1,TRUE
tt9281190,886,889,El Dragón: Return of a Warrior,2019,18+,7.0/10,54/100,1,0,0,0,1,7,6.8,2461,tvSeries,Exact (title + year),-0.2,7,1570,-0.2,891,1,TRUE
tt9288848,627,630,Pacific Rim: The Black,2021,16+,7.1/10,60/100,1,0,0,0,1,7.1,7.1,6968,tvSeries,Exact (title + year),0,7.1,3265,0,3703,1,TRUE
tt9288860,1083,1086,Trash Truck,2020,all,8.4/10,51/100,1,0,0,0,1,8.4,8.6,1136,tvSeries,Exact (title + year),0.199999999999999,8.4,308,0.199999999999999,828,1,TRUE
tt9288892,1281,1284,Cagaster of an Insect Cage,2020,18+,6.2/10,47/100,1,0,0,0,1,6.2,6,909,tvMiniSeries,Exact (title + year),-0.2,6.2,506,-0.2,403,1,TRUE
tt9297164,5332,5680,LEGO Star Wars: All-Stars,2018,7+,6.5/10,33/100,0,0,0,1,1,6.5,6.4,568,tvSeries,Exact (title + year),-0.0999999999999996,6.5,216,-0.0999999999999996,352,1,TRUE
tt9303692,2925,3048,The First 48 Presents: Homicide Squad Atlanta,2019,16+,8.3/10,46/100,0,1,1,0,1,8.3,8.1,372,tvSeries,Exact (title + year),-0.200000000000001,8.3,202,-0.200000000000001,170,2,FALSE
tt9304186,4304,4602,Enchantimals: Tales from Everwilde,2018,all,6.6/10,35/100,0,0,1,0,1,6.6,7.3,76,tvSeries,Exact (title + year),0.7,6.9,21,0.399999999999999,55,1,TRUE
tt9304350,2291,2352,Fruits Basket,2019,7+,8.6/10,66/100,0,1,0,0,1,8.6,8.5,13810,tvSeries,Exact (title + year),-0.0999999999999996,8.5,2778,0,11032,1,TRUE
tt9307686,2332,2398,Fire Force,2019,16+,7.7/10,65/100,0,1,0,0,1,7.7,7.6,21445,tvSeries,Exact (title + year),-0.100000000000001,7.7,4245,-0.100000000000001,17200,1,TRUE
tt9308682,587,590,The Liberator,2020,7+,7.6/10,61/100,1,0,0,0,1,7.6,7.6,7595,tvMiniSeries,Exact (title + year),0,7.6,5033,0,2562,1,TRUE
tt9310330,679,682,Yasuke,2021,18+,6.2/10,59/100,1,0,0,0,1,6.2,6.2,7021,tvMiniSeries,Exact (title + year),0,6.3,3321,-0.0999999999999996,3700,1,TRUE
tt9310336,538,541,Trese,2021,18+,7.1/10,62/100,1,0,0,0,1,7.1,7,5625,tvMiniSeries,Exact (title + year),-0.0999999999999996,7.3,1146,-0.3,4479,1,TRUE
tt9310372,728,731,Typewriter,2019,18+,6.5/10,57/100,1,0,0,0,1,6.5,6.5,4641,tvSeries,Exact (title + year),0,6.5,3516,0,1125,1,TRUE
tt9310390,1020,1023,The Duchess,2020,18+,6.8/10,52/100,1,0,1,0,1,6.8,6.7,6376,tvSeries,Exact (title + year),-0.0999999999999996,6.8,4489,-0.0999999999999996,1887,2,FALSE
tt9310400,1116,1119,The Stranded,2019,18+,6.3/10,50/100,1,0,0,0,1,6.3,6.2,1623,tvSeries,Exact (title + year),-0.0999999999999996,6.3,1043,-0.0999999999999996,580,1,TRUE
tt9314996,1497,1503,Triad Princess,2019,18+,6.9/10,43/100,1,0,0,0,1,6.9,6.6,1105,tvSeries,Exact (title + year),-0.300000000000001,6.9,494,-0.300000000000001,611,1,TRUE
tt9315008,1772,1780,21 Again,2019,"",4.8/10,35/100,1,0,0,0,1,4.8,5.6,52,tvSeries,Exact (title + year),0.8,4.9,30,0.699999999999999,22,1,TRUE
tt9315054,2309,2371,NEXT,2020,16+,6.7/10,66/100,0,1,1,0,1,6.7,6.7,6431,tvSeries,Exact (title + year),0,6.7,4161,0,2270,2,FALSE
tt9315892,1929,1939,Dance & Sing with True,2018,"","",14/100,1,0,0,0,1,,5.6,13,tvSeries,Exact (title + year),,,,,,1,TRUE
tt9316002,1588,1594,Back with the Ex,2019,"",6.2/10,40/100,1,0,0,0,1,6.2,6.2,685,tvSeries,"Fuzzy (title exact, year +-1)",0,6.2,546,0,139,1,TRUE
tt9316032,1154,1157,Instant Hotel,2018,7+,7.3/10,49/100,1,0,0,0,1,7.3,7.3,1696,tvSeries,"Fuzzy (title exact, year +-1)",0,7.3,1294,0,402,1,TRUE
tt9316078,1441,1447,Hero Mask,2018,16+,6.2/10,44/100,1,0,0,0,1,6.2,6.1,859,tvSeries,Exact (title + year),-0.100000000000001,6.2,586,-0.100000000000001,273,1,TRUE
tt9322614,1654,1660,LEGO Jurassic World: The Secret Exhibit,2018,7+,6.3/10,39/100,1,0,0,0,1,6.3,6.1,401,tvMiniSeries,Exact (title + year),-0.2,6.2,204,-0.100000000000001,197,1,TRUE
tt9327242,1290,1293,Bolívar: Una lucha admirable,2019,18+,7.5/10,47/100,1,0,0,0,1,7.5,7.3,1002,tvSeries,Exact (title + year),-0.2,7.5,655,-0.2,347,1,TRUE
tt9327348,1008,1011,Crime Diaries: The Candidate,2019,18+,7.6/10,52/100,1,0,0,0,1,7.6,7.5,1007,tvSeries,Exact (title + year),-0.0999999999999996,7.6,718,-0.0999999999999996,289,1,TRUE
tt9328616,1638,1644,The Good Bandit,2019,18+,7.8/10,39/100,1,0,0,0,1,7.8,6.7,143,tvSeries,Exact (title + year),-1.1,7.8,79,-1.1,64,1,TRUE
tt9331982,5079,5403,The Imagineering Story,2019,7+,9.0/10,69/100,0,0,0,1,1,9,8.9,3719,tvMiniSeries,Exact (title + year),-0.0999999999999996,9,2443,-0.0999999999999996,1276,1,TRUE
tt9332962,1097,1100,The InBESTigators,2019,all,8.1/10,50/100,1,0,0,0,1,8.1,8.2,1744,tvSeries,Exact (title + year),0.0999999999999996,8.1,527,0.0999999999999996,1217,1,TRUE
tt9335498,35,36,Demon Slayer: Kimetsu no Yaiba,2019,18+,8.7/10,86/100,1,1,0,0,1,8.7,8.5,232698,tvSeries,Exact (title + year),-0.199999999999999,8.7,41475,-0.199999999999999,191223,2,FALSE
tt9337464,4362,4661,Handy Bean,2018,"",6.8/10,33/100,0,0,1,0,1,6.8,6.2,488,tvSeries,Exact (title + year),-0.6,6.8,147,-0.6,341,1,TRUE
tt9337588,1086,1089,Leila,2019,16+,4.8/10,51/100,1,0,0,0,1,4.8,5.1,9557,tvSeries,Exact (title + year),0.3,4.8,8130,0.3,1427,1,TRUE
tt9348692,444,446,Criminal: UK,2019,18+,7.6/10,65/100,1,0,0,0,1,7.6,7.7,23529,tvSeries,Exact (title + year),0.100000000000001,7.6,15581,0.100000000000001,7948,1,TRUE
tt9348716,508,511,Rilakkuma and Kaoru,2019,7+,8.3/10,63/100,1,0,0,0,1,8.3,8.2,2077,tvSeries,Exact (title + year),-0.100000000000001,8.4,1403,-0.200000000000001,674,1,TRUE
tt9348718,922,925,7SEEDS,2019,18+,6.4/10,53/100,1,0,0,0,1,6.4,6.3,2158,tvSeries,Exact (title + year),-0.100000000000001,6.4,1116,-0.100000000000001,1042,1,TRUE
tt9357248,5255,5599,"Mira, Royal Detective",2020,all,6.5/10,45/100,0,0,0,1,1,6.5,7.4,443,tvSeries,Exact (title + year),0.9,6.6,137,0.800000000000001,306,1,TRUE
tt9359220,744,747,Young Wallander,2020,18+,6.8/10,57/100,1,0,0,0,1,6.8,6.9,14600,tvSeries,Exact (title + year),0.100000000000001,6.8,7113,0.100000000000001,7487,1,TRUE
tt9359294,1634,1640,Hasmukh,2020,18+,5.3/10,39/100,1,0,0,0,1,5.3,5.4,2907,tvMiniSeries,Exact (title + year),0.100000000000001,5.3,2411,0.100000000000001,496,1,TRUE
tt9365182,4352,4651,Mr Swimmer,2018,"",7.4/10,33/100,0,0,1,0,1,7.4,7.1,63,tvSeries,Exact (title + year),-0.300000000000001,7.4,23,-0.300000000000001,40,1,TRUE
tt9376934,3686,3916,Wu-Tang Clan: Of Mics and Men,2019,18+,8.2/10,56/100,0,0,1,0,1,8.2,8.1,1969,tvMiniSeries,Exact (title + year),-0.0999999999999996,8.2,1284,-0.0999999999999996,685,1,TRUE
tt9381622,233,234,Special,2019,18+,7.6/10,72/100,1,0,0,0,1,7.6,7.6,10784,tvSeries,Exact (title + year),0,7.6,7580,0,3204,1,TRUE
tt9384194,1619,1625,Standup and Away! with Brian Regan,2018,16+,5.8/10,40/100,1,0,0,0,1,5.8,5.8,505,tvSeries,Exact (title + year),0,5.8,362,0,143,1,TRUE
tt9389662,4332,4631,Cam & Leon,2017,"",6.7/10,34/100,0,0,1,0,1,6.7,7.7,13,tvSeries,"Fuzzy (title exact, year +-1)",1,6.7,7,1,6,1,TRUE
tt9391692,1816,1824,Sakho & Mangane,2019,"",6.4/10,34/100,1,0,0,0,1,6.4,6.6,175,tvSeries,Exact (title + year),0.199999999999999,6.4,101,0.199999999999999,74,1,TRUE
tt9394532,4767,5085,Impossible Peace,2017,"","",13/100,0,0,1,0,1,,8.1,121,tvSeries,Exact (title + year),,8.6,29,-0.5,92,1,TRUE
tt9394860,4387,4687,Hitler's Propaganda Machine,2017,"",8.0/10,31/100,0,0,1,0,1,8,7.6,64,tvSeries,Exact (title + year),-0.4,8,11,-0.4,53,1,TRUE
tt9398466,263,264,Delhi Crime,2019,"",8.5/10,71/100,1,0,0,0,1,8.5,8.4,31008,tvSeries,Exact (title + year),-0.0999999999999996,8.5,15165,-0.0999999999999996,15843,1,TRUE
tt9401936,1011,1014,Girls Hostel,2018,7+,8.1/10,52/100,1,0,0,0,1,8.1,7.7,4365,tvSeries,Exact (title + year),-0.399999999999999,8.2,3454,-0.499999999999999,911,1,TRUE
tt9418572,2398,2474,Bless This Mess,2019,7+,6.9/10,62/100,0,1,0,0,1,6.9,7,5392,tvSeries,Exact (title + year),0.0999999999999996,6.9,3200,0.0999999999999996,2192,1,TRUE
tt9421868,699,702,Selena: The Series,2020,7+,6.8/10,58/100,1,0,0,0,1,6.8,7,5370,tvSeries,Exact (title + year),0.2,6.8,3759,0.2,1611,1,TRUE
tt9425132,279,281,Conversations with a Killer: The Ted Bundy Tapes,2019,18+,7.8/10,70/100,1,0,0,0,1,7.8,7.7,35251,tvMiniSeries,Exact (title + year),-0.0999999999999996,7.8,25206,-0.0999999999999996,10045,1,TRUE
tt9426194,924,927,Trigger Warning with Killer Mike,2019,16+,7.0/10,53/100,1,0,0,0,1,7,7.1,1346,tvSeries,Exact (title + year),0.0999999999999996,7,1190,0.0999999999999996,156,1,TRUE
tt9426272,2383,2458,Barkskins,2020,18+,7.3/10,63/100,0,1,0,0,1,7.3,7.3,2809,tvSeries,Exact (title + year),0,7.3,2046,0,763,1,TRUE
tt9426290,705,708,Queen Sono,2020,18+,5.9/10,58/100,1,0,0,0,1,5.9,6.2,1441,tvSeries,Exact (title + year),0.3,6,1042,0.2,399,1,TRUE
tt9433014,1335,1339,Abby Hatcher,2018,all,6.2/10,46/100,1,0,0,0,1,6.2,5.2,323,tvSeries,Exact (title + original-language year),-1,5.6,102,-0.399999999999999,221,1,TRUE
tt9446688,158,159,I Am Not Okay with This,2020,18+,7.5/10,77/100,1,0,0,0,1,7.5,7.5,83656,tvSeries,Exact (title + year),0,7.5,45521,0,38135,1,TRUE
tt9458304,3553,3744,Dororo,2019,18+,8.4/10,67/100,0,0,1,0,1,8.4,8.2,30388,tvSeries,Exact (title + year),-0.200000000000001,8.4,8030,-0.200000000000001,22358,1,TRUE
tt9460858,740,743,The Barrier,2020,16+,6.8/10,57/100,1,0,0,0,1,6.8,6.8,4625,tvSeries,Exact (title + year),0,6.9,2816,-0.100000000000001,1809,1,TRUE
tt9466298,1126,1129,Ghost in the Shell: SAC_2045,2020,"",6.3/10,50/100,1,0,0,0,1,6.3,6.4,3351,tvSeries,Exact (title + year),0.100000000000001,6.3,1645,0.100000000000001,1706,1,TRUE
tt9466990,1403,1408,Touch Your Heart,2019,"",7.7/10,44/100,1,0,0,0,1,7.7,7.6,6263,tvSeries,Exact (title + year),-0.100000000000001,7.7,1793,-0.100000000000001,4470,1,TRUE
tt9498102,821,824,Rust Valley Restorers,2018,16+,7.8/10,55/100,1,0,0,0,1,7.8,7.7,3694,tvSeries,Exact (title + year),-0.0999999999999996,7.8,2298,-0.0999999999999996,1396,1,TRUE
tt9516224,1733,1741,The Land of Hypocrisy,2018,"",6.5/10,37/100,1,0,0,0,1,6.5,6.4,323,tvSeries,Exact (title + year),-0.0999999999999996,6.6,118,-0.199999999999999,205,1,TRUE
tt9518312,1576,1582,The Haunted House,2016,7+,8.4/10,40/100,1,0,0,0,1,8.4,7.2,278,tvSeries,Exact (title + year),-1.2,8.4,49,-1.2,229,1,TRUE
tt9522300,2249,2303,Kaguya-sama: Love is War,2019,16+,8.4/10,68/100,0,1,0,0,1,8.4,8.5,30726,tvSeries,Exact (title + year),0.0999999999999996,8.4,6006,0.0999999999999996,24720,1,TRUE
tt9522354,1623,1629,revisions,2019,18+,6.0/10,40/100,1,0,0,0,1,6,5.9,823,tvMiniSeries,Exact (title + year),-0.0999999999999996,6.1,513,-0.199999999999999,310,1,TRUE
tt9527662,1605,1611,Bakugan: Battle Planet,2018,all,4.9/10,40/100,1,0,0,0,1,4.9,4.6,404,tvSeries,Exact (title + year),-0.300000000000001,5,173,-0.4,231,1,TRUE
tt9529810,1833,1841,Kongsuni and Friends,2017,"",4.4/10,32/100,1,0,0,0,1,4.4,4.6,45,tvSeries,Exact (title + year),0.199999999999999,4.4,19,0.199999999999999,26,1,TRUE
tt9537306,1487,1493,Possessed,2019,"",6.9/10,43/100,1,0,1,0,1,6.9,6.6,1179,tvSeries,Exact (title + year),-0.300000000000001,6.9,544,-0.300000000000001,635,2,FALSE
tt9544034,3468,3616,The Family Man,2019,16+,8.8/10,83/100,0,0,1,0,1,8.8,8.7,113402,tvSeries,Exact (title + year),-0.100000000000001,8.8,57937,-0.100000000000001,55465,1,TRUE
tt9557812,1668,1674,Transformers: Rescue Bots Academy,2019,all,6.6/10,39/100,1,0,0,0,1,6.6,5.5,197,tvSeries,Exact (title + year),-1.1,6.8,60,-1.3,137,1,TRUE
tt9561862,44,45,"Love, Death & Robots",2019,18+,8.5/10,86/100,1,0,0,0,1,8.5,8.4,231379,tvSeries,Exact (title + year),-0.0999999999999996,8.5,116702,-0.0999999999999996,114677,1,TRUE
tt9561968,1449,1455,Ingress: The Animation,2018,all,6.6/10,44/100,1,0,0,0,1,6.6,6.4,720,tvSeries,Exact (title + year),-0.199999999999999,6.6,464,-0.199999999999999,256,1,TRUE
tt9569216,4589,4900,In Search of Hidden Holy Sites,2013,"","",16/100,0,0,1,0,1,,6.6,9,tvMiniSeries,Exact (title + year),,,,,,1,TRUE
tt9569546,432,434,Halston,2021,18+,7.5/10,65/100,1,0,1,0,1,7.5,7.4,18338,tvMiniSeries,Exact (title + year),-0.0999999999999996,7.5,8406,-0.0999999999999996,9932,2,FALSE
tt9581768,282,284,The Circle,2020,18+,7.3/10,70/100,1,0,1,0,1,7.3,7.2,9363,tvSeries,Exact (title + year),-0.0999999999999996,7.3,5029,-0.0999999999999996,4334,2,FALSE
tt9584024,1243,1246,Examination of Conscience,2019,18+,7.9/10,47/100,1,0,0,0,1,7.9,7.7,525,tvMiniSeries,Exact (title + year),-0.2,7.9,363,-0.2,162,1,TRUE
tt9586376,1709,1715,Legend of Chu and Han,2012,"",8.0/10,37/100,1,0,0,0,1,8,7.6,152,tvSeries,Exact (title + year),-0.4,8.1,19,-0.5,133,1,TRUE
tt9587732,681,684,Playing with Fire,2019,18+,5.9/10,59/100,1,1,0,0,1,5.9,5.9,1315,tvSeries,Exact (title + year),0,5.9,730,0,585,2,FALSE
tt9601246,2964,3089,The Case That Haunts Me,2018,16+,7.7/10,45/100,0,1,0,0,1,7.7,7.7,347,tvSeries,Exact (title + year),0,7.8,171,-0.0999999999999996,176,1,TRUE
tt9610166,2538,2634,Housebroken,2021,16+,5.9/10,58/100,0,1,0,0,1,5.9,6.4,2464,tvSeries,Exact (title + year),0.5,5.5,321,0.9,2143,1,TRUE
tt9612516,264,265,Space Force,2020,18+,6.7/10,71/100,1,0,0,0,1,6.7,6.7,76286,tvSeries,Exact (title + year),0,6.7,48181,0,28105,1,TRUE
tt9615014,2174,2220,LEGO Masters,2020,7+,7.4/10,71/100,0,1,0,0,1,7.4,7.5,3784,tvSeries,Exact (title + year),0.0999999999999996,7.3,1311,0.2,2473,1,TRUE
tt9628244,839,842,DC Super Hero Girls,2019,7+,7.1/10,55/100,1,0,0,0,1,7.1,7.3,2145,tvSeries,Exact (title + year),0.2,7.1,867,0.2,1278,1,TRUE
tt9636800,1219,1222,Gigantosaurus,2019,all,7.2/10,48/100,1,0,0,1,1,7.2,6.7,313,tvSeries,Exact (title + year),-0.5,7.1,112,-0.399999999999999,201,2,FALSE
tt9642576,1228,1231,Regiment Diaries,2018,"",8.8/10,48/100,1,0,0,0,1,8.8,8.6,98,tvSeries,Exact (title + year),-0.200000000000001,8.8,61,-0.200000000000001,37,1,TRUE
tt9654080,1091,1094,Dating Around,2019,16+,6.3/10,50/100,1,0,0,0,1,6.3,6.4,1349,tvSeries,Exact (title + year),0.100000000000001,6.3,1064,0.100000000000001,285,1,TRUE
tt9654082,1496,1502,Larry Charles' Dangerous World of Comedy,2019,18+,7.3/10,43/100,1,0,0,0,1,7.3,7.3,670,tvSeries,Exact (title + year),0,7.3,533,0,137,1,TRUE
tt9654086,974,977,Go! Live Your Way,2019,"",7.1/10,52/100,1,0,0,0,1,7.1,6.8,1261,tvSeries,Exact (title + year),-0.3,7.1,461,-0.3,800,1,TRUE
tt9680440,3579,3779,Paatal Lok,2020,18+,7.8/10,64/100,0,0,1,0,1,7.8,8.2,75949,tvSeries,Exact (title + year),0.399999999999999,7.8,44678,0.399999999999999,31271,1,TRUE
tt9680524,877,880,Glow Up: Britain's Next Make-Up Star,2019,16+,6.7/10,54/100,1,0,0,0,1,6.7,7,3447,tvSeries,Exact (title + year),0.3,6.7,1292,0.3,2155,1,TRUE
tt9686380,2975,3100,Indebted,2020,"",4.5/10,45/100,0,1,0,0,1,4.5,4.7,1115,tvSeries,Exact (title + year),0.2,4.5,914,0.2,201,1,TRUE
tt9690302,1443,1449,The Ghost Bride,2020,18+,6.0/10,44/100,1,0,0,0,1,6,6.4,1048,tvMiniSeries,Exact (title + year),0.4,6,588,0.4,460,1,TRUE
tt9695266,5149,5482,Diary of a Future President,2020,7+,6.0/10,56/100,0,0,0,1,1,6,6.7,1573,tvSeries,Exact (title + year),0.7,6,585,0.7,988,1,TRUE
tt9698442,324,326,Behind Her Eyes,2021,18+,7.2/10,68/100,1,0,0,0,1,7.2,7.2,95493,tvMiniSeries,Exact (title + year),0,7.2,44709,0,50784,1,TRUE
tt9699148,1463,1469,44 Cats,2018,7+,6.1/10,43/100,1,0,0,0,1,6.1,5.8,397,tvSeries,Exact (title + year),-0.3,6.1,233,-0.3,164,1,TRUE
tt9708588,1679,1685,Nailed It! Mexico,2019,all,6.1/10,38/100,1,0,0,0,1,6.1,6.2,353,tvSeries,Exact (title + year),0.100000000000001,6.1,263,0.100000000000001,90,1,TRUE
tt9708598,1259,1262,Flavorful Origins,2019,all,7.8/10,47/100,1,0,0,0,1,7.8,7.6,834,tvSeries,Exact (title + year),-0.2,7.8,493,-0.2,341,1,TRUE
tt9717424,1591,1597,Team Kaylie,2019,"",4.4/10,40/100,1,0,0,0,1,4.4,4.9,547,tvSeries,Exact (title + year),0.5,4.4,251,0.5,296,1,TRUE
tt9724628,884,887,Get Even,2020,"",6.5/10,54/100,1,0,0,0,1,6.5,6.4,4076,tvSeries,Exact (title + year),-0.0999999999999996,6.5,1733,-0.0999999999999996,2343,1,TRUE
tt9731222,609,612,The Neighbor,2019,18+,6.6/10,60/100,1,0,0,0,1,6.6,6.5,2628,tvSeries,Exact (title + year),-0.0999999999999996,6.6,1842,-0.0999999999999996,786,1,TRUE
tt9731242,715,718,The Mess You Leave Behind,2020,"",6.8/10,58/100,1,0,0,0,1,6.8,6.8,12153,tvSeries,Exact (title + year),0,6.8,6935,0,5218,1,TRUE
tt9731254,1447,1453,Three Days of Christmas,2019,18+,6.8/10,44/100,1,0,0,0,1,6.8,6.7,1634,tvMiniSeries,Exact (title + year),-0.0999999999999996,6.8,1034,-0.0999999999999996,600,1,TRUE
tt9731266,1461,1467,The Idhun Chronicles,2020,16+,5.4/10,43/100,1,0,0,0,1,5.4,5.5,740,tvSeries,Exact (title + year),0.0999999999999996,5.4,445,0.0999999999999996,295,1,TRUE
tt9731288,1033,1036,Valeria,2020,18+,6.2/10,52/100,1,0,0,0,1,6.2,6.7,9674,tvSeries,Exact (title + year),0.5,6.2,3096,0.5,6578,1,TRUE
tt9741332,4472,4774,Rev & Roll,2019,"",3.8/10,26/100,0,0,1,0,1,3.8,5.1,74,tvSeries,Exact (title + year),1.3,3.7,41,1.4,33,1,TRUE
tt9770286,1037,1040,Merry Happy Whatever,2019,"",6.3/10,51/100,1,0,0,0,1,6.3,6.3,5865,tvSeries,Exact (title + year),0,6.3,3924,0,1941,1,TRUE
tt9780458,1134,1137,College Behind Bars,2019,"",8.4/10,50/100,1,0,0,0,1,8.4,8.3,324,tvSeries,Exact (title + year),-0.0999999999999996,8.4,212,-0.0999999999999996,112,1,TRUE
tt9810596,1796,1804,Lavender,2001,16+,6.6/10,34/100,1,0,0,0,1,6.6,6.8,64,tvSeries,Exact (title + year),0.2,6.6,25,0.2,39,1,TRUE
tt9811118,2260,2317,Marvel's M.O.D.O.K.,2021,18+,6.3/10,68/100,0,1,0,0,1,6.3,6.4,6746,tvSeries,"Fuzzy (prefix stripped, exact year)",0.100000000000001,6.3,2321,0.100000000000001,4425,1,TRUE
tt9814900,867,870,Trailer Park Boys: The Animated Series,2019,18+,7.5/10,55/100,1,0,0,0,1,7.5,7.5,4047,tvSeries,Exact (title + year),0,7.5,2434,0,1613,1,TRUE
tt9815454,121,122,Unorthodox,2020,18+,8.0/10,79/100,1,0,0,0,1,8,8,99481,tvMiniSeries,Exact (title + year),0,8,63323,0,36158,1,TRUE
tt9815502,976,979,Bloodride,2020,18+,6.4/10,52/100,1,0,0,0,1,6.4,6.4,4945,tvSeries,Exact (title + year),0,6.4,3020,0,1925,1,TRUE
tt9816932,3175,3306,The Posh Frock Shop,2018,"",8.4/10,36/100,0,1,0,0,1,8.4,8.7,33,tvSeries,Exact (title + year),0.299999999999999,8.3,16,0.399999999999999,17,1,TRUE
tt9817218,483,486,Losers,2019,"",7.7/10,63/100,1,0,0,0,1,7.7,7.6,2087,tvSeries,Exact (title + year),-0.100000000000001,7.7,1514,-0.100000000000001,573,1,TRUE
tt9817236,1081,1084,Shadow,2019,7+,6.6/10,51/100,1,0,0,0,1,6.6,6.6,1148,tvMiniSeries,Exact (title + year),0,6.6,845,0,303,1,TRUE
tt9817288,1782,1790,YooHoo to the Rescue,2019,all,6.6/10,35/100,1,0,0,0,1,6.6,6.5,82,tvSeries,Exact (title + year),-0.0999999999999996,6.5,41,0,41,1,TRUE
tt9817290,1624,1630,Green Door,2019,18+,6.3/10,40/100,1,0,0,0,1,6.3,6.3,163,tvMiniSeries,Exact (title + year),0,6.3,111,0,52,1,TRUE
tt9817298,866,869,Selling Sunset,2019,18+,6.3/10,55/100,1,0,0,0,1,6.3,6.5,9348,tvSeries,Exact (title + year),0.2,6.3,3557,0.2,5791,1,TRUE
tt9827854,219,220,Hollywood,2020,18+,7.5/10,73/100,1,0,0,0,1,7.5,7.5,44143,tvMiniSeries,Exact (title + year),0,7.5,31585,0,12558,1,TRUE
tt9839146,817,820,Blood & Water,2020,18+,6.4/10,56/100,1,0,0,0,1,6.4,6.7,4841,tvSeries,Exact (title + year),0.3,6.4,1992,0.3,2849,1,TRUE
tt9849210,185,186,Biohackers,2020,18+,6.8/10,75/100,1,0,0,0,1,6.8,6.8,12659,tvSeries,Exact (title + year),0,6.8,6276,0,6383,1,TRUE
tt9850952,637,640,Medical Police,2020,"",6.0/10,60/100,1,0,0,0,1,6,6.1,5022,tvSeries,Exact (title + year),0.0999999999999996,6,3664,0.0999999999999996,1358,1,TRUE
tt9852660,1053,1056,Monzón: A Knockout Blow,2019,18+,7.9/10,51/100,1,0,0,0,1,7.9,7.8,931,tvMiniSeries,Exact (title + year),-0.100000000000001,7.9,632,-0.100000000000001,299,1,TRUE
tt9854774,2835,2950,Marrying Millions,2019,"",5.0/10,49/100,0,1,0,0,1,5,5.4,230,tvSeries,Exact (title + year),0.4,5,134,0.4,96,1,TRUE
tt9874364,1807,1815,Best Lover,2016,"",6.5/10,34/100,1,0,0,0,1,6.5,5.3,119,tvSeries,Exact (title + year),-1.2,6.5,55,-1.2,64,1,TRUE
tt9879074,979,982,The Disappearance of Madeleine McCann,2019,16+,6.6/10,52/100,1,0,0,0,1,6.6,6.6,12431,tvMiniSeries,Exact (title + year),0,6.6,9087,0,3344,1,TRUE
tt9882870,1714,1720,The Perfect Match,2017,"",7.5/10,37/100,1,0,0,0,1,7.5,7.2,336,tvSeries,Exact (title + year),-0.3,7.5,123,-0.3,213,1,TRUE
tt9886950,1181,1184,Well-Intended Love,2019,"",7.3/10,49/100,1,0,0,0,1,7.3,7.1,2020,tvSeries,Exact (title + year),-0.2,7.3,1144,-0.2,876,1,TRUE
tt9892608,1883,1891,Cocomong,2008,"",4.3/10,29/100,1,0,0,0,1,4.3,6.2,26,tvSeries,Exact (title + year),1.9,3.9,8,2.3,18,1,TRUE
tt9897038,1761,1769,Chip and Potato,2018,all,6.2/10,36/100,1,0,0,0,1,6.2,6,299,tvSeries,Exact (title + year),-0.2,6.2,109,-0.2,190,1,TRUE
tt9899340,1271,1274,Her Private Life,2019,"",7.7/10,47/100,1,0,0,0,1,7.7,7.6,8999,tvSeries,Exact (title + year),-0.100000000000001,7.7,2025,-0.100000000000001,6974,1,TRUE
tt9900092,2056,2089,Motherland: Fort Salem,2020,16+,7.2/10,78/100,0,1,0,0,1,7.2,7.3,20173,tvSeries,Exact (title + year),0.0999999999999996,7.2,7944,0.0999999999999996,12229,1,TRUE
tt9905672,1684,1690,Disappearance,2018,"",7.2/10,38/100,1,0,0,0,1,7.2,7,180,tvSeries,Exact (title + year),-0.2,7.1,96,-0.0999999999999996,84,1,TRUE
tt9908860,536,539,Blown Away,2019,7+,7.1/10,62/100,1,0,0,0,1,7.1,7.2,4352,tvSeries,Exact (title + year),0.100000000000001,7.1,2359,0.100000000000001,1993,1,TRUE
